filename,name,rating,author,time,type
nytimes-1745,"Melon With Red Chili Flakes, Salt and Lime",4,Jeff Schwarz,About 10 minutes,Vegetarian
nytimes-0990,Miso and Seaweed Ramen With Egg,4,Kay Chun,30 minutes,Vegetarian
foodnetwork-0808,,,Kardea Brown Kardea Brown Kardea Brown,,Recipes
foodnetwork-0121,Beans and Legumes,,Kardea Brown Kardea Brown Kardea Brown,,Recipes
tasty-0589,Cheddar Parmesan Cauliflower Bites Cheddar Parmesan Cauliflower Bites,93,,1 hr 45 min,Chicken
tasty-0996,Cape Verde Arroz De Marisco By Kiki Canuto,90,Merle O'Neal Tasty Team,1 hr 30 min,Chicken
allrecipes-0624,"Asparagus, Cucumber, and Tomato Salad",5.0,Brenda Venable,15 mins,Main Dishes
nytimes-1762,Quiche With Herbs and Goat Cheese,5,David Tanis,"About 1 hour, with pre-made dough",Vegetarian
tasty-1383,Dominican Pasteles En Hoja As Made By Julissa Calderon,93,Crystal Hatch & Karlee Rotoly,3 hr 50 min,Chicken
tasty-1704,Chicken Cotoletta As Made By Anna O’Halloran,96,Alix Traeger & Amanda Berrill,,Chicken
nytimes-0681,Baked Fish With Mushrooms and Ginger,4,David Tanis,30 minutes,Vegetarian
foodnetwork-0409,Tequila Mussels Tequila Mussels,,Kardea Brown Kardea Brown Kardea Brown,,Recipes
foodnetwork-0676,Banana Pudding Banana Pudding Banana Pudding,,Kardea Brown Kardea Brown Kardea Brown,,Recipes
nytimes-1062,Edamame Pesto Pasta,4,Hetty Lui McKinnon,30 minutes,Vegetarian
foodnetwork-1354,,0.0,Kardea Brown Kardea Brown Kardea Brown,,Recipes
tasty-0698,Chicken Parm Bites,94,Tucker Iida,30 minutes,Chicken
nytimes-1712,"Frittata With Peas, Herbs and Feta or Parmesan",5,Martha Rose Shulman,About 30 minutes,Vegetarian
allrecipes-0318,Carrot Fritters,5.0,"Kathryn Hendrix, RDN, LD",20 mins,Main Dishes
tasty-2298,One-Pot Ginger Chicken And Rice,93,,1 hr 10 min,Chicken
tasty-0777,Classic Hummus By Alon Shaya Gochujang Carbonara Gochujang Carbonara,96,Jody Duits,27 minutes,Chicken
foodnetwork-1385,Catfish Bread Catfish Bread Catfish Bread,0.0,Kardea Brown Kardea Brown Kardea Brown,,Recipes
foodnetwork-1404,,0.0,Kardea Brown Kardea Brown Kardea Brown,,Recipes
nytimes-0175,"S’mores Brownies By Eric Kim Published June 23, 2025",4,Eric Kim,35 minutes,Vegetarian
nytimes-1880,Easy Huevos Rancheros,4,Martha Rose Shulman,Total Time About 1 hour,Vegetarian
allrecipes-1631,Slow Cooker Chicken Apple Butter Meatballs,4.0,Andrea Lobas,20 mins,Main Dishes
allrecipes-0623,"Cabbage, Potato, and Sausage Skillet",5.0,Pat Bernitt,10 mins,Main Dishes
tasty-0455,Fajita Chicken And Rice Dinner,98,Katie Aubin,1 hr 25 min,Chicken
foodnetwork-0538,Orange Ricotta Pancakes Orange Ricotta Pancakes Orange Ricotta Pancakes,,Kardea Brown Kardea Brown Kardea Brown,,Recipes
nytimes-1317,Cheese Danish Bread Pudding,4,Jerrelle Guy,4 hours,Vegetarian
tasty-0903,Vegan Tofu Bao Buns With Pickled Vegetables,93,Matthew Johnson Tasty Team,4 hr,Chicken
allrecipes-0789,Chocolate Sauce and Hot Fudge Recipes,4.9,,5 mins,Main Dishes
nytimes-0869,"Miso Roasted Salmon By Eric Kim Updated April 25, 2024",4,Eric Kim,15 minutes plus overnight marinating,Vegetarian
tasty-2364,Rosemary Sweet Potato Muffins,81,Mercedes Sandoval & Karlee Rotoly,53 minutes,Chicken
nytimes-1108,Sheet-Pan Chicken Tikka Thighs,5,Zainab Shah,1 hour,Vegetarian
nytimes-1898,Migas With Tortillas and Beans,4,Juan in a Million,10 minutes,Vegetarian
cookingclassy-0154,Homemade Buttermilk Syrup,5,,5 minutes,Breakfast
allrecipes-0763,The Best Beer Can Chicken Ever 4 Ratings,4.3,Juliana Hale,20 mins,Main Dishes
nytimes-0023,Roasted Sweet Potatoes,4,Ali Slagle,50 minutes,Vegetarian
foodnetwork-1065,Traditional S'mores Recipe,,Kardea Brown Kardea Brown Kardea Brown,,Recipes
cookingclassy-0364,Curry Chicken and Quinoa Soup,5,,15 minutes,Breakfast
foodnetwork-0796,Maple Citrus Salad Maple Citrus Salad Maple Citrus Salad,,Kardea Brown Kardea Brown Kardea Brown,,Recipes
allrecipes-0330,Miso Roasted Brussels Sprouts,,Nicole Russell,10 mins,Main Dishes
foodnetwork-0343,Ravioli alla Bobbi Ravioli alla Bobbi Ravioli alla Bobbi,,Kardea Brown Kardea Brown Kardea Brown,,Recipes
allrecipes-0647,,4.7,Diana Moutsopoulos,15 mins,Main Dishes
allrecipes-1488,Microwave Scalloped Potatoes,4.5,Trudy Glover,10 mins,Main Dishes
allrecipes-0315,Roasted Asparagus and Carrots,,By TheDailyGourmet,10 mins,Main Dishes
foodnetwork-0020,Fried Mozzarella Nuggets Fried Mozzarella Nuggets Fried Mozzarella Nuggets,,Kardea Brown Kardea Brown Kardea Brown,,Recipes
tasty-1484,Strawberry Milk,63,Devin Rogerino Tasty Team,10 minutes,Chicken
cookingclassy-0810,Black Forest Cupcakes Black Forest Cupcakes,4.94,,40 minutes,Breakfast
cookingclassy-0956,Roasted Brussels Sprouts {with Balsamic and Honey},5,,6 minutes,Breakfast
nytimes-0231,"Roasted Zucchini By Lidey Heuck Published Aug. 7, 2024",5,Lidey Heuck,30 minutes,Vegetarian
tasty-0588,One Pot Classic Ragu Lasagna,96,Tayo Ola,,Chicken
nytimes-0640,"Peach, Cucumber and Mozzarella Salad With Gochujang Vinaigrette",5,Hetty Lui McKinnon,20 minutes,Vegetarian
tasty-2483,Honey Mustard Cauliflower Bites,86,Robin Broadfoot,45 minutes,Chicken
allrecipes-0321,Air Fryer Hot Honey Glazed Carrots,,Yolanda Gutierrez,5 mins,Main Dishes
cookingclassy-0355,Chicken Nuggets,5,,20 minutes,Breakfast
foodnetwork-1084,Southern Recipes,,Kardea Brown Kardea Brown Kardea Brown,,Recipes
foodnetwork-0432,,,Kardea Brown Kardea Brown Kardea Brown,,Recipes
tasty-1601,BBQ Bacon Onion Rings BBQ Bacon Onion Rings,80,Merle O'Neal Tasty Team,50 minutes,Chicken
tasty-2167,Chicken Pot Pie by Wolfgang Puck,96,Matthew Johnson Tasty Team,10 minutes,Chicken
allrecipes-0567,Chocolate Pistachio Roll Cake,,,40 mins,Main Dishes
tasty-1891,Cheesy Zucchini Sticks Cheesy Zucchini Sticks,89,Claire Nolan,57 minutes,Chicken
tasty-1888,featured in Homemade Freeze And Bake Pockets 4 Ways,92,Camille Bergerson Tasty Team,1 hr 5 min,Chicken
allrecipes-0668,White Beand Tomato Pasta,5.0,LaDonna Langwell,15 mins,Main Dishes
tasty-0554,Vietnamese Shaking Beef,99,Matthew Johnson Tasty Team,1 hr 10 min,Chicken
nytimes-0971,,4,Rick A. Martínez,40 minutes,Vegetarian
allrecipes-1472,Asked by Mary Ellen Heinen Hoybook,4.7,Allrecipes Test Kitchen,5 mins,Main Dishes
allrecipes-0921,Mmm-Mmm Better Brownies,4.5,Allrecipes Test Kitchen,15 mins,Main Dishes
allrecipes-0076,Spinach and Leek White Bean Soup 476 Ratings,3.5,Katie Sample,15 mins,Main Dishes
allrecipes-0960,Whole milk does best for recipe. By Michele A Baumberger-Smith,4.5,Allrecipes Test Kitchen,10 mins,Main Dishes
cookingclassy-0757,Peppermint Sugar Cookies with Cream Cheese Frosting,5,,25 minutes,Breakfast
cookingclassy-0741,Easy Homemade Butterbeer Recipe {and DIY Harry Potter Party Ideas},5,,15 minutes,Breakfast
tasty-0751,Chicken Parm Bake With Roasted Broccoli,98,Hannah Williams Tasty Team,1 hr 15 min,Chicken
allrecipes-1153,Pomegranate-Maple Sparkling Rosé,,Juliana Hale,10 mins,Main Dishes
foodnetwork-0082,,,Kardea Brown Kardea Brown Kardea Brown,,Recipes
tasty-1497,Chorizo Pull Apart Bread Chorizo Pull Apart Bread,91,Katie Aubin,2 hr,Chicken
foodnetwork-1484,New Orleans-Style Barbecued Shrimp Recipe,0.0,Kardea Brown Kardea Brown Kardea Brown,,Recipes
cookingclassy-0502,Strawberry Milkshake,,,10 minutes,Breakfast
nytimes-0616,Changua (Colombian Bread and Egg Soup),4,J. Kenji López-Alt,25 minutes,Vegetarian
nytimes-1773,Kimchi Omelet With Sriracha Syrup,5,Ilene Rosen,20 minutes,Vegetarian
cookingclassy-0399,One Pan Moroccan Chicken and Couscous,4.62,,15 minutes,Breakfast
allrecipes-0093,Caldo De Res Soup Recipe,4.8,Corey Williams,20 mins,Main Dishes
allrecipes-1373,Keto Air Fryer Jalapeño Poppers 16 Ratings,,Brenda Venable,15 mins,Main Dishes
allrecipes-0286,Peach and Tomato Caprese Salad,4.8,Julie Hubert,15 mins,Main Dishes
cookingclassy-0300,Roast Turkey Recipe,5,,20 minutes,Breakfast
nytimes-0551,Balsamic Chicken Thighs With Burst Tomatoes,5,Dan Pelosi,40 minutes,Vegetarian
foodnetwork-1013,"Bacon, Bourbon and Hazelnut Cinnamon Buns Recipe",,Kardea Brown Kardea Brown Kardea Brown,,Recipes
foodnetwork-0283,Chunky Beef Chili Chunky Beef Chili Chunky Beef Chili,,Kardea Brown Kardea Brown Kardea Brown,,Recipes
tasty-0901,"Vegetarian ""Meat"" Sauce",95,Joey Firoben,35 minutes,Chicken
nytimes-1060,One-Pot Pasta With Ricotta and Lemon,4,Ali Slagle,15 minutes,Vegetarian
tasty-0907,featured in Weekday Vegan Dinner Recipes,93,Camille Bergerson Tasty Team,25 minutes,Chicken
nytimes-0079,Recipe from Lior Lev Sercarz Adapted by Melissa Clark,4,Lior Lev Sercarz,10 minutes,Vegetarian
tasty-2262,Easy To Serve Chicken Parmesan Poppers,88,,50 minutes,Chicken
allrecipes-0248,Sweet Sesame Slaw 84 Ratings,4.1,Sarah Brekke,15 mins,Main Dishes
nytimes-0875,"Coconut-Caramel Braised Tofu By Kay Chun Published Feb. 25, 2023",5,Kay Chun,20 minutes,Vegetarian
nytimes-0756,By Nargisse Benkabbou,4,Nargisse Benkabbou,About 1 hour,Vegetarian
tasty-0073,"Zesty Lime Chicken, Black Beans, And Rice",95,Matthew Johnson Tasty Team,30 minutes,Chicken
allrecipes-0765,Chicken with Creamy Sun-Dried Tomato Sauce,4.7,Adriaan Scholtz,20 mins,Main Dishes
tasty-1942,Kimchi Stew (Kimchi Jjigae),92,Matthew Johnson Tasty Team,20 hr,Chicken
allrecipes-0047,Brioche French Toast Casserole,5.0,Diana Moutsopoulos,15 mins,Main Dishes
allrecipes-0761,Greek Frittata 1 Rating Greek Frittata 1 Rating,3.0,By TheDailyGourmet,10 mins,Main Dishes
tasty-0864,Crunchy Hash Brown Breakfast Wrap Presented by Ore-Ida,97,Matt Ciampa & Kelly Paige,50 minutes,Chicken
foodnetwork-1454,One 9-inch loaf or three 5.5-inch loaves,0.0,Kardea Brown Kardea Brown Kardea Brown,,Recipes
foodnetwork-1186,,,Kardea Brown Kardea Brown Kardea Brown,,Recipes
allrecipes-0866,Simple Salmon Cakes Made with Oatmeal 11 Ratings,4.7,Submitted by Judiebug,15 mins,Main Dishes
tasty-1178,Easy Pizza Cups,95,Claire Nolan Tasty Team,40 minutes,Chicken
cookingclassy-0062,Cowboy Caviar {AKA Texas Caviar},5,,20 minutes,Breakfast
foodnetwork-0530,Pawhuska Cheese Steaks Pawhuska Cheese Steaks Pawhuska Cheese Steaks,,Kardea Brown Kardea Brown Kardea Brown,,Recipes
allrecipes-1559,Sun-Dried Tomato Hummus,4.6,Submitted by MARKCOSENZA,15 mins,Main Dishes
tasty-0599,Dr. Seuss-Inspired Red Fish/Blue Fish Dr. Seuss-Inspired Red Fish/Blue Fish,89,Isabel Castillo & Karlee Rotoly,1 hr 20 min,Chicken
cookingclassy-0866,Neapolitan Cupcakes Neapolitan Cupcakes,5,Sheryl Villasis,35 minutes,Breakfast
tasty-1960,No-Bake Eggnog Cheesecake Bars No-Bake Eggnog Cheesecake Bars,88,Tiffany Lo,15 minutes,Chicken
cookingclassy-0419,Skillet Lemon Parmesan Chicken Zucchini and Squash,4.98,,15 minutes,Breakfast
cookingclassy-0564,Chocolate Crinkle Cookies,4.95,Mrs. S. Coelho,25 minutes,Breakfast
tasty-0781,Creamy Chicken Wild Rice,92,Matthew Johnson Tasty Team,1 hr 25 min,Chicken
tasty-2391,Crispy Pub Potatoes,93,Brent Bennett & Mimo Ahmed,2 hr 20 min,Chicken
foodnetwork-0293,Cotton Candy Milkshake Cotton Candy Milkshake Cotton Candy Milkshake,,Kardea Brown Kardea Brown Kardea Brown,,Recipes
nytimes-0605,Grilled Halloumi and Zucchini With Salsa Verde,4,Lidey Heuck,65 minutes,Vegetarian
allrecipes-0637,Macaroni and Cheese Recipes Macaroni and Cheese Recipes,4.7,Sarah Brekke,30 mins,Main Dishes
foodnetwork-0013,,,Kardea Brown Kardea Brown Kardea Brown,,Recipes
foodnetwork-1273,Alien Cookie Surprise Alien Cookie Surprise Alien Cookie Surprise,0.0,Kardea Brown Kardea Brown Kardea Brown,,Recipes
foodnetwork-1769,,0.0,Kardea Brown Kardea Brown Kardea Brown,,Recipes
nytimes-1507,Pantry Crumb Cake,4,Melissa Clark,Total Time 1 hour,Vegetarian
nytimes-1171,Curry Chicken Breasts With Chickpeas and Spinach By Kay Chun,4,Kay Chun,20 minutes,Vegetarian
cookingclassy-0602,Chocolate Cake,4.99,,30 minutes,Breakfast
allrecipes-0457,Jiffy Jalapeno Cheese Cornbread Muffins,5.0,Nicole McLaughlin,5 mins,Main Dishes
nytimes-1449,,5,Claire Saffitz,"24 hours, largely unattended",Vegetarian
tasty-0988,Rainbow Cauliflower Pizza Rainbow Cauliflower Pizza,96,Nathan Ng Tasty Team,,Chicken
tasty-0762,Cheesy Chicken And Broccoli Braid,96,Presented by Campbell's,1 hr,Chicken
nytimes-1245,Sausage and Peppers Pasta With Broccoli By Kay Chun,4,Kay Chun,20 minutes,Vegetarian
tasty-2009,Bacon Jalapeño Popper Pinwheels Bacon Jalapeño Popper Pinwheels,99,Frank Tiu,1 hr 50 min,Chicken
tasty-1172,Chicken Katsu Sandwiches As Made By Hitomi’s Mom,96,Katie Aubin Tasty Team,30 minutes,Chicken
nytimes-1320,Oatmeal Chocolate Chip Muffins,4,Genevieve Ko,"35 minutes, plus cooling",Vegetarian
cookingclassy-0086,Summery Chicken Pasta Salad Summery Chicken Pasta Salad,5,,15 minutes,Breakfast
allrecipes-0360,Broccoli and Cheese Rice Casserole With Garlic Pretzel Topping,3.0,Taryn Camp,25 mins,Main Dishes
allrecipes-0586,5-Ingredient Chocolate Pretzel Bites,,LaDonna Langwell,10 mins,Main Dishes
nytimes-0059,Stir-Fried Green Beans and Scallions,5,Ali Slagle,15 minutes,Vegetarian
tasty-0639,Alvin Zhou & Alexa D'Argenio Tasty Team,95,Alvin Zhou & Alexa D'Argenio,24 minutes,Chicken
foodnetwork-2019,Anne Burrell's Braised Lamb Shanks Recipe,0.0,Kardea Brown Kardea Brown Kardea Brown,,Recipes
tasty-0347,Crispy Rolled Chicken Parma Crispy Rolled Chicken Parma,97,Tiffany Lo,50 minutes,Chicken
allrecipes-0563,No-Bake Cheesecake Recipes,,Juliana Hale,20 mins,Main Dishes
cookingclassy-1297,Roasted Garlic Mashed Potatoes,4.95,,25 minutes,Breakfast
allrecipes-0927,Spicy Turkey Gumbo,5.0,John Mitzewich,30 mins,Main Dishes
foodnetwork-1895,,,Kardea Brown Kardea Brown Kardea Brown,,Recipes
cookingclassy-1128,Simple Taco Soup,4.99,Ashley Wood,10 minutes,Breakfast
cookingclassy-1161,Refried Beans {Instant Pot or Crockpot},5,Amy Kaufman,10 minutes,Breakfast
cookingclassy-0593,Candied Pecans,4.98,,10 minutes,Breakfast
tasty-0634,Mini Corn Dogs featured in 6 Fun-Size Snacks,93,Hector Gomez,34 minutes,Chicken
tasty-2194,Tamagoyaki (Japanese Egg Omelet),96,Rie McClenny,20 minutes,Chicken
allrecipes-1426,Jerre's Black Beand Pork Tenderloin Slow Cooker Chili 539 Ratings,4.1,,15 mins,Main Dishes
nytimes-0443,"Shrimp Aguachile By Kristina Felix Published June 30, 2025",5,Kristina Felix,20 minutes,Vegetarian
foodnetwork-1715,Chicken Breast,0.0,Kardea Brown Kardea Brown Kardea Brown,,Recipes
nytimes-0096,Broiled Salmon With Mustard and Lemon,5,Melissa Clark,15 minutes,Vegetarian
tasty-1119,Vegan Tofu Bao Buns With Pickled Vegetables,96,Claire Nolan & Marissa Buie,1 hr,Chicken
nytimes-1944,Hash Browns By Pableaux Johnson,4,By Pableaux Johnson,25 minutes,Vegetarian
tasty-0459,Chicken Enchilada-Stuffed Zucchini Boats,99,Joey Firoben,38 minutes,Chicken
cookingclassy-0973,Mediterranean Grilled Cheese Sandwich Mediterranean Grilled Cheese Sandwich,4.91,,15 minutes,Breakfast
cookingclassy-0441,Quick Chicken Tikka Masala,4.41,,10 minutes,Breakfast
foodnetwork-1219,The Classic Gin Martini Recipe,,Kardea Brown Kardea Brown Kardea Brown,,Recipes
tasty-2362,Buffalo Chicken Onion Rings Buffalo Chicken Onion Rings,82,Brenda Blanco Tasty Team,55 minutes,Chicken
tasty-1740,Savory Pumpkin Hummus,83,Crystal Hatch,10 minutes 10 minutes,Chicken
allrecipes-1672,Next Up Orange and Vodka Cocktail Recipe 00:42,4.7,Allrecipes Test Kitchen,5 mins,Main Dishes
tasty-1513,Ultimate Spicy Grilled Cheese Presented by Cabot Creamery Co-operative,92,Hitomi Aihara & Amanda Berrill,20 minutes,Chicken
allrecipes-1328,Instant Pot Basic Cabbage Rolls,4.7,,20 mins,Main Dishes
cookingclassy-0640,French Silk Pie {AKA Chocolate Lovers Dream Pie},5,,40 minutes,Breakfast
tasty-0617,Garlic Mashed Sweet Potatoes,94,Merle O'Neal Tasty Team,30 minutes,Chicken
nytimes-0238,Sautéed Mushrooms,4,Ali Slagle,30 minutes,Vegetarian
cookingclassy-0791,Raspberry Freezer Jam Raspberry Freezer Jam,5,,15 minutes,Breakfast
foodnetwork-0770,Outdoor Party,,Kardea Brown Kardea Brown Kardea Brown,,Recipes
cookingclassy-0541,Easy Chocolate Cake,5,Ivy rosiette,20 minutes,Breakfast
tasty-2243,featured in Freezer-Prep Fruit Smoothies featured in Freezer-Prep Fruit Smoothies,90,Merle O'Neal Tasty Team,10 minutes,Chicken
cookingclassy-0544,Browned Butter Sweet Potato Casserole,5,,30 minutes,Breakfast
nytimes-1555,Grapefruit Crumb Cake By Melissa Clark,4,Melissa Clark,,Vegetarian
allrecipes-0708,Stuffed Peppers with Turkey and Vegetables 662 Ratings,4.5,Jeff Maloney,10 mins,Main Dishes
nytimes-1638,Baked Egg With Prosciutto and Tomato,5,Mark Bittman,15 minutes,Vegetarian
nytimes-1774,Butterscotch-Glazed Cinnamon Rolls By Melissa Clark,5,Melissa Clark,90 minutes plus rising time,Vegetarian
tasty-1710,Ham And Biscuit Pot Pie Presented by Walmart,88,Hannah Williams Tasty Team,1 hr 30 min,Chicken
tasty-0150,Penne Alla Vodka Pasta,95,Penne 4 Ways,45 minutes,Chicken
tasty-0196,featured in 5 Freezer-Friendly Dinners You Can Prep On Sunday,97,,,Chicken
allrecipes-1575,Poultry Liver Pate with Truffles,4.5,Submitted by KarenTheMiltch,25 mins,Main Dishes
tasty-2392,Salvadoran Pupusas As Made By Curly And His Abuelita,95,Rie McClenny,1 hr 10 min,Chicken
tasty-1243,,,,,
nytimes-0688,"Simplest Grilled Salmon By Sam Sifton Updated May 31, 2024",4,Sam Sifton,10 minutes,Vegetarian
tasty-0206,One-Pan Teriyaki Chicken Meal Prep,94,Crystal Hatch,35 minutes,Chicken
nytimes-0411,Baked Sweet Potato With Blue Cheese and Bacon,5,Cybelle Tondu,30 minutes,Vegetarian
allrecipes-1199,Pumpkin Oatmeal Chocolate Chip Cookies,4.7,Ken Sherer,15 mins,Main Dishes
foodnetwork-0800,Pork Pie Pork Pie Pork Pie,,Kardea Brown Kardea Brown Kardea Brown,,Recipes
foodnetwork-0367,,,Kardea Brown Kardea Brown Kardea Brown,,Recipes
allrecipes-1543,Perfect Coconut Macaroons,4.6,Russell Ratay,20 mins,Main Dishes
foodnetwork-1516,,0.0,Kardea Brown Kardea Brown Kardea Brown,,Recipes
tasty-1687,Gluten-Free Chicken Taquitos As Made By Parker Bates,95,Betsy Carter & Marissa Buie,1 hr,Chicken
nytimes-1560,Crumb Cake With Coconut-Pistachio Topping,4,Amy Emberling,"1 hour 20 minutes, plus drying time (see Note)",Vegetarian
nytimes-0661,Lemon Cream Cheese Cookies,4,Samantha Seneviratne,30 minutes,Vegetarian
allrecipes-0095,Broccoli Soup Recipes,4.6,The Allrecipes Community,10 mins,Main Dishes
foodnetwork-0290,Guido Burger Guido Burger Guido Burger,,Kardea Brown Kardea Brown Kardea Brown,,Recipes
foodnetwork-0871,,,Kardea Brown Kardea Brown Kardea Brown,,Recipes
foodnetwork-1886,,0.0,Kardea Brown Kardea Brown Kardea Brown,,Recipes
tasty-0730,Cheese-Stuffed Garlic Parmesan Pretzels,92,Claire Nolan Tasty Team,40 minutes,Chicken
tasty-1501,Jerk Chicken Lasagna Rolls Jerk Chicken Lasagna Rolls,88,Betsy Carter,2 hr 2 min,Chicken
nytimes-1450,"Vegan Pancakes By Gena Hamshaw Updated April 17, 2020",4,Gena Hamshaw,20 minutes,Vegetarian
tasty-0675,American Chili Cheese Fries American Chili Cheese Fries,96,Cozy Soups For The Fall,35 minutes,Chicken
tasty-0822,Creamy Tuscan Chicken Creamy Tuscan Chicken,96,Hannah Williams Tasty Team,10 minutes,Chicken
allrecipes-1034,"Sweet, Salty, Spicy Party Nuts",4.8,John Mitzewich,10 mins,Main Dishes
tasty-2241,Turkey & Zucchini–Stuffed Jack-o’-lantern Bell Peppers,96,Claire Nolan Tasty Team,1 hr 2 min,Chicken
foodnetwork-1286,Candy Cane Cookies Candy Cane Cookies Candy Cane Cookies,0.0,Kardea Brown Kardea Brown Kardea Brown,,Recipes
nytimes-2019,Fruit Melange (Fruet Salaad) By Craig Claiborne,4,Craig Claiborne,10 minutes,Vegetarian
foodnetwork-0019,,,Kardea Brown Kardea Brown Kardea Brown,,Recipes
cookingclassy-0207,Baked French Toast Sticks Baked French Toast Sticks,5,,10 minutes,Breakfast
tasty-0045,Teriyaki Chicken Fried Rice Dome,94,,4 hr 45 min,Chicken
tasty-1427,"Matt Ciampa, Joe Sasto & Kelly Paige Tasty Team",93,,45 minutes,Chicken
foodnetwork-0125,Brother's Bread Brother's Bread Brother's Bread,,Kardea Brown Kardea Brown Kardea Brown,,Recipes
cookingclassy-0010,Easy One-Hour Dinner Rolls,4.99,,20 minutes,Breakfast
foodnetwork-1263,,0.0,Kardea Brown Kardea Brown Kardea Brown,,Recipes
allrecipes-0119,Mediterranean Flatbread,,Pat Bernitt,15 mins,Main Dishes
tasty-0726,Creamy Tuscan Chicken Creamy Tuscan Chicken,98,Camille Bergerson Tasty Team,20 minutes,Chicken
nytimes-0385,"Cucumber Salad By Ali Slagle Published May 14, 2024",5,Ali Slagle,15 minutes,Vegetarian
nytimes-0160,"Roasted Gochujang Cabbage By Ali Slagle Published Nov. 1, 2024",5,Ali Slagle,1 hour,Vegetarian
allrecipes-0653,Pulled Chicken Shawarma Sandwich,4.5,John Mitzewich,20 mins,Main Dishes
tasty-1611,"Brent Bennett, Mimo Ahmed & Kelly Paige Tasty Team",93,Presented by Ore-Ida,30 minutes,Chicken
cookingclassy-0813,Crisp Sugar Cookies,4.88,,20 minutes,Breakfast
allrecipes-0940,Creamy Bacon Pasta Bake,4.0,Ita Mac Airt,10 mins,Main Dishes
nytimes-0841,Charred Cabbage With Miso Browned Butter,5,Andy Baraghani,30 minutes,Vegetarian
allrecipes-1513,Wart Munch Wart Munch,4.6,Corey Williams,5 mins,Main Dishes
tasty-0553,Easy Chicken Fajita Rice And Veggie Bake,98,Hitomi Aihara Tasty Team,1 hr 10 min,Chicken
nytimes-1499,Chocolate-Chip Banana Bread,5,Erin Jeanne McDowell,,Vegetarian
allrecipes-1318,Mighty Matt's Kick-Butt Chili 9 Ratings,4.7,,10 mins,Main Dishes
tasty-2220,Crispy Golden Rice Tortillas With Shrimps,82,Katie Aubin & Marissa Buie,20 minutes,Chicken
tasty-1021,25-Minute Mussels In White Wine,97,Chris Salicrup,,Chicken
tasty-1764,Roasted Tomato Basil Soup,91,Merle O'Neal Tasty Team,25 minutes,Chicken
nytimes-0449,"Pear-Almond Cake By David Tanis Updated Feb. 12, 2025",5,David Tanis,"1 hour 20 minutes, plus cooling",Vegetarian
nytimes-1512,Broiled Grapefruit With Brown Sugar and Flaky Salt,4,Melissa Clark,10 minutes,Vegetarian
allrecipes-1446,Dad's Lima Bean Soup with Ham Bone 39 Ratings,4.7,,15 mins,Main Dishes
allrecipes-0080,"Penne, Tomato, and Mozzarella Salad 134 Ratings",4.5,Helene Rose-Carson,15 mins,Main Dishes
tasty-1378,Golden Chicken Sandwich As Made By Chef Kuniko Yagi,96,Griffin Bohen-Meissner,,Chicken
tasty-2340,Bell Pepper And Kale Frittata,96,Isabel Castillo,24 minutes,Chicken
tasty-0984,Crunchy Thai Salad,90,Merle O'Neal Tasty Team,15 minutes 15 minutes 15 minutes,Chicken
foodnetwork-0911,,,Kardea Brown Kardea Brown Kardea Brown,,Recipes
allrecipes-1078,Pacific Cuban Black Beans and Rice 97 Ratings,4.0,Syndi Davis,30 mins,Main Dishes
nytimes-0603,"Spiced, Dry-Brined Mushrooms By Ashley Lonsdale Published May 12, 2025",5,Ashley Lonsdale,1 hour,Vegetarian
tasty-1912,5-Cheese Mac And Cheese,89,Brent Bennett & Rosecleer Marie,40 minutes,Chicken
allrecipes-1149,Caramel-Apple Tofu and Noodle Stir-Fry,,Juliana Hale,10 mins,Main Dishes
allrecipes-0879,"Steamed Garlic Prawns, Chinese Style 12 Ratings",4.6,Allrecipes Test Kitchen,5 mins,Main Dishes
foodnetwork-1457,,0.0,Kardea Brown Kardea Brown Kardea Brown,,Recipes
tasty-1209,Chicken and Salmon Meal Prep Chicken and Salmon Meal Prep,97,Joey Firoben,45 minutes,Chicken
nytimes-1159,"Honey-and-Soy-Glazed Chicken Thighs By Kay Chun Updated Jan. 13, 2021",4,Kay Chun,45 minutes,Vegetarian
cookingclassy-0525,Eggnog Snickerdoodles Eggnog Snickerdoodles,5,,30 minutes,Breakfast
tasty-2251,Creamy Bacon Chive Hasselback Potatoes,96,Matthew Francis Johnson Tasty Team,50 minutes,Chicken
nytimes-0240,Chile Crisp Fettuccine Alfredo With Spinach,5,Genevieve Ko,25 minutes,Vegetarian
nytimes-1307,Egg and Cheese Toasts With Salsa,5,Rick A. Martínez,30 minutes,Vegetarian
allrecipes-1057,Egg Salad Recipes,4.7,,10 mins,Main Dishes
allrecipes-1142,Creamy Curry-Spiced Chicken Pot Pie,,"Kathryn Hendrix, RDN, LD",15 mins,Main Dishes
cookingclassy-1151,Slow Cooker Chicken Tortilla Soup,4.91,,15 minutes,Breakfast
tasty-1824,Easy Mosaic Sushi,86,Matthew Johnson Tasty Team,33 minutes,Chicken
allrecipes-0088,Amish Butter and Egg Dinner Rolls 4 Ratings,4.5,elisheva h,30 mins,Main Dishes
foodnetwork-0292,White Sangria White Sangria White Sangria,,Kardea Brown Kardea Brown Kardea Brown,,Recipes
tasty-0877,5-Minute Silken Tofu Under 30 min,94,Merle O'Neal Tasty Team,30 minutes,Chicken
tasty-1795,Mushroom And Leek Risotto,86,Presented by Holland House,49 minutes,Chicken
tasty-0373,Air Fryer Chicken Parm,87,Alix Traeger,27 minutes,Chicken
foodnetwork-1716,,,Kardea Brown Kardea Brown Kardea Brown,,Recipes
foodnetwork-1376,,0.0,Kardea Brown Kardea Brown Kardea Brown,,Recipes
allrecipes-0620,Southwest Chicken Power Salad,5.0,Diana Moutsopoulos,15 mins,Main Dishes
nytimes-1945,Elaine's Scrambled Eggs By Alex Witchel,4,The Salon Keeper,10 minutes,Vegetarian
tasty-0050,One-Pot Chicken Alfredo,98,,35 minutes,Chicken
allrecipes-1372,Keto Air Fryer Jalapeño Poppers 16 Ratings,,Nicole Russell,10 mins,Main Dishes
nytimes-1784,Scrambled Eggs with Chicken Livers By Mark Bittman Watch,5,Mark Bittman,10 minutes,Vegetarian
allrecipes-1670,Classic Old Fashioned,4.7,Allrecipes Test Kitchen,5 mins,Main Dishes
cookingclassy-0915,Roasted Spaghetti Squash with Browned Butter and Parmesan,5,Mike mangiaqfico,15 minutes,Breakfast
allrecipes-0169,Grilled Veggie Skewers,4.7,Allrecipes Test Kitchen,10 mins,Main Dishes
nytimes-0598,Skillet Meatballs With Juicy Blackberries,4,Ali Slagle,30 minutes,Vegetarian
allrecipes-0747,Grilled Chicken and Peaches 2 Ratings,4.8,,15 mins,Main Dishes
tasty-0393,Alfredo Chicken Bake,98,Robert Broadfoot,55 minutes,Chicken
tasty-1363,Smashed Kefta Tacos With 50 Garlic Clove Toum,94,Evelyn Liu Tasty Team,30 minutes,Chicken
allrecipes-1071,Macaroni Salad Recipes,4.3,,20 mins,Main Dishes
allrecipes-1018,Easy Sheet Pan Beef Bulgogi,4.7,Allrecipes Test Kitchen,15 mins,Main Dishes
tasty-1139,One-Pot Rosemary Roast Chuck One-Pot Rosemary Roast Chuck,94,Tiffany Lo,40 minutes,Chicken
cookingclassy-0414,Honey Mustard Pecan-Crusted Chicken,4.86,,5 minutes,Breakfast
foodnetwork-0813,PIE CRUST PIE CRUST PIE CRUST,,Kardea Brown Kardea Brown Kardea Brown,,Recipes
allrecipes-0483,Old World Poppy Seed Roll 91 Ratings,3.0,Andrea Lobas,15 mins,Main Dishes
nytimes-0926,Smoked Gouda and Broccoli Flatbreads,4,Ali Slagle,15 minutes,Vegetarian
allrecipes-1496,Instant Pot® Red Beans and Rice with Sausage 4 Ratings,4.5,Allrecipes Member,5 mins,Main Dishes
allrecipes-0711,Grilled Chicken Under a Brick 1 Rating,4.0,France Cevallos,10 mins,Main Dishes
allrecipes-0554,These Naturally Blueberry Cookies Will Win Your Summertime Potlucks,4.0,,20 mins,Main Dishes
cookingclassy-1201,Bean Soup {Tuscan Style} Bean Soup {Tuscan Style},4.85,,15 minutes,Breakfast
nytimes-0618,Recipe from Aiko Cascio Adapted by Ligaya Mishan,4,Aiko Cascio,25 minutes,Vegetarian
tasty-0291,Hidden Veggie Chicken & Rice,98,Claire Nolan Tasty Team,55 minutes,Chicken
tasty-0122,featured in 7 Pasta Recipes For All Pasta Lovers,97,Claire Nolan Tasty Team,55 minutes,Chicken
tasty-1765,Chicken Tikka Masala Rice Bites Presented by Deep Indian Kitchen,79,Betsy Carter & Andrew Pollock,1 hr 40 min,Chicken
tasty-2064,Block Party Ribs By Marcus Samuelsson,85,Ivan Diaz,3 hr 20 min,Chicken
tasty-0244,featured in 5 Healthy & Hearty Fall Soups,97,Merle O'Neal Tasty Team,50 minutes,Chicken
allrecipes-0092,Hot Dogs and Corn Dogs Recipes,4.7,Allrecipes Test Kitchen,20 mins,Main Dishes
nytimes-1404,Kimchi Cheddar Biscuits,4,Bryan Washington,"55 minutes, plus chilling",Vegetarian
tasty-2374,Gluten-Free Crispy Fried Shallots,93,Kiano Moju,,Chicken
nytimes-1533,Avocado Toast Recipe from Giles Russell Adapted by Julia Moskin,4,Giles Russell,5 minutes,Vegetarian
tasty-0312,Cheesy Eggplant Roll-Ups Cheesy Eggplant Roll-Ups Cheesy Eggplant Roll-Ups,95,Gwenaelle Le Cochennec,1 hr 40 min,Chicken
foodnetwork-0747,Rozita W.,,Kardea Brown Kardea Brown Kardea Brown,,Recipes
nytimes-1518,Bacon Cornbread With Cheddar and Scallions By Klancy Miller,4,Klancy Miller,,Vegetarian
foodnetwork-1523,Lettuce Recipes Main Dish Low-Carb Gluten Free Lettuce Recipes,0.0,Kardea Brown Kardea Brown Kardea Brown,,Recipes
nytimes-0979,Winter Squash and Rice Soup with Pancetta,4,Christian Reynoso,40 minutes,Vegetarian
allrecipes-0743,"Air Fryer Zucchini, Yellow Squash, and Onion 5 Ratings",4.0,Brenda Venable,15 mins,Main Dishes
allrecipes-0267,"Celebrate Summer with Watermelon, Feta, and Mint Salad",4.3,Pat Bernitt,15 mins,Main Dishes
foodnetwork-1727,,0.0,Kardea Brown Kardea Brown Kardea Brown,,Recipes
tasty-0503,Paprika Herb Roasted Carrots,95,Merle O'Neal,40 minutes,Chicken
tasty-2132,Eric A Serrato,96,Betsy Carter,28 minutes,Chicken
cookingclassy-0328,Chicken Pot Pie with Biscuits,5,,25 minutes,Breakfast
tasty-1614,Buffalo Cauliflower Tacos Buffalo Cauliflower Tacos,88,Rachel Gaewski Tasty Team,45 minutes,Chicken
foodnetwork-0982,"labauve February 6, 2025 labauve",,Kardea Brown Kardea Brown Kardea Brown,,Recipes
nytimes-0275,Miso-Butter Chicken With Grapefruit,5,Ali Slagle,40 minutes,Vegetarian
cookingclassy-0380,Garlic Lemon and Parmesan Oven Roasted Zucchini,5,,20 minutes,Breakfast
nytimes-1117,"Melissa Clark, Lan Hing Riggin",4,,45 minutes,Vegetarian
allrecipes-0509,Big Batch Freezer Margaritas,,France Cevallos,5 mins,Main Dishes
tasty-1064,Crunchy Chili Chickpeas,89,Isabel Castillo & Karlee Rotoly,1 hr 10 min,Chicken
allrecipes-1561,Fresh Applesauce 150 Ratings,4.4,,30 mins,Main Dishes
allrecipes-1277,Stuffed Mushrooms with Spinach 261 Ratings,4.7,Angie Gorkoff,25 mins,Main Dishes
foodnetwork-0021,,,Kardea Brown Kardea Brown Kardea Brown,,Recipes
tasty-0758,Low-Carb Cauliflower Hot Mac 'N' Cheese,93,Griffin Bohen-Meissner,,Chicken
allrecipes-1483,Quick and Easy Grilled Potatoes,4.8,Corey Williams,5 mins,Main Dishes
foodnetwork-0455,Traditional Poundcake Traditional Poundcake Traditional Poundcake,,Kardea Brown Kardea Brown Kardea Brown,,Recipes
cookingclassy-0132,Garlic Lemon and Parmesan Roasted Brussels Sprouts,5,,10 minutes,Breakfast
cookingclassy-0037,Classic Macaroni Salad,4.86,,15 minutes,Breakfast
tasty-1485,American Burger “Juicy Lucy” Under 30 min,98,Alvin Zhou & Alexa D'Argenio,24 minutes,Chicken
tasty-2304,Strawberry Ginger Beet Smoothie,85,Joey Firoben,10 minutes,Chicken
tasty-0575,Sesame Chicken Cauliflower Fried Rice,94,Alvin Zhou,35 minutes,Chicken
cookingclassy-0691,Molten Chocolate Lava Cakes Molten Chocolate Lava Cakes,4.95,,20 minutes,Breakfast
nytimes-0288,Sheet-Pan Feta With Chickpeas and Tomatoes,5,Ali Slagle,40 minutes,Vegetarian
tasty-1542,Chicken Parmesan As Made By Chris Nasatrini,95,,50 minutes,Chicken
foodnetwork-0634,,,Kardea Brown Kardea Brown Kardea Brown,,Recipes
foodnetwork-1093,Red Tangy Slaw Red Tangy Slaw Red Tangy Slaw,,Kardea Brown Kardea Brown Kardea Brown,,Recipes
cookingclassy-0669,Sweet Potato Ham and Corn Chowder,5,,20 minutes,Breakfast
allrecipes-0265,Potato Salad with Beans and Yogurt Dressing,,Pat Bernitt,15 mins,Main Dishes
cookingclassy-0981,Lemon Butter Green Beans with Cranberries Walnuts and Feta,4.67,,10 minutes,Breakfast
tasty-1804,Spaghetti Squash Casserole Spaghetti Squash Casserole,90,,50 minutes,Chicken
nytimes-0610,Tinned Fish Hand Rolls,5,Ali Slagle,45 minutes,Vegetarian
nytimes-0200,"Basil-Butter Pasta By Ali Slagle Updated Oct. 11, 2023",4,Ali Slagle,40 minutes,Vegetarian
foodnetwork-0583,"GAGRIT June 25, 2012",,Kardea Brown Kardea Brown Kardea Brown,,Recipes
tasty-0469,Sweet And Sour Pork Sweet And Sour Pork,88,,35 minutes,Chicken
tasty-1536,Farro Lentil Salad Under 30 min,85,Ivanna Lopez Guajardo,15 minutes,Chicken
foodnetwork-1111,,,Kardea Brown Kardea Brown Kardea Brown,,Recipes
tasty-0443,Chef JJ’s Plantain Nachos Chef JJ’s Plantain Nachos,97,Rachel Gaewski Tasty Team,15 minutes,Chicken
allrecipes-0730,One-Pan Cheeseburger Rice,4.9,Nicole McLaughlin,5 mins,Main Dishes
nytimes-0844,Roasted Red Pepper and Feta Cornbread,5,Lidey Heuck,50 minutes,Vegetarian
tasty-1080,Lemon Garlic Slow Cook Chicken,91,5 Hearty Slow Cooker Recipes,4 hr 30 min,Chicken
foodnetwork-0123,Animal Cookies Animal Cookies Animal Cookies,,Kardea Brown Kardea Brown Kardea Brown,,Recipes
foodnetwork-1160,Shimmering Star Shortbread Shimmering Star Shortbread,,Kardea Brown Kardea Brown Kardea Brown,,Recipes
tasty-1940,Smoky BBQ Black Bean Burger Smoky BBQ Black Bean Burger,89,,53 minutes,Chicken
cookingclassy-0023,Roasted Cabbage Steaks,5,,10 minutes,Breakfast
nytimes-0921,Pasta With Kale Pesto and Roasted Butternut Squash,5,Melissa Clark,45 minutes,Vegetarian
nytimes-0954,Cream of Spinach Soup,5,Mark Bittman,30 minutes,Vegetarian
tasty-0088,Chicken Fajita Quesadilla,99,Claire Nolan Tasty Team,30 minutes,Chicken
tasty-1762,Momma’s Seafood Stuffing As Made By David Osei,95,Claire Nolan Tasty Team,2 hr 2 min,Chicken
allrecipes-1175,Hawaiian-Inspired Watergate Salad 2 Ratings,4.0,"Kathryn Hendrix, RDN, LD",10 mins,Main Dishes
allrecipes-1393,Classic Country Green Beans Classic Country Green Beans,,France Cevallos,12 mins,Main Dishes
tasty-1914,Flatbread Pizza With Pesto And Burrata,98,Nichi Hoskins,20 minutes,Chicken
foodnetwork-1501,Golden Summer Prawns Golden Summer Prawns,0.0,Kardea Brown Kardea Brown Kardea Brown,,Recipes
nytimes-0329,Creamy White Beans With Pecorino and Pancetta,5,Sarah DiGregorio,15 minutes,Vegetarian
foodnetwork-1880,Camping Soup Camping Soup,0.0,Kardea Brown Kardea Brown Kardea Brown,,Recipes
allrecipes-0582,No-Bake Chocolate Pistachio Cheesecake Bars,5.0,,30 mins,Main Dishes
allrecipes-0914,Cream Cheese Squares,4.7,,10 mins,Main Dishes
tasty-0862,Chicken Tikka Masala Rice Bites Presented by Deep Indian Kitchen,88,Recipe by thereciperebel.com,2 hr 40 min,Chicken
tasty-0056,Creamy Lemon Butter Chicken,97,,50 minutes,Chicken
foodnetwork-2126,Oatmeal Latte Oatmeal Latte Oatmeal Latte,0.0,Kardea Brown Kardea Brown Kardea Brown,,Recipes
tasty-0713,Spinach Pesto Pasta,96,Hitomi Aihara Tasty Team,45 minutes,Chicken
tasty-0804,Overnight Oats Smoothie Hack,90,Crystal Hatch,,Chicken
allrecipes-1068,"Submitted by Linette Gall Kalbach Updated on November 25, 2024",4.5,Linette Gall Kalbach,20 mins,Main Dishes
foodnetwork-0333,Cola Cake Cola Cake Cola Cake,,Kardea Brown Kardea Brown Kardea Brown,,Recipes
allrecipes-0592,Caramel Shortbread Squares 900 Ratings,1.0,"Kathryn Hendrix, RDN, LD",25 mins,Main Dishes
nytimes-1444,Pain au Chocolat,5,Claire Saffitz,"About 4 hours, largely unattended",Vegetarian
foodnetwork-0571,"HeatKab February 7, 2012",,Kardea Brown Kardea Brown Kardea Brown,,Recipes
foodnetwork-1434,Bacon-Wrapped Bread Sticks rated 5.0 of 5 stars 2,0.0,Kardea Brown Kardea Brown Kardea Brown,,Recipes
tasty-1044,Steak Fajitas Skewers,95,,45 minutes,Chicken
tasty-0094,Low-Carb Mediterranean Chicken And Tomato By Kevin Curry,99,Chris Rosa & Kevin Curry,30 minutes,Chicken
tasty-2163,Halloween Buffalo Chicken Skillet Dip Halloween Buffalo Chicken Skillet Dip,93,Betsy Carter & Andrew Pollock,45 minutes,Chicken
foodnetwork-0410,,,Kardea Brown Kardea Brown Kardea Brown,,Recipes
nytimes-1603,"Charred Tomatoes With Egg, Anchovies and Bread Crumbs",4,David Tanis,30 minutes,Vegetarian
allrecipes-1010,Sheet Pan Salmon and Bell Pepper Dinner 37 Ratings,4.8,Allrecipes Test Kitchen,"0 seconds of 1 minute, 1 second",Main Dishes
tasty-0187,Habanero Hot Sauce Habanero Hot Sauce,97,Rachel Gaewski Tasty Team,1 hr 40 min,Chicken
tasty-0998,featured in Five Hearty Casseroles You Can Prep On Sunday,90,Claire Nolan Tasty Team,55 minutes,Chicken
nytimes-1380,"Romesco Egg Salad By Ali Slagle Published March 28, 2023",4,Ali Slagle,25 minutes,Vegetarian
cookingclassy-1160,Pulled Pork Recipe (Slow Cooker),4.85,,10 minutes,Breakfast
cookingclassy-0667,Glazed Lemon Sour Cream Cookies,5,,30 minutes,Breakfast
nytimes-0434,Slow-Roasted Chicken With Garlicky Green Beans and Sage,4,Ali Slagle,,Vegetarian
nytimes-1261,Hummus By Mark Bittman,5,Mark Bittman,15 minutes with precooked chickpeas,Vegetarian
tasty-1024,Pulled Eggplant BBQ,78,Gwenaelle Le Cochennec,1 hr 55 min,Chicken
nytimes-0150,"Cheddar-Roasted Broccoli By Ali Slagle Published March 1, 2024",4,Ali Slagle,40 minutes,Vegetarian
tasty-2216,featured in 5 Juicy Corn Recipes To Beat The Summer,93,Dhruv Vohra,,Chicken
nytimes-1661,Whole Wheat Focaccia with Peppers and Eggplant,4,Martha Rose Shulman,"30 minutes active preparation, and 3⅓ hours for rising and baking",Vegetarian
allrecipes-1527,"The Best Vegetarian Chili in the World 2,295 Ratings",4.6,,20 mins,Main Dishes
allrecipes-1224,Muffuletta Sandwich 70 Ratings,4.6,,15 mins,Main Dishes
foodnetwork-0559,Pizza with Smoked Salmon and Caviar Recipe,,Kardea Brown Kardea Brown Kardea Brown,,Recipes
tasty-0905,Seafood Casserole As Made By Betsy’s Gammy,96,,55 minutes,Chicken
foodnetwork-0155,Vidalia Onion Pie Vidalia Onion Pie Vidalia Onion Pie,,Kardea Brown Kardea Brown Kardea Brown,,Recipes
foodnetwork-1396,,0.0,Kardea Brown Kardea Brown Kardea Brown,,Recipes
nytimes-0332,Creamy Peach Sorbet With Raspberries,4,David Tanis,"35 minutes, plus at least 4 hours’ chilling",Vegetarian
tasty-0695,Cheesy Eggplant Pizza Cheesy Eggplant Pizza,98,Merle O'Neal,55 minutes,Chicken
cookingclassy-0937,Fiesta Rice Recipe,4.75,Lin Trembath,20 minutes,Breakfast
allrecipes-1417,Keto Pulled Pork for the Slow Cooker,4.4,,20 mins,Main Dishes
tasty-1670,Teriyaki Chicken Cauliflower Rice Bowl,88,Joey Firoben Tasty Team,20 minutes,Chicken
cookingclassy-0254,Baked Nutella Doughnuts with Nutella Glaze,4.88,Miriam Prima,40 minutes,Breakfast
foodnetwork-0262,,,Kardea Brown Kardea Brown Kardea Brown,,Recipes
nytimes-1717,Banana Wild Blueberry Smoothie With Chia Seeds,5,Martha Rose Shulman,,Vegetarian
cookingclassy-0680,Soft Frosted Maple Cinnamon Sugar Cookies,5,,30 minutes,Breakfast
cookingclassy-0298,Chicken Cordon Bleu,4.94,,30 minutes,Breakfast
nytimes-1078,Linguine With Asparagus Pesto By Florence Fabricant,4,Florence Fabricant,40 minutes,Vegetarian
tasty-1145,Chicken Pot Pie Domes Chicken Pot Pie Domes,79,Crystal Hatch & Karlee Rotoly,,Chicken
allrecipes-0700,Slow Cooker Blackberry Pork Tenderloin 114 Ratings,4.6,Allrecipes Test Kitchen,10 mins,Main Dishes
cookingclassy-0032,Caprese Chicken (with Avocado),5,,20 minutes,Breakfast
nytimes-0868,Tempeh Stock By Mark Bittman,4,Mark Bittman,15 minutes,Vegetarian
allrecipes-0106,Photos of Authentic Russian Salad 'Olivye',4.7,Photo by Jokaley 09/19/2016,30 mins,Main Dishes
nytimes-1053,Curry Udon,4,Hetty Lui McKinnon,40 minutes,Vegetarian
tasty-1880,Baked Sweet Potato Fries Baked Sweet Potato Fries,75,Merle O'Neal Tasty Team,50 minutes,Chicken
allrecipes-1615,Cast Iron Buttermilk Biscuits,4.5,,25 mins,Main Dishes
allrecipes-1400,Instant Pot Cheesecake with Sour Cream Topping 2 Ratings,4.2,Shauna James Ahern,30 mins,Main Dishes
foodnetwork-1605,Cinnamon Bun Sundae Cinnamon Bun Sundae,0.0,Kardea Brown Kardea Brown Kardea Brown,,Recipes
nytimes-1530,Maple-Cardamom Saffron Sticky Buns By Yotam Ottolenghi,5,Yotam Ottolenghi,,Vegetarian
nytimes-1727,Master Recipe for Biscuits and Scones,4,Heather Bertinetti,30 minutes,Vegetarian
foodnetwork-0899,Fall Sangria Fall Sangria Fall Sangria,,Kardea Brown Kardea Brown Kardea Brown,,Recipes
tasty-1895,Salmon With Pesto Veggie Noodles By Wolfgang Puck,94,Kiano Moju Tasty Team,30 minutes,Chicken
tasty-1297,Vegan Mac ‘N’ Cheese In A Mug,71,Rachel Gaewski,8 minutes,Chicken
nytimes-1584,,4,Melissa Clark,5 minutes,Vegetarian
cookingclassy-1211,Goulash Soup – Beef and Tomato Macaroni Soup,4.94,,15 minutes,Breakfast
allrecipes-0416,Next Up Chef John's Avgolemono Soup 07:13,4.6,John Mitzewich,30 mins,Main Dishes
allrecipes-1595,Amazing Passover Chocolate Toffee Matzo 21 Ratings,4.2,Allrecipes Test Kitchen,5 mins,Main Dishes
foodnetwork-0953,,,Kardea Brown Kardea Brown Kardea Brown,,Recipes
allrecipes-0212,Cheesy Pickle Pigs in a Blanket,,Natalie Gravois,20 mins,Main Dishes
tasty-1403,Meatloaf Layered Cake Meatloaf Layered Cake,90,Katie Aubin,1 hr,Chicken
tasty-1703,Central & South American,96,Isabel Castillo,20 minutes 20 minutes,Chicken
nytimes-1330,"Butternut Squash Sambar By Naz Deravian Published Nov. 5, 2024",4,Naz Deravian,1 hour 35 minutes,Vegetarian
tasty-1947,Cheese-Stuffed Tater Tots,88,,35 minutes,Chicken
nytimes-0149,"Rhubarb Roasted Salmon By Melissa Clark Updated Oct. 12, 2023",5,Melissa Clark,25 minutes,Vegetarian
foodnetwork-1328,Homemade Yeast Rolls Homemade Yeast Rolls Homemade Yeast Rolls,,Kardea Brown Kardea Brown Kardea Brown,,Recipes
allrecipes-0965,Two-Ingredient Garlic Knots Arugula-Fennel Salad Balsamic Grilled Zucchini,4.8,John Chandler,30 mins,Main Dishes
tasty-1579,Cinnamon And Sugar Pita Chips,93,Merle O'Neal Tasty Team,22 minutes,Chicken
tasty-1373,Pumpkin Curry Soup Pumpkin Curry Soup,97,Merle O'Neal Tasty Team,50 minutes,Chicken
tasty-0335,Whole Wheat Sandwich Bread Whole Wheat Sandwich Bread,92,Jordan Ballantine Tasty Team,20 minutes,Chicken
nytimes-0233,Red Enchilada Sauce,4,Ron Salisbury,30 minutes,Vegetarian
allrecipes-1144,Cranberry-Orange Curd Tart 8 Ratings Cranberry-Orange Curd Tart 8 Ratings,,Juliana Hale,20 mins,Main Dishes
foodnetwork-0639,Pepperoni Pizza Bites with Homemade Marinara...,,Kardea Brown Kardea Brown Kardea Brown,,Recipes
nytimes-2034,"Scrambled Eggs, With Smoked Salmon in Brioche By Moira Hodgson",4,Moira Hodgson,15 minutes,Vegetarian
allrecipes-0107,Parmesan-Basil Ground Chicken Burgers 6 Ratings,4.8,Corey Williams,10 mins,Main Dishes
tasty-0702,Shrimp And Crispy Grits Shrimp And Crispy Grits,92,Joey Firoben,25 minutes,Chicken
foodnetwork-0214,,,Kardea Brown Kardea Brown Kardea Brown,,Recipes
allrecipes-1002,Sheet Pan Roasted Vegetables,4.4,Submitted by JRCROSBY31,30 mins,Main Dishes
cookingclassy-0704,Peppermint Meltaway Cookies,4.27,,30 minutes,Breakfast
nytimes-0217,"Silky Scrambled Eggs With Pancetta, Pepper and Pecorino",4,Melissa Clark,15 minutes,Vegetarian
allrecipes-0447,Cranberry-Orange Shortbread Cookies with Apricots 5 Ratings,5.0,Pat Bernitt,15 mins,Main Dishes
cookingclassy-0608,Tres Leches Cake,4.93,,25 minutes,Breakfast
tasty-0128,Curry Fried Rice As Made By Liz Murphy,94,Rachel Gaewski,25 minutes,Chicken
foodnetwork-0012,"jefiner96 July 4, 2007",,Kardea Brown Kardea Brown Kardea Brown,,Recipes
tasty-2459,Vegan BBQ Jackfruit Pizza,85,Rachel Gaewski Tasty Team,,Chicken
allrecipes-1112,"Mom's Best Peanut Brittle 1,348 Ratings",4.5,Corey Williams,10 mins,Main Dishes
allrecipes-0764,20-Minute Shrimp Fajitas Sheet Pan Dinner 6 Ratings,5.0,Brenda Venable,25 mins,Main Dishes
foodnetwork-2119,Saag Paneer Saag Paneer Saag Paneer,,Kardea Brown Kardea Brown Kardea Brown,,Recipes
tasty-0131,Parchment Garlic Butter Salmon,97,,40 minutes,Chicken
nytimes-0951,Red Lentil Soup,5,Melissa Clark,45 minutes,Vegetarian
cookingclassy-1212,Balsamic and Honey Pulled Pork Sandwiches,5,Sue Parker-Heyes,15 minutes,Breakfast
foodnetwork-1287,,,Kardea Brown Kardea Brown Kardea Brown,,Recipes
nytimes-1331,"Sweet Corn Tamales By Kristina Felix Published Sept. 13, 2024",5,Kristina Felix,Total Time About 1 hour and 45 minutes Prep Time 5 minutes Cook Time 1 hour and ,Vegetarian
nytimes-0751,"Vanilla Bundt Cake By Yossy Arefi Updated July 19, 2024",5,Yossy Arefi,2 hours,Vegetarian
nytimes-0250,By Melissa Knific,4,Melissa Knific,10 minutes,Vegetarian
allrecipes-0518,Big Batch Limoncello Basil Spritz,,Juliana Hale,5 mins,Main Dishes
foodnetwork-0948,,,Kardea Brown Kardea Brown Kardea Brown,,Recipes
foodnetwork-1928,,0.0,Kardea Brown Kardea Brown Kardea Brown,,Recipes
tasty-0435,Garlic Bread Bruschetta,99,Hector Gomez Tasty Team,30 minutes,Chicken
allrecipes-0239,Awesome Blossom Onion Bites,4.8,John Mitzewich,15 mins,Main Dishes
nytimes-0633,Mushroom and Egg Donburi,5,Ali Slagle,30 minutes,Vegetarian
foodnetwork-1068,,,Kardea Brown Kardea Brown Kardea Brown,,Recipes
nytimes-1626,Pineapple and Millet Smoothie By Martha Rose Shulman,4,Martha Rose Shulman,Time: 5-10 minutes,Vegetarian
nytimes-1253,Pasta With Green Beans and Almond Gremolata By Colu Henry,5,By Colu Henry,30 minutes,Vegetarian
allrecipes-0222,Grilled Pork Tenderloins with Mango-Pineapple Salsa,,Brenda Venable,25 mins,Main Dishes
nytimes-0646,Veal Chops in Cherry-Pepper Sauce By Sam Sifton,4,Sam Sifton,45 minutes,Vegetarian
nytimes-0382,Sheet-Pan Roasted Mushrooms and Spinach,4,Millie Peartree,25 minutes,Vegetarian
cookingclassy-0257,Gingerbread Doughnut Muffins,5,,20 minutes,Breakfast
tasty-2355,Brazilian Chicken Croquettes (Coxinha),89,Robin Broadfoot,50 minutes,Chicken
tasty-1096,Chili Cheese Mac 'n' Cheese,93,Julie Klink,25 minutes,Chicken
foodnetwork-1590,Peanut Butter Snowmen Peanut Butter Snowmen Peanut Butter Snowmen,0.0,Kardea Brown Kardea Brown Kardea Brown,,Recipes
cookingclassy-0031,Mango Salsa {with Avocado!},5,,15 minutes,Breakfast
foodnetwork-0969,,,Kardea Brown Kardea Brown Kardea Brown,,Recipes
cookingclassy-1242,Cornbread Stuffing Cornbread Stuffing Cornbread Stuffing,5,,10 minutes,Breakfast
allrecipes-1162,Salted Pretzel Church Window Cookies,5.0,Linda Brewer,25 mins,Main Dishes
allrecipes-0131,Sheet Pan Black Pepper Tofu and Broccoli,4.3,Chef Mo,10 mins,Main Dishes
cookingclassy-0416,Chicken Fajita Rice Bowl (One Pan),5,,20 minutes,Breakfast
tasty-2212,Spinach Artichoke Pull-Apart Bread Bowl,98,Kiano Moju,40 minutes,Chicken
foodnetwork-1538,Sour Cherry Strudel Sour Cherry Strudel Sour Cherry Strudel,,Kardea Brown Kardea Brown Kardea Brown,,Recipes
foodnetwork-1700,Cherry Crumble Cherry Crumble Cherry Crumble,,Kardea Brown Kardea Brown Kardea Brown,,Recipes
tasty-2097,Creamy Tuscan Chicken Creamy Tuscan Chicken,83,Frank Tiu,35 minutes,Chicken
tasty-1816,Black Power Hummus By Tanya Fields Under 30 min,96,Joey Firoben,15 minutes,Chicken
nytimes-1480,Menemen (Turkish Scrambled Eggs With Tomato) By Joan Nathan,4,Joan Nathan,25 minutes,Vegetarian
tasty-1354,Roasted Eggplant Curry Roasted Eggplant Curry,95,Rachel Gaewski Tasty Team,18 minutes,Chicken
allrecipes-0908,Seven Layer Bars,4.7,P. Tindall,15 mins,Main Dishes
cookingclassy-0020,Arugula Salad,,A. Cole,,Breakfast
allrecipes-1297,Instant Pot Pumpkin Quinoa Porridge,5.0,,5 mins,Main Dishes
nytimes-1198,"Sheet-Pan Chicken With Apple, Fennel and Onion By Colu Henry",5,Colu Henry,40 minutes,Vegetarian
cookingclassy-0543,Sugar Cookies,4.73,R. Odom,15 minutes,Breakfast
allrecipes-1430,Best Instant Pot Chicken Tortilla Soup,4.8,Allison Guerrero,25 mins,Main Dishes
cookingclassy-0390,Jerk Chicken with Mango Avocado Salsa and Coconut Rice,5,Rayana Stephens,15 minutes,Breakfast
cookingclassy-1175,Pork Carnitas {Instant Pot or Slow Cooker},5,,10 minutes,Breakfast
nytimes-0026,Simple Guacamole,4,Eric Kim,10 minutes,Vegetarian
allrecipes-1617,Spotted Dog Irish Bread 14 Ratings,4.6,Canadian Girl,10 mins,Main Dishes
allrecipes-1665,Clover Club,5.0,Submitted by Juliana Hale,5 mins,Main Dishes
cookingclassy-0406,Slow Cooker Creamy Tomato Basil Tortellini Soup,4.65,,15 minutes,Breakfast
allrecipes-0353,Pistachio Pesto Pasta with Shrimp,5.0,By TheDailyGourmet,15 mins,Main Dishes
foodnetwork-0295,Clam Bake Recipe,,Kardea Brown Kardea Brown Kardea Brown,,Recipes
nytimes-0496,"Roasted Pumpkin Seeds By Ali Slagle Updated Dec. 16, 2024",4,Ali Slagle,40 minutes,Vegetarian
foodnetwork-0856,Campfire Foil Pack Hash Brown and Chorizo...,,Kardea Brown Kardea Brown Kardea Brown,,Recipes
nytimes-1891,Crisp Pork With Scrambled Eggs and Yellow Chives,4,Amanda Hesser,20 minutes,Vegetarian
allrecipes-0474,Banana Chocolate Chip Muffins,4.8,Lois Gordon,10 mins,Main Dishes
nytimes-2010,"Pumpkin-Walnut Muffins By Craig Claiborne Updated Oct. 12, 2023",4,Craig Claiborne,50 minutes,Vegetarian
cookingclassy-0596,Meringue Cookies,5,,25 minutes,Breakfast
cookingclassy-0375,Lemon Pepper Chicken Lemon Pepper Chicken,4.98,,15 minutes,Breakfast
nytimes-0031,Apple Galette,5,Samantha Seneviratne,"2 hours, plus cooling",Vegetarian
foodnetwork-0708,Mini Bundt Volcano Cakes Mini Bundt Volcano Cakes,,Kardea Brown Kardea Brown Kardea Brown,,Recipes
nytimes-1273,5-Minute Hummus,4,Michael Solomonov Steven Cook,5 minutes,Vegetarian
foodnetwork-0780,"gurleyfish May 31, 2021",,Kardea Brown Kardea Brown Kardea Brown,,Recipes
tasty-1328,How To Make Crispy Tempura At Home,84,,4 hr 20 min,Chicken
tasty-1250,Gluten-Free Chicken Taquitos As Made By Parker Bates,94,Katie Aubin Tasty Team,,Chicken
foodnetwork-2141,White Lasagna Soup rated 4.6 of 5 stars 56,,Kardea Brown Kardea Brown Kardea Brown,,Recipes
cookingclassy-0777,Recipe for One Flourless Peanut Butter Cookie,,Lucy Mancon,5 minutes,Breakfast
foodnetwork-2245,,0.0,Kardea Brown Kardea Brown Kardea Brown,,Recipes
foodnetwork-1438,,0.0,Kardea Brown Kardea Brown Kardea Brown,,Recipes
tasty-0222,featured in 5 Recipes For Garlic Bread Lovers,94,Ellie Holland Tasty Team,1 hr 35 min,Chicken
cookingclassy-0696,Chocolate Cupcakes with Chocolate Buttercream Frosting,4.70,,30 minutes,Breakfast
tasty-1915,Broccoli Cheddar Chicken Pasta Bake,90,,30 minutes,Chicken
nytimes-0957,One-Pot Cabbage Roll Soup,4,Carolina Gelen,35 minutes,Vegetarian
nytimes-0622,Strawberry and Sesame Swirl Soft Serve,4,Clare de Boer,Total Time 1 minute,Vegetarian
nytimes-1974,Cornmeal Pancakes By Florence Fabricant,4,Florence Fabricant,Total Time 1 hour,Vegetarian
foodnetwork-0117,"Food Network User December 25, 2012",,Kardea Brown Kardea Brown Kardea Brown,,Recipes
tasty-2282,Ham & Cheese Chicken Rollups Ham & Cheese Chicken Rollups,70,,27 minutes,Chicken
tasty-0851,Bacon-wrapped Jalapeño Popper Dogs Bacon-wrapped Jalapeño Popper Dogs,96,Claire Nolan Tasty Team,18 minutes,Chicken
nytimes-0358,"Açaí Bowl By Naz Deravian Updated Jan. 19, 2024",4,Naz Deravian,15 minutes,Vegetarian
foodnetwork-0322,,,Kardea Brown Kardea Brown Kardea Brown,,Recipes
tasty-0746,Buffalo Cauliflower Pizza Buffalo Cauliflower Pizza,91,Julie Klink,45 minutes,Chicken
foodnetwork-1001,,,Kardea Brown Kardea Brown Kardea Brown,,Recipes
cookingclassy-0517,Flourless Chocolate Cake Flourless Chocolate Cake,5,,5 minutes,Breakfast
tasty-1382,Somali Bariis By Amal Dalmar Birria Tacos Birria Tacos,92,Crystal Hatch & Karlee Rotoly,1 hr,Chicken
nytimes-0991,"Ginger-Cauliflower Soup By Yewande Komolafe Updated Feb. 29, 2024",4,Yewande Komolafe,35 minutes,Vegetarian
foodnetwork-0610,,,Kardea Brown Kardea Brown Kardea Brown,,Recipes
cookingclassy-0629,Hieu Nguyen Hieu Nguyen Hieu Nguyen,4.77,,30 minutes,Breakfast
allrecipes-1087,Perfect Baked Potato,4.7,Allrecipes Test Kitchen,1 mins,Main Dishes
foodnetwork-1063,Antipasti-Stuffed Flank Steak Recipe,,Kardea Brown Kardea Brown Kardea Brown,,Recipes
foodnetwork-0923,"lenizmiriam April 21, 2023",,Kardea Brown Kardea Brown Kardea Brown,,Recipes
foodnetwork-1864,26 Cookout Recipes That Will Easily Feed a Crowd,0.0,Kardea Brown Kardea Brown Kardea Brown,,Recipes
nytimes-0864,One-Pot Tortellini with Prosciutto and Peas,5,Ali Slagle,25 minutes,Vegetarian
nytimes-1337,Recipe from Justin Cherry Adapted by Ramin Ganeshram,3,Justin Cherry,5 minutes,Vegetarian
tasty-0570,Ghanaian Jollof Rice By Tei Hammond,94,Kiano Moju,1 hr 30 min,Chicken
nytimes-0543,"Honey Garlic Shrimp By Lidey Heuck Published Jan. 31, 2025",5,Lidey Heuck,25 minutes,Vegetarian
foodnetwork-0427,Mama's Saltines Mama's Saltines Mama's Saltines,,Kardea Brown Kardea Brown Kardea Brown,,Recipes
nytimes-2025,Dan Wagoner's Pancakes,4,Moira Hodgson,30 minutes,Vegetarian
foodnetwork-0730,,,Kardea Brown Kardea Brown Kardea Brown,,Recipes
nytimes-1983,Blueberry-Bran Muffins By Florence Fabricant,4,Florence Fabricant,50 minutes,Vegetarian
cookingclassy-0920,Thai Chicken Ramen Thai Chicken Ramen,5,Kelli H,15 minutes,Breakfast
tasty-1936,Dim Sum Shrimp Balls Under 30 min,91,Daiki Nakagawa Tasty Team,50 minutes,Chicken
foodnetwork-0759,Apple Ribbon Pie Apple Ribbon Pie Apple Ribbon Pie,,Kardea Brown Kardea Brown Kardea Brown,,Recipes
allrecipes-0511,Passion Fruit Mojito,5.0,France Cevallos,5 mins,Main Dishes
foodnetwork-0033,Bourbon Triple Chocolate Cake Bourbon Triple Chocolate Cake,,Kardea Brown Kardea Brown Kardea Brown,,Recipes
nytimes-0197,"Baked Chicken Thighs By Lidey Heuck Updated Jan. 3, 2024",5,Lidey Heuck,1 hour 10 minutes,Vegetarian
allrecipes-1626,Easy Slow Cooker Boursin Chicken and Pasta,4.7,Nicole McLaughlin,5 mins,Main Dishes
foodnetwork-0070,ADELINA B.,,Kardea Brown Kardea Brown Kardea Brown,,Recipes
tasty-1259,Sriracha Buffalo Cauliflower Bites,85,Crystal Hatch,45 minutes,Chicken
cookingclassy-0846,Banana Bread Whoopie Pies with Fluffy Vanilla Bean Frosting,,,30 minutes,Breakfast
allrecipes-0733,"Slow Cooker Chicken Thighs, Green Beans, and Potatoes 3 Ratings",3.7,Debra Pellinacci,10 mins,Main Dishes
tasty-1561,Coconut Chai,89,Matthew Cullum,13 minutes,Chicken
tasty-0337,One-Pan Garlic Parmesan Chicken And Vegetable Bake,97,Robin Broadfoot,55 minutes,Chicken
tasty-2173,3-ingredient Chocolate Avocado Smoothie,86,Tiffany Lo,5 minutes,Chicken
cookingclassy-0255,Banana Berry Smoothies {Jamba Juice Copycat},5,Linda Cast,5 minutes,Breakfast
allrecipes-1569,Walnut Pesto,4.9,Paul Plourde Paul Plourde,10 mins,Main Dishes
cookingclassy-0756,Frosted Peppermint Brownie Cookies {From Scratch},4.75,,30 minutes,Breakfast
nytimes-0099,By J. Kenji López-Alt,5,J. Kenji López-Alt,About 10 minutes,Vegetarian
cookingclassy-0520,Lemon Blueberry Cake,4.88,Leena Penney,45 minutes,Breakfast
allrecipes-0014,Pistachio Cream Cinnamon Rolls,5.0,Nicole McLaughlin,15 mins,Main Dishes
foodnetwork-0187,,,Kardea Brown Kardea Brown Kardea Brown,,Recipes
cookingclassy-0594,Alfajores {Dulce de Leche Sandwich Cookies},5,,30 minutes,Breakfast
nytimes-0029,Basmati Rice,4,Zainab Shah,25 minutes,Vegetarian
nytimes-0460,Tuna and Tomato Salad,4,Ali Slagle,20 minutes,Vegetarian
nytimes-1895,Spicy Scrambled Eggs By Mark Bittman,4,Mark Bittman,20 minutes,Vegetarian
cookingclassy-0507,Cinnamon Roll Cookies,5,,45 minutes,Breakfast
tasty-1737,Muzamal Yusuf Community Member Muzamal Yusuf Community Member,95,Muzamal Yusuf,27 minutes,Chicken
foodnetwork-1188,,,Kardea Brown Kardea Brown Kardea Brown,,Recipes
nytimes-0650,"Mango Crumble By David Tanis Updated June 4, 2024",5,David Tanis,1 hour,Vegetarian
foodnetwork-1399,Beach Goers' Wraps Beach Goers' Wraps Beach Goers' Wraps,0.0,Kardea Brown Kardea Brown Kardea Brown,,Recipes
nytimes-0155,,4,Ali Slagle,About 40 minutes,Vegetarian
nytimes-1073,Creamy Lemon Pasta By Barbara Kafka,4,Barbara Kafka,30 minutes,Vegetarian
cookingclassy-1019,5 Ingredient Marinated Grilled Salmon 5 Ingredient Marinated Grilled Salmon,4.93,,10 minutes,Breakfast
tasty-0281,Domino Dauphinoise Potatoes Domino Dauphinoise Potatoes,98,Alix Traeger Tasty Team,1 hr 10 min,Chicken
foodnetwork-0269,,,Kardea Brown Kardea Brown Kardea Brown,,Recipes
foodnetwork-0120,Mama's Lahmajoon (Lagh-Ma-Jun) Mama's Lahmajoon (Lagh-Ma-Jun) Mama's Lahmajoon (Lagh-Ma-Jun),,Kardea Brown Kardea Brown Kardea Brown,,Recipes
allrecipes-1298,Latin American Mexican Main Dishes Pork,4.9,Allrecipes Test Kitchen,15 mins,Main Dishes
cookingclassy-0650,Classic Peanut Butter Cookies,4.89,Laurie Bellino,20 minutes,Breakfast
cookingclassy-1035,Goulash (One Pot American Style) Goulash (One Pot American Style),5,Jim W,15 minutes,Breakfast
tasty-1518,featured in Steak & Roasted Veggies,93,Rie McClenny,40 minutes,Chicken
allrecipes-1084,Creamy Rice Pudding,4.8,Allrecipes Member,10 mins,Main Dishes
nytimes-0112,"No-Stir Polenta By Sheela Prakash Published April 16, 2025",5,Sheela Prakash,55 minutes,Vegetarian
foodnetwork-0109,Baked in Vermont,,Kardea Brown Kardea Brown Kardea Brown,,Recipes
tasty-0430,featured in Perfect Dinners with Beef Stew and Rice,97,Katie Aubin & Codii Lopez,3 hr 40 min,Chicken
nytimes-1272,Recipe from Alicia Kennedy Adapted by Ligaya Mishan,4,Alicia Kennedy,"30 minutes, plus about 30 minutes’ cooling",Vegetarian
nytimes-0063,"Microwave Rice By Priya Krishna Updated Feb. 27, 2023",4,Priya Krishna,20 to 30 minutes,Vegetarian
foodnetwork-1121,Candied Bacon Candied Bacon Candied Bacon,,Kardea Brown Kardea Brown Kardea Brown,,Recipes
nytimes-1686,Grilled Mango Salsa By Martha Rose Shulman,4,Martha Rose Shulman,About 15 minutes,Vegetarian
tasty-2135,French Onion Deviled Eggs French Onion Deviled Eggs,99,Hitomi Aihara Tasty Team,35 minutes,Chicken
cookingclassy-0895,Lemon Orzo Recipe,4.93,,5 minutes,Breakfast
nytimes-0053,"Air-Fryer Grilled Cheese By Eleanore Park Published Feb. 28, 2023",4,Eleanore Park,10 minutes,Vegetarian
cookingclassy-1126,Chicken Alfredo Chicken Alfredo,5,,10 minutes,Breakfast
tasty-0697,Linguine Carbonara Presented by Incredible Egg,91,,20 minutes,Chicken
foodnetwork-0494,,,Kardea Brown Kardea Brown Kardea Brown,,Recipes
foodnetwork-0973,Red McLaughlin,,Kardea Brown Kardea Brown Kardea Brown,,Recipes
tasty-1567,Chocolate Chip Edible “Cookie Dough”,54,Camille Bergerson Tasty Team,,Chicken
foodnetwork-0685,Grilled Halloumi Cheese Grilled Halloumi Cheese Grilled Halloumi Cheese,,Kardea Brown Kardea Brown Kardea Brown,,Recipes
tasty-2315,Taco Egg Rolls,97,Crunchy Taquito Recipes,35 minutes,Chicken
foodnetwork-1266,,0.0,Kardea Brown Kardea Brown Kardea Brown,,Recipes
tasty-2487,featured in 6 Heavenly Recipes For True Bacon Lovers,93,Alix Traeger,1 hr 15 min,Chicken
tasty-1342,Mole Rojo Mole Rojo,89,Ellie Holland Tasty Team,25 minutes,Chicken
tasty-0676,Red Chili Shrimp Stir-Fry,96,Joey Firoben,17 minutes,Chicken
cookingclassy-0024,Honey Roasted Carrots,4.82,,15 minutes,Breakfast
foodnetwork-1432,,0.0,Kardea Brown Kardea Brown Kardea Brown,,Recipes
allrecipes-0994,Sheet Pan Lemon Garlic Chicken with Vegetables,5.0,Brenda Venable,15 mins,Main Dishes
foodnetwork-0207,Candied Pecans,,Kardea Brown Kardea Brown Kardea Brown,,Recipes
cookingclassy-0099,Pear Spinach Salad with Cranberry-Orange Vinaigrette,3.50,Patt Lytle,20 minutes,Breakfast
tasty-0231,One-Pot Garlic Tomato Shrimp Pasta,96,Scott Loitsch,45 minutes,Chicken
nytimes-1046,Vietnamese Lemongrass Beef and Noodle Salad By David Tanis,5,David Tanis,Total Time 1 hour,Vegetarian
foodnetwork-0471,Surprise-Inside Star Cake Surprise-Inside Star Cake Surprise-Inside Star Cake,,Kardea Brown Kardea Brown Kardea Brown,,Recipes
cookingclassy-0012,Strawberry Spinach Green Smoothie Strawberry Spinach Green Smoothie,5,,10 minutes,Breakfast
foodnetwork-0087,Michael's Energy Bars Michael's Energy Bars Michael's Energy Bars,,Kardea Brown Kardea Brown Kardea Brown,,Recipes
tasty-1083,Sweet Teriyaki Marinade,95,Merle O'Neal Tasty Team,,Chicken
allrecipes-0856,Baked Fresh Rainbow Trout,4.7,Allrecipes Test Kitchen,10 mins,Main Dishes
foodnetwork-1425,,0.0,Kardea Brown Kardea Brown Kardea Brown,,Recipes
tasty-1278,Chipotle Garlic Wings Chipotle Garlic Wings,85,Gwenaelle Le Cochennec,40 minutes,Chicken
tasty-0802,Chili Dog Bread Ring,94,Andrew Ilnyckyj,1 hr 10 min,Chicken
tasty-0961,One-pan Chicken Fajita Bombs,96,Adam Bianchi,40 minutes,Chicken
foodnetwork-0525,One 9-inch cake,,Kardea Brown Kardea Brown Kardea Brown,,Recipes
cookingclassy-0022,Apple Slaw Apple Slaw,5,,20 minutes,Breakfast
foodnetwork-0060,Bosnian-Style Gulash Bosnian-Style Gulash Bosnian-Style Gulash,,Kardea Brown Kardea Brown Kardea Brown,,Recipes
tasty-1786,Not-Too-Dense Mashed Sweet Potatoes,90,Pierce Abernathy Tasty Team,40 minutes,Chicken
foodnetwork-0424,BBQ Tri Tips BBQ Tri Tips BBQ Tri Tips,,Kardea Brown Kardea Brown Kardea Brown,,Recipes
nytimes-0432,"Caesar Salad Dressing By Kia Damon Published June 26, 2024",5,Kia Damon,15 minutes,Vegetarian
foodnetwork-1148,,,Kardea Brown Kardea Brown Kardea Brown,,Recipes
tasty-0183,One-Pan Shrimp And Green Bean Stir-Fry Under 30 min,95,Alix Traeger,35 minutes,Chicken
foodnetwork-2164,,,Kardea Brown Kardea Brown Kardea Brown,,Recipes
foodnetwork-0644,Neelys' Carrot Slaw Neelys' Carrot Slaw Neelys' Carrot Slaw,,Kardea Brown Kardea Brown Kardea Brown,,Recipes
nytimes-1328,Brown Butter Peach Cake,4,Millie Peartree,"1 hour 50 minutes, plus cooling",Vegetarian
cookingclassy-0483,Chicken Pot Pie Crumble,5,,25 minutes,Breakfast
allrecipes-0766,"Broccoli, Rice, Cheese, and Chicken Casserole 1,156 Ratings",3.8,Ita Mac Airt,10 mins,Main Dishes
cookingclassy-0943,Jalapeno Poppers Jalapeno Poppers,4.97,,20 minutes,Breakfast
foodnetwork-0916,Kardomom Mandelkaker Kardomom Mandelkaker Kardomom Mandelkaker,,Kardea Brown Kardea Brown Kardea Brown,,Recipes
nytimes-1498,Sheet-Pan Chocolate Chip Pancakes By Jerrelle Guy,4,Jerrelle Guy,40 minutes,Vegetarian
cookingclassy-1095,Baked Parmesan Crusted Salmon,5,,15 minutes,Breakfast
nytimes-1068,Linguine With Lemon Sauce,5,Pierre Franey,About 20 minutes,Vegetarian
allrecipes-1147,Best Smoked Salmon Dip,,Elizabeth Heiskell,15 mins,Main Dishes
nytimes-0179,Christina Tosi’s Corn Bake,5,Christina Tosi,55 minutes,Vegetarian
foodnetwork-1558,Scrambled Egg Breakfast Sandwiches with Pate...,,Kardea Brown Kardea Brown Kardea Brown,,Recipes
tasty-0674,Japchae Southwest Stuffed Acorn Squash Southwest Stuffed Acorn Squash,95,Mercedes Sandoval Tasty Team,36 minutes,Chicken
foodnetwork-0473,Cook’s Note each baking dish has 3 matzo layers total,,Kardea Brown Kardea Brown Kardea Brown,,Recipes
nytimes-0357,Malaay Qumbe (Coconut Fish Curry),5,Ifrah F. Ahmed,40 minutes,Vegetarian
nytimes-0181,Mortadella Sandwich With Ricotta and Pistachio Pesto,4,Genevieve Ko,20 minutes,Vegetarian
allrecipes-0970,Twice Baked Potato Recipes,4.7,Allrecipes Test Kitchen,15 mins,Main Dishes
cookingclassy-1276,Coconut Rice,5,,10 minutes,Breakfast
tasty-0879,Crispy Potato Puffs Crispy Potato Puffs,95,Katie Aubin,31 minutes,Chicken
tasty-2335,Pizza Bake Pockets,79,Matthew Johnson Tasty Team,47 minutes,Chicken
nytimes-0619,Caramelized Kimchi Baked Potatoes,5,Eric Kim,1 hour 15 minutes,Vegetarian
tasty-0773,"featured in 5 Easy, Delicious And Healthy Shrimp Recipes",98,Betsy Carter,38 minutes,Chicken
cookingclassy-0868,Raspberry Cheesecake Truffles,5,,25 minutes,Breakfast
allrecipes-0221,Sloppy Joe Garlic Bread,4.3,LaDonna Langwell,10 mins,Main Dishes
nytimes-0035,By Kay Chun,4,Kay Chun,15 minutes,Vegetarian
nytimes-0017,Grilled Shrimp With Chile and Garlic,4,Ali Slagle,25 minutes,Vegetarian
tasty-0002,One-Pot Garlic Parmesan Pasta,96,Recipe by damndelicious.net,32 minutes,Chicken
allrecipes-0774,One Pot Tortellini Bake,4.8,,10 mins,Main Dishes
nytimes-1610,Bobby Flay’s Double-Chocolate Pancakes,4,Bobby Flay,45 minutes,Vegetarian
nytimes-0169,Prepared Horseradish By Joan Nathan,4,Joan Nathan,20 minutes,Vegetarian
foodnetwork-0305,Christmas Pasta Christmas Pasta Christmas Pasta,,Kardea Brown Kardea Brown Kardea Brown,,Recipes
nytimes-1962,Honey-Orange Smoothie By Molly O'Neill,4,Molly O'Neill,2 minutes,Vegetarian
nytimes-1425,"French Toast By Genevieve Ko Updated Aug. 22, 2024",4,Genevieve Ko,10 minutes,Vegetarian
foodnetwork-1119,,,Kardea Brown Kardea Brown Kardea Brown,,Recipes
tasty-1882,Cacio Pepe Steamed Buns Cacio Pepe Steamed Buns,93,Joelle Park,20 minutes,Chicken
tasty-2373,Top Chef Junior Falafel Burger Top Chef Junior Falafel Burger,92,,35 minutes,Chicken
tasty-0605,Halloween Buffalo Chicken Skillet Dip,96,Hannah Williams Tasty Team,1 hr 7 min,Chicken
cookingclassy-0977,Smoked Sausage and Vegetable Soup Smoked Sausage and Vegetable Soup,5,,20 minutes,Breakfast
allrecipes-1606,Oven-Baked Beef Tagliata,5.0,,20 mins,Main Dishes
foodnetwork-1625,Parsley Couscous Parsley Couscous Parsley Couscous,0.0,Kardea Brown Kardea Brown Kardea Brown,,Recipes
tasty-1708,Ginger Turmeric Chicken Soup,97,,1 hr,Chicken
cookingclassy-1301,Chicken Pozole Soup,5,,15 minutes,Breakfast
allrecipes-0465,Sicilian Christmas Pizza (Sfincione) 20 Ratings,5.0,Juliana Hale,15 mins,Main Dishes
nytimes-1067,Harissa and Miso Spaghetti,4,Nargisse Benkabbou,30 minutes,Vegetarian
foodnetwork-0336,,,Kardea Brown Kardea Brown Kardea Brown,,Recipes
tasty-2226,Freezer Prep Pot Roast Freezer Prep Pot Roast,96,Alix Traeger & Alexander Roberts,8 hr 15 min,Chicken
cookingclassy-0359,Baked Creamy Chicken Taquitos,5,Carol L Halverson,25 minutes,Breakfast
foodnetwork-0040,Pretzel Hot Dog Buns Recipe,,Kardea Brown Kardea Brown Kardea Brown,,Recipes
foodnetwork-0073,Top Drawer Dinner Top Drawer Dinner Top Drawer Dinner,,Kardea Brown Kardea Brown Kardea Brown,,Recipes
cookingclassy-0784,Raspberry Swirled Mini Cheesecakes,4.88,,40 minutes,Breakfast
nytimes-1752,"Teff Pancakes With Chia, Millet and Blueberries",4,Martha Rose Shulman,15 minutes,Vegetarian
nytimes-0355,"Slow-Cooker Whole Chicken By Naz Deravian Updated Jan. 12, 2024",4,Naz Deravian,About 4 to 8 hours,Vegetarian
tasty-1570,Summer Squash Pasta With Roasted Red Pepper Sauce,83,Kahnita Wilkerson Tasty Team,55 minutes,Chicken
tasty-2156,Loaded Hasselback Potatoes & Dip Loaded Hasselback Potatoes & Dip,95,Melissa Boyajian Tasty Team,1 hr 15 min,Chicken
tasty-1124,Easy To Serve Chicken Parmesan Poppers,95,Alix Traeger,1 hr,Chicken
nytimes-2000,Migas Eggs A La Mike Marks By Jacques Pepin,4,Jacques Pepin,15 minutes,Vegetarian
tasty-2419,Salt-Crusted Beef Tenderloin Salt-Crusted Beef Tenderloin Salt-Crusted Beef Tenderloin,95,Griffin Bohen-Meissner,,Chicken
allrecipes-0828,Easy Singapore Rice Noodles,4.4,Heather Maurer,15 mins,Main Dishes
cookingclassy-0349,Slow Cooker Enchilada Quinoa Bake Slow Cooker Enchilada Quinoa Bake,,,15 minutes,Breakfast
tasty-2293,Zucchini Hash Browns Zucchini Hash Browns,91,Joey Firoben,1 hr 55 min,Chicken
nytimes-1759,More-Vegetable-Than-Egg Frittata By Mark Bittman,5,Mark Bittman,30 minutes,Vegetarian
allrecipes-1056,Panettone Bread Pudding with Spiced Orange Sauce 33 Ratings,4.6,Submitted by Jessica Gopalakrishnan,15 mins,Main Dishes
nytimes-0821,Baked Tofu,5,Kristina Felix,50 minutes,Vegetarian
nytimes-1790,,4,Mark Bittman,10 minutes,Vegetarian
cookingclassy-0538,Cannoli Cream Puffs Cannoli Cream Puffs,5,,40 minutes,Breakfast
cookingclassy-0459,Cilantro-Lime Chicken with Avocado Salsa,5,Ginny Lewis,10 minutes,Breakfast
tasty-2425,Sloppy Joe On A Stick,91,Tristan Fisher Tasty Team,35 minutes,Chicken
allrecipes-0304,Chicken Teriyaki Recipes,5.0,By TheDailyGourmet,20 mins,Main Dishes
foodnetwork-0358,,,Kardea Brown Kardea Brown Kardea Brown,,Recipes
foodnetwork-1003,Salmon Coulibiac Salmon Coulibiac Salmon Coulibiac,,Kardea Brown Kardea Brown Kardea Brown,,Recipes
nytimes-1366,Fried Eggs and Potatoes,4,Naz Deravian,30 minutes,Vegetarian
tasty-2026,French Onion Smash Burger Tacos,95,Alexa Santos Tasty Team,50 minutes,Chicken
tasty-1063,Block Party Ribs By Marcus Samuelsson,93,Frank Tiu,4 hr 40 min,Chicken
cookingclassy-1139,Salmon Patties {Salmon Cakes},5,,25 minutes,Breakfast
foodnetwork-0364,Red Curry Marinated Skirt Steak Fajitas,,Kardea Brown Kardea Brown Kardea Brown,,Recipes
tasty-0775,Spinach And Artichoke Dip Hasselback Chicken,95,Hasselback Chicken 4 Ways,37 minutes,Chicken
cookingclassy-0321,Easy Chicken Gravy,4.75,,20 minutes,Breakfast
foodnetwork-1074,"Food Network User February 22, 2006",,Kardea Brown Kardea Brown Kardea Brown,,Recipes
tasty-1576,Vegetable Dumpling Soup Vegetable Dumpling Soup,89,Melissa Boyajian Tasty Team,45 minutes,Chicken
allrecipes-1145,Olive Cheese Balls,4.0,Elizabeth Heiskell,30 mins,Main Dishes
tasty-0855,Whole30 Coconut Curry Meal Prep Whole30 Coconut Curry Meal Prep,99,,55 minutes,Chicken
allrecipes-1550,Cauliflower Fritters,4.6,,10 mins,Main Dishes
allrecipes-1076,Grandma's Creamy Potato Salad,4.6,Frank David,15 mins,Main Dishes
tasty-0732,Country Fried Steak And Gravy Country Fried Steak And Gravy,93,Chris Salicrup,,Chicken
cookingclassy-0270,Baked French Toast Sticks Baked French Toast Sticks,,,15 minutes,Breakfast
cookingclassy-1220,Slow Cooker Creamy Tomato Basil Tortellini Soup,4.42,,15 minutes,Breakfast
tasty-0315,Caprese Chicken Rollups Caprese Chicken Rollups,94,Robert Broadfoot,50 minutes,Chicken
allrecipes-1127,"Egg-Free, Dairy-Free, Nut-Free Cake",4.7,Bridget Brooke,15 mins,Main Dishes
tasty-2141,Country Fried Steak And Gravy Country Fried Steak And Gravy,90,Alvin Zhou Tasty Team,8 hr 20 min,Chicken
foodnetwork-0408,,,Kardea Brown Kardea Brown Kardea Brown,,Recipes
tasty-1256,One-Pan Honey Lime Chicken,92,Tiffany Lo,40 minutes,Chicken
cookingclassy-1048,Marvis Darryl Brooks,5,STELLA BOWMAN,20 minutes,Breakfast
allrecipes-0211,Copycat Pickle De Gallo,,Nicole Russell,15 mins,Main Dishes
allrecipes-0932,Creamy Tortellini Soup 8 Ratings,4.8,Corey Williams,10 mins,Main Dishes
nytimes-1397,"Lemon Ricotta Pancakes By Genevieve Ko Updated Sept. 16, 2024",5,Genevieve Ko,20 minutes,Vegetarian
tasty-2347,Sweet Potato And Chickpea Nuggets Sweet Potato And Chickpea Nuggets,85,Rachel Gaewski Tasty Team,30 minutes,Chicken
cookingclassy-0326,Creamy Chicken and Wild Rice Soup,4.96,,15 minutes,Breakfast
cookingclassy-0156,Breakfast Sandwich,5,,15 minutes,Breakfast
foodnetwork-0045,Chocolate Pie Chocolate Pie Chocolate Pie,,Kardea Brown Kardea Brown Kardea Brown,,Recipes
tasty-0146,Summer Vegetable Minestrone Soup Summer Vegetable Minestrone Soup,98,Claire Nolan & Hannah Williams,35 minutes,Chicken
cookingclassy-1196,Orange-Sage Pork Chops,,,15 minutes,Breakfast
tasty-1415,Easy To Serve Chicken Parmesan Poppers,85,Betsy Carter Tasty Team,1 hr,Chicken
tasty-0927,Puff Pastry Breakfast Cups,95,Jordan Kenna,40 minutes,Chicken
tasty-0951,Breakfast Bombs Breakfast Bombs,93,Joey Firoben,1 hr 9 min,Chicken
foodnetwork-1969,Low Sodium,0.0,Kardea Brown Kardea Brown Kardea Brown,,Recipes
tasty-1700,Brown Butter Sage Pierogi Brown Butter Sage Pierogi,91,Katie Aubin Tasty Team,1 hr 12 min,Chicken
tasty-1036,"Honey Mustard Chicken, Bacon, And Avocado Salad",96,Rie McClenny,1 hr 25 min,Chicken
foodnetwork-1301,Julie Sahni - Vegetarian Cuisines of India,0.0,Kardea Brown Kardea Brown Kardea Brown,,Recipes
nytimes-1043,Recipe from Ken Hom Adapted by Florence Fabricant,4,Ken Hom,25 minutes,Vegetarian
tasty-0912,Sartù Di Riso By Antoni Porowski,92,Kiano Moju,2 hr 20 min,Chicken
foodnetwork-0831,"J-MAC March 15, 2023",,Kardea Brown Kardea Brown Kardea Brown,,Recipes
allrecipes-0012,Easy Bacon Pancake Sticks 1 Rating,3.0,LaDonna Langwell,10 mins,Main Dishes
tasty-0149,One-skillet Chicken Pot Pie,99,Alix Traeger,1 hr,Chicken
allrecipes-0736,One Pot Mediterranean Shrimp and Vegetables,4.5,Brenda Venable,15 mins,Main Dishes
foodnetwork-1262,St. Honore Cake St. Honore Cake St. Honore Cake,0.0,Kardea Brown Kardea Brown Kardea Brown,,Recipes
cookingclassy-0180,Healthier Blueberry Muffins Healthier Blueberry Muffins,5,,10 minutes,Breakfast
allrecipes-0453,Cinnamon Swirl Chocolate Chip Bread 2 Ratings,5.0,By TheDailyGourmet,10 mins,Main Dishes
nytimes-0865,Roasted Zucchini and Shrimp With Za’atar Yogurt,5,Melissa Clark,45 minutes,Vegetarian
tasty-0154,Cilantro Lime Chicken & Veggie Rice Meal Prep,98,Joey Firoben Tasty Team,25 minutes,Chicken
nytimes-1721,"Coconut Ginger Tea With Lime, Honey and Turmeric",5,Martha Rose Shulman,,Vegetarian
nytimes-1916,Pumpkin Pancakes With Sticky Maple Pecans,4,Nigella Lawson,35 minutes,Vegetarian
tasty-0447,One-Pan Lemon Pepper Chicken,92,Tiffany Lo,35 minutes,Chicken
allrecipes-0037,The Ultimate Overnight Breakfast Casserole 1 Rating,4.6,Nicole McLaughlin,15 mins,Main Dishes
tasty-0739,Bacon Chicken Alfredo Lasagna Roll,95,Alvin Zhou,1 hr 40 min,Chicken
nytimes-0054,"Pan-Seared Salmon By Lidey Heuck Published Feb. 14, 2024",5,Lidey Heuck,20 minutes,Vegetarian
allrecipes-0019,Boursin Omelet,5.0,France Cevallos,10 mins,Main Dishes
foodnetwork-1761,,0.0,Kardea Brown Kardea Brown Kardea Brown,,Recipes
cookingclassy-1055,Cream of Broccoli Soup,5,Jennifer Collins,15 minutes,Breakfast
tasty-1110,Crispy Country Fried Steak Roll Crispy Country Fried Steak Roll,96,Sonomi Shimada,41 minutes,Chicken
allrecipes-1046,Cucumber Salad Recipes,4.8,Allrecipes Test Kitchen,15 mins,Main Dishes
cookingclassy-1291,Roasted Sweet Potatoes with Cinnamon and Honey Butter,4.91,Pam B.,15 minutes,Breakfast
tasty-1874,Multi-Flavor Stuffed Party Bread Roll Multi-Flavor Stuffed Party Bread Roll,72,Chris Rosa,45 minutes,Chicken
foodnetwork-0396,,,Kardea Brown Kardea Brown Kardea Brown,,Recipes
foodnetwork-0981,,,Kardea Brown Kardea Brown Kardea Brown,,Recipes
allrecipes-0538,Cranberry Blush Sparkler,,France Cevallos,5 mins,Main Dishes
tasty-0724,One-Pan Shrimp And Green Bean Stir-Fry,92,Alix Traeger,30 minutes,Chicken
tasty-2492,"Chris Rosa, Karla T. Vasquez & Amanda Berrill Tasty Team",63,Tasty Team,2 hr 50 min,Chicken
foodnetwork-1011,,,Kardea Brown Kardea Brown Kardea Brown,,Recipes
tasty-2068,Spicy Campfire Queso,88,Katie Aubin & Kelly Paige,15 minutes,Chicken
foodnetwork-0727,"jafoulk January 29, 2019",,Kardea Brown Kardea Brown Kardea Brown,,Recipes
cookingclassy-0310,Chicken in White Wine Sauce,4.94,Merrill Guice,15 minutes,Breakfast
cookingclassy-1278,Cheddar Bacon Ranch Potato Salad Cheddar Bacon Ranch Potato Salad,5,,25 minutes,Breakfast
nytimes-0483,Orange Creamsicle Ice Cream Cake By Ali Slagle,4,Ali Slagle,"Total Time 20 minutes, plus 2 hours’ freezing",Vegetarian
allrecipes-0676,Pan-Fried Pork Chops,4.8,,5 mins,Main Dishes
cookingclassy-1180,Easy Chicken Pot Pie,5,,15 minutes,Breakfast
tasty-0195,Turkey & Zucchini–Stuffed Jack-o’-lantern Bell Peppers,95,Julie Klink Tasty Team,1 hr 23 min,Chicken
allrecipes-1662,Mom-Mom Kolar's Chocolate Rum Pie,3.0,Shelby Vittek,20 mins,Main Dishes
nytimes-1483,Japanese Soufflé Pancakes By Daniela Galarza,4,Daniela Galarza,30 minutes,Vegetarian
cookingclassy-0434,One Pan Garlic Herb Chicken and Veggies,,,10 minutes,Breakfast
allrecipes-0346,4-Ingredient Egg Avocado Toast,4.5,Shelia Johnson,10 mins,Main Dishes
nytimes-1709,Oatmeal and Teff With Cinnamon and Dried Fruit,4,Martha Rose Shulman,5 minutes (plus soaking overnight),Vegetarian
nytimes-0741,Pepperoni Pasta With Lemon and Garlic,4,Melissa Clark,25 minutes,Vegetarian
nytimes-0927,Crispy Tofu With Balsamic Tomatoes,4,Melissa Clark,"Total Time 40 minutes, plus at least 15 minutes’ draining",Vegetarian
allrecipes-1339,Instant Pot Turkey Bone Broth Instant Pot Turkey Bone Broth,4.6,Tammy Lynn,10 mins,Main Dishes
nytimes-0721,"Tomato-Feta Salad By David Tanis Published May 15, 2025",5,David Tanis,35 minutes,Vegetarian
nytimes-0100,"Crispy-Edged Quesadilla By Melissa Clark Published June 22, 2022",4,Melissa Clark,10 minutes,Vegetarian
tasty-1781,Bacon Cheeseburger Wontons,93,,2 hr 30 min,Chicken
nytimes-1416,Tamales de Rajas con Queso (Poblano and Cheese Tamales),4,Rick A. Martínez,2 hours,Vegetarian
foodnetwork-0711,Welsh-Rarebit Muffins Welsh-Rarebit Muffins Welsh-Rarebit Muffins,,Kardea Brown Kardea Brown Kardea Brown,,Recipes
nytimes-1820,Ricotta and Spinach Frittata With Mint By Martha Rose Shulman,5,Martha Rose Shulman,30 minutes,Vegetarian
cookingclassy-0109,Ham and Cheese Salad with Homemade Ranch Dressing,,,20 minutes,Breakfast
tasty-0615,Ginger Mushroom Shrimp Stir-fry,97,Joey Firoben,20 minutes,Chicken
foodnetwork-0319,,,Kardea Brown Kardea Brown Kardea Brown,,Recipes
nytimes-0145,"Fairy Bread By Ali Slagle Updated Feb. 27, 2025",4,Ali Slagle,10 minutes,Vegetarian
tasty-2279,featured in Summer Fruit Salsa 4 Ways,97,Mercedes Sandoval Tasty Team,15 minutes 15 minutes 15 minutes,Chicken
tasty-0969,Chicken Tikka Masala Rice Bites Presented by Deep Indian Kitchen,86,Merle O'Neal Tasty Team,55 minutes,Chicken
cookingclassy-1100,Bruschetta Chicken Bruschetta Chicken,5,Ken E.,20 minutes,Breakfast
cookingclassy-1294,Apple Cranberry Rosemary Stuffing,5,Lynn Lersch,20 minutes,Breakfast
cookingclassy-0143,Caramel Cheesecake Apple Dip (3 Ingredient 3 Minute Recipe),,,5 minutes,Breakfast
cookingclassy-0885,Creamy Chicken Noodle Soup Creamy Chicken Noodle Soup,5,,20 minutes,Breakfast
nytimes-1786,Teff and Oatmeal Pancakes,5,Martha Rose Shulman,40 minutes,Vegetarian
allrecipes-1195,Next Up Meghan Markle Pasta Recipe 01:03,4.4,Lois Wells,15 mins,Main Dishes
cookingclassy-0233,Medha @ Whisk & Shout Medha @ Whisk & Shout,,Laura Dembowski,15 minutes,Breakfast
tasty-2439,Mini Burger Buns,95,Katie Aubin,2 hr 10 min,Chicken
nytimes-1904,Chocolate and Pistachio Whirligig Buns By Nigella Lawson,5,Nigella Lawson,Total Time 1 hour 35 minutes,Vegetarian
allrecipes-1614,Perfect Crispy Fried Chicken,4.3,,20 mins,Main Dishes
tasty-0796,Garlic Butter Shrimp Fettuccine,95,Presented by Holland House,25 minutes,Chicken
nytimes-2001,"Pumpkin Cornmeal Pancakes By Elizabeth Kolbert Updated Oct. 12, 2023",3,Elizabeth Kolbert,20 minutes,Vegetarian
nytimes-0298,"Marinated Mozzarella, Olives and Cherry Tomatoes David Tanis",5,David Tanis,"10 minutes, plus 30 minutes’ marinating",Vegetarian
foodnetwork-1029,Frozen Basil Lemonade Frozen Basil Lemonade Frozen Basil Lemonade,,Kardea Brown Kardea Brown Kardea Brown,,Recipes
allrecipes-1287,Grilled Lemon-Pepper Zucchini 52 Ratings,4.7,Allrecipes Test Kitchen,20 mins,Main Dishes
tasty-0387,One-Pot Cheesy Lemon Chicken Pasta,95,Dhruv Vohra,,Chicken
tasty-2106,Chocolate Peanut Butter Pancakes Under 30 min,79,Hannah Williams Tasty Team,25 minutes,Chicken
allrecipes-1593,Grandma's Iron Skillet Apple Pie,4.9,T L Dixon,15 mins,Main Dishes
allrecipes-1263,Air Fryer Blooming Onion,4.2,,15 mins,Main Dishes
cookingclassy-0379,Curry Chicken Salad,,,20 minutes,Breakfast
nytimes-0764,Pink Peppercorn-Marinated Goat Cheese,5,Rebekah Peppler,"10 minutes, plus at least 2 hours’ marinating",Vegetarian
nytimes-0205,Stovetop Mac and Cheese,4,Genevieve Ko,25 minutes,Vegetarian
tasty-0068,Loaded Chickpea Blondies Loaded Chickpea Blondies,92,Robin Broadfoot,1 hr 5 min,Chicken
foodnetwork-1806,,0.0,Kardea Brown Kardea Brown Kardea Brown,,Recipes
allrecipes-0333,Carrot Salad Recipes,4.8,Diana Moutsopoulos,10 mins,Main Dishes
nytimes-1950,Blueberry Muffins By Molly O'Neill,5,Molly O'Neill,45 minutes,Vegetarian
foodnetwork-1666,,0.0,Kardea Brown Kardea Brown Kardea Brown,,Recipes
allrecipes-1123,Beef on Weck,4.5,,10 mins,Main Dishes
tasty-1887,featured in Lemon Basil Spritzer & Parmesan Zucchini Chips,92,,31 minutes,Chicken
tasty-2192,Tater Tot Breakfast Pizza,96,Jake Frankenfield,40 minutes,Chicken
tasty-0618,Pumpkin Sage Pasta,76,Crystal Hatch,35 minutes,Chicken
foodnetwork-0885,Pink Fizz Recipe,,Kardea Brown Kardea Brown Kardea Brown,,Recipes
foodnetwork-0549,my children's mom,,Kardea Brown Kardea Brown Kardea Brown,,Recipes
nytimes-1984,Apple-Raspberry Waffles By Moira Hodgson,4,Moira Hodgson,20 minutes,Vegetarian
nytimes-1688,Whole Wheat Focaccia with Tomatoes and Fontina,5,Martha Rose Shulman,Total Time About 4 hours (mostly unsupervised rising),Vegetarian
tasty-1838,Vegan Pumpkin Cheesecake Vegan Pumpkin Cheesecake,94,Swasti Shukla,2 hr 45 min,Chicken
tasty-1974,Taro Milk Tea With Boba,77,Jasmine Pak,20 minutes,Chicken
cookingclassy-0537,Homemade Ice Cream Cake,4.84,,Prep 1 hour,Breakfast
nytimes-1561,Bacon and Egg Pizza By Melissa Clark,4,Melissa Clark,30 minutes,Vegetarian
nytimes-1824,Corn Fritters By Julia Moskin,4,By Julia Moskin,40 minutes,Vegetarian
foodnetwork-0213,"Shellsmc February 10, 2022 Shellsmc",,Kardea Brown Kardea Brown Kardea Brown,,Recipes
foodnetwork-0210,Main Dish,,Kardea Brown Kardea Brown Kardea Brown,,Recipes
foodnetwork-0964,,,Kardea Brown Kardea Brown Kardea Brown,,Recipes
allrecipes-1369,Air Fryer Truffle Polenta Fries,,Nicole Russell,5 mins,Main Dishes
tasty-2065,Creamy Tuscan Chicken Creamy Tuscan Chicken,89,Newell Ball,,Chicken
cookingclassy-1053,Crockpot Mac and Cheese,5,Nancy Bezzini,10 minutes,Breakfast
nytimes-0419,Recipe from Ashleigh Shanti Adapted by Korsha Wilson,4,Ashleigh Shanti,20 minutes,Vegetarian
tasty-0913,Broccoli Cheddar Baked Potato Broccoli Cheddar Baked Potato,96,Milloni Merchant,,Chicken
tasty-0039,Microwave 5-Minute Mac 'N' Cheese,81,Alvin Zhou,6 minutes,Chicken
foodnetwork-0758,,,Kardea Brown Kardea Brown Kardea Brown,,Recipes
cookingclassy-0646,Easy Pumpkin Cake with Cream Cheese Frosting,5,,15 minutes,Breakfast
cookingclassy-0934,Split Pea Soup,4.96,Daniel G,15 minutes,Breakfast
nytimes-0651,Garlic Shrimp With Crisped Chickpeas,4,Yasmin Fahr,25 minutes,Vegetarian
foodnetwork-1613,Recipes for a Crowd,0.0,Kardea Brown Kardea Brown Kardea Brown,,Recipes
foodnetwork-0873,,,Kardea Brown Kardea Brown Kardea Brown,,Recipes
allrecipes-0023,Pepperoni Pizza Grilled Cheese 1 Rating,4.8,Yolanda Gutierrez,5 mins,Main Dishes
cookingclassy-0425,Grilled Chicken Breasts Grilled Chicken Breasts,5,,10 minutes,Breakfast
tasty-0109,One-Pot Ground Beef Stroganoff,95,,40 minutes,Chicken
tasty-1517,Cheese-Stuffed Jalapeño Poppers,82,Jody Duits & Claire Nolan,33 minutes,Chicken
foodnetwork-0668,Hopkins County Stew Hopkins County Stew Hopkins County Stew,,Kardea Brown Kardea Brown Kardea Brown,,Recipes
allrecipes-1183,The Original Fantasy Fudge,4.8,Corey Williams,5 mins,Main Dishes
tasty-0669,Nashville Hot Chicken By Spike Mendelsohn,96,Ellie Holland Tasty Team,1 hr 19 min,Chicken
tasty-1492,Spinach Pasta,94,Rachel Gaewski Tasty Team,40 minutes,Chicken
cookingclassy-1296,Moroccan Sweet Potato Salad Moroccan Sweet Potato Salad,4.88,,15 minutes,Breakfast
foodnetwork-1080,Standing Rib Roast Recipe,,Kardea Brown Kardea Brown Kardea Brown,,Recipes
nytimes-0553,Salsa di Noci (Walnut Sauce Pasta),4,Kay Chun,25 minutes,Vegetarian
nytimes-1798,Seared Summer Squash and Egg Tacos By Martha Rose Shulman,4,Martha Rose Shulman,About 20 minutes,Vegetarian
tasty-2270,Air-Fryer Crispy Pork Belly Air-Fryer Crispy Pork Belly,92,Betsy Carter & Alexis deBoschnek,1 hr,Chicken
cookingclassy-0826,Cannoli Cream Puffs Cannoli Cream Puffs,4.12,,30 minutes,Breakfast
tasty-1189,Slow Cooker Barbacoa-Style Beef Tacos,95,Matthew Johnson Tasty Team,,Chicken
nytimes-0454,Ras el Hanout Roasted Vegetables,5,Nargisse Benkabbou,About 1 hour,Vegetarian
nytimes-0015,"Garlic Butter By Eleanore Park Updated April 17, 2024",4,Eleanore Park,15 minutes,Vegetarian
foodnetwork-1532,Brûléed Cheesecake Brûléed Cheesecake Brûléed Cheesecake,0.0,Kardea Brown Kardea Brown Kardea Brown,,Recipes
tasty-2215,Jerk Chicken And Pineapple Skewers Jerk Chicken And Pineapple Skewers,97,,2 hr 38 min,Chicken
tasty-1264,Creamy Tuscan Chicken Creamy Tuscan Chicken,94,Hannah Williams Tasty Team,17 minutes,Chicken
cookingclassy-0437,Crispy Baked Chicken Strips {with Creamy Honey Mustard Dipping Sauce},5,Beverley Press,15 minutes,Breakfast
tasty-1070,One-Pot Creamy Chicken Stew Presented by McCormick,94,Gwenaelle Le Cochennec,40 minutes,Chicken
nytimes-0279,Crème Fraîche Pasta With Peas and Scallions,4,Hana Asbrink,30 minutes,Vegetarian
allrecipes-1383,Air Fryer Turtle Cheesecake,5.0,Sarah Brekke,20 mins,Main Dishes
allrecipes-1330,Natalie's Amazing Irish Mashed Potatoes 17 Ratings,4.8,Submitted by Soup Loving Nicole,10 mins,Main Dishes
foodnetwork-0715,Special equipment: a 24-cup mini muffin tin,,Kardea Brown Kardea Brown Kardea Brown,,Recipes
nytimes-1173,Weeknight Lemon Chicken Breasts With Herbs By Jennifer Steinhauer,4,Jennifer Steinhauer,"20 minutes, plus at least 1 hour marinating",Vegetarian
allrecipes-0496,Cucumber Mint Green Iced Tea,,Pat Bernitt,10 mins,Main Dishes
nytimes-0842,Strip Steak With Dijon Sauce,5,Sue Li,1 hour 10 minutes,Vegetarian
foodnetwork-1545,,0.0,Kardea Brown Kardea Brown Kardea Brown,,Recipes
nytimes-1660,Sweet Whole Wheat Focaccia with Pears and Walnuts,4,Martha Rose Shulman,"30 minutes active preparation, and 3⅓ hours for rising and baking",Vegetarian
allrecipes-1413,Pressure Cooker Pork Tenderloin,4.3,,15 mins,Main Dishes
tasty-1496,Giant Steak Nacho Party Ring,95,Matthew Johnson Tasty Team,46 minutes,Chicken
foodnetwork-0684,Benedictine Dip Benedictine Dip Benedictine Dip,,Kardea Brown Kardea Brown Kardea Brown,,Recipes
tasty-1236,Cider Pulled Pork,94,,12 hr 15 min,Chicken
foodnetwork-0534,Fresh Yogurt,,Kardea Brown Kardea Brown Kardea Brown,,Recipes
foodnetwork-0774,mayra l.,,Kardea Brown Kardea Brown Kardea Brown,,Recipes
allrecipes-0033,My Family Is Obsessed With This 4-Ingredient Pretzel Fish,,Bailey Fink,10 mins,Main Dishes
cookingclassy-0314,Creamy Honey Mustard Chicken,5,,15 minutes,Breakfast
allrecipes-0050,Flat Croissant with Nutella and Berries,5.0,Nicole McLaughlin,5 mins,Main Dishes
cookingclassy-0875,White Chocolate Raspberry Cheesecake,5,,25 minutes,Breakfast
tasty-0488,Winter Vegetable Chili Winter Vegetable Chili,96,Rachel Gaewski,1 hr,Chicken
tasty-0229,Sesame Peanut Noodles,93,Rachel Gaewski Tasty Team,25 minutes,Chicken
foodnetwork-1731,Tuna Puttanesca Tuna Puttanesca Tuna Puttanesca Tuna Puttanesca,,Kardea Brown Kardea Brown Kardea Brown,,Recipes
nytimes-1515,Strawberry Muffins With Candied Almonds By Jerrelle Guy,4,Jerrelle Guy,Total Time 1 hour,Vegetarian
tasty-2409,Homemade Ginger Ale Recipe: Two Ways,85,Greg Perez Tasty Team,15 minutes,Chicken
tasty-0271,Brownie Fudge Cookies,91,Ellie Holland,52 minutes,Chicken
foodnetwork-1586,Winter Pig Winter Pig Winter Pig,0.0,Kardea Brown Kardea Brown Kardea Brown,,Recipes
allrecipes-0500,Big Batch Italian Greyhound Cocktail,4.7,Nicole McLaughlin,5 mins,Main Dishes
foodnetwork-0545,Rice Pilaf Rice Pilaf Rice Pilaf,,Kardea Brown Kardea Brown Kardea Brown,,Recipes
nytimes-0676,Beet Salad With Coriander-Yogurt Dressing,4,Yewande Komolafe,30 minutes,Vegetarian
foodnetwork-0643,,,Kardea Brown Kardea Brown Kardea Brown,,Recipes
foodnetwork-1948,,,Kardea Brown Kardea Brown Kardea Brown,,Recipes
nytimes-1926,Brody’s Cranberry-Pumpkin Muffins,4,Jane E. Brody,40 minutes,Vegetarian
allrecipes-0103,Easy French Dip Sandwiches,4.6,Allrecipes Test Kitchen,5 mins,Main Dishes
nytimes-1809,Carrot Cake Muffins,4,Martha Rose Shulman,25 minutes,Vegetarian
cookingclassy-0403,Curry Chicken and Quinoa Soup Curry Chicken and Quinoa Soup,5,Jessica Perrilleon,20 minutes,Breakfast
foodnetwork-1089,,,Kardea Brown Kardea Brown Kardea Brown,,Recipes
allrecipes-1020,Sheet Pan Shrimp Fajitas,4.7,Jen Cooks For Fun,20 mins,Main Dishes
allrecipes-1156,Cauliflower and Broccoli Salad with Honey-Soy Dressing,,By Virginia Willis,15 mins,Main Dishes
tasty-0826,Homemade Bagels Homemade Bagels Homemade Bagels,95,Jake Frankenfield & Michael Price,5 hr 10 min,Chicken
nytimes-1869,Mango Blueberry Smoothie By Martha Rose Shulman,4,Martha Rose Shulman,2 minutes,Vegetarian
foodnetwork-0419,,,Kardea Brown Kardea Brown Kardea Brown,,Recipes
cookingclassy-1088,Sesame Noodles,5,,15 minutes,Breakfast
allrecipes-0245,Greek Pasta Salad Recipes,4.6,,20 mins,Main Dishes
allrecipes-0149,How to Make Applesauce,4.8,Submitted by PHATCAT,10 mins,Main Dishes
cookingclassy-0579,Cinnamon Roll Rice Krispie Treats Cinnamon Roll Rice Krispie Treats,5,,10 minutes,Breakfast
allrecipes-0185,Blackened Salmon Tacos with Chunky Mango Avocado Salsa 107 Ratings,,Sarah Brekke,30 mins,Main Dishes
cookingclassy-0033,Caprese Pasta Salad (with Avocado),5,,15 minutes,Breakfast
allrecipes-0758,By Sukie Kolodny McCormick,4.6,By TheDailyGourmet,15 mins,Main Dishes
tasty-0145,featured in 6 Heavenly Recipes For True Bacon Lovers,95,Pierce Abernathy Tasty Team,45 minutes,Chicken
foodnetwork-1816,Pull-Apart Dog Bites,0.0,Kardea Brown Kardea Brown Kardea Brown,,Recipes
tasty-1797,featured in Sides for Garlic Lovers,81,Alix Traeger,1 hr 10 min,Chicken
nytimes-1536,Classic French Toast By Julia Moskin,5,Julia Moskin,20 to 30 minutes,Vegetarian
tasty-1671,featured in Sweet Potato Guerrilla Tacos with Almond Salsa,89,Hitomi Aihara Tasty Team,1 hr 38 min,Chicken
tasty-2371,Leftover Cheesy Bacon Rice Croquettes,93,Rie McClenny,20 minutes,Chicken
tasty-0952,"Mac ‘N’ ""Cheese"" With Nutritional Yeast",84,Crystal Hatch Tasty Team,35 minutes,Chicken
allrecipes-1180,Pumpkin Cookie Recipes,4.5,Lucy Randall,20 mins,Main Dishes
foodnetwork-1250,,0.0,Kardea Brown Kardea Brown Kardea Brown,,Recipes
nytimes-0188,"Plum-Almond Crumble By David Tanis Updated Sept. 3, 2024",5,David Tanis,55 minutes,Vegetarian
allrecipes-1022,"Chicken, Apple, and Brussels Sprout Sheet Pan Dinner 31 Ratings",4.9,Allrecipes Test Kitchen,20 mins,Main Dishes
foodnetwork-2122,,0.0,Kardea Brown Kardea Brown Kardea Brown,,Recipes
tasty-1347,Cheesy Taquitos (Chequitos),87,Alix Traeger Tasty Team,45 minutes,Chicken
nytimes-1084,"Pasta With Corn, Zucchini And Tomatoes",2,,30 minutes,Vegetarian
foodnetwork-0032,,,Kardea Brown Kardea Brown Kardea Brown,,Recipes
nytimes-0987,Chickpea Harissa Soup By Ali Slagle,4,Ali Slagle,30 minutes,Vegetarian
tasty-0450,Apple Farro Salad Apple Farro Salad,97,,15 minutes,Chicken
tasty-0636,Roasted Cauliflower With Cumin And Turmeric,93,Pierce Abernathy,25 minutes,Chicken
foodnetwork-0324,Flourless Chocolate Cake Flourless Chocolate Cake,,Kardea Brown Kardea Brown Kardea Brown,,Recipes
allrecipes-0550,Zucchini Nut Bars 13 Ratings,,John Mitzewich,15 mins,Main Dishes
foodnetwork-1156,Roasted Red Pepper Pizza,,Kardea Brown Kardea Brown Kardea Brown,,Recipes
nytimes-0601,Roasted Shrimp Cocktail With Horseradish Sauce,5,Melissa Clark,25 minutes,Vegetarian
tasty-1615,Chicken Parmesan Bread Bowl,83,Presented by Palmolive,1 hr 40 min,Chicken
cookingclassy-0971,Oven Roasted Chicken Tacos,5,,15 minutes,Breakfast
tasty-0497,Baileys Bread Pudding Baileys Bread Pudding,91,Katie Aubin & Alexis Deboschnek,1 hr 12 min,Chicken
tasty-1794,Spinach And Cheese Mini Calzones,93,Pierce Abernathy Tasty Team,50 minutes,Chicken
allrecipes-0017,Protein Powerhouse Baked Oatmeal 17 Ratings,4.0,Emily Nienhaus,15 mins,Main Dishes
tasty-2136,"featured in Game Day Ribs, Sliders, And Pretzel Bombs",98,Scott Loitsch,8 hr 15 min,Chicken
foodnetwork-1051,Thai Coconut-Spice Blend Thai Coconut-Spice Blend,,Kardea Brown Kardea Brown Kardea Brown,,Recipes
cookingclassy-0814,Individual Pavlovas with Cream Cheese Whipped Cream and Raspberry Sauce,5,,35 minutes,Breakfast
cookingclassy-0871,Brownie Peppermint Cookies,5,,30 minutes,Breakfast
foodnetwork-0090,Kenny and Ziggy's Chicken Matzo Ball Soup Recipe,,Kardea Brown Kardea Brown Kardea Brown,,Recipes
nytimes-0110,Arugula Salad With Parmesan,5,Ali Slagle,5 minutes,Vegetarian
nytimes-1462,Carrot Loaf Cake With Tangy Lemon Glaze,4,Yossy Arefi,,Vegetarian
cookingclassy-0169,Chia Seed Pudding,5,Adriana Lopez,5 minutes,Breakfast
foodnetwork-0741,Orange Almond Cake Orange Almond Cake,,Kardea Brown Kardea Brown Kardea Brown,,Recipes
tasty-2274,Sweet Potato Hash Egg Cups,92,Mel Boyajian,50 minutes,Chicken
foodnetwork-0892,Crispy Cornmeal Okra Crispy Cornmeal Okra,,Kardea Brown Kardea Brown Kardea Brown,,Recipes
foodnetwork-1419,Strawberry Cream Milkshake Strawberry Cream Milkshake Strawberry Cream Milkshake,0.0,Kardea Brown Kardea Brown Kardea Brown,,Recipes
cookingclassy-0957,Black Beans {Crockpot or Instant Pot},4.34,,10 minutes,Breakfast
tasty-0320,Crispy Rolled Chicken Parma Crispy Rolled Chicken Parma,97,Jordan Kenna,23 minutes,Chicken
nytimes-0499,"Avocado, Radish and Iceberg Lettuce Salad",4,David Tanis,20 minutes,Vegetarian
tasty-1114,featured in Herb Salt Chicken and Sweet Potato Au Gratin,96,Greg Perez Tasty Team,1 hr 5 min,Chicken
tasty-1951,Halloween-Inspired Spicy Tomato Cream Pasta Halloween-Inspired Spicy Tomato Cream Pasta,81,,32 minutes,Chicken
nytimes-1037,"Rice Noodles With Seared Pork, Carrots and Herbs",5,Genevieve Ko,20 minutes,Vegetarian
nytimes-1398,Gyeran Bap (Egg Rice),5,Eric Kim,10 minutes,Vegetarian
nytimes-1818,Classic Scones,5,Mark Bittman,20 minutes,Vegetarian
tasty-1480,Guacamole Onion Rings Guacamole Onion Rings,72,Hannah Williams Tasty Team,30 minutes,Chicken
nytimes-2008,A to Z Muffins,5,Florence Fabricant,55 minutes,Vegetarian
cookingclassy-1179,Creamy Potato Sausage and White Cheddar Soup,4.86,,15 minutes,Breakfast
tasty-1146,Easy Freezer-Prep Mini Quiches,97,Camille Bergerson Tasty Team,1 hr,Chicken
nytimes-1735,Barberry and Orange Tea By Martha Rose Shulman,4,Martha Rose Shulman,30 minutes,Vegetarian
nytimes-0203,Gochujang Shrimp Pasta,5,Alexa Weibel,30 minutes,Vegetarian
cookingclassy-0407,Cauliflower Chicken Fried “Rice”,4.91,,20 minutes,Breakfast
allrecipes-0168,Beef Fajita Marinade 34 Ratings,4.7,Robbie Rice,15 mins,Main Dishes
nytimes-0346,Malva Pudding,4,Eric Adjepong,1 hour,Vegetarian
nytimes-1178,Mojo Chicken With Pineapple,5,Ali Slagle,40 minutes,Vegetarian
tasty-2059,Sheet Tray Roasted Mushroom Salad Sheet Tray Roasted Mushroom Salad,95,Jordan Kenna,1 hr 5 min,Chicken
foodnetwork-2132,"Bacon, Bourbon and Hazelnut Cinnamon Buns Recipe",0.0,Kardea Brown Kardea Brown Kardea Brown,,Recipes
nytimes-1805,Noodle and Apple Kugel By Martha Rose Shulman,4,Martha Rose Shulman,1 hour 15 minutes,Vegetarian
nytimes-0958,"Creamy Tortellini Soup By Dan Pelosi Published Oct. 24, 2024",5,Dan Pelosi,40 minutes,Vegetarian
foodnetwork-1658,Caraway Noodles Caraway Noodles Caraway Noodles,0.0,Kardea Brown Kardea Brown Kardea Brown,,Recipes
cookingclassy-1286,Chicken Enchiladas with Green Sauce Chicken Enchiladas with Green Sauce,5,,5 minutes,Breakfast
foodnetwork-1783,,0.0,Kardea Brown Kardea Brown Kardea Brown,,Recipes
allrecipes-1038,Air Fryer Nachos Air Fryer Nachos Air Fryer Nachos,5.0,Nicole McLaughlin,10 mins,Main Dishes
tasty-0381,Easy Homemade Chicken Curry,93,Ellie Holland,1 hr 30 min,Chicken
tasty-1015,Pork Chops And Creamy Spinach Pork Chops And Creamy Spinach,94,Jordan Kenna,1 hr 2 min,Chicken
foodnetwork-0679,Low Sodium,,Kardea Brown Kardea Brown Kardea Brown,,Recipes
tasty-2287,Grilled Honey Chipotle Wings,93,Mike Price Tasty Team,1 hr 35 min,Chicken
allrecipes-1349,Air Fryer Pesto Chicken Quinoa Bowl,5.0,Chef Mo,10 mins,Main Dishes
nytimes-1249,One-Pot Pasta With Sausage and Spinach,4,Yasmin Fahr,20 minutes,Vegetarian
tasty-0205,Summer Vegetable Minestrone Soup,97,Merle O'Neal Tasty Team,1 hr 14 min,Chicken
allrecipes-0718,One-Pan Chicken Dinner 88 Ratings,4.8,Submitted by Grumpygrandpa,10 mins,Main Dishes
tasty-0153,Creamy Butternut And Sausage Pasta,97,,1 hr 20 min,Chicken
nytimes-1903,Dutch Baby,5,Florence Fabricant,40 minutes,Vegetarian
tasty-0872,Loaded Bacon Mac 'n' Cheese,94,Julie Klink,30 minutes,Chicken
nytimes-1292,Spiced Chickpea Salad With Tahini and Pita Chips,5,Hetty Lui McKinnon,Total Time About 1 hour,Vegetarian
allrecipes-0487,"Red, White, and Blueberry Lemonade",5.0,John Mitzewich,25 mins,Main Dishes
allrecipes-1608,Cranberry Jam Bars 9 Ratings,4.7,Allrecipes Test Kitchen,20 mins,Main Dishes
tasty-0293,Crunchy Taco Cups,98,Iris Tian,35 minutes,Chicken
foodnetwork-2101,,0.0,Kardea Brown Kardea Brown Kardea Brown,,Recipes
tasty-2423,featured in 12 Appetizer Recipes For Pizza Lovers,92,Alix Traeger,1 hr,Chicken
nytimes-1474,"Ham-Cured, Smoked Pork With Cognac-Orange Glaze",4,Steven Raichlen,"Total Time 4 hours, plus 48 hours’ brining",Vegetarian
tasty-1627,Buffalo Chicken Buddha Bowl,92,Chandreyee Sen,20 minutes,Chicken
tasty-2460,Lavender Latte,94,Isabel Castillo,9 minutes,Chicken
nytimes-0541,"Double-Tomato Pasta Salad By Ali Slagle Published June 29, 2022",4,Ali Slagle,"Total Time 35 minutes, plus cooling",Vegetarian
foodnetwork-1607,,,Kardea Brown Kardea Brown Kardea Brown,,Recipes
foodnetwork-0865,Homemade Lemonade Homemade Lemonade Homemade Lemonade,,Kardea Brown Kardea Brown Kardea Brown,,Recipes
allrecipes-1090,Dry Onion Soup Mix,4.8,Faye Watkins,5 mins,Main Dishes
cookingclassy-1047,Garlic Parmesan Chicken Pasta:,4.50,,10 minutes,Breakfast
foodnetwork-1732,,,Kardea Brown Kardea Brown Kardea Brown,,Recipes
allrecipes-1616,Oven Raclette,,Allrecipes Test Kitchen,10 mins,Main Dishes
nytimes-1605,Coconut-Banana Pancakes By Alison Roman,4,Alison Roman,15 minutes,Vegetarian
foodnetwork-2023,"Recipes from Spring Baking Championship, Season 2",0.0,Kardea Brown Kardea Brown Kardea Brown,,Recipes
foodnetwork-0391,Deliciously Mi,,Kardea Brown Kardea Brown Kardea Brown,,Recipes
cookingclassy-1064,Perfectly Grilled Steak,5,,,Breakfast
nytimes-0895,Honey-Roasted Sweet Potatoes and Apples,4,Ali Slagle,40 minutes,Vegetarian
nytimes-0777,Creamy Meyer Lemon Pasta,4,Christian Reynoso,,Vegetarian
nytimes-0164,"Lemon Icebox Pie By Vallery Lomas Updated Sept. 3, 2024",4,Vallery Lomas,5 minutes,Vegetarian
tasty-1730,Lomi-Lomi Salmon Poke Bowl By Brooke Williamson,90,Hannah Williams Tasty Team,10 minutes 10 minutes 10 minutes,Chicken
foodnetwork-2189,,,Kardea Brown Kardea Brown Kardea Brown,,Recipes
tasty-2151,Sweet Potato And Poblano Tacos Sweet Potato And Poblano Tacos,97,Gwenaelle Le Cochennec,1 hr 10 min,Chicken
tasty-1313,Slow-Cooker Blueberry Cobbler Slow-Cooker Blueberry Cobbler,90,Teddy Villa,2 hr 10 min,Chicken
tasty-1017,Chicken Taco Lettuce Cups,94,,45 minutes,Chicken
nytimes-0647,Green Bean Salad With Dill Pickles And Feta,5,Ali Slagle,1 hour,Vegetarian
tasty-0729,Spicy Tomato Coconut Chicken,95,6 Hot & Spicy Recipes,1 hr 15 min,Chicken
cookingclassy-1190,Coconut Chicken Corn Chowder,5,,15 minutes,Breakfast
nytimes-1732,Basic Phyllo Dough,4,Diane Kochilas,Total Time 1 hour 20 minutes,Vegetarian
nytimes-0795,Creamed Spinach Pasta By Colu Henry,4,By Colu Henry,25 minutes,Vegetarian
foodnetwork-0721,,,Kardea Brown Kardea Brown Kardea Brown,,Recipes
cookingclassy-0038,Chinese Chicken Salad Chinese Chicken Salad,4.88,,20 minutes,Breakfast
tasty-1859,Homemade Ferrero Rocher-Inspired Balls,68,,35 minutes,Chicken
nytimes-1996,Warm Apple Compote,5,Molly O'Neill,45 minutes,Vegetarian
allrecipes-1188,Apple Pie Filling,4.7,Allrecipes Test Kitchen,20 mins,Main Dishes
cookingclassy-0018,Greek Orzo Salad,4.96,,20 minutes,Breakfast
tasty-1818,Cheesy Baked Hash Brown Patties Cheesy Baked Hash Brown Patties,77,Joey Firoben,1 hr 4 min,Chicken
nytimes-0103,"Banana Muffins By Samantha Seneviratne Published Sept. 27, 2024",5,Samantha Seneviratne,40 minutes,Vegetarian
allrecipes-0682,How to Make One Pot Lemon Chicken Orzo,4.7,Allrecipes Test Kitchen,5 mins,Main Dishes
foodnetwork-0816,Simple Roasted Corn Simple Roasted Corn,,Kardea Brown Kardea Brown Kardea Brown,,Recipes
allrecipes-1452,Doomy Nytress (Doomy),4.4,Submitted by Katrina,30 mins,Main Dishes
nytimes-0523,"Air-Fryer Turkey Breast By Vivian Chan-Tam Updated Nov. 18, 2024",5,Vivian Chan-Tam,"55 minutes, plus 8 hours’ brining and 20 minutes’ resting",Vegetarian
foodnetwork-0635,Oven Roasted Mushrooms Oven Roasted Mushrooms Oven Roasted Mushrooms,,Kardea Brown Kardea Brown Kardea Brown,,Recipes
tasty-0357,Chicken Parmesan Sliders Chicken Parmesan Sliders,78,Alvin Zhou Tasty Team,35 minutes,Chicken
nytimes-1357,"Berry Jam Buns By Yossy Arefi Published Dec. 13, 2023",4,Yossy Arefi,"About 1½ hours, plus about 3 hours’ rising",Vegetarian
nytimes-0239,"Fajita Seasoning By Lidey Heuck Published Jan. 18, 2024",5,Lidey Heuck,10 minutes,Vegetarian
tasty-0944,Cuban Shrimp Creole Under 30 min,96,Presented by Gourmet Garden,41 minutes,Chicken
nytimes-0999,"Slow-Cooker Mulligatawny Soup By Sarah DiGregorio Updated Nov. 11, 2022",4,Sarah DiGregorio,Total Time 6 hours and 10 minutes,Vegetarian
cookingclassy-0879,White Beand Kale Soup,5,,10 minutes,Breakfast
nytimes-0609,Creamy Chive Pasta With Lemon,4,Ali Slagle,25 minutes,Vegetarian
foodnetwork-2191,,0.0,Kardea Brown Kardea Brown Kardea Brown,,Recipes
tasty-0585,Truffle Mac ‘n’ Cheese,93,Hitomi Aihara Tasty Team,35 minutes,Chicken
nytimes-0631,Atole de Grano (Savory Corn Porridge With Chicken),5,Rick A. Martínez,35 minutes,Vegetarian
foodnetwork-0876,,,Kardea Brown Kardea Brown Kardea Brown,,Recipes
tasty-1054,Sticky Chinese BBQ Chicken Sticky Chinese BBQ Chicken,81,Claire Nolan Tasty Team,2 hr,Chicken
allrecipes-0429,Sour Cream and Chive Skillet Dinner Rolls,,,40 mins,Main Dishes
cookingclassy-0506,Cannoli Cream Puffs Cannoli Cream Puffs,4.86,Dana V,10 minutes,Breakfast
tasty-0395,Crispy Chili Beef,98,Ellie Holland Tasty Team,25 minutes,Chicken
allrecipes-0385,Easy and Tasty Chicken Tortilla Soup 76 Ratings,2.0,Chef Mo,10 mins,Main Dishes
tasty-1164,One-Pan Chicken And Veggie Meal Prep 2 Ways,93,Camille Bergerson,15 minutes,Chicken
tasty-0392,Sopes De Carnitas Sopes De Carnitas,99,Claire Nolan & Gabriel Barajas,40 minutes,Chicken
allrecipes-1111,Scrambled Eggs in a Mug,4.6,Allrecipes Test Kitchen,,Main Dishes
allrecipes-1470,Summer Corn Salad with Asparagus 37 Ratings,4.9,Elberta McCoskey,5 mins,Main Dishes
tasty-1120,Avocado Wedges Under 30 min,87,Hannah Williams Tasty Team,35 minutes,Chicken
tasty-2166,Spicy Mango Chicken Wings Spicy Mango Chicken Wings,91,Crystal Hatch,55 minutes,Chicken
nytimes-0153,Whipped Coffee,4,Vaughn Vreeland,,Vegetarian
tasty-2311,Savory Sweet Potato Casserole Presented by Kroger,95,,55 minutes,Chicken
nytimes-0825,Roasted Fish and Leeks Vinaigrette,5,Lidey Heuck,45 minutes,Vegetarian
nytimes-1200,Pressure Cooker Chipotle Chicken Pozole By Sarah DiGregorio,5,Sarah DiGregorio,50 minutes,Vegetarian
allrecipes-1055,Mexican Corn-off-the-Cob Salad 10 Ratings Mexican Corn-off-the-Cob Salad 10 Ratings,4.8,Kc Betzel,15 mins,Main Dishes
allrecipes-0233,Big Mac Crispy Rice,4.3,Marianne Williams,10 mins,Main Dishes
nytimes-0399,Butternut Squash Congee With Chile Oil,4,Hetty Lui McKinnon,45 minutes,Vegetarian
nytimes-1495,Cinnamon Roll Bread By Erin Jeanne McDowell,4,Erin Jeanne McDowell,"Total Time 1 hour 30 minutes, plus 2 hours’ rising",Vegetarian
foodnetwork-1582,,0.0,Kardea Brown Kardea Brown Kardea Brown,,Recipes
allrecipes-1570,Spinach Dip Recipes,4.7,Sunny Hart,15 mins,Main Dishes
allrecipes-0811,Pan-Seared Cod with Lemon Aioli,4.8,By TheDailyGourmet,15 mins,Main Dishes
tasty-0448,Holiday Cornbread Stuffing By Rie Presented by McCormick,96,Torta Ahogada,1 hr 20 min,Chicken
allrecipes-1414,Next Up Slow Cooker Broccoli Beef 02:06,4.6,John Mitzewich,0 of 30 seconds,Main Dishes
tasty-2042,Prawn Paste Chicken (Har Cheong Gai),97,Presented by VisitSingapore,50 minutes,Chicken
tasty-1668,One-Pan Chicken And Veggie Meal Prep 2 Ways,93,Matthew Johnson Tasty Team,45 minutes,Chicken
foodnetwork-1759,,0.0,Kardea Brown Kardea Brown Kardea Brown,,Recipes
allrecipes-1699,Vodka Drinks Recipes,4.3,Allrecipes Test Kitchen,2 mins,Main Dishes
tasty-0914,Instant Pot Summer Corn And Bacon Soup,96,Rie McClenny & Karlee Rotoly,50 minutes,Chicken
allrecipes-0111,Caprese Salad with Balsamic Reduction,4.7,Joyce Fahey,15 mins,Main Dishes
nytimes-0378,"Garlicky, Buttered Carrots By Alison Roman Published April 1, 2020",4,Alison Roman,15 minutes,Vegetarian
nytimes-0932,"Linguine With Zucchini, Corn and Shrimp",,Kia Damon,About 1 hour,Vegetarian
tasty-0655,Spaghetti Squash “Pasta” Meal Prep 2 Ways,97,Tiffany Lo,25 minutes,Chicken
allrecipes-1095,"Egg-Free, Dairy-Free, Nut-Free Cake 265 Ratings",4.7,Allrecipes Test Kitchen,15 mins,Main Dishes
allrecipes-0101,Homemade Sloppy Joes,4.7,John Mitzewich,15 mins,Main Dishes
allrecipes-0319,Carrot Potato Gratin,2.5,"Kathryn Hendrix, RDN, LD",20 mins,Main Dishes
foodnetwork-2022,Kale Juice Kale Juice Kale Juice,0.0,Kardea Brown Kardea Brown Kardea Brown,,Recipes
nytimes-1149,Sheet-Pan Miso Chicken With Radishes and Lime,4,Yasmin Fahr,45 minutes,Vegetarian
allrecipes-0625,Spinach Lasagna Recipes,3.0,Rachaell Rampini,20 mins,Main Dishes
nytimes-1646,Turkey Hash With Brussels Sprouts and Parsnips,5,David Tanis,45 minutes,Vegetarian
tasty-0682,Cheesy Baked Hash Brown Patties,83,Merle O'Neal,1 hr 5 min,Chicken
nytimes-0177,Skillet Tortellini With Corn and Crispy Rosemary,4,Ali Slagle,20 minutes,Vegetarian
allrecipes-1512,Simple Slow Cooker Jambalaya 36 Ratings,5.0,Ita Mac Airt,,Main Dishes
foodnetwork-0154,,,Kardea Brown Kardea Brown Kardea Brown,,Recipes
allrecipes-0334,"Broccoli with Garlic Butter and Cashews 2,245 Ratings",,Nicole Russell,5 mins,Main Dishes
foodnetwork-0511,,,Kardea Brown Kardea Brown Kardea Brown,,Recipes
allrecipes-1402,"Recipes Soups, Stews and Chili Recipes Stews Beef",4.2,Maisha Dewan,30 mins,Main Dishes
foodnetwork-0069,"Mellisa Claver June 13, 2021",,Kardea Brown Kardea Brown Kardea Brown,,Recipes
nytimes-0506,Purê de Mandioca (Creamy Yuca Purée),4,Christina Morales,30 minutes,Vegetarian
tasty-0052,One-Pot Chicken Spinach Bacon Alfredo,96,Alvin Zhou,45 minutes,Chicken
allrecipes-0461,Cranberry Applesauce Muffins 194 Ratings,4.0,By TheDailyGourmet,10 mins,Main Dishes
allrecipes-1052,Avocado Egg Salad 244 Ratings,4.7,Walter R,10 mins,Main Dishes
nytimes-1819,"Mango, Orange and Ginger Smoothie By Martha Rose Shulman",5,Martha Rose Shulman,About 5 minutes,Vegetarian
allrecipes-0008,High Protein Scrambled Pancakes,,By TheDailyGourmet,5 mins,Main Dishes
allrecipes-0099,Three Bean Salad Recipes,4.6,Allrecipes Test Kitchen,15 mins,Main Dishes
nytimes-0701,Green Beand Tofu Salad With Peanut Dressing,4,Genevieve Ko,20 minutes,Vegetarian
nytimes-1775,Vanilla-Fruit Smoothie By Mark Bittman,4,Mark Bittman,,Vegetarian
foodnetwork-0700,,,Kardea Brown Kardea Brown Kardea Brown,,Recipes
nytimes-1493,"Skillet Greens With Runny Eggs, Peas and Pancetta",4,Melissa Clark,30 minutes,Vegetarian
foodnetwork-1580,Baked Virginia Ham Baked Virginia Ham Baked Virginia Ham,0.0,Kardea Brown Kardea Brown Kardea Brown,,Recipes
allrecipes-0031,"Bacon, Egg, and Cheese Buttermilk Biscuit Breakfast Sandwich 2 Ratings",4.6,Roscoe Hall,5 mins,Main Dishes
cookingclassy-1187,Creamy Parmesand Spinach Shrimp Creamy Parmesand Spinach Shrimp,5,,10 minutes,Breakfast
tasty-1731,50-Garlic Clove Beef Bulgogi Onigiri,81,Tikeyah Whittle & Amanda Berrill,35 minutes,Chicken
nytimes-0615,"Cinnamon Date Smoothie By Sohla El-Waylly Published Jan. 17, 2025",5,Sohla El-Waylly,10 minutes,Vegetarian
allrecipes-0540,Maple Rum Flip,4.7,Juliana Hale,5 mins,Main Dishes
allrecipes-1557,Grilled Peach Bourbon Smash 4 Ratings,4.9,Dale Meech,5 mins,Main Dishes
tasty-1644,Sesame Salmon With Orange Slaw,94,Joey Firoben Tasty Team,27 minutes,Chicken
tasty-0670,Lemon Parmesan Chicken Traybake,93,Ellie Holland Tasty Team,35 minutes,Chicken
nytimes-1912,Shrimp and Grits,5,Pearl’s Café,45 minutes,Vegetarian
nytimes-1915,Cranberry Nut Bread By Florence Fabricant,5,Florence Fabricant,"1 hour 20 minutes, plus overnight cool",Vegetarian
foodnetwork-0632,"batiuchka April 14, 2023 batiuchka",,Kardea Brown Kardea Brown Kardea Brown,,Recipes
tasty-2050,Spaghetti and Meatballs with Bone Marrow Sauce by Richard Blais,82,Sarah Banh Tasty Team,45 minutes,Chicken
cookingclassy-0896,Teriyaki Shrimp and Asparagus Stir-Fry,5,,25 minutes,Breakfast
nytimes-0796,Cod and Corn With Old-Bay Butter,5,Kay Chun,20 minutes,Vegetarian
cookingclassy-0505,Yogurt Marinated Chicken,5,,20 minutes,Breakfast
nytimes-1151,Recipe from Dr. Jyotsna Mhatre Adapted by Sarah DiGregorio,4,Dr. Jyotsna Mhatre,25 minutes,Vegetarian
cookingclassy-0124,Greek Orzo Salad Greek Orzo Salad,5,Marion Klun,20 minutes,Breakfast
cookingclassy-0210,Mango Peach and Strawberry Smoothie,4.84,,5 minutes,Breakfast
nytimes-1998,Healthy Hot Cakes,4,Molly O'Neill,45 minutes,Vegetarian
cookingclassy-0748,Italian Cream Cupcakes,4.43,JoGene Vega,30 minutes,Breakfast
foodnetwork-0901,Fire Roasted Chestnut Caramel Cookies Fire Roasted Chestnut Caramel Cookies,,Kardea Brown Kardea Brown Kardea Brown,,Recipes
nytimes-0739,Spicy Soy-Braised Short Ribs,5,By Ifrah F. Ahmed,3 hours 10 minutes,Vegetarian
foodnetwork-0288,,,Kardea Brown Kardea Brown Kardea Brown,,Recipes
allrecipes-0601,Tahini Butter Cookies,,"Kathryn Hendrix, RDN, LD",20 mins,Main Dishes
nytimes-1828,Morning Oatmeal With Cherries and Pistachios,5,Martha Rose Shulman,"15 minutes, plus brining overnight",Vegetarian
nytimes-1829,Recipe from Shauna James Ahern Adapted by Melissa Clark,4,Shauna James Ahern,1 hour,Vegetarian
cookingclassy-0944,Cilantro Lime Shrimp Cilantro Lime Shrimp,4.91,Karen K,10 minutes,Breakfast
allrecipes-1044,Easy Broccoli Bacon Salad,4.8,,20 mins,Main Dishes
foodnetwork-0672,"Lettuce, for serving",,Kardea Brown Kardea Brown Kardea Brown,,Recipes
cookingclassy-0919,Mavis Dunk Mavis Dunk,,,18 minutes,Breakfast
foodnetwork-0167,Gingerbread Martini Gingerbread Martini Gingerbread Martini,,Kardea Brown Kardea Brown Kardea Brown,,Recipes
nytimes-1377,Recipe from Jes Thomas,4,Jes Thomas,1 hour,Vegetarian
tasty-0346,Bake & Save Beef and Cheese Rigatoni Pasta,95,Hannah Williams Tasty Team,1 hr 5 min,Chicken
allrecipes-0291,Carrie's Pad Thai Salad,4.9,Carrie Medina,20 mins,Main Dishes
foodnetwork-0764,,,Kardea Brown Kardea Brown Kardea Brown,,Recipes
allrecipes-1623,Slow Cooker Brisket Tacos,5.0,Sarah Brekke,20 mins,Main Dishes
tasty-0820,Southwestern Baked Potato Southwestern Baked Potato,96,Camille Bergerson Tasty Team,1 hr 20 min,Chicken
nytimes-1492,Soft-Boiled Eggs With Anchovy Toast By Sam Sifton,4,Sam Sifton,,Vegetarian
allrecipes-0618,Chicken Satay Bowls with Spicy Peanut Sauce,5.0,LaDonna Langwell,30 mins,Main Dishes
tasty-0596,"Frank Tiu, Kanchan Koya & Jacqueline Tris Tasty Team",96,,1 hr 1 min,Chicken
allrecipes-0594,Easy Lemon Cake Mix Brownies,5.0,Nicole McLaughlin,10 mins,Main Dishes
foodnetwork-2165,,,Kardea Brown Kardea Brown Kardea Brown,,Recipes
foodnetwork-0344,,,Kardea Brown Kardea Brown Kardea Brown,,Recipes
cookingclassy-0583,3-Ingredient Peanut Butter Cookies {Flourless},5,,Prep 8 minutes,Breakfast
foodnetwork-0918,Stuffed Halibut Cheeks rated 4.3 of 5 stars 4,,Kardea Brown Kardea Brown Kardea Brown,,Recipes
nytimes-1531,"Scallion Egg Wrap By Genevieve Ko Updated Feb. 24, 2021",4,Genevieve Ko,5 minutes,Vegetarian
nytimes-1554,Kimchi Rice Porridge By Ali Slagle,4,By Ali Slagle,30 minutes,Vegetarian
nytimes-1382,Chile-Oil Fried Eggs With Greens and Yogurt,4,,"Total Time 30 minutes, plus cooling",Vegetarian
tasty-0722,Slow Cooker Short Ribs,93,Niki Ang,8 hr 15 min,Chicken
foodnetwork-0544,,,Kardea Brown Kardea Brown Kardea Brown,,Recipes
tasty-0087,Halloween-Inspired Spicy Tomato Cream Pasta Halloween-Inspired Spicy Tomato Cream Pasta,97,Hitomi Aihara Tasty Team,30 minutes,Chicken
cookingclassy-0386,Grilled Teriyaki Chicken Bowls Grilled Teriyaki Chicken Bowls,4.92,Vickie Davis,10 minutes,Breakfast
tasty-0415,Dominican Pasteles En Hoja As Made By Julissa Calderon,95,Joey Firoben,40 minutes,Chicken
foodnetwork-1622,,0.0,Kardea Brown Kardea Brown Kardea Brown,,Recipes
nytimes-0108,"Harissa-Honey Pork Tenderloin By Ali Slagle Updated Oct. 11, 2023",4,Ali Slagle,35 minutes,Vegetarian
tasty-1787,featured in Mason Jar Salad Dressing 9 Ways,91,Matthew Johnson Tasty Team,10 minutes 10 minutes,Chicken
allrecipes-1313,Instant Pot Yankee Pot Roast 9 Ratings,4.9,Submitted by Soup Loving Nicole,5 mins,Main Dishes
nytimes-1018,Vegan Zha Jiang Mian,4,Sue Li,45 minutes,Vegetarian
allrecipes-1295,Instant Pot Baked Potatoes,5.0,Nicole Russell,5 mins,Main Dishes
tasty-1372,Peri Chicken Feast Peri Chicken Feast Peri Chicken Feast,97,Alix Traeger,1 hr 10 min,Chicken
nytimes-1184,Chicken Braised in Two Vinegars By Colu Henry,4,By Colu Henry,30 minutes,Vegetarian
foodnetwork-1341,Low Sodium,0.0,Kardea Brown Kardea Brown Kardea Brown,,Recipes
tasty-0803,Air Fryer Zucchini Fries Air Fryer Zucchini Fries,81,Mercedes Sandoval Tasty Team,30 minutes,Chicken
foodnetwork-1539,Vegetarian Jollof Rice Vegetarian Jollof Rice Vegetarian Jollof Rice,,Kardea Brown Kardea Brown Kardea Brown,,Recipes
foodnetwork-1705,,0.0,Kardea Brown Kardea Brown Kardea Brown,,Recipes
cookingclassy-0840,Peppermint Red Velvet Cookies with Peppermint Kisses,5,Oooh this looks amaazing!,25 minutes,Breakfast
tasty-2165,North African-Style Poached Eggs In Tomato Sauce,96,Alvin Zhou Tasty Team,45 minutes,Chicken
cookingclassy-0246,Banana Bread Pancakes with Cream Cheese Glaze,5,,20 minutes,Breakfast
tasty-2390,Sweet Potato Breakfast Bake,92,Katie Aubin,1 hr,Chicken
nytimes-0677,"Pepperoni Baked Pasta By Yossy Arefi Published March 8, 2024",4,Yossy Arefi,About 1 hour,Vegetarian
nytimes-1340,"Energy Bars By Genevieve Ko Published Jan. 2, 2024",4,Genevieve Ko,10 minutes,Vegetarian
cookingclassy-1157,Moroccan Sweet Potato and Lentil Soup,4.94,,15 minutes,Breakfast
foodnetwork-1685,Salmon Sushi Bites Salmon Sushi Bites Salmon Sushi Bites,,Kardea Brown Kardea Brown Kardea Brown,,Recipes
tasty-0680,Grilled Potato Volcanoes Grilled Potato Volcanoes,94,Alvin Zhou Tasty Team,55 minutes,Chicken
tasty-0268,Chinese Chicken Curry Chinese Chicken Curry,93,Claire Nolan Tasty Team,1 hr,Chicken
tasty-0274,Easy Breakfast Frittata Easy Breakfast Frittata,91,Ellie Holland Tasty Team,20 minutes,Chicken
nytimes-0655,Polish Cottage Cheese Dip (Gzik) By Kim Severson,4,Kim Severson,15 minutes,Vegetarian
tasty-0958,Butternut Squash Fries Butternut Squash Fries,79,Merle O'Neal Tasty Team,50 minutes,Chicken
allrecipes-1322,Easy Instant Pot Spaghetti Squash,4.4,,5 mins,Main Dishes
foodnetwork-2018,,0.0,Kardea Brown Kardea Brown Kardea Brown,,Recipes
tasty-0479,Chocolate Avocado Brownies,76,Crystal Hatch,45 minutes,Chicken
tasty-2006,Instant Pot Perfect Rice,91,,18 minutes,Chicken
nytimes-0057,"Sautéed Green Beans By Kia Damon Published June 5, 2024",5,Kia Damon,15 minutes,Vegetarian
tasty-0960,Cheddar Bacon Ranch Bowl Burgers Cheddar Bacon Ranch Bowl Burgers,95,,55 minutes,Chicken
nytimes-1598,Baked French Toast With Oat Crumble Topping By Melissa Clark,4,Melissa Clark,"Total Time 1½ hours, plus 4 hours' resting",Vegetarian
cookingclassy-1172,Honey Teriyaki Salmon and Veggies in Foil,5,Constance Lorraine Moore,15 minutes,Breakfast
foodnetwork-0744,Rosemary Bruschetta Rosemary Bruschetta Rosemary Bruschetta,,Kardea Brown Kardea Brown Kardea Brown,,Recipes
allrecipes-0748,One Pot Turmeric Chicken and Rice,4.3,Brenda Venable,20 mins,Main Dishes
foodnetwork-1012,Coffee Liqueur,0.0,Kardea Brown Kardea Brown Kardea Brown,,Recipes
nytimes-2036,Mock Eggs Benedict By Craig Claiborne,4,Craig Claiborne,30 minutes,Vegetarian
foodnetwork-0855,Delicious Dunkers Delicious Dunkers Delicious Dunkers,,Kardea Brown Kardea Brown Kardea Brown,,Recipes
tasty-0799,How To Make Classic French Toast,98,,20 minutes,Chicken
allrecipes-1501,Yellow Rice for Rice Cookers,4.4,,10 mins,Main Dishes
allrecipes-1126,Chocolate Pudding Recipes,4.5,,5 mins,Main Dishes
allrecipes-1568,The Best Greek Salad,4.7,Carol Amos,30 mins,Main Dishes
foodnetwork-1455,,0.0,Kardea Brown Kardea Brown Kardea Brown,,Recipes
nytimes-1597,Crab Croque-Madame By David Tanis,4,David Tanis,40 minutes,Vegetarian
tasty-0461,Somali Bariis By Amal Dalmar,93,Evelyn Liu Tasty Team,2 hr 10 min,Chicken
cookingclassy-0456,Asian Chicken Noodle Soup,5,,15 minutes,Breakfast
allrecipes-1603,Old Fashioned Pineapple Upside-Down Cake 534 Ratings,4.4,C N.,15 mins,Main Dishes
foodnetwork-1159,Garlic Meatball Po'Boys Garlic Meatball Po'Boys Garlic Meatball Po'Boys,,Kardea Brown Kardea Brown Kardea Brown,,Recipes
cookingclassy-0750,Carrot Cake Cookies with Cream Cheese Frosting,5,Lauren B.,30 minutes,Breakfast
tasty-1775,Habanero Hot Sauce,96,Julie Klink,39 minutes,Chicken
nytimes-1405,Recipe from Allysa Torey Adapted by Margaux Laskey,4,Allysa Torey,45 minutes,Vegetarian
nytimes-1592,Pumpkin Maple Muffins By Alison Roman,5,Alison Roman,50 minutes,Vegetarian
foodnetwork-0863,Side Dish,,Kardea Brown Kardea Brown Kardea Brown,,Recipes
cookingclassy-0990,Orange Garlic Shrimp Orange Garlic Shrimp,5,,10 minutes,Breakfast
nytimes-1112,Chicken Cutlets,5,Lidey Heuck,40 minutes,Vegetarian
allrecipes-0664,Mexican Main Dishes Enchilada Recipes Chicken,4.3,Brenda Venable,20 mins,Main Dishes
foodnetwork-1334,Rolo-Stuffed Banana Poke Cake Recipe,0.0,Kardea Brown Kardea Brown Kardea Brown,,Recipes
allrecipes-0841,Air Fryer Chicken Thighs,4.8,Brenda Venable,10 mins,Main Dishes
cookingclassy-1254,Moroccan Sweet Potato Salad Moroccan Sweet Potato Salad,5,,10 minutes,Breakfast
allrecipes-1691,01:00 Mojitos By The Pitcher,4.9,,10 mins,Main Dishes
tasty-1219,Golden Chicken Sandwich As Made By Chef Kuniko Yagi,82,Ivan Diaz,,Chicken
foodnetwork-1125,,,Kardea Brown Kardea Brown Kardea Brown,,Recipes
allrecipes-0833,Ashley's Chicken Katsu with Tonkatsu Sauce 123 Ratings,4.7,Submitted by sakuraiiko,15 mins,Main Dishes
tasty-0694,featured in 5 Freezer-Friendly Dinners You Can Prep On Sunday,91,,3 hr 50 min,Chicken
allrecipes-1671,Top Shelf Sparkling Margarita Jell-O 3 Ratings,4.8,Submitted by Sledge,10 mins,Main Dishes
allrecipes-0872,04:24 Quick Chicken Piccata 04:24 Quick Chicken Piccata,4.7,John Mitzewich,10 mins,Main Dishes
nytimes-0693,Crispy Chickpea Stew With Greens and Lemon,4,Melissa Clark,45 minutes,Vegetarian
nytimes-1155,Coconut Milk-Simmered Chicken Breasts With Vegetables,4,Susan Spungen,30 minutes,Vegetarian
foodnetwork-2259,Dad's Roast Chicken -- My Way with a Parsley...,0.0,Kardea Brown Kardea Brown Kardea Brown,,Recipes
nytimes-1265,"Braised Chicken With Rosemary, Chickpeas and Salted Lemon",4,By Yewande Komolafe,50 minutes,Vegetarian
cookingclassy-0731,Carrot Cake Cupcakes with Cream Cheese Frosting,4.91,,35 minutes,Breakfast
tasty-0250,Prawn Paste Chicken (Har Cheong Gai) Presented by VisitSingapore,92,Ellie Holland Tasty Team,6 hr 30 min,Chicken
allrecipes-1558,Grandma's Sweet Hubbard Squash Custard Pie,4.9,Colleen Mitchell,20 mins,Main Dishes
nytimes-1905,Jordan Marsh’s Blueberry Muffins,5,Marian Burros,"40 minutes, plus at least 30 minutes' cooling",Vegetarian
nytimes-1399,Recipe from Kyo Pang Adapted by Kiera Wright-Ruiz,4,,45 minutes,Vegetarian
nytimes-0952,Baked Potato Soup,4,Ali Slagle,45 minutes,Vegetarian
foodnetwork-1056,Upside-Down Bananas Foster Cake rated 4.0 of 5 stars 6,,Kardea Brown Kardea Brown Kardea Brown,,Recipes
tasty-0645,featured in Red Meat Dinners,96,Matthew Johnson Tasty Team,1 hr,Chicken
allrecipes-1406,Pacific Cuban Black Beans and Rice 97 Ratings,4.6,Kecia Pratt-Stewart,30 mins,Main Dishes
tasty-1260,Creamy Tuscan Chicken Creamy Tuscan Chicken,78,Crystal Hatch,3 hr 15 min,Chicken
nytimes-0535,"Radicchio Caesar Salad By Eric Kim Published July 15, 2022",5,Eric Kim,15 minutes,Vegetarian
nytimes-0090,Strawberry Parfait,4,David Tanis,15 minutes,Vegetarian
nytimes-1186,Sesame Chicken With Cashews and Dates By Melissa Clark,5,Melissa Clark,20 minutes,Vegetarian
allrecipes-0411,Roasted Cauliflower and Garlic Soup,5.0,France Cevallos,20 mins,Main Dishes
allrecipes-0613,Pesto Chicken Pasta Salad,5.0,Sarah Brekke,10 mins,Main Dishes
foodnetwork-1735,Emeril's Chili Recipe,0.0,Kardea Brown Kardea Brown Kardea Brown,,Recipes
allrecipes-1516,Cranberry Salsa,4.8,Submitted by Shan559,15 mins,Main Dishes
foodnetwork-0058,Deli Stuffed Eggwiches Deli Stuffed Eggwiches Deli Stuffed Eggwiches,,Kardea Brown Kardea Brown Kardea Brown,,Recipes
foodnetwork-0339,Atomic Apples Atomic Apples Atomic Apples,,Kardea Brown Kardea Brown Kardea Brown,,Recipes
nytimes-0492,"Featured in: Leftover Thanksgiving Turkey Makes the Best, Coziest Soups",4,Liyan Chen,40 minutes,Vegetarian
tasty-2348,Pizza Onion Rings Pizza Onion Rings Pizza Onion Rings,88,Spencer Kombol,35 minutes,Chicken
allrecipes-1315,Pressure Cooker Hard-Boiled Eggs,4.8,,5 mins,Main Dishes
allrecipes-0604,Dawn's Easy Red Velvet Sandwich Cookies 158 Ratings,4.0,,45 mins,Main Dishes
allrecipes-0030,How to Make Jalapeno Popper Twists,5.0,Roscoe Hall,10 mins,Main Dishes
cookingclassy-0050,Quinoa Salad Quinoa Salad,5,,15 minutes,Breakfast
allrecipes-0263,Charred Red Cabbage and Carrot Salad,5.0,John Mitzewich,15 mins,Main Dishes
cookingclassy-0444,One-Pan Creamy Lemon Pasta with Chicken and Asparagus,4.95,,15 minutes,Breakfast
allrecipes-0247,Pecan Chicken Salad,4.7,Kathy Dassey-Koch,20 mins,Main Dishes
allrecipes-0852,Flat Iron Steak Grilled to a 'Tea' 2 Ratings,4.6,Allrecipes Test Kitchen,20 mins,Main Dishes
cookingclassy-0220,Sheet Pan Turkey Sausage Potato and Pepper Hash,5,,10 minutes,Breakfast
nytimes-1677,Simple Yeasted Waffles By Melissa Clark,5,Melissa Clark,"Total Time 1 hour, plus 2 to 3 hours’ standing",Vegetarian
allrecipes-0199,Our Best Kid-Friendly Gluten-Free Dinners,,Diana Moutsopoulos,10 mins,Main Dishes
allrecipes-0532,Sugar Cookie Coffee Creamer,4.5,Nicole McLaughlin,5 mins,Main Dishes
tasty-1698,Sweet Roll Stuffing Sweet Roll Stuffing Sweet Roll Stuffing,80,Chris Rosa & David Osei,1 hr 55 min,Chicken
tasty-2489,Grilled Brown Sugar Bourbon Salmon Salad,97,Matthew Johnson Tasty Team,40 minutes,Chicken
allrecipes-1222,Boiled Peanuts,4.7,Corey Williams,5 mins,Main Dishes
nytimes-1166,"Spicy, Lemony Chicken Breasts With Croutons and Greens",4,Dawn Perry,30 minutes,Vegetarian
nytimes-1264,Vegan Caesar Salad With Crisp Chickpeas,5,Becky Hughes,25 minutes,Vegetarian
allrecipes-0455,Copycat Cheesecake Factory Brown Bread,4.8,Sarah Brekke,25 mins,Main Dishes
tasty-1331,featured in Japanese Grilled Skewers 4 Ways (Kushiyaki),91,Alvin Zhou Tasty Team,35 minutes,Chicken
allrecipes-1197,Saltine Cracker Toffee,4.7,Allrecipes Test Kitchen,10 mins,Main Dishes
tasty-1833,Cheesy Stuffed Eggplant,86,Tayo Ola,1 hr 40 min,Chicken
foodnetwork-1372,"Roma Downey's Favorite Dessert, Sherry Trifle",0.0,Kardea Brown Kardea Brown Kardea Brown,,Recipes
cookingclassy-1158,Salmon with Creamy Garlic Dijon Sauce,4.93,,10 minutes,Breakfast
nytimes-0505,"Cauliflower Adobo By Ali Slagle Published Sept. 25, 2022",4,Ali Slagle,45 minutes,Vegetarian
foodnetwork-1016,"MaeMaeP December 22, 2005",,Kardea Brown Kardea Brown Kardea Brown,,Recipes
foodnetwork-0009,Rajas con Queso Rajas con Queso Rajas con Queso,,Kardea Brown Kardea Brown Kardea Brown,,Recipes
tasty-1672,Chipotle Chili And Cornbread Dumplings Chipotle Chili And Cornbread Dumplings,86,Tasty Team,1 hr 15 min,Chicken
tasty-1359,Raspberry Chipotle Chicken Thighs,87,Nichi Hoskins,30 minutes,Chicken
cookingclassy-0367,Skillet Chicken Cordon Bleu with Creamy Dijon Sauce,5,,15 minutes,Breakfast
tasty-0221,Sartù Di Riso By Antoni Porowski,95,Matthew Johnson Tasty Team,2 hr 10 min,Chicken
tasty-1277,Sourdough Starter,83,Katie Aubin & Marissa Buie,5 minutes,Chicken
nytimes-0242,Egg Salad,4,Lidey Heuck,20 minutes,Vegetarian
nytimes-0686,Roasted Sweet Potatoes and Spinach With Feta,4,Ali Slagle,40 minutes,Vegetarian
tasty-0558,Southwestern Taco Salad,98,,30 minutes,Chicken
tasty-1143,Masala Chicken Burger Masala Chicken Burger Masala Chicken Burger,93,Presented by Thomas’®,30 minutes,Chicken
nytimes-2007,Marina Polvay's Pumpkin Pancakes,4,Craig Claiborne,55 minutes,Vegetarian
foodnetwork-0493,Smoked Salmon Dip Smoked Salmon Dip Smoked Salmon Dip,,Kardea Brown Kardea Brown Kardea Brown,,Recipes
tasty-0322,Spinach Artichoke Dip Onion Rings Spinach Artichoke Dip Onion Rings,95,Hannah Williams Tasty Team,25 minutes,Chicken
foodnetwork-0211,Whiskey Recipes,,Kardea Brown Kardea Brown Kardea Brown,,Recipes
tasty-1686,Sunflower Veggie Burgers,83,Melissa Boyajian Tasty Team,45 minutes,Chicken
cookingclassy-0823,Churro Bites,5,janice a smolen,20 minutes,Breakfast
allrecipes-1253,Nutty American Stir Fry 4 Ratings,4.0,Nicole Russell,10 mins,Main Dishes
cookingclassy-0684,Baked Pumpkin Churros,3.25,,20 minutes,Breakfast
allrecipes-0217,Cheesy Pickle Chips,4.0,Nicole McLaughlin,10 mins,Main Dishes
allrecipes-1005,Keto Smoky Chicken and Vegetable Sheet Pan Dinner 26 Ratings,4.9,Soup Loving Nicole,15 mins,Main Dishes
nytimes-0877,Baked Tomato Pasta With Harissa and Halloumi,4,Hetty Lui McKinnon,45 minutes,Vegetarian
nytimes-0314,Fruity Ice Cream Sodas,4,Melissa Clark,20 minutes,Vegetarian
foodnetwork-1087,,,Kardea Brown Kardea Brown Kardea Brown,,Recipes
tasty-0576,Baked Garlic Herb Wings Baked Garlic Herb Wings,96,Camille Bergerson,1 hr 35 min,Chicken
foodnetwork-0543,Jalapeno Pepper Poppers Jalapeno Pepper Poppers Jalapeno Pepper Poppers,,Kardea Brown Kardea Brown Kardea Brown,,Recipes
tasty-0904,Chicken Tikka Masala Rice Bites Presented by Deep Indian Kitchen,89,Hitomi Aihara Tasty Team,31 minutes,Chicken
foodnetwork-0731,Penne Strascicate Penne Strascicate Penne Strascicate,,Kardea Brown Kardea Brown Kardea Brown,,Recipes
nytimes-1921,"Scallion Cream Cheese, Bagel Shop Style",4,Baz Bagel &amp,10 minutes,Vegetarian
allrecipes-0675,Panko Buffalo Chicken Tenders 6 Ratings,4.0,LeAnn Haas Gabriel,5 mins,Main Dishes
nytimes-1529,Mushrooms on Toast By David Tanis,5,David Tanis,20 minutes,Vegetarian
tasty-2351,Watermelon Feta Salad Cups,90,,20 minutes 20 minutes,Chicken
tasty-0278,Baked Salt And Pepper Wings Baked Salt And Pepper Wings,96,Camille Bergerson,40 minutes,Chicken
foodnetwork-0937,,,Kardea Brown Kardea Brown Kardea Brown,,Recipes
allrecipes-0229,Spinach Balls,4.5,JEN VINYARD,10 mins,Main Dishes
nytimes-1423,"Big-Cluster Chocolaty Granola By Ali Slagle Updated Feb. 11, 2022",5,Ali Slagle,Total Time 1 hour,Vegetarian
cookingclassy-1118,Honey Lime Shrimp (Only 5 Ingredients!),5,,15 minutes,Breakfast
foodnetwork-1342,,0.0,Kardea Brown Kardea Brown Kardea Brown,,Recipes
nytimes-1887,All Whole-Wheat Sandwich Bread By Mark Bittman Kerri Conan,4,Mark Bittman,"At least 3 hours, largely unattended",Vegetarian
foodnetwork-0315,Ratatouille Stuffed Jack-o-Peppers Recipe,,Kardea Brown Kardea Brown Kardea Brown,,Recipes
tasty-2255,Chicken And Kale Stew Chicken And Kale Stew,95,Rie McClenny Tasty Team,,Chicken
tasty-2428,Salted Caramel Apple Cocktail,89,Betsy Carter & Marissa Buie,48 minutes,Chicken
tasty-0501,Chickpea Sweet Potato Stew,96,Rachel Gaewski,45 minutes,Chicken
foodnetwork-1090,Green Bean Casserole Green Bean Casserole Green Bean Casserole,,Kardea Brown Kardea Brown Kardea Brown,,Recipes
cookingclassy-1174,Pot Roast with Potatoes and Carrots,4.96,,15 minutes,Breakfast
nytimes-1720,Blackberry Crumb Muffins By Melissa Clark,5,Melissa Clark,45 minutes,Vegetarian
tasty-1424,Energy-Boosting Buddha Bowl,92,Gwenaelle Le Cochennec,40 minutes,Chicken
tasty-0578,How To Make The Best Bombay Biryani,95,Mercedes Sandoval Tasty Team,1 hr 15 min,Chicken
nytimes-1298,Olive Oil-Braised Chickpeas and Broccoli Rabe By Ali Slagle,4,By Ali Slagle,45 minutes,Vegetarian
tasty-1991,Irish Potato Cakes Irish Potato Cakes,93,,47 minutes,Chicken
tasty-0550,Hasselback Steak Hasselback Steak,99,Robin Broadfoot,35 minutes,Chicken
foodnetwork-0256,"Food Network User June 11, 2019",,Kardea Brown Kardea Brown Kardea Brown,,Recipes
allrecipes-1314,Instant Pot Chicken Noodle Soup 49 Ratings,4.8,,10 mins,Main Dishes
tasty-0772,End Of Summer Corn Risotto End Of Summer Corn Risotto,96,Katie Aubin & Mimo Ahmed,40 minutes,Chicken
cookingclassy-0665,Black Forest Cupcakes Black Forest Cupcakes,4.73,Crystal D Deitrick,Prep 1 hour,Breakfast
tasty-2008,Whole Braised Cauliflower With Salsa Verde Orzo,65,Crystal Hatch,1 hr 45 min,Chicken
allrecipes-0337,The Best Red Enchilada Sauce 250 Ratings,,"Kathryn Hendrix, RDN, LD",10 mins,Main Dishes
nytimes-0005,"Baked Cod By Lidey Heuck Published Jan. 29, 2025",5,Lidey Heuck,30 minutes,Vegetarian
tasty-1137,Sweet Potato Pizza Bites,93,Crystal Hatch,50 minutes,Chicken
nytimes-0052,"Microwave Baked Potato By Genevieve Ko Published Oct. 16, 2024",5,Genevieve Ko,20 minutes,Vegetarian
tasty-0486,Slow Cooker Queso De Cerveza Slow Cooker Queso De Cerveza,96,Hannah Williams Tasty Team,3 hr 15 min,Chicken
foodnetwork-0390,Dee Feht,,Kardea Brown Kardea Brown Kardea Brown,,Recipes
nytimes-1406,"Applesauce Muffins By Yossy Arefi Updated Oct. 1, 2021",4,Yossy Arefi,40 minutes,Vegetarian
nytimes-1447,Strawberry and Ice Cream Sandwiches,4,Laurie Ellen Pellicano,"15 minutes, plus time to heat grill, if using",Vegetarian
tasty-0352,Nashville Fish Sandwich Nashville Fish Sandwich Nashville Fish Sandwich,97,Alix Traeger & Marissa Buie,45 minutes,Chicken
cookingclassy-0613,Whipped Cream,5,,5 minutes,Breakfast
allrecipes-1226,Pignoli Cookies,4.7,Corey Williams,30 mins,Main Dishes
allrecipes-0096,Our Best BBQ Chicken Recipes of All Time,4.8,Submitted by BONNIES,30 mins,Main Dishes
foodnetwork-0146,Ron's Braided Challah Recipe,,Kardea Brown Kardea Brown Kardea Brown,,Recipes
cookingclassy-1257,Baked Parmesan Mashed Potatoes Baked Parmesan Mashed Potatoes,,,15 minutes,Breakfast
tasty-0592,Sweet Potato Pomegranate Salad Sweet Potato Pomegranate Salad,98,Merle O'Neal Tasty Team,55 minutes,Chicken
cookingclassy-0904,Roasted Potatoes {with Parmesan Garlic and Herbs},5,Author: Jaclyn,20 minutes,Breakfast
tasty-0380,Garlic Parmesan Baked Carrot Fries,94,Merle O'Neal Tasty Team,35 minutes,Chicken
foodnetwork-0496,,,Kardea Brown Kardea Brown Kardea Brown,,Recipes
tasty-1763,Ham And Cheese Hash Brown Cubes,92,Julie Klink,3 hr 4 min,Chicken
tasty-1759,Grilled Swineapple Dogs Grilled Swineapple Dogs Grilled Swineapple Dogs,89,Mike Price,45 minutes,Chicken
tasty-0114,Ultimate Lasagna As Made By Joe Sasto,97,Scott Loitsch,35 minutes,Chicken
allrecipes-1017,"Sheet Pan Ground Beef, Potato, and Carrot Dinner",4.2,Photo by Aiyana Nye 04/26/2015,15 mins,Main Dishes
nytimes-1749,Buckwheat Crepes With Roasted Apricots By Martha Rose Shulman,5,Martha Rose Shulman,Total Time 1 hour 10 minutes,Vegetarian
nytimes-1577,Cast-Iron Sourdough Pancakes,4,Jean Adamson,"30 minutes, plus overnight fermentation",Vegetarian
foodnetwork-1242,,0.0,Kardea Brown Kardea Brown Kardea Brown,,Recipes
cookingclassy-1169,Perfect Slow Cooker Pot Roast Perfect Slow Cooker Pot Roast,5,Brenda pippens,20 minutes,Breakfast
allrecipes-0350,Potato Casserole Potato Casserole Potato Casserole,4.3,Sarah Brekke,25 mins,Main Dishes
tasty-1661,One-Pan Teriyaki Chicken Meal Prep,86,,40 minutes,Chicken
nytimes-1466,Recipe from Caroline Fidanza Adapted by Amelia Nierenberg,4,Caroline Fidanza,"Total Time 30 minutes, plus resting and rising",Vegetarian
foodnetwork-1225,,,Kardea Brown Kardea Brown Kardea Brown,,Recipes
allrecipes-1429,Mexican Pulled Pork Mexican Pulled Pork Mexican Pulled Pork,4.7,Chef Gaby Cervello,20 mins,Main Dishes
nytimes-1118,Smashed Avocado-Chicken Burgers,,,3 hours 5 minutes,Vegetarian
tasty-0867,Honey Mustard Cauliflower Bites,97,Rachel Gaewski Tasty Team,55 minutes,Chicken
tasty-2103,3-Ingredient Banana Oat Smoothie,93,Tiffany Lo,5 minutes,Chicken
nytimes-1199,Slow Cooker White Chicken Chili By Sarah DiGregorio,5,Sarah DiGregorio,4 to 6 hours,Vegetarian
allrecipes-1210,How to Make Jalapeno Popper Twists,4.7,Submitted by Judith Synesael,5 mins,Main Dishes
allrecipes-0564,Mud Hen Bars,,Diana Moutsopoulos,15 mins,Main Dishes
