seed,file,title_presence,provider_presence,amount_presence,deadline_presence,award_presence,all5_presence
43,scholarships_html/scholarship-0785.html,100,100,100,100,0,0
43,scholarships_html/bigfuture-0432.html,100,100,100,100,100,100
43,scholarships_html/bigfuture-0209.html,100,100,100,100,100,100
43,scholarships_html/bigfuture-1373.html,100,100,100,100,100,100
43,scholarships_html/scholarship-0503.html,100,100,100,100,0,0
43,scholarships_html/mastersportal-1449.html,100,100,100,100,100,100
43,scholarships_html/internationalscholarships-0106.html,100,100,100,100,0,0
43,scholarships_html/scholarships360-0244.html,100,0,100,100,100,0
43,scholarships_html/scholarship-0718.html,100,100,100,100,0,0
43,scholarships_html/bigfuture-1461.html,100,100,100,100,100,100
43,scholarships_html/scholarship-1787.html,100,100,100,100,0,0
43,scholarships_html/bigfuture-1289.html,100,100,100,100,100,100
43,scholarships_html/mastersportal-0002.html,100,100,100,100,100,100
43,scholarships_html/scholarship-0607.html,100,100,100,100,100,100
43,scholarships_html/bigfuture-0183.html,100,100,100,100,100,100
43,scholarships_html/mastersportal-0444.html,100,100,100,100,100,100
43,scholarships_html/scholarships360-1366.html,100,0,100,100,100,0
43,scholarships_html/internationalscholarships-0237.html,100,100,100,100,100,100
43,scholarships_html/internationalscholarships-1536.html,100,100,100,100,100,100
43,scholarships_html/scholarships360-1200.html,100,0,100,100,100,0
43,scholarships_html/scholarship-0125.html,100,100,100,100,0,0
43,scholarships_html/scholarship-0520.html,100,100,100,100,100,100
43,scholarships_html/bigfuture-0664.html,100,100,100,100,100,100
43,scholarships_html/scholarship-0971.html,100,100,100,100,100,100
43,scholarships_html/bigfuture-1345.html,100,100,100,100,100,100
43,scholarships_html/mastersportal-0138.html,100,100,100,100,100,100
43,scholarships_html/scholarship-0826.html,100,100,100,100,100,100
43,scholarships_html/scholarships360-0949.html,100,0,100,100,100,0
43,scholarships_html/scholarships360-0155.html,100,0,100,100,100,0
43,scholarships_html/scholarships360-0426.html,100,0,100,100,100,0
43,scholarships_html/bigfuture-1033.html,100,100,100,100,100,100
43,scholarships_html/scholarships360-1307.html,100,0,100,100,100,0
43,scholarships_html/scholarships360-1722.html,100,0,100,100,100,0
43,scholarships_html/scholarships360-2094.html,100,0,100,100,100,0
43,scholarships_html/mastersportal-1730.html,100,100,100,100,100,100
43,scholarships_html/scholarship-2161.html,100,100,100,100,0,0
43,scholarships_html/bigfuture-1016.html,100,100,100,100,100,100
43,scholarships_html/internationalscholarships-0320.html,100,100,100,100,100,100
43,scholarships_html/scholarship-0310.html,100,100,100,100,0,0
43,scholarships_html/mastersportal-1649.html,100,100,100,100,100,100
43,scholarships_html/scholarship-1050.html,100,100,100,100,100,100
43,scholarships_html/bigfuture-1651.html,100,100,100,100,100,100
43,scholarships_html/bigfuture-0095.html,100,100,100,100,100,100
43,scholarships_html/internationalscholarships-0971.html,100,100,100,100,100,100
43,scholarships_html/internationalscholarships-0032.html,100,100,100,100,100,100
43,scholarships_html/mastersportal-0735.html,100,100,100,100,100,100
43,scholarships_html/scholarships360-1962.html,100,0,100,100,100,0
43,scholarships_html/bigfuture-1036.html,100,100,100,100,100,100
43,scholarships_html/scholarships360-1035.html,100,0,100,100,100,0
43,scholarships_html/internationalscholarships-0469.html,100,100,100,100,100,100
43,scholarships_html/bigfuture-0234.html,100,100,100,100,100,100
43,scholarships_html/scholarship-0871.html,100,100,100,100,100,100
43,scholarships_html/mastersportal-1537.html,100,100,100,100,100,100
43,scholarships_html/mastersportal-0408.html,100,100,100,100,100,100
43,scholarships_html/scholarship-1697.html,100,100,100,100,0,0
43,scholarships_html/scholarship-0434.html,100,100,100,100,0,0
43,scholarships_html/mastersportal-1275.html,100,100,100,100,100,100
43,scholarships_html/bigfuture-1372.html,100,100,100,100,100,100
43,scholarships_html/bigfuture-0193.html,100,100,100,100,100,100
43,scholarships_html/internationalscholarships-0942.html,100,100,100,100,100,100
43,scholarships_html/scholarship-0132.html,100,100,100,100,0,0
43,scholarships_html/scholarship-0939.html,100,100,100,100,100,100
43,scholarships_html/bigfuture-0380.html,100,100,100,100,100,100
43,scholarships_html/scholarships360-1799.html,100,0,100,100,100,0
43,scholarships_html/mastersportal-1883.html,100,100,100,100,100,100
43,scholarships_html/mastersportal-1219.html,100,100,100,100,100,100
43,scholarships_html/mastersportal-2062.html,100,100,100,100,100,100
43,scholarships_html/internationalscholarships-1127.html,100,100,0,100,100,0
43,scholarships_html/mastersportal-0104.html,100,100,100,100,100,100
43,scholarships_html/scholarship-1741.html,100,100,100,100,0,0
43,scholarships_html/bigfuture-1060.html,100,100,100,100,100,100
43,scholarships_html/scholarships360-1204.html,100,0,100,100,100,0
43,scholarships_html/mastersportal-0476.html,100,100,100,100,100,100
43,scholarships_html/bigfuture-1728.html,100,100,100,100,100,100
43,scholarships_html/scholarships360-1824.html,100,0,100,100,100,0
43,scholarships_html/scholarships360-0183.html,100,0,100,100,100,0
43,scholarships_html/internationalscholarships-0256.html,100,100,100,100,100,100
43,scholarships_html/bigfuture-1677.html,100,100,100,100,100,100
43,scholarships_html/mastersportal-1017.html,100,100,100,100,100,100
43,scholarships_html/bigfuture-1278.html,100,100,100,100,100,100
43,scholarships_html/bigfuture-0019.html,100,100,100,100,100,100
43,scholarships_html/scholarship-0558.html,100,100,100,100,0,0
43,scholarships_html/mastersportal-1847.html,100,100,100,100,100,100
43,scholarships_html/mastersportal-0873.html,100,100,100,100,100,100
43,scholarships_html/scholarship-2195.html,100,100,100,100,0,0
43,scholarships_html/scholarships360-1228.html,100,0,100,100,100,0
43,scholarships_html/internationalscholarships-1510.html,100,100,100,100,100,100
43,scholarships_html/scholarships360-0011.html,100,0,100,100,100,0
43,scholarships_html/mastersportal-1315.html,100,100,100,100,100,100
43,scholarships_html/bigfuture-0446.html,100,100,100,100,100,100
43,scholarships_html/scholarship-1952.html,100,100,100,100,0,0
43,scholarships_html/mastersportal-1732.html,100,100,100,100,100,100
43,scholarships_html/bigfuture-1698.html,100,100,100,100,100,100
43,scholarships_html/scholarship-0743.html,100,100,100,100,0,0
43,scholarships_html/scholarships360-1600.html,100,0,100,100,100,0
43,scholarships_html/bigfuture-0040.html,100,100,100,100,100,100
43,scholarships_html/internationalscholarships-0190.html,100,100,100,0,100,0
43,scholarships_html/mastersportal-1281.html,100,100,100,100,100,100
43,scholarships_html/scholarship-1724.html,100,100,100,100,0,0
43,scholarships_html/mastersportal-0091.html,100,100,100,100,100,100
43,scholarships_html/bigfuture-0281.html,100,100,100,100,100,100
43,scholarships_html/bigfuture-1452.html,100,100,100,100,100,100
43,scholarships_html/bigfuture-1251.html,100,100,100,100,100,100
43,scholarships_html/internationalscholarships-1130.html,100,100,100,100,100,100
43,scholarships_html/internationalscholarships-0940.html,100,100,100,100,100,100
43,scholarships_html/scholarships360-1632.html,100,0,100,100,100,0
43,scholarships_html/scholarships360-2103.html,100,0,100,100,100,0
43,scholarships_html/internationalscholarships-0980.html,100,100,100,100,100,100
43,scholarships_html/mastersportal-1365.html,100,100,100,100,100,100
43,scholarships_html/scholarships360-1199.html,100,0,100,100,100,0
43,scholarships_html/bigfuture-0122.html,100,100,100,100,100,100
43,scholarships_html/scholarship-0831.html,100,100,100,100,0,0
43,scholarships_html/scholarships360-1864.html,100,0,100,100,100,0
43,scholarships_html/bigfuture-1828.html,100,100,100,100,100,100
43,scholarships_html/scholarships360-0781.html,100,0,100,100,100,0
43,scholarships_html/bigfuture-0601.html,100,100,100,100,100,100
43,scholarships_html/internationalscholarships-1356.html,100,100,100,100,100,100
43,scholarships_html/scholarship-1647.html,100,100,100,100,0,0
43,scholarships_html/scholarship-1124.html,100,100,100,100,100,100
43,scholarships_html/bigfuture-0797.html,100,100,100,100,100,100
43,scholarships_html/mastersportal-0315.html,100,100,100,100,100,100
43,scholarships_html/bigfuture-1915.html,100,100,100,100,100,100
43,scholarships_html/bigfuture-0028.html,100,100,100,100,100,100
43,scholarships_html/scholarships360-1680.html,100,0,100,100,100,0
43,scholarships_html/bigfuture-0244.html,100,100,100,100,100,100
43,scholarships_html/scholarships360-1000.html,100,0,100,100,100,0
43,scholarships_html/bigfuture-0156.html,100,100,100,100,100,100
43,scholarships_html/internationalscholarships-0193.html,100,100,0,100,100,0
43,scholarships_html/scholarship-1719.html,100,100,100,100,0,0
43,scholarships_html/mastersportal-0055.html,100,100,100,100,100,100
43,scholarships_html/bigfuture-1776.html,100,100,100,100,100,100
43,scholarships_html/mastersportal-1454.html,100,100,100,100,100,100
43,scholarships_html/internationalscholarships-0948.html,100,100,100,100,100,100
43,scholarships_html/mastersportal-0187.html,100,100,100,100,100,100
43,scholarships_html/mastersportal-0168.html,100,100,100,100,100,100
43,scholarships_html/mastersportal-1959.html,100,100,100,100,100,100
43,scholarships_html/scholarships360-0437.html,100,0,100,100,100,0
43,scholarships_html/scholarship-1872.html,100,100,100,100,0,0
43,scholarships_html/bigfuture-0316.html,100,100,100,100,100,100
43,scholarships_html/bigfuture-1092.html,100,100,100,100,100,100
43,scholarships_html/scholarship-0272.html,100,100,100,100,100,100
43,scholarships_html/bigfuture-0748.html,100,100,100,100,100,100
43,scholarships_html/scholarship-1803.html,100,100,100,100,100,100
43,scholarships_html/internationalscholarships-1113.html,100,100,100,100,100,100
43,scholarships_html/internationalscholarships-0480.html,100,100,100,0,100,0
43,scholarships_html/mastersportal-0377.html,100,100,100,100,100,100
43,scholarships_html/internationalscholarships-1493.html,100,100,100,100,100,100
43,scholarships_html/internationalscholarships-0373.html,100,100,100,100,100,100
43,scholarships_html/scholarship-0105.html,100,100,100,100,100,100
43,scholarships_html/bigfuture-1829.html,100,100,100,100,100,100
43,scholarships_html/mastersportal-0234.html,100,100,100,100,100,100
43,scholarships_html/scholarships360-0409.html,100,100,100,100,100,100
43,scholarships_html/scholarships360-0813.html,100,0,100,100,100,0
43,scholarships_html/internationalscholarships-0454.html,100,100,100,100,100,100
43,scholarships_html/bigfuture-1001.html,100,100,100,100,100,100
43,scholarships_html/internationalscholarships-1369.html,100,100,100,100,100,100
43,scholarships_html/scholarship-1880.html,100,100,100,100,0,0
43,scholarships_html/scholarships360-0594.html,100,0,100,100,100,0
43,scholarships_html/internationalscholarships-1214.html,100,100,100,100,100,100
43,scholarships_html/internationalscholarships-0670.html,100,100,100,100,0,0
43,scholarships_html/scholarships360-1533.html,100,0,100,100,100,0
43,scholarships_html/bigfuture-1689.html,100,100,100,100,100,100
43,scholarships_html/bigfuture-1536.html,100,100,100,100,100,100
43,scholarships_html/internationalscholarships-0179.html,100,100,100,100,100,100
43,scholarships_html/scholarships360-1345.html,100,0,100,100,100,0
43,scholarships_html/scholarships360-1115.html,100,0,100,100,100,0
43,scholarships_html/scholarships360-1139.html,100,0,100,100,100,0
43,scholarships_html/scholarship-1986.html,100,100,100,100,0,0
43,scholarships_html/scholarship-0808.html,100,100,100,100,100,100
43,scholarships_html/internationalscholarships-0402.html,100,100,100,100,100,100
43,scholarships_html/scholarship-0930.html,100,100,100,100,0,0
43,scholarships_html/internationalscholarships-0513.html,100,100,100,100,100,100
43,scholarships_html/mastersportal-2078.html,100,100,100,100,100,100
43,scholarships_html/scholarships360-1842.html,100,0,100,100,100,0
43,scholarships_html/scholarship-0186.html,100,100,100,100,0,0
43,scholarships_html/internationalscholarships-1211.html,100,100,100,100,100,100
43,scholarships_html/mastersportal-1984.html,100,100,100,100,100,100
43,scholarships_html/scholarships360-0393.html,100,0,100,100,100,0
43,scholarships_html/mastersportal-0028.html,100,100,100,100,100,100
43,scholarships_html/mastersportal-1389.html,100,100,100,100,100,100
43,scholarships_html/bigfuture-1854.html,100,100,100,100,100,100
43,scholarships_html/bigfuture-0379.html,100,100,100,100,100,100
43,scholarships_html/bigfuture-0047.html,100,100,100,100,100,100
43,scholarships_html/scholarship-1747.html,100,100,100,100,100,100
43,scholarships_html/internationalscholarships-0743.html,100,100,100,100,0,0
43,scholarships_html/scholarships360-0363.html,100,0,100,100,100,0
43,scholarships_html/scholarships360-0084.html,100,0,100,100,100,0
43,scholarships_html/scholarship-2177.html,100,100,100,100,0,0
43,scholarships_html/internationalscholarships-1484.html,100,100,100,100,100,100
43,scholarships_html/scholarships360-1402.html,100,0,100,100,100,0
43,scholarships_html/bigfuture-0558.html,100,100,100,100,100,100
43,scholarships_html/bigfuture-1812.html,100,100,100,100,100,100
43,scholarships_html/bigfuture-1665.html,100,100,100,100,100,100
43,scholarships_html/internationalscholarships-0686.html,100,100,100,100,0,0
43,scholarships_html/bigfuture-1790.html,100,100,100,100,100,100
43,scholarships_html/scholarships360-0475.html,100,0,100,100,100,0
43,scholarships_html/scholarship-1975.html,100,100,100,100,0,0
43,scholarships_html/internationalscholarships-0221.html,100,100,100,100,100,100
43,scholarships_html/bigfuture-1917.html,100,100,100,100,100,100
43,scholarships_html/internationalscholarships-1559.html,100,100,100,100,100,100
43,scholarships_html/scholarships360-0438.html,100,0,100,100,100,0
43,scholarships_html/scholarship-1802.html,100,100,100,100,0,0
43,scholarships_html/scholarships360-0350.html,100,0,100,100,100,0
43,scholarships_html/mastersportal-1694.html,100,100,100,100,100,100
43,scholarships_html/scholarships360-0922.html,100,0,100,100,100,0
43,scholarships_html/scholarships360-0303.html,100,0,100,100,100,0
43,scholarships_html/scholarship-0253.html,100,100,100,100,100,100
43,scholarships_html/mastersportal-0113.html,100,100,100,100,100,100
43,scholarships_html/mastersportal-0067.html,100,100,100,100,100,100
43,scholarships_html/scholarships360-1037.html,100,0,100,100,100,0
43,scholarships_html/mastersportal-0135.html,100,100,100,100,100,100
43,scholarships_html/internationalscholarships-0675.html,100,100,100,100,100,100
43,scholarships_html/mastersportal-1736.html,100,100,100,100,100,100
43,scholarships_html/mastersportal-1043.html,100,100,100,100,100,100
43,scholarships_html/bigfuture-0826.html,100,100,100,100,100,100
43,scholarships_html/internationalscholarships-0785.html,100,100,100,100,100,100
43,scholarships_html/scholarship-0417.html,100,100,100,100,0,0
43,scholarships_html/scholarship-0550.html,100,100,100,100,0,0
43,scholarships_html/scholarships360-1278.html,100,0,100,100,100,0
43,scholarships_html/scholarships360-1591.html,100,0,100,100,100,0
43,scholarships_html/scholarships360-1226.html,100,0,100,100,100,0
43,scholarships_html/mastersportal-0371.html,100,100,100,100,100,100
43,scholarships_html/scholarship-0713.html,100,100,100,100,0,0
43,scholarships_html/internationalscholarships-0867.html,100,100,100,100,100,100
43,scholarships_html/bigfuture-1855.html,100,100,100,100,100,100
43,scholarships_html/scholarships360-1689.html,100,0,100,100,100,0
43,scholarships_html/internationalscholarships-0181.html,100,100,100,0,100,0
43,scholarships_html/mastersportal-1302.html,100,100,100,100,100,100
43,scholarships_html/mastersportal-1504.html,100,100,100,100,100,100
43,scholarships_html/scholarship-0626.html,100,100,100,100,0,0
43,scholarships_html/internationalscholarships-0932.html,100,100,100,100,100,100
43,scholarships_html/bigfuture-0395.html,100,100,100,100,100,100
43,scholarships_html/scholarships360-0798.html,100,0,100,100,100,0
43,scholarships_html/bigfuture-1751.html,100,100,100,100,100,100
43,scholarships_html/bigfuture-1564.html,100,100,100,100,100,100
43,scholarships_html/scholarships360-0561.html,100,0,100,100,100,0
43,scholarships_html/mastersportal-0072.html,100,100,100,100,100,100
43,scholarships_html/scholarship-0634.html,100,100,100,100,0,0
43,scholarships_html/scholarship-0593.html,100,100,100,100,100,100
43,scholarships_html/internationalscholarships-1215.html,100,100,100,100,100,100
43,scholarships_html/scholarship-2058.html,100,100,100,100,100,100
43,scholarships_html/scholarship-1690.html,100,100,100,100,100,100
43,scholarships_html/bigfuture-0443.html,100,100,100,100,100,100
43,scholarships_html/scholarship-2012.html,100,100,100,100,100,100
43,scholarships_html/scholarships360-2021.html,100,0,100,100,100,0
43,scholarships_html/scholarship-0998.html,100,100,100,100,100,100
43,scholarships_html/scholarships360-2127.html,100,0,100,100,100,0
43,scholarships_html/scholarships360-0118.html,100,0,100,100,100,0
43,scholarships_html/bigfuture-0569.html,100,100,100,100,100,100
43,scholarships_html/internationalscholarships-0449.html,100,100,100,100,100,100
43,scholarships_html/scholarships360-1522.html,100,0,100,100,100,0
43,scholarships_html/mastersportal-1726.html,100,100,100,100,100,100
43,scholarships_html/scholarship-1221.html,100,100,100,100,100,100
43,scholarships_html/scholarship-0877.html,100,100,100,100,100,100
43,scholarships_html/internationalscholarships-0037.html,100,100,100,100,100,100
43,scholarships_html/scholarships360-0868.html,100,0,100,100,100,0
43,scholarships_html/mastersportal-2014.html,100,100,100,100,100,100
43,scholarships_html/internationalscholarships-1193.html,100,100,100,100,100,100
43,scholarships_html/scholarships360-0193.html,100,0,100,100,100,0
43,scholarships_html/scholarship-0954.html,100,100,100,100,100,100
43,scholarships_html/bigfuture-0396.html,100,100,100,100,100,100
43,scholarships_html/mastersportal-0897.html,100,100,100,100,100,100
43,scholarships_html/scholarship-0946.html,100,100,100,100,100,100
43,scholarships_html/scholarship-1403.html,100,100,100,100,0,0
43,scholarships_html/internationalscholarships-0549.html,100,100,100,100,100,100
43,scholarships_html/mastersportal-1658.html,100,100,100,100,100,100
43,scholarships_html/bigfuture-0878.html,100,100,100,100,100,100
43,scholarships_html/internationalscholarships-1158.html,100,100,100,100,100,100
43,scholarships_html/bigfuture-2045.html,100,100,100,100,100,100
43,scholarships_html/scholarships360-0580.html,100,0,100,100,100,0
43,scholarships_html/bigfuture-0754.html,100,100,100,100,100,100
43,scholarships_html/bigfuture-1732.html,100,100,100,100,100,100
43,scholarships_html/scholarship-0261.html,100,100,100,100,0,0
43,scholarships_html/mastersportal-1823.html,100,100,100,100,100,100
43,scholarships_html/scholarship-1388.html,100,100,100,100,0,0
43,scholarships_html/scholarships360-0976.html,100,0,100,100,100,0
43,scholarships_html/internationalscholarships-0634.html,100,100,100,100,100,100
43,scholarships_html/mastersportal-0998.html,100,100,100,100,100,100
43,scholarships_html/bigfuture-1681.html,100,100,100,100,100,100
43,scholarships_html/scholarships360-0703.html,100,0,100,100,100,0
43,scholarships_html/scholarship-1333.html,100,100,100,100,0,0
43,scholarships_html/scholarship-0397.html,100,100,100,100,0,0
43,scholarships_html/bigfuture-0163.html,100,100,100,100,100,100
43,scholarships_html/mastersportal-1324.html,100,100,100,100,100,100
43,scholarships_html/mastersportal-2103.html,100,100,100,100,100,100
43,scholarships_html/internationalscholarships-1241.html,100,100,100,100,100,100
43,scholarships_html/internationalscholarships-1229.html,100,100,100,100,100,100
43,scholarships_html/bigfuture-0399.html,100,100,100,100,100,100
43,scholarships_html/scholarship-2127.html,100,100,100,100,0,0
43,scholarships_html/scholarships360-0484.html,100,0,100,100,100,0
43,scholarships_html/mastersportal-0575.html,100,100,100,100,100,100
43,scholarships_html/scholarships360-1590.html,100,0,100,100,100,0
43,scholarships_html/mastersportal-0331.html,100,100,100,100,100,100
43,scholarships_html/mastersportal-2001.html,100,100,100,100,100,100
43,scholarships_html/bigfuture-0191.html,100,100,100,100,100,100
43,scholarships_html/bigfuture-0749.html,100,100,100,100,100,100
43,scholarships_html/scholarships360-1835.html,100,0,100,100,100,0
43,scholarships_html/bigfuture-1976.html,100,100,100,100,100,100
43,scholarships_html/scholarship-1022.html,100,100,100,100,0,0
43,scholarships_html/internationalscholarships-0558.html,100,100,100,100,100,100
43,scholarships_html/mastersportal-0778.html,100,100,100,100,100,100
43,scholarships_html/internationalscholarships-0047.html,100,100,100,100,100,100
43,scholarships_html/internationalscholarships-1139.html,100,100,100,100,100,100
43,scholarships_html/scholarship-1444.html,100,100,100,100,0,0
43,scholarships_html/scholarship-0651.html,100,100,100,100,100,100
43,scholarships_html/scholarships360-1405.html,100,0,100,100,100,0
43,scholarships_html/bigfuture-0367.html,100,100,100,100,100,100
43,scholarships_html/mastersportal-1849.html,100,100,100,100,100,100
43,scholarships_html/bigfuture-0375.html,100,100,100,100,100,100
43,scholarships_html/internationalscholarships-0035.html,100,100,100,100,100,100
43,scholarships_html/internationalscholarships-1181.html,100,100,100,100,100,100
43,scholarships_html/scholarships360-0504.html,100,0,100,100,100,0
43,scholarships_html/bigfuture-1188.html,100,100,100,100,100,100
43,scholarships_html/bigfuture-0154.html,100,100,100,100,100,100
43,scholarships_html/scholarship-0307.html,100,100,100,100,0,0
43,scholarships_html/scholarship-1524.html,100,100,100,100,100,100
43,scholarships_html/mastersportal-1915.html,100,100,100,100,100,100
43,scholarships_html/bigfuture-0186.html,100,100,100,100,100,100
43,scholarships_html/mastersportal-0006.html,100,100,100,100,100,100
43,scholarships_html/bigfuture-2001.html,100,100,100,100,100,100
43,scholarships_html/bigfuture-0454.html,100,100,100,100,100,100
43,scholarships_html/scholarship-0773.html,100,100,100,100,0,0
43,scholarships_html/mastersportal-0713.html,100,100,100,100,100,100
43,scholarships_html/internationalscholarships-1223.html,100,100,100,100,100,100
43,scholarships_html/scholarships360-0203.html,100,0,100,100,100,0
43,scholarships_html/bigfuture-2088.html,100,100,100,100,100,100
43,scholarships_html/scholarship-2111.html,100,100,100,100,100,100
43,scholarships_html/scholarships360-1849.html,100,0,100,100,100,0
43,scholarships_html/bigfuture-0619.html,100,100,100,100,100,100
43,scholarships_html/scholarships360-0641.html,100,0,100,100,100,0
43,scholarships_html/bigfuture-0948.html,100,100,100,100,100,100
43,scholarships_html/mastersportal-0600.html,100,100,100,100,100,100
43,scholarships_html/scholarship-0812.html,100,100,100,100,0,0
43,scholarships_html/mastersportal-0238.html,100,100,100,100,100,100
43,scholarships_html/bigfuture-0168.html,100,100,100,100,100,100
43,scholarships_html/bigfuture-0731.html,100,100,100,100,100,100
43,scholarships_html/mastersportal-0649.html,100,100,100,100,100,100
43,scholarships_html/scholarships360-1841.html,100,0,100,100,100,0
43,scholarships_html/internationalscholarships-0970.html,100,100,100,100,100,100
43,scholarships_html/scholarship-0115.html,100,100,100,100,0,0
43,scholarships_html/scholarship-0414.html,100,100,100,100,100,100
43,scholarships_html/internationalscholarships-0310.html,100,100,100,100,100,100
43,scholarships_html/scholarships360-0018.html,100,0,100,100,100,0
43,scholarships_html/scholarship-0157.html,100,100,100,100,0,0
43,scholarships_html/scholarships360-0673.html,100,0,100,100,100,0
43,scholarships_html/scholarships360-0378.html,100,0,100,100,100,0
43,scholarships_html/scholarships360-1865.html,100,0,100,100,100,0
43,scholarships_html/bigfuture-0728.html,100,100,100,100,100,100
43,scholarships_html/internationalscholarships-1056.html,100,100,100,100,100,100
43,scholarships_html/scholarship-2160.html,100,100,100,100,0,0
43,scholarships_html/scholarship-1964.html,100,100,100,100,0,0
43,scholarships_html/scholarship-1122.html,100,100,100,100,100,100
43,scholarships_html/scholarship-0224.html,100,100,100,100,0,0
43,scholarships_html/scholarship-0108.html,100,100,100,100,0,0
43,scholarships_html/scholarship-1331.html,100,100,100,100,0,0
43,scholarships_html/scholarship-0479.html,100,100,100,100,0,0
43,scholarships_html/scholarships360-1465.html,100,0,100,100,100,0
43,scholarships_html/scholarship-1944.html,100,100,100,100,0,0
43,scholarships_html/bigfuture-0065.html,100,100,100,100,100,100
43,scholarships_html/scholarships360-1370.html,100,0,100,100,100,0
43,scholarships_html/scholarships360-1673.html,100,0,100,100,100,0
43,scholarships_html/mastersportal-0808.html,100,100,100,100,100,100
43,scholarships_html/scholarship-0850.html,100,100,100,100,0,0
43,scholarships_html/scholarships360-0114.html,100,0,100,100,100,0
43,scholarships_html/bigfuture-1023.html,100,100,100,100,100,100
43,scholarships_html/internationalscholarships-0523.html,100,100,100,100,100,100
43,scholarships_html/mastersportal-1012.html,100,100,100,100,100,100
43,scholarships_html/mastersportal-0699.html,100,100,100,100,100,100
43,scholarships_html/internationalscholarships-0083.html,100,100,100,100,100,100
43,scholarships_html/bigfuture-1135.html,100,100,100,100,100,100
43,scholarships_html/scholarships360-1875.html,100,0,100,100,100,0
43,scholarships_html/scholarships360-1456.html,100,0,100,100,100,0
43,scholarships_html/scholarships360-0576.html,100,0,100,100,100,0
43,scholarships_html/scholarships360-0349.html,100,0,100,100,100,0
43,scholarships_html/scholarship-1963.html,100,100,100,100,0,0
43,scholarships_html/scholarships360-0051.html,100,0,100,100,100,0
43,scholarships_html/mastersportal-1463.html,100,100,100,100,100,100
43,scholarships_html/mastersportal-0746.html,100,100,100,100,100,100
43,scholarships_html/scholarship-1549.html,100,100,100,100,0,0
43,scholarships_html/scholarship-1399.html,100,100,100,100,0,0
43,scholarships_html/bigfuture-1088.html,100,100,100,100,100,100
43,scholarships_html/scholarships360-1528.html,100,0,100,100,100,0
43,scholarships_html/bigfuture-1688.html,100,100,100,100,100,100
43,scholarships_html/internationalscholarships-1432.html,100,100,100,100,100,100
43,scholarships_html/bigfuture-0160.html,100,100,100,100,100,100
43,scholarships_html/scholarships360-1390.html,100,0,100,100,100,0
43,scholarships_html/internationalscholarships-0716.html,100,100,0,0,0,0
43,scholarships_html/mastersportal-1287.html,100,100,100,100,100,100
43,scholarships_html/bigfuture-1798.html,100,100,100,100,100,100
43,scholarships_html/scholarship-0007.html,100,100,100,100,0,0
43,scholarships_html/bigfuture-1218.html,100,100,100,100,100,100
43,scholarships_html/mastersportal-1758.html,100,100,100,100,100,100
43,scholarships_html/scholarship-2162.html,100,100,100,100,0,0
43,scholarships_html/mastersportal-1130.html,100,100,100,100,100,100
43,scholarships_html/mastersportal-1078.html,100,100,100,100,100,100
43,scholarships_html/bigfuture-2079.html,100,100,100,100,100,100
43,scholarships_html/bigfuture-1367.html,100,100,100,100,100,100
43,scholarships_html/mastersportal-1119.html,100,100,100,100,100,100
43,scholarships_html/scholarship-0667.html,100,100,100,100,0,0
43,scholarships_html/scholarship-1669.html,100,100,100,100,0,0
43,scholarships_html/bigfuture-1440.html,100,100,100,100,100,100
43,scholarships_html/mastersportal-0303.html,100,100,100,100,100,100
43,scholarships_html/internationalscholarships-0023.html,100,100,100,100,100,100
43,scholarships_html/scholarship-0100.html,100,100,100,100,100,100
43,scholarships_html/scholarship-1491.html,100,100,100,100,0,0
43,scholarships_html/mastersportal-0438.html,100,100,100,100,100,100
43,scholarships_html/bigfuture-1911.html,100,100,100,100,100,100
43,scholarships_html/bigfuture-2040.html,100,100,100,100,100,100
43,scholarships_html/mastersportal-0620.html,100,100,100,100,100,100
43,scholarships_html/bigfuture-1276.html,100,100,100,100,100,100
43,scholarships_html/mastersportal-0218.html,100,100,100,100,100,100
43,scholarships_html/scholarships360-1605.html,100,0,100,100,100,0
43,scholarships_html/bigfuture-1074.html,100,100,100,100,100,100
43,scholarships_html/bigfuture-0622.html,100,100,100,100,100,100
43,scholarships_html/scholarships360-1886.html,100,0,100,100,100,0
43,scholarships_html/internationalscholarships-0090.html,100,100,0,100,0,0
43,scholarships_html/bigfuture-0887.html,100,100,100,100,100,100
43,scholarships_html/bigfuture-0949.html,100,100,100,100,100,100
43,scholarships_html/scholarship-0858.html,100,100,100,100,100,100
43,scholarships_html/mastersportal-0375.html,100,100,100,100,100,100
43,scholarships_html/scholarships360-1213.html,100,0,100,100,100,0
43,scholarships_html/bigfuture-1008.html,100,100,100,100,100,100
43,scholarships_html/internationalscholarships-0560.html,100,100,100,100,100,100
43,scholarships_html/scholarships360-1715.html,100,0,100,100,100,0
43,scholarships_html/scholarship-0728.html,100,100,100,100,0,0
43,scholarships_html/mastersportal-1113.html,100,100,100,100,100,100
43,scholarships_html/mastersportal-0466.html,100,100,100,100,100,100
43,scholarships_html/scholarships360-1347.html,100,0,100,100,100,0
43,scholarships_html/scholarships360-0938.html,100,0,100,100,100,0
43,scholarships_html/scholarship-0252.html,100,100,100,100,0,0
43,scholarships_html/internationalscholarships-0403.html,100,100,100,100,100,100
43,scholarships_html/internationalscholarships-1462.html,100,100,100,100,100,100
43,scholarships_html/bigfuture-0738.html,100,100,100,100,100,100
43,scholarships_html/scholarships360-0008.html,100,0,100,100,100,0
43,scholarships_html/bigfuture-1692.html,100,100,100,100,100,100
43,scholarships_html/scholarships360-0567.html,100,0,100,100,100,0
43,scholarships_html/scholarships360-1453.html,100,0,100,100,100,0
43,scholarships_html/bigfuture-1119.html,100,100,100,100,100,100
43,scholarships_html/mastersportal-0041.html,100,100,100,100,100,100
43,scholarships_html/bigfuture-1138.html,100,100,100,100,100,100
43,scholarships_html/scholarships360-0126.html,100,0,100,100,100,0
43,scholarships_html/mastersportal-0661.html,100,100,100,100,100,100
43,scholarships_html/mastersportal-1490.html,100,100,100,100,100,100
43,scholarships_html/scholarship-0630.html,100,100,100,100,0,0
43,scholarships_html/scholarships360-2105.html,100,0,100,100,100,0
43,scholarships_html/scholarships360-1603.html,100,0,100,100,100,0
43,scholarships_html/scholarship-2134.html,100,100,100,100,0,0
43,scholarships_html/bigfuture-0269.html,100,100,100,100,100,100
43,scholarships_html/scholarship-1822.html,100,100,100,100,0,0
43,scholarships_html/scholarships360-1650.html,100,0,100,100,100,0
43,scholarships_html/internationalscholarships-1034.html,100,100,100,100,100,100
43,scholarships_html/scholarship-0258.html,100,100,100,100,0,0
43,scholarships_html/bigfuture-1557.html,100,100,100,100,100,100
43,scholarships_html/bigfuture-0547.html,100,100,100,100,100,100
43,scholarships_html/bigfuture-1570.html,100,100,100,100,100,100
43,scholarships_html/scholarship-1060.html,100,100,100,100,100,100
43,scholarships_html/bigfuture-1649.html,100,100,100,100,100,100
43,scholarships_html/internationalscholarships-1271.html,100,100,100,100,100,100
43,scholarships_html/internationalscholarships-1325.html,100,100,100,100,100,100
43,scholarships_html/scholarships360-0347.html,100,0,100,100,100,0
43,scholarships_html/mastersportal-0919.html,100,100,100,100,100,100
43,scholarships_html/scholarship-0922.html,100,100,100,100,0,0
43,scholarships_html/mastersportal-1515.html,100,100,100,100,100,100
43,scholarships_html/scholarship-1394.html,100,100,100,100,0,0
43,scholarships_html/scholarship-0161.html,100,100,100,100,100,100
43,scholarships_html/scholarship-0188.html,100,100,100,100,100,100
43,scholarships_html/scholarships360-0891.html,100,0,100,100,100,0
43,scholarships_html/internationalscholarships-0496.html,100,100,100,100,100,100
43,scholarships_html/scholarship-2074.html,100,100,100,100,0,0
43,scholarships_html/scholarship-0185.html,100,100,100,100,100,100
43,scholarships_html/mastersportal-1309.html,100,100,100,100,100,100
43,scholarships_html/scholarship-0627.html,100,100,100,100,0,0
43,scholarships_html/bigfuture-0291.html,100,100,100,100,100,100
43,scholarships_html/internationalscholarships-0340.html,100,100,100,100,100,100
43,scholarships_html/bigfuture-0265.html,100,100,100,100,100,100
43,scholarships_html/bigfuture-1047.html,100,100,100,100,100,100
43,scholarships_html/mastersportal-1866.html,100,100,100,100,100,100
43,scholarships_html/scholarship-0338.html,100,100,100,100,0,0
43,scholarships_html/internationalscholarships-0470.html,100,100,100,100,100,100
43,scholarships_html/internationalscholarships-0394.html,100,100,100,100,100,100
43,scholarships_html/internationalscholarships-0771.html,100,100,100,100,100,100
43,scholarships_html/scholarships360-0300.html,100,0,100,100,100,0
43,scholarships_html/scholarships360-0602.html,100,0,100,100,100,0
43,scholarships_html/mastersportal-0418.html,100,100,100,100,100,100
43,scholarships_html/scholarships360-0633.html,100,0,100,100,100,0
43,scholarships_html/scholarships360-2058.html,100,0,100,100,100,0
43,scholarships_html/bigfuture-0615.html,100,100,100,100,100,100
43,scholarships_html/scholarship-1841.html,100,100,100,100,0,0
43,scholarships_html/mastersportal-0365.html,100,100,100,100,100,100
43,scholarships_html/scholarship-1826.html,100,100,100,100,0,0
43,scholarships_html/mastersportal-0834.html,100,100,100,100,100,100
43,scholarships_html/internationalscholarships-1364.html,100,100,100,100,100,100
43,scholarships_html/bigfuture-1586.html,100,100,100,100,100,100
43,scholarships_html/scholarships360-0474.html,100,0,100,100,100,0
43,scholarships_html/scholarship-0900.html,100,100,100,100,0,0
43,scholarships_html/scholarships360-1482.html,100,0,100,100,100,0
43,scholarships_html/scholarships360-1925.html,100,0,100,100,100,0
43,scholarships_html/scholarship-0966.html,100,100,100,100,100,100
43,scholarships_html/mastersportal-0441.html,100,100,100,100,100,100
43,scholarships_html/mastersportal-0130.html,100,100,100,100,100,100
43,scholarships_html/scholarship-0557.html,100,100,100,100,100,100
43,scholarships_html/bigfuture-1964.html,100,100,100,100,100,100
43,scholarships_html/scholarships360-0343.html,100,0,100,100,100,0
43,scholarships_html/scholarship-1490.html,100,100,100,100,0,0
43,scholarships_html/scholarship-1855.html,100,100,100,100,0,0
43,scholarships_html/internationalscholarships-1124.html,100,100,100,100,100,100
43,scholarships_html/scholarships360-2110.html,100,0,100,100,100,0
43,scholarships_html/internationalscholarships-1103.html,100,100,100,100,100,100
43,scholarships_html/bigfuture-1243.html,100,100,100,100,100,100
43,scholarships_html/scholarships360-0823.html,100,0,100,100,100,0
43,scholarships_html/mastersportal-1025.html,100,100,100,100,100,100
43,scholarships_html/internationalscholarships-0416.html,100,100,100,100,100,100
43,scholarships_html/scholarship-0348.html,100,100,100,100,100,100
43,scholarships_html/internationalscholarships-1475.html,100,100,100,100,100,100
43,scholarships_html/scholarship-0866.html,100,100,100,100,100,100
43,scholarships_html/scholarship-0329.html,100,100,100,100,0,0
43,scholarships_html/bigfuture-0207.html,100,100,100,100,100,100
43,scholarships_html/mastersportal-0084.html,100,100,100,100,100,100
43,scholarships_html/scholarships360-1071.html,100,0,100,100,100,0
43,scholarships_html/bigfuture-1071.html,100,100,100,100,100,100
43,scholarships_html/bigfuture-0356.html,100,100,100,100,100,100
43,scholarships_html/bigfuture-0789.html,100,100,100,100,100,100
43,scholarships_html/bigfuture-1179.html,100,100,100,100,100,100
43,scholarships_html/mastersportal-0203.html,100,100,100,100,100,100
43,scholarships_html/mastersportal-1272.html,100,100,100,100,100,100
43,scholarships_html/scholarship-1281.html,100,100,100,100,0,0
43,scholarships_html/mastersportal-1464.html,100,100,100,100,100,100
43,scholarships_html/internationalscholarships-0534.html,100,100,100,100,100,100
43,scholarships_html/mastersportal-0923.html,100,100,100,100,100,100
43,scholarships_html/scholarships360-2095.html,100,0,100,100,100,0
43,scholarships_html/bigfuture-0132.html,100,100,100,100,100,100
43,scholarships_html/bigfuture-1773.html,100,100,100,100,100,100
43,scholarships_html/mastersportal-1000.html,100,100,100,100,100,100
43,scholarships_html/scholarships360-0696.html,100,0,100,100,100,0
43,scholarships_html/bigfuture-0165.html,100,100,100,100,100,100
43,scholarships_html/scholarships360-1044.html,100,0,100,100,100,0
43,scholarships_html/internationalscholarships-0565.html,100,100,100,100,100,100
43,scholarships_html/scholarship-0655.html,100,100,100,100,0,0
43,scholarships_html/scholarship-1164.html,100,100,100,100,100,100
43,scholarships_html/scholarships360-1147.html,100,0,100,100,100,0
43,scholarships_html/mastersportal-1445.html,100,100,100,100,100,100
43,scholarships_html/bigfuture-1369.html,100,100,100,100,100,100
43,scholarships_html/scholarship-1605.html,100,100,100,100,0,0
43,scholarships_html/internationalscholarships-1134.html,100,100,100,100,100,100
43,scholarships_html/bigfuture-1101.html,100,100,100,100,100,100
43,scholarships_html/bigfuture-1519.html,100,100,100,100,100,100
43,scholarships_html/scholarship-0241.html,100,100,100,100,100,100
43,scholarships_html/scholarships360-0746.html,100,0,100,100,100,0
43,scholarships_html/scholarship-1838.html,100,100,100,100,0,0
43,scholarships_html/scholarship-1116.html,100,100,100,100,0,0
43,scholarships_html/mastersportal-0221.html,100,100,100,100,100,100
43,scholarships_html/scholarships360-1638.html,100,0,100,100,100,0
43,scholarships_html/bigfuture-0011.html,100,100,100,100,100,100
43,scholarships_html/scholarship-0509.html,100,100,100,100,0,0
43,scholarships_html/bigfuture-0293.html,100,100,100,100,100,100
43,scholarships_html/mastersportal-1980.html,100,100,100,100,100,100
43,scholarships_html/mastersportal-1480.html,100,100,100,100,100,100
43,scholarships_html/bigfuture-2082.html,100,100,100,100,100,100
43,scholarships_html/bigfuture-0669.html,100,100,100,100,100,100
43,scholarships_html/scholarship-0659.html,100,100,100,100,0,0
43,scholarships_html/scholarships360-1630.html,100,0,100,100,100,0
43,scholarships_html/bigfuture-0171.html,100,100,100,100,100,100
43,scholarships_html/scholarship-1089.html,100,100,100,100,0,0
43,scholarships_html/scholarships360-0135.html,100,0,100,100,100,0
43,scholarships_html/scholarships360-0985.html,100,0,100,100,100,0
43,scholarships_html/internationalscholarships-1426.html,100,100,100,100,100,100
43,scholarships_html/mastersportal-0739.html,100,100,100,100,100,100
43,scholarships_html/mastersportal-1754.html,100,100,100,100,100,100
43,scholarships_html/scholarships360-1655.html,100,0,100,100,100,0
43,scholarships_html/scholarships360-0389.html,100,0,100,100,100,0
43,scholarships_html/mastersportal-1904.html,100,100,100,100,100,100
43,scholarships_html/mastersportal-1846.html,100,100,100,100,100,100
43,scholarships_html/mastersportal-1612.html,100,100,100,100,100,100
43,scholarships_html/scholarship-0953.html,100,100,100,100,0,0
43,scholarships_html/scholarship-1668.html,100,100,100,100,0,0
43,scholarships_html/bigfuture-0863.html,100,100,100,100,100,100
43,scholarships_html/internationalscholarships-1011.html,100,100,0,100,100,0
43,scholarships_html/bigfuture-0185.html,100,100,100,100,100,100
43,scholarships_html/bigfuture-0538.html,100,100,100,100,100,100
43,scholarships_html/mastersportal-1885.html,100,100,100,100,100,100
43,scholarships_html/scholarship-0386.html,100,100,100,100,0,0
43,scholarships_html/scholarships360-0883.html,100,0,100,100,100,0
43,scholarships_html/scholarship-0060.html,100,100,100,100,0,0
43,scholarships_html/mastersportal-0061.html,100,100,100,100,100,100
43,scholarships_html/mastersportal-0454.html,100,100,100,100,100,100
43,scholarships_html/scholarship-1379.html,100,100,100,100,0,0
43,scholarships_html/scholarships360-2088.html,100,0,100,100,100,0
43,scholarships_html/bigfuture-2064.html,100,100,100,100,100,100
43,scholarships_html/bigfuture-2011.html,100,100,100,100,100,100
43,scholarships_html/scholarship-1563.html,100,100,100,100,0,0
43,scholarships_html/bigfuture-0874.html,100,100,100,100,100,100
43,scholarships_html/scholarship-1018.html,100,100,100,100,0,0
43,scholarships_html/bigfuture-0815.html,100,100,100,100,100,100
43,scholarships_html/scholarship-0480.html,100,100,100,100,100,100
43,scholarships_html/internationalscholarships-0345.html,100,100,100,100,100,100
43,scholarships_html/scholarship-0278.html,100,100,100,100,0,0
43,scholarships_html/bigfuture-0393.html,100,100,100,100,100,100
43,scholarships_html/scholarships360-1092.html,100,0,100,100,100,0
43,scholarships_html/mastersportal-1622.html,100,100,100,100,100,100
43,scholarships_html/bigfuture-0937.html,100,100,100,100,100,100
43,scholarships_html/scholarships360-0664.html,100,0,100,100,100,0
43,scholarships_html/mastersportal-1797.html,100,100,100,100,100,100
43,scholarships_html/scholarship-1568.html,100,100,100,100,0,0
43,scholarships_html/mastersportal-1939.html,100,100,100,100,100,100
43,scholarships_html/scholarship-1234.html,100,100,100,100,0,0
43,scholarships_html/scholarship-1971.html,100,100,100,100,0,0
43,scholarships_html/mastersportal-1647.html,100,100,100,100,100,100
43,scholarships_html/mastersportal-1618.html,100,100,100,100,100,100
43,scholarships_html/bigfuture-0524.html,100,100,100,100,100,100
43,scholarships_html/mastersportal-0414.html,100,100,100,100,100,100
43,scholarships_html/scholarship-1065.html,100,100,100,100,0,0
43,scholarships_html/internationalscholarships-1234.html,100,100,100,100,100,100
43,scholarships_html/scholarships360-1670.html,100,0,100,100,100,0
43,scholarships_html/scholarships360-2099.html,100,0,100,100,100,0
43,scholarships_html/mastersportal-1384.html,100,100,100,100,100,100
43,scholarships_html/bigfuture-1109.html,100,100,100,100,100,100
43,scholarships_html/scholarship-1010.html,100,100,100,100,0,0
43,scholarships_html/internationalscholarships-0960.html,100,100,100,100,100,100
43,scholarships_html/scholarship-1804.html,100,100,100,100,0,0
43,scholarships_html/bigfuture-1743.html,100,100,100,100,100,100
43,scholarships_html/scholarship-1847.html,100,100,100,100,100,100
43,scholarships_html/bigfuture-0405.html,100,100,100,100,100,100
43,scholarships_html/scholarship-0562.html,100,100,100,100,100,100
43,scholarships_html/bigfuture-0302.html,100,100,100,100,100,100
43,scholarships_html/bigfuture-1734.html,100,100,100,100,100,100
43,scholarships_html/bigfuture-1037.html,100,100,100,100,100,100
43,scholarships_html/mastersportal-1887.html,100,100,100,100,100,100
43,scholarships_html/scholarship-0993.html,100,100,100,100,0,0
43,scholarships_html/scholarship-1243.html,100,100,100,100,100,100
43,scholarships_html/scholarships360-1251.html,100,100,100,100,100,100
43,scholarships_html/scholarships360-0593.html,100,0,100,100,100,0
43,scholarships_html/bigfuture-0499.html,100,100,100,100,100,100
43,scholarships_html/internationalscholarships-0830.html,100,100,100,100,100,100
43,scholarships_html/internationalscholarships-0336.html,100,100,100,100,100,100
43,scholarships_html/bigfuture-1685.html,100,100,100,100,100,100
43,scholarships_html/scholarship-1293.html,100,100,100,100,0,0
43,scholarships_html/scholarship-2032.html,100,100,100,100,0,0
43,scholarships_html/scholarship-1120.html,100,100,100,100,0,0
43,scholarships_html/mastersportal-1093.html,100,100,100,100,100,100
43,scholarships_html/scholarships360-0329.html,100,0,100,100,100,0
43,scholarships_html/internationalscholarships-0895.html,100,100,100,100,100,100
43,scholarships_html/mastersportal-1638.html,100,100,100,100,100,100
43,scholarships_html/internationalscholarships-0665.html,100,100,100,100,100,100
43,scholarships_html/bigfuture-0645.html,100,100,100,100,100,100
43,scholarships_html/scholarships360-1757.html,100,0,100,100,100,0
43,scholarships_html/scholarship-0854.html,100,100,100,100,100,100
43,scholarships_html/mastersportal-1237.html,100,100,100,100,100,100
43,scholarships_html/bigfuture-1284.html,100,100,100,100,100,100
43,scholarships_html/scholarship-1149.html,100,100,100,100,0,0
43,scholarships_html/bigfuture-0038.html,100,100,100,100,100,100
43,scholarships_html/mastersportal-1593.html,100,100,100,100,100,100
43,scholarships_html/bigfuture-0401.html,100,100,100,100,100,100
43,scholarships_html/scholarship-1213.html,100,100,100,100,0,0
43,scholarships_html/internationalscholarships-0802.html,100,100,100,0,0,0
43,scholarships_html/bigfuture-1758.html,100,100,100,100,100,100
43,scholarships_html/mastersportal-0901.html,100,100,100,100,100,100
43,scholarships_html/scholarship-0465.html,100,100,100,100,0,0
43,scholarships_html/mastersportal-0992.html,100,100,100,100,100,100
43,scholarships_html/mastersportal-1855.html,100,100,100,100,100,100
43,scholarships_html/bigfuture-1177.html,100,100,100,100,100,100
43,scholarships_html/mastersportal-2070.html,100,100,100,100,100,100
43,scholarships_html/bigfuture-1467.html,100,100,100,100,100,100
43,scholarships_html/bigfuture-1002.html,100,100,100,100,100,100
43,scholarships_html/mastersportal-0300.html,100,100,100,100,100,100
43,scholarships_html/bigfuture-0299.html,100,100,100,100,100,100
43,scholarships_html/mastersportal-0962.html,100,100,100,100,100,100
43,scholarships_html/scholarship-1481.html,100,100,100,100,0,0
43,scholarships_html/bigfuture-1502.html,100,100,100,100,100,100
43,scholarships_html/scholarship-1497.html,100,100,100,100,100,100
43,scholarships_html/scholarships360-1420.html,100,0,100,100,100,0
43,scholarships_html/scholarships360-1786.html,100,0,100,100,100,0
43,scholarships_html/internationalscholarships-0309.html,100,100,100,100,100,100
43,scholarships_html/scholarship-1360.html,100,100,100,100,0,0
43,scholarships_html/mastersportal-0838.html,100,100,100,100,100,100
43,scholarships_html/mastersportal-1195.html,100,100,100,100,100,100
43,scholarships_html/scholarship-2207.html,100,100,100,100,0,0
43,scholarships_html/mastersportal-2091.html,100,100,100,100,100,100
43,scholarships_html/bigfuture-1309.html,100,100,100,100,100,100
43,scholarships_html/mastersportal-1908.html,100,100,100,100,100,100
43,scholarships_html/scholarship-0365.html,100,100,100,100,100,100
43,scholarships_html/scholarships360-1756.html,100,0,100,100,100,0
43,scholarships_html/scholarships360-0663.html,100,0,100,100,100,0
43,scholarships_html/internationalscholarships-1221.html,100,100,100,100,100,100
43,scholarships_html/bigfuture-1697.html,100,100,100,100,100,100
43,scholarships_html/scholarship-0691.html,100,100,100,100,100,100
43,scholarships_html/bigfuture-0676.html,100,100,100,100,100,100
43,scholarships_html/mastersportal-1015.html,100,100,100,100,100,100
43,scholarships_html/internationalscholarships-0272.html,100,100,100,100,100,100
43,scholarships_html/bigfuture-1479.html,100,100,100,100,100,100
43,scholarships_html/scholarship-1873.html,100,100,100,100,0,0
43,scholarships_html/scholarship-1656.html,100,100,100,100,0,0
43,scholarships_html/mastersportal-1784.html,100,100,100,100,100,100
43,scholarships_html/mastersportal-0722.html,100,100,100,100,100,100
43,scholarships_html/scholarships360-2071.html,100,0,100,100,100,0
43,scholarships_html/bigfuture-2016.html,100,100,100,100,100,100
43,scholarships_html/mastersportal-1306.html,100,100,100,100,100,100
43,scholarships_html/internationalscholarships-1015.html,100,100,100,100,100,100
43,scholarships_html/scholarship-1330.html,100,100,100,100,0,0
43,scholarships_html/scholarships360-1510.html,100,0,100,100,100,0
43,scholarships_html/mastersportal-0714.html,100,100,100,100,100,100
43,scholarships_html/internationalscholarships-0074.html,100,100,100,100,100,100
43,scholarships_html/mastersportal-1355.html,100,100,100,100,100,100
43,scholarships_html/mastersportal-1177.html,100,100,100,100,100,100
43,scholarships_html/scholarships360-1387.html,100,0,100,100,100,0
43,scholarships_html/mastersportal-1659.html,100,100,100,100,100,100
43,scholarships_html/internationalscholarships-1353.html,100,100,100,100,100,100
43,scholarships_html/scholarships360-0372.html,100,0,100,100,100,0
43,scholarships_html/scholarships360-1950.html,100,0,100,100,100,0
43,scholarships_html/bigfuture-2002.html,100,100,100,100,100,100
43,scholarships_html/internationalscholarships-0935.html,100,100,100,100,100,100
43,scholarships_html/mastersportal-2034.html,100,100,100,100,100,100
43,scholarships_html/mastersportal-0818.html,100,100,100,100,100,100
43,scholarships_html/scholarship-1670.html,100,100,100,100,0,0
43,scholarships_html/mastersportal-2029.html,100,100,100,100,100,100
43,scholarships_html/scholarships360-0257.html,100,0,100,100,100,0
43,scholarships_html/mastersportal-1520.html,100,100,100,100,100,100
43,scholarships_html/scholarships360-1394.html,100,0,100,100,100,0
43,scholarships_html/scholarships360-1002.html,100,0,100,100,100,0
43,scholarships_html/internationalscholarships-1374.html,100,100,100,100,100,100
43,scholarships_html/scholarship-1569.html,100,100,100,100,100,100
43,scholarships_html/internationalscholarships-0606.html,100,100,100,100,100,100
43,scholarships_html/mastersportal-2064.html,100,100,100,100,100,100
43,scholarships_html/internationalscholarships-0676.html,100,100,100,100,100,100
43,scholarships_html/mastersportal-0833.html,100,100,100,100,100,100
43,scholarships_html/scholarships360-1148.html,100,0,100,100,100,0
43,scholarships_html/scholarship-1977.html,100,100,100,100,0,0
43,scholarships_html/scholarship-0179.html,100,100,100,100,0,0
43,scholarships_html/internationalscholarships-0119.html,100,100,100,100,0,0
43,scholarships_html/scholarships360-0820.html,100,0,100,100,100,0
43,scholarships_html/scholarships360-0360.html,100,0,100,100,100,0
43,scholarships_html/scholarship-1190.html,100,100,100,100,100,100
43,scholarships_html/scholarships360-0225.html,100,0,100,100,100,0
43,scholarships_html/mastersportal-0767.html,100,100,100,100,100,100
43,scholarships_html/bigfuture-1847.html,100,100,100,100,0,0
43,scholarships_html/scholarships360-1074.html,100,0,100,100,100,0
43,scholarships_html/mastersportal-1354.html,100,100,100,100,100,100
43,scholarships_html/scholarship-0394.html,100,100,100,100,100,100
43,scholarships_html/scholarships360-0952.html,100,0,100,100,100,0
43,scholarships_html/scholarship-0235.html,100,100,100,100,0,0
43,scholarships_html/internationalscholarships-1190.html,100,100,100,100,100,100
43,scholarships_html/internationalscholarships-0305.html,100,100,100,100,100,100
43,scholarships_html/bigfuture-1096.html,100,100,100,100,100,100
43,scholarships_html/mastersportal-0359.html,100,100,100,100,100,100
43,scholarships_html/bigfuture-1370.html,100,100,100,100,100,100
43,scholarships_html/scholarships360-1440.html,100,0,100,100,100,0
43,scholarships_html/scholarships360-1477.html,100,0,100,100,100,0
43,scholarships_html/scholarship-1667.html,100,100,100,100,0,0
43,scholarships_html/mastersportal-2058.html,100,100,100,100,100,100
43,scholarships_html/scholarship-0540.html,100,100,100,100,0,0
43,scholarships_html/scholarship-1742.html,100,100,100,100,0,0
43,scholarships_html/mastersportal-1769.html,100,100,100,100,100,100
43,scholarships_html/scholarship-0678.html,100,100,100,100,100,100
43,scholarships_html/mastersportal-1538.html,100,100,100,100,100,100
43,scholarships_html/scholarships360-1286.html,100,0,100,100,100,0
43,scholarships_html/internationalscholarships-1254.html,100,100,0,100,100,0
43,scholarships_html/scholarship-0429.html,100,100,100,100,0,0
43,scholarships_html/scholarships360-1649.html,100,0,100,100,100,0
43,scholarships_html/scholarships360-1561.html,100,0,100,100,100,0
43,scholarships_html/scholarship-1671.html,100,100,100,100,0,0
43,scholarships_html/bigfuture-0844.html,100,100,100,100,100,100
43,scholarships_html/internationalscholarships-0372.html,100,100,100,100,100,100
43,scholarships_html/bigfuture-0274.html,100,100,100,100,100,100
43,scholarships_html/mastersportal-2019.html,100,100,100,100,100,100
43,scholarships_html/scholarships360-0276.html,100,0,100,100,100,0
43,scholarships_html/mastersportal-0144.html,100,100,100,100,100,100
43,scholarships_html/scholarships360-0974.html,100,0,100,100,100,0
43,scholarships_html/scholarship-0431.html,100,100,100,100,100,100
43,scholarships_html/scholarship-1903.html,100,100,100,100,0,0
43,scholarships_html/internationalscholarships-1435.html,100,100,100,100,100,100
43,scholarships_html/scholarships360-0608.html,100,0,100,100,100,0
43,scholarships_html/bigfuture-0237.html,100,100,100,100,100,100
43,scholarships_html/mastersportal-0109.html,100,100,100,100,100,100
43,scholarships_html/bigfuture-1410.html,100,100,100,100,100,100
43,scholarships_html/internationalscholarships-0137.html,100,100,100,100,100,100
43,scholarships_html/scholarships360-0986.html,100,0,100,100,100,0
43,scholarships_html/internationalscholarships-0679.html,100,100,100,100,100,100
43,scholarships_html/internationalscholarships-0178.html,100,100,100,100,100,100
43,scholarships_html/internationalscholarships-0360.html,100,100,100,0,0,0
43,scholarships_html/scholarships360-1273.html,100,0,100,100,100,0
43,scholarships_html/bigfuture-1416.html,100,100,100,100,100,100
43,scholarships_html/scholarships360-1445.html,100,0,100,100,100,0
43,scholarships_html/internationalscholarships-1008.html,100,100,100,100,100,100
43,scholarships_html/scholarships360-1393.html,100,0,100,100,100,0
43,scholarships_html/bigfuture-1030.html,100,100,100,100,100,100
43,scholarships_html/mastersportal-1610.html,100,100,100,100,100,100
43,scholarships_html/scholarships360-1310.html,100,0,100,100,100,0
43,scholarships_html/scholarship-0619.html,100,100,100,100,0,0
43,scholarships_html/mastersportal-0216.html,100,100,100,100,100,100
43,scholarships_html/bigfuture-1056.html,100,100,100,100,100,100
43,scholarships_html/bigfuture-1298.html,100,100,100,100,100,100
43,scholarships_html/scholarships360-2119.html,100,0,100,100,100,0
43,scholarships_html/bigfuture-0796.html,100,100,100,100,100,100
43,scholarships_html/mastersportal-0349.html,100,100,100,100,100,100
43,scholarships_html/scholarship-0779.html,100,100,100,100,100,100
43,scholarships_html/bigfuture-0606.html,100,100,100,100,100,100
43,scholarships_html/bigfuture-0416.html,100,100,100,100,100,100
43,scholarships_html/scholarships360-0553.html,100,0,100,100,100,0
43,scholarships_html/internationalscholarships-0404.html,100,100,100,100,100,100
43,scholarships_html/mastersportal-1722.html,100,100,100,100,100,100
43,scholarships_html/internationalscholarships-1061.html,100,100,100,100,100,100
43,scholarships_html/scholarship-0441.html,100,100,100,100,0,0
43,scholarships_html/scholarship-0379.html,100,100,100,100,0,0
43,scholarships_html/scholarships360-1746.html,100,0,100,100,100,0
43,scholarships_html/bigfuture-0366.html,100,100,100,100,100,100
43,scholarships_html/mastersportal-2107.html,100,100,100,100,100,100
43,scholarships_html/scholarships360-0224.html,100,0,100,100,100,0
43,scholarships_html/bigfuture-0914.html,100,100,100,100,100,100
43,scholarships_html/scholarships360-1237.html,100,0,100,100,100,0
43,scholarships_html/scholarship-0880.html,100,100,100,100,0,0
43,scholarships_html/mastersportal-0857.html,100,100,100,100,100,100
43,scholarships_html/internationalscholarships-1397.html,100,100,100,100,100,100
43,scholarships_html/bigfuture-1355.html,100,100,100,100,100,100
43,scholarships_html/mastersportal-0122.html,100,100,100,100,100,100
43,scholarships_html/bigfuture-0892.html,100,100,100,100,100,100
43,scholarships_html/scholarship-1642.html,100,100,100,100,0,0
43,scholarships_html/bigfuture-0819.html,100,100,100,100,100,100
43,scholarships_html/scholarships360-1249.html,100,100,100,100,100,100
43,scholarships_html/scholarships360-0127.html,100,0,100,100,100,0
43,scholarships_html/scholarships360-0488.html,100,0,100,100,100,0
43,scholarships_html/scholarships360-0198.html,100,0,100,100,100,0
43,scholarships_html/scholarships360-1965.html,100,0,100,100,100,0
43,scholarships_html/mastersportal-0766.html,100,100,100,100,100,100
43,scholarships_html/internationalscholarships-0580.html,100,100,100,100,100,100
43,scholarships_html/bigfuture-1683.html,100,100,100,100,100,100
43,scholarships_html/mastersportal-1943.html,100,100,100,100,100,100
43,scholarships_html/internationalscholarships-1029.html,100,100,100,100,100,100
43,scholarships_html/scholarships360-1026.html,100,100,100,100,100,100
43,scholarships_html/bigfuture-1098.html,100,100,100,100,100,100
43,scholarships_html/mastersportal-0322.html,100,100,100,100,100,100
43,scholarships_html/internationalscholarships-0278.html,100,100,100,0,100,0
43,scholarships_html/scholarships360-0399.html,100,0,100,100,100,0
43,scholarships_html/scholarship-0633.html,100,100,100,100,0,0
43,scholarships_html/bigfuture-0803.html,100,100,100,100,100,100
43,scholarships_html/scholarship-0078.html,100,100,100,100,0,0
43,scholarships_html/bigfuture-0768.html,100,100,100,100,100,100
43,scholarships_html/mastersportal-1857.html,100,100,100,100,100,100
43,scholarships_html/mastersportal-0088.html,100,100,100,100,100,100
43,scholarships_html/scholarships360-1067.html,100,0,100,100,100,0
43,scholarships_html/bigfuture-0491.html,100,100,100,100,100,100
43,scholarships_html/mastersportal-1045.html,100,100,100,100,100,100
43,scholarships_html/scholarship-1093.html,100,100,100,100,0,0
43,scholarships_html/bigfuture-0306.html,100,100,100,100,100,100
43,scholarships_html/mastersportal-2081.html,100,100,100,100,100,100
43,scholarships_html/mastersportal-2011.html,100,100,100,100,100,100
43,scholarships_html/bigfuture-0944.html,100,100,100,100,100,100
43,scholarships_html/internationalscholarships-0681.html,100,100,100,100,100,100
43,scholarships_html/mastersportal-0567.html,100,100,100,100,100,100
43,scholarships_html/bigfuture-0714.html,100,100,100,100,100,100
43,scholarships_html/mastersportal-1742.html,100,100,100,100,100,100
43,scholarships_html/scholarship-0117.html,100,100,100,100,0,0
43,scholarships_html/scholarship-1348.html,100,100,100,100,0,0
43,scholarships_html/internationalscholarships-0196.html,100,100,100,100,100,100
43,scholarships_html/internationalscholarships-1180.html,100,100,100,100,100,100
43,scholarships_html/mastersportal-2008.html,100,100,100,100,100,100
43,scholarships_html/scholarship-0244.html,100,100,100,100,0,0
43,scholarships_html/bigfuture-1505.html,100,100,100,100,100,100
43,scholarships_html/scholarship-1052.html,100,100,100,100,100,100
43,scholarships_html/mastersportal-0965.html,100,100,100,100,100,100
43,scholarships_html/scholarship-2072.html,100,100,100,100,0,0
43,scholarships_html/internationalscholarships-1470.html,100,100,100,100,100,100
43,scholarships_html/scholarship-0751.html,100,100,100,100,0,0
43,scholarships_html/mastersportal-0969.html,100,100,100,100,100,100
43,scholarships_html/mastersportal-1282.html,100,100,100,100,100,100
43,scholarships_html/scholarship-0396.html,100,100,100,100,0,0
43,scholarships_html/scholarships360-2074.html,100,0,100,100,100,0
43,scholarships_html/scholarships360-1095.html,100,0,100,100,100,0
43,scholarships_html/scholarship-1534.html,100,100,100,100,100,100
43,scholarships_html/mastersportal-0031.html,100,100,100,100,100,100
43,scholarships_html/mastersportal-1906.html,100,100,100,100,100,100
43,scholarships_html/bigfuture-1879.html,100,100,100,100,100,100
43,scholarships_html/internationalscholarships-0850.html,100,100,0,0,0,0
43,scholarships_html/scholarships360-0910.html,100,0,100,100,100,0
43,scholarships_html/scholarships360-1643.html,100,0,100,100,100,0
43,scholarships_html/scholarships360-1417.html,100,0,100,100,100,0
43,scholarships_html/scholarship-0260.html,100,100,100,100,0,0
43,scholarships_html/internationalscholarships-0060.html,100,100,100,100,100,100
43,scholarships_html/bigfuture-1525.html,100,100,100,100,100,100
43,scholarships_html/bigfuture-1851.html,100,100,100,100,100,100
43,scholarships_html/mastersportal-1170.html,100,100,100,100,100,100
43,scholarships_html/scholarship-0889.html,100,100,100,100,0,0
43,scholarships_html/mastersportal-0492.html,100,100,100,100,100,100
43,scholarships_html/scholarship-1844.html,100,100,100,100,0,0
43,scholarships_html/scholarship-0684.html,100,100,100,100,0,0
43,scholarships_html/scholarships360-1275.html,100,0,100,100,100,0
43,scholarships_html/scholarship-0334.html,100,100,100,100,0,0
43,scholarships_html/scholarships360-2009.html,100,0,100,100,100,0
43,scholarships_html/scholarships360-0532.html,100,0,100,100,100,0
43,scholarships_html/mastersportal-0201.html,100,100,100,100,100,100
43,scholarships_html/bigfuture-1492.html,100,100,100,100,100,100
43,scholarships_html/scholarships360-1826.html,100,0,100,100,100,0
43,scholarships_html/internationalscholarships-0170.html,100,100,100,100,100,100
43,scholarships_html/bigfuture-0328.html,100,100,100,100,100,100
43,scholarships_html/scholarships360-1316.html,100,0,100,100,100,0
43,scholarships_html/bigfuture-1565.html,100,100,100,100,100,100
43,scholarships_html/scholarship-0855.html,100,100,100,100,0,0
43,scholarships_html/internationalscholarships-0160.html,100,100,100,0,100,0
43,scholarships_html/bigfuture-0823.html,100,100,100,100,100,100
43,scholarships_html/scholarship-2049.html,100,100,100,100,0,0
43,scholarships_html/bigfuture-0518.html,100,100,100,100,100,100
43,scholarships_html/internationalscholarships-1081.html,100,100,100,100,100,100
43,scholarships_html/internationalscholarships-0302.html,100,100,100,100,100,100
43,scholarships_html/internationalscholarships-0604.html,100,100,100,100,100,100
43,scholarships_html/mastersportal-0823.html,100,100,100,100,100,100
43,scholarships_html/mastersportal-0447.html,100,100,100,100,100,100
43,scholarships_html/bigfuture-0381.html,100,100,100,100,100,100
43,scholarships_html/mastersportal-1251.html,100,100,100,100,100,100
43,scholarships_html/scholarships360-1181.html,100,0,100,100,100,0
43,scholarships_html/scholarships360-1247.html,100,0,100,100,100,0
43,scholarships_html/mastersportal-0935.html,100,100,100,100,100,100
43,scholarships_html/mastersportal-1937.html,100,100,100,100,100,100
43,scholarships_html/scholarships360-1854.html,100,0,100,100,100,0
43,scholarships_html/bigfuture-1153.html,100,100,100,100,100,100
43,scholarships_html/scholarship-2141.html,100,100,100,100,0,0
43,scholarships_html/bigfuture-0025.html,100,100,100,100,100,100
43,scholarships_html/scholarships360-0467.html,100,0,100,100,100,0
43,scholarships_html/scholarship-1681.html,100,100,100,100,0,0
43,scholarships_html/scholarships360-1764.html,100,0,100,100,100,0
43,scholarships_html/bigfuture-1301.html,100,100,100,100,100,100
43,scholarships_html/scholarship-0439.html,100,100,100,100,0,0
43,scholarships_html/bigfuture-1091.html,100,100,100,100,100,100
43,scholarships_html/scholarship-1181.html,100,100,100,100,0,0
43,scholarships_html/bigfuture-1134.html,100,100,100,100,100,100
43,scholarships_html/bigfuture-0709.html,100,100,100,100,100,100
43,scholarships_html/mastersportal-1671.html,100,100,100,100,100,100
43,scholarships_html/scholarship-2088.html,100,100,100,100,0,0
43,scholarships_html/scholarships360-0729.html,100,0,100,100,100,0
43,scholarships_html/scholarship-1362.html,100,100,100,100,0,0
43,scholarships_html/scholarships360-1428.html,100,0,100,100,100,0
43,scholarships_html/scholarships360-0078.html,100,0,100,100,100,0
43,scholarships_html/scholarship-1778.html,100,100,100,100,0,0
43,scholarships_html/bigfuture-0773.html,100,100,100,100,100,100
43,scholarships_html/mastersportal-1327.html,100,100,100,100,100,100
43,scholarships_html/bigfuture-0960.html,100,100,100,100,100,100
43,scholarships_html/scholarship-1767.html,100,100,100,100,0,0
43,scholarships_html/bigfuture-1842.html,100,100,100,100,100,100
43,scholarships_html/scholarship-2067.html,100,100,100,100,0,0
43,scholarships_html/scholarships360-1905.html,100,0,100,100,100,0
43,scholarships_html/scholarship-1640.html,100,100,100,100,0,0
43,scholarships_html/internationalscholarships-1429.html,100,100,100,100,100,100
43,scholarships_html/scholarships360-1719.html,100,0,100,100,100,0
43,scholarships_html/internationalscholarships-1096.html,100,100,0,0,100,0
43,scholarships_html/internationalscholarships-0813.html,100,100,100,0,0,0
43,scholarships_html/scholarship-0851.html,100,100,100,100,0,0
43,scholarships_html/bigfuture-1522.html,100,100,100,100,100,100
43,scholarships_html/scholarship-1780.html,100,100,100,100,0,0
43,scholarships_html/mastersportal-1631.html,100,100,100,100,100,100
43,scholarships_html/bigfuture-0539.html,100,100,100,100,100,100
43,scholarships_html/bigfuture-1883.html,100,100,100,100,100,100
43,scholarships_html/bigfuture-1755.html,100,100,100,100,100,100
43,scholarships_html/mastersportal-2049.html,100,100,100,100,100,100
43,scholarships_html/scholarship-0375.html,100,100,100,100,100,100
43,scholarships_html/scholarship-0723.html,100,100,100,100,100,100
43,scholarships_html/scholarship-0763.html,100,100,100,100,100,100
43,scholarships_html/mastersportal-0298.html,100,100,100,100,100,100
43,scholarships_html/mastersportal-0852.html,100,100,100,100,100,100
43,scholarships_html/bigfuture-2031.html,100,100,100,100,100,100
43,scholarships_html/scholarship-1425.html,100,100,100,100,0,0
43,scholarships_html/mastersportal-1391.html,100,100,100,100,100,100
43,scholarships_html/mastersportal-0948.html,100,100,100,100,100,100
43,scholarships_html/scholarship-1680.html,100,100,100,100,0,0
43,scholarships_html/bigfuture-0953.html,100,100,100,100,100,100
43,scholarships_html/scholarship-2013.html,100,100,100,100,100,100
43,scholarships_html/internationalscholarships-1117.html,100,100,100,100,100,100
43,scholarships_html/internationalscholarships-0198.html,100,100,100,100,100,100
43,scholarships_html/scholarship-1717.html,100,100,100,100,100,100
43,scholarships_html/internationalscholarships-1437.html,100,100,0,100,100,0
43,scholarships_html/internationalscholarships-0388.html,100,100,100,100,100,100
43,scholarships_html/internationalscholarships-1273.html,100,100,100,100,100,100
43,scholarships_html/internationalscholarships-0797.html,100,100,100,100,100,100
43,scholarships_html/scholarships360-0924.html,100,0,100,100,100,0
43,scholarships_html/internationalscholarships-1337.html,100,100,100,100,100,100
43,scholarships_html/scholarships360-0808.html,100,0,100,100,100,0
43,scholarships_html/scholarship-1572.html,100,100,100,100,0,0
43,scholarships_html/mastersportal-1795.html,100,100,100,100,100,100
43,scholarships_html/scholarship-0784.html,100,100,100,100,0,0
43,scholarships_html/scholarships360-2025.html,100,0,100,100,100,0
43,scholarships_html/scholarships360-0104.html,100,0,100,100,100,0
43,scholarships_html/bigfuture-1081.html,100,100,100,100,100,100
43,scholarships_html/mastersportal-2043.html,100,100,100,100,100,100
43,scholarships_html/mastersportal-0386.html,100,100,100,100,100,100
43,scholarships_html/mastersportal-1790.html,100,100,100,100,100,100
43,scholarships_html/bigfuture-1097.html,100,100,100,100,100,100
43,scholarships_html/scholarship-0027.html,100,100,100,100,100,100
43,scholarships_html/scholarships360-0679.html,100,0,100,100,100,0
43,scholarships_html/scholarship-0499.html,100,100,100,100,100,100
43,scholarships_html/scholarships360-1921.html,100,0,100,100,100,0
43,scholarships_html/bigfuture-1511.html,100,100,100,100,100,100
43,scholarships_html/scholarship-2047.html,100,100,100,100,100,100
43,scholarships_html/internationalscholarships-1489.html,100,100,100,100,100,100
43,scholarships_html/bigfuture-1936.html,100,100,100,100,100,100
43,scholarships_html/internationalscholarships-0252.html,100,100,100,100,100,100
43,scholarships_html/internationalscholarships-0841.html,100,100,100,100,100,100
43,scholarships_html/scholarships360-1837.html,100,0,100,100,100,0
43,scholarships_html/mastersportal-2054.html,100,100,100,100,100,100
43,scholarships_html/scholarship-1416.html,100,100,100,100,0,0
43,scholarships_html/scholarships360-1749.html,100,0,100,100,100,0
43,scholarships_html/mastersportal-1379.html,100,100,100,100,100,100
43,scholarships_html/mastersportal-1311.html,100,100,100,100,100,100
43,scholarships_html/internationalscholarships-0050.html,100,100,0,0,0,0
43,scholarships_html/scholarships360-1545.html,100,0,100,100,100,0
43,scholarships_html/scholarship-0765.html,100,100,100,100,0,0
43,scholarships_html/internationalscholarships-1379.html,100,100,100,100,100,100
43,scholarships_html/mastersportal-1085.html,100,100,100,100,100,100
43,scholarships_html/scholarships360-1838.html,100,0,100,100,100,0
43,scholarships_html/scholarships360-1097.html,100,0,100,100,100,0
43,scholarships_html/bigfuture-0903.html,100,100,100,100,100,100
43,scholarships_html/mastersportal-1350.html,100,100,100,100,100,100
43,scholarships_html/internationalscholarships-0311.html,100,100,100,0,100,0
43,scholarships_html/mastersportal-1932.html,100,100,100,100,100,100
43,scholarships_html/mastersportal-1633.html,100,100,100,100,100,100
43,scholarships_html/bigfuture-0088.html,100,100,100,100,100,100
43,scholarships_html/mastersportal-1063.html,100,100,100,100,100,100
43,scholarships_html/bigfuture-1103.html,100,100,100,100,100,100
43,scholarships_html/scholarships360-0850.html,100,0,100,100,100,0
43,scholarships_html/scholarships360-1326.html,100,0,100,100,100,0
43,scholarships_html/scholarship-0165.html,100,100,100,100,0,0
43,scholarships_html/internationalscholarships-0118.html,100,100,100,100,100,100
43,scholarships_html/scholarship-0825.html,100,100,100,100,100,100
43,scholarships_html/internationalscholarships-0507.html,100,100,100,100,100,100
43,scholarships_html/bigfuture-0460.html,100,100,100,100,100,100
43,scholarships_html/mastersportal-0282.html,100,100,100,100,100,100
43,scholarships_html/bigfuture-1194.html,100,100,100,100,100,100
43,scholarships_html/scholarship-1369.html,100,100,100,100,0,0
43,scholarships_html/mastersportal-1493.html,100,100,100,100,100,100
43,scholarships_html/bigfuture-1771.html,100,100,100,100,100,100
43,scholarships_html/bigfuture-1630.html,100,100,100,100,100,100
43,scholarships_html/mastersportal-0551.html,100,100,100,100,100,100
43,scholarships_html/bigfuture-1955.html,100,100,100,100,100,100
43,scholarships_html/internationalscholarships-0741.html,100,100,0,0,0,0
43,scholarships_html/scholarships360-1218.html,100,0,100,100,100,0
43,scholarships_html/scholarships360-0142.html,100,0,100,100,100,0
43,scholarships_html/mastersportal-0891.html,100,100,100,100,100,100
43,scholarships_html/scholarships360-0763.html,100,0,100,100,100,0
43,scholarships_html/scholarships360-0894.html,100,0,100,100,100,0
43,scholarships_html/bigfuture-1432.html,100,100,100,100,100,100
43,scholarships_html/scholarship-1870.html,100,100,100,100,0,0
43,scholarships_html/scholarship-0359.html,100,100,100,100,0,0
43,scholarships_html/bigfuture-0830.html,100,100,100,100,100,100
43,scholarships_html/scholarships360-1306.html,100,0,100,100,100,0
43,scholarships_html/bigfuture-1359.html,100,100,100,100,100,100
43,scholarships_html/scholarships360-0678.html,100,0,100,100,100,0
43,scholarships_html/internationalscholarships-0218.html,100,100,100,100,100,100
43,scholarships_html/bigfuture-0742.html,100,100,100,100,100,100
43,scholarships_html/scholarships360-0454.html,100,0,100,100,100,0
43,scholarships_html/mastersportal-0585.html,100,100,100,100,100,100
43,scholarships_html/scholarships360-1212.html,100,0,100,100,100,0
43,scholarships_html/scholarships360-0479.html,100,0,100,100,100,0
43,scholarships_html/bigfuture-0250.html,100,100,100,100,100,100
43,scholarships_html/bigfuture-0794.html,100,100,100,100,100,100
43,scholarships_html/internationalscholarships-0460.html,100,100,100,100,100,100
43,scholarships_html/scholarships360-0620.html,100,0,100,100,100,0
43,scholarships_html/bigfuture-0746.html,100,100,100,100,100,100
43,scholarships_html/scholarships360-1325.html,100,0,100,100,100,0
43,scholarships_html/bigfuture-0227.html,100,100,100,100,100,100
43,scholarships_html/scholarship-0679.html,100,100,100,100,100,100
43,scholarships_html/bigfuture-1799.html,100,100,100,100,100,100
43,scholarships_html/scholarship-1849.html,100,100,100,100,0,0
43,scholarships_html/scholarship-0174.html,100,100,100,100,0,0
43,scholarships_html/scholarships360-1996.html,100,0,100,100,100,0
43,scholarships_html/scholarship-1016.html,100,100,100,100,0,0
43,scholarships_html/internationalscholarships-0437.html,100,100,100,0,100,0
43,scholarships_html/scholarships360-1794.html,100,0,100,100,100,0
43,scholarships_html/mastersportal-0927.html,100,100,100,100,100,100
43,scholarships_html/mastersportal-1102.html,100,100,100,100,100,100
43,scholarships_html/mastersportal-0612.html,100,100,100,100,100,100
43,scholarships_html/internationalscholarships-1538.html,100,100,100,100,100,100
43,scholarships_html/bigfuture-0872.html,100,100,100,100,100,100
43,scholarships_html/scholarship-1611.html,100,100,100,100,0,0
43,scholarships_html/mastersportal-1528.html,100,100,100,100,100,100
43,scholarships_html/scholarships360-2043.html,100,0,100,100,100,0
43,scholarships_html/scholarships360-0131.html,100,0,100,100,100,0
43,scholarships_html/mastersportal-0616.html,100,100,100,100,100,100
43,scholarships_html/scholarship-0999.html,100,100,100,100,0,0
43,scholarships_html/scholarships360-0344.html,100,0,100,100,100,0
43,scholarships_html/bigfuture-1984.html,100,100,100,100,100,100
43,scholarships_html/mastersportal-0683.html,100,100,100,100,100,100
43,scholarships_html/internationalscholarships-0396.html,100,100,100,100,100,100
43,scholarships_html/scholarships360-1350.html,100,0,100,100,100,0
43,scholarships_html/scholarships360-0440.html,100,0,100,100,100,0
43,scholarships_html/scholarship-0181.html,100,100,100,100,100,100
43,scholarships_html/bigfuture-1652.html,100,100,100,100,100,100
43,scholarships_html/mastersportal-2086.html,100,100,100,100,100,100
43,scholarships_html/internationalscholarships-1376.html,100,100,100,100,100,100
43,scholarships_html/bigfuture-1363.html,100,100,100,100,100,100
43,scholarships_html/scholarship-0167.html,100,100,100,100,0,0
43,scholarships_html/scholarship-0004.html,100,100,100,100,100,100
43,scholarships_html/scholarship-1139.html,100,100,100,100,100,100
43,scholarships_html/bigfuture-0550.html,100,100,100,100,100,100
43,scholarships_html/bigfuture-0744.html,100,100,100,100,100,100
43,scholarships_html/scholarship-0755.html,100,100,100,100,0,0
43,scholarships_html/bigfuture-1599.html,100,100,100,100,100,100
43,scholarships_html/internationalscholarships-0800.html,100,100,100,100,100,100
43,scholarships_html/internationalscholarships-0354.html,100,100,100,100,100,100
43,scholarships_html/bigfuture-2009.html,100,100,100,100,100,100
43,scholarships_html/mastersportal-1216.html,100,100,100,100,100,100
43,scholarships_html/scholarship-1840.html,100,100,100,100,0,0
43,scholarships_html/scholarships360-1765.html,100,0,100,100,100,0
43,scholarships_html/scholarships360-0153.html,100,0,100,100,100,0
43,scholarships_html/scholarships360-0744.html,100,0,100,100,100,0
43,scholarships_html/scholarships360-1305.html,100,0,100,100,100,0
43,scholarships_html/bigfuture-1361.html,100,100,100,100,100,100
43,scholarships_html/internationalscholarships-1444.html,100,100,0,100,100,0
43,scholarships_html/mastersportal-1461.html,100,100,100,100,100,100
43,scholarships_html/scholarships360-0323.html,100,0,100,100,100,0
43,scholarships_html/scholarship-1025.html,100,100,100,100,100,100
43,scholarships_html/scholarships360-1344.html,100,0,100,100,100,0
43,scholarships_html/scholarships360-0642.html,100,0,100,100,100,0
43,scholarships_html/mastersportal-1244.html,100,100,100,100,100,100
43,scholarships_html/mastersportal-1194.html,100,100,100,100,100,100
43,scholarships_html/scholarship-0979.html,100,100,100,100,100,100
43,scholarships_html/mastersportal-2100.html,100,100,100,100,100,100
43,scholarships_html/internationalscholarships-1441.html,100,100,100,100,100,100
43,scholarships_html/internationalscholarships-0599.html,100,100,100,100,100,100
43,scholarships_html/mastersportal-0929.html,100,100,100,100,100,100
43,scholarships_html/mastersportal-1303.html,100,100,100,100,100,100
43,scholarships_html/bigfuture-0428.html,100,100,100,100,100,100
43,scholarships_html/scholarship-0905.html,100,100,100,100,0,0
43,scholarships_html/internationalscholarships-0110.html,100,100,100,100,100,100
43,scholarships_html/internationalscholarships-1326.html,100,100,100,100,100,100
43,scholarships_html/mastersportal-2055.html,100,100,100,100,100,100
43,scholarships_html/internationalscholarships-0627.html,100,100,100,100,100,100
43,scholarships_html/mastersportal-1253.html,100,100,100,100,100,100
43,scholarships_html/scholarship-1453.html,100,100,100,100,0,0
43,scholarships_html/bigfuture-1264.html,100,100,100,100,100,100
43,scholarships_html/scholarships360-0481.html,100,0,100,100,100,0
43,scholarships_html/mastersportal-1878.html,100,100,100,100,100,100
43,scholarships_html/internationalscholarships-0740.html,100,100,100,100,100,100
43,scholarships_html/internationalscholarships-0786.html,100,100,100,100,100,100
43,scholarships_html/scholarships360-1359.html,100,0,100,100,100,0
43,scholarships_html/scholarships360-1236.html,100,0,100,100,100,0
43,scholarships_html/bigfuture-0605.html,100,100,100,100,100,100
43,scholarships_html/bigfuture-0556.html,100,100,100,100,100,100
43,scholarships_html/bigfuture-1825.html,100,100,100,100,100,100
43,scholarships_html/internationalscholarships-0898.html,100,100,100,100,100,100
43,scholarships_html/mastersportal-0607.html,100,100,100,100,100,100
43,scholarships_html/mastersportal-0970.html,100,100,100,100,100,100
43,scholarships_html/mastersportal-1910.html,100,100,100,100,100,100
43,scholarships_html/mastersportal-1232.html,100,100,100,100,100,100
43,scholarships_html/mastersportal-1347.html,100,100,100,100,100,100
43,scholarships_html/mastersportal-2053.html,100,100,100,100,100,100
43,scholarships_html/scholarship-0847.html,100,100,100,100,0,0
43,scholarships_html/bigfuture-1939.html,100,100,100,100,100,100
43,scholarships_html/mastersportal-0364.html,100,100,100,100,100,100
43,scholarships_html/scholarship-0592.html,100,100,100,100,0,0
43,scholarships_html/scholarship-1382.html,100,100,100,100,0,0
43,scholarships_html/scholarships360-1706.html,100,0,100,100,100,0
43,scholarships_html/bigfuture-1146.html,100,100,100,100,100,100
43,scholarships_html/internationalscholarships-0158.html,100,100,100,100,100,100
43,scholarships_html/internationalscholarships-0522.html,100,100,100,100,100,100
43,scholarships_html/scholarship-0160.html,100,100,100,100,0,0
43,scholarships_html/scholarships360-2061.html,100,0,100,100,100,0
43,scholarships_html/internationalscholarships-1424.html,100,100,100,100,100,100
43,scholarships_html/mastersportal-1697.html,100,100,100,100,100,100
43,scholarships_html/mastersportal-0117.html,100,100,100,100,100,100
43,scholarships_html/mastersportal-0542.html,100,100,100,100,100,100
43,scholarships_html/mastersportal-1693.html,100,100,100,100,100,100
43,scholarships_html/internationalscholarships-0375.html,100,100,100,100,100,100
43,scholarships_html/scholarships360-0853.html,100,0,100,100,100,0
43,scholarships_html/bigfuture-1838.html,100,100,100,100,100,100
43,scholarships_html/mastersportal-0264.html,100,100,100,100,100,100
43,scholarships_html/mastersportal-1236.html,100,100,100,100,100,100
43,scholarships_html/mastersportal-1433.html,100,100,100,100,100,100
43,scholarships_html/internationalscholarships-0745.html,100,100,100,100,100,100
43,scholarships_html/scholarships360-0509.html,100,100,100,100,100,100
43,scholarships_html/scholarship-1449.html,100,100,100,100,0,0
43,scholarships_html/scholarship-1574.html,100,100,100,100,0,0
43,scholarships_html/scholarships360-0649.html,100,0,100,100,100,0
43,scholarships_html/bigfuture-1075.html,100,100,100,100,0,0
43,scholarships_html/scholarships360-0788.html,100,0,100,100,100,0
43,scholarships_html/mastersportal-1359.html,100,100,100,100,100,100
43,scholarships_html/internationalscholarships-1431.html,100,100,100,100,100,100
43,scholarships_html/bigfuture-1102.html,100,100,100,100,100,100
43,scholarships_html/bigfuture-1329.html,100,100,100,100,100,100
43,scholarships_html/mastersportal-0148.html,100,100,100,100,100,100
43,scholarships_html/scholarships360-0871.html,100,0,100,100,100,0
43,scholarships_html/scholarship-1863.html,100,100,100,100,0,0
43,scholarships_html/bigfuture-1737.html,100,100,100,100,100,100
43,scholarships_html/mastersportal-1107.html,100,100,100,100,100,100
43,scholarships_html/internationalscholarships-0213.html,100,100,100,100,100,100
43,scholarships_html/bigfuture-1026.html,100,100,100,100,100,100
43,scholarships_html/scholarships360-1019.html,100,0,100,100,100,0
43,scholarships_html/mastersportal-1575.html,100,100,100,100,100,100
43,scholarships_html/scholarships360-0884.html,100,0,100,100,100,0
43,scholarships_html/scholarship-1871.html,100,100,100,100,0,0
43,scholarships_html/mastersportal-1938.html,100,100,100,100,100,100
43,scholarships_html/scholarships360-1543.html,100,0,100,100,100,0
43,scholarships_html/mastersportal-0270.html,100,100,100,100,100,100
43,scholarships_html/scholarship-0102.html,100,100,100,100,100,100
43,scholarships_html/scholarships360-0455.html,100,0,100,100,100,0
43,scholarships_html/scholarship-1421.html,100,100,100,100,0,0
43,scholarships_html/mastersportal-0805.html,100,100,100,100,100,100
43,scholarships_html/mastersportal-1207.html,100,100,100,100,100,100
43,scholarships_html/bigfuture-0672.html,100,100,100,100,100,100
43,scholarships_html/scholarships360-1256.html,100,0,100,100,100,0
43,scholarships_html/bigfuture-2029.html,100,100,100,100,100,100
43,scholarships_html/scholarship-0489.html,100,100,100,100,0,0
43,scholarships_html/bigfuture-1328.html,100,100,100,100,100,100
43,scholarships_html/scholarships360-0283.html,100,0,100,100,100,0
43,scholarships_html/internationalscholarships-0654.html,100,100,0,100,100,0
43,scholarships_html/scholarship-1304.html,100,100,100,100,0,0
43,scholarships_html/scholarship-0363.html,100,100,100,100,100,100
43,scholarships_html/scholarships360-1447.html,100,0,100,100,100,0
43,scholarships_html/bigfuture-1942.html,100,100,100,100,100,100
43,scholarships_html/scholarship-0296.html,100,100,100,100,100,100
43,scholarships_html/scholarships360-1240.html,100,0,100,100,100,0
43,scholarships_html/scholarships360-1157.html,100,0,100,100,100,0
43,scholarships_html/scholarship-1173.html,100,100,100,100,100,100
43,scholarships_html/bigfuture-1615.html,100,100,100,100,100,100
43,scholarships_html/bigfuture-0725.html,100,100,100,100,100,100
43,scholarships_html/scholarships360-1871.html,100,0,100,100,100,0
43,scholarships_html/scholarship-0796.html,100,100,100,100,0,0
43,scholarships_html/internationalscholarships-0635.html,100,100,100,0,100,0
43,scholarships_html/internationalscholarships-1247.html,100,100,100,100,100,100
43,scholarships_html/bigfuture-1759.html,100,100,100,100,100,100
43,scholarships_html/scholarships360-0299.html,100,0,100,100,100,0
43,scholarships_html/bigfuture-1668.html,100,100,100,100,100,100
43,scholarships_html/internationalscholarships-0054.html,100,100,0,0,0,0
43,scholarships_html/scholarship-2098.html,100,100,100,100,0,0
43,scholarships_html/scholarship-2002.html,100,100,100,100,100,100
43,scholarships_html/scholarships360-0523.html,100,0,100,100,100,0
43,scholarships_html/scholarship-0457.html,100,100,100,100,0,0
43,scholarships_html/scholarship-1513.html,100,100,100,100,100,100
43,scholarships_html/scholarships360-1759.html,100,0,100,100,100,0
43,scholarships_html/scholarships360-1895.html,100,0,100,100,100,0
43,scholarships_html/internationalscholarships-0919.html,100,100,100,100,100,100
43,scholarships_html/bigfuture-1300.html,100,100,100,100,100,100
43,scholarships_html/mastersportal-1393.html,100,100,100,100,100,100
43,scholarships_html/bigfuture-1631.html,100,100,100,100,100,100
43,scholarships_html/internationalscholarships-0173.html,100,100,100,100,100,100
43,scholarships_html/scholarship-2128.html,100,100,100,100,0,0
43,scholarships_html/mastersportal-0937.html,100,100,100,100,100,100
43,scholarships_html/mastersportal-0442.html,100,100,100,100,100,100
43,scholarships_html/scholarships360-0098.html,100,0,100,100,100,0
43,scholarships_html/internationalscholarships-0904.html,100,100,0,100,100,0
43,scholarships_html/mastersportal-0152.html,100,100,100,100,100,100
43,scholarships_html/scholarships360-0971.html,100,0,100,100,100,0
43,scholarships_html/mastersportal-0702.html,100,100,100,100,100,100
43,scholarships_html/internationalscholarships-0109.html,100,100,100,100,100,100
43,scholarships_html/bigfuture-0674.html,100,100,100,100,100,100
43,scholarships_html/bigfuture-0756.html,100,100,100,100,100,100
43,scholarships_html/mastersportal-0181.html,100,100,100,100,100,100
43,scholarships_html/scholarship-1254.html,100,100,100,100,0,0
43,scholarships_html/bigfuture-0717.html,100,100,100,100,100,100
43,scholarships_html/bigfuture-1990.html,100,100,100,100,100,100
43,scholarships_html/mastersportal-0328.html,100,100,100,100,100,100
43,scholarships_html/mastersportal-0090.html,100,100,100,100,100,100
43,scholarships_html/internationalscholarships-0547.html,100,100,100,100,100,100
43,scholarships_html/bigfuture-1012.html,100,100,100,100,100,100
43,scholarships_html/internationalscholarships-1466.html,100,100,0,100,100,0
43,scholarships_html/scholarships360-1843.html,100,0,100,100,100,0
43,scholarships_html/internationalscholarships-0056.html,100,100,0,0,0,0
43,scholarships_html/internationalscholarships-1110.html,100,100,100,100,100,100
43,scholarships_html/mastersportal-0674.html,100,100,100,100,100,100
43,scholarships_html/internationalscholarships-0487.html,100,100,100,100,100,100
43,scholarships_html/mastersportal-1294.html,100,0,100,100,100,0
43,scholarships_html/bigfuture-0634.html,100,100,100,100,100,100
43,scholarships_html/scholarship-1443.html,100,100,100,100,0,0
43,scholarships_html/scholarship-0029.html,100,100,100,100,0,0
43,scholarships_html/scholarships360-1210.html,100,0,100,100,100,0
43,scholarships_html/scholarships360-0267.html,100,0,100,100,100,0
43,scholarships_html/bigfuture-1260.html,100,100,100,100,100,100
43,scholarships_html/mastersportal-1587.html,100,100,100,100,100,100
43,scholarships_html/scholarships360-1867.html,100,0,100,100,100,0
43,scholarships_html/bigfuture-0822.html,100,100,100,100,100,100
43,scholarships_html/scholarships360-1942.html,100,0,100,100,100,0
43,scholarships_html/mastersportal-1772.html,100,100,100,100,100,100
43,scholarships_html/mastersportal-1092.html,100,100,100,100,100,100
43,scholarships_html/internationalscholarships-1159.html,100,100,100,100,100,100
43,scholarships_html/scholarships360-0364.html,100,0,100,100,100,0
43,scholarships_html/internationalscholarships-1051.html,100,100,100,100,100,100
43,scholarships_html/bigfuture-1245.html,100,100,100,100,100,100
43,scholarships_html/scholarship-1182.html,100,100,100,100,0,0
43,scholarships_html/scholarship-0454.html,100,100,100,100,0,0
43,scholarships_html/scholarship-0141.html,100,100,100,100,0,0
43,scholarships_html/internationalscholarships-0657.html,100,100,100,100,100,100
43,scholarships_html/internationalscholarships-1312.html,100,100,0,0,100,0
43,scholarships_html/mastersportal-1724.html,100,100,100,100,100,100
43,scholarships_html/bigfuture-1987.html,100,100,100,100,100,100
43,scholarships_html/mastersportal-0995.html,100,100,100,100,100,100
43,scholarships_html/scholarship-0545.html,100,100,100,100,0,0
43,scholarships_html/scholarship-2025.html,100,100,100,100,0,0
43,scholarships_html/internationalscholarships-0209.html,100,100,100,100,100,100
43,scholarships_html/bigfuture-0966.html,100,100,100,100,100,100
43,scholarships_html/internationalscholarships-0755.html,100,100,100,100,0,0
43,scholarships_html/bigfuture-1844.html,100,100,100,100,100,100
43,scholarships_html/scholarships360-0838.html,100,0,100,100,100,0
43,scholarships_html/scholarships360-0384.html,100,0,100,100,100,0
43,scholarships_html/mastersportal-1873.html,100,100,100,100,100,100
43,scholarships_html/bigfuture-1488.html,100,100,100,100,100,100
43,scholarships_html/scholarships360-1800.html,100,0,100,100,100,0
43,scholarships_html/mastersportal-0815.html,100,100,100,100,100,100
43,scholarships_html/scholarship-0133.html,100,100,100,100,0,0
43,scholarships_html/bigfuture-1480.html,100,100,100,100,100,100
43,scholarships_html/internationalscholarships-1522.html,100,100,100,100,100,100
43,scholarships_html/scholarships360-1521.html,100,0,100,100,100,0
43,scholarships_html/scholarships360-1443.html,100,0,100,100,100,0
43,scholarships_html/mastersportal-0804.html,100,100,100,100,100,100
43,scholarships_html/internationalscholarships-1519.html,100,100,100,100,100,100
43,scholarships_html/mastersportal-0169.html,100,100,100,100,100,100
43,scholarships_html/scholarships360-0666.html,100,0,100,100,100,0
43,scholarships_html/scholarships360-0122.html,100,0,100,100,100,0
43,scholarships_html/scholarship-0299.html,100,100,100,100,0,0
43,scholarships_html/mastersportal-0909.html,100,100,100,100,100,100
43,scholarships_html/scholarships360-0539.html,100,0,100,100,100,0
43,scholarships_html/bigfuture-1499.html,100,100,100,100,100,100
43,scholarships_html/scholarships360-1317.html,100,0,100,100,100,0
43,scholarships_html/bigfuture-0081.html,100,100,100,100,100,100
43,scholarships_html/bigfuture-0242.html,100,100,100,100,100,100
43,scholarships_html/internationalscholarships-1550.html,100,100,100,100,100,100
43,scholarships_html/bigfuture-0348.html,100,100,100,100,100,100
43,scholarships_html/mastersportal-0402.html,100,100,100,100,100,100
43,scholarships_html/internationalscholarships-0079.html,100,100,100,100,100,100
43,scholarships_html/mastersportal-0171.html,100,100,100,100,100,100
43,scholarships_html/internationalscholarships-1299.html,100,100,100,100,100,100
43,scholarships_html/scholarships360-2117.html,100,0,100,100,100,0
43,scholarships_html/mastersportal-0864.html,100,100,100,100,100,100
43,scholarships_html/scholarships360-1192.html,100,0,100,100,100,0
43,scholarships_html/mastersportal-1187.html,100,100,100,100,100,100
43,scholarships_html/scholarships360-2068.html,100,0,100,100,100,0
43,scholarships_html/mastersportal-0528.html,100,100,100,100,100,100
43,scholarships_html/mastersportal-1047.html,100,100,100,100,100,100
43,scholarships_html/mastersportal-0709.html,100,100,100,100,100,100
43,scholarships_html/mastersportal-0259.html,100,100,100,100,100,100
43,scholarships_html/mastersportal-0005.html,100,100,100,100,100,100
43,scholarships_html/mastersportal-2009.html,100,100,100,100,100,100
43,scholarships_html/mastersportal-0150.html,100,100,100,100,100,100
43,scholarships_html/bigfuture-1554.html,100,100,100,100,100,100
43,scholarships_html/scholarships360-0137.html,100,0,100,100,100,0
43,scholarships_html/mastersportal-2048.html,100,100,100,100,100,100
43,scholarships_html/bigfuture-1514.html,100,100,100,100,100,100
43,scholarships_html/scholarship-1115.html,100,100,100,100,0,0
43,scholarships_html/mastersportal-1131.html,100,100,100,100,100,100
43,scholarships_html/internationalscholarships-0573.html,100,100,100,100,100,100
43,scholarships_html/scholarships360-0247.html,100,0,100,100,100,0
43,scholarships_html/scholarships360-0732.html,100,0,100,100,100,0
43,scholarships_html/bigfuture-0391.html,100,100,100,100,100,100
43,scholarships_html/bigfuture-1504.html,100,100,100,100,100,100
43,scholarships_html/scholarships360-1248.html,100,100,100,100,100,100
43,scholarships_html/internationalscholarships-0139.html,100,100,100,100,100,100
43,scholarships_html/bigfuture-0276.html,100,100,100,100,100,100
43,scholarships_html/bigfuture-0490.html,100,100,100,100,100,100
43,scholarships_html/scholarships360-0979.html,100,0,100,100,100,0
43,scholarships_html/mastersportal-1568.html,100,100,100,100,100,100
43,scholarships_html/scholarships360-1615.html,100,0,100,100,100,0
43,scholarships_html/bigfuture-1409.html,100,100,100,100,100,100
43,scholarships_html/internationalscholarships-0664.html,100,100,100,100,0,0
43,scholarships_html/internationalscholarships-0121.html,100,100,100,100,100,100
43,scholarships_html/mastersportal-2085.html,100,100,100,100,100,100
43,scholarships_html/scholarships360-0410.html,100,0,100,100,100,0
43,scholarships_html/internationalscholarships-0381.html,100,100,100,100,100,100
43,scholarships_html/mastersportal-0485.html,100,100,100,100,100,100
43,scholarships_html/scholarships360-1070.html,100,0,100,100,100,0
43,scholarships_html/bigfuture-1777.html,100,100,100,100,100,100
43,scholarships_html/scholarships360-1085.html,100,0,100,100,100,0
43,scholarships_html/bigfuture-0613.html,100,100,100,100,100,100
43,scholarships_html/internationalscholarships-0220.html,100,100,100,100,100,100
43,scholarships_html/scholarship-1207.html,100,100,100,100,0,0
43,scholarships_html/scholarship-1168.html,100,100,100,100,0,0
43,scholarships_html/scholarships360-1898.html,100,0,100,100,100,0
43,scholarships_html/scholarship-1625.html,100,100,100,100,100,100
43,scholarships_html/bigfuture-0955.html,100,100,100,100,100,100
43,scholarships_html/scholarships360-0895.html,100,100,100,100,100,100
43,scholarships_html/internationalscholarships-0625.html,100,100,100,100,100,100
43,scholarships_html/mastersportal-1376.html,100,100,100,100,100,100
43,scholarships_html/scholarships360-2053.html,100,0,100,100,100,0
43,scholarships_html/scholarships360-0042.html,100,0,100,100,100,0
43,scholarships_html/scholarship-0438.html,100,100,100,100,0,0
43,scholarships_html/mastersportal-1824.html,100,100,100,100,100,100
43,scholarships_html/bigfuture-0732.html,100,100,100,100,100,100
43,scholarships_html/bigfuture-2071.html,100,100,100,100,100,100
43,scholarships_html/scholarship-0472.html,100,100,100,100,0,0
43,scholarships_html/bigfuture-0985.html,100,100,100,100,100,100
43,scholarships_html/mastersportal-0536.html,100,100,100,100,100,100
43,scholarships_html/mastersportal-0011.html,100,100,100,100,100,100
43,scholarships_html/scholarships360-1169.html,100,0,100,100,100,0
43,scholarships_html/internationalscholarships-0024.html,100,100,100,100,100,100
43,scholarships_html/scholarships360-1585.html,100,0,100,100,100,0
43,scholarships_html/scholarships360-1850.html,100,0,100,100,100,0
43,scholarships_html/scholarship-0879.html,100,100,100,100,100,100
43,scholarships_html/scholarship-0884.html,100,100,100,100,100,100
43,scholarships_html/bigfuture-0352.html,100,100,100,100,100,100
43,scholarships_html/scholarship-1575.html,100,100,100,100,0,0
43,scholarships_html/internationalscholarships-1511.html,100,100,100,100,100,100
43,scholarships_html/scholarship-0896.html,100,100,100,100,100,100
43,scholarships_html/bigfuture-0919.html,100,100,100,100,100,100
43,scholarships_html/mastersportal-1760.html,100,100,100,100,100,100
43,scholarships_html/mastersportal-1048.html,100,100,100,100,100,100
43,scholarships_html/scholarship-0754.html,100,100,100,100,100,100
43,scholarships_html/mastersportal-0460.html,100,100,100,100,100,100
43,scholarships_html/bigfuture-1223.html,100,100,100,100,100,100
43,scholarships_html/scholarships360-2113.html,100,0,100,100,100,0
43,scholarships_html/scholarship-1142.html,100,100,100,100,0,0
43,scholarships_html/internationalscholarships-1355.html,100,100,0,100,100,0
43,scholarships_html/internationalscholarships-0988.html,100,100,100,100,100,100
43,scholarships_html/scholarship-2148.html,100,100,100,100,0,0
43,scholarships_html/bigfuture-1730.html,100,100,100,100,100,100
43,scholarships_html/bigfuture-1029.html,100,100,100,100,100,100
43,scholarships_html/bigfuture-1746.html,100,100,100,100,100,100
43,scholarships_html/mastersportal-0519.html,100,100,100,100,100,100
43,scholarships_html/internationalscholarships-0400.html,100,100,100,100,100,100
43,scholarships_html/scholarships360-0312.html,100,0,100,100,100,0
43,scholarships_html/scholarships360-0235.html,100,0,100,100,100,0
43,scholarships_html/mastersportal-0465.html,100,100,100,100,100,100
43,scholarships_html/internationalscholarships-0018.html,100,100,100,100,100,100
43,scholarships_html/scholarships360-1933.html,100,0,100,100,100,0
43,scholarships_html/mastersportal-0105.html,100,100,100,100,100,100
43,scholarships_html/bigfuture-0325.html,100,100,100,100,100,100
43,scholarships_html/internationalscholarships-0146.html,100,100,100,100,100,100
43,scholarships_html/scholarships360-0885.html,100,0,100,100,100,0
43,scholarships_html/scholarship-1195.html,100,100,100,100,0,0
43,scholarships_html/scholarships360-0423.html,100,0,100,100,100,0
43,scholarships_html/bigfuture-0470.html,100,100,100,100,100,100
43,scholarships_html/bigfuture-0039.html,100,100,100,100,100,100
43,scholarships_html/mastersportal-0034.html,100,100,100,100,100,100
43,scholarships_html/scholarships360-0325.html,100,0,100,100,100,0
43,scholarships_html/scholarships360-1297.html,100,0,100,100,100,0
43,scholarships_html/mastersportal-1552.html,100,100,100,100,100,100
43,scholarships_html/scholarship-1109.html,100,100,100,100,100,100
43,scholarships_html/scholarship-2027.html,100,100,100,100,0,0
43,scholarships_html/scholarship-1157.html,100,100,100,100,0,0
43,scholarships_html/internationalscholarships-0995.html,100,100,100,100,100,100
43,scholarships_html/scholarship-0727.html,100,100,100,100,0,0
43,scholarships_html/bigfuture-1460.html,100,100,100,100,100,100
43,scholarships_html/scholarships360-0545.html,100,0,100,100,100,0
43,scholarships_html/internationalscholarships-0245.html,100,100,100,100,100,100
43,scholarships_html/internationalscholarships-1038.html,100,100,100,100,100,100
43,scholarships_html/scholarship-1653.html,100,100,100,100,0,0
43,scholarships_html/bigfuture-1891.html,100,100,100,100,100,100
43,scholarships_html/mastersportal-0070.html,100,100,100,100,100,100
43,scholarships_html/internationalscholarships-1123.html,100,100,100,100,100,100
43,scholarships_html/scholarships360-0096.html,100,0,100,100,100,0
43,scholarships_html/mastersportal-0053.html,100,100,100,100,100,100
43,scholarships_html/bigfuture-0504.html,100,100,100,100,100,100
43,scholarships_html/scholarship-1811.html,100,100,100,100,0,0
43,scholarships_html/bigfuture-1093.html,100,100,100,100,100,100
43,scholarships_html/mastersportal-1180.html,100,100,100,100,100,100
43,scholarships_html/internationalscholarships-0602.html,100,100,100,100,100,100
43,scholarships_html/scholarship-1307.html,100,100,100,100,0,0
43,scholarships_html/internationalscholarships-1128.html,100,100,0,100,100,0
43,scholarships_html/bigfuture-1255.html,100,100,100,100,100,100
43,scholarships_html/scholarship-0399.html,100,100,100,100,0,0
43,scholarships_html/bigfuture-0627.html,100,100,100,100,100,100
43,scholarships_html/bigfuture-1869.html,100,100,100,100,100,100
43,scholarships_html/internationalscholarships-0324.html,100,100,100,100,100,100
43,scholarships_html/scholarships360-1361.html,100,0,100,100,100,0
43,scholarships_html/mastersportal-1958.html,100,100,100,100,100,100
43,scholarships_html/bigfuture-1014.html,100,100,100,100,100,100
43,scholarships_html/scholarship-1564.html,100,100,100,100,0,0
43,scholarships_html/internationalscholarships-1144.html,100,100,100,100,100,100
43,scholarships_html/internationalscholarships-0127.html,100,100,100,100,100,100
43,scholarships_html/mastersportal-2060.html,100,100,100,100,100,100
43,scholarships_html/bigfuture-1617.html,100,100,100,100,100,100
43,scholarships_html/scholarship-0059.html,100,100,100,100,0,0
43,scholarships_html/bigfuture-0522.html,100,100,100,100,100,100
43,scholarships_html/scholarship-2158.html,100,100,100,100,0,0
43,scholarships_html/scholarships360-1660.html,100,0,100,100,100,0
43,scholarships_html/scholarships360-1319.html,100,0,100,100,100,0
43,scholarships_html/mastersportal-0591.html,100,100,100,100,100,100
43,scholarships_html/scholarships360-1890.html,100,0,100,100,100,0
43,scholarships_html/internationalscholarships-0322.html,100,100,100,100,100,100
43,scholarships_html/bigfuture-0602.html,100,100,100,100,100,100
43,scholarships_html/bigfuture-1680.html,100,100,100,100,100,100
43,scholarships_html/internationalscholarships-1450.html,100,100,100,100,100,100
43,scholarships_html/internationalscholarships-0956.html,100,100,100,100,100,100
43,scholarships_html/internationalscholarships-0391.html,100,100,100,100,100,100
43,scholarships_html/bigfuture-1348.html,100,100,100,100,100,100
43,scholarships_html/mastersportal-1250.html,100,100,100,100,100,100
43,scholarships_html/scholarships360-1703.html,100,0,100,100,100,0
43,scholarships_html/mastersportal-1014.html,100,100,100,100,100,100
43,scholarships_html/bigfuture-1053.html,100,100,100,100,100,100
43,scholarships_html/mastersportal-1279.html,100,100,100,100,100,100
43,scholarships_html/scholarship-0083.html,100,100,100,100,0,0
43,scholarships_html/scholarships360-2020.html,100,0,100,100,100,0
43,scholarships_html/bigfuture-1921.html,100,100,100,100,100,100
43,scholarships_html/internationalscholarships-0410.html,100,100,100,100,100,100
43,scholarships_html/bigfuture-1020.html,100,100,100,100,100,100
43,scholarships_html/mastersportal-0632.html,100,100,100,100,100,100
43,scholarships_html/scholarship-0325.html,100,100,100,100,0,0
43,scholarships_html/scholarship-1991.html,100,100,100,100,0,0
43,scholarships_html/mastersportal-1886.html,100,100,100,100,100,100
43,scholarships_html/internationalscholarships-0702.html,100,100,100,0,0,0
43,scholarships_html/bigfuture-0223.html,100,100,100,100,100,100
43,scholarships_html/bigfuture-1901.html,100,100,100,100,100,100
43,scholarships_html/mastersportal-0032.html,100,100,100,100,100,100
43,scholarships_html/bigfuture-0936.html,100,100,100,100,100,100
43,scholarships_html/bigfuture-1182.html,100,100,100,100,100,100
43,scholarships_html/scholarships360-0723.html,100,0,100,100,100,0
43,scholarships_html/internationalscholarships-1298.html,100,100,100,0,100,0
43,scholarships_html/bigfuture-1477.html,100,100,100,100,100,100
43,scholarships_html/mastersportal-0633.html,100,100,100,100,100,100
43,scholarships_html/scholarship-0123.html,100,100,100,100,0,0
43,scholarships_html/scholarships360-1380.html,100,100,100,100,100,100
43,scholarships_html/bigfuture-0083.html,100,100,100,100,100,100
43,scholarships_html/scholarships360-0610.html,100,0,100,100,100,0
43,scholarships_html/bigfuture-1487.html,100,100,100,100,100,100
43,scholarships_html/scholarship-0030.html,100,100,100,100,0,0
43,scholarships_html/mastersportal-0078.html,100,100,100,100,100,100
43,scholarships_html/scholarship-1094.html,100,100,100,100,0,0
43,scholarships_html/internationalscholarships-0884.html,100,100,0,100,100,0
43,scholarships_html/mastersportal-1745.html,100,100,100,100,100,100
43,scholarships_html/scholarship-1081.html,100,100,100,100,0,0
43,scholarships_html/scholarship-0981.html,100,100,100,100,0,0
43,scholarships_html/scholarship-1725.html,100,100,100,100,0,0
43,scholarships_html/bigfuture-1256.html,100,100,100,100,100,100
43,scholarships_html/bigfuture-1041.html,100,100,100,100,100,100
43,scholarships_html/scholarships360-1801.html,100,0,100,100,100,0
43,scholarships_html/mastersportal-1264.html,100,100,100,100,100,100
43,scholarships_html/scholarship-0618.html,100,100,100,100,100,100
43,scholarships_html/internationalscholarships-1108.html,100,100,100,100,100,100
43,scholarships_html/scholarships360-0629.html,100,0,100,100,100,0
43,scholarships_html/bigfuture-0523.html,100,100,100,100,100,100
43,scholarships_html/scholarship-1226.html,100,100,100,100,0,0
43,scholarships_html/scholarships360-1501.html,100,0,100,100,100,0
43,scholarships_html/mastersportal-1665.html,100,100,100,100,100,100
43,scholarships_html/bigfuture-1357.html,100,100,100,100,100,100
43,scholarships_html/internationalscholarships-0353.html,100,100,100,0,100,0
43,scholarships_html/internationalscholarships-1412.html,100,100,100,100,100,100
43,scholarships_html/mastersportal-1884.html,100,100,100,100,100,100
43,scholarships_html/scholarships360-0298.html,100,0,100,100,100,0
43,scholarships_html/bigfuture-0553.html,100,100,100,100,100,100
43,scholarships_html/internationalscholarships-1563.html,100,100,100,100,100,100
43,scholarships_html/bigfuture-0378.html,100,100,100,100,100,100
43,scholarships_html/scholarship-0921.html,100,100,100,100,100,100
43,scholarships_html/mastersportal-1404.html,100,100,100,100,100,100
43,scholarships_html/scholarships360-0716.html,100,0,100,100,100,0
43,scholarships_html/scholarship-0271.html,100,100,100,100,100,100
43,scholarships_html/scholarships360-1878.html,100,0,100,100,100,0
43,scholarships_html/internationalscholarships-1440.html,100,100,0,100,100,0
43,scholarships_html/scholarships360-0430.html,100,0,100,100,100,0
43,scholarships_html/bigfuture-0588.html,100,100,100,100,100,100
43,scholarships_html/scholarships360-0994.html,100,0,100,100,100,0
43,scholarships_html/scholarship-0265.html,100,100,100,100,100,100
43,scholarships_html/scholarships360-2036.html,100,0,100,100,100,0
43,scholarships_html/mastersportal-2068.html,100,100,100,100,100,100
43,scholarships_html/scholarships360-0268.html,100,0,100,100,100,0
43,scholarships_html/bigfuture-1796.html,100,100,100,100,100,100
43,scholarships_html/scholarship-0529.html,100,100,100,100,0,0
43,scholarships_html/mastersportal-0670.html,100,100,100,100,100,100
43,scholarships_html/internationalscholarships-0172.html,100,100,100,100,100,100
43,scholarships_html/scholarships360-2115.html,100,0,100,100,100,0
43,scholarships_html/mastersportal-0361.html,100,100,100,100,100,100
43,scholarships_html/mastersportal-0387.html,100,100,100,100,100,100
43,scholarships_html/scholarship-1536.html,100,100,100,100,0,0
43,scholarships_html/bigfuture-0339.html,100,100,100,100,100,100
43,scholarships_html/scholarship-0508.html,100,100,100,100,100,100
43,scholarships_html/mastersportal-1709.html,100,100,100,100,100,100
43,scholarships_html/scholarships360-0308.html,100,0,100,100,100,0
43,scholarships_html/bigfuture-0996.html,100,100,100,100,100,100
43,scholarships_html/scholarship-0456.html,100,100,100,100,0,0
43,scholarships_html/bigfuture-1454.html,100,100,100,100,100,100
43,scholarships_html/internationalscholarships-0486.html,100,100,100,100,100,100
43,scholarships_html/scholarships360-1463.html,100,0,100,100,100,0
43,scholarships_html/mastersportal-1485.html,100,100,100,100,100,100
43,scholarships_html/scholarship-0175.html,100,100,100,100,0,0
43,scholarships_html/mastersportal-1914.html,100,100,100,100,100,100
43,scholarships_html/mastersportal-1616.html,100,100,100,100,100,100
43,scholarships_html/mastersportal-0768.html,100,100,100,100,100,100
43,scholarships_html/internationalscholarships-1187.html,100,100,0,100,100,0
43,scholarships_html/mastersportal-0186.html,100,100,100,100,100,100
43,scholarships_html/mastersportal-1911.html,100,100,100,100,100,100
43,scholarships_html/scholarships360-0604.html,100,0,100,100,100,0
43,scholarships_html/bigfuture-0111.html,100,100,100,100,100,100
43,scholarships_html/bigfuture-0925.html,100,100,100,100,100,100
43,scholarships_html/scholarships360-1593.html,100,0,100,100,100,0
43,scholarships_html/mastersportal-0229.html,100,100,100,100,100,100
43,scholarships_html/internationalscholarships-0005.html,100,100,100,100,100,100
43,scholarships_html/bigfuture-1671.html,100,100,100,100,100,100
43,scholarships_html/scholarships360-1976.html,100,0,100,100,100,0
43,scholarships_html/mastersportal-1880.html,100,100,100,100,100,100
43,scholarships_html/bigfuture-1850.html,100,100,100,100,100,100
43,scholarships_html/bigfuture-0057.html,100,100,100,100,100,100
43,scholarships_html/scholarship-0798.html,100,100,100,100,0,0
43,scholarships_html/scholarships360-0856.html,100,0,100,100,100,0
43,scholarships_html/scholarship-0724.html,100,100,100,100,0,0
43,scholarships_html/bigfuture-1039.html,100,100,100,100,100,100
43,scholarships_html/scholarship-1165.html,100,100,100,100,0,0
43,scholarships_html/mastersportal-1448.html,100,100,100,100,100,100
43,scholarships_html/bigfuture-0107.html,100,100,100,100,100,100
43,scholarships_html/mastersportal-0379.html,100,100,100,100,100,100
43,scholarships_html/bigfuture-0004.html,100,100,100,100,100,100
43,scholarships_html/internationalscholarships-0266.html,100,100,100,100,100,100
43,scholarships_html/scholarships360-0779.html,100,0,100,100,100,0
43,scholarships_html/scholarships360-0002.html,100,0,100,100,100,0
43,scholarships_html/scholarship-0909.html,100,100,100,100,0,0
43,scholarships_html/mastersportal-1381.html,100,100,100,100,100,100
43,scholarships_html/scholarships360-1220.html,100,0,100,100,100,0
43,scholarships_html/mastersportal-1341.html,100,100,100,100,100,100
43,scholarships_html/internationalscholarships-0086.html,100,100,100,100,100,100
43,scholarships_html/scholarships360-0213.html,100,0,100,100,100,0
43,scholarships_html/scholarships360-0967.html,100,0,100,100,100,0
43,scholarships_html/scholarship-1546.html,100,100,100,100,0,0
43,scholarships_html/mastersportal-1442.html,100,100,100,100,100,100
43,scholarships_html/scholarship-2173.html,100,100,100,100,100,100
43,scholarships_html/scholarship-0853.html,100,100,100,100,0,0
43,scholarships_html/internationalscholarships-0616.html,100,100,100,100,100,100
43,scholarships_html/internationalscholarships-0663.html,100,100,100,0,0,0
43,scholarships_html/bigfuture-0783.html,100,100,100,100,100,100
43,scholarships_html/mastersportal-1555.html,100,100,100,100,100,100
43,scholarships_html/scholarship-1219.html,100,100,100,100,100,100
43,scholarships_html/scholarships360-0774.html,100,0,100,100,100,0
43,scholarships_html/scholarship-1543.html,100,100,100,100,0,0
43,scholarships_html/scholarship-1845.html,100,100,100,100,0,0
43,scholarships_html/internationalscholarships-0379.html,100,100,100,100,100,100
43,scholarships_html/internationalscholarships-0992.html,100,100,100,100,100,100
43,scholarships_html/internationalscholarships-1160.html,100,100,100,100,100,100
43,scholarships_html/scholarship-2034.html,100,100,100,100,0,0
43,scholarships_html/mastersportal-0707.html,100,100,100,100,100,100
43,scholarships_html/scholarships360-1846.html,100,0,100,100,100,0
43,scholarships_html/scholarships360-0804.html,100,0,100,100,100,0
43,scholarships_html/bigfuture-0410.html,100,100,100,100,100,100
43,scholarships_html/scholarships360-1979.html,100,100,100,100,100,100
43,scholarships_html/mastersportal-2013.html,100,100,100,100,100,100
43,scholarships_html/scholarships360-1631.html,100,0,100,100,100,0
43,scholarships_html/scholarships360-1025.html,100,0,100,100,100,0
43,scholarships_html/scholarship-2091.html,100,100,100,100,0,0
43,scholarships_html/internationalscholarships-1430.html,100,100,100,100,100,100
43,scholarships_html/scholarships360-1894.html,100,0,100,100,100,0
43,scholarships_html/internationalscholarships-0615.html,100,100,100,100,100,100
43,scholarships_html/bigfuture-1839.html,100,100,100,100,100,100
43,scholarships_html/internationalscholarships-1231.html,100,100,100,100,100,100
43,scholarships_html/scholarship-1154.html,100,100,100,100,100,100
43,scholarships_html/mastersportal-1556.html,100,100,100,100,100,100
43,scholarships_html/mastersportal-1269.html,100,100,100,100,100,100
43,scholarships_html/internationalscholarships-0197.html,100,100,100,100,100,100
43,scholarships_html/scholarship-0895.html,100,100,100,100,100,100
43,scholarships_html/scholarship-1315.html,100,100,100,100,0,0
43,scholarships_html/mastersportal-1140.html,100,100,100,100,100,100
43,scholarships_html/internationalscholarships-0502.html,100,100,100,100,100,100
43,scholarships_html/scholarship-0089.html,100,100,100,100,0,0
43,scholarships_html/scholarship-0931.html,100,100,100,100,0,0
43,scholarships_html/mastersportal-0928.html,100,100,100,100,100,100
43,scholarships_html/bigfuture-0548.html,100,100,100,100,100,100
43,scholarships_html/scholarships360-1610.html,100,0,100,100,100,0
43,scholarships_html/mastersportal-0715.html,100,100,100,100,100,100
43,scholarships_html/internationalscholarships-0973.html,100,100,100,100,100,100
43,scholarships_html/scholarship-1784.html,100,100,100,100,0,0
43,scholarships_html/internationalscholarships-0374.html,100,100,100,100,100,100
43,scholarships_html/scholarships360-0554.html,100,0,100,100,100,0
43,scholarships_html/scholarships360-0340.html,100,0,100,100,100,0
43,scholarships_html/mastersportal-1488.html,100,100,100,100,100,100
43,scholarships_html/internationalscholarships-0435.html,100,100,100,100,100,100
43,scholarships_html/scholarship-0948.html,100,100,100,100,0,0
43,scholarships_html/internationalscholarships-0689.html,100,100,100,100,100,100
43,scholarships_html/mastersportal-1666.html,100,100,100,100,100,100
43,scholarships_html/bigfuture-1157.html,100,100,100,100,100,100
43,scholarships_html/bigfuture-1064.html,100,100,100,100,100,100
43,scholarships_html/bigfuture-2067.html,100,100,100,100,100,100
43,scholarships_html/scholarships360-0218.html,100,0,100,100,100,0
43,scholarships_html/bigfuture-2048.html,100,100,100,100,100,100
43,scholarships_html/bigfuture-0711.html,100,100,100,100,100,100
43,scholarships_html/bigfuture-0376.html,100,100,100,100,100,100
43,scholarships_html/internationalscholarships-1500.html,100,100,100,100,100,100
43,scholarships_html/mastersportal-0878.html,100,100,100,100,100,100
43,scholarships_html/scholarship-1532.html,100,100,100,100,100,100
43,scholarships_html/bigfuture-1568.html,100,100,100,100,100,100
43,scholarships_html/bigfuture-1749.html,100,100,100,100,100,100
43,scholarships_html/scholarships360-1006.html,100,0,100,100,100,0
43,scholarships_html/bigfuture-1362.html,100,100,100,100,100,100
43,scholarships_html/scholarships360-1614.html,100,0,100,100,100,0
43,scholarships_html/internationalscholarships-1107.html,100,100,100,100,100,100
43,scholarships_html/bigfuture-1938.html,100,100,100,100,100,100
43,scholarships_html/internationalscholarships-0793.html,100,100,100,100,100,100
43,scholarships_html/mastersportal-0129.html,100,100,100,100,100,100
43,scholarships_html/mastersportal-1019.html,100,100,100,100,100,100
43,scholarships_html/internationalscholarships-0954.html,100,100,100,100,100,100
43,scholarships_html/scholarships360-0733.html,100,0,100,100,100,0
43,scholarships_html/scholarship-0917.html,100,100,100,100,0,0
43,scholarships_html/internationalscholarships-0027.html,100,100,100,100,100,100
43,scholarships_html/mastersportal-0358.html,100,100,100,100,100,100
43,scholarships_html/scholarships360-1455.html,100,0,100,100,100,0
43,scholarships_html/scholarships360-1597.html,100,0,100,100,100,0
43,scholarships_html/scholarship-1848.html,100,100,100,100,0,0
43,scholarships_html/bigfuture-0248.html,100,100,100,100,100,100
43,scholarships_html/scholarship-1476.html,100,100,100,100,0,0
43,scholarships_html/scholarships360-1733.html,100,0,100,100,100,0
43,scholarships_html/bigfuture-1142.html,100,100,100,100,100,100
43,scholarships_html/mastersportal-0991.html,100,100,100,100,100,100
43,scholarships_html/bigfuture-1453.html,100,100,100,100,100,100
43,scholarships_html/internationalscholarships-0390.html,100,100,100,100,100,100
43,scholarships_html/internationalscholarships-1140.html,100,100,100,100,100,100
43,scholarships_html/scholarships360-0138.html,100,0,100,100,100,0
43,scholarships_html/scholarships360-1117.html,100,0,100,100,100,0
43,scholarships_html/mastersportal-0793.html,100,100,100,100,100,100
43,scholarships_html/mastersportal-1892.html,100,100,100,100,100,100
43,scholarships_html/mastersportal-1780.html,100,100,100,100,100,100
43,scholarships_html/scholarships360-1472.html,100,0,100,100,100,0
43,scholarships_html/bigfuture-0012.html,100,100,100,100,100,100
43,scholarships_html/scholarships360-1502.html,100,0,100,100,100,0
43,scholarships_html/internationalscholarships-1504.html,100,100,100,100,100,100
43,scholarships_html/bigfuture-1752.html,100,100,100,100,100,100
43,scholarships_html/bigfuture-0474.html,100,100,100,100,100,100
43,scholarships_html/scholarships360-0833.html,100,0,100,100,100,0
43,scholarships_html/scholarship-1941.html,100,100,100,100,0,0
43,scholarships_html/scholarship-0923.html,100,100,100,100,0,0
43,scholarships_html/mastersportal-0080.html,100,100,100,100,100,100
43,scholarships_html/internationalscholarships-1213.html,100,100,100,100,100,100
43,scholarships_html/scholarships360-1152.html,100,0,100,100,100,0
43,scholarships_html/internationalscholarships-0239.html,100,100,0,100,100,0
43,scholarships_html/bigfuture-0032.html,100,100,100,100,100,100
43,scholarships_html/bigfuture-0612.html,100,100,100,100,100,100
43,scholarships_html/internationalscholarships-0365.html,100,100,100,0,0,0
43,scholarships_html/bigfuture-2062.html,100,100,100,100,100,100
43,scholarships_html/bigfuture-1447.html,100,100,100,100,100,100
43,scholarships_html/scholarship-0579.html,100,100,100,100,100,100
43,scholarships_html/internationalscholarships-0769.html,100,100,100,100,100,100
43,scholarships_html/internationalscholarships-0483.html,100,100,100,100,100,100
43,scholarships_html/internationalscholarships-0456.html,100,100,100,100,100,100
43,scholarships_html/mastersportal-1872.html,100,100,100,100,100,100
43,scholarships_html/mastersportal-0994.html,100,100,100,100,100,100
43,scholarships_html/internationalscholarships-1551.html,100,100,100,100,100,100
43,scholarships_html/bigfuture-1170.html,100,100,100,100,100,100
43,scholarships_html/bigfuture-0152.html,100,100,100,100,100,100
43,scholarships_html/internationalscholarships-0714.html,100,100,100,100,100,100
43,scholarships_html/bigfuture-1887.html,100,100,100,100,100,100
43,scholarships_html/mastersportal-1836.html,100,100,100,100,100,100
43,scholarships_html/scholarships360-0947.html,100,0,100,100,100,0
43,scholarships_html/scholarships360-0754.html,100,0,100,100,100,0
43,scholarships_html/scholarships360-0163.html,100,0,100,100,100,0
43,scholarships_html/scholarship-1506.html,100,100,100,100,100,100
43,scholarships_html/bigfuture-1898.html,100,100,100,100,100,100
43,scholarships_html/scholarship-0349.html,100,100,100,100,0,0
43,scholarships_html/mastersportal-0056.html,100,100,100,100,100,100
43,scholarships_html/bigfuture-1577.html,100,100,100,100,100,100
43,scholarships_html/internationalscholarships-1505.html,100,100,100,100,100,100
43,scholarships_html/scholarship-1398.html,100,100,100,100,0,0
43,scholarships_html/scholarships360-1860.html,100,0,100,100,100,0
43,scholarships_html/scholarships360-1187.html,100,0,100,100,100,0
43,scholarships_html/scholarship-1485.html,100,100,100,100,100,100
43,scholarships_html/scholarships360-1339.html,100,0,100,100,100,0
43,scholarships_html/scholarships360-0936.html,100,0,100,100,100,0
43,scholarships_html/scholarship-0602.html,100,100,100,100,100,100
43,scholarships_html/scholarship-1192.html,100,100,100,100,0,0
43,scholarships_html/bigfuture-0829.html,100,100,100,100,100,100
43,scholarships_html/bigfuture-0235.html,100,100,100,100,100,100
43,scholarships_html/scholarships360-0207.html,100,0,100,100,100,0
43,scholarships_html/scholarship-1292.html,100,100,100,100,0,0
43,scholarships_html/scholarship-2022.html,100,100,100,100,0,0
43,scholarships_html/scholarships360-0010.html,100,0,100,100,100,0
43,scholarships_html/scholarships360-0191.html,100,0,100,100,100,0
43,scholarships_html/scholarship-0273.html,100,100,100,100,100,100
43,scholarships_html/scholarships360-1479.html,100,0,100,100,100,0
43,scholarships_html/scholarship-1998.html,100,100,100,100,0,0
43,scholarships_html/bigfuture-0118.html,100,100,100,100,100,100
43,scholarships_html/internationalscholarships-0811.html,100,100,100,100,100,100
43,scholarships_html/scholarship-2142.html,100,100,100,100,0,0
43,scholarships_html/bigfuture-0873.html,100,100,100,100,100,100
43,scholarships_html/bigfuture-0515.html,100,100,100,100,100,100
43,scholarships_html/bigfuture-1623.html,100,100,100,100,100,100
43,scholarships_html/scholarship-0839.html,100,100,100,100,100,100
43,scholarships_html/scholarship-1688.html,100,100,100,100,0,0
43,scholarships_html/scholarship-1020.html,100,100,100,100,0,0
43,scholarships_html/scholarship-1183.html,100,100,100,100,0,0
43,scholarships_html/internationalscholarships-0843.html,100,100,100,100,100,100
43,scholarships_html/scholarships360-1961.html,100,0,100,100,100,0
43,scholarships_html/scholarship-1796.html,100,100,100,100,0,0
43,scholarships_html/scholarships360-0451.html,100,0,100,100,100,0
43,scholarships_html/mastersportal-0277.html,100,100,100,100,100,100
43,scholarships_html/scholarships360-2013.html,100,0,100,100,100,0
43,scholarships_html/mastersportal-1870.html,100,100,100,100,100,100
43,scholarships_html/scholarship-1005.html,100,100,100,100,100,100
43,scholarships_html/scholarships360-0706.html,100,0,100,100,100,0
43,scholarships_html/scholarships360-0177.html,100,0,100,100,100,0
43,scholarships_html/scholarships360-0759.html,100,0,100,100,100,0
43,scholarships_html/scholarship-1085.html,100,100,100,100,0,0
43,scholarships_html/bigfuture-1529.html,100,100,100,100,100,100
43,scholarships_html/bigfuture-2061.html,100,100,100,100,100,100
43,scholarships_html/scholarship-2060.html,100,100,100,100,0,0
43,scholarships_html/mastersportal-0449.html,100,100,100,100,100,100
43,scholarships_html/bigfuture-0285.html,100,100,100,100,100,100
43,scholarships_html/scholarship-1558.html,100,100,100,100,100,100
43,scholarships_html/scholarship-1990.html,100,100,100,100,0,0
43,scholarships_html/scholarship-1951.html,100,100,100,100,0,0
43,scholarships_html/mastersportal-0556.html,100,100,100,100,100,100
43,scholarships_html/scholarship-1895.html,100,100,100,100,0,0
43,scholarships_html/mastersportal-0871.html,100,100,100,100,100,100
43,scholarships_html/bigfuture-1415.html,100,100,100,100,100,100
43,scholarships_html/mastersportal-1998.html,100,100,100,100,100,100
43,scholarships_html/internationalscholarships-0199.html,100,100,100,100,100,100
43,scholarships_html/bigfuture-0113.html,100,100,100,100,100,100
43,scholarships_html/scholarship-0416.html,100,100,100,100,0,0
43,scholarships_html/scholarship-1295.html,100,100,100,100,0,0
43,scholarships_html/mastersportal-0494.html,100,100,100,100,100,100
43,scholarships_html/scholarships360-1637.html,100,0,100,100,100,0
43,scholarships_html/bigfuture-1004.html,100,100,100,100,100,100
43,scholarships_html/mastersportal-0781.html,100,100,100,100,100,100
43,scholarships_html/mastersportal-2057.html,100,100,100,100,100,100
43,scholarships_html/scholarships360-1356.html,100,0,100,100,100,0
43,scholarships_html/bigfuture-0063.html,100,100,100,100,100,100
43,scholarships_html/mastersportal-1838.html,100,100,100,100,100,100
43,scholarships_html/scholarship-1228.html,100,100,100,100,100,100
43,scholarships_html/internationalscholarships-0399.html,100,100,100,100,100,100
43,scholarships_html/scholarships360-0335.html,100,0,100,100,100,0
43,scholarships_html/scholarships360-1734.html,100,0,100,100,100,0
43,scholarships_html/bigfuture-1551.html,100,100,100,100,100,100
43,scholarships_html/scholarship-1409.html,100,100,100,100,0,0
43,scholarships_html/bigfuture-0304.html,100,100,100,100,100,100
43,scholarships_html/bigfuture-1178.html,100,100,100,100,100,100
43,scholarships_html/bigfuture-1808.html,100,100,100,100,100,100
43,scholarships_html/scholarships360-1292.html,100,100,100,100,100,100
43,scholarships_html/bigfuture-1405.html,100,100,100,100,100,100
43,scholarships_html/mastersportal-1368.html,100,100,100,100,100,100
43,scholarships_html/scholarship-0406.html,100,100,100,100,0,0
43,scholarships_html/scholarships360-1647.html,100,0,100,100,100,0
43,scholarships_html/scholarships360-1693.html,100,0,100,100,100,0
43,scholarships_html/bigfuture-0986.html,100,100,100,100,100,100
43,scholarships_html/scholarship-1718.html,100,100,100,100,0,0
43,scholarships_html/scholarships360-0049.html,100,0,100,100,100,0
43,scholarships_html/mastersportal-1035.html,100,100,100,100,100,100
43,scholarships_html/bigfuture-0961.html,100,100,100,100,100,100
43,scholarships_html/mastersportal-1517.html,100,100,100,100,100,100
43,scholarships_html/scholarships360-1061.html,100,0,100,100,100,0
43,scholarships_html/scholarships360-0695.html,100,0,100,100,100,0
43,scholarships_html/scholarships360-1966.html,100,0,100,100,100,0
43,scholarships_html/mastersportal-1660.html,100,100,100,100,100,100
43,scholarships_html/bigfuture-0402.html,100,100,100,100,100,100
43,scholarships_html/scholarship-1265.html,100,100,100,100,0,0
43,scholarships_html/scholarships360-0847.html,100,0,100,100,100,0
43,scholarships_html/scholarships360-1686.html,100,0,100,100,100,0
43,scholarships_html/scholarship-0473.html,100,100,100,100,0,0
43,scholarships_html/bigfuture-1450.html,100,100,100,100,100,100
43,scholarships_html/internationalscholarships-1344.html,100,100,100,100,100,100
43,scholarships_html/mastersportal-1475.html,100,100,100,100,100,100
43,scholarships_html/scholarships360-1983.html,100,0,100,100,100,0
43,scholarships_html/scholarship-0668.html,100,100,100,100,100,100
43,scholarships_html/scholarship-1138.html,100,100,100,100,0,0
43,scholarships_html/internationalscholarships-0329.html,100,100,100,100,100,100
43,scholarships_html/scholarship-0553.html,100,100,100,100,0,0
43,scholarships_html/bigfuture-1378.html,100,100,100,100,100,100
43,scholarships_html/mastersportal-1640.html,100,100,100,100,100,100
43,scholarships_html/scholarships360-1358.html,100,0,100,100,100,0
43,scholarships_html/scholarship-0544.html,100,100,100,100,100,100
43,scholarships_html/mastersportal-0772.html,100,100,100,100,100,100
43,scholarships_html/bigfuture-1241.html,100,100,100,100,100,100
43,scholarships_html/bigfuture-0445.html,100,100,100,100,100,100
43,scholarships_html/internationalscholarships-0207.html,100,100,100,100,100,100
43,scholarships_html/scholarship-1597.html,100,100,100,100,0,0
43,scholarships_html/scholarships360-0310.html,100,0,100,100,100,0
43,scholarships_html/bigfuture-1690.html,100,100,100,100,100,100
43,scholarships_html/scholarships360-1807.html,100,0,100,100,100,0
43,scholarships_html/mastersportal-0146.html,100,100,100,100,100,100
43,scholarships_html/scholarships360-1552.html,100,0,100,100,100,0
43,scholarships_html/scholarship-0087.html,100,100,100,100,0,0
43,scholarships_html/internationalscholarships-1556.html,100,100,100,100,100,100
43,scholarships_html/mastersportal-0413.html,100,100,100,100,100,100
43,scholarships_html/scholarship-0887.html,100,100,100,100,0,0
43,scholarships_html/mastersportal-0321.html,100,100,100,100,100,100
43,scholarships_html/bigfuture-1611.html,100,100,100,100,100,100
43,scholarships_html/bigfuture-0720.html,100,100,100,100,100,100
43,scholarships_html/internationalscholarships-1044.html,100,100,100,100,100,100
43,scholarships_html/bigfuture-0424.html,100,100,100,100,100,100
43,scholarships_html/mastersportal-1419.html,100,100,100,100,100,100
43,scholarships_html/mastersportal-0642.html,100,100,100,100,100,100
43,scholarships_html/scholarship-1703.html,100,100,100,100,100,100
43,scholarships_html/bigfuture-0151.html,100,100,100,100,100,100
43,scholarships_html/mastersportal-1566.html,100,100,100,100,100,100
43,scholarships_html/bigfuture-1731.html,100,100,100,100,100,100
43,scholarships_html/scholarship-0382.html,100,100,100,100,0,0
43,scholarships_html/internationalscholarships-1533.html,100,100,0,100,100,0
43,scholarships_html/mastersportal-0385.html,100,100,100,100,100,100
43,scholarships_html/bigfuture-0765.html,100,100,100,100,100,100
43,scholarships_html/mastersportal-0112.html,100,100,100,100,100,100
43,scholarships_html/scholarship-2205.html,100,100,100,100,0,0
43,scholarships_html/internationalscholarships-0613.html,100,100,0,100,100,0
43,scholarships_html/bigfuture-2056.html,100,100,100,100,100,100
43,scholarships_html/bigfuture-0451.html,100,100,100,100,100,100
43,scholarships_html/scholarships360-1970.html,100,0,100,100,100,0
43,scholarships_html/internationalscholarships-0076.html,100,100,0,100,100,0
43,scholarships_html/internationalscholarships-1459.html,100,100,100,100,100,100
43,scholarships_html/mastersportal-1988.html,100,100,100,100,100,100
43,scholarships_html/internationalscholarships-1468.html,100,100,100,100,100,100
43,scholarships_html/scholarships360-0886.html,100,0,100,100,100,0
43,scholarships_html/bigfuture-0061.html,100,100,100,100,100,100
43,scholarships_html/scholarship-0008.html,100,100,100,100,0,0
43,scholarships_html/internationalscholarships-0303.html,100,100,100,100,100,100
43,scholarships_html/scholarship-1969.html,100,100,100,100,0,0
43,scholarships_html/scholarship-1483.html,100,100,100,100,0,0
43,scholarships_html/scholarships360-1980.html,100,0,100,100,100,0
43,scholarships_html/scholarships360-0797.html,100,0,100,100,100,0
43,scholarships_html/mastersportal-1712.html,100,100,100,100,100,100
43,scholarships_html/scholarships360-1119.html,100,0,100,100,100,0
43,scholarships_html/scholarship-1966.html,100,100,100,100,0,0
43,scholarships_html/scholarship-1818.html,100,100,100,100,0,0
43,scholarships_html/scholarships360-2060.html,100,0,100,100,100,0
43,scholarships_html/internationalscholarships-0034.html,100,100,100,100,100,100
43,scholarships_html/scholarship-0676.html,100,100,100,100,100,100
43,scholarships_html/internationalscholarships-0064.html,100,100,100,100,100,100
43,scholarships_html/scholarships360-0506.html,100,0,100,100,100,0
43,scholarships_html/mastersportal-0640.html,100,100,100,100,100,100
43,scholarships_html/mastersportal-0173.html,100,100,100,100,100,100
43,scholarships_html/internationalscholarships-0737.html,100,100,100,100,100,100
43,scholarships_html/mastersportal-1513.html,100,100,100,100,100,100
43,scholarships_html/internationalscholarships-0829.html,100,100,100,100,100,100
43,scholarships_html/internationalscholarships-0126.html,100,100,100,0,100,0
43,scholarships_html/scholarships360-1977.html,100,0,100,100,100,0
43,scholarships_html/bigfuture-0321.html,100,100,100,100,100,100
43,scholarships_html/mastersportal-0043.html,100,100,100,100,100,100
43,scholarships_html/bigfuture-0400.html,100,100,100,100,100,100
43,scholarships_html/scholarship-0037.html,100,100,100,100,100,100
43,scholarships_html/scholarship-0673.html,100,100,100,100,100,100
43,scholarships_html/mastersportal-0354.html,100,100,100,100,100,100
43,scholarships_html/mastersportal-0183.html,100,100,100,100,100,100
43,scholarships_html/bigfuture-0916.html,100,100,100,100,100,100
43,scholarships_html/scholarships360-1438.html,100,0,100,100,100,0
43,scholarships_html/scholarships360-2001.html,100,0,100,100,100,0
43,scholarships_html/mastersportal-1848.html,100,100,100,100,100,100
43,scholarships_html/bigfuture-1171.html,100,100,100,100,100,100
43,scholarships_html/bigfuture-0426.html,100,100,100,100,100,100
43,scholarships_html/scholarship-1987.html,100,100,100,100,100,100
43,scholarships_html/scholarship-1320.html,100,100,100,100,0,0
43,scholarships_html/mastersportal-1217.html,100,100,100,100,100,100
43,scholarships_html/mastersportal-0869.html,100,100,100,100,100,100
43,scholarships_html/mastersportal-0749.html,100,100,100,100,100,100
43,scholarships_html/scholarships360-1701.html,100,0,100,100,100,0
43,scholarships_html/mastersportal-0831.html,100,100,100,100,100,100
43,scholarships_html/mastersportal-0881.html,100,100,100,100,100,100
43,scholarships_html/mastersportal-0462.html,100,100,100,100,100,100
43,scholarships_html/scholarship-0610.html,100,100,100,100,100,100
43,scholarships_html/mastersportal-0273.html,100,100,100,100,100,100
43,scholarships_html/scholarships360-1788.html,100,0,100,100,100,0
43,scholarships_html/bigfuture-2053.html,100,100,100,100,100,100
43,scholarships_html/scholarship-1887.html,100,100,100,100,0,0
43,scholarships_html/scholarship-1979.html,100,100,100,100,0,0
43,scholarships_html/scholarship-0074.html,100,100,100,100,100,100
43,scholarships_html/mastersportal-0177.html,100,100,100,100,100,100
43,scholarships_html/scholarships360-0075.html,100,0,100,100,100,0
43,scholarships_html/bigfuture-1398.html,100,100,100,100,100,100
43,scholarships_html/scholarship-0057.html,100,100,100,100,100,100
43,scholarships_html/scholarship-1250.html,100,100,100,100,0,0
43,scholarships_html/bigfuture-0775.html,100,100,100,100,100,100
43,scholarships_html/bigfuture-0734.html,100,100,100,100,100,100
43,scholarships_html/mastersportal-1435.html,100,100,100,100,100,100
43,scholarships_html/bigfuture-0623.html,100,100,100,100,100,100
43,scholarships_html/internationalscholarships-0520.html,100,100,100,100,100,100
43,scholarships_html/scholarship-0956.html,100,100,100,100,0,0
43,scholarships_html/internationalscholarships-0525.html,100,100,100,100,100,100
43,scholarships_html/mastersportal-1817.html,100,100,100,100,100,100
43,scholarships_html/scholarship-0892.html,100,100,100,100,100,100
43,scholarships_html/scholarship-0830.html,100,100,100,100,100,100
43,scholarships_html/bigfuture-0979.html,100,100,100,100,100,100
43,scholarships_html/scholarship-1188.html,100,100,100,100,0,0
43,scholarships_html/scholarships360-0412.html,100,0,100,100,100,0
43,scholarships_html/bigfuture-0964.html,100,100,100,100,100,100
43,scholarships_html/scholarship-1846.html,100,100,100,100,100,100
43,scholarships_html/bigfuture-0228.html,100,100,100,100,100,100
43,scholarships_html/scholarship-2133.html,100,100,100,100,0,0
43,scholarships_html/scholarship-1604.html,100,100,100,100,0,0
43,scholarships_html/mastersportal-1598.html,100,100,100,100,100,100
43,scholarships_html/scholarships360-1422.html,100,0,100,100,100,0
43,scholarships_html/scholarship-1746.html,100,100,100,100,0,0
43,scholarships_html/scholarship-0689.html,100,100,100,100,0,0
43,scholarships_html/bigfuture-0390.html,100,100,100,100,100,100
43,scholarships_html/scholarship-0442.html,100,100,100,100,0,0
43,scholarships_html/scholarship-0845.html,100,100,100,100,0,0
43,scholarships_html/scholarships360-0390.html,100,0,100,100,100,0
43,scholarships_html/internationalscholarships-0348.html,100,100,100,100,100,100
43,scholarships_html/internationalscholarships-0352.html,100,100,100,100,100,100
43,scholarships_html/scholarship-0875.html,100,100,100,100,0,0
43,scholarships_html/bigfuture-0598.html,100,100,100,100,100,100
43,scholarships_html/scholarship-1159.html,100,100,100,100,0,0
43,scholarships_html/scholarship-0467.html,100,100,100,100,0,0
43,scholarships_html/scholarship-0366.html,100,100,100,100,100,100
43,scholarships_html/bigfuture-0688.html,100,100,100,100,100,100
43,scholarships_html/internationalscholarships-0588.html,100,100,100,100,100,100
43,scholarships_html/internationalscholarships-0735.html,100,100,100,100,100,100
43,scholarships_html/mastersportal-0646.html,100,100,100,100,100,100
43,scholarships_html/scholarships360-0241.html,100,0,100,100,100,0
43,scholarships_html/mastersportal-0697.html,100,100,100,100,100,100
43,scholarships_html/bigfuture-2055.html,100,100,100,100,100,100
43,scholarships_html/mastersportal-0240.html,100,100,100,100,100,100
43,scholarships_html/scholarships360-0436.html,100,0,100,100,100,0
43,scholarships_html/scholarships360-0657.html,100,0,100,100,100,0
43,scholarships_html/scholarships360-1193.html,100,0,100,100,100,0
43,scholarships_html/scholarship-0766.html,100,100,100,100,0,0
43,scholarships_html/scholarship-2191.html,100,100,100,100,0,0
43,scholarships_html/internationalscholarships-0541.html,100,100,100,100,100,100
43,scholarships_html/bigfuture-1274.html,100,100,100,100,100,100
43,scholarships_html/scholarships360-1725.html,100,0,100,100,100,0
43,scholarships_html/scholarships360-0073.html,100,0,100,100,100,0
43,scholarships_html/scholarships360-1652.html,100,0,100,100,100,0
43,scholarships_html/scholarships360-1989.html,100,0,100,100,100,0
43,scholarships_html/mastersportal-1900.html,100,100,100,100,100,100
43,scholarships_html/internationalscholarships-0175.html,100,100,100,100,100,100
43,scholarships_html/mastersportal-2090.html,100,100,100,100,100,100
43,scholarships_html/bigfuture-0392.html,100,100,100,100,100,100
43,scholarships_html/mastersportal-1026.html,100,100,100,100,100,100
43,scholarships_html/scholarship-1193.html,100,100,100,100,0,0
43,scholarships_html/scholarship-0038.html,100,100,100,100,0,0
43,scholarships_html/scholarships360-1809.html,100,0,100,100,100,0
43,scholarships_html/mastersportal-1562.html,100,100,100,100,100,100
43,scholarships_html/bigfuture-2066.html,100,100,100,100,100,100
43,scholarships_html/scholarships360-0386.html,100,0,100,100,100,0
43,scholarships_html/bigfuture-1797.html,100,100,100,100,100,100
43,scholarships_html/scholarships360-1377.html,100,0,100,100,100,0
43,scholarships_html/internationalscholarships-0243.html,100,100,100,100,100,100
43,scholarships_html/mastersportal-1551.html,100,100,100,100,100,100
43,scholarships_html/internationalscholarships-1279.html,100,100,100,100,100,100
43,scholarships_html/bigfuture-0945.html,100,100,100,100,100,100
43,scholarships_html/internationalscholarships-1101.html,100,100,100,100,100,100
43,scholarships_html/scholarships360-2084.html,100,0,100,100,100,0
43,scholarships_html/mastersportal-1455.html,100,100,100,100,100,100
43,scholarships_html/scholarships360-0943.html,100,0,100,100,100,0
43,scholarships_html/internationalscholarships-0509.html,100,100,100,100,100,100
43,scholarships_html/bigfuture-1286.html,100,100,100,100,100,100
43,scholarships_html/scholarship-0987.html,100,100,100,100,100,100
43,scholarships_html/scholarship-0313.html,100,100,100,100,0,0
43,scholarships_html/mastersportal-2031.html,100,100,100,100,100,100
43,scholarships_html/scholarships360-0634.html,100,0,100,100,100,0
43,scholarships_html/scholarships360-0841.html,100,0,100,100,100,0
43,scholarships_html/bigfuture-1648.html,100,100,100,100,100,100
43,scholarships_html/mastersportal-1674.html,100,100,100,100,100,100
43,scholarships_html/mastersportal-1018.html,100,100,100,100,100,100
43,scholarships_html/bigfuture-1419.html,100,100,100,100,100,100
43,scholarships_html/bigfuture-1438.html,100,100,100,100,100,100
43,scholarships_html/scholarship-0392.html,100,100,100,100,0,0
43,scholarships_html/scholarships360-1311.html,100,0,100,100,100,0
43,scholarships_html/scholarship-0745.html,100,100,100,100,0,0
43,scholarships_html/scholarship-1161.html,100,100,100,100,0,0
43,scholarships_html/bigfuture-1605.html,100,100,100,100,100,100
43,scholarships_html/internationalscholarships-0408.html,100,100,100,100,100,100
43,scholarships_html/internationalscholarships-0075.html,100,100,100,100,100,100
43,scholarships_html/bigfuture-0307.html,100,100,100,100,100,100
43,scholarships_html/scholarships360-1260.html,100,0,100,100,100,0
43,scholarships_html/mastersportal-1295.html,100,100,100,100,100,100
43,scholarships_html/bigfuture-1702.html,100,100,100,100,100,100
43,scholarships_html/scholarship-1839.html,100,100,100,100,0,0
43,scholarships_html/internationalscholarships-0038.html,100,100,100,100,100,100
43,scholarships_html/internationalscholarships-1428.html,100,100,100,100,100,100
43,scholarships_html/scholarship-1004.html,100,100,100,100,100,100
43,scholarships_html/scholarships360-1105.html,100,0,100,100,100,0
43,scholarships_html/mastersportal-0324.html,100,100,100,100,100,100
43,scholarships_html/scholarships360-1170.html,100,0,100,100,100,0
43,scholarships_html/scholarship-1751.html,100,100,100,100,0,0
43,scholarships_html/scholarship-1308.html,100,100,100,100,0,0
43,scholarships_html/mastersportal-1835.html,100,100,100,100,100,100
43,scholarships_html/mastersportal-0943.html,100,100,100,100,100,100
43,scholarships_html/bigfuture-0894.html,100,100,100,100,100,100
43,scholarships_html/mastersportal-1779.html,100,100,100,100,100,100
43,scholarships_html/internationalscholarships-0916.html,100,100,100,0,100,0
43,scholarships_html/scholarships360-0865.html,100,0,100,100,100,0
43,scholarships_html/internationalscholarships-0900.html,100,100,100,100,100,100
43,scholarships_html/bigfuture-1578.html,100,100,100,100,100,100
43,scholarships_html/mastersportal-1105.html,100,100,100,100,100,100
43,scholarships_html/scholarship-2063.html,100,100,100,100,0,0
43,scholarships_html/scholarships360-0219.html,100,0,100,100,100,0
43,scholarships_html/scholarship-0878.html,100,100,100,100,0,0
43,scholarships_html/internationalscholarships-0457.html,100,100,100,0,0,0
43,scholarships_html/mastersportal-2105.html,100,100,100,100,100,100
43,scholarships_html/bigfuture-0363.html,100,100,100,100,100,100
43,scholarships_html/internationalscholarships-0419.html,100,100,100,100,100,100
43,scholarships_html/mastersportal-1675.html,100,100,100,100,100,100
43,scholarships_html/scholarship-1176.html,100,100,100,100,0,0
43,scholarships_html/scholarships360-0748.html,100,0,100,100,100,0
43,scholarships_html/scholarships360-1118.html,100,0,100,100,100,0
43,scholarships_html/scholarships360-1452.html,100,0,100,100,100,0
43,scholarships_html/internationalscholarships-0623.html,100,100,100,100,100,100
43,scholarships_html/bigfuture-1420.html,100,100,100,100,100,100
43,scholarships_html/scholarship-1812.html,100,100,100,100,0,0
43,scholarships_html/mastersportal-0592.html,100,100,100,100,100,100
43,scholarships_html/mastersportal-1402.html,100,100,100,100,100,100
43,scholarships_html/bigfuture-0521.html,100,100,100,100,100,100
43,scholarships_html/mastersportal-0143.html,100,100,100,100,100,100
43,scholarships_html/bigfuture-1814.html,100,100,100,100,100,100
43,scholarships_html/scholarships360-1967.html,100,0,100,100,100,0
43,scholarships_html/scholarship-1391.html,100,100,100,100,0,0
43,scholarships_html/scholarship-0297.html,100,100,100,100,0,0
43,scholarships_html/internationalscholarships-0414.html,100,100,100,100,100,100
43,scholarships_html/mastersportal-0604.html,100,100,100,100,100,100
43,scholarships_html/mastersportal-1704.html,100,100,100,100,100,100
43,scholarships_html/scholarships360-0290.html,100,0,100,100,100,0
43,scholarships_html/scholarships360-2093.html,100,0,100,100,100,0
43,scholarships_html/scholarship-0816.html,100,100,100,100,0,0
43,scholarships_html/bigfuture-1310.html,100,100,100,100,100,100
43,scholarships_html/mastersportal-1023.html,100,100,100,100,100,100
43,scholarships_html/mastersportal-0827.html,100,100,100,100,100,100
43,scholarships_html/bigfuture-0921.html,100,100,100,100,100,100
43,scholarships_html/mastersportal-1955.html,100,100,100,100,100,100
43,scholarships_html/bigfuture-1818.html,100,100,100,100,100,100
43,scholarships_html/bigfuture-1999.html,100,100,100,100,100,100
43,scholarships_html/scholarship-1092.html,100,100,100,100,0,0
43,scholarships_html/scholarships360-0111.html,100,0,100,100,100,0
43,scholarships_html/scholarship-1489.html,100,100,100,100,0,0
43,scholarships_html/scholarships360-1720.html,100,0,100,100,100,0
43,scholarships_html/scholarships360-1625.html,100,0,100,100,100,0
43,scholarships_html/scholarships360-0034.html,100,0,100,100,100,0
43,scholarships_html/scholarship-1639.html,100,100,100,100,0,0
43,scholarships_html/bigfuture-1448.html,100,100,100,100,100,100
43,scholarships_html/scholarships360-0228.html,100,0,100,100,100,0
43,scholarships_html/bigfuture-0139.html,100,100,100,100,100,100
43,scholarships_html/scholarship-0972.html,100,100,100,100,100,100
43,scholarships_html/scholarship-0377.html,100,100,100,100,0,0
43,scholarships_html/internationalscholarships-0760.html,100,100,100,100,0,0
43,scholarships_html/scholarship-0373.html,100,100,100,100,0,0
43,scholarships_html/scholarships360-0920.html,100,0,100,100,100,0
43,scholarships_html/bigfuture-1191.html,100,100,100,100,100,100
43,scholarships_html/internationalscholarships-0358.html,100,100,100,100,100,100
43,scholarships_html/scholarships360-0141.html,100,0,100,100,100,0
43,scholarships_html/bigfuture-1115.html,100,100,100,100,100,100
43,scholarships_html/scholarship-0383.html,100,100,100,100,0,0
43,scholarships_html/mastersportal-1146.html,100,100,100,100,100,100
43,scholarships_html/scholarship-0104.html,100,100,100,100,100,100
43,scholarships_html/mastersportal-1387.html,100,100,100,100,100,100
43,scholarships_html/scholarship-1509.html,100,100,100,100,0,0
43,scholarships_html/scholarship-1457.html,100,100,100,100,0,0
43,scholarships_html/internationalscholarships-1046.html,100,100,100,100,100,100
43,scholarships_html/bigfuture-1485.html,100,100,100,100,100,100
43,scholarships_html/mastersportal-0647.html,100,100,100,100,100,100
43,scholarships_html/scholarship-1392.html,100,100,100,100,0,0
43,scholarships_html/bigfuture-0951.html,100,100,100,100,100,100
43,scholarships_html/scholarship-1488.html,100,100,100,100,0,0
43,scholarships_html/internationalscholarships-0607.html,100,100,100,100,0,0
43,scholarships_html/scholarship-1479.html,100,100,100,100,100,100
43,scholarships_html/scholarship-0012.html,100,100,100,100,0,0
43,scholarships_html/bigfuture-0571.html,100,100,100,100,100,100
43,scholarships_html/scholarships360-0728.html,100,0,100,100,100,0
43,scholarships_html/scholarships360-1596.html,100,0,100,100,100,0
43,scholarships_html/scholarships360-0973.html,100,0,100,100,100,0
43,scholarships_html/scholarships360-1963.html,100,0,100,100,100,0
43,scholarships_html/mastersportal-1997.html,100,100,100,100,100,100
43,scholarships_html/internationalscholarships-0574.html,100,100,100,100,100,100
43,scholarships_html/bigfuture-1558.html,100,100,100,100,100,100
43,scholarships_html/internationalscholarships-1141.html,100,100,100,100,100,100
43,scholarships_html/bigfuture-1660.html,100,100,100,100,100,100
43,scholarships_html/scholarships360-0809.html,100,100,100,100,100,100
43,scholarships_html/bigfuture-2020.html,100,100,100,100,100,100
43,scholarships_html/scholarship-1112.html,100,100,100,100,0,0
43,scholarships_html/scholarship-1757.html,100,100,100,100,0,0
43,scholarships_html/scholarships360-1857.html,100,0,100,100,100,0
43,scholarships_html/scholarship-1884.html,100,100,100,100,0,0
43,scholarships_html/scholarships360-0828.html,100,0,100,100,100,0
43,scholarships_html/mastersportal-1415.html,100,100,100,100,100,100
43,scholarships_html/scholarship-0371.html,100,100,100,100,100,100
43,scholarships_html/scholarship-1277.html,100,100,100,100,0,0
43,scholarships_html/internationalscholarships-1436.html,100,100,100,100,100,100
43,scholarships_html/scholarship-1912.html,100,100,100,100,0,0
43,scholarships_html/scholarship-1054.html,100,100,100,100,0,0
43,scholarships_html/scholarships360-0402.html,100,0,100,100,100,0
43,scholarships_html/mastersportal-1111.html,100,100,100,100,100,100
43,scholarships_html/bigfuture-0121.html,100,100,100,100,100,100
43,scholarships_html/internationalscholarships-0548.html,100,100,100,100,100,100
43,scholarships_html/internationalscholarships-1555.html,100,100,100,100,100,100
43,scholarships_html/scholarship-0153.html,100,100,100,100,0,0
43,scholarships_html/mastersportal-1678.html,100,100,100,100,100,100
43,scholarships_html/bigfuture-1612.html,100,100,100,100,100,100
43,scholarships_html/mastersportal-0564.html,100,100,100,100,100,100
43,scholarships_html/mastersportal-0330.html,100,100,100,100,100,100
43,scholarships_html/scholarship-0492.html,100,100,100,100,100,100
43,scholarships_html/internationalscholarships-1546.html,100,100,100,100,100,100
43,scholarships_html/bigfuture-0695.html,100,100,100,100,100,100
43,scholarships_html/scholarship-1208.html,100,100,100,100,100,100
43,scholarships_html/internationalscholarships-0147.html,100,100,100,100,100,100
43,scholarships_html/bigfuture-1248.html,100,100,100,100,100,100
43,scholarships_html/mastersportal-0877.html,100,100,100,100,100,100
43,scholarships_html/scholarships360-0667.html,100,0,100,100,100,0
43,scholarships_html/scholarship-1945.html,100,100,100,100,0,0
43,scholarships_html/scholarships360-0870.html,100,0,100,100,100,0
43,scholarships_html/internationalscholarships-0563.html,100,100,100,100,100,100
43,scholarships_html/mastersportal-1185.html,100,100,100,100,100,100
43,scholarships_html/scholarship-1166.html,100,100,100,100,0,0
43,scholarships_html/bigfuture-1130.html,100,100,100,100,100,100
43,scholarships_html/mastersportal-0826.html,100,100,100,100,100,100
43,scholarships_html/bigfuture-1588.html,100,100,100,100,100,100
43,scholarships_html/bigfuture-0512.html,100,100,100,100,100,100
43,scholarships_html/mastersportal-0606.html,100,100,100,100,100,100
43,scholarships_html/scholarships360-1013.html,100,0,100,100,100,0
43,scholarships_html/scholarship-0807.html,100,100,100,100,100,100
43,scholarships_html/bigfuture-1052.html,100,100,100,100,100,100
43,scholarships_html/scholarship-1593.html,100,100,100,100,0,0
43,scholarships_html/mastersportal-2004.html,100,100,100,100,100,100
43,scholarships_html/scholarship-0782.html,100,100,100,100,100,100
43,scholarships_html/scholarships360-0110.html,100,0,100,100,100,0
43,scholarships_html/bigfuture-1740.html,100,100,100,100,100,100
43,scholarships_html/mastersportal-1369.html,100,100,100,100,100,100
43,scholarships_html/bigfuture-0853.html,100,100,100,100,100,100
43,scholarships_html/mastersportal-1164.html,100,100,100,100,100,100
43,scholarships_html/scholarships360-1418.html,100,0,100,100,100,0
43,scholarships_html/scholarship-1763.html,100,100,100,100,0,0
43,scholarships_html/mastersportal-2093.html,100,100,100,100,100,100
43,scholarships_html/bigfuture-0958.html,100,100,100,100,100,100
43,scholarships_html/scholarships360-1918.html,100,0,100,100,100,0
43,scholarships_html/scholarship-0387.html,100,100,100,100,100,100
43,scholarships_html/scholarship-0319.html,100,100,100,100,100,100
43,scholarships_html/internationalscholarships-1467.html,100,100,100,100,100,100
43,scholarships_html/bigfuture-1953.html,100,100,100,100,100,100
43,scholarships_html/scholarship-1591.html,100,100,100,100,0,0
43,scholarships_html/mastersportal-1320.html,100,100,100,100,100,100
43,scholarships_html/mastersportal-0241.html,100,100,100,100,100,100
43,scholarships_html/mastersportal-0124.html,100,100,100,100,100,100
43,scholarships_html/mastersportal-2021.html,100,100,100,100,100,100
43,scholarships_html/bigfuture-1121.html,100,100,100,100,100,100
43,scholarships_html/scholarship-1347.html,100,100,100,100,0,0
43,scholarships_html/scholarships360-0989.html,100,0,100,100,100,0
43,scholarships_html/scholarships360-1946.html,100,0,100,100,100,0
43,scholarships_html/scholarships360-0628.html,100,0,100,100,100,0
43,scholarships_html/scholarship-0335.html,100,100,100,100,0,0
43,scholarships_html/bigfuture-0055.html,100,100,100,100,100,100
43,scholarships_html/mastersportal-0821.html,100,100,100,100,100,100
43,scholarships_html/scholarships360-1289.html,100,0,100,100,100,0
43,scholarships_html/bigfuture-0694.html,100,100,100,100,100,100
43,scholarships_html/scholarship-0270.html,100,100,100,100,0,0
43,scholarships_html/scholarships360-0586.html,100,0,100,100,100,0
43,scholarships_html/scholarship-2139.html,100,100,100,100,0,0
43,scholarships_html/scholarship-0284.html,100,100,100,100,0,0
43,scholarships_html/mastersportal-0421.html,100,100,100,100,100,100
43,scholarships_html/bigfuture-0971.html,100,100,100,100,100,100
43,scholarships_html/internationalscholarships-0772.html,100,100,100,100,100,100
43,scholarships_html/internationalscholarships-0877.html,100,100,100,100,100,100
43,scholarships_html/internationalscholarships-0062.html,100,100,100,100,100,100
43,scholarships_html/scholarship-1628.html,100,100,100,100,0,0
43,scholarships_html/scholarships360-0845.html,100,0,100,100,100,0
43,scholarships_html/scholarships360-0462.html,100,0,100,100,100,0
43,scholarships_html/scholarships360-0152.html,100,0,100,100,100,0
43,scholarships_html/bigfuture-0266.html,100,100,100,100,100,100
43,scholarships_html/mastersportal-1155.html,100,100,100,100,100,100
43,scholarships_html/mastersportal-1876.html,100,100,100,100,100,100
43,scholarships_html/internationalscholarships-0600.html,100,100,100,100,100,100
43,scholarships_html/scholarship-0841.html,100,100,100,100,0,0
43,scholarships_html/internationalscholarships-1097.html,100,100,100,100,100,100
43,scholarships_html/scholarship-1805.html,100,100,100,100,0,0
43,scholarships_html/internationalscholarships-1004.html,100,100,100,100,100,100
43,scholarships_html/scholarship-2194.html,100,100,100,100,0,0
43,scholarships_html/mastersportal-1611.html,100,100,100,100,100,100
43,scholarships_html/bigfuture-2092.html,100,100,100,100,100,100
43,scholarships_html/scholarship-1402.html,100,100,100,100,0,0
43,scholarships_html/mastersportal-0666.html,100,100,100,100,100,100
43,scholarships_html/scholarships360-0929.html,100,0,100,100,100,0
43,scholarships_html/scholarship-0789.html,100,100,100,100,0,0
43,scholarships_html/internationalscholarships-1496.html,100,100,100,100,100,100
43,scholarships_html/internationalscholarships-1055.html,100,100,100,100,100,100
43,scholarships_html/bigfuture-1350.html,100,100,100,100,100,100
43,scholarships_html/scholarships360-1021.html,100,0,100,100,100,0
43,scholarships_html/bigfuture-0931.html,100,100,100,100,100,100
43,scholarships_html/bigfuture-0786.html,100,100,100,100,100,100
43,scholarships_html/bigfuture-0082.html,100,100,100,100,100,100
43,scholarships_html/scholarship-0424.html,100,100,100,100,0,0
43,scholarships_html/scholarship-0451.html,100,100,100,100,0,0
43,scholarships_html/bigfuture-0458.html,100,100,100,100,100,100
43,scholarships_html/scholarship-0729.html,100,100,100,100,0,0
43,scholarships_html/internationalscholarships-0521.html,100,100,100,100,100,100
43,scholarships_html/internationalscholarships-0008.html,100,100,100,100,100,100
43,scholarships_html/scholarship-0671.html,100,100,100,100,100,100
43,scholarships_html/scholarship-1553.html,100,100,100,100,0,0
43,scholarships_html/internationalscholarships-1543.html,100,100,100,100,100,100
43,scholarships_html/scholarship-2197.html,100,100,100,100,0,0
43,scholarships_html/mastersportal-0554.html,100,100,100,100,100,100
43,scholarships_html/internationalscholarships-0564.html,100,100,100,100,100,100
43,scholarships_html/mastersportal-0608.html,100,100,100,100,100,100
43,scholarships_html/scholarship-0560.html,100,100,100,100,0,0
43,scholarships_html/mastersportal-1969.html,100,100,100,100,100,100
43,scholarships_html/mastersportal-1270.html,100,100,100,100,100,100
43,scholarships_html/internationalscholarships-0316.html,100,100,100,100,100,100
43,scholarships_html/internationalscholarships-0871.html,100,100,100,100,0,0
43,scholarships_html/mastersportal-0968.html,100,100,100,100,100,100
43,scholarships_html/internationalscholarships-0501.html,100,100,100,100,100,100
43,scholarships_html/scholarship-1178.html,100,100,100,100,100,100
43,scholarships_html/scholarship-1118.html,100,100,100,100,0,0
43,scholarships_html/scholarships360-1840.html,100,0,100,100,100,0
43,scholarships_html/mastersportal-0099.html,100,100,100,100,100,100
43,scholarships_html/bigfuture-0488.html,100,100,100,100,100,100
43,scholarships_html/scholarship-1435.html,100,100,100,100,0,0
43,scholarships_html/internationalscholarships-0011.html,100,100,100,100,100,100
43,scholarships_html/scholarship-0823.html,100,100,100,100,0,0
43,scholarships_html/bigfuture-1210.html,100,100,100,100,100,100
43,scholarships_html/scholarship-1663.html,100,100,100,100,0,0
43,scholarships_html/bigfuture-0697.html,100,100,100,100,100,100
43,scholarships_html/scholarship-0432.html,100,100,100,100,100,100
43,scholarships_html/bigfuture-2084.html,100,100,100,100,100,100
43,scholarships_html/scholarship-0080.html,100,100,100,100,100,100
43,scholarships_html/scholarship-1875.html,100,100,100,100,0,0
43,scholarships_html/scholarships360-1015.html,100,0,100,100,100,0
43,scholarships_html/scholarships360-0700.html,100,0,100,100,100,0
43,scholarships_html/bigfuture-1943.html,100,100,100,100,100,100
43,scholarships_html/internationalscholarships-1413.html,100,100,100,100,100,100
43,scholarships_html/scholarship-0792.html,100,100,100,100,100,100
43,scholarships_html/bigfuture-2008.html,100,100,100,100,100,100
43,scholarships_html/scholarship-0561.html,100,100,100,100,100,100
43,scholarships_html/internationalscholarships-0258.html,100,100,100,100,100,100
43,scholarships_html/internationalscholarships-0981.html,100,100,100,100,100,100
43,scholarships_html/mastersportal-0381.html,100,100,100,100,100,100
43,scholarships_html/scholarships360-1008.html,100,0,100,100,100,0
43,scholarships_html/bigfuture-0256.html,100,100,100,100,100,100
43,scholarships_html/internationalscholarships-0640.html,100,100,100,100,100,100
43,scholarships_html/internationalscholarships-0141.html,100,100,100,100,100,100
43,scholarships_html/scholarship-0206.html,100,100,100,100,100,100
43,scholarships_html/internationalscholarships-1503.html,100,100,100,100,100,100
43,scholarships_html/scholarships360-0439.html,100,0,100,100,100,0
43,scholarships_html/scholarships360-0803.html,100,0,100,100,100,0
43,scholarships_html/mastersportal-0291.html,100,100,100,100,100,100
43,scholarships_html/mastersportal-0599.html,100,100,100,100,100,100
43,scholarships_html/mastersportal-0705.html,100,100,100,100,100,100
43,scholarships_html/internationalscholarships-0570.html,100,100,100,100,100,100
43,scholarships_html/mastersportal-0820.html,100,100,100,100,100,100
43,scholarships_html/bigfuture-0604.html,100,100,100,100,100,100
43,scholarships_html/scholarships360-0453.html,100,0,100,100,100,0
43,scholarships_html/mastersportal-1664.html,100,100,100,100,100,100
43,scholarships_html/mastersportal-1349.html,100,100,100,100,100,100
43,scholarships_html/bigfuture-1161.html,100,100,100,100,100,100
43,scholarships_html/scholarships360-1635.html,100,0,100,100,100,0
43,scholarships_html/scholarships360-0032.html,100,0,100,100,100,0
43,scholarships_html/internationalscholarships-0339.html,100,100,100,100,100,100
43,scholarships_html/scholarships360-0529.html,100,0,100,100,100,0
43,scholarships_html/mastersportal-1599.html,100,100,100,100,100,100
43,scholarships_html/mastersportal-0263.html,100,100,100,100,100,100
43,scholarships_html/scholarships360-0162.html,100,0,100,100,100,0
43,scholarships_html/scholarships360-1429.html,100,0,100,100,100,0
43,scholarships_html/scholarship-1896.html,100,100,100,100,0,0
43,scholarships_html/scholarship-0834.html,100,100,100,100,100,100
43,scholarships_html/scholarship-1074.html,100,100,100,100,0,0
43,scholarships_html/bigfuture-1874.html,100,100,100,100,100,100
43,scholarships_html/mastersportal-1010.html,100,100,100,100,100,100
43,scholarships_html/mastersportal-0583.html,100,100,100,100,100,100
43,scholarships_html/mastersportal-0008.html,100,100,100,100,100,100
43,scholarships_html/scholarship-0303.html,100,100,100,100,0,0
43,scholarships_html/scholarship-0628.html,100,100,100,100,0,0
43,scholarships_html/mastersportal-1985.html,100,100,100,100,100,100
43,scholarships_html/scholarships360-1688.html,100,0,100,100,100,0
43,scholarships_html/scholarships360-0293.html,100,0,100,100,100,0
43,scholarships_html/mastersportal-0487.html,100,100,100,100,100,100
43,scholarships_html/scholarship-0569.html,100,100,100,100,0,0
43,scholarships_html/bigfuture-1997.html,100,100,100,100,100,100
43,scholarships_html/mastersportal-1719.html,100,100,100,100,100,100
43,scholarships_html/mastersportal-1198.html,100,100,100,100,100,100
43,scholarships_html/mastersportal-1213.html,100,100,100,100,100,100
43,scholarships_html/bigfuture-0656.html,100,100,100,100,100,100
43,scholarships_html/internationalscholarships-1438.html,100,100,0,100,100,0
43,scholarships_html/scholarships360-1195.html,100,0,100,100,100,0
43,scholarships_html/scholarship-0725.html,100,100,100,100,100,100
43,scholarships_html/scholarship-2079.html,100,100,100,100,100,100
43,scholarships_html/internationalscholarships-0235.html,100,100,100,100,100,100
43,scholarships_html/mastersportal-0142.html,100,100,100,100,100,100
43,scholarships_html/scholarship-1136.html,100,100,100,100,0,0
43,scholarships_html/bigfuture-1983.html,100,100,100,100,100,100
43,scholarships_html/mastersportal-1366.html,100,100,100,100,100,100
43,scholarships_html/scholarship-1835.html,100,100,100,100,100,100
43,scholarships_html/mastersportal-0918.html,100,100,100,100,100,100
43,scholarships_html/scholarships360-0417.html,100,100,100,100,100,100
43,scholarships_html/scholarships360-0505.html,100,0,100,100,100,0
43,scholarships_html/mastersportal-0120.html,100,100,100,100,100,100
43,scholarships_html/bigfuture-1803.html,100,100,100,100,100,100
43,scholarships_html/internationalscholarships-0990.html,100,100,100,100,100,100
43,scholarships_html/internationalscholarships-0142.html,100,100,100,100,100,100
43,scholarships_html/scholarship-2109.html,100,100,100,100,0,0
43,scholarships_html/scholarship-0837.html,100,100,100,100,100,100
43,scholarships_html/mastersportal-0206.html,100,100,100,100,100,100
43,scholarships_html/internationalscholarships-0262.html,100,100,100,100,100,100
43,scholarships_html/mastersportal-0782.html,100,100,100,100,100,100
43,scholarships_html/scholarships360-2082.html,100,0,100,100,100,0
43,scholarships_html/scholarship-0849.html,100,100,100,100,0,0
43,scholarships_html/scholarships360-1481.html,100,0,100,100,100,0
43,scholarships_html/bigfuture-1647.html,100,100,100,100,100,100
43,scholarships_html/bigfuture-1158.html,100,100,100,100,100,100
43,scholarships_html/scholarship-1576.html,100,100,100,100,0,0
43,scholarships_html/scholarships360-0240.html,100,0,100,100,100,0
43,scholarships_html/scholarships360-0181.html,100,0,100,100,100,0
43,scholarships_html/bigfuture-1894.html,100,100,100,100,100,100
43,scholarships_html/internationalscholarships-1507.html,100,100,100,100,100,100
43,scholarships_html/bigfuture-0663.html,100,100,100,100,100,100
43,scholarships_html/bigfuture-1083.html,100,100,100,100,0,0
43,scholarships_html/bigfuture-0909.html,100,100,100,100,100,100
43,scholarships_html/mastersportal-1168.html,100,100,100,100,100,100
43,scholarships_html/bigfuture-0959.html,100,100,100,100,100,100
43,scholarships_html/scholarships360-0537.html,100,0,100,100,100,0
43,scholarships_html/scholarship-0478.html,100,100,100,100,0,0
43,scholarships_html/scholarships360-1007.html,100,0,100,100,100,0
43,scholarships_html/scholarship-0916.html,100,100,100,100,0,0
43,scholarships_html/internationalscholarships-0426.html,100,100,100,100,100,100
43,scholarships_html/scholarship-1927.html,100,100,100,100,0,0
43,scholarships_html/scholarships360-0339.html,100,0,100,100,100,0
43,scholarships_html/scholarships360-0621.html,100,0,100,100,100,0
43,scholarships_html/scholarship-1700.html,100,100,100,100,0,0
43,scholarships_html/mastersportal-0393.html,100,100,100,100,100,100
43,scholarships_html/scholarships360-0835.html,100,0,100,100,100,0
43,scholarships_html/internationalscholarships-0049.html,100,100,0,0,100,0
43,scholarships_html/mastersportal-1554.html,100,100,100,100,100,100
43,scholarships_html/scholarships360-0810.html,100,0,100,100,100,0
43,scholarships_html/mastersportal-0787.html,100,100,100,100,100,100
43,scholarships_html/scholarship-0836.html,100,100,100,100,0,0
43,scholarships_html/bigfuture-1072.html,100,100,100,100,100,100
43,scholarships_html/scholarships360-0211.html,100,0,100,100,100,0
43,scholarships_html/scholarships360-0942.html,100,0,100,100,100,0
43,scholarships_html/mastersportal-0895.html,100,100,100,100,100,100
43,scholarships_html/mastersportal-0594.html,100,100,100,100,100,100
43,scholarships_html/bigfuture-1366.html,100,100,100,100,100,100
43,scholarships_html/scholarship-1175.html,100,100,100,100,0,0
43,scholarships_html/bigfuture-1216.html,100,100,100,100,100,100
43,scholarships_html/internationalscholarships-0144.html,100,100,100,100,100,100
43,scholarships_html/scholarships360-1042.html,100,0,100,100,100,0
43,scholarships_html/scholarship-1771.html,100,100,100,100,0,0
43,scholarships_html/mastersportal-0425.html,100,100,100,100,100,100
43,scholarships_html/bigfuture-0203.html,100,100,100,100,100,100
43,scholarships_html/scholarship-2132.html,100,100,100,100,0,0
43,scholarships_html/bigfuture-0093.html,100,100,100,100,100,100
43,scholarships_html/scholarship-2014.html,100,100,100,100,0,0
43,scholarships_html/mastersportal-1803.html,100,100,100,100,100,100
43,scholarships_html/scholarship-1712.html,100,100,100,100,0,0
43,scholarships_html/bigfuture-0513.html,100,100,100,100,100,100
43,scholarships_html/bigfuture-1639.html,100,100,100,100,100,100
43,scholarships_html/mastersportal-1313.html,100,100,100,100,100,100
43,scholarships_html/internationalscholarships-1284.html,100,100,100,100,100,100
43,scholarships_html/mastersportal-0317.html,100,100,100,100,100,100
43,scholarships_html/mastersportal-0639.html,100,100,100,100,100,100
43,scholarships_html/scholarships360-1102.html,100,0,100,100,100,0
43,scholarships_html/bigfuture-0850.html,100,100,100,100,100,100
43,scholarships_html/internationalscholarships-0187.html,100,100,100,100,100,100
43,scholarships_html/scholarship-1769.html,100,100,100,100,100,100
43,scholarships_html/mastersportal-1423.html,100,100,100,100,100,100
43,scholarships_html/scholarships360-1586.html,100,0,100,100,100,0
43,scholarships_html/mastersportal-1862.html,100,100,100,100,100,100
43,scholarships_html/scholarships360-0571.html,100,0,100,100,100,0
43,scholarships_html/mastersportal-0483.html,100,100,100,100,100,100
43,scholarships_html/mastersportal-0213.html,100,100,100,100,100,100
43,scholarships_html/mastersportal-1492.html,100,100,100,100,100,100
43,scholarships_html/scholarships360-1426.html,100,0,100,100,100,0
43,scholarships_html/scholarship-2038.html,100,100,100,100,0,0
43,scholarships_html/bigfuture-1853.html,100,100,100,100,100,100
43,scholarships_html/scholarships360-0654.html,100,0,100,100,100,0
43,scholarships_html/mastersportal-2024.html,100,100,100,100,100,100
43,scholarships_html/scholarships360-0252.html,100,0,100,100,100,0
43,scholarships_html/scholarships360-1712.html,100,0,100,100,100,0
43,scholarships_html/mastersportal-0875.html,100,100,100,100,100,100
43,scholarships_html/scholarships360-0394.html,100,0,100,100,100,0
43,scholarships_html/scholarship-0997.html,100,100,100,100,100,100
43,scholarships_html/mastersportal-1032.html,100,100,100,100,100,100
43,scholarships_html/scholarships360-2122.html,100,0,100,100,100,0
43,scholarships_html/internationalscholarships-0836.html,100,100,100,100,100,100
43,scholarships_html/mastersportal-1123.html,100,100,100,100,100,100
43,scholarships_html/scholarship-1599.html,100,100,100,100,0,0
43,scholarships_html/internationalscholarships-1178.html,100,100,100,100,100,100
43,scholarships_html/scholarships360-0050.html,100,0,100,100,100,0
43,scholarships_html/scholarship-1290.html,100,100,100,100,0,0
43,scholarships_html/mastersportal-1335.html,100,100,100,100,100,100
43,scholarships_html/scholarships360-0725.html,100,0,100,100,100,0
43,scholarships_html/bigfuture-0226.html,100,100,100,100,100,100
43,scholarships_html/mastersportal-0022.html,100,100,100,100,100,100
43,scholarships_html/scholarships360-0425.html,100,0,100,100,100,0
43,scholarships_html/mastersportal-0812.html,100,100,100,100,100,100
43,scholarships_html/scholarships360-0452.html,100,0,100,100,100,0
43,scholarships_html/scholarship-1442.html,100,100,100,100,0,0
43,scholarships_html/internationalscholarships-0393.html,100,100,100,100,100,100
43,scholarships_html/mastersportal-0563.html,100,100,100,100,100,100
43,scholarships_html/internationalscholarships-0231.html,100,100,100,100,100,100
43,scholarships_html/scholarships360-1327.html,100,0,100,100,100,0
43,scholarships_html/bigfuture-1978.html,100,100,100,100,100,100
43,scholarships_html/scholarship-1126.html,100,100,100,100,100,100
43,scholarships_html/bigfuture-0526.html,100,100,100,100,100,100
43,scholarships_html/scholarships360-0029.html,100,0,100,100,100,0
43,scholarships_html/mastersportal-1137.html,100,100,100,100,100,100
43,scholarships_html/bigfuture-0905.html,100,100,100,100,100,100
43,scholarships_html/mastersportal-1518.html,100,100,100,100,100,100
43,scholarships_html/bigfuture-1774.html,100,100,100,100,100,100
43,scholarships_html/internationalscholarships-0742.html,100,100,0,0,0,0
43,scholarships_html/mastersportal-0810.html,100,100,100,100,100,100
43,scholarships_html/scholarships360-1206.html,100,0,100,100,100,0
43,scholarships_html/mastersportal-1653.html,100,100,100,100,100,100
43,scholarships_html/bigfuture-1295.html,100,100,100,100,100,100
43,scholarships_html/scholarship-1217.html,100,100,100,100,100,100
43,scholarships_html/scholarship-0653.html,100,100,100,100,0,0
43,scholarships_html/mastersportal-0984.html,100,100,100,100,100,100
43,scholarships_html/scholarship-0603.html,100,100,100,100,0,0
43,scholarships_html/mastersportal-1139.html,100,100,100,100,100,100
43,scholarships_html/scholarships360-1114.html,100,0,100,100,100,0
43,scholarships_html/mastersportal-1005.html,100,100,100,100,100,100
43,scholarships_html/scholarships360-1830.html,100,0,100,100,100,0
43,scholarships_html/bigfuture-1281.html,100,100,100,100,100,100
43,scholarships_html/scholarships360-1238.html,100,0,100,100,100,0
43,scholarships_html/mastersportal-0809.html,100,100,100,100,100,100
43,scholarships_html/bigfuture-1201.html,100,100,100,100,100,100
43,scholarships_html/scholarships360-1182.html,100,0,100,100,100,0
43,scholarships_html/scholarships360-1588.html,100,0,100,100,100,0
43,scholarships_html/mastersportal-0509.html,100,100,100,100,100,100
43,scholarships_html/bigfuture-0900.html,100,100,100,100,100,100
43,scholarships_html/scholarship-1047.html,100,100,100,100,100,100
43,scholarships_html/scholarship-1470.html,100,100,100,100,0,0
43,scholarships_html/scholarships360-0975.html,100,0,100,100,100,0
43,scholarships_html/mastersportal-1531.html,100,100,100,100,100,100
43,scholarships_html/bigfuture-0506.html,100,100,100,100,100,100
43,scholarships_html/scholarships360-1457.html,100,0,100,100,100,0
43,scholarships_html/bigfuture-1222.html,100,100,100,100,100,100
43,scholarships_html/mastersportal-1691.html,100,100,100,100,100,100
43,scholarships_html/bigfuture-0998.html,100,100,100,100,100,100
43,scholarships_html/scholarship-0035.html,100,100,100,100,0,0
43,scholarships_html/scholarships360-0555.html,100,0,100,100,100,0
43,scholarships_html/scholarships360-0585.html,100,0,100,100,100,0
43,scholarships_html/bigfuture-0176.html,100,100,100,100,100,100
43,scholarships_html/scholarships360-1969.html,100,0,100,100,100,0
43,scholarships_html/scholarship-1264.html,100,100,100,100,0,0
43,scholarships_html/scholarships360-0540.html,100,100,100,100,100,100
43,scholarships_html/bigfuture-0759.html,100,100,100,100,100,100
43,scholarships_html/scholarship-0140.html,100,100,100,100,100,100
43,scholarships_html/bigfuture-1149.html,100,100,100,100,100,100
43,scholarships_html/scholarship-0813.html,100,100,100,100,0,0
43,scholarships_html/mastersportal-1028.html,100,100,100,100,100,100
43,scholarships_html/bigfuture-0026.html,100,100,100,100,100,100
43,scholarships_html/bigfuture-1167.html,100,100,100,100,100,100
43,scholarships_html/scholarships360-1012.html,100,0,100,100,100,0
43,scholarships_html/scholarships360-0756.html,100,0,100,100,100,0
43,scholarships_html/scholarships360-1648.html,100,0,100,100,100,0
43,scholarships_html/mastersportal-1524.html,100,100,100,100,100,100
43,scholarships_html/scholarship-2100.html,100,100,100,100,0,0
43,scholarships_html/scholarship-1733.html,100,100,100,100,0,0
43,scholarships_html/bigfuture-1306.html,100,100,100,100,100,100
43,scholarships_html/mastersportal-1059.html,100,100,100,100,100,100
43,scholarships_html/internationalscholarships-1088.html,100,100,100,100,100,100
43,scholarships_html/mastersportal-0307.html,100,100,100,100,100,100
43,scholarships_html/bigfuture-1209.html,100,100,100,100,100,100
43,scholarships_html/mastersportal-1175.html,100,100,100,100,100,100
43,scholarships_html/mastersportal-1096.html,100,100,100,100,100,100
43,scholarships_html/mastersportal-0286.html,100,100,100,100,100,100
43,scholarships_html/bigfuture-0821.html,100,100,100,100,100,100
43,scholarships_html/bigfuture-0434.html,100,100,100,100,100,100
43,scholarships_html/bigfuture-0369.html,100,100,100,100,100,100
43,scholarships_html/scholarship-1970.html,100,100,100,100,0,0
43,scholarships_html/scholarships360-0631.html,100,0,100,100,100,0
43,scholarships_html/scholarships360-0411.html,100,0,100,100,100,0
43,scholarships_html/internationalscholarships-1404.html,100,100,100,100,100,100
43,scholarships_html/scholarship-1799.html,100,100,100,100,0,0
43,scholarships_html/mastersportal-1321.html,100,100,100,100,100,100
43,scholarships_html/mastersportal-1810.html,100,100,100,100,100,100
43,scholarships_html/internationalscholarships-0672.html,100,100,100,100,100,100
43,scholarships_html/mastersportal-1685.html,100,100,100,100,100,100
43,scholarships_html/scholarships360-0463.html,100,0,100,100,100,0
43,scholarships_html/internationalscholarships-0325.html,100,100,100,100,100,100
43,scholarships_html/mastersportal-0598.html,100,100,100,100,100,100
43,scholarships_html/mastersportal-1644.html,100,100,100,100,100,100
43,scholarships_html/bigfuture-1595.html,100,100,100,100,100,100
43,scholarships_html/internationalscholarships-0888.html,100,100,100,100,100,100
43,scholarships_html/bigfuture-1112.html,100,100,100,100,100,100
43,scholarships_html/bigfuture-0943.html,100,100,100,100,100,100
43,scholarships_html/scholarship-1071.html,100,100,100,100,0,0
43,scholarships_html/bigfuture-1754.html,100,100,100,100,100,100
43,scholarships_html/internationalscholarships-1295.html,100,100,100,100,100,100
43,scholarships_html/bigfuture-0008.html,100,100,100,100,100,100
43,scholarships_html/scholarship-1749.html,100,100,100,100,0,0
43,scholarships_html/scholarship-0915.html,100,100,100,100,0,0
43,scholarships_html/internationalscholarships-1297.html,100,100,100,100,100,100
43,scholarships_html/mastersportal-2020.html,100,100,100,100,100,100
43,scholarships_html/scholarships360-1039.html,100,0,100,100,100,0
43,scholarships_html/scholarships360-0574.html,100,0,100,100,100,0
43,scholarships_html/scholarship-1758.html,100,100,100,100,0,0
43,scholarships_html/internationalscholarships-0053.html,100,100,100,100,100,100
43,scholarships_html/scholarships360-0375.html,100,0,100,100,100,0
43,scholarships_html/scholarships360-1413.html,100,0,100,100,100,0
43,scholarships_html/mastersportal-1288.html,100,100,100,100,100,100
43,scholarships_html/bigfuture-0758.html,100,100,100,100,100,100
43,scholarships_html/scholarships360-1386.html,100,0,100,100,100,0
43,scholarships_html/mastersportal-0190.html,100,100,100,100,100,100
43,scholarships_html/mastersportal-0983.html,100,100,100,100,100,100
43,scholarships_html/internationalscholarships-0182.html,100,100,100,100,100,100
43,scholarships_html/scholarship-0214.html,100,100,100,100,0,0
43,scholarships_html/scholarship-1557.html,100,100,100,100,0,0
43,scholarships_html/scholarships360-0359.html,100,0,100,100,100,0
43,scholarships_html/scholarship-2145.html,100,100,100,100,100,100
43,scholarships_html/scholarships360-1911.html,100,0,100,100,100,0
43,scholarships_html/bigfuture-1547.html,100,100,100,100,100,100
43,scholarships_html/bigfuture-2019.html,100,100,100,100,100,100
43,scholarships_html/bigfuture-1172.html,100,100,100,100,100,100
43,scholarships_html/scholarship-1706.html,100,100,100,100,0,0
43,scholarships_html/internationalscholarships-0299.html,100,100,100,100,100,100
43,scholarships_html/mastersportal-0156.html,100,100,100,100,100,100
43,scholarships_html/bigfuture-0898.html,100,100,100,100,100,100
43,scholarships_html/scholarship-1766.html,100,100,100,100,0,0
43,scholarships_html/bigfuture-1589.html,100,100,100,100,100,100
43,scholarships_html/scholarships360-0273.html,100,0,100,100,100,0
43,scholarships_html/scholarships360-0800.html,100,0,100,100,100,0
43,scholarships_html/scholarships360-1530.html,100,0,100,100,100,0
43,scholarships_html/internationalscholarships-0963.html,100,100,100,100,100,100
43,scholarships_html/scholarship-1800.html,100,100,100,100,0,0
43,scholarships_html/scholarship-0932.html,100,100,100,100,0,0
43,scholarships_html/internationalscholarships-0244.html,100,100,0,100,100,0
43,scholarships_html/scholarship-1129.html,100,100,100,100,0,0
43,scholarships_html/scholarship-0090.html,100,100,100,100,0,0
43,scholarships_html/internationalscholarships-1540.html,100,100,0,100,100,0
43,scholarships_html/internationalscholarships-0869.html,100,100,100,100,100,100
43,scholarships_html/bigfuture-1455.html,100,100,100,100,100,100
43,scholarships_html/internationalscholarships-0765.html,100,100,100,100,100,100
43,scholarships_html/scholarships360-1384.html,100,0,100,100,100,0
43,scholarships_html/internationalscholarships-0155.html,100,100,100,100,100,100
43,scholarships_html/scholarships360-0579.html,100,0,100,100,100,0
43,scholarships_html/mastersportal-0942.html,100,100,100,100,100,100
43,scholarships_html/scholarship-2029.html,100,100,100,100,0,0
43,scholarships_html/internationalscholarships-0886.html,100,100,100,100,100,100
43,scholarships_html/scholarship-1510.html,100,100,100,100,0,0
43,scholarships_html/scholarships360-1981.html,100,0,100,100,100,0
43,scholarships_html/bigfuture-0024.html,100,100,100,100,100,100
43,scholarships_html/scholarships360-1385.html,100,0,100,100,100,0
43,scholarships_html/bigfuture-1870.html,100,100,100,100,100,100
43,scholarships_html/mastersportal-0552.html,100,100,100,100,100,100
43,scholarships_html/bigfuture-1867.html,100,100,100,100,100,100
43,scholarships_html/mastersportal-0659.html,100,100,100,100,100,100
43,scholarships_html/bigfuture-1661.html,100,100,100,100,100,100
43,scholarships_html/scholarship-1652.html,100,100,100,100,0,0
43,scholarships_html/scholarships360-0395.html,100,0,100,100,100,0
43,scholarships_html/scholarship-1371.html,100,100,100,100,0,0
43,scholarships_html/mastersportal-0318.html,100,100,100,100,100,100
43,scholarships_html/mastersportal-0495.html,100,100,100,100,100,100
43,scholarships_html/internationalscholarships-1278.html,100,100,0,100,100,0
43,scholarships_html/scholarships360-0465.html,100,0,100,100,100,0
43,scholarships_html/internationalscholarships-1480.html,100,100,100,100,100,100
43,scholarships_html/scholarship-0469.html,100,100,100,100,0,0
43,scholarships_html/scholarship-0795.html,100,100,100,100,100,100
43,scholarships_html/scholarships360-1611.html,100,0,100,100,100,0
43,scholarships_html/internationalscholarships-1071.html,100,100,100,100,100,100
43,scholarships_html/internationalscholarships-1045.html,100,100,100,100,100,100
43,scholarships_html/mastersportal-1856.html,100,100,100,100,100,100
43,scholarships_html/scholarships360-1284.html,100,0,100,100,100,0
43,scholarships_html/scholarship-0616.html,100,100,100,100,100,100
43,scholarships_html/mastersportal-0637.html,100,100,100,100,100,100
43,scholarships_html/internationalscholarships-1534.html,100,100,100,100,100,100
43,scholarships_html/internationalscholarships-1066.html,100,100,100,100,100,100
43,scholarships_html/scholarship-1925.html,100,100,100,100,100,100
43,scholarships_html/mastersportal-0905.html,100,100,100,100,100,100
43,scholarships_html/scholarship-1831.html,100,100,100,100,100,100
43,scholarships_html/scholarships360-0485.html,100,0,100,100,100,0
43,scholarships_html/mastersportal-1993.html,100,100,100,100,100,100
43,scholarships_html/scholarships360-0460.html,100,0,100,100,100,0
43,scholarships_html/bigfuture-0007.html,100,100,100,100,100,100
43,scholarships_html/mastersportal-1989.html,100,100,100,100,100,100
43,scholarships_html/scholarship-2035.html,100,100,100,100,0,0
43,scholarships_html/internationalscholarships-1186.html,100,100,100,100,100,100
43,scholarships_html/bigfuture-0726.html,100,100,100,100,100,100
43,scholarships_html/mastersportal-0945.html,100,100,100,100,100,100
43,scholarships_html/bigfuture-0636.html,100,100,100,100,100,100
43,scholarships_html/bigfuture-1954.html,100,100,100,100,0,0
43,scholarships_html/bigfuture-0632.html,100,100,100,100,100,100
43,scholarships_html/internationalscholarships-1173.html,100,100,100,100,100,100
43,scholarships_html/scholarship-1782.html,100,100,100,100,0,0
43,scholarships_html/bigfuture-1187.html,100,100,100,100,100,100
43,scholarships_html/scholarship-0050.html,100,100,100,100,100,100
43,scholarships_html/internationalscholarships-1260.html,100,100,100,0,100,0
43,scholarships_html/mastersportal-1024.html,100,100,100,100,100,100
43,scholarships_html/bigfuture-0582.html,100,100,100,100,100,100
43,scholarships_html/bigfuture-1970.html,100,100,100,100,100,100
43,scholarships_html/mastersportal-1627.html,100,100,100,100,100,100
43,scholarships_html/internationalscholarships-1104.html,100,100,100,100,100,100
43,scholarships_html/scholarships360-0717.html,100,0,100,100,100,0
43,scholarships_html/scholarships360-1862.html,100,0,100,100,100,0
43,scholarships_html/bigfuture-1025.html,100,100,100,100,0,0
43,scholarships_html/scholarships360-0320.html,100,0,100,100,100,0
43,scholarships_html/scholarships360-1342.html,100,0,100,100,100,0
43,scholarships_html/mastersportal-1559.html,100,100,100,100,100,100
43,scholarships_html/internationalscholarships-0732.html,100,100,100,100,100,100
43,scholarships_html/scholarship-0735.html,100,100,100,100,0,0
43,scholarships_html/mastersportal-1536.html,100,100,100,100,100,100
43,scholarships_html/mastersportal-1845.html,100,100,100,100,100,100
43,scholarships_html/scholarships360-1665.html,100,0,100,100,100,0
43,scholarships_html/internationalscholarships-0031.html,100,100,0,100,100,0
43,scholarships_html/scholarships360-1999.html,100,0,100,100,100,0
43,scholarships_html/mastersportal-1973.html,100,100,100,100,100,100
43,scholarships_html/internationalscholarships-1116.html,100,100,100,100,100,100
43,scholarships_html/scholarships360-1425.html,100,0,100,100,100,0
43,scholarships_html/scholarships360-1743.html,100,0,100,100,100,0
43,scholarships_html/scholarship-1201.html,100,100,100,100,0,0
43,scholarships_html/mastersportal-0789.html,100,100,100,100,100,100
43,scholarships_html/scholarship-0368.html,100,100,100,100,0,0
43,scholarships_html/bigfuture-0651.html,100,100,100,100,100,100
43,scholarships_html/mastersportal-1851.html,100,100,100,100,100,100
43,scholarships_html/bigfuture-0564.html,100,100,100,100,100,100
43,scholarships_html/mastersportal-0744.html,100,100,100,100,100,100
43,scholarships_html/mastersportal-1919.html,100,100,100,100,100,100
43,scholarships_html/mastersportal-1425.html,100,100,100,100,100,100
43,scholarships_html/bigfuture-0910.html,100,100,100,100,100,100
43,scholarships_html/mastersportal-0463.html,100,100,100,100,100,100
43,scholarships_html/bigfuture-0282.html,100,100,100,100,100,100
43,scholarships_html/scholarship-1720.html,100,100,100,100,0,0
43,scholarships_html/bigfuture-0326.html,100,100,100,100,100,100
43,scholarships_html/bigfuture-1861.html,100,100,100,100,100,100
43,scholarships_html/scholarships360-1544.html,100,0,100,100,100,0
43,scholarships_html/scholarship-2121.html,100,100,100,100,0,0
43,scholarships_html/scholarship-0428.html,100,100,100,100,0,0
43,scholarships_html/scholarships360-0194.html,100,0,100,100,100,0
43,scholarships_html/scholarships360-0427.html,100,0,100,100,100,0
43,scholarships_html/scholarship-1345.html,100,100,100,100,0,0
43,scholarships_html/mastersportal-0978.html,100,100,100,100,100,100
43,scholarships_html/scholarship-0202.html,100,100,100,100,0,0
43,scholarships_html/mastersportal-2087.html,100,100,100,100,100,100
43,scholarships_html/scholarships360-0611.html,100,0,100,100,100,0
43,scholarships_html/bigfuture-1261.html,100,100,100,100,100,100
43,scholarships_html/scholarships360-0565.html,100,0,100,100,100,0
43,scholarships_html/bigfuture-1929.html,100,100,100,100,100,100
43,scholarships_html/scholarships360-1582.html,100,0,100,100,100,0
43,scholarships_html/bigfuture-1427.html,100,100,100,100,100,100
43,scholarships_html/bigfuture-2083.html,100,100,100,100,100,100
43,scholarships_html/scholarships360-0826.html,100,0,100,100,100,0
43,scholarships_html/internationalscholarships-0007.html,100,100,100,100,100,100
43,scholarships_html/internationalscholarships-0894.html,100,100,100,100,100,100
43,scholarships_html/scholarships360-0934.html,100,0,100,100,100,0
43,scholarships_html/mastersportal-0524.html,100,100,100,100,100,100
43,scholarships_html/mastersportal-1053.html,100,100,100,100,100,100
43,scholarships_html/scholarship-1429.html,100,100,100,100,0,0
43,scholarships_html/bigfuture-0278.html,100,100,100,100,100,100
43,scholarships_html/scholarship-1570.html,100,100,100,100,0,0
43,scholarships_html/scholarship-0924.html,100,100,100,100,0,0
43,scholarships_html/internationalscholarships-1013.html,100,100,100,100,100,100
43,scholarships_html/scholarships360-1644.html,100,0,100,100,100,0
43,scholarships_html/internationalscholarships-1048.html,100,100,100,100,100,100
43,scholarships_html/mastersportal-0841.html,100,100,100,100,100,100
43,scholarships_html/mastersportal-0275.html,100,100,100,100,100,100
43,scholarships_html/mastersportal-0125.html,100,100,100,100,100,100
43,scholarships_html/bigfuture-1632.html,100,100,100,100,100,100
43,scholarships_html/internationalscholarships-1228.html,100,100,100,100,100,100
43,scholarships_html/scholarship-0647.html,100,100,100,100,100,100
43,scholarships_html/bigfuture-1542.html,100,100,100,100,100,100
43,scholarships_html/mastersportal-0802.html,100,100,100,100,100,100
43,scholarships_html/internationalscholarships-1262.html,100,100,100,100,100,100
43,scholarships_html/mastersportal-0732.html,100,100,100,100,100,100
43,scholarships_html/scholarship-0527.html,100,100,100,100,100,100
43,scholarships_html/scholarship-0013.html,100,100,100,100,0,0
43,scholarships_html/bigfuture-2051.html,100,100,100,100,100,100
43,scholarships_html/bigfuture-1021.html,100,100,100,100,100,100
43,scholarships_html/internationalscholarships-1009.html,100,100,100,100,100,100
43,scholarships_html/scholarship-1555.html,100,100,100,100,0,0
43,scholarships_html/scholarships360-1624.html,100,0,100,100,100,0
43,scholarships_html/mastersportal-1443.html,100,100,100,100,100,100
43,scholarships_html/scholarship-0726.html,100,100,100,100,0,0
43,scholarships_html/scholarship-1972.html,100,100,100,100,100,100
43,scholarships_html/scholarships360-0686.html,100,0,100,100,100,0
43,scholarships_html/bigfuture-0044.html,100,100,100,100,100,100
43,scholarships_html/bigfuture-1679.html,100,100,100,100,100,100
43,scholarships_html/scholarship-1736.html,100,100,100,100,0,0
43,scholarships_html/internationalscholarships-0133.html,100,100,100,0,0,0
43,scholarships_html/internationalscholarships-0453.html,100,100,100,0,100,0
43,scholarships_html/bigfuture-0413.html,100,100,100,100,100,100
43,scholarships_html/scholarship-1685.html,100,100,100,100,0,0
43,scholarships_html/mastersportal-1076.html,100,100,100,100,100,100
43,scholarships_html/bigfuture-0294.html,100,100,100,100,100,100
43,scholarships_html/mastersportal-0916.html,100,100,100,100,100,100
43,scholarships_html/scholarships360-1852.html,100,0,100,100,100,0
43,scholarships_html/internationalscholarships-0514.html,100,100,100,100,100,100
43,scholarships_html/bigfuture-1693.html,100,100,100,100,100,100
43,scholarships_html/mastersportal-0191.html,100,100,100,100,100,100
43,scholarships_html/scholarship-0649.html,100,100,100,100,0,0
43,scholarships_html/scholarship-0420.html,100,100,100,100,0,0
43,scholarships_html/scholarship-1031.html,100,100,100,100,0,0
43,scholarships_html/bigfuture-1738.html,100,100,100,100,100,100
43,scholarships_html/scholarship-1160.html,100,100,100,100,0,0
43,scholarships_html/mastersportal-0597.html,100,100,100,100,100,100
43,scholarships_html/internationalscholarships-0039.html,100,100,0,100,100,0
43,scholarships_html/scholarship-1696.html,100,100,100,100,0,0
43,scholarships_html/bigfuture-1579.html,100,100,100,100,100,100
43,scholarships_html/scholarship-1284.html,100,100,100,100,0,0
43,scholarships_html/bigfuture-1236.html,100,100,100,100,100,100
43,scholarships_html/mastersportal-1695.html,100,100,100,100,100,100
43,scholarships_html/mastersportal-1679.html,100,100,100,100,100,100
43,scholarships_html/mastersportal-0244.html,100,100,100,100,100,100
43,scholarships_html/scholarships360-0749.html,100,0,100,100,100,0
43,scholarships_html/scholarship-0824.html,100,100,100,100,0,0
43,scholarships_html/bigfuture-1330.html,100,100,100,100,100,100
43,scholarships_html/scholarships360-0208.html,100,0,100,100,100,0
43,scholarships_html/internationalscholarships-0754.html,100,100,0,100,100,0
43,scholarships_html/scholarship-1134.html,100,100,100,100,100,100
43,scholarships_html/mastersportal-0795.html,100,100,100,100,100,100
43,scholarships_html/internationalscholarships-1085.html,100,100,100,100,100,100
43,scholarships_html/bigfuture-0620.html,100,100,100,100,100,100
43,scholarships_html/mastersportal-1579.html,100,100,100,100,100,100
43,scholarships_html/bigfuture-0527.html,100,100,100,100,100,100
43,scholarships_html/mastersportal-0695.html,100,100,100,100,100,100
43,scholarships_html/internationalscholarships-0511.html,100,100,100,100,100,100
43,scholarships_html/mastersportal-1439.html,100,100,100,100,100,100
43,scholarships_html/scholarship-1694.html,100,100,100,100,0,0
43,scholarships_html/bigfuture-0879.html,100,100,100,100,100,100
43,scholarships_html/scholarship-0109.html,100,100,100,100,0,0
43,scholarships_html/internationalscholarships-0504.html,100,100,100,100,100,100
43,scholarships_html/scholarships360-2040.html,100,0,100,100,100,0
43,scholarships_html/scholarship-1100.html,100,100,100,100,0,0
43,scholarships_html/internationalscholarships-0750.html,100,100,100,100,100,100
43,scholarships_html/scholarships360-1621.html,100,0,100,100,100,0
43,scholarships_html/mastersportal-2035.html,100,100,100,100,100,100
43,scholarships_html/internationalscholarships-0128.html,100,100,100,100,100,100
43,scholarships_html/mastersportal-0726.html,100,100,100,100,100,100
43,scholarships_html/scholarship-0736.html,100,100,100,100,0,0
43,scholarships_html/scholarship-2171.html,100,100,100,100,0,0
43,scholarships_html/scholarships360-1936.html,100,0,100,100,100,0
43,scholarships_html/scholarship-1062.html,100,100,100,100,0,0
43,scholarships_html/scholarship-0019.html,100,100,100,100,100,100
43,scholarships_html/bigfuture-1358.html,100,100,100,100,100,100
43,scholarships_html/mastersportal-1133.html,100,100,100,100,100,100
43,scholarships_html/scholarship-1232.html,100,100,100,100,0,0
43,scholarships_html/scholarships360-1028.html,100,0,100,100,100,0
43,scholarships_html/scholarships360-0251.html,100,0,100,100,100,0
43,scholarships_html/mastersportal-1317.html,100,100,100,100,100,100
43,scholarships_html/scholarship-0220.html,100,100,100,100,0,0
43,scholarships_html/internationalscholarships-0575.html,100,100,100,100,100,100
43,scholarships_html/scholarship-1626.html,100,100,100,100,0,0
43,scholarships_html/bigfuture-0031.html,100,100,100,100,100,100
43,scholarships_html/mastersportal-1606.html,100,100,100,100,100,100
43,scholarships_html/mastersportal-1081.html,100,100,100,100,100,100
43,scholarships_html/mastersportal-0118.html,100,100,100,100,100,100
43,scholarships_html/bigfuture-0719.html,100,100,100,100,100,100
43,scholarships_html/internationalscholarships-0254.html,100,100,100,100,100,100
43,scholarships_html/mastersportal-0581.html,100,100,100,100,100,100
43,scholarships_html/scholarship-1204.html,100,100,100,100,0,0
43,scholarships_html/internationalscholarships-0969.html,100,100,100,100,100,100
43,scholarships_html/scholarship-2095.html,100,100,100,100,0,0
43,scholarships_html/internationalscholarships-0177.html,100,100,100,0,0,0
43,scholarships_html/scholarships360-1916.html,100,100,100,100,100,100
43,scholarships_html/bigfuture-0593.html,100,100,100,100,100,100
43,scholarships_html/scholarship-0891.html,100,100,100,100,100,100
43,scholarships_html/internationalscholarships-0417.html,100,100,100,100,100,100
43,scholarships_html/scholarship-0011.html,100,100,100,100,100,100
43,scholarships_html/mastersportal-0807.html,100,100,100,100,100,100
43,scholarships_html/scholarship-2203.html,100,100,100,100,0,0
43,scholarships_html/bigfuture-0525.html,100,100,100,100,100,100
43,scholarships_html/bigfuture-1843.html,100,100,100,100,100,100
43,scholarships_html/scholarship-1529.html,100,100,100,100,0,0
43,scholarships_html/mastersportal-0711.html,100,100,100,100,100,100
43,scholarships_html/scholarship-0615.html,100,100,100,100,100,100
43,scholarships_html/scholarships360-1819.html,100,0,100,100,100,0
43,scholarships_html/scholarships360-0473.html,100,0,100,100,100,0
43,scholarships_html/bigfuture-0476.html,100,100,100,100,100,100
43,scholarships_html/mastersportal-0228.html,100,100,100,100,100,100
43,scholarships_html/scholarship-0367.html,100,100,100,100,0,0
43,scholarships_html/scholarships360-2030.html,100,0,100,100,100,0
43,scholarships_html/scholarships360-0209.html,100,0,100,100,100,0
43,scholarships_html/bigfuture-1830.html,100,100,100,100,100,100
43,scholarships_html/internationalscholarships-1520.html,100,100,100,100,100,100
43,scholarships_html/bigfuture-1701.html,100,100,100,100,100,100
43,scholarships_html/mastersportal-1626.html,100,100,100,100,100,100
43,scholarships_html/mastersportal-0748.html,100,100,100,100,100,100
43,scholarships_html/scholarship-1904.html,100,100,100,100,0,0
43,scholarships_html/internationalscholarships-0233.html,100,100,100,100,100,100
43,scholarships_html/internationalscholarships-0384.html,100,100,100,100,100,100
43,scholarships_html/bigfuture-1063.html,100,100,100,100,100,100
43,scholarships_html/bigfuture-0870.html,100,100,100,100,100,100
43,scholarships_html/internationalscholarships-0030.html,100,100,100,100,100,100
43,scholarships_html/mastersportal-0207.html,100,100,100,100,100,100
43,scholarships_html/scholarships360-0903.html,100,0,100,100,100,0
43,scholarships_html/internationalscholarships-0781.html,100,100,100,100,100,100
43,scholarships_html/internationalscholarships-0308.html,100,100,100,100,100,100
43,scholarships_html/bigfuture-1411.html,100,100,100,100,100,100
43,scholarships_html/bigfuture-0741.html,100,100,100,100,100,100
43,scholarships_html/scholarships360-0722.html,100,0,100,100,100,0
43,scholarships_html/mastersportal-0595.html,100,100,100,100,100,100
43,scholarships_html/scholarships360-1014.html,100,0,100,100,100,0
43,scholarships_html/mastersportal-1383.html,100,100,100,100,100,100
43,scholarships_html/scholarships360-0421.html,100,100,100,100,100,100
43,scholarships_html/internationalscholarships-1455.html,100,100,0,100,100,0
43,scholarships_html/internationalscholarships-0537.html,100,100,100,100,100,100
43,scholarships_html/scholarships360-0767.html,100,0,100,100,100,0
43,scholarships_html/mastersportal-1339.html,100,100,100,100,100,100
43,scholarships_html/internationalscholarships-0815.html,100,100,100,100,100,100
43,scholarships_html/scholarships360-0890.html,100,0,100,100,100,0
43,scholarships_html/scholarships360-1957.html,100,0,100,100,100,0
43,scholarships_html/internationalscholarships-0872.html,100,100,100,0,100,0
43,scholarships_html/scholarships360-0615.html,100,0,100,100,100,0
43,scholarships_html/internationalscholarships-1382.html,100,100,100,100,100,100
43,scholarships_html/bigfuture-0544.html,100,100,100,100,100,100
43,scholarships_html/scholarships360-0128.html,100,0,100,100,100,0
43,scholarships_html/mastersportal-1090.html,100,100,100,100,100,100
43,scholarships_html/mastersportal-1397.html,100,100,100,100,100,100
43,scholarships_html/mastersportal-1117.html,100,100,100,100,100,100
43,scholarships_html/scholarships360-0639.html,100,0,100,100,100,0
43,scholarships_html/scholarship-2206.html,100,100,100,100,0,0
43,scholarships_html/scholarship-2154.html,100,100,100,100,0,0
43,scholarships_html/mastersportal-1687.html,100,100,100,100,100,100
43,scholarships_html/bigfuture-1444.html,100,100,100,100,100,100
43,scholarships_html/scholarship-2178.html,100,100,100,100,0,0
43,scholarships_html/scholarships360-1834.html,100,0,100,100,100,0
43,scholarships_html/bigfuture-0902.html,100,100,100,100,100,100
43,scholarships_html/bigfuture-1208.html,100,100,100,100,100,100
43,scholarships_html/scholarship-1405.html,100,100,100,100,0,0
43,scholarships_html/mastersportal-0645.html,100,100,100,100,100,100
43,scholarships_html/bigfuture-0134.html,100,100,100,100,0,0
43,scholarships_html/scholarship-2090.html,100,100,100,100,0,0
43,scholarships_html/bigfuture-1283.html,100,100,100,100,100,100
43,scholarships_html/internationalscholarships-1079.html,100,100,100,100,100,100
43,scholarships_html/internationalscholarships-1423.html,100,100,100,100,100,100
43,scholarships_html/bigfuture-1788.html,100,100,100,100,100,100
43,scholarships_html/internationalscholarships-0315.html,100,100,100,100,100,100
43,scholarships_html/scholarship-0547.html,100,100,100,100,0,0
43,scholarships_html/scholarship-0881.html,100,100,100,100,100,100
43,scholarships_html/scholarships360-0739.html,100,0,100,100,100,0
43,scholarships_html/internationalscholarships-0355.html,100,100,100,0,100,0
43,scholarships_html/scholarships360-0618.html,100,0,100,100,100,0
43,scholarships_html/scholarship-1096.html,100,100,100,100,0,0
43,scholarships_html/mastersportal-0798.html,100,100,100,100,100,100
43,scholarships_html/scholarship-1996.html,100,100,100,100,0,0
43,scholarships_html/mastersportal-1863.html,100,100,100,100,100,100
43,scholarships_html/scholarship-0925.html,100,100,100,100,0,0
43,scholarships_html/scholarships360-1352.html,100,0,100,100,100,0
43,scholarships_html/bigfuture-1333.html,100,100,100,100,100,100
43,scholarships_html/scholarship-1114.html,100,100,100,100,0,0
43,scholarships_html/mastersportal-0126.html,100,100,100,100,100,100
43,scholarships_html/mastersportal-0376.html,100,100,100,100,100,100
43,scholarships_html/bigfuture-1100.html,100,100,100,100,100,100
43,scholarships_html/bigfuture-1909.html,100,100,100,100,100,100
43,scholarships_html/internationalscholarships-0655.html,100,100,100,100,100,100
43,scholarships_html/scholarship-0940.html,100,100,100,100,0,0
43,scholarships_html/mastersportal-0769.html,100,100,100,100,100,100
43,scholarships_html/scholarships360-0243.html,100,0,100,100,100,0
43,scholarships_html/scholarships360-1851.html,100,0,100,100,100,0
43,scholarships_html/internationalscholarships-1270.html,100,100,0,100,100,0
43,scholarships_html/bigfuture-0117.html,100,100,100,100,100,100
43,scholarships_html/bigfuture-0685.html,100,100,100,100,100,100
43,scholarships_html/scholarship-1586.html,100,100,100,100,0,0
43,scholarships_html/scholarships360-1038.html,100,0,100,100,100,0
43,scholarships_html/scholarship-0731.html,100,100,100,100,0,0
43,scholarships_html/internationalscholarships-0257.html,100,100,100,100,100,100
43,scholarships_html/scholarship-0638.html,100,100,100,100,100,100
43,scholarships_html/bigfuture-1375.html,100,100,100,100,100,100
43,scholarships_html/mastersportal-1098.html,100,100,100,100,100,100
43,scholarships_html/scholarships360-0904.html,100,0,100,100,100,0
43,scholarships_html/scholarship-0358.html,100,100,100,100,100,100
43,scholarships_html/scholarship-2200.html,100,100,100,100,0,0
43,scholarships_html/bigfuture-0078.html,100,100,100,100,100,100
43,scholarships_html/bigfuture-0757.html,100,100,100,100,100,100
43,scholarships_html/scholarship-0534.html,100,100,100,100,0,0
43,scholarships_html/scholarship-1672.html,100,100,100,100,0,0
43,scholarships_html/scholarships360-1932.html,100,0,100,100,100,0
43,scholarships_html/internationalscholarships-1422.html,100,100,100,100,100,100
43,scholarships_html/internationalscholarships-0823.html,100,100,100,100,100,100
43,scholarships_html/scholarship-2015.html,100,100,100,100,0,0
43,scholarships_html/bigfuture-1765.html,100,100,100,100,100,100
43,scholarships_html/mastersportal-0089.html,100,100,100,100,100,100
43,scholarships_html/bigfuture-0277.html,100,100,100,100,100,100
43,scholarships_html/mastersportal-1159.html,100,100,100,100,100,100
43,scholarships_html/scholarship-0733.html,100,100,100,100,0,0
43,scholarships_html/scholarships360-2015.html,100,0,100,100,100,0
43,scholarships_html/scholarships360-0212.html,100,0,100,100,100,0
43,scholarships_html/mastersportal-0346.html,100,100,100,100,100,100
43,scholarships_html/mastersportal-1432.html,100,100,100,100,100,100
43,scholarships_html/scholarship-0000.html,100,100,100,100,100,100
43,scholarships_html/mastersportal-1325.html,100,100,100,100,100,100
43,scholarships_html/mastersportal-1545.html,100,100,100,100,100,100
43,scholarships_html/internationalscholarships-1395.html,100,100,100,100,100,100
43,scholarships_html/bigfuture-1087.html,100,100,100,100,100,100
43,scholarships_html/bigfuture-0267.html,100,100,100,100,100,100
43,scholarships_html/scholarship-2077.html,100,100,100,100,0,0
43,scholarships_html/scholarship-1205.html,100,100,100,100,0,0
43,scholarships_html/scholarship-1471.html,100,100,100,100,0,0
43,scholarships_html/scholarships360-0776.html,100,0,100,100,100,0
43,scholarships_html/bigfuture-1242.html,100,100,100,100,100,100
43,scholarships_html/mastersportal-0840.html,100,100,100,100,100,100
43,scholarships_html/bigfuture-1872.html,100,100,100,100,100,100
43,scholarships_html/scholarships360-1225.html,100,0,100,100,100,0
43,scholarships_html/mastersportal-0704.html,100,100,100,100,100,100
43,scholarships_html/scholarship-0111.html,100,100,100,100,0,0
43,scholarships_html/mastersportal-0083.html,100,100,100,100,100,100
43,scholarships_html/scholarship-0052.html,100,100,100,100,0,0
43,scholarships_html/mastersportal-0304.html,100,100,100,100,100,100
43,scholarships_html/mastersportal-1437.html,100,100,100,100,100,100
43,scholarships_html/bigfuture-0751.html,100,100,100,100,100,100
43,scholarships_html/bigfuture-1027.html,100,100,100,100,100,100
43,scholarships_html/scholarships360-1036.html,100,0,100,100,100,0
43,scholarships_html/scholarship-0403.html,100,100,100,100,0,0
43,scholarships_html/scholarships360-1242.html,100,0,100,100,100,0
43,scholarships_html/scholarship-1504.html,100,100,100,100,100,100
43,scholarships_html/bigfuture-1981.html,100,100,100,100,100,100
43,scholarships_html/mastersportal-0068.html,100,100,100,100,100,100
43,scholarships_html/bigfuture-1794.html,100,100,100,100,100,100
43,scholarships_html/scholarship-0126.html,100,100,100,100,0,0
43,scholarships_html/bigfuture-0338.html,100,100,100,100,100,100
43,scholarships_html/scholarships360-0457.html,100,0,100,100,100,0
43,scholarships_html/bigfuture-1458.html,100,100,100,100,100,100
43,scholarships_html/scholarship-0014.html,100,100,100,100,100,100
43,scholarships_html/scholarship-1240.html,100,100,100,100,0,0
43,scholarships_html/bigfuture-1257.html,100,100,100,100,100,100
43,scholarships_html/scholarship-2075.html,100,100,100,100,0,0
43,scholarships_html/scholarships360-0277.html,100,0,100,100,100,0
43,scholarships_html/scholarship-0531.html,100,100,100,100,0,0
43,scholarships_html/mastersportal-1637.html,100,100,100,100,100,100
43,scholarships_html/scholarship-1423.html,100,100,100,100,0,0
43,scholarships_html/bigfuture-0840.html,100,100,100,100,100,100
43,scholarships_html/bigfuture-1003.html,100,100,100,100,100,100
43,scholarships_html/bigfuture-0987.html,100,100,100,100,100,100
43,scholarships_html/internationalscholarships-1163.html,100,100,100,100,100,100
43,scholarships_html/mastersportal-0224.html,100,100,100,100,100,100
43,scholarships_html/mastersportal-1891.html,100,100,100,100,100,100
43,scholarships_html/mastersportal-1831.html,100,100,100,100,100,100
43,scholarships_html/internationalscholarships-0459.html,100,100,100,100,100,100
43,scholarships_html/internationalscholarships-1069.html,100,100,100,100,100,100
43,scholarships_html/scholarship-0039.html,100,100,100,100,0,0
43,scholarships_html/scholarships360-1301.html,100,0,100,100,100,0
43,scholarships_html/mastersportal-1903.html,100,100,100,100,100,100
43,scholarships_html/scholarships360-0937.html,100,0,100,100,100,0
43,scholarships_html/mastersportal-1193.html,100,100,100,100,100,100
43,scholarships_html/mastersportal-1713.html,100,100,100,100,100,100
43,scholarships_html/scholarships360-0968.html,100,0,100,100,100,0
43,scholarships_html/scholarships360-0036.html,100,0,100,100,100,0
43,scholarships_html/bigfuture-1220.html,100,100,100,100,100,100
43,scholarships_html/scholarships360-1089.html,100,0,100,100,100,0
43,scholarships_html/mastersportal-1039.html,100,100,100,100,100,100
43,scholarships_html/scholarships360-1739.html,100,0,100,100,100,0
43,scholarships_html/mastersportal-0360.html,100,100,100,100,100,100
43,scholarships_html/scholarship-1172.html,100,100,100,100,100,100
43,scholarships_html/internationalscholarships-1182.html,100,100,100,100,100,100
43,scholarships_html/bigfuture-1338.html,100,100,100,100,100,100
43,scholarships_html/scholarships360-1836.html,100,0,100,100,100,0
43,scholarships_html/scholarship-0639.html,100,100,100,100,0,0
43,scholarships_html/scholarships360-0306.html,100,0,100,100,100,0
43,scholarships_html/mastersportal-1706.html,100,100,100,100,100,100
43,scholarships_html/mastersportal-0258.html,100,100,100,100,100,100
43,scholarships_html/bigfuture-0596.html,100,100,100,100,100,100
43,scholarships_html/mastersportal-1496.html,100,100,100,100,100,100
43,scholarships_html/mastersportal-0610.html,100,100,100,100,100,100
43,scholarships_html/bigfuture-0098.html,100,100,100,100,100,100
43,scholarships_html/bigfuture-1533.html,100,100,100,100,100,100
43,scholarships_html/scholarships360-0712.html,100,0,100,100,100,0
43,scholarships_html/bigfuture-1111.html,100,100,100,100,100,100
43,scholarships_html/mastersportal-1991.html,100,100,100,100,100,100
43,scholarships_html/scholarship-0421.html,100,100,100,100,0,0
43,scholarships_html/scholarship-0317.html,100,100,100,100,100,100
43,scholarships_html/bigfuture-0530.html,100,100,100,100,100,100
43,scholarships_html/mastersportal-1946.html,100,100,100,100,100,100
43,scholarships_html/mastersportal-1305.html,100,100,100,100,100,100
43,scholarships_html/scholarships360-1748.html,100,0,100,100,100,0
43,scholarships_html/bigfuture-0210.html,100,100,100,100,100,100
43,scholarships_html/scholarship-1336.html,100,100,100,100,0,0
43,scholarships_html/scholarships360-0527.html,100,0,100,100,100,0
43,scholarships_html/scholarship-2113.html,100,100,100,100,0,0
43,scholarships_html/scholarship-0645.html,100,100,100,100,100,100
43,scholarships_html/bigfuture-0595.html,100,100,100,100,100,100
43,scholarships_html/scholarships360-1230.html,100,0,100,100,100,0
43,scholarships_html/internationalscholarships-0644.html,100,100,100,100,100,100
43,scholarships_html/scholarship-1817.html,100,100,100,100,0,0
43,scholarships_html/scholarships360-0407.html,100,0,100,100,100,0
43,scholarships_html/scholarships360-0091.html,100,0,100,100,100,0
43,scholarships_html/bigfuture-1982.html,100,100,100,100,100,100
43,scholarships_html/scholarships360-1711.html,100,100,100,100,100,100
43,scholarships_html/bigfuture-0560.html,100,100,100,100,100,100
43,scholarships_html/bigfuture-0992.html,100,100,100,100,100,100
43,scholarships_html/bigfuture-1227.html,100,100,100,100,100,100
43,scholarships_html/scholarships360-1560.html,100,0,100,100,100,0
43,scholarships_html/bigfuture-1215.html,100,100,100,100,100,100
43,scholarships_html/scholarship-2003.html,100,100,100,100,0,0
43,scholarships_html/bigfuture-0827.html,100,100,100,100,100,100
43,scholarships_html/bigfuture-0730.html,100,100,100,100,100,100
43,scholarships_html/mastersportal-0431.html,100,100,100,100,100,100
43,scholarships_html/bigfuture-1321.html,100,100,100,100,100,100
43,__SUMMARY__,100.00,79.91,98.74,98.84,82.62,61.02
