file,TITLE,PROVIDER,AMOUNT,DEADLINE,AWARD
scholarships_html/bigfuture-0440.html,Bernard Fritze Memorial Endowed Scholarship,Broward College,Award Amount Varies,1/1/2025,Need-Based : No
scholarships_html/bigfuture-0212.html,Marie Harrington and Ann Powell Endowed Scholarship,Broward College,Award Amount Varies,1/1/2025,Need-Based: Yes
scholarships_html/bigfuture-1909.html,Faye Dietzen Doolittle Endowed Scholarship,Stetson University,Award Amount Varies,1/1/2025,Need-Based: Yes
scholarships_html/scholarships360-1530.html,Matthew George Scott-Bronco IV Ever Scholarship,,"$ 10,000",This scholarship might not currently be accepting applications. Most scholarship programs only accept applications a few months ahead of their annual deadline. We’ve estimated this deadline based on last year’s deadline,ship Earning this scholarship will help me achieve my educational and career goals by reducing the cost of my full-time tuition.
scholarships_html/mastersportal-1388.html,Forté scholarships for women,IMD Business School,"USD 37,866",Anytime,"USD / year 23,285 USD / year Tuition unknown 24 months ESMT Berlin Berlin, Germany 23,285 USD / year 23,285 USD / year Tuition unknown 24 months Featured International Business M."
scholarships_html/bigfuture-0207.html,Eastern Region Korean American Scholarship,Korean American Scholarship Foundation,"$ 5,000",4/1/2025,Need-Based: Yes
scholarships_html/bigfuture-0786.html,Mary Bowman Arts in Activism Award,National AIDS Memorial,"$ 5,000",3/1/2025,Need-Based: No
scholarships_html/scholarships360-0699.html,Debbie B. Rice Memorial Scholarship,,"$ 10,000",This scholarship might not currently be accepting applications. Most scholarship programs only accept applications a few months ahead of their annual deadline. We’ve estimated this deadline based on last year’s deadline,ship Earning this scholarship will help me achieve my educational and career goals by reducing the cost of my full-time tuition.
scholarships_html/scholarships360-1154.html,George Seifert Scholarship,,"$ 10,000",This scholarship might not currently be accepting applications. Most scholarship programs only accept applications a few months ahead of their annual deadline. We’ve estimated this deadline based on last year’s deadline,ship Earning this scholarship will help me achieve my educational and career goals by reducing the cost of my full-time tuition.
scholarships_html/bigfuture-0304.html,NSPS Foundation Trig-Star Scholarship,National Society of Professional Surveyors,"$ 5,000",4/30/2025,Need-Based: No
scholarships_html/mastersportal-0971.html,"F1 Student Visa, CPT, OPT, STEM Master Degree Program",University of Windsor,"USD 17,698",01 Jan 2026,Multiple
scholarships_html/mastersportal-1393.html,INSEAD Financial Aid Application,INSEAD - The Business School for the World,"€ 30,000",Not specified,one
scholarships_html/scholarships360-1137.html,IISE Presidents Scholarship,,"$ 10,000",This scholarship might not currently be accepting applications. Most scholarship programs only accept applications a few months ahead of their annual deadline. We’ve estimated this deadline based on last year’s deadline,ship Earning this scholarship will help me achieve my educational and career goals by reducing the cost of my full-time tuition.
scholarships_html/internationalscholarships-1234.html,Internships through,Florida Studio Theatre,$ 40,Unrestricted,Variable
scholarships_html/internationalscholarships-1077.html,Vice-Chancellor’s Scholarships - Undergraduate Study,Roehampton University,"GBP 2,000",Unrestricted,Variable
scholarships_html/bigfuture-1991.html,Scott and Ann Bruin Scholarship,Stetson University,Award Amount Varies,1/1/2025,Need-Based: Yes
scholarships_html/mastersportal-0874.html,Avery Dạ-An Memorial Scholarship,California State University Fullerton,"$ 1,000",02 Mar 2026,full Tuition
scholarships_html/scholarships360-0259.html,Miami University Ohio Governor’s Scholarship,,"$ 10,000","December 1, 2025",Full Tuition
scholarships_html/internationalscholarships-0689.html,International Student Scholarship,University of Hawaii at Hilo,"$ 4,000",March 1,varies
scholarships_html/scholarships360-1797.html,The Carol Freedman Education Scholarship Fund,,"$ 10,000",This scholarship might not currently be accepting applications. Most scholarship programs only accept applications a few months ahead of their annual deadline. We’ve estimated this deadline based on last year’s deadline,ship Earning this scholarship will help me achieve my educational and career goals by reducing the cost of my full-time tuition.
scholarships_html/mastersportal-0307.html,UQ International Excellence Scholarship,University of Queensland,"USD 22,451",Not specified,"54 USD / year Tuition unknown 24 months University of Wollongong Multiple locations 24,239 USD / year 21,354 USD / year Tuition unknown 24 months Featured Agricultural Systems Major (MSc AgriFoodSecur) M."
scholarships_html/scholarships360-1113.html,Alma Kuppinger Forman Scholarship,,"$ 10,000",This scholarship might not currently be accepting applications. Most scholarship programs only accept applications a few months ahead of their annual deadline. We’ve estimated this deadline based on last year’s deadline,ship Earning this scholarship will help me achieve my educational and career goals by reducing the cost of my full-time tuition.
scholarships_html/bigfuture-2060.html,Fred A. and Alice Mundis Endowed Scholarship,Stetson University,Award Amount Varies,1/1/2025,Need-Based : Yes
scholarships_html/bigfuture-1011.html,Robert J. Kain Healthcare Design Education Scholarship,American Institute of Architects-California Council,"$ 2,000",6/5/2025,Need-Based: No
scholarships_html/scholarships360-2076.html,Bristol Yale Club Scholarship,,"$ 10,000",This scholarship might not currently be accepting applications. Most scholarship programs only accept applications a few months ahead of their annual deadline. We’ve estimated this deadline based on last year’s deadline,ship Earning this scholarship will help me achieve my educational and career goals by reducing the cost of my full-time tuition.
scholarships_html/mastersportal-1447.html,INSEAD Oliver and June Knowles Endowed Scholarship,INSEAD - The Business School for the World,"€ 15,000",Not specified,one
scholarships_html/scholarship-1808.html,Howard and Helen Hauff Memorial Scholarship,Scholarships.com,"$ 10,000","March 01, 2026",
scholarships_html/internationalscholarships-0994.html,Barra Foundation International Research Fellowships,Barra Foundation c/o Library Company of Philadelphia/Historical society of Penns,"$ 2,500",March 1,2
scholarships_html/mastersportal-1651.html,The City Law School Solicitor’s Practice Programme Scholarship,"City, University of London","£ 2,000",Anytime,"City, University of London awards scholarships, bursaries, tuition fee reductions and discounts that help you cover existing tuition and living costs."
scholarships_html/scholarships360-2077.html,Ecolab Academic Scholarship,,"$ 10,000",This scholarship might not currently be accepting applications. Most scholarship programs only accept applications a few months ahead of their annual deadline. We’ve estimated this deadline based on last year’s deadline,ship Earning this scholarship will help me achieve my educational and career goals by reducing the cost of my full-time tuition.
scholarships_html/mastersportal-1264.html,International Sports Scholarship Programme,University of Stirling,"£ 5,000",22 Sep 2025,"9,480 USD / year Tuition unknown 18 months Liberty University Online 9,480 USD / year 9,480 USD / year 9,480 USD / year Tuition unknown 18 months Featured Sports Management - Sports Administration (Non-Thesis) (Online) M."
scholarships_html/bigfuture-1148.html,Anders Tjellstrom Scholarship,Cochlear,Award Amount Varies,3/31/2025,Need-Based: No
scholarships_html/mastersportal-0705.html,International Excellence Award: Postgraduate September 2025 entry,University of Surrey,"£ 5,000",31 Jul 2025,"Postgraduate September 2025 entry View relevant masters Any Disciplines 6,859 USD Grant United Kingdom Location 31 Jul 2025 Application deadline About University of Surrey is pleased to announce that they will be running the Surrey International Masters"
scholarships_html/internationalscholarships-0941.html,Research Grants,American Historical Association,Variable,February 15,17
scholarships_html/bigfuture-1889.html,NSU Orlando Campus Scholarship,Nova Southeastern University,"$ 2,000",1/1/2025,Need-Based: No
scholarships_html/bigfuture-1169.html,Employment Skills Leadership Development Event,National FFA Organization,"$ 1,000",3/1/2025,Need-Based: No
scholarships_html/bigfuture-1544.html,A. L. Ellis Endowed Scholarship,University of South Florida,Award Amount Varies,12/1/2024,Need-Based: No
scholarships_html/internationalscholarships-1103.html,Grants for,Ripon College,"$ 5,000",March 1,Variable
scholarships_html/bigfuture-0176.html,"Dr. Leonard Bryant, Jr. Student Success Endowed Scholarship",Brow,Award Amount Varies,1/1/2025,Need-Based : Yes
scholarships_html/bigfuture-1168.html,Creed Speaking Leadership Development Event,National FFA Organization,"$ 1,000",3/1/2025,Need-Based: No
scholarships_html/scholarships360-1200.html,Susan T. Buffett Scholarship,,"$ 10,000",This scholarship might not currently be accepting applications. Most scholarship programs only accept applications a few months ahead of their annual deadline. We’ve estimated this deadline based on last year’s deadline,ship Earning this scholarship will help me achieve my educational and career goals by reducing the cost of my full-time tuition.
scholarships_html/bigfuture-0761.html,Children of Veterans Tuition Grant,Michigan Office of Postsecondary Financial Planning,"$ 2,800",10/1/2024,Need-Based: No
scholarships_html/scholarships360-0042.html,AICPA & CIMA Accounting Scholars Leadership Workshop (ASLW),,"$ 10,000",This scholarship might not currently be accepting applications. Most scholarship programs only accept applications a few months ahead of their annual deadline. We’ve estimated this deadline based on last year’s deadline,ship Earning this scholarship will help me achieve my educational and career goals by reducing the cost of my full-time tuition.
scholarships_html/scholarships360-0521.html,Extreme,,"$ 10,000",This scholarship might not currently be accepting applications. Most scholarship programs only accept applications a few months ahead of their annual deadline. We’ve estimated this deadline based on last year’s deadline,ship Earning this scholarship will help me achieve my educational and career goals by reducing the cost of my full-time tuition.
scholarships_html/scholarships360-0153.html,Jeff Sein Kwan Yang Memorial Scholarship,,"$ 10,000","July 18, 2025",ship Earning this scholarship will help me achieve my educational and career goals by reducing the cost of my full-time tuition.
scholarships_html/scholarship-1903.html,VFW Scout of the Year Scholarship,Scholarships.com,"$ 5,000","March 01, 2026",
scholarships_html/internationalscholarships-0126.html,SBW Berlin Scholarship,SBW Berlin gGmbH (non-profit limited liability company),living allowance,,living allowance
scholarships_html/internationalscholarships-0842.html,Kwame Nkrumah Award,Schiller International University,One third of tuition,Variable,4
scholarships_html/scholarships360-0993.html,SDES Eastern Chapter Scholarships,,"$ 10,000",This scholarship might not currently be accepting applications. Most scholarship programs only accept applications a few months ahead of their annual deadline. We’ve estimated this deadline based on last year’s deadline,ship Earning this scholarship will help me achieve my educational and career goals by reducing the cost of my full-time tuition.
scholarships_html/scholarships360-1028.html,Broadcast Scholarship Program,,"$ 10,000",This scholarship might not currently be accepting applications. Most scholarship programs only accept applications a few months ahead of their annual deadline. We’ve estimated this deadline based on last year’s deadline,ship Earning this scholarship will help me achieve my educational and career goals by reducing the cost of my full-time tuition.
scholarships_html/scholarships360-1488.html,Alberta Brannon Memorial Scholarship,,"$ 10,000",This scholarship might not currently be accepting applications. Most scholarship programs only accept applications a few months ahead of their annual deadline. We’ve estimated this deadline based on last year’s deadline,ship Earning this scholarship will help me achieve my educational and career goals by reducing the cost of my full-time tuition.
scholarships_html/internationalscholarships-1285.html,New York City Urban Fellows,New York City Department of Personnel,"$ 25,000",Variable,25
scholarships_html/scholarships360-1276.html,Dorothy and Harold Brokering Windsor Scholarship,,"$ 10,000",This scholarship might not currently be accepting applications. Most scholarship programs only accept applications a few months ahead of their annual deadline. We’ve estimated this deadline based on last year’s deadline,ship Earning this scholarship will help me achieve my educational and career goals by reducing the cost of my full-time tuition.
scholarships_html/scholarship-0128.html,Automotive Hall of Fame Scholarships,Scholarships.com,"$ 5,000","June 30, 2025",Scholarship checks are sent to the schools in August and are to be used for tuition and lab fees for that calendar year.
scholarships_html/mastersportal-1365.html,Nursing Alumni Fellowship,University of Toronto,USD 603,Not specified,03 USD / module Tuition unknown 12 months University of Tulsa Online 603 USD / module 603 USD / module 603 USD / module Tuition unknown 12 months Featured Nursing (Adult) M.
scholarships_html/scholarship-0636.html,Michigan State University High-achieving Student Scholarships,Scholarships.com,"$ 10,000","November 01, 2025",
scholarships_html/bigfuture-1661.html,Anne and William Gower Endowed Scholarship,Florida State College at Jacksonville,Award Amount Varies,2/1/2025,Need-Based: No
scholarships_html/internationalscholarships-0634.html,American Language Academy International Student Award,American Language Academy (ALA),"$ 1,500",None,100 per year
scholarships_html/internationalscholarships-0746.html,"Cohen, Placitella & Roth Scholarship","Cohen, Placitella & Roth, PC",2500,May,1
scholarships_html/mastersportal-0161.html,Finland Scholarship,Åbo Akademi University,"€ 5,000",Anytime,Full tuition
scholarships_html/scholarships360-0690.html,Mary John Goree Las Animas County Scholarship,,"$ 10,000",This scholarship might not currently be accepting applications. Most scholarship programs only accept applications a few months ahead of their annual deadline. We’ve estimated this deadline based on last year’s deadline,ship Earning this scholarship will help me achieve my educational and career goals by reducing the cost of my full-time tuition.
scholarships_html/mastersportal-0352.html,Fulbright Foreign Language Teaching Assistant Program,Education USA,"USD 27,940",Not specified,full Tuition
scholarships_html/internationalscholarships-1400.html,Getty Research Grants,"Getty Research Institute, Getty Conservation Institute",,November 1,Variable
scholarships_html/scholarships360-1496.html,Western Michigan University Foundation Scholarship,,"$ 10,000",This scholarship might not currently be accepting applications. Most scholarship programs only accept applications a few months ahead of their annual deadline. We’ve estimated this deadline based on last year’s deadline,ship Earning this scholarship will help me achieve my educational and career goals by reducing the cost of my full-time tuition.
scholarships_html/internationalscholarships-1325.html,Fellowship Program,The Robert Bosch Foundation,"2,000",October 15,20
scholarships_html/scholarships360-0560.html,Diversity in Esthetics Scholarship for PCA Partner Schools,,"$ 10,000",This scholarship might not currently be accepting applications. Most scholarship programs only accept applications a few months ahead of their annual deadline. We’ve estimated this deadline based on last year’s deadline,ship Earning this scholarship will help me achieve my educational and career goals by reducing the cost of my full-time tuition.
scholarships_html/scholarship-0571.html,The ALKU Scholarship,Scholarships.com,"$ 30,000","September 25, 2025",
scholarships_html/internationalscholarships-0495.html,DuPont NutriScholars Awards,DuPont Nutrition & Health,975000,September 15th,9
scholarships_html/internationalscholarships-1130.html,Roy W. Dean New York Film Grant,From the Heart Productions,Variable,April 30,1
scholarships_html/mastersportal-0015.html,Chevening - UK Government Scholarship,University of Central Lancashire (UCLan),"USD 31,937",10 Jul 2025,"37 USD / year Tuition unknown 12 months Loughborough University Loughborough, England, United Kingdom 31,937 USD / year Tuition unknown 12 months Featured Computer Science (Conversion) M."
scholarships_html/internationalscholarships-1384.html,Entomological Foundation Bioquip Undergraduate Scholarship,"Bioquip Products, Inc. and the Entomological Foundation, Inc.","$ 1,500",July 1,2
scholarships_html/mastersportal-1360.html,Mr. Alfred Smith and Mrs. Mary Anderson Smith Scholarship,University of Victoria,"USD 34,877",Anytime,full Tuition
scholarships_html/scholarships360-1933.html,Cascade and Chelan School Districts ELL Scholarship,,"$ 10,000",This scholarship might not currently be accepting applications. Most scholarship programs only accept applications a few months ahead of their annual deadline. We’ve estimated this deadline based on last year’s deadline,ship Earning this scholarship will help me achieve my educational and career goals by reducing the cost of my full-time tuition.
scholarships_html/scholarship-0414.html,Ike Foundation Scholarship,Scholarships.com,"$ 2,200","April 01, 2026","Scholarship awards must be applied to tuition, fees, supplies, books, or equipment."
scholarships_html/scholarship-1802.html,GRCF Walter C. Winchester Scholarship,Scholarships.com,"$ 5,000","March 01, 2026",
scholarships_html/internationalscholarships-0755.html,Spring Essay Writing Contest,EssayMama,$ 450,25,
scholarships_html/bigfuture-1486.html,License Plate Endowed Scholarship,University of South Florida,Award Amount Varies,12/1/2024,Need-Based: No
scholarships_html/mastersportal-0739.html,Jean Louis Le Gall Memorial Scholarship,Society of Women Engineers,"$ 4,000",Not specified,full Tuition
scholarships_html/bigfuture-0825.html,John Hatley Memorial Scholarship,National High School Rodeo Association,Award Amount Varies,5/16/2025,Need-Based: Yes
scholarships_html/scholarship-0011.html,Jeffery Isaiah David Memorial Foundation Education Scholarship,Scholarships.com,$ 500,"April 15, 2026","must be utilized to assist with expenses related to attending college, vocational, or trade school of their choice for tuition, fees, and/or materials."
scholarships_html/scholarship-0602.html,International Loper Scholarship,Scholarships.com,"$ 17,532","October 15, 2025",The International Loper Scholarship provides a tuition savings of more than 30% to reduce the overall cost.
scholarships_html/internationalscholarships-0952.html,Howard V Phalin World Book Graduate Scholarship In Library Science,Canadian Library Association,"$ 2,500",May 1,Variable
scholarships_html/scholarships360-0834.html,"Richard W. Bendicksen, N7ZL, Memorial Scholarship",,"$ 10,000",This scholarship might not currently be accepting applications. Most scholarship programs only accept applications a few months ahead of their annual deadline. We’ve estimated this deadline based on last year’s deadline,ship Earning this scholarship will help me achieve my educational and career goals by reducing the cost of my full-time tuition.
scholarships_html/scholarship-1289.html,Beverly E. Hendricks Nursing Scholarship,Scholarships.com,"Amount Varies Deadline: February 07, 2026 Awards Available: Varies Eligibility Criteria: GPA Financial Aid Status Selected Major(s) Current Year in School College Selection College Selection State Age Share: You May Also","February 07, 2026",
scholarships_html/scholarship-0538.html,Balanced Man Scholarship,Scholarships.com,"$ 1,500","September 01, 2025",
scholarships_html/scholarships360-0048.html,Robert C. Watson Award,,"$ 10,000","June 30, 2025","Scholarships360 Get matched with vetted scholarships and enter our $10,000 No-Essay Scholarship Please select whichever best describes you for the 2024 - 2025 academic year. I’m a high school student I’m a college or graduate student 100% Free. No Spam. Start"
scholarships_html/internationalscholarships-0548.html,Scholarships for Masters Programs at HSE University in Russia,HS,"210,000","May 1, 2017",Programs at HSE University in Russia Russian Government Description Applications are currently being accepted for full-tuition scholarships to study at National Research University – Higher School of Economics in Moscow and St.
scholarships_html/scholarship-0961.html,East Rock Films Scholarship,Scholarships.com,$ 500,"January 15, 2026","You must agree to use the award money toward educational expenses, such as tuition, fees, books, applying to schools, etc."
scholarships_html/bigfuture-0211.html,"Fundación México MAS Scholarship (EGTS, EGTSS)",Pima Community College Foundation,$ 350,3/1/2025,
scholarships_html/mastersportal-0694.html,Graduate Study in the USA Scholarship,educations.com,"$ 5,000",23 Sep 2025,full Tuition
scholarships_html/bigfuture-0225.html,Community College Nursing Scholarship,Massachusetts Department of Higher Education,Award Amount Varies,10/1/2024,Need-Based: No
scholarships_html/bigfuture-0900.html,Scholarship,National Coal Transportation Association,"$ 1,500",5/1/2025,Need-Based: No
scholarships_html/scholarships360-1983.html,Ford Family Foundation Scholarships,,"$ 10,000",This scholarship might not currently be accepting applications. Most scholarship programs only accept applications a few months ahead of their annual deadline. We’ve estimated this deadline based on last year’s deadline,ship Earning this scholarship will help me achieve my educational and career goals by reducing the cost of my full-time tuition.
scholarships_html/mastersportal-1228.html,Master's Scholarship,Education USA,"USD 27,940",Not specified,full Tuition
scholarships_html/internationalscholarships-1036.html,Northern Alberta Development Bursary,Alberta Heritage Scholarhip Fund,"$ 6,000",April 30,125
scholarships_html/mastersportal-0783.html,Dunlevy Family Scholarship,University of North Dakota,"$ 2,600",01 Mar 2026,full Tuition
scholarships_html/internationalscholarships-1190.html,SLA Scholarship,Special Libraries Association,"$ 6,000",October 31,3
scholarships_html/scholarships360-2018.html,Pence Construction Diversity in Leadership Scholarship,,"$ 10,000",This scholarship might not currently be accepting applications. Most scholarship programs only accept applications a few months ahead of their annual deadline. We’ve estimated this deadline based on last year’s deadline,ship Earning this scholarship will help me achieve my educational and career goals by reducing the cost of my full-time tuition.
scholarships_html/internationalscholarships-0743.html,The Chalmers Challenge,Chalmers University of Technology,"8,500",April 13,
scholarships_html/internationalscholarships-0478.html,"DirectTextbook.com ""Focus"" Photo Essay Contest","Direct Textbooks, Inc",500,1/16,16th
scholarships_html/mastersportal-1776.html,CSUF Environmental Studies Research Scholarship,California State University Fullerton,$ 250,15 Nov 2025,"4,466 USD / year 9,946 USD / year Tuition unknown 12 months Ulster University Online 24,466 USD / year 9,946 USD / year Tuition unknown 12 months Featured Environmental Forestry M."
scholarships_html/scholarship-1959.html,STEM Stars Actuarial Scholars Program,Scholarships.com,"$ 20,000","March 03, 2026",
scholarships_html/scholarship-0266.html,National GEM Consortium Fellowships,Scholarships.com,"$ 16,000","November 14, 2025",
scholarships_html/mastersportal-1781.html,The Rose Klein Award,California State University Fullerton,$ 125,Not specified,full Tuition
scholarships_html/internationalscholarships-0408.html,PhD programs at the,IMT School for Advanced Studies,"€ 15,300","Amount 15,300",Full tuition
scholarships_html/bigfuture-0625.html,Undergraduate Scholarship,Kansas Society of Certified Public Accountants,"$ 2,250",5/1/2025,Need-Based: No
scholarships_html/mastersportal-1849.html,David R. Hostetler Memorial Scholarship,The University of Toledo,unknown,01 Mar 2026,full Tuition
scholarships_html/mastersportal-0026.html,Anderson Humanities Graduate Scholarship,University of Oxford,"USD 29,906",Anytime,"ear 8,208 USD / year Tuition unknown 12 months Maynooth University Maynooth, Ireland 16,417 USD / year 8,208 USD / year Tuition unknown 12 months Featured Sports Chaplaincy (Online) M."
scholarships_html/bigfuture-2001.html,Jewish Educator Scholarship,Woodmont College,Award Amount Varies,1/1/2025,Need-Based: No
scholarships_html/scholarship-1021.html,Trice Family Legacy Award,Scholarships.com,"$ 2,300","January 20, 2026",Scholarships.com Students Scholarship Search College scholarships you qualify for. Scholarship Directory Find scholarships by category. Student Resources Top resources for your scholarship journey. Student Loans Explore loan options to help pay for college.
scholarships_html/scholarship-0909.html,FFA Future Leaders Scholarship,Scholarships.com,"$ 10,000","January 09, 2026",
scholarships_html/internationalscholarships-0082.html,Save The Everglades Scholarship,Florida Realty Marketplace,500,June,1
scholarships_html/bigfuture-1523.html,John and Dawn Dittig Endowed Scholarship,University of South Florida,Award Amount Varies,12/1/2024,Need-Based: No
scholarships_html/mastersportal-0604.html,Dean's Scholarship,Lehigh University,"$ 25,000",01 Jan 2026,full Tuition
scholarships_html/bigfuture-1513.html,CISOGI LGBTQ+ Scholarship,University of South Florida,Award Amount Varies,12/1/2024,Need-Based: No
scholarships_html/scholarships360-1755.html,Rocky Mountain Coal Mining Institute Engineering/Geology Scholarship,,"$ 10,000",This scholarship might not currently be accepting applications. Most scholarship programs only accept applications a few months ahead of their annual deadline. We’ve estimated this deadline based on last year’s deadline,ship Earning this scholarship will help me achieve my educational and career goals by reducing the cost of my full-time tuition.
scholarships_html/bigfuture-1940.html,Alexander DeGance Barnett Endowed Scholarship,Stetson University,Award Amount Varies,1/1/2025,Need-Based: Yes
scholarships_html/scholarships360-0494.html,Ohio College Opportunity Grant (OCOG),,"$ 10,000",This scholarship might not currently be accepting applications. Most scholarship programs only accept applications a few months ahead of their annual deadline. We’ve estimated this deadline based on last year’s deadline,ship Earning this scholarship will help me achieve my educational and career goals by reducing the cost of my full-time tuition.
scholarships_html/bigfuture-1187.html,Richard L. Rachin Graduate Fellowship and Endowment Scholarship,Florida State University,Award Amount Varies,1/1/2025,Need-Based: No
scholarships_html/scholarship-0399.html,Taco Bell Live Más Scholarship,Scholarships.com,"$ 25,000","January 08, 2026",
scholarships_html/bigfuture-0932.html,AAMN Scholarship,American Association for Men in Nursing,"$ 1,000",6/1/2025,Need-Based: Yes
scholarships_html/bigfuture-1202.html,Angels of Mercy Scholarship,Tallahassee State College,Award Amount Varies,1/18/2025,Need-Based: Yes
scholarships_html/mastersportal-0877.html,Aaliyah Lee Scholarship,The National Parent Volunteer Association,"$ 1,000",30 Nov 2025,full Tuition
scholarships_html/mastersportal-0803.html,Richard Annis Scholarship,University of North Dakota,"$ 2,200",01 Mar 2026,full Tuition
scholarships_html/mastersportal-1685.html,Paul and Belle Thomas Scholarship,University of North Dakota,"$ 1,250",01 Mar 2026,"University of North Dakota awards scholarships, bursaries, tuition fee reductions and discounts that help you cover existing tuition and living costs."
scholarships_html/scholarship-0797.html,Allied Van Lines Scholarship,Scholarships.com,"$ 1,000","December 15, 2025",
scholarships_html/scholarships360-0989.html,Lee Thornton Scholarship,,"$ 10,000",This scholarship might not currently be accepting applications. Most scholarship programs only accept applications a few months ahead of their annual deadline. We’ve estimated this deadline based on last year’s deadline,ship Earning this scholarship will help me achieve my educational and career goals by reducing the cost of my full-time tuition.
scholarships_html/scholarships360-1786.html,Anthony H. Simon English Scholarship,,"$ 10,000",This scholarship might not currently be accepting applications. Most scholarship programs only accept applications a few months ahead of their annual deadline. We’ve estimated this deadline based on last year’s deadline,ship Earning this scholarship will help me achieve my educational and career goals by reducing the cost of my full-time tuition.
scholarships_html/mastersportal-0039.html,Scholarship,Moving Mates,"$ 3,000",30 Jun 2025,full Tuition
scholarships_html/internationalscholarships-1538.html,Wentworth Merit Scholarhip,Wentworth Institute of Technology,"$ 1,000",February 15,Variable
scholarships_html/bigfuture-0141.html,Stanley B. and Eileen M. Burns Family Fund at the Community Scholarship,Broward College,Award Amount Varies,1/1/2025,Need-Based : Yes
scholarships_html/mastersportal-1019.html,"Alfred H. Samborn - SSOE, Inc. Scholarship",The University of Toledo,unknown,01 Mar 2026,full Tuition
scholarships_html/internationalscholarships-0683.html,MIT - Zaragoza Master Essay Competition,MIT - Zaragoza Logistics Center,"EUR 24,000",June,1
scholarships_html/scholarships360-0142.html,Vegetarian Video Scholarship,,"$ 10,000","July 15, 2025",ship Earning this scholarship will help me achieve my educational and career goals by reducing the cost of my full-time tuition.
scholarships_html/scholarships360-1397.html,Kiwanis Club San Luis Obispo Scholarship,,"$ 10,000",This scholarship might not currently be accepting applications. Most scholarship programs only accept applications a few months ahead of their annual deadline. We’ve estimated this deadline based on last year’s deadline,ship Earning this scholarship will help me achieve my educational and career goals by reducing the cost of my full-time tuition.
scholarships_html/scholarships360-1494.html,Kim Miller Synchronized Swimming Scholarship,,"$ 10,000",This scholarship might not currently be accepting applications. Most scholarship programs only accept applications a few months ahead of their annual deadline. We’ve estimated this deadline based on last year’s deadline,ship Earning this scholarship will help me achieve my educational and career goals by reducing the cost of my full-time tuition.
scholarships_html/internationalscholarships-0561.html,European Study Abroad Scholarship,GoEuro,"2,000","Tuesday January 31st, 2017",1st
scholarships_html/scholarship-1336.html,ILCA Scholarship Program,Scholarships.com,"$ 10,000","February 07, 2026",
scholarships_html/bigfuture-0326.html,Sal Bosco Memorial Endowed Scholarship,Broward College,Award Amount Varies,1/1/2025,Need-Based: Yes
scholarships_html/bigfuture-0613.html,Daedalian Foundation Descendants' Scholarship,Order of Daedalians,Award Amount Varies,5/1/2025,Need-Based: Yes
scholarships_html/scholarship-1847.html,Mount Mercy University Catherine McAuley Scholarship,Scholarships.com,$ 10,"March 01, 2026",Full tuition
scholarships_html/mastersportal-1744.html,Dr. Stephen W. Robinson Scholarship,University of North Dakota,$ 850,01 Mar 2026,"University of North Dakota awards scholarships, bursaries, tuition fee reductions and discounts that help you cover existing tuition and living costs."
scholarships_html/scholarships360-1243.html,The FHE Health,,"$ 10,000",This scholarship might not currently be accepting applications. Most scholarship programs only accept applications a few months ahead of their annual deadline. We’ve estimated this deadline based on last year’s deadline,ship Earning this scholarship will help me achieve my educational and career goals by reducing the cost of my full-time tuition.
scholarships_html/scholarship-1858.html,Norwegian National League Scholarship,Scholarships.com,"$ 1,500","March 01, 2026",
scholarships_html/mastersportal-0559.html,International Merit Scholarship,University of South Australia,"USD 21,770",Not specified,"ear Tuition unknown 12 months Curtin University Perth, Western Australia, Australia 21,770 USD / year 13,532 USD / year Tuition unknown 12 months Featured Agricultural Systems Major (MSc AgriFoodSecur) M."
scholarships_html/bigfuture-1142.html,Stephen W. Cavanaugh Scholarship,Baton Rouge Area Foundation,"$ 2,000",1/1/2025,Need-Based: No
scholarships_html/scholarship-1050.html,Berea College No-Tuition Promise Scholarship,Scholarships.com,"$ 10,000","January 31, 2026",Berea College No-Tuition Promise Scholarship - Scholarships.
scholarships_html/scholarships360-1527.html,Beverage Industry Scholarship,,"$ 10,000",This scholarship might not currently be accepting applications. Most scholarship programs only accept applications a few months ahead of their annual deadline. We’ve estimated this deadline based on last year’s deadline,ship Earning this scholarship will help me achieve my educational and career goals by reducing the cost of my full-time tuition.
scholarships_html/mastersportal-0749.html,Sam Phillips Memorial Scholarship,Charles Sturt University,"$ 3,000",10 Feb 2026,"Charles Sturt University awards scholarships, bursaries, tuition fee reductions and discounts that help you cover existing tuition and living costs."
scholarships_html/internationalscholarships-1484.html,Adele Filene Purse Student Travel Award,Costume Society of America,$ 500,March 1,Variable
scholarships_html/scholarships360-1756.html,World Concern Scholarship,,"$ 10,000",This scholarship might not currently be accepting applications. Most scholarship programs only accept applications a few months ahead of their annual deadline. We’ve estimated this deadline based on last year’s deadline,ship Earning this scholarship will help me achieve my educational and career goals by reducing the cost of my full-time tuition.
scholarships_html/internationalscholarships-1272.html,Nicholas Appert Award,Institute of Food Technologists,"$ 5,000",December,1
scholarships_html/mastersportal-0561.html,John and Myrtle Tilley Graduate Scholarship,University of Victoria,"USD 17,595",Anytime,Multiple
scholarships_html/bigfuture-1325.html,Julian and Kim MacQueen Scholarship,University of West Florida,Award Amount Varies,3/1/2025,Need-Based: No
scholarships_html/scholarship-0981.html,RTDNA Scholarships & Fellowships,Scholarships.com,"$ 10,000","January 15, 2026",
scholarships_html/scholarships360-0233.html,The ALKU Scholarship,,"$ 10,000","September 25, 2025",ship Earning this scholarship will help me achieve my educational and career goals by reducing the cost of my full-time tuition.
scholarships_html/internationalscholarships-0426.html,Axillary Sentinel Lymph Node Dissection,Tehran University of Medical Sciences,0,May 20th,5
scholarships_html/mastersportal-1292.html,Sarah Caple Award,Goldsmith,"£ 1,000",Anytime,"r Tuition unknown 24 months University of Surrey Guildford, England, United Kingdom 32,969 USD / year 28,436 USD / year Tuition unknown 24 months Featured Audio and Music Technology M."
scholarships_html/bigfuture-0763.html,Peggy Sherrell Memorial Scholarship,Epilepsy Foundation of Kentuckiana,"$ 1,000",3/12/2025,Need-Based: Yes
scholarships_html/mastersportal-1395.html,Biology & Biotechnology Scholars Program,Worcester Polytechnic Institute,"$ 10,000",Not specified,Multiple
scholarships_html/mastersportal-0146.html,Helen E. Akers Postgraduate Scholarship,Massey University,"$ 6,000",10 Mar 2026,"22,193 USD / year Tuition unknown 12 months Victoria University of Wellington Wellington, New Zealand 22,193 USD / year Tuition unknown 12 months Featured Greek M."
scholarships_html/scholarship-1476.html,Anne Moncrief Layman Nursing Scholarship,Scholarships.com,"$ 2,000","February 15, 2026",
scholarships_html/mastersportal-0459.html,Developing Country Scholarships,ESMT Berlin,"€ 10,000",Anytime,Multiple
scholarships_html/internationalscholarships-0940.html,Hong Kong Scholarship For Study In US,The GET Foundation,"$ 5,000",April 15,2
scholarships_html/mastersportal-0733.html,Mildred M. and Ralph R. Gilpin Scholarship,Ball State University,"$ 4,000",15 Jan 2026,full Tuition
scholarships_html/mastersportal-1096.html,Alumni Discount,Coventry University,"USD 49,797",30 Jun 2025,"17,652 USD / year Tuition unknown 12 months Queen Mary University of London Online 49,797 USD / year 17,652 USD / year Tuition unknown 12 months Featured Computer Science (Conversion) M."
scholarships_html/scholarships360-0717.html,Warren Nakupuna Ah Loo Memorial Scholarship,,"$ 10,000",This scholarship might not currently be accepting applications. Most scholarship programs only accept applications a few months ahead of their annual deadline. We’ve estimated this deadline based on last year’s deadline,ship Earning this scholarship will help me achieve my educational and career goals by reducing the cost of my full-time tuition.
scholarships_html/internationalscholarships-0712.html,Fulbright Scholarship for MPA,- Italy Fulbright Commission and SDA Bocconi School of Management,41800 Euro,October,1
scholarships_html/scholarship-0154.html,Korean American Scholarship Foundation-Southern Regional Chapter,Scholarships.com,"$ 5,000","June 30, 2025",
scholarships_html/scholarship-1510.html,Pinnacol Foundation College Scholarship Program,Scholarships.com,"$ 4,700","February 15, 2026",
scholarships_html/bigfuture-2040.html,"DST Systems, Inc. Scholarship",Johnson County Community College,Award Amount Varies,1/1/2025,Need-Based: No
scholarships_html/mastersportal-0930.html,Assistance in Case of Financial Difficulty (LMU Nothilfe),Ludwig-Maximilians-University,€ 650,30 Nov 2025,Multiple
scholarships_html/internationalscholarships-0676.html,MBA Fashion Business (Paris/Shanghai) Scholarship,IFA Paris,EUR 14800,March,1
scholarships_html/mastersportal-1633.html,School of Law Giving Hearts Day Scholarship,University of North Dakota,"$ 2,000",01 Mar 2026,Multiple
scholarships_html/internationalscholarships-0716.html,PhD Position in HPC - Multilevel Scheduling,University of Basel,,,
scholarships_html/scholarship-2166.html,Margaret C. Stednitz Scholarship,Scholarships.com,"$ 1,600","March 15, 2026",
scholarships_html/mastersportal-0909.html,Diane Campbell-Hunt Memorial Award,University of Otago,"$ 1,000",30 Jun 2025,"we can show you the scholarship, visa and tuition information that is most relevant to you)."
scholarships_html/mastersportal-0940.html,P.C. Essay Competition,Brooklyn Injury Attorneys P.C.,$ 500,31 Dec 2025,full Tuition
scholarships_html/scholarship-0370.html,Coca-Cola Scholars Program Scholarship,Scholarships.com,"$ 20,000","September 30, 2025",
scholarships_html/internationalscholarships-1324.html,Navarra Award,Europeo - The Business School of Navarra,"6,950",December,2
scholarships_html/mastersportal-0784.html,Honors Scholarship for master students,HAN University of Applied Sciences,"€ 2,500",Anytime,"r 3,050 USD / year Tuition unknown 24 months Utrecht University Utrecht, Netherlands 28,650 USD / year 3,050 USD / year Tuition unknown 24 months Featured Biomedical Engineering - Mastertrack Regenerative Engineering and Materials M."
scholarships_html/scholarships360-0566.html,Nevada Promise Scholarship,,"$ 10,000",This scholarship might not currently be accepting applications. Most scholarship programs only accept applications a few months ahead of their annual deadline. We’ve estimated this deadline based on last year’s deadline,"Promise Scholarship! As a last-dollar scholarship, the Nevada Promise Scholarship annually covers up to three years of tuition and other mandatory fees (not covered by other gift aid) for incoming CSN students."
scholarships_html/mastersportal-1120.html,Mangoletsi-Potts Scholarship,University of Leeds,"USD 49,797",13 Jul 2025,"17,652 USD / year Tuition unknown 12 months Queen Mary University of London Online 49,797 USD / year 17,652 USD / year Tuition unknown 12 months Featured Computer Science (Conversion) M."
scholarships_html/internationalscholarships-0659.html,Sigma Xi Grants-In-Aid Of Research,"Sigma Xi, The Scientific Research Society",$ 100,March 15; October 15,850-900
scholarships_html/scholarship-1569.html,Beta Sigma Psi - University of Illinois Christian Leadership Award,Scholarships.com,"$ 3,000","February 21, 2026",Scholarships.com Students Scholarship Search College scholarships you qualify for. Scholarship Directory Find scholarships by category. Student Resources Top resources for your scholarship journey. Student Loans Explore loan options to help pay for college.
scholarships_html/bigfuture-0618.html,Annual General Education Scholarship,American Pavilion,"$ 1,000",6/1/2025,Need-Based: No
scholarships_html/internationalscholarships-0838.html,Postdoc Fellowship - Nanotechnology Research Network,Jimma University,"$ 24,000","Amount 25,000","the following: Engineering, Chemistry, Physics, Science and Technology Host Institution Jimma University Includes House allowance Flights Contact Information You must be logged in to view contact information."
scholarships_html/mastersportal-1472.html,MSc Applied AI and Data Science Scholarship,Solent University,"£ 10,000",30 Aug 2025,"Solent University awards scholarships, bursaries, tuition fee reductions and discounts that help you cover existing tuition and living costs."
scholarships_html/bigfuture-1749.html,American Indian Scholarship of Southern California,American Indian Scholarship Fund of Southern California,"$ 1,000",1/1/2025,Need-Based: Yes
scholarships_html/scholarships360-0874.html,Beck,,"$ 10,000",This scholarship might not currently be accepting applications. Most scholarship programs only accept applications a few months ahead of their annual deadline. We’ve estimated this deadline based on last year’s deadline,ship Earning this scholarship will help me achieve my educational and career goals by reducing the cost of my full-time tuition.
scholarships_html/internationalscholarships-0873.html,GE/NMF International Medical Scholars Program,"National Medical Fellowships, Inc.","$ 5,000","September 26,",14
scholarships_html/bigfuture-0074.html,Geoscience IDEA Scholarship,Association for Women Geoscientists,"$ 2,500",4/1/2025,Need-Based : No
scholarships_html/bigfuture-0163.html,Joseph Fink Memorial Endowed Scholarship,Broward College,Award Amount Varies,1/1/2025,Need-Based : Yes
scholarships_html/scholarship-1066.html,DAR Occupational/Physical Therapy Scholarship,Scholarships.com,"$ 5,000","January 31, 2026",
scholarships_html/scholarship-0623.html,UVI Free Tuition Plus,Scholarships.com,"$ 10,000","October 30, 2025",UVI Free Tuition Plus - Scholarships.
scholarships_html/scholarship-2071.html,Pacific Gas & Electric Company Asian ERG Scholarship,Scholarships.com,"$ 3,000","March 14, 2026",
scholarships_html/bigfuture-0753.html,"Helen F. Nicloy, CEOE, Member Scholarship",New York State Association of Educational Office Professionals,$ 500,5/15/2025,Need-Based: Yes
scholarships_html/scholarships360-1286.html,CIEF Scholarships in Architecture,,"$ 10,000",This scholarship might not currently be accepting applications. Most scholarship programs only accept applications a few months ahead of their annual deadline. We’ve estimated this deadline based on last year’s deadline,ship Earning this scholarship will help me achieve my educational and career goals by reducing the cost of my full-time tuition.
scholarships_html/internationalscholarships-0718.html,Pierre M. Coupet Scholarship Fund,Virtual Organization Management Institute (VOMI),"$ 36,195",Rolling,to 100 a year
scholarships_html/bigfuture-1086.html,Dona R. Cormier Internship in Criminology Scholarship - Fall,Florida State University,Award Amount Varies,6/1/2025,Need-Based: No
scholarships_html/internationalscholarships-0567.html,A Travel Grant to Discover Stockholm School of Economics,Economics,",000 SEK","November 30th 2016, 22:59:59 UTC",1
scholarships_html/internationalscholarships-0316.html,Dissertation Fellowship,Harry Frank Guggenheim Foundation,"$ 20,000",,Applications are evaluated in comparison with each other and not in competition with proposals for our research grant.
scholarships_html/mastersportal-0436.html,Global Scholarship,Rikkyo University,"JPY 600,000",28 Nov 2025,Multiple
scholarships_html/internationalscholarships-0609.html,"o de Leiria, Portugal",Politecnico de Leiria - Sqore.com,500,"June 19th 2016, 22:59:59 UTC",1
scholarships_html/scholarships360-1676.html,Western Reserve Herb Society Scholarship,,"$ 10,000",This scholarship might not currently be accepting applications. Most scholarship programs only accept applications a few months ahead of their annual deadline. We’ve estimated this deadline based on last year’s deadline,ship Earning this scholarship will help me achieve my educational and career goals by reducing the cost of my full-time tuition.
scholarships_html/scholarship-2047.html,AMS Freshman Undergraduate Scholarship,Scholarships.com,"$ 5,000","March 14, 2026","The scholarship stipend is $5000, awarding $2500 each year for the freshman and sophomore years."
scholarships_html/bigfuture-1087.html,Florida Sheriffs Association Law Enforcement Academy Scholarship - Fall,Florida State University,Award Amount Varies,6/1/2025,Need-Based: No
scholarships_html/mastersportal-1237.html,Ernest Henderson Mathematics Scholarship,Algonquin College,"USD 17,698",Not specified,Multiple
scholarships_html/scholarships360-1875.html,Jean & Jim Gulley Texas Tech Scholarship,,"$ 10,000",This scholarship might not currently be accepting applications. Most scholarship programs only accept applications a few months ahead of their annual deadline. We’ve estimated this deadline based on last year’s deadline,ship Earning this scholarship will help me achieve my educational and career goals by reducing the cost of my full-time tuition.
scholarships_html/mastersportal-0937.html,MDU Resources Foundation Scholarship,University of North Dakota,$ 500,01 Mar 2026,full Tuition
scholarships_html/bigfuture-0416.html,Raven Fund General Scholarship,The CIRI Foundation,"$ 6,000",4/1/2025,Need-Based : No
scholarships_html/scholarships360-1629.html,Samsung@First Scholarship,,"$ 10,000",This scholarship might not currently be accepting applications. Most scholarship programs only accept applications a few months ahead of their annual deadline. We’ve estimated this deadline based on last year’s deadline,ship Earning this scholarship will help me achieve my educational and career goals by reducing the cost of my full-time tuition.
scholarships_html/scholarship-0220.html,Prince Kuhio Hawaiian Civic Club Scholarships,Scholarships.com,$ 500,"July 13, 2025",
scholarships_html/scholarship-1224.html,Northwestern Mutual Childhood Cancer Survivor,Scholarships.com,"$ 5,000","February 01, 2026",
scholarships_html/scholarship-0943.html,AQHA Journalism or Communications Scholarship,Scholarships.com,"$ 32,000","January 15, 2026",
scholarships_html/scholarships360-0523.html,Pre-Veterinary Student Scholarship,,"$ 10,000",This scholarship might not currently be accepting applications. Most scholarship programs only accept applications a few months ahead of their annual deadline. We’ve estimated this deadline based on last year’s deadline,ship Earning this scholarship will help me achieve my educational and career goals by reducing the cost of my full-time tuition.
scholarships_html/internationalscholarships-0161.html,PhD Positions in Analog/RF/Microwave/Mixed-Signal IC Design & Microelectronics,"Ozyegin University, Istabul","$ 1,000",December 31,7
scholarships_html/scholarship-1663.html,SVCF Abby Sobrato Scholarship for LCPA Alumni,Scholarships.com,"$ 5,000","February 28, 2026",
scholarships_html/scholarship-1232.html,Temple University Academic Merit Scholarships,Scholarships.com,"$ 40,000","February 01, 2026",
scholarships_html/bigfuture-0839.html,Charles D. Lewis Memorial Endowed Scholarship,Bellevue University,$ 900,6/4/2025,Need-Based: Yes
scholarships_html/mastersportal-0698.html,Scotiabank International Partner Entrance Scholarships,George Brown College,"$ 5,000",Not specified,Multiple
scholarships_html/scholarships360-1006.html,Army Women’s Foundation Legacy Scholarship,,"$ 10,000",This scholarship might not currently be accepting applications. Most scholarship programs only accept applications a few months ahead of their annual deadline. We’ve estimated this deadline based on last year’s deadline,ship Earning this scholarship will help me achieve my educational and career goals by reducing the cost of my full-time tuition.
scholarships_html/mastersportal-1973.html,Dept. of Political Science and Public Administration Nonprofit Scholarship,The University of Alabama at Birmingham,unknown,Anytime,"year Tuition unknown 18 months Indiana Wesleyan University Online 13,800 USD / year 13,800 USD / year 13,800 USD / year Tuition unknown 18 months School Administration M."
scholarships_html/bigfuture-0508.html,Soldiers' and Sailors,Indiana Commission for Higher Education,Award Amount Varies,10/1/2024,Need-Based: No
scholarships_html/scholarship-1104.html,Nellie Love Butcher Music Scholarship,Scholarships.com,"$ 20,000","January 31, 2026",
scholarships_html/scholarships360-1118.html,"Albert G. Lassuy Diversity, Equity, and Inclusion Scholarship",,"$ 10,000",This scholarship might not currently be accepting applications. Most scholarship programs only accept applications a few months ahead of their annual deadline. We’ve estimated this deadline based on last year’s deadline,ship Earning this scholarship will help me achieve my educational and career goals by reducing the cost of my full-time tuition.
scholarships_html/mastersportal-0357.html,IOE Centenary Master's Scholarships,UCL,"USD 31,141",Not specified,full tuition
scholarships_html/internationalscholarships-0457.html,The Edinburgh MBA - Leadership Scholarship,Edinburgh Business School,"£ 10,000",,
scholarships_html/scholarship-0111.html,Dr. Omega Logan Silva Scholarship,Scholarships.com,"$ 20,000","January 06, 2026",
scholarships_html/internationalscholarships-0382.html,International Student Merit Scholarship,Saint Martin's University,"$ 5,000",,varies
scholarships_html/bigfuture-1591.html,Rose Family Scholarship - Fall,Johnson County Community College,Award Amount Varies,1/1/2025,Need-Based: No
scholarships_html/mastersportal-1206.html,Federation Excellence Scholarship,Federation University Australia,"USD 21,918",Anytime,"ear Tuition unknown 12 months Curtin University Perth, Western Australia, Australia 21,918 USD / year 13,624 USD / year Tuition unknown 12 months Featured Agricultural Systems Major (MSc AgriFoodSecur) M."
scholarships_html/scholarship-0461.html,USRA Distinguished Undergraduate Awards,Scholarships.com,"$ 5,000","August 07, 2025",Scholarships.com Students Scholarship Search College scholarships you qualify for. Scholarship Directory Find scholarships by category. Student Resources Top resources for your scholarship journey. Student Loans Explore loan options to help pay for college.
scholarships_html/bigfuture-0879.html,Non-Traditional Student Scholarship,Missouri Society of Professional Surveyors,$ 500,5/1/2025,Need-Based : Yes
scholarships_html/scholarship-0372.html,Daniels Scholarship Program,Scholarships.com,"$ 304,236","October 18, 2025",
scholarships_html/bigfuture-1067.html,BBB Ethical Torch Essay-San Diego & Imperial Counties Scholarship,Better Business Bureau Serving the Pacific Southwest,"$ 1,500",6/17/2025,Need-Based: No
scholarships_html/scholarships360-1060.html,Princeton Prize in Race Relations,,"$ 10,000",This scholarship might not currently be accepting applications. Most scholarship programs only accept applications a few months ahead of their annual deadline. We’ve estimated this deadline based on last year’s deadline,ship Earning this scholarship will help me achieve my educational and career goals by reducing the cost of my full-time tuition.
scholarships_html/mastersportal-1492.html,Bradley de Glehn Philosophy Scholarship,Royal Holloway University of London,"£ 9,600",Not specified,About Royal Holloway University of London has a great range of scholarships that provide cash awards or a reduction in tuition fees.
scholarships_html/scholarships360-1708.html,GFWC Music Scholarship for Undergraduate Study,,"$ 10,000",This scholarship might not currently be accepting applications. Most scholarship programs only accept applications a few months ahead of their annual deadline. We’ve estimated this deadline based on last year’s deadline,ship Earning this scholarship will help me achieve my educational and career goals by reducing the cost of my full-time tuition.
scholarships_html/bigfuture-0811.html,Gannon Scholarship,California Nurses Association,Award Amount Varies,5/15/2025,Need-Based : No
scholarships_html/mastersportal-0344.html,American Pathway for International Scholars,DeVry University,$ 257,Anytime,full Tuition
scholarships_html/scholarships360-1846.html,Georgia Harkness Scholarships,,"$ 10,000",This scholarship might not currently be accepting applications. Most scholarship programs only accept applications a few months ahead of their annual deadline. We’ve estimated this deadline based on last year’s deadline,ship Earning this scholarship will help me achieve my educational and career goals by reducing the cost of my full-time tuition.
scholarships_html/bigfuture-0640.html,Scholarship,Napa County Hispanic Network College,"$ 2,500",5/1/2025,Need-Based: No
scholarships_html/internationalscholarships-0936.html,Career Development Awards (CDA) -,Juvenile Diabetes Foundation International,$ 150,September 15,Variable
scholarships_html/mastersportal-1635.html,Lowell & Marjorie Swenson Aviation Scholarship,University of North Dakota,"$ 2,000",01 Mar 2026,"University of North Dakota awards scholarships, bursaries, tuition fee reductions and discounts that help you cover existing tuition and living costs."
scholarships_html/internationalscholarships-1321.html,HBCU Packard Scholarship,HBCU Packard Scholarship,,15,Variable
scholarships_html/bigfuture-1848.html,William T. Jerome III Community Service Scholarship,Florida International University,$ 500,1/1/2025,Need-Based: Yes
scholarships_html/bigfuture-0941.html,Merit Scholarship,National Federation of the Blind of Texas,Award Amount Varies,6/1/2025,Need-Based : Yes
scholarships_html/internationalscholarships-1339.html,Of Minnesota Torske Klubben Fellowship,Torske Klubben of Minneapolis,"$ 15,000",March 1,4
scholarships_html/bigfuture-1416.html,Ronald N. & Valmae Besser Theatre Scholarship,University of West Florida,Award Amount Varies,3/1/2025,Need-Based: No
scholarships_html/scholarships360-1050.html,Member Chapter Technology Scholarship,,"$ 10,000",This scholarship might not currently be accepting applications. Most scholarship programs only accept applications a few months ahead of their annual deadline. We’ve estimated this deadline based on last year’s deadline,ship Earning this scholarship will help me achieve my educational and career goals by reducing the cost of my full-time tuition.
scholarships_html/scholarship-0427.html,College of Wooster Music Scholarships,Scholarships.com,"$ 32,000","December 15, 2025","1 or February 15 The maximum annual amount of Wooster merit scholarship is $43,000 annually and can be applied only to tuition charges."
scholarships_html/bigfuture-1195.html,Associated Marine Institute (AMI) Scholarship,Tall,Award Amount Varies,1/18/2025,Need-Based: No
scholarships_html/internationalscholarships-0728.html,Scholarship for Doctoral Degree in Sociology,Ural federal University,5000,,
scholarships_html/mastersportal-1545.html,Justice Health Custodial Health Excellence Scholarship,University of Edinburgh,"$ 5,000",05 Mar 2026,Multiple
scholarships_html/mastersportal-1320.html,L.E. Frances Druce Scholarship in Music,University of Victoria,"USD 20,351",Anytime,ip in Music View relevant masters Find related programmes Bachelor Phd Specific discipline Disciplines Various benefits Grant Canada Location Anytime Application deadline About UVic provides awards to graduate students of high academic standing.
scholarships_html/mastersportal-0332.html,Recruitment Scholarship,Valar Institute,"USD 27,940",Anytime,full Tuition
scholarships_html/mastersportal-1437.html,Impact EMBA Scholarship,ESMT Berlin,"€ 17,800",Anytime,"ESMT Berlin awards scholarships, bursaries, tuition fee reductions and discounts that help you cover existing tuition and living costs."
scholarships_html/mastersportal-0403.html,Dean's Scholarship for Academic Excellence,"City, University of London","USD 34,708",16 Jun 2026,"City, University of London awards scholarships, bursaries, tuition fee reductions and discounts that help you cover existing tuition and living costs."
scholarships_html/mastersportal-1141.html,Oh no! You lost your internet connection...,,,,
scholarships_html/scholarship-0587.html,Lithuanian Foundation Scholarship,Scholarships.com,"$ 7,500","October 01, 2025",
scholarships_html/bigfuture-0235.html,Elaine P. Krupnick Endowed Scholarship,Browadr College,Award Amount Varies,1/1/2025,Need-Based: No
scholarships_html/mastersportal-1080.html,Alumni Progression Scholarship Funding,Newcastle University,"£ 1,000",Anytime,"on unknown 12 months Sheffield Hallam University Sheffield, England, United Kingdom 24,349 USD / year 12,707 USD / year Tuition unknown 12 months Featured Translation and Interpreting Studies M."
scholarships_html/internationalscholarships-1348.html,Gordon I. & Marilyn Atwater Memorial Grants-In-Aid,American Association of Petroleum Geologists Foundation,"$ 2,000",January 15,2
scholarships_html/scholarship-1226.html,Post University Malcolm Baldrige Scholarship,Scholarships.com,"$ 130,096","February 01, 2026",
scholarships_html/scholarships360-2011.html,Jeptha Wade Schureman Scholarship Program,,"$ 10,000",This scholarship might not currently be accepting applications. Most scholarship programs only accept applications a few months ahead of their annual deadline. We’ve estimated this deadline based on last year’s deadline,ship Earning this scholarship will help me achieve my educational and career goals by reducing the cost of my full-time tuition.
scholarships_html/scholarship-1965.html,Washington HECB American Indian Endowed Scholarship,Scholarships.com,"$ 2,000","March 03, 2026",
scholarships_html/scholarship-2049.html,BBB Military Line Ethics Scholarship,Scholarships.com,"$ 2,500","March 14, 2026",
scholarships_html/scholarship-0563.html,New Jersey Tuition Aid Grant,Scholarships.com,"10,000","September 15, 2025",New Jersey Tuition Aid Grant - Scholarships.
scholarships_html/bigfuture-1561.html,Black Faculty & Staff Association Endowed Scholarship,University of South Florida,Award Amount Varies,12/1/2024,Need-Based: Yes
scholarships_html/scholarship-1098.html,Mildred Nutting Nursing Scholarship,Scholarships.com,"$ 2,000","January 31, 2026",
scholarships_html/mastersportal-0765.html,Global Opportunities Regional Scholarship,University of Wolverhampton,"£ 3,000",31 Jul 2025,"University of Wolverhampton awards scholarships, bursaries, tuition fee reductions and discounts that help you cover existing tuition and living costs."
scholarships_html/internationalscholarships-0128.html,Home Town Essay Scholarship,HoustonMovers.com,$,September,1
scholarships_html/mastersportal-0156.html,John Hodgson Pastoral Science Scholarship,Massey University,"$ 5,000",10 Mar 2026,"22,193 USD / year Tuition unknown 12 months Victoria University of Wellington Wellington, New Zealand 22,193 USD / year Tuition unknown 12 months Featured Greek M."
scholarships_html/mastersportal-1587.html,Kenneth Gunder Harstad Scholarship,University of North Dakota,"$ 3,000",01 Mar 2026,Multiple
scholarships_html/scholarships360-0050.html,Zack Zolin Athletic Scholarship,,"$ 10,000",This scholarship might not currently be accepting applications. Most scholarship programs only accept applications a few months ahead of their annual deadline. We’ve estimated this deadline based on last year’s deadline,ship Earning this scholarship will help me achieve my educational and career goals by reducing the cost of my full-time tuition.
scholarships_html/scholarship-2088.html,911 Promise Scholarship,Scholarships.com,"$ 15,000","March 15, 2026",
scholarships_html/internationalscholarships-0580.html,Challenge,Istituto Marangoni,€ 15.000,August 20th 22.59,Unlimited
scholarships_html/scholarship-0489.html,Flight Attendants/Flight Technicians Scholarship,Scholarships.com,$ 500,"July 27, 2025",
scholarships_html/scholarship-2190.html,Sachs Foundation Undergraduate Scholarship,Scholarships.com,"$ 50,000","March 15, 2026",
scholarships_html/scholarship-0067.html,Florida Bright Futures Scholarship Program,Scholarships.com,$ 1,"August 31, 2025",full tuition
scholarships_html/scholarship-1524.html,The Ohio State President’s Affordability Grant,Scholarships.com,"$ 9,000","February 15, 2026",The Ohio State President’s Affordability Grant - Scholarships.
scholarships_html/scholarships360-0425.html,Endowed Scholarship,,"$ 10,000",This scholarship might not currently be accepting applications. Most scholarship programs only accept applications a few months ahead of their annual deadline. We’ve estimated this deadline based on last year’s deadline,ship Earning this scholarship will help me achieve my educational and career goals by reducing the cost of my full-time tuition.
scholarships_html/scholarships360-2125.html,North Carolina American Indian Fund Scholarship,,"$ 10,000",This scholarship might not currently be accepting applications. Most scholarship programs only accept applications a few months ahead of their annual deadline. We’ve estimated this deadline based on last year’s deadline,ship Earning this scholarship will help me achieve my educational and career goals by reducing the cost of my full-time tuition.
scholarships_html/internationalscholarships-0833.html,Microscholarship,International Student Voice Magazine,$,17 at 5 p.m,10
scholarships_html/scholarships360-0168.html,Emily’s Light Cystic Fibrosis Foundation Scholarship,,"$ 10,000","July 31, 2025",ship Earning this scholarship will help me achieve my educational and career goals by reducing the cost of my full-time tuition.
scholarships_html/bigfuture-0310.html,Barbara Evertz Memorial Endowed Scholarship,Broward College,Award Amount Varies,1/1/2025,Need-Based: No
scholarships_html/scholarships360-0250.html,Redbird Academic Scholarship,,"$ 10,000","November 1, 2025",ship Earning this scholarship will help me achieve my educational and career goals by reducing the cost of my full-time tuition.
scholarships_html/scholarship-1276.html,CIEF Scholarships in Architecture,Scholarships.com,"$ 20,000","February 06, 2026",Each of the five scholarships has an annual award per recipient to help defray tuition and expenses.
scholarships_html/scholarships360-1617.html,Wischer Scholarship,,"$ 10,000",This scholarship might not currently be accepting applications. Most scholarship programs only accept applications a few months ahead of their annual deadline. We’ve estimated this deadline based on last year’s deadline,ship Earning this scholarship will help me achieve my educational and career goals by reducing the cost of my full-time tuition.
scholarships_html/scholarship-1650.html,Robert Miller Scholarship,Scholarships.com,"$ 1,000","February 28, 2026",
scholarships_html/bigfuture-0013.html,Dr. Susan B. Hassmiller Nursing Scholarship,Broward College,Award Amount Varies,1/1/2025,Need-Based: Yes
scholarships_html/internationalscholarships-1107.html,Raymond Davis Scholarship,Society for Imaging Science and Technology,$,October,1
scholarships_html/scholarship-1937.html,Cyril Smith Scholarship,Scholarships.com,$ 10,"March 03, 2026",
scholarships_html/scholarships360-1158.html,Brock Grain Systems Scholarship,,"$ 10,000",This scholarship might not currently be accepting applications. Most scholarship programs only accept applications a few months ahead of their annual deadline. We’ve estimated this deadline based on last year’s deadline,ship Earning this scholarship will help me achieve my educational and career goals by reducing the cost of my full-time tuition.
scholarships_html/mastersportal-1223.html,Adelson-NSDAR Scholarship,Eastern Michigan University,unknown,Not specified,full Tuition
scholarships_html/internationalscholarships-0031.html,Scholarships,Zawadi Africa Educational Fund,Varies,Open,Multiple
scholarships_html/internationalscholarships-1454.html,Emergency Preparedness Canada Research Fellowship,Association of Universities and Colleges of Canada,"$ 13,500",March,1
scholarships_html/scholarships360-1159.html,The Harlan K. Ullman Scholarship,,"$ 10,000",This scholarship might not currently be accepting applications. Most scholarship programs only accept applications a few months ahead of their annual deadline. We’ve estimated this deadline based on last year’s deadline,ship Earning this scholarship will help me achieve my educational and career goals by reducing the cost of my full-time tuition.
scholarships_html/scholarships360-1540.html,Eldon E. and Ruth N. Veirs Scholarship,,"$ 10,000",This scholarship might not currently be accepting applications. Most scholarship programs only accept applications a few months ahead of their annual deadline. We’ve estimated this deadline based on last year’s deadline,ship Earning this scholarship will help me achieve my educational and career goals by reducing the cost of my full-time tuition.
scholarships_html/bigfuture-0693.html,Graduating H.S. Senior Scholarship,100 Black Men of the Bay Area,Award Amount Varies,5/1/2025,Need-Based: Yes
scholarships_html/mastersportal-1046.html,Derrick Rowlandson Memorial Award,Athabasca University,"USD 17,698",30 Sep 2025,Multiple
scholarships_html/bigfuture-1712.html,Helen J. Kaiser Endowed Scholarship,Ste,Award Amount Varies,1/1/2025,Need-Based: No
scholarships_html/scholarship-1372.html,National AG Day Essay Contest,Scholarships.com,"$ 1,500","February 07, 2026",
scholarships_html/bigfuture-1074.html,Women's Health Advocacy Scholarship,Latino Medical Student Association-Northeast,"$ 1,000",6/20/2025,Need-Based: No
scholarships_html/internationalscholarships-1073.html,School Of Environment And Development President's Doctoral Scholar Awards,"School of Environment & Develpoment, University of Manchester",Variable,Unrestricted,2
scholarships_html/internationalscholarships-0624.html,Summer School Grand Talent Award,HEC Paris,EUR 500,22 April 2016,1
scholarships_html/mastersportal-1831.html,Dr. Gene K. Richard Chemistry Department Scholarship,The University of Toledo,unknown,01 Mar 2026,Multiple
scholarships_html/bigfuture-1539.html,Dr. Richard T. Bowers Memorial Scholarship,University of South Florida,Award Amount Varies,12/1/2024,Need-Based: Yes
scholarships_html/internationalscholarships-1016.html,Student Traineeships,Cystic Fibrosis Foundation,"$ 1,500",Unrestricted,Variable
scholarships_html/bigfuture-1567.html,Drs. James & JoEllen Carlson Endowed Scholarship,University of South Florida,Award Amount Varies,12/1/2024,Need-Based: No
scholarships_html/bigfuture-0456.html,"Ruth Harrell Capp, M.D. Scholarship",Pima Community College Foundation,$ 750,3/1/2025,Need-Based: No
scholarships_html/internationalscholarships-0950.html,IWC Masters Scholarships,International WaterCentre,"$ 44,400",August 1,Variable
scholarships_html/bigfuture-0220.html,CSIT Scholarship,Broward College,Award Amount Varies,1/1/2025,Need-Based: No
scholarships_html/scholarships360-0023.html,Balanced Man Scholarship,,"$ 10,000","September 12, 2025",ship Earning this scholarship will help me achieve my educational and career goals by reducing the cost of my full-time tuition.
scholarships_html/mastersportal-0031.html,Global Scholarship Program (GSP),Chungnam National University,USD 733,Not specified,Full tuition
scholarships_html/mastersportal-1095.html,ESC Clermont Early Bird Scholarship,Clermont Business School,"USD 18,204",30 Jun 2025,"ear 18,204 USD / year Tuition unknown 15 months NEOMA Business School Reims, France 18,204 USD / year 18,204 USD / year Tuition unknown 15 months Featured Sustainable Manufacturing and Advanced Technologies (SMAT) M."
scholarships_html/scholarships360-0644.html,Elevate Women in Technology Scholarship,"New Brunswick Somerset, NJ Rory Angelus University of Florida St. Augustine, FL Anisha Kundu University of North Carolina at Chapel Hill Charlotte, NC McKayla Davis Sprayberry",$ 500,"Aug 1, 2025",
scholarships_html/mastersportal-1654.html,Centre for Sustainable Development Scholarship for MSc Sustainability,University of Strathclyde,"£ 2,000",Anytime,"University of Strathclyde awards scholarships, bursaries, tuition fee reductions and discounts that help you cover existing tuition and living costs."
scholarships_html/scholarship-0439.html,Notre Dame of Maryland University Art Scholarship Competition,Scholarships.com,"$ 20,000","February 01, 2026",
scholarships_html/scholarship-0580.html,TrophyCentral Sportsmanship Scholarship Award,Scholarships.com,"$ 1,000","September 30, 2025",Scholarships.com Students Scholarship Search College scholarships you qualify for. Scholarship Directory Find scholarships by category. Student Resources Top resources for your scholarship journey. Student Loans Explore loan options to help pay for college.
scholarships_html/mastersportal-2086.html,Angus M. Robertson Award,Algonquin College,"USD 27,637",Not specified,"ssissippi State University Starkville, Mississippi, United States 27,637 USD / year 27,637 USD / year 10,052 USD / year Tuition unknown 24 months Early Childhood Education M."
scholarships_html/bigfuture-1399.html,Maude Bullock Smith Scholarship,University of West Florida,Award Amount Varies,3/1/2025,Need-Based: No
scholarships_html/internationalscholarships-1113.html,Jesse Marvin Unruh Assembly Fellowship,Jesse Marvin Unruh Assembly Fellowship Program,"$ 1,882",March 1,18
scholarships_html/scholarships360-1688.html,Greater Steps Scholars Program,,"$ 10,000",This scholarship might not currently be accepting applications. Most scholarship programs only accept applications a few months ahead of their annual deadline. We’ve estimated this deadline based on last year’s deadline,ship Earning this scholarship will help me achieve my educational and career goals by reducing the cost of my full-time tuition.
scholarships_html/mastersportal-1346.html,Nora and Mark de Goutiere Memorial Scholarship,University of Victoria,"USD 19,046",Anytime,Multiple
scholarships_html/scholarships360-1673.html,Ted and Clara Gentry Memorial Scholarship,,"$ 10,000",This scholarship might not currently be accepting applications. Most scholarship programs only accept applications a few months ahead of their annual deadline. We’ve estimated this deadline based on last year’s deadline,ship Earning this scholarship will help me achieve my educational and career goals by reducing the cost of my full-time tuition.
scholarships_html/scholarship-1444.html,Fisher House Foundation Scholarships for Military Children,Scholarships.com,"$ 2,000","February 12, 2026",
scholarships_html/mastersportal-1648.html,Varley Memorial Award,Royal College of Art,"£ 2,000",Anytime,"/ On campus 23,580 USD / year Free Tuition unknown 24 months Aalto University Helsinki, Finland 23,580 USD / year Free Tuition unknown 24 months Media and Strategic Communication M."
scholarships_html/bigfuture-0483.html,Mary Marshall Nursing Scholarship for Registered Nurses,Virginia Department of Health,Award Amount Varies,5/1/2025,Need-Based: Yes
scholarships_html/bigfuture-1230.html,Performing Arts Theatre Scholarship,National Society of High School Scholars,"$ 2,000",3/26/2025,Need-Based: No
scholarships_html/mastersportal-0887.html,William and Janet McSparron Scholarship,University of North Dakota,"$ 1,000",01 Mar 2026,full Tuition
scholarships_html/scholarships360-0942.html,AQHF Youth Scholarship,,"$ 10,000",This scholarship might not currently be accepting applications. Most scholarship programs only accept applications a few months ahead of their annual deadline. We’ve estimated this deadline based on last year’s deadline,ship Earning this scholarship will help me achieve my educational and career goals by reducing the cost of my full-time tuition.
scholarships_html/internationalscholarships-0878.html,GSSI Computer Science PhD,GSSI - Gran Sasso Science Institute,"€ 16,160",July 15,10
scholarships_html/mastersportal-1086.html,Entrepreneurial Impact Scholarship,Hult International Business School,"USD 41,143",31 Jul 2025,partial tuition
scholarships_html/scholarships360-0732.html,Society of Yeager Scholars,,"$ 10,000",This scholarship might not currently be accepting applications. Most scholarship programs only accept applications a few months ahead of their annual deadline. We’ve estimated this deadline based on last year’s deadline,Full tuition
scholarships_html/mastersportal-0361.html,Scholarship for one additional term following the standard period of study,Aalto University,"USD 12,313",Anytime,Full tuition
scholarships_html/mastersportal-0671.html,UAL International Postgraduate Scholarships,University of the Arts London (UAL),"£ 7,000",31 Oct 2025,"University of the Arts London (UAL) awards scholarships, bursaries, tuition fee reductions and discounts that help you cover existing tuition and living costs."
scholarships_html/mastersportal-2048.html,Paul M. Bishop and Family Endowed Award,Central Michigan University,unknown,Not specified,Multiple
scholarships_html/internationalscholarships-0206.html,Graduate Research Assistant Grant - South Korea,National Research Foundation of Korea,"1,200,000",ASAP,2
scholarships_html/scholarships360-1941.html,Digital Marketing Scholarship,,"$ 10,000",This scholarship might not currently be accepting applications. Most scholarship programs only accept applications a few months ahead of their annual deadline. We’ve estimated this deadline based on last year’s deadline,ship Earning this scholarship will help me achieve my educational and career goals by reducing the cost of my full-time tuition.
scholarships_html/mastersportal-1669.html,Margaret S. McCready Memorial Scholarship,University of Guelph,"$ 1,500",01 Feb 2026,Multiple
scholarships_html/scholarships360-1794.html,Sidney Moughon Texas A&M Scholarship,,"$ 10,000",This scholarship might not currently be accepting applications. Most scholarship programs only accept applications a few months ahead of their annual deadline. We’ve estimated this deadline based on last year’s deadline,ship Earning this scholarship will help me achieve my educational and career goals by reducing the cost of my full-time tuition.
scholarships_html/bigfuture-0755.html,Higher Education Program,Bristol Bay Native Association,Award Amount Varies,7/15/2024,Need-Based: Yes
scholarships_html/internationalscholarships-0406.html,Int'l Education Award,Troy University,"$ 5,500","April 1st for fall, Nov. 1st for spring",Varies
scholarships_html/scholarship-1332.html,Health Tech Scholarship,Scholarships.com,"$ 5,000","February 07, 2026",
scholarships_html/scholarships360-0828.html,Fred R. McDaniel Memorial Scholarship,,"$ 10,000",This scholarship might not currently be accepting applications. Most scholarship programs only accept applications a few months ahead of their annual deadline. We’ve estimated this deadline based on last year’s deadline,ship Earning this scholarship will help me achieve my educational and career goals by reducing the cost of my full-time tuition.
scholarships_html/mastersportal-1667.html,Olson Family Scholarship,University of North Dakota,"$ 1,500",01 Mar 2026,Multiple
scholarships_html/internationalscholarships-0921.html,Recycling Scholarship,CansCount.org,$ 500,December,1
scholarships_html/bigfuture-2056.html,Albert A. and Rebecca J. Savill Endowed Golf Scholarship,Stetson University,Award Amount Varies,1/1/2025,Need-Based: No
scholarships_html/bigfuture-0283.html,Witt for Construction Scholarship,Pima Community College Foundation,$ 750,3/1/2025,Need-Based: No
scholarships_html/scholarships360-2070.html,WROF Premier Scholarship,,"$ 10,000",This scholarship might not currently be accepting applications. Most scholarship programs only accept applications a few months ahead of their annual deadline. We’ve estimated this deadline based on last year’s deadline,ship Earning this scholarship will help me achieve my educational and career goals by reducing the cost of my full-time tuition.
scholarships_html/bigfuture-1356.html,Pensacola Charity Volunteers Bea Grow Memorial Scholarship,University of West Florida,Award Amount Varies,3/1/2025,Need-Based: Yes
scholarships_html/bigfuture-1946.html,Montana American Indian Undergraduate Scholarship,Office of the Commissioner of Higher Education,Award Amount Varies,1/1/2025,Need-Based: Yes
scholarships_html/scholarship-1221.html,Mycological Society of America Awards,Scholarships.com,"$ 10,000","February 01, 2026",Scholarships.com Students Scholarship Search College scholarships you qualify for. Scholarship Directory Find scholarships by category. Student Resources Top resources for your scholarship journey. Student Loans Explore loan options to help pay for college.
scholarships_html/internationalscholarships-0929.html,Travel Awards,Royal College of Obstetricians and Gynecologists,,May 25,Variable
scholarships_html/internationalscholarships-0761.html,Teach Seniors Technology Scholarship,DoSomething.org and AARP Foundation's Mentor Up,$,January,1
scholarships_html/bigfuture-1853.html,St. Luke's Foundation Pre Med Scholarship,Stetson University,Award Amount Varies,1/1/2025,Need-Based: No
scholarships_html/scholarships360-0841.html,Memorial,,"$ 10,000",This scholarship might not currently be accepting applications. Most scholarship programs only accept applications a few months ahead of their annual deadline. We’ve estimated this deadline based on last year’s deadline,ship Earning this scholarship will help me achieve my educational and career goals by reducing the cost of my full-time tuition.
scholarships_html/bigfuture-1097.html,Martha Guerra-Arteaga Scholarship,National Organization of Professional Hispanic Natural Resources Conservation Service Employees,"$ 1,000",6/27/2025,Need-Based: No
scholarships_html/scholarship-0036.html,Sponsoring True Advocacy for Challenged Youth Scholarship,Scholarships.com,"$ 1,000","September 15, 2025",00 scholarship to help fund their college tuition and/or miscellaneous education expenses.
scholarships_html/bigfuture-1002.html,Phi Theta Kappa Scholarship,Eckerd College,"$ 2,000",1/1/2025,Need-Based: No
scholarships_html/internationalscholarships-1065.html,Harry Levin Financial Aid,Instituto Franklin- UAH,200 Euros,February 18; March 18,5
scholarships_html/scholarship-1145.html,Ashley E. Ketcher Memorial Scholarship,Scholarships.com,"Amount Varies Deadline: February 01, 2026 Awards Available: Varies Eligibility Criteria: Financial Aid Status State Selection Artistic Ability Current Year in School County Selection Citizenship Age Share: You May Also L","February 01, 2026",
scholarships_html/scholarships360-1007.html,M.M. Costello Scholarship,,"$ 10,000",This scholarship might not currently be accepting applications. Most scholarship programs only accept applications a few months ahead of their annual deadline. We’ve estimated this deadline based on last year’s deadline,ship Earning this scholarship will help me achieve my educational and career goals by reducing the cost of my full-time tuition.
scholarships_html/scholarships360-0840.html,"L.B. Cebik, W4RNL, and Jean Cebik, N4TZP, Memorial Scholarship",,"$ 10,000",This scholarship might not currently be accepting applications. Most scholarship programs only accept applications a few months ahead of their annual deadline. We’ve estimated this deadline based on last year’s deadline,ship Earning this scholarship will help me achieve my educational and career goals by reducing the cost of my full-time tuition.
scholarships_html/internationalscholarships-0148.html,Semi-Annual Video Contest Scholarship for Students,IvyPanda,"$ 1,500",October 6,1
scholarships_html/bigfuture-0677.html,Higher Education Scholarship,Yankton Sioux Tribe,"$ 2,000",5/1/2025,Need-Based: Yes
scholarships_html/scholarships360-1447.html,"Richard B. Gassett, PE Scholarship",,"$ 10,000",This scholarship might not currently be accepting applications. Most scholarship programs only accept applications a few months ahead of their annual deadline. We’ve estimated this deadline based on last year’s deadline,ship Earning this scholarship will help me achieve my educational and career goals by reducing the cost of my full-time tuition.
scholarships_html/scholarship-0224.html,American Legion Baseball Scholarship,Scholarships.com,"$ 5,000","July 15, 2025",
scholarships_html/scholarships360-1906.html,ISAC Monetary Award Program (MAP),,"$ 10,000",This scholarship might not currently be accepting applications. Most scholarship programs only accept applications a few months ahead of their annual deadline. We’ve estimated this deadline based on last year’s deadline,ship Earning this scholarship will help me achieve my educational and career goals by reducing the cost of my full-time tuition.
scholarships_html/scholarships360-0339.html,NSCS Debt Reduction Award,,"$ 10,000",Triannual Other Scholarships Scholarship Overview The Debt Reduction Award is proudly offered by the National Society of Collegiate Scholars to provide awards to recent NSCS graduates and alumni who are carrying on the m,"Scholarships360 Get matched with vetted scholarships and enter our $10,000 No-Essay Scholarship Please select whichever best describes you for the 2024 - 2025 academic year. I’m a high school student I’m a college or graduate student 100% Free. No Spam. Start"
scholarships_html/scholarship-0794.html,EMU Presidential Scholarship,Scholarships.com,"$ 100,000","December 13, 2025",full tuition
scholarships_html/scholarships360-0170.html,Mississippi Car Tag Stipend Program,,"$ 10,000","July 31, 2025",ship Earning this scholarship will help me achieve my educational and career goals by reducing the cost of my full-time tuition.
scholarships_html/scholarship-1478.html,Augustana University Fryxell Scholarship,Scholarships.com,"$ 4,000","February 15, 2026",
scholarships_html/mastersportal-1770.html,Rose Sullivan and Rebecca Morales Memorial Scholarship in Criminal Justice,California State University Fullerton,$ 500,Not specified,"Tuition unknown 12 months De Montfort University Leicester, England, United Kingdom 24,658 USD / year 14,355 USD / year Tuition unknown 12 months Featured Criminal Psychology and Criminal Justice M."
scholarships_html/bigfuture-0201.html,Educational Financial Scholarship,Virginia State Fire & EMS Association,Award Amount Varies,4/1/2025,Need-Based: Yes
scholarships_html/scholarships360-0708.html,Women In STEM Excel Scholarship,,"$ 10,000",This scholarship might not currently be accepting applications. Most scholarship programs only accept applications a few months ahead of their annual deadline. We’ve estimated this deadline based on last year’s deadline,ship Earning this scholarship will help me achieve my educational and career goals by reducing the cost of my full-time tuition.
scholarships_html/mastersportal-1527.html,Don Schmid Child Welfare Leadership Scholarship,University of North Dakota,"$ 5,100",01 Mar 2026,full Tuition
scholarships_html/internationalscholarships-0252.html,Scholarship Program For Marketing Students,AIS Technolab,$,of May,1
scholarships_html/internationalscholarships-0948.html,Cascade & Siskiyou International Student Scholarship,Southern Oregon University,"$ 6,525",April 1 each year,15-20 term (3 terms)
scholarships_html/scholarships360-2084.html,Gerry and Morris M. Geifman Scholarship,,"$ 10,000",This scholarship might not currently be accepting applications. Most scholarship programs only accept applications a few months ahead of their annual deadline. We’ve estimated this deadline based on last year’s deadline,ship Earning this scholarship will help me achieve my educational and career goals by reducing the cost of my full-time tuition.
scholarships_html/bigfuture-0015.html,Midwestern Region Korean War Veteran Descendant Scholarship,Korean American Scholarship Foundation,Award Amount Varies,4/1/2025,Need-Based : No
scholarships_html/scholarship-0023.html,SSVMS Medical Student Scholarship Fund,Scholarships.com,"$ 1,000","July 01, 2025",
scholarships_html/bigfuture-1190.html,"Sgt. Daniel ""Dale"" Green Memorial LEAP Scholarship",Florida State University,Award Amount Varies,1/1/2025,Need-Based
scholarships_html/bigfuture-0551.html,Administrative Services and Facilities Scholarship,Pima Community College Foundation,"$ 1,000",3/1/2025,Need-Based: No
scholarships_html/mastersportal-1249.html,Ethel Rose Charney Scholarship in the Human/Animal Bond,University of Guelph,"$ 13,000",Not specified,"r Tuition unknown 12 months University of Glasgow Glasgow, Scotland, United Kingdom 40,524 USD / year 40,524 USD / year Tuition unknown 12 months Featured Animal and Veterinary Science M."
scholarships_html/scholarship-0086.html,Community Services Block Grants Scholarships for Chicago Residents,Scholarships.com,"$ 5,000","September 19, 2025","Funds can be used for tuition, fees, books, uniforms, and other necessities."
scholarships_html/scholarships360-0335.html,UChicago Police and Fire Scholarship,,"$ 10,000","Rolling Start Applying Scholarship Overview Introducing the UChicago Police and Fire Scholarship, a prestigious opportunity for the children of the U.S.’s public safety officers who are attending the University of Chicag","UChicago is proud to honor their sacrifice by offering full-tuition, four-year scholarships to the children of such officers."
scholarships_html/scholarships360-1609.html,The Gerber Foundation Merit Scholarship,,"$ 10,000",This scholarship might not currently be accepting applications. Most scholarship programs only accept applications a few months ahead of their annual deadline. We’ve estimated this deadline based on last year’s deadline,"Recipients may earn $5,750 to be used for tuition, books, or required course fees, tools or equipment."
scholarships_html/bigfuture-0021.html,Ruth H. Brown Endowed Scholarship,Broward College,Award Amount Varies,1/1/2025,Need-Based : No
scholarships_html/scholarship-1322.html,Frank N. Andersen Memorial Scholarship,Scholarships.com,"Amount Varies Deadline: February 07, 2026 Awards Available: Varies Eligibility Criteria: GPA Financial Aid Status State Selection Current Year in School College Selection State County Selection Age Share: You May Also Li","February 07, 2026",
scholarships_html/internationalscholarships-1157.html,Bourse Lafayette Award,Schiller International University,One-half of tuition,Unrestricted,20
scholarships_html/scholarship-0994.html,University of North Carolina Blue Sky Scholarship,Scholarships.com,"$ 30,000","January 15, 2026","olarship, recipients also receive a $2,500 Carolina Works work-study offer and a one-time $2,500 enrichment opportunity grant to use for study abroad, internships or research."
scholarships_html/scholarships360-1837.html,Frieda and Joseph Drapkin Scholarship,,"$ 10,000",This scholarship might not currently be accepting applications. Most scholarship programs only accept applications a few months ahead of their annual deadline. We’ve estimated this deadline based on last year’s deadline,ship Earning this scholarship will help me achieve my educational and career goals by reducing the cost of my full-time tuition.
scholarships_html/scholarship-1318.html,Elbert Curtiss and Margaret Nienstedt Fisher Scholarship,Scholarships.com,"Amount Varies Deadline: February 07, 2026 Awards Available: Varies Eligibility Criteria: Financial Aid Status State Selection Selected Major(s) Current Year in School County Selection Age Share: You May Also Like Niche $","February 07, 2026",
scholarships_html/internationalscholarships-0388.html,Regional Scholarship,Virginia International University,$ 500,Jul 22,126
scholarships_html/scholarship-0466.html,WTS Leadership Legacy Scholarship for Graduates,Scholarships.com,"$ 5,000","December 16, 2025",
scholarships_html/scholarships360-0636.html,Peter K. New Award,,"$ 10,000",This scholarship might not currently be accepting applications. Most scholarship programs only accept applications a few months ahead of their annual deadline. We’ve estimated this deadline based on last year’s deadline,"Scholarships360 Get matched with vetted scholarships and enter our $10,000 No-Essay Scholarship Please select whichever best describes you for the 2024 - 2025 academic year. I’m a high school student I’m a college or graduate student 100% Free. No Spam. Start"
scholarships_html/internationalscholarships-1090.html,ISAD Scolarships For Design Courses In Milan,ISAD ISTITUTO SUPERIORE DI ARCHITETTURA E DESIGN,"4,590",Unrestricted,5
scholarships_html/internationalscholarships-0551.html,Digital Marketing Scholarship,Custom Creatives,"$ 1,000",December 1st notification,2
scholarships_html/bigfuture-0664.html,Recreation League Scholarship,USA Softball of Southern California,Award Amount Varies,5/1/2025,Need-Based: Yes
scholarships_html/internationalscholarships-0925.html,International Merit Scholarship,Grand Valley State University,$ 5,May 1,Variable
scholarships_html/scholarship-1503.html,NDSGC Lillian Goettler Scholarship,Scholarships.com,"$ 2,500","February 15, 2026",No Essay Scholarship by Sallie Scholarship Description The NDSGC has established the prestigious Lillian Goettler Space Grant Award for a female or nonbinary student at North Dakota State University.
scholarships_html/bigfuture-0507.html,Deans' Student Success Scholarship,Broward College,Award Amount Varies,1/1/2025,Need-Based: No
scholarships_html/scholarship-0359.html,University of New Mexico Presidential Scholarship,Scholarships.com,"$ 56,000","December 01, 2025",
scholarships_html/scholarships360-1266.html,Clara Carter Higgins Summer Environmental Studies Scholarship,,"$ 10,000",This scholarship might not currently be accepting applications. Most scholarship programs only accept applications a few months ahead of their annual deadline. We’ve estimated this deadline based on last year’s deadline,ship Earning this scholarship will help me achieve my educational and career goals by reducing the cost of my full-time tuition.
scholarships_html/mastersportal-0743.html,International Scholarships Award,University of Greenwich,"£ 3,500",25 Jul 2025,"University of Greenwich awards scholarships, bursaries, tuition fee reductions and discounts that help you cover existing tuition and living costs."
scholarships_html/mastersportal-0567.html,Queen's Loyalty Scholarship,Queen's University Belfast,"USD 41,087",Not specified,"Application deadline About The Queen’s University Belfast offers prestigious, competitive scholarships of up to 50% off tuition fees to new international students."
scholarships_html/internationalscholarships-0479.html,Actions Scholarship Program,Pretty Photoshop Actions https://www.photoshopactions.com/,$ 500,4/15/18,2
scholarships_html/mastersportal-1357.html,Sam and June Macey Graduate Scholarship in Business,University of Victoria,"USD 23,285",Anytime,and June Macey Graduate Scholarship in Business View relevant masters Specific discipline Disciplines Various benefits Grant Canada Location Anytime Application deadline About UVic provides awards to graduate students of high academic standing.
scholarships_html/bigfuture-1432.html,Theatre Scholarship,University of West Florida,Award Amount Varies,3/1/2025,Need-Based: No
scholarships_html/internationalscholarships-1102.html,Grant,Smith College,"$ 19,000",February 1,Variable
scholarships_html/bigfuture-1244.html,Scholarship Program,Florida Association of Postsecondary Schools and Colleges Foundation,"$ 1,000",1/1/2025,Need-Based : No
scholarships_html/scholarship-1340.html,Jerrold E. Potts Scholarship,Scholarships.com,"Amount Varies Deadline: February 07, 2026 Awards Available: Varies Eligibility Criteria: GPA Financial Aid Status State Selection Current Year in School College Selection State County Selection Age Share: You May Also Li","February 07, 2026",
scholarships_html/scholarships360-1664.html,AMS Scholarship for Underserved Communities,,"$ 10,000",This scholarship might not currently be accepting applications. Most scholarship programs only accept applications a few months ahead of their annual deadline. We’ve estimated this deadline based on last year’s deadline,ship Earning this scholarship will help me achieve my educational and career goals by reducing the cost of my full-time tuition.
scholarships_html/scholarships360-1917.html,Sean M. Walsh Memorial Athletic Scholarship,,"$ 10,000",This scholarship might not currently be accepting applications. Most scholarship programs only accept applications a few months ahead of their annual deadline. We’ve estimated this deadline based on last year’s deadline,ship Earning this scholarship will help me achieve my educational and career goals by reducing the cost of my full-time tuition.
scholarships_html/scholarship-1677.html,SVCF Ralph Hale and Martha L. Ruppert Educational Scholarship,Scholarships.com,"$ 10,000","February 28, 2026",
scholarships_html/scholarships360-1443.html,Charles C. & Mary Lou Miles Scholarship,,"$ 10,000",This scholarship might not currently be accepting applications. Most scholarship programs only accept applications a few months ahead of their annual deadline. We’ve estimated this deadline based on last year’s deadline,ship Earning this scholarship will help me achieve my educational and career goals by reducing the cost of my full-time tuition.
scholarships_html/mastersportal-0832.html,Alumni Discount,University of Bedfordshire,"£ 2,000",Anytime,"17,628 USD / year Tuition unknown 12 months Queen Mary University of London Online 49,730 USD / year 17,628 USD / year Tuition unknown 12 months Featured Computer Science (Conversion) M."
scholarships_html/scholarships360-1076.html,Union Plus Scholarships,,"$ 10,000",This scholarship might not currently be accepting applications. Most scholarship programs only accept applications a few months ahead of their annual deadline. We’ve estimated this deadline based on last year’s deadline,ship Earning this scholarship will help me achieve my educational and career goals by reducing the cost of my full-time tuition.
scholarships_html/mastersportal-1295.html,"Study Scholarships - Postgraduate Studies in the Fields of Fine Art, Design, Visual Communication and Film",DAAD,EUR 934,Not specified,Multiple
scholarships_html/scholarship-1140.html,Alys Robinson Stephens Performing Arts Scholarship,Scholarships.com,"$ 1,000","February 01, 2026",
scholarships_html/internationalscholarships-0011.html,EduLegit,edulegit.com,3000$,"Jun 30, 2025",3
scholarships_html/scholarship-0205.html,Virginia Tech SigEp Balanced Man Scholarship,Scholarships.com,"$ 4,000","July 01, 2025",
scholarships_html/mastersportal-0170.html,Master of Business Analytics Financial Hardship Scholarship,University of Queensland,"$ 5,000",31 Aug 2025,"54 USD / year Tuition unknown 24 months University of Wollongong Multiple locations 24,239 USD / year 21,354 USD / year Tuition unknown 24 months Featured Agricultural Systems Major (MSc AgriFoodSecur) M."
scholarships_html/mastersportal-1852.html,Dan and Elaine Johnson Diversity Scholarship,The University of Toledo,unknown,01 Mar 2026,Multiple
scholarships_html/mastersportal-1318.html,The Maureen De Burgh Memorial Scholarship,University of Victoria,"USD 42,928",Anytime,Memorial Scholarship View relevant masters Find related programmes Phd Specific discipline Disciplines Various benefits Grant Canada Location Anytime Application deadline About UVic provides awards to graduate students of high academic standing.
scholarships_html/internationalscholarships-0454.html,Annual Scholarship,Goodshop,2000,/31,1
scholarships_html/scholarships360-0492.html,Epic Flight Academy Aviation/Pilot Scholarship,,"$ 10,000",This scholarship might not currently be accepting applications. Most scholarship programs only accept applications a few months ahead of their annual deadline. We’ve estimated this deadline based on last year’s deadline,ship Earning this scholarship will help me achieve my educational and career goals by reducing the cost of my full-time tuition.
scholarships_html/scholarship-1782.html,GRCF Lavina Laible Scholarship,Scholarships.com,"$ 5,000","March 01, 2026",
scholarships_html/scholarship-0830.html,Bonnie Fang Nursing Scholarship,Scholarships.com,"$ 5,000","December 31, 2025","yment: Scholarship funds will be paid directly to the recipient's school and applied to their student account, covering tuition, academic fees, books, supplies, and equipment required for their education."
scholarships_html/scholarship-2122.html,DMCSP Scholarship,Scholarships.com,"$ 20,000","March 15, 2026","teria listed above Complete the scholarship application form Submit all required documentation, including proof of Pell Grant eligibility and financial need Provide academic records demonstrating a GPA of 2."
scholarships_html/mastersportal-1094.html,Global Excellence Scholarship,Loughborough University London,"USD 49,797",31 Jul 2025,"17,652 USD / year Tuition unknown 12 months Queen Mary University of London Online 49,797 USD / year 17,652 USD / year Tuition unknown 12 months Featured Computer Science (Conversion) M."
scholarships_html/mastersportal-1520.html,Scholarship for Applied Computer Science and Artificial Intelligence MSc,University of Bradford,"£ 6,000",Anytime,Multiple
scholarships_html/bigfuture-1448.html,Dennis Hale Memorial Scholarship,Exhibition Services and Contractors Association,Award Amount Varies,6/1/2025,Need-Based: No
scholarships_html/mastersportal-0406.html,MSc Education (Early Childhood Practice and Froebel) Scholarship,The University of Edinburgh,"USD 9,960",14 Jul 2026,Multiple
scholarships_html/internationalscholarships-0155.html,K,KTH Royal Institute of Technology,Approx. €15000,Mid-April,Varies
scholarships_html/bigfuture-1669.html,Beringia Settlement Trust Scholarship,Bering Straits Native Corporation,"$ 2,000",12/1/2024,Need-Based: Yes
scholarships_html/mastersportal-0551.html,Scholarship for Christian Young People,Óbuda University,"USD 7,388",Not specified,Monthly stipend
scholarships_html/mastersportal-0342.html,Max Chapple Memorial Scholarship,Massey University,Amount varies Eligibility Eligibility You must: have recently completed your bachelor's degree undertake a research project worth at least 60 credits. Scholarship requirements Disciplines Any Locations New Zealand Nation,01 Sep 2025,"21,496 USD / year Tuition unknown 12 months Victoria University of Wellington Wellington, New Zealand 21,496 USD / year Tuition unknown 12 months Featured Political Science M."
scholarships_html/scholarship-0965.html,GWCF National Scholarship Competition,Scholarships.com,"$ 5,000","January 15, 2026",Students planning to attend one of the Military Academies or who have been awarded full four-year tuition scholarships will be eligible for an award.
scholarships_html/bigfuture-0823.html,George K. Nolan Tribal Judicial Scholarship,Sault Ste. Marie Tribe of Chippewa Indians,"$ 1,000",6/1/2025,Need-Based: No
scholarships_html/scholarship-0130.html,Beacon Scholarship for Rural America,Scholarships.com,"$ 1,000","June 30, 2025",
scholarships_html/scholarships360-1474.html,Charles W. and Annette Hill Scholarship,,"$ 10,000",This scholarship might not currently be accepting applications. Most scholarship programs only accept applications a few months ahead of their annual deadline. We’ve estimated this deadline based on last year’s deadline,ship Earning this scholarship will help me achieve my educational and career goals by reducing the cost of my full-time tuition.
scholarships_html/internationalscholarships-0977.html,Adelle and Erwin Tomash Fellowship,"Charles Babbage Institute, University of Minnesota","$ 14,000",January,1
scholarships_html/scholarship-1279.html,"A.C. ""Kate"" & Leo Joseph Merlone Scholarship",Scholarships.com,"Amount Varies Deadline: February 07, 2026 Awards Available: Varies Eligibility Criteria: GPA State Selection Religious Affiliation Current Year in School College Selection State County Selection Age Share: You May Also L","February 07, 2026",
scholarships_html/bigfuture-0347.html,Gertrude E. Skelly Memorial Nursing Emergency Scholarship,Broward College,Award Amount Varies,1/1/2025,Need-Based: No
scholarships_html/scholarships360-1124.html,The Joe Goldstein Memorial Scholarship in Fashion and Retailing,,"$ 10,000",This scholarship might not currently be accepting applications. Most scholarship programs only accept applications a few months ahead of their annual deadline. We’ve estimated this deadline based on last year’s deadline,ship Earning this scholarship will help me achieve my educational and career goals by reducing the cost of my full-time tuition.
scholarships_html/mastersportal-0619.html,NSYSU Scholarships,National Sun Yat Sen University,USD 500,30 Sep 2025,Tuition waiver
scholarships_html/bigfuture-1373.html,Sean Dugas Memorial Scholarship,University of West Florida,Award Amount Varies,3/1/2025,Need-Based: No
scholarships_html/scholarships360-0001.html,"""Creativity Takes Courage"" Scholarship for Art Students - Scholarships360",,"$ 10,000","June 30, 2025",ship Earning this scholarship will help me achieve my educational and career goals by reducing the cost of my full-time tuition.
scholarships_html/mastersportal-0222.html,Rosemary Seymour Research and Archives Awards,Massey University,"$ 1,000",30 Oct 2025,"one for which only Māori women may apply, while the second is open to all women. Scholarship requirements Disciplines Any Locations New Zealand Nationality Any Study experience required Scholarships may require applicants to have relevant prior experience or"
scholarships_html/mastersportal-2076.html,ProResp Award,Algonquin College,"USD 1,188",Not specified,"n unknown 36 months University of Hertfordshire Hatfield, England, United Kingdom 1,188 USD / module 1,188 USD / module Tuition unknown 36 months Featured Rehabilitation Science M."
scholarships_html/scholarships360-0075.html,SAIL Scholarship,,"$ 10,000",This scholarship might not currently be accepting applications. Most scholarship programs only accept applications a few months ahead of their annual deadline. We’ve estimated this deadline based on last year’s deadline,ship Earning this scholarship will help me achieve my educational and career goals by reducing the cost of my full-time tuition.
scholarships_html/bigfuture-0499.html,Major Ron Busroe Endowed Scholarship,Broward College,Award Amount Varies,1/1/2025,Need-Based: Yes
scholarships_html/internationalscholarships-1358.html,Victoria Doctoral Scholarships,University Of Wellington,"$ 23,500",March 1; July 1; November 1,35
scholarships_html/scholarships360-0921.html,Teton Pines Employee Scholarship,,"$ 10,000",This scholarship might not currently be accepting applications. Most scholarship programs only accept applications a few months ahead of their annual deadline. We’ve estimated this deadline based on last year’s deadline,ship Earning this scholarship will help me achieve my educational and career goals by reducing the cost of my full-time tuition.
scholarships_html/scholarships360-1645.html,Feeding Tomorrow General Undergraduate Scholarships,,"$ 10,000",This scholarship might not currently be accepting applications. Most scholarship programs only accept applications a few months ahead of their annual deadline. We’ve estimated this deadline based on last year’s deadline,ship Earning this scholarship will help me achieve my educational and career goals by reducing the cost of my full-time tuition.
scholarships_html/mastersportal-1424.html,INSEAD Alex and Nicolette Manson Endowed Diversity Scholarship,INSEAD - The Business School for the World,"€ 20,000",Anytime,one
scholarships_html/scholarship-1032.html,Loren and Becky Roslund Scholarship,Scholarships.com,"$ 1,000","January 24, 2026",
scholarships_html/scholarships360-0367.html,Aero Club of Southern California College Scholarship,,"$ 10,000",This scholarship might not currently be accepting applications. Most scholarship programs only accept applications a few months ahead of their annual deadline. We’ve estimated this deadline based on last year’s deadline,ship Earning this scholarship will help me achieve my educational and career goals by reducing the cost of my full-time tuition.
scholarships_html/bigfuture-1070.html,Arkansas Tourism and Hospitality Education Foundation Scholarship,Arkansas Hospitality Association,"$ 2,000",6/1/2025,Need-Based: No
scholarships_html/bigfuture-1796.html,Miles Endowment Scholarhship,Stetson University,Award Amount Varies,1/1/2025,Need-Based: Yes
scholarships_html/internationalscholarships-1057.html,Niagara University Presidential Scholarship,Niagara Univesity,"$ 13,500",Rolling,Variable
scholarships_html/scholarships360-0844.html,New England FEMARA Scholarship,,"$ 10,000",This scholarship might not currently be accepting applications. Most scholarship programs only accept applications a few months ahead of their annual deadline. We’ve estimated this deadline based on last year’s deadline,ship Earning this scholarship will help me achieve my educational and career goals by reducing the cost of my full-time tuition.
scholarships_html/scholarships360-1973.html,Joseph James Morelli Legacy Foundation Scholarship,,"$ 10,000",This scholarship might not currently be accepting applications. Most scholarship programs only accept applications a few months ahead of their annual deadline. We’ve estimated this deadline based on last year’s deadline,ship Earning this scholarship will help me achieve my educational and career goals by reducing the cost of my full-time tuition.
scholarships_html/scholarships360-2088.html,Charlotte Pride Scholarship Program,,"$ 10,000",This scholarship might not currently be accepting applications. Most scholarship programs only accept applications a few months ahead of their annual deadline. We’ve estimated this deadline based on last year’s deadline,ship Earning this scholarship will help me achieve my educational and career goals by reducing the cost of my full-time tuition.
scholarships_html/bigfuture-0039.html,Lessie Pryor RN to BSN Endowed Memorial Scholarship,Broward College,Award Amount Varies,1/1/2025,Need-Based: Yes
scholarships_html/scholarships360-1822.html,Gail and Hilda Oster Scholarship,,"$ 10,000",This scholarship might not currently be accepting applications. Most scholarship programs only accept applications a few months ahead of their annual deadline. We’ve estimated this deadline based on last year’s deadline,ship Earning this scholarship will help me achieve my educational and career goals by reducing the cost of my full-time tuition.
scholarships_html/scholarship-2110.html,Connecticut Broadcasters Association Scholarship,Scholarships.com,"$ 5,000","March 15, 2026",
scholarships_html/mastersportal-1255.html,Brian and Diana Doody Graduate Scholarship in Engineering,University of Guelph,$ 42.7,Anytime,Multiple
scholarships_html/mastersportal-0757.html,Regional Victoria Experience Bursary,La Trobe University,"$ 3,000",01 Dec 2025,"ear Tuition unknown 12 months Curtin University Perth, Western Australia, Australia 21,770 USD / year 13,532 USD / year Tuition unknown 12 months Featured Agricultural Systems Major (MSc AgriFoodSecur) M."
scholarships_html/mastersportal-0942.html,Scholarship,George Murrell Shoulders,$ 500,15 Jul 2025,"ear Tuition unknown 12 months Curtin University Perth, Western Australia, Australia 21,918 USD / year 13,624 USD / year Tuition unknown 12 months Featured Agricultural Systems Major (MSc AgriFoodSecur) M."
scholarships_html/scholarship-0214.html,Baron & Budd Mesothelioma Cancer Victims Memorial Scholarships,Scholarships.com,"$ 2,500","July 10, 2025",
scholarships_html/bigfuture-1694.html,Dan Janutolo Memorial Scholarship,Beckley Area Foundation,Award Amount Varies,1/5/2025,Need-Based: No
scholarships_html/bigfuture-0288.html,AT&T Endowed Scholarship (BELLSOUTH TELECOMMUNICATIONS),Broward College,Award Amount Varies,1/1/2025,Need-Based: No
scholarships_html/scholarships360-0974.html,Bandera Electric Cooperative Scholarship,,"$ 10,000",This scholarship might not currently be accepting applications. Most scholarship programs only accept applications a few months ahead of their annual deadline. We’ve estimated this deadline based on last year’s deadline,ship Earning this scholarship will help me achieve my educational and career goals by reducing the cost of my full-time tuition.
scholarships_html/internationalscholarships-0990.html,Fellowships in Ancient Greek Studies,Center for Hellenic Studies,"$ 34,000",April 1,10
scholarships_html/bigfuture-0505.html,Gene A. Whiddon Memorial Scholarship,Brow,Award Amount Varies,1/1/2025,Need-Based: No
scholarships_html/mastersportal-1291.html,Salish Sea Hub Graduate Scholarship,University of Victoria,"$ 1,000",Anytime,full Tuition
scholarships_html/internationalscholarships-0263.html,SCHOLARSHIP GRANT FOR GAME DESIGNER STUDENTS OF USA-CANADA,Uber Clone App,$,May,1
scholarships_html/internationalscholarships-0692.html,ExxonMobil Middle East And North Africa Scholars Program,Institute of International Education,Varies,Unrestricted,1
scholarships_html/scholarship-1242.html,UMW Helm Memorial Scholarship,Scholarships.com,"$ 10,000","February 01, 2026",
scholarships_html/scholarship-0250.html,Massachusetts High Demand Scholarship Program,Scholarships.com,"$ 10,000","July 18, 2025",tuition waiver
scholarships_html/scholarships360-1033.html,W. James Spicer Scholarship,,"$ 10,000",This scholarship might not currently be accepting applications. Most scholarship programs only accept applications a few months ahead of their annual deadline. We’ve estimated this deadline based on last year’s deadline,ship Earning this scholarship will help me achieve my educational and career goals by reducing the cost of my full-time tuition.
scholarships_html/scholarships360-0172.html,DCCI Scholarship for Canadian Students with Disabilities,,"$ 10,000","July 31, 2025",ship Earning this scholarship will help me achieve my educational and career goals by reducing the cost of my full-time tuition.
scholarships_html/internationalscholarships-1061.html,Academic Scholarships,Mars Hill College,"$ 1,000",Variable,5
scholarships_html/scholarships360-1278.html,Mary Lou Martinez Scholarship for First Generation Students,,"$ 10,000",This scholarship might not currently be accepting applications. Most scholarship programs only accept applications a few months ahead of their annual deadline. We’ve estimated this deadline based on last year’s deadline,ship Earning this scholarship will help me achieve my educational and career goals by reducing the cost of my full-time tuition.
scholarships_html/bigfuture-1397.html,Medical Laboratory Sciences Scholarship,University of West Florida,Award Amount Varies,3/1/2025,Need-Based: No
scholarships_html/bigfuture-1808.html,Virginia Trieste Roche Memorial Endowed Scholarship,Stetson University,Award Amount Varies,1/1/2025,Need-Based: Yes
scholarships_html/scholarship-0165.html,Patrick W Guerrette Memorial Scholarship,Scholarships.com,"$ 5,000","June 30, 2025",
scholarships_html/mastersportal-0886.html,Act of Kindness Scholarship,The National Parent Volunteer Association,"$ 1,000",28 Feb 2026,full Tuition
scholarships_html/scholarship-1055.html,Charles P. Bell Scholarships and Grants,Scholarships.com,"$ 1,000","January 31, 2026",
scholarships_html/bigfuture-0473.html,Richard Goodwin Memorial Endowed Scholarship,Broward College,Award Amount Varies,1/1/2025,Need-Based: Yes
scholarships_html/mastersportal-1751.html,Cyrus P. Kahl Memorial Scholarship,University of North Dakota,$ 650,01 Mar 2026,"University of North Dakota awards scholarships, bursaries, tuition fee reductions and discounts that help you cover existing tuition and living costs."
scholarships_html/mastersportal-0907.html,International Ambassador Scholarship,University of West London,"£ 1,000",16 Aug 2025,"/ year 17,171 USD / year Tuition unknown 12 months Leeds Beckett University Online 17,171 USD / year 17,171 USD / year Tuition unknown 12 months Featured Advanced Professional Practice (Health and Social Care Professions) M."
scholarships_html/bigfuture-0391.html,NERA/USAA College Scholarship Program,Naval Enlisted Reserve Association,"$ 2,000",4/30/2025,Need-Based: No
scholarships_html/bigfuture-2075.html,Rinker Field Experience Scholarship,Stetson University,Award Amount Varies,1/1/2025,Need-Based: No
scholarships_html/scholarship-1108.html,Pacific Gas & Electric Company PrideNetwork ERG Scholarship,Scholarships.com,"$ 6,000","January 31, 2026",
scholarships_html/internationalscholarships-0563.html,Birds,Formsbirds.com,$ 500,",",1
scholarships_html/scholarship-1283.html,Ashton B. Joseph Scholarship,Scholarships.com,"$ 10,000","February 07, 2026",
scholarships_html/mastersportal-1130.html,Deakin Alumni Discount,Deakin University,"USD 21,918",Anytime,cholarships Merit-based Deakin University Deakin Alumni Discount View relevant masters Any Disciplines Various benefits Grant Australia Location Anytime Application deadline About Deakin has been a progressive university from day one.
scholarships_html/scholarship-0978.html,Powell Scholarship at University of the Pacific,Scholarships.com,"$ 188,000","January 15, 2026",
scholarships_html/internationalscholarships-0521.html,MA Biomedical and Health Care Ethics (Online) Scholarships,IDEA Centre,Variable,June 30th,2
scholarships_html/bigfuture-1009.html,Leadership Scholarship,Pacific Bridge Arts,"$ 5,000",6/1/2025,Need-Based: Yes
scholarships_html/scholarship-1706.html,AWS Airgas Jerry Baker Scholarship,Scholarships.com,"$ 2,500","March 01, 2026",
scholarships_html/bigfuture-1908.html,TCF Vocational Training Grant,The CIRI Foundation,"$ 9,000",1/1/2025,Need-Based: No
scholarships_html/scholarships360-2091.html,American Foreign Service Association (AFSA) Merit Awards Program,,"$ 10,000",This scholarship might not currently be accepting applications. Most scholarship programs only accept applications a few months ahead of their annual deadline. We’ve estimated this deadline based on last year’s deadline,ship Earning this scholarship will help me achieve my educational and career goals by reducing the cost of my full-time tuition.
scholarships_html/internationalscholarships-1284.html,New York City Government Scholars Program,New York City Department of Personnel,"$ 3,500",January 4,25
scholarships_html/scholarship-1031.html,Katherine Mullinax Memorial Scholarship,Scholarships.com,"$ 2,100","January 24, 2026",
scholarships_html/internationalscholarships-0292.html,Kennedy Scholarships,Kennedy Memorial Trust,fully-funded award for graduate study; typically,24 October,10
scholarships_html/bigfuture-1598.html,Alfred Lerner Memorial Endowed Scholarship,Cuyahoga Community College,Award Amount Varies,1/15/2025,Need-Based: No
scholarships_html/bigfuture-0734.html,Oregon Opportunity Scholarship,Oregon Office of Student Access and Completion,"$ 7,524",10/1/2024,Need-Based: Yes
scholarships_html/scholarships360-0547.html,Society for Integrative and Comparative Biology Grants-in-Aid of Research,,"$ 10,000",This scholarship might not currently be accepting applications. Most scholarship programs only accept applications a few months ahead of their annual deadline. We’ve estimated this deadline based on last year’s deadline,ship Earning this scholarship will help me achieve my educational and career goals by reducing the cost of my full-time tuition.
scholarships_html/mastersportal-0921.html,DAAD Prize,AD,"€ 1,000",Not specified,Multiple
scholarships_html/scholarships360-0225.html,Daniel A. Terry Scholarship,,"$ 10,000","September 1, 2025","graduates who are the children of fallen California firefighters are awarded a $3,000 scholarship to help them pay for tuition costs."
scholarships_html/scholarships360-1683.html,Grace LeGendre Fellowships,,"$ 10,000",This scholarship might not currently be accepting applications. Most scholarship programs only accept applications a few months ahead of their annual deadline. We’ve estimated this deadline based on last year’s deadline,ship Earning this scholarship will help me achieve my educational and career goals by reducing the cost of my full-time tuition.
scholarships_html/scholarships360-1990.html,Ford Opportunity Program,,"$ 10,000",This scholarship might not currently be accepting applications. Most scholarship programs only accept applications a few months ahead of their annual deadline. We’ve estimated this deadline based on last year’s deadline,ship Earning this scholarship will help me achieve my educational and career goals by reducing the cost of my full-time tuition.
scholarships_html/bigfuture-0071.html,Andrea Mays Memorial Endowed Scholarship,Broward College,Award Amount Varies,1/1/2025,Need-Based: No
scholarships_html/scholarship-1499.html,Madere-Jones Scholarship,Scholarships.com,"$ 12,000","February 15, 2026",
scholarships_html/internationalscholarships-0137.html,MS Computer Science Scholarship in China,Engineering,living allowance,"June 30, 2020",1
scholarships_html/bigfuture-1303.html,Dr. Andrew Boulton Award,Barry University,"$ 5,000",1/15/2025,Need-Based: No
scholarships_html/scholarship-1121.html,Szweda Scholarship of Recover Michiana,Scholarships.com,"$ 1,500","January 31, 2026",
scholarships_html/scholarships360-0773.html,Thomas H. Moore Illinois Electric Cooperatives Memorial Scholarship,,"$ 10,000",This scholarship might not currently be accepting applications. Most scholarship programs only accept applications a few months ahead of their annual deadline. We’ve estimated this deadline based on last year’s deadline,ship Earning this scholarship will help me achieve my educational and career goals by reducing the cost of my full-time tuition.
scholarships_html/scholarships360-0406.html,"Fulbright Distinguished Scholar Awards, Interdisciplinary Network",,"$ 10,000",This scholarship might not currently be accepting applications. Most scholarship programs only accept applications a few months ahead of their annual deadline. We’ve estimated this deadline based on last year’s deadline,ship Earning this scholarship will help me achieve my educational and career goals by reducing the cost of my full-time tuition.
scholarships_html/scholarships360-1969.html,American Chemical Society (ACS) Scholars Program,,"$ 10,000",This scholarship might not currently be accepting applications. Most scholarship programs only accept applications a few months ahead of their annual deadline. We’ve estimated this deadline based on last year’s deadline,ship Earning this scholarship will help me achieve my educational and career goals by reducing the cost of my full-time tuition.
scholarships_html/scholarships360-2104.html,Tulsa Engineering Scholarship,,"$ 10,000",This scholarship might not currently be accepting applications. Most scholarship programs only accept applications a few months ahead of their annual deadline. We’ve estimated this deadline based on last year’s deadline,ship Earning this scholarship will help me achieve my educational and career goals by reducing the cost of my full-time tuition.
scholarships_html/internationalscholarships-0015.html,Undergraduate programs taught in Vietnamese,Ton Duc Thang University,100% tuition,,100% tuition
scholarships_html/mastersportal-1885.html,Brown-Mumma Scholarship,The University of Toledo,unknown,01 Mar 2026,"ity of Southern California Los Angeles, California, United States 66,640 USD / year 66,640 USD / year 66,640 USD / year Tuition unknown 12 months Pharmaceutical Technology and Medicines Control M."
scholarships_html/bigfuture-0855.html,Widiger Health Careers Endowed Scholarship,Cuyahoga Community College,$ 250,5/1/2025,Need-Based: No
scholarships_html/bigfuture-0880.html,ARBA Youth Scholarship,American Rabbit Breeders Association,Award Amount Varies,5/31/2025,Need-Based: No
scholarships_html/internationalscholarships-1110.html,C.Y. Cheng Award For International Understanding,East Stroudsburg University,$ 300,March 29,30
scholarships_html/scholarships360-1666.html,Ladish Co. Foundation Scholarships,,"$ 10,000",This scholarship might not currently be accepting applications. Most scholarship programs only accept applications a few months ahead of their annual deadline. We’ve estimated this deadline based on last year’s deadline,ship Earning this scholarship will help me achieve my educational and career goals by reducing the cost of my full-time tuition.
scholarships_html/bigfuture-1939.html,"David G. Meyers, MD, MPH Scholarship",Johnson County Community College,Award Amount Varies,1/1/2025,Need-Based: No
scholarships_html/mastersportal-1785.html,EDHEC Academic Excellence Scholarship,EDHE,"USD 23,285",06 Jun 2026,Multiple
scholarships_html/internationalscholarships-0636.html,A Scholarship at,SIT Graduate Institute,$,22nd of March,1
scholarships_html/scholarships360-1117.html,I Have a Dream Scholarship,,"$ 10,000",This scholarship might not currently be accepting applications. Most scholarship programs only accept applications a few months ahead of their annual deadline. We’ve estimated this deadline based on last year’s deadline,ship Earning this scholarship will help me achieve my educational and career goals by reducing the cost of my full-time tuition.
scholarships_html/internationalscholarships-1223.html,Summer Internship Program in Research for Graduate Students,Education Testing Service,"$ 5,000",February 1,12
scholarships_html/mastersportal-1036.html,Global Innovator Scholarship,Federation University Australia,"USD 21,918",Anytime,"ear Tuition unknown 12 months Curtin University Perth, Western Australia, Australia 21,918 USD / year 13,624 USD / year Tuition unknown 12 months Featured Agricultural Systems Major (MSc AgriFoodSecur) M."
scholarships_html/mastersportal-1889.html,Bhal J. Bhatt Memorial International Business Scholarship,The University of Toledo,unknown,01 Mar 2026,"nths Graduate Institute of International and Development Studies Genève, Switzerland 10,098 USD / year 6,311 USD / year Tuition unknown 24 months Global Trade Management M."
scholarships_html/internationalscholarships-0133.html,Pharmacy Innovation Scholarship,GoodRx,"$ 10,000",,
scholarships_html/bigfuture-1468.html,Pete Peterson Endowed Memorial Scholarship,University of South Florida,Award Amount Varies,12/1/2024,Need-Based: No
scholarships_html/internationalscholarships-0887.html,New Zealand Summer Student Scholarship,University of Auckland,NZ$5000,September 28,1
scholarships_html/bigfuture-1462.html,Dr. and Mrs. Jose and Jeannie Arias Scholarship,University of South Florida,Award Amount Varies,12/1/2024,Need-Based: Yes
scholarships_html/scholarships360-1923.html,Lautzenheiser-Smith Scholarship,,"$ 10,000",This scholarship might not currently be accepting applications. Most scholarship programs only accept applications a few months ahead of their annual deadline. We’ve estimated this deadline based on last year’s deadline,ship Earning this scholarship will help me achieve my educational and career goals by reducing the cost of my full-time tuition.
scholarships_html/scholarships360-0806.html,Anthony Quinn Foundation Scholarships,,"$ 10,000",This scholarship might not currently be accepting applications. Most scholarship programs only accept applications a few months ahead of their annual deadline. We’ve estimated this deadline based on last year’s deadline,ship Earning this scholarship will help me achieve my educational and career goals by reducing the cost of my full-time tuition.
scholarships_html/bigfuture-0478.html,Pima Merit Tuition Award,Pima Community College,Award Amount Varies,10/1/2024,Need-Based: No
scholarships_html/scholarship-2178.html,Pauline & Sanford Saunders Scholarship,Scholarships.com,"$ 2,500","March 15, 2026",
scholarships_html/scholarships360-1536.html,ASME INSPIRE/Charles W.E. Clarke Scholarship,,"$ 10,000",This scholarship might not currently be accepting applications. Most scholarship programs only accept applications a few months ahead of their annual deadline. We’ve estimated this deadline based on last year’s deadline,ship Earning this scholarship will help me achieve my educational and career goals by reducing the cost of my full-time tuition.
scholarships_html/mastersportal-0297.html,ANU Alumni postgraduate support scheme,Australian National University,"USD 21,770",Not specified,"ear Tuition unknown 12 months Curtin University Perth, Western Australia, Australia 21,770 USD / year 13,532 USD / year Tuition unknown 12 months Featured Agricultural Systems Major (MSc AgriFoodSecur) M."
scholarships_html/scholarship-1149.html,Austin College John D. Moseley Alumni Scholarships,Scholarships.com,"$ 4,000","February 01, 2026",
scholarships_html/bigfuture-2029.html,Grinnell Family Math Scholarship,Johnson County Community College,Award Amount Varies,1/1/2025,Need-Based: No
scholarships_html/scholarships360-1512.html,Jennifer C. Groot Memorial Fellowship,,"$ 10,000",This scholarship might not currently be accepting applications. Most scholarship programs only accept applications a few months ahead of their annual deadline. We’ve estimated this deadline based on last year’s deadline,ship Earning this scholarship will help me achieve my educational and career goals by reducing the cost of my full-time tuition.
scholarships_html/scholarship-1820.html,Jewish Federation of Greater Pittsburgh Central Scholarships,Scholarships.com,"Amount Varies Deadline: March 01, 2026 Awards Available: Varies Eligibility Criteria: Financial Aid Status State Selection Religious Affiliation Current Year in School County Selection Citizenship Age You May Also Like N","March 01, 2026",
scholarships_html/scholarship-1154.html,Beta Gamma Recruitment Grant,Scholarships.com,$ 10,"February 01, 2026",Beta Gamma Recruitment Grant - Scholarships.
scholarships_html/scholarship-0102.html,Chicago Public Schools (CPS) Scholarships,Scholarships.com,"$ 269,784","January 02, 2026",full tuition
scholarships_html/scholarships360-2063.html,Julio Mata Family Scholarship,,"$ 10,000",This scholarship might not currently be accepting applications. Most scholarship programs only accept applications a few months ahead of their annual deadline. We’ve estimated this deadline based on last year’s deadline,ship Earning this scholarship will help me achieve my educational and career goals by reducing the cost of my full-time tuition.
scholarships_html/mastersportal-0220.html,Sam Eames Grant-in-Aid,Massey University,"$ 1,500",15 Sep 2025,"21,496 USD / year Tuition unknown 12 months Victoria University of Wellington Wellington, New Zealand 21,496 USD / year Tuition unknown 12 months Featured Political Science M."
scholarships_html/mastersportal-2013.html,MSc09(1976) Scholarship,London Business School,"USD 23,285",Anytime,"London Business School awards scholarships, bursaries, tuition fee reductions and discounts that help you cover existing tuition and living costs."
scholarships_html/scholarship-1212.html,JSU Mildred L. Sheppard Scholarship,Scholarships.com,"Amount Varies Deadline: February 01, 2026 Awards Available: Varies Eligibility Criteria: Selected Major(s) Current Year in School College Selection College Selection State Citizenship Age Share: You May Also Like Niche $","February 01, 2026",
scholarships_html/bigfuture-1236.html,Chemistry Alumni Scholarship,University of West Florida,Award Amount Varies,11/1/2024,Need-Based: No
scholarships_html/internationalscholarships-0647.html,Future of Work Challenge,The DO Schol,0,February 11,10
scholarships_html/bigfuture-0542.html,Alpha Sigma Phi,University of Massachusetts Amherst,Award Amount Varies,12/1/2024,Need-Based: Yes
scholarships_html/mastersportal-0377.html,Tech Disrupt and Transform Scholarship,London Business School,"£ 50,000",Anytime,"London Business School awards scholarships, bursaries, tuition fee reductions and discounts that help you cover existing tuition and living costs."
scholarships_html/scholarships360-0279.html,Barbizon College Tuition Scholarship,,"$ 10,000","December 31, 2025","dline: December 31, 2025 Winner Announcement December 31, 2026 Start Applying Scholarship Overview The Barbizon College Tuition Scholarship is a game-changer for students looking to achieve their higher education goals."
scholarships_html/internationalscholarships-0239.html,Scholarship,Toolsmesh,,August,1
scholarships_html/bigfuture-1497.html,John and Grace Allen Endowed Scholarship,University of South Florida,Award Amount Varies,12/1/2024,Need-Based: Yes
scholarships_html/mastersportal-0820.html,Haaga-Helia Scholarships for Master's students,Haaga-Helia University of Applied Sciences,"€ 2,000",Anytime,"us 17,590 USD / year Free Tuition unknown 24 months Hanken School of Economics Helsinki, Finland 17,590 USD / year Free Tuition unknown 24 months Featured Sustainable Energy Systems M."
scholarships_html/scholarships360-1715.html,TEA Don Sahli-Kathy Woodall Al Mance Memorial Ethnic Minority Male Scholarship,,"$ 10,000",This scholarship might not currently be accepting applications. Most scholarship programs only accept applications a few months ahead of their annual deadline. We’ve estimated this deadline based on last year’s deadline,ship Earning this scholarship will help me achieve my educational and career goals by reducing the cost of my full-time tuition.
scholarships_html/mastersportal-1966.html,The Early Childhood Education Graduate Student Award,The University of Alabama at Birmingham,unknown,Not specified,"ssissippi State University Starkville, Mississippi, United States 27,637 USD / year 27,637 USD / year 10,052 USD / year Tuition unknown 24 months Early Childhood Education M."
scholarships_html/scholarship-0332.html,Jane Allen Newman Scholarship,Scholarships.com,"$ 10,000","March 07, 2026",
scholarships_html/bigfuture-1840.html,Lambda Chi Alpha Endowed Scholarship,Stetson University,Award Amount Varies,1/1/2025,Need-Based: Yes
scholarships_html/mastersportal-0203.html,Jade Prize,Massey University,"$ 2,000",16 Nov 2025,"21,496 USD / year Tuition unknown 12 months Victoria University of Wellington Wellington, New Zealand 21,496 USD / year Tuition unknown 12 months Featured Political Science M."
scholarships_html/internationalscholarships-0698.html,Washington,Pointe Pest Control,$ 750,April,1
scholarships_html/internationalscholarships-0142.html,Preparation Scholarship,Apex GMAT,"$ 1,000",No,25
scholarships_html/scholarships360-0786.html,AFSCME Family Scholarship,,"$ 10,000",This scholarship might not currently be accepting applications. Most scholarship programs only accept applications a few months ahead of their annual deadline. We’ve estimated this deadline based on last year’s deadline,ship Earning this scholarship will help me achieve my educational and career goals by reducing the cost of my full-time tuition.
scholarships_html/bigfuture-0822.html,Joseph K. Lumsden Memorial Scholarship,Sault Ste. Marie Tribe of Chippewa Indians,"$ 1,000",6/1/2025,Need-Based: No
scholarships_html/bigfuture-1891.html,Montana National Guard Tuition Scholarship,Office of the Commissioner of Higher Education,Award Amount Varies,1/1/2025,Need-Based: Yes
scholarships_html/scholarship-0218.html,Alliant Credit Union Members Scholarship,Scholarships.com,"$ 2,000","July 12, 2025",", our winners can use their scholarship to buy a new computer or cover other costs (it's not just limited to paying for tuition)."
scholarships_html/internationalscholarships-0405.html,Nursing Home & Elderly Care Scholarship,Green Law Firm,,December,1
scholarships_html/mastersportal-0339.html,Alex Lindsay Memorial Award,Massey University,unknown,30 Jul 2025,"21,496 USD / year Tuition unknown 12 months Victoria University of Wellington Wellington, New Zealand 21,496 USD / year Tuition unknown 12 months Featured Political Science M."
scholarships_html/mastersportal-1338.html,Roy E.L. Watson Graduate Scholarship,University of Victoria,"USD 28,014",Anytime,Multiple
scholarships_html/internationalscholarships-1247.html,NSERC Post-doctoral Fellowship,Natural Sciences and Engineering Research Council of Canada,"$ 40,000",October 15,Variable
scholarships_html/internationalscholarships-1287.html,PhD Scholarship,IMT Institute for Advanced Studies,"13,638",October 28,24
scholarships_html/mastersportal-0821.html,Early payment discount - Postgraduate February 2025 entry,University of Surrey,"£ 2,000",Anytime,"17,628 USD / year Tuition unknown 12 months Queen Mary University of London Online 49,730 USD / year 17,628 USD / year Tuition unknown 12 months Featured Computer Science (Conversion) M."
scholarships_html/scholarship-2095.html,Brittany Bowers Beauty & Brains Scholarship,Scholarships.com,"$ 1,500","March 15, 2026",
scholarships_html/bigfuture-1477.html,Readers Digest Endowed Scholarship,University of South Florida,Award Amount Varies,12/1/2024,Need-Based: Yes
scholarships_html/scholarships360-1048.html,Jet Future Business Leaders Scholarship,,"$ 10,000",This scholarship might not currently be accepting applications. Most scholarship programs only accept applications a few months ahead of their annual deadline. We’ve estimated this deadline based on last year’s deadline,ship Earning this scholarship will help me achieve my educational and career goals by reducing the cost of my full-time tuition.
scholarships_html/mastersportal-1850.html,Darrick Antell M.D. Medical Student Family Fund,The University of Toledo,unknown,01 Mar 2026,"17,652 USD / year Tuition unknown 12 months Queen Mary University of London Online 49,797 USD / year 17,652 USD / year Tuition unknown 12 months Featured Disaster Medicine M."
scholarships_html/scholarship-1857.html,Northern Illinois University AIM HIGH Scholarship,Scholarships.com,"$ 10,000","March 01, 2026","Our undergraduate tuition rates haven’t increased in the last five years, while we’ve added millions of dollars in new scholarships."
scholarships_html/scholarship-1457.html,The Barrows Family Scholarship Fund,Scholarships.com,"$ 1,000","February 13, 2026",
scholarships_html/scholarship-1137.html,WMU Foundation Scholarships,Scholarships.com,"$ 10,000","January 31, 2026",
scholarships_html/scholarship-2189.html,Saab Family Foundation Scholarship,Scholarships.com,"$ 10,000","March 15, 2026","Scholarships are awarded based on academic merit and financial need; and may be provided to cover tuition, room and board, fees, and book expenses."
scholarships_html/scholarship-1015.html,John F. Kennedy Profile in Courage Essay Contest,Scholarships.com,"$ 10,000","January 17, 2026",
scholarships_html/scholarships360-0341.html,Lonsdale Magaro Build Scholarship,,"$ 10,000",Rolling Start Applying Scholarship Overview The Lonsdale Magaro Build Scholarship is an incredibly generous scholarship offered to the most academically impressive and promising students enrolling at the University of Au,ship Earning this scholarship will help me achieve my educational and career goals by reducing the cost of my full-time tuition.
scholarships_html/mastersportal-1198.html,Cranfield Scholarships,Cranfield University,"USD 49,797",Anytime,"17,652 USD / year Tuition unknown 12 months Queen Mary University of London Online 49,797 USD / year 17,652 USD / year Tuition unknown 12 months Featured Computer Science (Conversion) M."
scholarships_html/mastersportal-0098.html,Ethos Orthodontics Graduate Scholarship,University of Queensland,"$ 20,000",Not specified,"ear Tuition unknown 12 months Curtin University Perth, Western Australia, Australia 21,770 USD / year 13,532 USD / year Tuition unknown 12 months Featured Agricultural Systems Major (MSc AgriFoodSecur) M."
scholarships_html/bigfuture-1568.html,Bank of America Scholarship,University of South Florida,Award Amount Varies,12/1/2024,Need-Based: Yes
scholarships_html/bigfuture-0073.html,Robert Elmore Honors Part-Time Endowed Scholarship,Broward College,Award Amount Varies,1/1/2025,Need-Based : No
scholarships_html/internationalscholarships-1074.html,Scholarships For Italian Language Courses,ELLCI,50% reduction on the course prices,December 31,5
scholarships_html/mastersportal-0187.html,Ceridwen Indigenous Scholarship,University of Queensland,"$ 3,500",09 Oct 2025,"ear Tuition unknown 12 months Curtin University Perth, Western Australia, Australia 21,770 USD / year 13,532 USD / year Tuition unknown 12 months Featured Agricultural Systems Major (MSc AgriFoodSecur) M."
scholarships_html/scholarships360-0092.html,Florida State Golf Association (FSGA) Foundation Scholarship,,"$ 10,000","July 1, 2025",ship Earning this scholarship will help me achieve my educational and career goals by reducing the cost of my full-time tuition.
scholarships_html/internationalscholarships-0850.html,Fellowship - Amani African Youth Peace Fellowship in Thailand,World Peace Initiative,,,
scholarships_html/internationalscholarships-0404.html,International Student Scholarships,Central Penn College,10000,Automatically entered with application,Unlimited
scholarships_html/mastersportal-1694.html,Esther Wheeler Wadsworth Hall Research Award Scholarship,University of North Dakota,"$ 1,100",01 Mar 2026,"University of North Dakota awards scholarships, bursaries, tuition fee reductions and discounts that help you cover existing tuition and living costs."
scholarships_html/bigfuture-0775.html,Baseball Scholarship,The American Legion,"$ 1,000",5/15/2025,Need-Based: No
scholarships_html/scholarship-1114.html,SAA Native American Scholarships,Scholarships.com,"$ 10,000","January 31, 2026",
scholarships_html/scholarship-0246.html,University of Maine at Presque Isle Merit Awards,Scholarships.com,"$ 20,000","July 15, 2025",Scholarships.com Students Scholarship Search College scholarships you qualify for. Scholarship Directory Find scholarships by category. Student Resources Top resources for your scholarship journey. Student Loans Explore loan options to help pay for college.
scholarships_html/internationalscholarships-0371.html,European PhD Flavor Research Bursary for first year PhD students - 2018/,Giract,EUR 3000,"December 31, 2019",2019
scholarships_html/bigfuture-0875.html,Scholarship,Maryland Society of Surveyors,"$ 2,500",5/30/2025,Need-Based: Yes
scholarships_html/bigfuture-1735.html,2+2 Transfer Scholarship,Maryland Higher Education Commission,"$ 2,000",5/1/2025,Need-Based: Yes
scholarships_html/bigfuture-0144.html,", Gender, and Transborder Studies and Sociology (EGTS, EGTSS)",Pima Community College Foundation,$ 300,3/1/2025,Need-Based: No
scholarships_html/scholarships360-0349.html,Golden LEAF Community Colleges Scholarship,,"$ 10,000","Varies Start Applying Scholarship Overview Attending community college is an amazing, financially savvy alternative to enrolling in a four-year university straight from high school. With generally lower tuition rates, it",ship Earning this scholarship will help me achieve my educational and career goals by reducing the cost of my full-time tuition.
scholarships_html/scholarships360-1856.html,Northern Fruit/Ice Lakes Scholarship,,"$ 10,000",This scholarship might not currently be accepting applications. Most scholarship programs only accept applications a few months ahead of their annual deadline. We’ve estimated this deadline based on last year’s deadline,ship Earning this scholarship will help me achieve my educational and career goals by reducing the cost of my full-time tuition.
scholarships_html/bigfuture-1166.html,Agronomy Career Development Event Awards,National FFA Organization,"$ 1,000",3/1/2025,Need-Based : No
scholarships_html/scholarship-2137.html,Gladys D. Goodson Scholarship,Scholarships.com,"$ 8,000","March 15, 2026",
scholarships_html/internationalscholarships-0051.html,Sustainability Scholarship,finduddannelse.dk,€5000,,22
scholarships_html/internationalscholarships-1318.html,The Von-muralt-lo Scholarship,IMD,"25,000",September 30,2
scholarships_html/scholarships360-0958.html,Foster’s Outriders Vocational/Trade School Scholarships,,"$ 10,000",This scholarship might not currently be accepting applications. Most scholarship programs only accept applications a few months ahead of their annual deadline. We’ve estimated this deadline based on last year’s deadline,ship Earning this scholarship will help me achieve my educational and career goals by reducing the cost of my full-time tuition.
scholarships_html/internationalscholarships-0443.html,Course with King's College London,King's International Foundation,,31 March 2018,
scholarships_html/bigfuture-0193.html,Wisconsin Indian Student Assistance Scholarship,Wisconsin Higher Educational Aids Board,"$ 1,100",4/30/2025,Need-Based : Yes
scholarships_html/mastersportal-0708.html,Faculty of Science and Engineering Women in STEM Scholarship,Macquarie University,"$ 5,000",Not specified,"ear Tuition unknown 12 months Curtin University Perth, Western Australia, Australia 21,770 USD / year 13,532 USD / year Tuition unknown 12 months Featured Agricultural Systems Major (MSc AgriFoodSecur) M."
scholarships_html/mastersportal-1886.html,Borge and Hennie Reimer Endowed Scholarship,The University of Toledo,unknown,01 Mar 2026,"USD / year 22,691 USD / year Tuition unknown 12 months University of Sydney Online 38,673 USD / year 22,691 USD / year Tuition unknown 12 months Disaster Medicine M."
scholarships_html/scholarship-1705.html,Aubrey Lee Brooks Scholarships,Scholarships.com,"$ 48,000","March 01, 2026",
scholarships_html/scholarships360-0901.html,Teen Change-Maker Essay Contest,,"$ 10,000",This scholarship might not currently be accepting applications. Most scholarship programs only accept applications a few months ahead of their annual deadline. We’ve estimated this deadline based on last year’s deadline,ship Earning this scholarship will help me achieve my educational and career goals by reducing the cost of my full-time tuition.
scholarships_html/internationalscholarships-1544.html,Ambassador Award,Schiller International University,50% of tuition,Unrestricted,20
scholarships_html/scholarships360-1056.html,Betty McKern Scholarship,,"$ 10,000",This scholarship might not currently be accepting applications. Most scholarship programs only accept applications a few months ahead of their annual deadline. We’ve estimated this deadline based on last year’s deadline,ship Earning this scholarship will help me achieve my educational and career goals by reducing the cost of my full-time tuition.
scholarships_html/bigfuture-0295.html,Elsie Davie Endowed Scholarship,Broward College,Award Amount Varies,1/1/2025,Need-Based: Yes
scholarships_html/internationalscholarships-1009.html,Simpson Scholarships For Study Abroad,American University In Cairo,"$ 2,500",March 15,10
scholarships_html/scholarship-1200.html,JSU Alabama Cole (Leone) Memorial Scholarship,Scholarships.com,"$ 10,000","February 01, 2026",
scholarships_html/scholarships360-1524.html,Libbie H. Hyman Memorial Scholarship For Courses & Research at a Field Station,,"$ 10,000",This scholarship might not currently be accepting applications. Most scholarship programs only accept applications a few months ahead of their annual deadline. We’ve estimated this deadline based on last year’s deadline,ship Earning this scholarship will help me achieve my educational and career goals by reducing the cost of my full-time tuition.
scholarships_html/mastersportal-0343.html,Best University Access Grade Award,Esade,"USD 29,785",Anytime,Multiple
scholarships_html/scholarships360-0925.html,Margaret Mcnamara US-Canada Program,,"$ 10,000",This scholarship might not currently be accepting applications. Most scholarship programs only accept applications a few months ahead of their annual deadline. We’ve estimated this deadline based on last year’s deadline,"The scholarship is offered by the Margaret Mcnamara Education Grant, a nonprofit public charity dedicated to awarding education grants to women from developing countries since 1981."
scholarships_html/scholarship-2143.html,Henry J. and Pauline M. Armstrong Scholarship,Scholarships.com,"$ 2,000","March 15, 2026",
scholarships_html/scholarship-2007.html,Communities Foundation of Oklahoma Scholarships,Scholarships.com,"$ 28,000","March 08, 2026",
scholarships_html/mastersportal-1009.html,Bliss Family Scholarship,The University of Toledo,unknown,01 Mar 2026,full Tuition
scholarships_html/internationalscholarships-1180.html,Research Training Fellowships through the,British Digestive Foundation,Variable,July,9
scholarships_html/scholarships360-1776.html,Donald and Mary Muenster Memorial Scholarship,,"$ 10,000",This scholarship might not currently be accepting applications. Most scholarship programs only accept applications a few months ahead of their annual deadline. We’ve estimated this deadline based on last year’s deadline,ship Earning this scholarship will help me achieve my educational and career goals by reducing the cost of my full-time tuition.
scholarships_html/scholarship-1486.html,Cornish College of the Arts Scholarships,Scholarships.com,"$ 10,000","February 15, 2026","The number of awards will vary, as will the dollar amounts (with some offering up to full-tuition)."
scholarships_html/scholarships360-0576.html,Tennessee Promise,,"$ 10,000",This scholarship might not currently be accepting applications. Most scholarship programs only accept applications a few months ahead of their annual deadline. We’ve estimated this deadline based on last year’s deadline,ship Earning this scholarship will help me achieve my educational and career goals by reducing the cost of my full-time tuition.
scholarships_html/scholarships360-0739.html,Burger King Scholars Program,,"$ 10,000",This scholarship might not currently be accepting applications. Most scholarship programs only accept applications a few months ahead of their annual deadline. We’ve estimated this deadline based on last year’s deadline,ship Earning this scholarship will help me achieve my educational and career goals by reducing the cost of my full-time tuition.
scholarships_html/bigfuture-0214.html,Broward Endowed Scholarship,Broward College,Award Amount Varies,1/1/2025,Need-Based: Yes
scholarships_html/internationalscholarships-1172.html,BSF Grants,United States-Israel Binational Science Foundation,"$ 45,000",November 15,Variable
scholarships_html/mastersportal-2103.html,Robert Living Memorial Award,Algonquin College,"USD 32,208",Not specified,"ersity of Tennessee Knoxville Knoxville, Tennessee, United States 32,208 USD / year 32,208 USD / year 13,720 USD / year Tuition unknown 12 months Featured Electrical Engineering M."
scholarships_html/internationalscholarships-0574.html,Transfer Global Scholarship,Hiram College,Varies,February 15,Multiple
scholarships_html/bigfuture-1847.html,REACH Georgia Scholarship Program,Georgia Student Finance Commission,"$ 2,500",1/1/2025,
scholarships_html/internationalscholarships-0662.html,Provost Scholarship for Global Diversity and Academic Achievement,Slippery Rock University,"$ 1,500",,unlimited
scholarships_html/internationalscholarships-0335.html,International Baccalaureate Scholarship at,The College of Idaho,"$ 11,000",Unrestricted,Variable
scholarships_html/bigfuture-1189.html,Jacksonville Sheriff's Office Endowed Scholarship,Florida State University,Award Amount Varies,11/1/2024,Need-Based: Yes
scholarships_html/mastersportal-1998.html,Talent & Need Scholarships,Esade,"USD 24,589",Anytime,Multiple
scholarships_html/internationalscholarships-0410.html,Presidential Scholarship,Maryville College,"23,000",Fall: March 1 - Spring: November 1 (applications are accepted after these dates),1+
scholarships_html/mastersportal-1064.html,Graduate Merit Scholarships,Zayed University,"USD 13,979",Not specified,Multiple
scholarships_html/scholarship-1326.html,George William Roe Scholarship,Scholarships.com,"$ 10,000","February 07, 2026",
scholarships_html/internationalscholarships-1564.html,Scholarship Opportunities,CollegeWeekLive,"$ 5,000",,
scholarships_html/mastersportal-0317.html,Rod McPherson Memorial Rural Scholarship,Massey University,unknown,29 Aug 2025,"21,496 USD / year Tuition unknown 12 months Victoria University of Wellington Wellington, New Zealand 21,496 USD / year Tuition unknown 12 months Featured Political Science M."
scholarships_html/scholarship-1573.html,Fort Worth Scottish Rite Foundation,Scholarships.com,"$ 2,500","February 21, 2026",
scholarships_html/bigfuture-0098.html,The Kathryn Huget Leadership Award,Calgary Foundation,"$ 1,000",1/23/2025,Need-Based: No
scholarships_html/bigfuture-1707.html,Mainstreet Credit Union Scholarship,Johnson County Community College,Award Amount Varies,1/1/2025,Need-Based: No
scholarships_html/bigfuture-0717.html,COAP Scholarship,New York State Society of Certified Public Accountants,"$ 2,000",5/9/2025,Need-Based: No
scholarships_html/bigfuture-1137.html,Professor Chen Wen-Chen Scholarship,Professor Chen Wen-Chen's Memorial Foundation,Award Amount Varies,6/1/2025,Need-Based: Yes
scholarships_html/internationalscholarships-0317.html,Research Grants,Harry Frank Guggenheim Foundation,"$ 15,000",,"The Research Grant Most awards fall within the range of $15,000 to $40,000 per year for periods of one or two years."
scholarships_html/scholarship-0988.html,Southwest Georgia Farm Credit Scholarship,Scholarships.com,"$ 1,500","January 15, 2026",
scholarships_html/bigfuture-1073.html,Mrs Prindables Future Educator Scholarship - BigFuture Scholarship Search,Mrs Prindables Future Educator Scholarship,"$ 1,000",6/1/2025,Need-Based: No
scholarships_html/scholarship-0911.html,National FFA Scholarship Program,Scholarships.com,"$ 10,000","January 09, 2026",
scholarships_html/internationalscholarships-0431.html,Bob Bennett Memorial Scholarship,Unity One Credit Union,$ 250,"Friday, April 27th",2018
scholarships_html/internationalscholarships-0872.html,UNIRAZAK Postgraduate Research Scholarships,Business,monthly stipend,,monthly stipend
scholarships_html/mastersportal-2056.html,Fit Accompli Award,Algonquin College,"USD 13,842",Not specified,Multiple
scholarships_html/internationalscholarships-0906.html,Summer Fellowship,Electrochemical Society,"$ 5,000",January 15,3
scholarships_html/mastersportal-0430.html,Sports Scholarships,University of Hertfordshire,"USD 31,937",Not specified,"/ year 5,213 USD / year Tuition unknown 18 months Humber Polytechnic Toronto, Canada 13,965 USD / year 5,213 USD / year Tuition unknown 18 months Featured Sports Management M."
scholarships_html/mastersportal-1091.html,Research School of Accounting South East Asia Merit Scholarship,Australian National University,"USD 21,918",Not specified,"ear Tuition unknown 12 months Curtin University Perth, Western Australia, Australia 21,918 USD / year 13,624 USD / year Tuition unknown 12 months Featured Agricultural Systems Major (MSc AgriFoodSecur) M."
scholarships_html/scholarships360-1310.html,George and Icy Vaughn Performing Arts Scholarship,,"$ 10,000",This scholarship might not currently be accepting applications. Most scholarship programs only accept applications a few months ahead of their annual deadline. We’ve estimated this deadline based on last year’s deadline,ship Earning this scholarship will help me achieve my educational and career goals by reducing the cost of my full-time tuition.
scholarships_html/bigfuture-0688.html,Wilmington Country Club Centennial Scholarship,Delaware Community Foundation,Award Amount Varies,6/1/2025,Need-Based: Yes
scholarships_html/bigfuture-1886.html,Alfred I. duPont Foundation Endowed Scholarship,Stetson University,Award Amount Varies,1/1/2025,Need-Based: No
scholarships_html/scholarship-0730.html,University of California Irvine Director's Scholarship,Scholarships.com,"$ 10,000","November 30, 2025",
scholarships_html/scholarship-0366.html,University of Alabama National Alumni Association Crimson Scholarship,Scholarships.com,"$ 150,688","January 10, 2026","an amount equal to the cost of in-state or out-of-state tuition plus an additional $3,500 per year, a $300 annual book grant and a one-time $2,000 Study Abroad/Research Stipend; awarded to entering freshmen; minimum 32 ACT or 1420 SAT score, 3."
scholarships_html/scholarships360-1814.html,Communication Disorder/Speech Therapy Scholarship,,"$ 10,000",This scholarship might not currently be accepting applications. Most scholarship programs only accept applications a few months ahead of their annual deadline. We’ve estimated this deadline based on last year’s deadline,ship Earning this scholarship will help me achieve my educational and career goals by reducing the cost of my full-time tuition.
scholarships_html/scholarship-0879.html,Odyssey Scholarships,Scholarships.com,"$ 10,000","January 02, 2026","No student loans are included in financial aid packages; instead, University grant funding is provided."
scholarships_html/bigfuture-0590.html,John and Alice Egan Multi-Year Scholarship,Order of Daedalians,Award Amount Varies,5/1/2025,Need-Based: Yes
scholarships_html/mastersportal-0028.html,China Construction Bank Scholarship,Duke Kunshan University,USD 844,Anytime,partial tuition
scholarships_html/scholarship-0871.html,Ruth Suckow Iowa Student College Scholarship,Scholarships.com,"$ 1,000","January 01, 2026","$500 to the student’s teacher (if there is one) for classroom materials, education, or other allowed use. Eligible students: Iowa AP High School Students"
scholarships_html/mastersportal-0432.html,Women Award,Università Commerciale Luigi Bocconi,"USD 44,311",Not specified,Full tuition
scholarships_html/bigfuture-1323.html,Pensacola Press Club Scholarship,University of West Florida,Award Amount Varies,3/1/2025,Need-Based: No
scholarships_html/scholarships360-1728.html,Tall Clubs International Scholarship,,"$ 10,000",This scholarship might not currently be accepting applications. Most scholarship programs only accept applications a few months ahead of their annual deadline. We’ve estimated this deadline based on last year’s deadline,ship Earning this scholarship will help me achieve my educational and career goals by reducing the cost of my full-time tuition.
scholarships_html/bigfuture-0953.html,Nursing Section Scholarship,North Carolina Public Health Association,Award Amount Varies,6/3/2025,Need-Based: Yes
scholarships_html/bigfuture-1589.html,Sports Clips Help a Hero Scholarship,Veterans of Foreign Wars of the United States,"$ 5,000",1/1/2025,Need-Based: Yes
scholarships_html/scholarships360-1765.html,Donald F. Hastings Scholarship,,"$ 10,000",This scholarship might not currently be accepting applications. Most scholarship programs only accept applications a few months ahead of their annual deadline. We’ve estimated this deadline based on last year’s deadline,ship Earning this scholarship will help me achieve my educational and career goals by reducing the cost of my full-time tuition.
scholarships_html/internationalscholarships-0726.html,Essaymama's Summer Essay Writing Contest,Essaymama.com,$ 0,1,to
scholarships_html/internationalscholarships-0260.html,Berkeley Haas Global Access Program Scholarship,Berkeley Haas Global Access Program (BHGAP),"$ 5,000","June 2, 11",4
scholarships_html/bigfuture-1729.html,Kemper Scholars,The Kemper Foundation,Award Amount Varies,1/1/2025,Need-Based: Yes
scholarships_html/scholarship-1235.html,"The Dr. Brian L. Davis Marine Biology, Conservation, and Education Scholarship Fund",Scholarships.com,"$ 20,000","February 01, 2026",
scholarships_html/scholarships360-0555.html,Women in Derivatives (WIND) High School Scholarship,,"$ 10,000",This scholarship might not currently be accepting applications. Most scholarship programs only accept applications a few months ahead of their annual deadline. We’ve estimated this deadline based on last year’s deadline,ship Earning this scholarship will help me achieve my educational and career goals by reducing the cost of my full-time tuition.
scholarships_html/scholarship-0975.html,MaryEllen Locher Foundation Scholarship,Scholarships.com,"$ 2,000","January 15, 2026",
scholarships_html/scholarships360-1958.html,Nancy and Barry Carlson Scholarship,,"$ 10,000",This scholarship might not currently be accepting applications. Most scholarship programs only accept applications a few months ahead of their annual deadline. We’ve estimated this deadline based on last year’s deadline,ship Earning this scholarship will help me achieve my educational and career goals by reducing the cost of my full-time tuition.
scholarships_html/mastersportal-1979.html,MBA Excellence Scholarship,University of Leeds,Variable - awarded as a tuition fee deduction Eligibility Eligibility The scholarships will be awarded to particularly deserving applicants to the full-time MBA starting in September. Candidates will be assessed by their,Anytime,"USD / year 23,285 USD / year Tuition unknown 24 months ESMT Berlin Berlin, Germany 23,285 USD / year 23,285 USD / year Tuition unknown 24 months Featured International Business M."
scholarships_html/mastersportal-1988.html,Richard K. Degenhardt Belleek Collectors' Scholarships,Ulster University,"USD 1,800",Not specified,Multiple
scholarships_html/bigfuture-0522.html,Fogolâr Furlan di Calgary Graduate Scholarship in Italian Studies,Calgary Foundation,"$ 5,000",1/23/2025,Need-Based: No
scholarships_html/scholarship-0136.html,College of the Marshall Islands MISGLB,Scholarships.com,$ 500,"June 30, 2025",
scholarships_html/mastersportal-2016.html,HHL VDI Scholarship,HHL Leipzig Graduate School of Management,"USD 23,285",30 Jul 2025,"USD / year 23,285 USD / year Tuition unknown 24 months ESMT Berlin Berlin, Germany 23,285 USD / year 23,285 USD / year Tuition unknown 24 months Featured International Business M."
scholarships_html/scholarship-2145.html,James M. & Martha J. Perry Agricultural Scholarship,Scholarships.com,"$ 1,500","March 15, 2026","This scholarship will not be awarded to any student who receives a scholarship which sufficiently finances all tuition, fees, and books during the student’s initial year of college study."
scholarships_html/scholarship-0686.html,REEL Milk Moments Video Scholarship Contest,Scholarships.com,"$ 8,000","November 04, 2025",
scholarships_html/mastersportal-1487.html,Professor Barbara Raw Masters Scholarships for English,Royal Holloway University of London,"£ 10,000",Not specified,Multiple
scholarships_html/scholarships360-1100.html,Anne Trevarthen Memorial Scholarship,,"$ 10,000",This scholarship might not currently be accepting applications. Most scholarship programs only accept applications a few months ahead of their annual deadline. We’ve estimated this deadline based on last year’s deadline,ship Earning this scholarship will help me achieve my educational and career goals by reducing the cost of my full-time tuition.
scholarships_html/scholarship-0882.html,BIA Cares Scholarships,Scholarships.com,"$ 10,000","January 03, 2026",
scholarships_html/bigfuture-1076.html,NEACHMM Student Scholarship,New England Chapter of the Academy of Certified Hazardous Materials Managers,"$ 1,000",6/25/2025,Need-Based : No
scholarships_html/scholarship-1632.html,Korean University Club Scholarship,Scholarships.com,"$ 10,000","February 28, 2026",
scholarships_html/bigfuture-0161.html,Stiles Corporation Endowed Scholarship,Broward College,Award Amount Varies,1/1/2025,Need-Based: No
scholarships_html/internationalscholarships-0897.html,"Copernicus Center Scholarship, Postdoctoral Researchers(Physics and Cosmology)",John Templeton Foundation,2000 USD/month (gross),March,1
scholarships_html/bigfuture-2020.html,Music Scholarship,Stetson University,Award Amount Varies,1/1/2025,Need-Based: No
scholarships_html/mastersportal-0713.html,The Talent Scholarship,Rennes School of Business,"€ 5,000",Not specified,"Rennes School of Business awards scholarships, bursaries, tuition fee reductions and discounts that help you cover existing tuition and living costs."
scholarships_html/mastersportal-1922.html,Mary Ellen and George M. Blackburn Award,Central Michigan University,unknown,Not specified,Merit and need based Number of scholarships to award Multiple Grant Unknown Scholarship coverage tuition fee reduction Description The purpose of the Mary Ellen and George M.
scholarships_html/bigfuture-0854.html,Traub-Dicker Rainbow Scholarship,Stonewall Community Foundation,"$ 4,000",2/1/2025,Need-Based: No
scholarships_html/scholarships360-0324.html,National Black College Alumni Hall of Fame HBCU Scholarship,,"$ 10,000","Rolling Start Applying Scholarship Overview Besides providing a thorough education in business, STEM, social sciences, or the arts, attending an HBCU is a wonderful opportunity for its chances at cultural enrichment and",ship Earning this scholarship will help me achieve my educational and career goals by reducing the cost of my full-time tuition.
scholarships_html/internationalscholarships-1072.html,- USA Centenary Scholarship,University Of Alberta,"$ 20,000",February,1
scholarships_html/scholarship-1610.html,CUNY Becas Mexican Studies Scholarship,Scholarships.com,"$ 7,500","February 28, 2026",
scholarships_html/bigfuture-1098.html,Tom Bowers Memorial Seminole Law Scholarship,Florida State University,Award Amount Varies,6/1/2025,Need-Based: No
scholarships_html/scholarships360-1280.html,Windsor Community Foundation Scholarship,,"$ 10,000",This scholarship might not currently be accepting applications. Most scholarship programs only accept applications a few months ahead of their annual deadline. We’ve estimated this deadline based on last year’s deadline,ship Earning this scholarship will help me achieve my educational and career goals by reducing the cost of my full-time tuition.
scholarships_html/mastersportal-1784.html,EIT Women in Engineering Scholarship,Engineering Institute of Technology,"USD 34,877",Not specified,full Tuition
scholarships_html/scholarship-0618.html,WSOS Career and Technical Scholarship,Scholarships.com,"$ 6,000","October 16, 2025","Can be used for tuition and other, related expenses."
scholarships_html/mastersportal-1953.html,RGU Financial Award for MBA Students,Robert Gordon University,"USD 23,285",Not specified,"Robert Gordon University awards scholarships, bursaries, tuition fee reductions and discounts that help you cover existing tuition and living costs."
scholarships_html/mastersportal-1606.html,Southampton Chemistry and Chemical Engineering Postgraduate International Scholarship,University of Southampton,"£ 3,000",Not specified,Multiple
scholarships_html/mastersportal-1616.html,California Society of Municipal Finance Officers Robert M. Odell Endowed Scholarship in Public Administration,California State University Northridge,"$ 2,500",Not specified,full Tuition
scholarships_html/scholarship-1586.html,Outer Banks Community Foundation Scholarships,Scholarships.com,"$ 3,247","February 24, 2026",
scholarships_html/scholarships360-0784.html,Chance of North Carolina Scholarship,,"$ 10,000",This scholarship might not currently be accepting applications. Most scholarship programs only accept applications a few months ahead of their annual deadline. We’ve estimated this deadline based on last year’s deadline,ship Earning this scholarship will help me achieve my educational and career goals by reducing the cost of my full-time tuition.
scholarships_html/bigfuture-0372.html,Joyce B. Cross Endowed Scholarship,Broward College,Award Amount Varies,1/1/2025,Need-Based: No
scholarships_html/mastersportal-1038.html,Oh no! You lost your internet connection...,,,,
scholarships_html/mastersportal-0980.html,Dr. Richard M. Gibson Scholarship,The University of Toledo,unknown,01 Mar 2026,full Tuition
scholarships_html/scholarship-1982.html,CDM Constructors Inc. Workforce Development Scholarship,Scholarships.com,"$ 5,000","March 07, 2026",
scholarships_html/mastersportal-1337.html,Diana and Martin Hocking Graduate Scholarship,University of Victoria,"USD 42,928",Anytime,Multiple
scholarships_html/internationalscholarships-1286.html,New England-China Scholarship Program,New England Board of Higher Education,Variable,Rolling,9
scholarships_html/mastersportal-0446.html,Vice-Chancellor's International Scholarships Scheme,University of Sydney,"$ 40,000",Anytime,Multiple
scholarships_html/scholarship-1689.html,Willard G. Plentl Sr. Aviation Scholarship,Scholarships.com,"$ 12,000","February 28, 2026",
scholarships_html/scholarships360-1559.html,Kleiman Family Scholarship,,"$ 10,000",This scholarship might not currently be accepting applications. Most scholarship programs only accept applications a few months ahead of their annual deadline. We’ve estimated this deadline based on last year’s deadline,ship Earning this scholarship will help me achieve my educational and career goals by reducing the cost of my full-time tuition.
scholarships_html/internationalscholarships-0745.html,PhD Program Scholarships at,IMT Institute for Advanced Studies,"€ 13,600","June 29 - 6 pm, Italian time",35
scholarships_html/scholarship-1613.html,Dr. Bomi Joseph Healthcare Scholarship,Scholarships.com,"$ 1,500","February 28, 2026",
scholarships_html/bigfuture-1172.html,Parliamentary Procedure Leadership Development Event,National FFA Organization,"$ 1,000",3/1/2025,Need-Based : No
scholarships_html/bigfuture-1487.html,NSHSS Visual Arts Scholarship,National Society of High School Scholars,"$ 1,000",5/13/2025,Need-Based : No
scholarships_html/mastersportal-0947.html,Grant,Higher Foundation,$ 500,Anytime,full Tuition
scholarships_html/internationalscholarships-1188.html,Research Grants through the,Geological Society of America,"$ 1,465",Unrestricted,235
scholarships_html/internationalscholarships-1031.html,Queens University Research Scholarship,"School of Law, Queens University",GBP 000,May,1
scholarships_html/scholarships360-1768.html,Joseph F. Woodson Scholarship,,"$ 10,000",This scholarship might not currently be accepting applications. Most scholarship programs only accept applications a few months ahead of their annual deadline. We’ve estimated this deadline based on last year’s deadline,ship Earning this scholarship will help me achieve my educational and career goals by reducing the cost of my full-time tuition.
scholarships_html/mastersportal-1467.html,The Deval Family Scholarship,Bayes Business School,"£ 10,000",13 May 2026,Multiple
scholarships_html/scholarships360-0068.html,NERA/USAA College Scholarship Program,,"$ 10,000",This scholarship might not currently be accepting applications. Most scholarship programs only accept applications a few months ahead of their annual deadline. We’ve estimated this deadline based on last year’s deadline,ship Earning this scholarship will help me achieve my educational and career goals by reducing the cost of my full-time tuition.
scholarships_html/internationalscholarships-1212.html,International Award through the,Institute of Food Technologists,"$ 3,000",December,1
scholarships_html/bigfuture-1403.html,Johnson Foundation Scholarship,University of West Florida,Award Amount Varies,3/1/2025,Need-Based : Yes
scholarships_html/scholarship-0118.html,Simon Youth Greg Saunders Legacy Scholarship Program,Scholarships.com,"$ 10,000","February 14, 2026",
scholarships_html/bigfuture-1136.html,El Futuro Scholarship,Sacramento Hispanic Chamber of Commerce,"$ 1,000",6/1/2025,Need-Based: Yes
scholarships_html/scholarships360-1857.html,Quentin and Ermagard Kuenzli Family Scholarship,,"$ 10,000",This scholarship might not currently be accepting applications. Most scholarship programs only accept applications a few months ahead of their annual deadline. We’ve estimated this deadline based on last year’s deadline,ship Earning this scholarship will help me achieve my educational and career goals by reducing the cost of my full-time tuition.
scholarships_html/scholarships360-1066.html,BK Krenzer Memorial Reentry Scholarship,,"$ 10,000",This scholarship might not currently be accepting applications. Most scholarship programs only accept applications a few months ahead of their annual deadline. We’ve estimated this deadline based on last year’s deadline,ship Earning this scholarship will help me achieve my educational and career goals by reducing the cost of my full-time tuition.
scholarships_html/bigfuture-1950.html,Jim and Eleanor Lowe Memorial Scholarship,Johnson County Community College,Award Amount Varies,1/1/2025,Need-Based: Yes
scholarships_html/scholarships360-0757.html,Top Ten List Scholarship,,"$ 10,000",This scholarship might not currently be accepting applications. Most scholarship programs only accept applications a few months ahead of their annual deadline. We’ve estimated this deadline based on last year’s deadline,ship Earning this scholarship will help me achieve my educational and career goals by reducing the cost of my full-time tuition.
scholarships_html/internationalscholarships-1503.html,Doctoral Dissertation Research In Chinese Studie,China Times Cultural Foundation,"$ 10,000",June 30,Variable
scholarships_html/bigfuture-0044.html,Aviation Maintenance Faculty Scholarship,Broward College,Award Amount Varies,1/1/2025,Need-Based: Yes
scholarships_html/scholarships360-1400.html,Hess Corporation Scholarship,,"$ 10,000",This scholarship might not currently be accepting applications. Most scholarship programs only accept applications a few months ahead of their annual deadline. We’ve estimated this deadline based on last year’s deadline,ship Earning this scholarship will help me achieve my educational and career goals by reducing the cost of my full-time tuition.
scholarships_html/scholarship-0627.html,SC Wildlife Federation Scholarships,Scholarships.com,$ 500,"October 31, 2025",
scholarships_html/internationalscholarships-0027.html,TDTU Scholarship for International Students in the 2024-2025 Academic Year,TON DUC THANG UNIVERSITY,full tuition,,full tuition
scholarships_html/bigfuture-0398.html,Darla Ordway Nursing Scholarship,Pima Community College Foundation,$ 500,3/1/2025,Need-Based: No
scholarships_html/internationalscholarships-1258.html,Plenum Scholarship,Special Libraries Association,$,October,1
scholarships_html/bigfuture-1534.html,Raney Family Fast 56 Scholarship,University of South Florida,Award Amount Varies,12/1/2024,Need-Based: No
scholarships_html/bigfuture-1028.html,Harvey Hardin Legacy Scholarship,Hi-Lo Desert Golf Course Superintendents Association,Award Amount Varies,6/12/2025,Need-Based: No
scholarships_html/bigfuture-1607.html,Compass Bank Endowed Scholarship,Florida State College at Jacksonville,Award Amount Varies,2/1/2025,Need-Based: Yes
scholarships_html/bigfuture-1926.html,David and Leighan Rinker Endowed Scholarship,Stetson University,Award Amount Varies,1/1/2025,Need-Based: No
scholarships_html/scholarships360-2024.html,Cleveland Browns Foundation Marion Motley Scholarship,,"$ 10,000",This scholarship might not currently be accepting applications. Most scholarship programs only accept applications a few months ahead of their annual deadline. We’ve estimated this deadline based on last year’s deadline,ship Earning this scholarship will help me achieve my educational and career goals by reducing the cost of my full-time tuition.
scholarships_html/scholarships360-0404.html,Distinguished Scholar in Humanities at Maria Curie-Sklodowska University,"Scholarships360 Get matched with vetted scholarships and enter our $10,000 No-Essay Scholarship Please select whichever best describes you for the 2024 - 2025 academic year. I’m a","$ 10,000",This scholarship might not currently be accepting applications. Most scholarship programs only accept applications a few months ahead of their annual deadline. We’ve estimated this deadline based on last year’s deadline,ship Earning this scholarship will help me achieve my educational and career goals by reducing the cost of my full-time tuition.
scholarships_html/scholarships360-0461.html,Building Bridges Scholarship,,"$ 10,000",This scholarship might not currently be accepting applications. Most scholarship programs only accept applications a few months ahead of their annual deadline. We’ve estimated this deadline based on last year’s deadline,ship Earning this scholarship will help me achieve my educational and career goals by reducing the cost of my full-time tuition.
scholarships_html/internationalscholarships-0978.html,Deans Scholarship at,Fordham University,"$ 10,000",January 15,Variable
scholarships_html/mastersportal-0716.html,Sports Scholarships,Solent University,"£ 5,000",Not specified,"Solent University awards scholarships, bursaries, tuition fee reductions and discounts that help you cover existing tuition and living costs."
scholarships_html/scholarship-0698.html,Florida Farm to School Essay Contest,Scholarships.com,"$ 1,500","November 15, 2025",
scholarships_html/internationalscholarships-0166.html,Women in Business Equal Pay,Nexford University,51% of tuition,,Earn a place and get 51% off your entire degree – pay tuition with monthly instalments.
scholarships_html/scholarship-1206.html,JSU Alabama Johnson (J.C.U.) Memorial Scholarship,Scholarships.com,"Amount Varies Deadline: February 01, 2026 Awards Available: Varies Eligibility Criteria: State Selection Current Year in School College Selection College Selection State County Selection Citizenship Age Share: You May Al","February 01, 2026",
scholarships_html/mastersportal-0286.html,Marian Spencer Scholarship,University of Cincinnati,"USD 27,940",01 Dec 2025,full Tuition
scholarships_html/scholarship-1435.html,Colorado Mesa University's Scholarships for Freshmen,Scholarships.com,"$ 30,000","February 10, 2026",
scholarships_html/scholarships360-1880.html,Arleigh Burke Association Scholarship,,"$ 10,000",This scholarship might not currently be accepting applications. Most scholarship programs only accept applications a few months ahead of their annual deadline. We’ve estimated this deadline based on last year’s deadline,ship Earning this scholarship will help me achieve my educational and career goals by reducing the cost of my full-time tuition.
scholarships_html/internationalscholarships-0062.html,Undergraduate & Associate Degree Program,Marine Corps Scholarship Foundation,"$ 2,500",The application opens January 1 and closes March 1 each year.,Varies
scholarships_html/scholarships360-1741.html,William B. and Joan A. Ramsay Family Scholarship,,"$ 10,000",This scholarship might not currently be accepting applications. Most scholarship programs only accept applications a few months ahead of their annual deadline. We’ve estimated this deadline based on last year’s deadline,ship Earning this scholarship will help me achieve my educational and career goals by reducing the cost of my full-time tuition.
scholarships_html/internationalscholarships-0254.html,Medical Student Scholarship Program For USA-Canada Students,AIS Technolabs,$,May,1
scholarships_html/scholarships360-1722.html,Skye Scholarship of Mendocino County,,"$ 10,000",This scholarship might not currently be accepting applications. Most scholarship programs only accept applications a few months ahead of their annual deadline. We’ve estimated this deadline based on last year’s deadline,ship Earning this scholarship will help me achieve my educational and career goals by reducing the cost of my full-time tuition.
scholarships_html/scholarship-0969.html,John Lenard Civil Engineering Scholarship,Scholarships.com,"$ 10,000","January 15, 2026","e than two undergraduate civil engineering students, who will use the scholarship for their sophomore, junior or senior tuition expenses and fees."
scholarships_html/scholarship-0225.html,Caleb Sabados Memorial Scholarship,Scholarships.com,"$ 2,500","July 15, 2025",
scholarships_html/internationalscholarships-0834.html,Hodgson LLM Scholarship,Elizabeth Hodgson Will Trust,£17862,July 1,2
scholarships_html/scholarship-1521.html,Tarleton State University Presidential Honors Program,Scholarships.com,"$ 40,000","February 15, 2026",
scholarships_html/internationalscholarships-0650.html,Partners For Peace Summit In Cameroon,Peace Revolution,0,"January 31,",2015
scholarships_html/scholarship-1432.html,Colorado Mesa University Academic Achievement Award,Scholarships.com,"$ 12,000","February 10, 2026",Scholarships.com Students Scholarship Search College scholarships you qualify for. Scholarship Directory Find scholarships by category. Student Resources Top resources for your scholarship journey. Student Loans Explore loan options to help pay for college.
scholarships_html/scholarships360-1825.html,Jim Redman Scholarship,,"$ 10,000",This scholarship might not currently be accepting applications. Most scholarship programs only accept applications a few months ahead of their annual deadline. We’ve estimated this deadline based on last year’s deadline,ship Earning this scholarship will help me achieve my educational and career goals by reducing the cost of my full-time tuition.
scholarships_html/scholarship-0462.html,National Space Club and Foundation Keynote Scholars Program,Scholarships.com,"$ 20,000","November 01, 2025",
scholarships_html/bigfuture-1824.html,Air Force ROTC Scholarship for High School Students,Stetson University,Award Amount Varies,1/1/2025,Need-Based: No
scholarships_html/bigfuture-0851.html,TLARGI Rubber Industry Fields of Interest Scholarship,The Los Angeles Rubber Group,Award Amount Varies,5/1/2025,Need-Based: No
scholarships_html/mastersportal-1599.html,Southampton Mathematics Postgraduate International Scholarship,University of Southampton,"£ 3,000",Anytime,Multiple
scholarships_html/scholarships360-0903.html,Arts in the Community Fellowship,,"$ 10,000",This scholarship might not currently be accepting applications. Most scholarship programs only accept applications a few months ahead of their annual deadline. We’ve estimated this deadline based on last year’s deadline,Full Tuition
scholarships_html/scholarship-1209.html,JSU Alabama Montgomery Scholarship,Scholarships.com,"Amount Varies Deadline: February 01, 2026 Awards Available: Varies Eligibility Criteria: Physical Impairment Current Year in School College Selection College Selection State Citizenship Age Share: You May Also Like Niche","February 01, 2026",
scholarships_html/internationalscholarships-0312.html,Arthur Schlesinger Jr. Research Fellowship,John F. Kennedy Library Foundation,$ 5,August 15,Variable
scholarships_html/scholarships360-0218.html,Clubs of America Scholarship Award,,"$ 10,000","August 31, 2025","Scholarships360 Get matched with vetted scholarships and enter our $10,000 No-Essay Scholarship Please select whichever best describes you for the 2024 - 2025 academic year. I’m a high school student I’m a college or graduate student 100% Free. No Spam. Start"
scholarships_html/internationalscholarships-1142.html,Invest Your Talent In Italy Project,"ICE, CCIAA Torino, MAE",800,March 22,00
scholarships_html/mastersportal-0741.html,Scholarship for France | 3600 EUR | Mastersportal,Campus France,"€ 3,600",31 Dec 2025,"/ On campus 5,863 USD / year Tuition unknown 24 months Université Côte d'Azur Sophia Antipolis, France 5,863 USD / year Tuition unknown 24 months Featured International MBA M."
scholarships_html/scholarship-1859.html,Orangewood Foundation Undergraduate Scholarship,Scholarships.com,"$ 5,904","March 01, 2026",
scholarships_html/bigfuture-0592.html,Sandra R. Spaulding Memorial Scholarship,California Nurses Association,Award Amount Varies,5/1/2025,Need-Based: Yes
scholarships_html/internationalscholarships-0029.html,MAGIC Grants Cryptocurrency Scholarship,Multidisciplinary Academic Grants in Cryptocurrencies,2000,July 22,22
scholarships_html/mastersportal-1745.html,Shuwang Ernst Clement Memorial Scholarship,University of North Dakota,$ 800,01 Mar 2026,Multiple
scholarships_html/mastersportal-1714.html,Olson Family Communications Scholarship,University of North Dakota,"$ 1,000",01 Mar 2026,"University of North Dakota awards scholarships, bursaries, tuition fee reductions and discounts that help you cover existing tuition and living costs."
scholarships_html/mastersportal-0681.html,Monash Peer Mentoring Leaders Scholarship,Monash University,"$ 6,000",Anytime,"ear Tuition unknown 12 months Curtin University Perth, Western Australia, Australia 21,770 USD / year 13,532 USD / year Tuition unknown 12 months Featured Agricultural Systems Major (MSc AgriFoodSecur) M."
scholarships_html/mastersportal-1162.html,Alumni Discount,Northumbria University,"USD 49,797",Anytime,"17,652 USD / year Tuition unknown 12 months Queen Mary University of London Online 49,797 USD / year 17,652 USD / year Tuition unknown 12 months Featured Computer Science (Conversion) M."
scholarships_html/mastersportal-1793.html,Surrey MBA scholarship 2025 entry,University of Surrey,"USD 23,285",15 Sep 2025,"USD / year 23,285 USD / year Tuition unknown 24 months ESMT Berlin Berlin, Germany 23,285 USD / year 23,285 USD / year Tuition unknown 24 months Featured Business Administration - Finance M."
scholarships_html/scholarship-2034.html,Dominion Credit Union Scholarship,Scholarships.com,"$ 3,000","March 12, 2026",
scholarships_html/bigfuture-0242.html,Bobbi Olson Health Related Professions Scholarship,Pima Community College Foundation,"$ 1,000",3/1/2025,Need-Based: No
scholarships_html/bigfuture-2032.html,Menorah Medical Center Scholarship,Johnson County Community College,Award Amount Varies,1/1/2025,Need-Based: No
scholarships_html/scholarships360-0212.html,Be A Friend Project Scholarship,,"$ 10,000","August 31, 2025",ship Earning this scholarship will help me achieve my educational and career goals by reducing the cost of my full-time tuition.
scholarships_html/bigfuture-1545.html,NSHSS Film and Video Production Scholarship,National Society of High School Scholars,"$ 2,000",5/13/2025,Need-Based: No
scholarships_html/mastersportal-0035.html,Research Excellence Scholarships for Cross-disciplinary Training (One-Year),UCL,"£ 21,237",10 Jan 2026,don has partnerships with a variety of external funding providers in which the university offers a contribution towards tuition fees.
scholarships_html/bigfuture-0140.html,Southern Region Korean War Veteran Descendant Scholarship,Korean American Scholarship Foundation,Award Amount Varies,3/24/2025,Need-Based: No
scholarships_html/internationalscholarships-0407.html,Merit Scholarships,University of Denver,"$ 16,000","Nov 1 for early decision, Jan 15 for regular first year applicants",
scholarships_html/mastersportal-1000.html,Charles T. Wiedenhoft Memorial Scholarship,The University of Toledo,unknown,01 Mar 2026,full Tuition
scholarships_html/scholarship-0716.html,BBB Minnesota and North Dakota Students of Integrity Scholarship,Scholarships.com,"$ 2,500","November 25, 2025",
scholarships_html/scholarship-1535.html,Oviedo-Winter Springs Lions Club Scholarships,Scholarships.com,"$ 1,000","February 16, 2026","$1,000 Eligibility: Graduating seniors from: Paul J. Hagerty High School Oviedo High School Winter Springs High School Application Deadline: Must be submitted electronically by February 16 Purpose: Assists with book and school-related expenses Youth Exchange"
scholarships_html/internationalscholarships-0059.html,Scholarships & Financial Aid,Asian University for Women,USD 15000,Ongoing,30 years
scholarships_html/bigfuture-1276.html,YoungArts Theater Award,National YoungArts Foundation,Award Amount Varies,6/1/2025,Need-Based: No
scholarships_html/internationalscholarships-1070.html,China First Year Excellence Scholarship,University Of Alberta,"$ 3,000",Unrestricted,Variable
scholarships_html/mastersportal-0175.html,Near Eastern Archaeology Foundation Grant-in-Aid,Massey University,"$ 5,000",15 Sep 2025,"21,496 USD / year Tuition unknown 12 months Victoria University of Wellington Wellington, New Zealand 21,496 USD / year Tuition unknown 12 months Featured Political Science M."
scholarships_html/internationalscholarships-0002.html,Chasing Dreams Scholarship,MPOWER Financing,$ 500,July 31,4
scholarships_html/scholarships360-0946.html,TechWaste Recycling Scholarship,,"$ 10,000",This scholarship might not currently be accepting applications. Most scholarship programs only accept applications a few months ahead of their annual deadline. We’ve estimated this deadline based on last year’s deadline,ship Earning this scholarship will help me achieve my educational and career goals by reducing the cost of my full-time tuition.
scholarships_html/mastersportal-0730.html,The New York Pass® Education Scholarship,Go City,"$ 4,000",30 Jun 2025,USD / module 844 USD / module Tuition unknown 40 months De Montfort University Online 844 USD / module 844 USD / module Tuition unknown 40 months Featured Natural Product Drug Discovery M.
scholarships_html/scholarships360-0695.html,PixelPlex Bi-Annual STEM Scholarship,,"$ 10,000",This scholarship might not currently be accepting applications. Most scholarship programs only accept applications a few months ahead of their annual deadline. We’ve estimated this deadline based on last year’s deadline,ship Earning this scholarship will help me achieve my educational and career goals by reducing the cost of my full-time tuition.
scholarships_html/bigfuture-1467.html,Dorothy Burkette and Beth Burkette Family Scholarship,University of South Florida,Award Amount Varies,12/1/2024,Need-Based: Yes
scholarships_html/internationalscholarships-0143.html,Scholarship,Discounted Promo Codes,$6000,,reward do you get with this scholarship program? Every winning student gets $6000 as a reward that can be used against tuition fees and other education-related expenses.
scholarships_html/bigfuture-1579.html,Leadership Scholarship,Cinch I.T.,"$ 1,000",5/1/2025,Need-Based: No
scholarships_html/scholarship-1891.html,University of California-Berkeley Regents’ and Chancellor’s Scholarship,Scholarships.com,"$ 10,000","March 01, 2026",
scholarships_html/scholarship-0138.html,Drew Swan Sibling Scholarship,Scholarships.com,"$ 1,500","June 30, 2025",
scholarships_html/scholarships360-0872.html,FarmAid Scholarship,,"$ 10,000",This scholarship might not currently be accepting applications. Most scholarship programs only accept applications a few months ahead of their annual deadline. We’ve estimated this deadline based on last year’s deadline,ship Earning this scholarship will help me achieve my educational and career goals by reducing the cost of my full-time tuition.
scholarships_html/scholarship-1461.html,ASUS Scholarship,Scholarships.com,"$ 10,000","February 14, 2026",
scholarships_html/internationalscholarships-0258.html,Scholarship Program For Visual Art Excellence For USA – Canada,", Fine Arts and Graphic Design",$,May,1
scholarships_html/mastersportal-1980.html,Business School Full Time MBA Deans Excellence Awards,University of Strathclyde,"USD 11,402",31 Aug 2025,Multiple
scholarships_html/bigfuture-1521.html,Kosove Undergraduate and Graduate Scholarship,University of South Florida,Award Amount Varies,12/1/2024,Need-Based: No
scholarships_html/internationalscholarships-0984.html,Scholarships,Alma College,"$ 4,000",Unrestricted,10
scholarships_html/mastersportal-1410.html,INSEAD Washington SyCip Endowed Scholarship,INSEAD - The Business School for the World,"€ 20,000",Not specified,one
scholarships_html/bigfuture-0928.html,Military Dependent Scholarship,Barnett Howard & Williams,$ 500,6/1/2025,Need-Based: No
scholarships_html/mastersportal-1985.html,USA International Student Bursary,Deakin University,"USD 4,327",Anytime,Multiple
scholarships_html/internationalscholarships-1416.html,George Reinke Scholarships,American Society of Travel Agents,"$ 1,500",July 31; December 18,2
scholarships_html/mastersportal-0381.html,Alexander McQueen Scholarship,University of the Arts London (UAL),"£ 37,280",30 Aug 2025,full Tuition
scholarships_html/internationalscholarships-1409.html,Graduate Assistantship at,Bentley College,Variable,March 1,30
scholarships_html/scholarships360-1893.html,Clare Johnson Marley-Mary Earle Berger Fine Arts Scholarship,,"$ 10,000",This scholarship might not currently be accepting applications. Most scholarship programs only accept applications a few months ahead of their annual deadline. We’ve estimated this deadline based on last year’s deadline,ship Earning this scholarship will help me achieve my educational and career goals by reducing the cost of my full-time tuition.
scholarships_html/scholarship-1319.html,Emily Anne Dressler Memorial Scholarship,Scholarships.com,"$ 10,000","February 07, 2026",
scholarships_html/internationalscholarships-0387.html,International President’s Honorary Scholarship for Truman State Applicants,Truman State University,$ 0,June 1 (Fall); November 1 (Spring),% of applicants
scholarships_html/mastersportal-0504.html,Scholarship for degree and exchange study in Estonia,Education and The Education and Youth Board,The rate of the scholarship for first-cycle (BA level) higher education and master's studies is 350 euros per month,01 Sep 2025,"/ year Free Tuition unknown 12 months Tallinn University of Technology (TalTech) Tallinn, Estonia 7,036 USD / year Free Tuition unknown 12 months Featured Estonian Studies M."
scholarships_html/scholarships360-0743.html,Persons Case Scholarships,,"$ 10,000",This scholarship might not currently be accepting applications. Most scholarship programs only accept applications a few months ahead of their annual deadline. We’ve estimated this deadline based on last year’s deadline,ship Earning this scholarship will help me achieve my educational and career goals by reducing the cost of my full-time tuition.
scholarships_html/internationalscholarships-0985.html,International Education Scholarship,Miami University,"$ 10,000",February 1,Variable
scholarships_html/bigfuture-1235.html,The ALKU Scholarship,Mass Mentoring Partnership,"$ 30,000",5/20/2025,Need-Based: Yes
scholarships_html/scholarship-1889.html,The Morgan Jayne Hill Memorial Scholarship,Scholarships.com,"$ 1,000","March 01, 2026",
scholarships_html/internationalscholarships-1486.html,Woodrow Wilson Center Fellowships,Woodrow Wilson International Center for Scholars,"$ 26,000",October 1,22-25
scholarships_html/bigfuture-0027.html,Diana Wasserman-Rubin Endowed Scholarship,Broward College,Award Amount Varies,1/1/2025,Need-Based: No
scholarships_html/mastersportal-0566.html,Robert W. Ford Graduate Scholarships,University of Victoria,"USD 17,595",Anytime,Multiple
scholarships_html/mastersportal-0216.html,Bernard Wheelahan Latin American Travel Grant,Australian National University,"$ 1,800",Not specified,"ear Tuition unknown 12 months Curtin University Perth, Western Australia, Australia 21,770 USD / year 13,532 USD / year Tuition unknown 12 months Featured Agricultural Systems Major (MSc AgriFoodSecur) M."
scholarships_html/scholarship-0166.html,Power Life Sciences Scholarship,Scholarships.com,"$ 2,000","June 30, 2025",
scholarships_html/bigfuture-0572.html,Elizabeth Tilley Howland Scholarship,Society of Mayflower Descendants in Pennsylvania,"$ 1,000",5/1/2025,Need-Based: No
scholarships_html/scholarships360-1408.html,Common Cents Scholarship,,"$ 10,000",This scholarship might not currently be accepting applications. Most scholarship programs only accept applications a few months ahead of their annual deadline. We’ve estimated this deadline based on last year’s deadline,ship Earning this scholarship will help me achieve my educational and career goals by reducing the cost of my full-time tuition.
scholarships_html/internationalscholarships-1282.html,Paul E Garber Fellowship,Smithsonian Institution,,January 15,Variable
scholarships_html/scholarship-1813.html,Iowa Provost Scholarships,Scholarships.com,"$ 12,000","March 01, 2026",
scholarships_html/scholarship-0544.html,Tennessee HOPE Foster Child Tuition Grant,Scholarships.com,$ 500,"September 01, 2025",Tennessee HOPE Foster Child Tuition Grant - Scholarships.
scholarships_html/scholarship-2156.html,LAHC Scholarship Program,Scholarships.com,"$ 10,000","March 15, 2026",
scholarships_html/scholarship-1349.html,"Kenneth Hugh MacDonald Sr., Broadcasting Scholarship",Scholarships.com,"Amount Varies Deadline: February 07, 2026 Awards Available: Varies Eligibility Criteria: Financial Aid Status State Selection Selected Major(s) Current Year in School County Selection Age Share: You May Also Like Niche $","February 07, 2026",
scholarships_html/bigfuture-1783.html,Maron Lorimer Moore Scholarship,Johnson County Community College,Award Amount Varies,1/1/2025,Need-Based: No
scholarships_html/bigfuture-0514.html,Edward Seese AITF Endowed Scholarship,Broward College,Award Amount Varies,1/1/2025,Need-Based: No
scholarships_html/scholarships360-1546.html,Ruth DeYoung Kohler Scholarship,,"$ 10,000",This scholarship might not currently be accepting applications. Most scholarship programs only accept applications a few months ahead of their annual deadline. We’ve estimated this deadline based on last year’s deadline,ship Earning this scholarship will help me achieve my educational and career goals by reducing the cost of my full-time tuition.
scholarships_html/internationalscholarships-0772.html,Challenge Yourself India,Svenska Insitutet,125 000,December 10,6
scholarships_html/mastersportal-0960.html,Alumni Bursary,Loughborough University,"USD 41,143",Anytime,"on unknown 12 months Sheffield Hallam University Sheffield, England, United Kingdom 24,349 USD / year 12,707 USD / year Tuition unknown 12 months Featured Translation and Interpreting Studies M."
scholarships_html/bigfuture-1128.html,Scholarship,National Federation of the Blind of Pennsylvania,Award Amount Varies,6/1/2025,Need-Based : Yes
scholarships_html/mastersportal-1820.html,John W. Ehrstine Scholarship Endowment,Washington State University,"USD 24,349",31 Jan 2026,Multiple
scholarships_html/scholarships360-1571.html,VAMOS Scholarship,,"$ 10,000",This scholarship might not currently be accepting applications. Most scholarship programs only accept applications a few months ahead of their annual deadline. We’ve estimated this deadline based on last year’s deadline,ship Earning this scholarship will help me achieve my educational and career goals by reducing the cost of my full-time tuition.
scholarships_html/internationalscholarships-0270.html,Mobile,AIS Technolabs,$ 500,15th of December,1
scholarships_html/scholarships360-1140.html,James A. Munday Scholarship,,"$ 10,000",This scholarship might not currently be accepting applications. Most scholarship programs only accept applications a few months ahead of their annual deadline. We’ve estimated this deadline based on last year’s deadline,ship Earning this scholarship will help me achieve my educational and career goals by reducing the cost of my full-time tuition.
scholarships_html/scholarships360-0891.html,Payette Sho-Ping Chin Memorial Academic Scholarship,,"$ 10,000",This scholarship might not currently be accepting applications. Most scholarship programs only accept applications a few months ahead of their annual deadline. We’ve estimated this deadline based on last year’s deadline,ship Earning this scholarship will help me achieve my educational and career goals by reducing the cost of my full-time tuition.
scholarships_html/scholarships360-0071.html,Momeni Foundation Financial Assistance Scholarship,,"$ 10,000",This scholarship might not currently be accepting applications. Most scholarship programs only accept applications a few months ahead of their annual deadline. We’ve estimated this deadline based on last year’s deadline,ship Earning this scholarship will help me achieve my educational and career goals by reducing the cost of my full-time tuition.
scholarships_html/internationalscholarships-1222.html,Global Spartan Scholarship,Michigan State University,"$ 1,000",Mid-April,20
scholarships_html/bigfuture-1199.html,Betty Jensen Global Horizons Scholarship,Tallahassee State College,Award Amount Varies,1/18/2025,Need-Based: No
scholarships_html/mastersportal-0428.html,Oh no! You lost your internet connection...,,,,
scholarships_html/scholarship-0298.html,"Southern California Mothers of Multiples Clubs, Inc. (SCMOMC) Scholarship",Scholarships.com,"$ 1,500","February 07, 2026",
scholarships_html/scholarships360-1481.html,Pinnacol Foundation Scholarship,,"$ 10,000",This scholarship might not currently be accepting applications. Most scholarship programs only accept applications a few months ahead of their annual deadline. We’ve estimated this deadline based on last year’s deadline,ship Earning this scholarship will help me achieve my educational and career goals by reducing the cost of my full-time tuition.
scholarships_html/scholarships360-1582.html,Milton A. Jewell Academic Scholarship,,"$ 10,000",This scholarship might not currently be accepting applications. Most scholarship programs only accept applications a few months ahead of their annual deadline. We’ve estimated this deadline based on last year’s deadline,ship Earning this scholarship will help me achieve my educational and career goals by reducing the cost of my full-time tuition.
scholarships_html/mastersportal-0501.html,Equity Emergency Bursaries,Queensland University of Technology,"$ 1,000",Not specified,"ear Tuition unknown 12 months Curtin University Perth, Western Australia, Australia 21,770 USD / year 13,532 USD / year Tuition unknown 12 months Featured Agricultural Systems Major (MSc AgriFoodSecur) M."
scholarships_html/bigfuture-0909.html,Summer College Scholarship,Lamber-Goodnow Injury Law Team,"$ 1,000",5/31/2025,Need-Based: No
scholarships_html/scholarships360-0972.html,Lawrence W. and Francis W. Cox Scholarship,,"$ 10,000",This scholarship might not currently be accepting applications. Most scholarship programs only accept applications a few months ahead of their annual deadline. We’ve estimated this deadline based on last year’s deadline,ship Earning this scholarship will help me achieve my educational and career goals by reducing the cost of my full-time tuition.
scholarships_html/mastersportal-0700.html,International Postgraduate Scholarships,SOAS University of London,"£ 5,000",30 Jun 2025,"uition unknown 12 months University of East Anglia Norwich, England, United Kingdom 31,141 USD / year 14,645 USD / year Tuition unknown 12 months Featured Advanced Professional Practice (Health and Social Care Professions) M."
scholarships_html/scholarships360-1647.html,Donald and Barbara Mozley Scholarship,,"$ 10,000",This scholarship might not currently be accepting applications. Most scholarship programs only accept applications a few months ahead of their annual deadline. We’ve estimated this deadline based on last year’s deadline,ship Earning this scholarship will help me achieve my educational and career goals by reducing the cost of my full-time tuition.
scholarships_html/mastersportal-1321.html,Vera Flett Keddy Buchanan Scholarship,University of Victoria,"USD 30,780",Anytime,Buchanan Scholarship View relevant masters Find related programmes Phd Specific discipline Disciplines Various benefits Grant Canada Location Anytime Application deadline About UVic provides awards to graduate students of high academic standing.
scholarships_html/scholarships360-1120.html,Western States Award,,"$ 10,000",This scholarship might not currently be accepting applications. Most scholarship programs only accept applications a few months ahead of their annual deadline. We’ve estimated this deadline based on last year’s deadline,"Scholarships360 Get matched with vetted scholarships and enter our $10,000 No-Essay Scholarship Please select whichever best describes you for the 2024 - 2025 academic year. I’m a high school student I’m a college or graduate student 100% Free. No Spam. Start"
scholarships_html/bigfuture-1659.html,James S. Page Governmental Scholarship,Florida State College at Jacksonville,"$ 1,000",2/1/2025,Need-Based: No
scholarships_html/bigfuture-1275.html,YoungArts Dance Award,National YoungArts Foundation,Award Amount Varies,6/1/2025,Need-Based: No
scholarships_html/bigfuture-0411.html,The Hart Endowment Fund Scholarship,Pima Community College Foundation,$ 300,3/1/2025,Need-Based: No
scholarships_html/bigfuture-1720.html,M&L P Family Scholarship,Florida International University,"$ 5,000",1/1/2025,Need-Based: No
scholarships_html/internationalscholarships-1075.html,Josef Korbel School Merit Scholarships,University of Denver,"$ 10,000",December 15,Variable
scholarships_html/internationalscholarships-0691.html,School Of Environment And Development Teaching Postgraduate Research Scholarship,"School of Environment & Develpoment, University of Manchester",Variable,March 2,Variable
scholarships_html/scholarships360-0548.html,Fred J. Miller Memorial Music Education Fund,,"$ 10,000",This scholarship might not currently be accepting applications. Most scholarship programs only accept applications a few months ahead of their annual deadline. We’ve estimated this deadline based on last year’s deadline,ship Earning this scholarship will help me achieve my educational and career goals by reducing the cost of my full-time tuition.
scholarships_html/scholarship-1012.html,DEWALT Trades Scholarship,Scholarships.com,"$ 10,000","January 17, 2026",
scholarships_html/scholarships360-0424.html,"Fulbright Distinguished Chair in Science, Technology, and Innovation (CSIRO)",,"$ 10,000",This scholarship might not currently be accepting applications. Most scholarship programs only accept applications a few months ahead of their annual deadline. We’ve estimated this deadline based on last year’s deadline,ship Earning this scholarship will help me achieve my educational and career goals by reducing the cost of my full-time tuition.
scholarships_html/mastersportal-0822.html,International Welcome Grant,Golden Gate University,"$ 2,000",07 Jul 2025,full Tuition
scholarships_html/scholarships360-0230.html,Ascent,,",","May 15, 2025","Whether it’s covering tuition, juggling work and classes, or building credit, being financially prepared plays a crucial role in your success."
scholarships_html/scholarships360-1409.html,Milton L. Scott Business Scholar Award,,"$ 10,000",This scholarship might not currently be accepting applications. Most scholarship programs only accept applications a few months ahead of their annual deadline. We’ve estimated this deadline based on last year’s deadline,"Scholarships360 Get matched with vetted scholarships and enter our $10,000 No-Essay Scholarship Please select whichever best describes you for the 2024 - 2025 academic year. I’m a high school student I’m a college or graduate student 100% Free. No Spam. Start"
scholarships_html/scholarships360-0105.html,Michigan Tuition Grant,,"$ 10,000","July 1, 2025",ship Earning this scholarship will help me achieve my educational and career goals by reducing the cost of my full-time tuition.
scholarships_html/bigfuture-0254.html,Morgan McGee Scholarship,Epilepsy Foundation of Idaho,"$ 2,500",3/1/2025,Need-Based: No
scholarships_html/internationalscholarships-0107.html,GRADUATE SCHOLARSHIP PROGRAMS OF,TON DUC THANG UNIVERSITY,$2000 - 7000,Spring semester: 15th July-30th November/Fall semester: 15th January-30th May,210
scholarships_html/bigfuture-1047.html,Eugene R. and Elinor R. Kotur Trust Scholarship,Providence Association of Ukrainian Catholics in America,Award Amount Varies,6/1/2025,Need-Based: Yes
scholarships_html/bigfuture-1428.html,UWF Alumni Association Merit Scholarship,University of West Florida,Award Amount Varies,3/1/2025,Need-Based: No
scholarships_html/internationalscholarships-1109.html,H.H. Kildee Scholarship,National Dairy Shrine,"$ 2,000",April,1
scholarships_html/scholarship-0913.html,"""",Scholarships.com,"$ 1,000","January 10, 2026",
scholarships_html/scholarship-1992.html,Gill-Elliott Scholarship,Scholarships.com,"$ 2,000","March 07, 2026",
scholarships_html/scholarships360-1829.html,Pateros Scholarship,,"$ 10,000",This scholarship might not currently be accepting applications. Most scholarship programs only accept applications a few months ahead of their annual deadline. We’ve estimated this deadline based on last year’s deadline,ship Earning this scholarship will help me achieve my educational and career goals by reducing the cost of my full-time tuition.
scholarships_html/mastersportal-1878.html,Century Equipment Scholarship,The University of Toledo,unknown,01 Mar 2026,"r Tuition unknown 12 months Cranfield University Cranfield, England, United Kingdom 38,340 USD / year 17,178 USD / year Tuition unknown 12 months Supply Chain and Logistics Management (SCLM) M."
scholarships_html/mastersportal-1748.html,Formuzis-Hunt-Lanning Undergraduate Student Paper Award,California State University Fullerton,$ 750,Not specified,full Tuition
scholarships_html/internationalscholarships-1435.html,Loret Ruppe International Student Scholarship,Wartburg College,"$ 1,000",Rolling: Start in January or June or September,Variable
scholarships_html/bigfuture-0859.html,Spartan Scholarship,International Executive Housekeepers Association,"$ 1,500",5/23/2025,Need-Based: No
scholarships_html/scholarship-0241.html,Office Chairs Unlimited,Scholarships.com,"$ 2,000","July 15, 2025","A transcript, tuition receipt, or acceptance letter is acceptable."
scholarships_html/bigfuture-1406.html,Scholarship,University of West Florida,Award Amount Varies,3/1/2025,Need-Based: No
scholarships_html/scholarship-0005.html,Single Parent Degree Program Scholarships of Northwest Arkansas,Scholarships.com,"$ 2,500","October 15, 2025",
scholarships_html/internationalscholarships-0287.html,E-Commerce Research Scholarship,Homus.org,$3000,February 28,1
scholarships_html/scholarships360-0582.html,s Finest Scholarship Program,,"$ 10,000",This scholarship might not currently be accepting applications. Most scholarship programs only accept applications a few months ahead of their annual deadline. We’ve estimated this deadline based on last year’s deadline,ship Earning this scholarship will help me achieve my educational and career goals by reducing the cost of my full-time tuition.
scholarships_html/mastersportal-1126.html,Executive Women Scholarships,Rome Business School,"USD 23,934",Not specified,"D / year Tuition unknown 12 months Istituto Europeo Di Design (IED) Florence, Italy 23,934 USD / year 23,934 USD / year Tuition unknown 12 months Featured Sports Management M."
scholarships_html/scholarship-1582.html,Jeffrey D. Sollender Scholarship,Scholarships.com,"$ 20,000","February 23, 2026",The award can cover both tuition and associated college costs.
scholarships_html/scholarships360-0847.html,Gwinnett Amateur Radio Society Scholarship,,"$ 10,000",This scholarship might not currently be accepting applications. Most scholarship programs only accept applications a few months ahead of their annual deadline. We’ve estimated this deadline based on last year’s deadline,ship Earning this scholarship will help me achieve my educational and career goals by reducing the cost of my full-time tuition.
scholarships_html/scholarships360-1337.html,Arlington,,"$ 10,000",This scholarship might not currently be accepting applications. Most scholarship programs only accept applications a few months ahead of their annual deadline. We’ve estimated this deadline based on last year’s deadline,ship Earning this scholarship will help me achieve my educational and career goals by reducing the cost of my full-time tuition.
scholarships_html/scholarship-1263.html,Elks National Foundation Legacy Awards,Scholarships.com,"$ 4,000","February 03, 2026",Scholarships.com Students Scholarship Search College scholarships you qualify for. Scholarship Directory Find scholarships by category. Student Resources Top resources for your scholarship journey. Student Loans Explore loan options to help pay for college.
scholarships_html/internationalscholarships-0359.html,Full Tuition Waiver Scholarships for Full Time Undergraduate Students,Walailak University International College,-35000,"July,",12
scholarships_html/internationalscholarships-0754.html,Fulbright Irish Scholar Award,Fulbright Commission,Varied,Application Period for 2016-2017 Awards opens Aug 2015,Varied
scholarships_html/bigfuture-0497.html,Health Foundation of South Florida Book/Supplies Scholarship,Broward College,Award Amount Varies,1/1/2025,Need-Based: Yes
scholarships_html/scholarships360-1095.html,Roberta Banaszak Gleiter Engineering Endeavor Scholarship,,"$ 10,000",This scholarship might not currently be accepting applications. Most scholarship programs only accept applications a few months ahead of their annual deadline. We’ve estimated this deadline based on last year’s deadline,ship Earning this scholarship will help me achieve my educational and career goals by reducing the cost of my full-time tuition.
scholarships_html/scholarships360-1754.html,Ruth Williams Neabling and Richard Neabling Scholarship,,"$ 10,000",This scholarship might not currently be accepting applications. Most scholarship programs only accept applications a few months ahead of their annual deadline. We’ve estimated this deadline based on last year’s deadline,ship Earning this scholarship will help me achieve my educational and career goals by reducing the cost of my full-time tuition.
scholarships_html/scholarships360-0531.html,Abe Voron Award,,"$ 10,000",This scholarship might not currently be accepting applications. Most scholarship programs only accept applications a few months ahead of their annual deadline. We’ve estimated this deadline based on last year’s deadline,"Scholarships360 Get matched with vetted scholarships and enter our $10,000 No-Essay Scholarship Please select whichever best describes you for the 2024 - 2025 academic year. I’m a high school student I’m a college or graduate student 100% Free. No Spam. Start"
scholarships_html/internationalscholarships-1228.html,Theodore C. Sorenson Research Fellowship,John F. Kennedy Library Foundation,"$ 3,600",August,1
scholarships_html/scholarships360-1939.html,Andrew York Memorial Scholarship,,"$ 10,000",This scholarship might not currently be accepting applications. Most scholarship programs only accept applications a few months ahead of their annual deadline. We’ve estimated this deadline based on last year’s deadline,ship Earning this scholarship will help me achieve my educational and career goals by reducing the cost of my full-time tuition.
scholarships_html/bigfuture-0351.html,Oklahoma NAHRO Scholarship for Residents,National Association of Housing and Redevelopment Officials-Oklahoma Chapter,"$ 1,000",4/1/2025,Need-Based: No
scholarships_html/scholarship-0276.html,Saatchi Diversity Scholarship,Scholarships.com,"$ 10,000","October 21, 2025",
scholarships_html/bigfuture-1353.html,The Ashley Hardaway Theriot Study Abroad Scholarship,University of West Florida,Award Amount Varies,3/1/2025,Need-Based: No
scholarships_html/scholarships360-1166.html,Garden Club of America Hope Goddard Iselin Fellowship in Public Horticulture,,"$ 10,000",This scholarship might not currently be accepting applications. Most scholarship programs only accept applications a few months ahead of their annual deadline. We’ve estimated this deadline based on last year’s deadline,ship Earning this scholarship will help me achieve my educational and career goals by reducing the cost of my full-time tuition.
scholarships_html/scholarships360-0145.html,NDUS Native American Scholarship,,"$ 10,000","July 15, 2025",ship Earning this scholarship will help me achieve my educational and career goals by reducing the cost of my full-time tuition.
scholarships_html/bigfuture-1699.html,Walter J. Reinhardt Scholarship,Florida Surveying and Mapping Society,Award Amount Varies,1/1/2025,Need-Based: No
scholarships_html/scholarships360-1774.html,ALA Century Scholarship,,"$ 10,000",This scholarship might not currently be accepting applications. Most scholarship programs only accept applications a few months ahead of their annual deadline. We’ve estimated this deadline based on last year’s deadline,ship Earning this scholarship will help me achieve my educational and career goals by reducing the cost of my full-time tuition.
scholarships_html/bigfuture-0277.html,Connie Scheffer Public Health Nurse Endowed Scholarship,Kansas State Nurses Association,$ 500,4/30/2025,Need-Based: No
scholarships_html/internationalscholarships-1432.html,Anne Louise Barrett Fellowship,Wellesley College,"$ 15,000",Unrestricted,Variable
scholarships_html/bigfuture-1298.html,Barbara Ann Nelson Memorial Endowed Scholarship,Barry University,"$ 3,227",1/15/2025,Need-Based: Yes
scholarships_html/internationalscholarships-0708.html,Scholarship,Go Overseas,$ 500,Unrestricted,2
scholarships_html/internationalscholarships-0830.html,Brightest Minds MBA scholarship contest,Economist GMAT Tutor,$,"April 25,",1
scholarships_html/mastersportal-1726.html,Academic Excellence Scholarship,Brest Business School,"€ 1,000",30 Aug 2025,Multiple
scholarships_html/scholarships360-0520.html,ESCA Scholarship Program,,"$ 10,000",This scholarship might not currently be accepting applications. Most scholarship programs only accept applications a few months ahead of their annual deadline. We’ve estimated this deadline based on last year’s deadline,ship Earning this scholarship will help me achieve my educational and career goals by reducing the cost of my full-time tuition.
scholarships_html/scholarships360-0715.html,Interstellar Research Group Master,,"$ 10,000",This scholarship might not currently be accepting applications. Most scholarship programs only accept applications a few months ahead of their annual deadline. We’ve estimated this deadline based on last year’s deadline,ship Earning this scholarship will help me achieve my educational and career goals by reducing the cost of my full-time tuition.
scholarships_html/mastersportal-2001.html,Laidlaw Women's Leadership Fund,London Business School,"USD 23,285",04 Jul 2025,Multiple
scholarships_html/scholarship-1700.html,American Legion Auxiliary Spirit of Youth Scholarship,Scholarships.com,"$ 5,000","March 01, 2026",
scholarships_html/bigfuture-1294.html,North Dade Medical Foundation Endowed Nursing Scholarship,Barry University,"$ 8,693",1/15/2025,Need-Based: Yes
scholarships_html/mastersportal-0185.html,The Malaysian Technical Cooperation Programme (MTCP),Malaysian Government,USD 828,30 Jun 2025,Multiple
scholarships_html/bigfuture-1336.html,Jesse Earle Bowden Journalism Scholarship,University of West Florida,Award Amount Varies,3/1/2025,Need-Based: Yes
scholarships_html/scholarship-1402.html,Saginaw Education Association Scholarship,Scholarships.com,"$ 10,000","February 07, 2026",
scholarships_html/scholarship-0964.html,Furman University Wylie Math Scholarship,Scholarships.com,"$ 60,000","January 15, 2026",
scholarships_html/scholarships360-2128.html,Elizabeth Marie Roberts Scholarship,,"$ 10,000",This scholarship might not currently be accepting applications. Most scholarship programs only accept applications a few months ahead of their annual deadline. We’ve estimated this deadline based on last year’s deadline,ship Earning this scholarship will help me achieve my educational and career goals by reducing the cost of my full-time tuition.
scholarships_html/internationalscholarships-0213.html,Full Scholarship - Computer Engineering field - Smart Networking Lab. (SNL),Dept. of,1000,,3
scholarships_html/mastersportal-1480.html,The Ranald & Jennifer May Postgraduate Painting Scholarship,The Glasgow School of Art,"£ 10,000",Not specified,"USD / year Tuition unknown 24 months Istituto Europeo Di Design (IED) Milano, Italy 22,873 USD / year 22,873 USD / year Tuition unknown 24 months Featured Conservation of Fine Art (Easel Paintings) M."
scholarships_html/scholarships360-0996.html,C. Valentine Bates Memorial HOPE Scholarship,,"$ 10,000",This scholarship might not currently be accepting applications. Most scholarship programs only accept applications a few months ahead of their annual deadline. We’ve estimated this deadline based on last year’s deadline,ship Earning this scholarship will help me achieve my educational and career goals by reducing the cost of my full-time tuition.
scholarships_html/internationalscholarships-0311.html,Print and Graphics Scholarship Foundation Award,Print and Graphics Scholarship Foundation (PGSF),"$ 1,000",,The college will be authorized to draw upon the grant for payment of tuition and other fees.
scholarships_html/internationalscholarships-1533.html,Athletic Award - Women,William Woods University,,Unrestricted,Variable
scholarships_html/bigfuture-0736.html,Scholarship,Little Eagle Free,Award Amount Varies,5/15/2025,Need-Based: Yes
scholarships_html/internationalscholarships-0390.html,Is internet addiction physical or behavioral?,SolutionInn,300,jun 30,1
scholarships_html/scholarship-0754.html,Mizzou Scholars Award,Scholarships.com,"$ 44,000","December 01, 2025",Scholarships.com Students Scholarship Search College scholarships you qualify for. Scholarship Directory Find scholarships by category. Student Resources Top resources for your scholarship journey. Student Loans Explore loan options to help pay for college.
scholarships_html/bigfuture-0798.html,Pat Brown Memorial Scholarship,Pacific Northwest Clean Water Association,"$ 1,500",5/1/2025,Need-Based: No
scholarships_html/bigfuture-0137.html,FOP Lodge #87 Sharyn Rapoport Biondo Endowment Scholarship,Broward College,Award Amount Varies,1/1/2025,Need-Based : Yes
scholarships_html/mastersportal-1208.html,The Fulbright U.S. Student Program,U.S. government,"USD 27,940",Not specified,full Tuition
scholarships_html/scholarship-0583.html,Chicago Culinary Museum and Chef’s Hall of Fame Scholarship,Scholarships.com,$ 500,"October 01, 2025","iption To support our mission, the Chicago Culinary Museum and Chef’s Hall of Fame offers two scholarships annually for tuition to students currently enrolled in an accredited Culinary or Hospitality Management program."
scholarships_html/scholarship-1156.html,Brandeis University Leonard Bernstein Fellowship,Scholarships.com,"$ 96,000","February 01, 2026",
scholarships_html/mastersportal-1704.html,AU Award in History,Athabasca University,"$ 1,000",Not specified,Multiple
scholarships_html/internationalscholarships-1080.html,Sacred Heart Scholarship,Roehampton University,All tuition fees and accommodation costs,Unrestricted,1
scholarships_html/scholarship-1929.html,UCLA Achievement Scholarship,Scholarships.com,"$ 40,000","March 02, 2026",
scholarships_html/scholarships360-0940.html,Luckyday Scholars Program – MSU,,"$ 10,000",This scholarship might not currently be accepting applications. Most scholarship programs only accept applications a few months ahead of their annual deadline. We’ve estimated this deadline based on last year’s deadline,ship Earning this scholarship will help me achieve my educational and career goals by reducing the cost of my full-time tuition.
scholarships_html/scholarships360-1021.html,Peermusic Latin Scholarship,,"$ 10,000",This scholarship might not currently be accepting applications. Most scholarship programs only accept applications a few months ahead of their annual deadline. We’ve estimated this deadline based on last year’s deadline,ship Earning this scholarship will help me achieve my educational and career goals by reducing the cost of my full-time tuition.
scholarships_html/bigfuture-2053.html,The Corrine Lynch Scholarship,Stetson University,Award Amount Varies,1/1/2025,Need-Based: No
scholarships_html/bigfuture-0940.html,Education Support Scholarship,Patsy Takemoto Mink Education Foundation,"$ 5,000",5/1/2025,Need-Based: Yes
scholarships_html/bigfuture-1985.html,Jack S. and Bebe H. Singleton Endowed Scholarship,Stetson University,Award Amount Varies,1/1/2025,Need-Based: Yes
scholarships_html/bigfuture-0178.html,Captain Laurance Safford Scholarship Program,Naval Cryptologic Veterans Association,"$ 3,000",4/30/2025,Need-Based: Yes
scholarships_html/scholarship-1949.html,Mildred E. Swakto Memorial Scholarship,Scholarships.com,"Amount Varies Deadline: March 03, 2026 Awards Available: Varies Eligibility Criteria: GPA Financial Aid Status State Selection Selected Major(s) Current Year in School College Selection College Selection State County Sel","March 03, 2026",
scholarships_html/scholarship-0284.html,Patsy Takemoto Mink Foundation Scholarship,Scholarships.com,"$ 5,000","August 01, 2025",
scholarships_html/bigfuture-1967.html,Roger C. and Ruth L. Ward Scholarship,Johnson County Community College,Award Amount Varies,1/1/2025,Need-Based: No
scholarships_html/bigfuture-1960.html,Herbert C. and Joyce C. Dunford Memorial Scholarship,Johnson County Community College,Award Amount Varies,1/1/2025,Need-Based: No
scholarships_html/scholarships360-1188.html,UPS Scholarship for Female Students,,"$ 10,000",This scholarship might not currently be accepting applications. Most scholarship programs only accept applications a few months ahead of their annual deadline. We’ve estimated this deadline based on last year’s deadline,"ceive free registration to the IISE Annual Conference, an Honors & Awards Banquet ticket, and a travel & accommodations stipend of up to $650."
scholarships_html/scholarship-0207.html,Zonta Milwaukee Scholarships,Scholarships.com,"$ 10,000","July 01, 2025","e JMK Women in Business Scholarship or Women in STEM Scholarship and you could win up to $10,000 to put towards college tuition and related expenses."
scholarships_html/scholarships360-1486.html,PCCA Scholarship,,"$ 10,000",This scholarship might not currently be accepting applications. Most scholarship programs only accept applications a few months ahead of their annual deadline. We’ve estimated this deadline based on last year’s deadline,ship Earning this scholarship will help me achieve my educational and career goals by reducing the cost of my full-time tuition.
scholarships_html/bigfuture-0172.html,DFC Society Ward Macauley Scholarship,Distinguished Flying Cross Society,Award Amount Varies,4/1/2025,Need-Based: No
scholarships_html/mastersportal-2091.html,David Loye Award,Algonquin College,"USD 23,934",Not specified,full Tuition
scholarships_html/scholarships360-0181.html,Eradicating Food Deserts Scholarship,,"$ 10,000","August 1, 2025",ship Earning this scholarship will help me achieve my educational and career goals by reducing the cost of my full-time tuition.
scholarships_html/scholarship-0365.html,GHR Fellows Scholarship,Scholarships.com,"$ 211,280","January 06, 2026",full tuition
scholarships_html/mastersportal-1259.html,Generation Google Scholarship,University of Groningen,"EUR 7,000",Not specified,Multiple
scholarships_html/scholarship-1247.html,University of Nebraska Esports Scholarship,Scholarships.com,"$ 10,000","February 01, 2026","arship by Sallie Scholarship Description The Esports Scholarship provides funds to offset the cost of UNL undergraduate tuition charges for up to four consecutive years, or the completion of a bachelors degree, whichever comes first."
scholarships_html/scholarship-0967.html,Howard Club of Southwest Florida Scholarship,Scholarships.com,"$ 20,000","January 15, 2026","A parent’s, guardian’s, or relative’s ability to supplement a portion of your tuition and/or other education related expenses."
scholarships_html/bigfuture-1065.html,Lodge #139/Robert A. Miller Memorial Scholarship,The Winston-Salem Foundation,Award Amount Varies,1/1/2025,Need-Based: No
scholarships_html/bigfuture-0965.html,Blue Water Scholarship,Blue Water Scholarship Fund,"$ 10,000",6/1/2025,Need-Based: Yes
scholarships_html/mastersportal-1468.html,Geoff Dudley Bursaries,University of the Arts London (UAL),"£ 10,000",31 Aug 2025,"University of the Arts London (UAL) awards scholarships, bursaries, tuition fee reductions and discounts that help you cover existing tuition and living costs."
scholarships_html/scholarships360-1602.html,New Mexico Simon Scholars Scholarship Program,,"$ 10,000",This scholarship might not currently be accepting applications. Most scholarship programs only accept applications a few months ahead of their annual deadline. We’ve estimated this deadline based on last year’s deadline,ship Earning this scholarship will help me achieve my educational and career goals by reducing the cost of my full-time tuition.
scholarships_html/mastersportal-0856.html,International Scholarship,University of Sunderland,"£ 1,400",Anytime,"/ year 17,148 USD / year Tuition unknown 12 months Leeds Beckett University Online 17,148 USD / year 17,148 USD / year Tuition unknown 12 months Featured Advanced Professional Practice (Health and Social Care Professions) M."
scholarships_html/mastersportal-1589.html,Sasha Roberts Scholarship,University of Kent,"£ 3,000",25 Jul 2025,Multiple
scholarships_html/mastersportal-0978.html,Dr. Sammy Spann Scholarship,The University of Toledo,unknown,01 Mar 2026,full Tuition
scholarships_html/scholarships360-0999.html,Lyons Aviation Scholarship,,"$ 10,000",This scholarship might not currently be accepting applications. Most scholarship programs only accept applications a few months ahead of their annual deadline. We’ve estimated this deadline based on last year’s deadline,ship Earning this scholarship will help me achieve my educational and career goals by reducing the cost of my full-time tuition.
scholarships_html/scholarships360-1487.html,Demonstration of Energy and Efficiency Developments Student Internships,,"$ 10,000",This scholarship might not currently be accepting applications. Most scholarship programs only accept applications a few months ahead of their annual deadline. We’ve estimated this deadline based on last year’s deadline,ship Earning this scholarship will help me achieve my educational and career goals by reducing the cost of my full-time tuition.
scholarships_html/scholarships360-0247.html,NSHSS Performing Arts: Theater Scholarship,,"$ 10,000","October 27, 2025",ship Earning this scholarship will help me achieve my educational and career goals by reducing the cost of my full-time tuition.
scholarships_html/bigfuture-2062.html,Research Grant,The,Award Amount Varies,1/1/2025,Need-Based: No
scholarships_html/internationalscholarships-0103.html,Big Data Scholarship and Training,Central European University,Full Tuition,February 1st,Multiple
scholarships_html/scholarships360-2120.html,Carolyn Lemmond Winchester Scholarship,,"$ 10,000",This scholarship might not currently be accepting applications. Most scholarship programs only accept applications a few months ahead of their annual deadline. We’ve estimated this deadline based on last year’s deadline,ship Earning this scholarship will help me achieve my educational and career goals by reducing the cost of my full-time tuition.
scholarships_html/scholarship-1368.html,Mildred Culbert Kelly & Fred W. Kelly Traditional Student Scholarship,Scholarships.com,"$ 10,000","February 07, 2026",
scholarships_html/scholarships360-0631.html,Future of Connectivity Scholarship,,"$ 10,000",This scholarship might not currently be accepting applications. Most scholarship programs only accept applications a few months ahead of their annual deadline. We’ve estimated this deadline based on last year’s deadline,ship Earning this scholarship will help me achieve my educational and career goals by reducing the cost of my full-time tuition.
scholarships_html/mastersportal-1269.html,Robert and Richard Charles Carroll Scholarship,Australian Catholic University (ACU),"$ 4,000",01 Mar 2026,"year 7,534 USD / year Tuition unknown 12 months University of Galway Galway, Ireland 11,790 USD / year 7,534 USD / year Tuition unknown 12 months Featured Health Sciences - Epidemiology M."
scholarships_html/scholarship-1044.html,Intel Scholarship For Employees' And Retirees' Children,Scholarships.com,"$ 4,000","January 30, 2026",
scholarships_html/bigfuture-0915.html,Law Scholarship for Child Advocates,"Steinger, Greene & Feiner","$ 1,000",5/31/2025,Need-Based : No
scholarships_html/bigfuture-1682.html,John G. Karrer Scholarship,New York State Organization of Bursars and Business Administrators,"$ 1,000",5/1/2025,Need-Based: No
scholarships_html/scholarship-1717.html,Beauty & Wellness Professionals Scholarship,Scholarships.com,"$ 2,500","March 01, 2026","ication form, including the link to your submission video, below for the chance to win a $2,500 scholarship toward your tuition and education expenses."
scholarships_html/internationalscholarships-0901.html,Clinical HIV Fellowship,Tehran University of Medical Sciences,,: June,
scholarships_html/bigfuture-1466.html,Osher Reentry Scholarship,University of South Florida,Award Amount Varies,12/1/2024,Need-Based: Yes
scholarships_html/internationalscholarships-1248.html,Grants To Professional Artists - Visual Arts,The Canada Council for the Arts,,September 1,Variable
scholarships_html/scholarship-1880.html,Student Scholarship Program,Scholarships.com,"$ 2,000","March 01, 2026",
scholarships_html/scholarships360-1693.html,Eckenfelder Scholarship,,"$ 10,000",This scholarship might not currently be accepting applications. Most scholarship programs only accept applications a few months ahead of their annual deadline. We’ve estimated this deadline based on last year’s deadline,ship Earning this scholarship will help me achieve my educational and career goals by reducing the cost of my full-time tuition.
scholarships_html/bigfuture-0301.html,Dan Marino Foundation Endowed Scholarship,Broward College,Award Amount Varies,1/1/2025,Need-Based: No
scholarships_html/scholarships360-0849.html,"Richard G. Kirkpatrick, K8WU, Memorial Scholarship",,"$ 10,000",This scholarship might not currently be accepting applications. Most scholarship programs only accept applications a few months ahead of their annual deadline. We’ve estimated this deadline based on last year’s deadline,ship Earning this scholarship will help me achieve my educational and career goals by reducing the cost of my full-time tuition.
scholarships_html/mastersportal-0763.html,Automatic Early Acceptance Discount,Aston University,"£ 3,000",Anytime,"17,628 USD / year Tuition unknown 12 months Queen Mary University of London Online 49,730 USD / year 17,628 USD / year Tuition unknown 12 months Featured Computer Science (Conversion) M."
scholarships_html/mastersportal-0372.html,GIC Scholarship,National University of Singapore,"USD 27,825",Not specified,Multiple
scholarships_html/bigfuture-0362.html,"Dana, Charley and Margot Scholarship",Broward College,Award Amount Varies,1/1/2025,Need-Based: Yes
scholarships_html/scholarship-0364.html,GE-Reagan Foundation Scholarship Program,Scholarships.com,"$ 40,000","January 03, 2026",
scholarships_html/bigfuture-1662.html,Florida Blue Nursing Endowed Scholarship,Florida State College - Jacksonville,Award Amount Varies,2/1/2025,Need-Based: No
scholarships_html/mastersportal-2042.html,David and Ellen McCaig Scholarship in Nursing,California State University East Bay,USD 603,Not specified,03 USD / module Tuition unknown 12 months University of Tulsa Online 603 USD / module 603 USD / module 603 USD / module Tuition unknown 12 months Featured Nursing (Adult) M.
scholarships_html/scholarships360-0440.html,Performing Arts Music Scholarship,,"$ 10,000",This scholarship might not currently be accepting applications. Most scholarship programs only accept applications a few months ahead of their annual deadline. We’ve estimated this deadline based on last year’s deadline,ship Earning this scholarship will help me achieve my educational and career goals by reducing the cost of my full-time tuition.
scholarships_html/bigfuture-1982.html,Frank & Nancy Kirk Scholarship,Johnson County Community College,Award Amount Varies,1/1/2025,Need-Based: No
scholarships_html/scholarship-0101.html,Community Foundation of Northern Illinois Scholarships,Scholarships.com,"$ 2,000","January 01, 2026",
scholarships_html/scholarship-0762.html,SLU Family Award,Scholarships.com,"$ 12,000","December 01, 2025",Scholarships.com Students Scholarship Search College scholarships you qualify for. Scholarship Directory Find scholarships by category. Student Resources Top resources for your scholarship journey. Student Loans Explore loan options to help pay for college.
scholarships_html/internationalscholarships-1523.html,Count Folke Bernadotte Memorial Scholarship,Gustavus Adolphus College,"$ 1,000",March 1,30
scholarships_html/bigfuture-1434.html,Presidential Special Scholarship,Florida A&M University,Award Amount Varies,6/13/2025,Need-Based: No
scholarships_html/scholarships360-0193.html,Sand Student Research Presentation Travel Award,,"$ 10,000","August 10, 2025","Scholarships360 Get matched with vetted scholarships and enter our $10,000 No-Essay Scholarship Please select whichever best describes you for the 2024 - 2025 academic year. I’m a high school student I’m a college or graduate student 100% Free. No Spam. Start"
scholarships_html/mastersportal-0711.html,DigitalFuture Summit Master Scholarship,ESMT Berlin,"€ 5,000",Anytime,"ESMT Berlin awards scholarships, bursaries, tuition fee reductions and discounts that help you cover existing tuition and living costs."
scholarships_html/bigfuture-1509.html,Beth and Dean Vegosen Endowed Scholarship,University of South Florida,Award Amount Varies,12/1/2024,Need-Based: Yes
scholarships_html/scholarships360-0332.html,New Mexico Opportunity Scholarship,,"$ 10,000","Varies Start Applying Scholarship Overview Are you a New Mexico resident enrolled part- or full-time in a public New Mexico college or university and hold a minimum 2.5 GPA? If so, you may be eligible for the New Mexico",Full tuition
scholarships_html/scholarship-0756.html,Presidential Scholars Award for Valedictorians and Salutatorians,Scholarships.com,$ 10,"December 01, 2025",
scholarships_html/scholarships360-0540.html,South Florida Fair Scholarship Sponsored by Palm Beach County Farm Bureau,,"$ 10,000",This scholarship might not currently be accepting applications. Most scholarship programs only accept applications a few months ahead of their annual deadline. We’ve estimated this deadline based on last year’s deadline,ship Earning this scholarship will help me achieve my educational and career goals by reducing the cost of my full-time tuition.
scholarships_html/scholarship-0822.html,PinPoint Leak Detection's Innovation Scholarship,Scholarships.com,"$ 1,000","December 19, 2025",
scholarships_html/bigfuture-0834.html,Ruth Goode Nursing Scholarship,Seneca Diabetes Foundation,"$ 5,000",5/16/2025,Need-Based: Yes
scholarships_html/bigfuture-0407.html,Cap Lathrop Scholarship,The CIRI Foundation,"$ 4,000",4/1/2025,Need-Based: No
scholarships_html/scholarships360-0121.html,Marian R. Stuart Grant,,"$ 10,000","July 10, 2025",ship Earning this scholarship will help me achieve my educational and career goals by reducing the cost of my full-time tuition.
scholarships_html/internationalscholarships-0274.html,Help To Save Scholarship,CouponBirds,,,1
scholarships_html/mastersportal-0692.html,Southern Hearing Charitable Trust Scholarshipdone,Massey University,"$ 5,000",19 Dec 2025,"22,193 USD / year Tuition unknown 12 months Victoria University of Wellington Wellington, New Zealand 22,193 USD / year Tuition unknown 12 months Featured Greek M."
scholarships_html/bigfuture-1834.html,Ken Ziesenheim Endowed Scholarship,Stetson University,Award Amount Varies,1/1/2025,Need-Based: No
scholarships_html/scholarships360-1972.html,Thomas and Bettie O'Briant Memorial Scholarship,,"$ 10,000",This scholarship might not currently be accepting applications. Most scholarship programs only accept applications a few months ahead of their annual deadline. We’ve estimated this deadline based on last year’s deadline,ship Earning this scholarship will help me achieve my educational and career goals by reducing the cost of my full-time tuition.
scholarships_html/scholarships360-1004.html,FPTR Scholarships and Fellowships,,"$ 10,000",This scholarship might not currently be accepting applications. Most scholarship programs only accept applications a few months ahead of their annual deadline. We’ve estimated this deadline based on last year’s deadline,ship Earning this scholarship will help me achieve my educational and career goals by reducing the cost of my full-time tuition.
scholarships_html/bigfuture-0728.html,Ohio GFOA Continuing Education Scholarship,Ohio Government Finance Officers Association,"$ 1,000",5/1/2025,Need-Based : No
scholarships_html/scholarships360-2058.html,Scholarship for Survivors Program,,"$ 10,000",This scholarship might not currently be accepting applications. Most scholarship programs only accept applications a few months ahead of their annual deadline. We’ve estimated this deadline based on last year’s deadline,ship Earning this scholarship will help me achieve my educational and career goals by reducing the cost of my full-time tuition.
scholarships_html/scholarship-0070.html,Florida State University Vires Scholarship,Scholarships.com,"$ 16,000","December 01, 2025",
scholarships_html/bigfuture-0075.html,Lilly Endowment Community Scholarship,Western Indiana Community Foundation,$ 900,1/1/2025,Need-Based : Yes
scholarships_html/mastersportal-1122.html,SDSU International First-Year Student Advantage Scholarship Program,San Diego State University,"USD 27,940",Not specified,full Tuition
scholarships_html/scholarship-0884.html,Duke University B.N. Duke Scholarship,Scholarships.com,"$ 10,000","January 03, 2026",full tuition
scholarships_html/scholarships360-1348.html,Erma E. Biedermann Scholarship,,"$ 10,000",This scholarship might not currently be accepting applications. Most scholarship programs only accept applications a few months ahead of their annual deadline. We’ve estimated this deadline based on last year’s deadline,ship Earning this scholarship will help me achieve my educational and career goals by reducing the cost of my full-time tuition.
scholarships_html/scholarship-0952.html,Chris Trousdale Dream Awards,Scholarships.com,"$ 5,000","January 15, 2026",Scholarships.com Students Scholarship Search College scholarships you qualify for. Scholarship Directory Find scholarships by category. Student Resources Top resources for your scholarship journey. Student Loans Explore loan options to help pay for college.
scholarships_html/bigfuture-0028.html,Western Region Korean American Scholarship,Korean American Scholarship Foundation,"$ 5,000",4/1/2025,Need-Based: Yes
scholarships_html/scholarship-0386.html,Horatio Alger Undergraduate Scholarship,Scholarships.com,"$ 60,000","March 01, 2026",
scholarships_html/internationalscholarships-0740.html,Graduate Assistantship,Chosun University,Variable,1st May,1
scholarships_html/internationalscholarships-0968.html,Wangari Maathai Scholarship,Bard Center for Environmental Policy,"$ 20,000",May,1
scholarships_html/scholarship-0236.html,JWU Lodging Management Scholarship,Scholarships.com,"$ 4,000","July 15, 2025",
scholarships_html/scholarship-1059.html,Choose Ohio First STEMM Scholarship,Scholarships.com,"$ 20,000","January 31, 2026",
scholarships_html/scholarships360-0266.html,OC Trustee,,"$ 10,000","December 15, 2025",ship Earning this scholarship will help me achieve my educational and career goals by reducing the cost of my full-time tuition.
scholarships_html/bigfuture-1355.html,Ronald N. & Valmae Besser Department of English Scholarship,University of West Florida,Award Amount Varies,3/1/2025,Need-Based: No
scholarships_html/bigfuture-0742.html,Susan and Tom Lusty Memorial Scholarship,American Association of Surgical Physician Assistants,"$ 1,000",12/15/2024,Need-Based: Yes
scholarships_html/mastersportal-1014.html,Alumni Association Legacy Scholarship,The University of Toledo,unknown,01 Mar 2026,full Tuition
scholarships_html/bigfuture-0521.html,Zeltner Family Endowed Scholarship,Broward College,Award Amount Varies,1/1/2025,Need-Based: No
scholarships_html/scholarships360-0239.html,FSF Case Study Scholarship,,"$ 10,000","October 13, 2025",ship Earning this scholarship will help me achieve my educational and career goals by reducing the cost of my full-time tuition.
scholarships_html/scholarships360-1514.html,Jason Sublette “Heart of a Leopard” Memorial Scholarship,,"$ 10,000",This scholarship might not currently be accepting applications. Most scholarship programs only accept applications a few months ahead of their annual deadline. We’ve estimated this deadline based on last year’s deadline,ship Earning this scholarship will help me achieve my educational and career goals by reducing the cost of my full-time tuition.
scholarships_html/mastersportal-0338.html,Betty Loughhead Soroptimist Scholarship,Massey University,"USD 26,256",30 Aug 2025,"21,496 USD / year Tuition unknown 12 months Victoria University of Wellington Wellington, New Zealand 21,496 USD / year Tuition unknown 12 months Featured Political Science M."
scholarships_html/mastersportal-0099.html,ARC Centre of Excellence for Indigenous Futures Top-Up Scholarship,University of Queensland,"$ 20,000",Not specified,living allowance
scholarships_html/internationalscholarships-0582.html,Financial harship award,CollegeProfessor Canada/USA,0,30 September 2016,2
scholarships_html/bigfuture-1936.html,Carol Green Nigro Nursing Scholarship,Johnson County Community College,Award Amount Varies,1/1/2025,Need-Based: No
scholarships_html/internationalscholarships-0539.html,Latin,International Business School,20%,April 30,Unlimited
scholarships_html/scholarships360-1293.html,Wilbur Hilgert Memorial Scholarship,,"$ 10,000",This scholarship might not currently be accepting applications. Most scholarship programs only accept applications a few months ahead of their annual deadline. We’ve estimated this deadline based on last year’s deadline,ship Earning this scholarship will help me achieve my educational and career goals by reducing the cost of my full-time tuition.
scholarships_html/bigfuture-1590.html,GreenPal Scholarship for Tomorrow's Entrepreneur,GreenPal Company,"$ 2,000",3/1/2025,Need-Based: No
scholarships_html/mastersportal-0143.html,FAR Postgraduate Scholarship,Massey University,"$ 7,000",15 Mar 2026,"21,496 USD / year Tuition unknown 12 months Victoria University of Wellington Wellington, New Zealand 21,496 USD / year Tuition unknown 12 months Featured Political Science M."
scholarships_html/mastersportal-2046.html,Berklee Merit-Based Scholarship,Berklee College of Music,"USD 20,351",Not specified,Partial tuition
scholarships_html/scholarship-1842.html,Maryland Part-Time Grant Program,Scholarships.com,"$ 2,000","March 01, 2026",Maryland Part-Time Grant Program - Scholarships.
scholarships_html/bigfuture-1810.html,Rogelio B. Figueroa and Aracely M. Figueroa Scholarship,Florida International University,Award Amount Varies,1/1/2025,Need-Based: No
scholarships_html/scholarship-1806.html,Haug Family Scholarship,Scholarships.com,"$ 1,500","March 01, 2026",
scholarships_html/bigfuture-1411.html,Paul and Maggie Hsu Endowed Engineering Scholarship,University of West Florida,Award Amount Varies,3/1/2025,Need-Based: No
scholarships_html/scholarships360-0318.html,Islamic Scholarship Fund Film Grant,,"$ 10,000","Varies Start Applying Scholarship Overview Are you a Muslim student interested in filmmaking? If so, consider applying for the Islamic Scholarship Fund Film Grant! The grant is open to Muslim students wanting to make a f","Is this scholarship renewable? No, the Islamic Scholarship Fund Film Grant is not renewable."
scholarships_html/bigfuture-0617.html,GRASP College Success Scholarship,Great Aspirations Scholarship Program,Award Amount Varies,5/1/2025,Need-Based : Yes
scholarships_html/internationalscholarships-0397.html,AAUW International Fellowships,American Association of University Women,"$ 18,000",December 1,TBA
scholarships_html/internationalscholarships-0694.html,One-Year Start-Up Fellowship,DO School in partnership with Messe Berlin,variable,October 11,10
scholarships_html/mastersportal-0250.html,Coastal Restoration Trust of New Zealand Post Graduate Study Award,Massey University,"USD 26,256",13 Feb 2026,"22,193 USD / year Tuition unknown 12 months Victoria University of Wellington Wellington, New Zealand 22,193 USD / year Tuition unknown 12 months Featured Greek M."
scholarships_html/mastersportal-1968.html,"M. Miller Gorrie Endowed Scholarship in Civil, Construction, & Environmental Engineering",The University of Alabama at Birmingham,unknown,Not specified,Multiple
scholarships_html/mastersportal-1498.html,Women in Business EMBA Scholarship,ESMT Berlin,"€ 8,300",Anytime,"ESMT Berlin awards scholarships, bursaries, tuition fee reductions and discounts that help you cover existing tuition and living costs."
scholarships_html/internationalscholarships-0995.html,Parker B Francis Fellowship In Pulmonary Research,Francis Families Foundation,"$ 156,000",October 15,15
scholarships_html/mastersportal-1762.html,Essay Competition,NYC Injury Attorneys P.C.,$ 500,31 Dec 2025,etition $500 Scholarship View relevant masters Find related programmes Bachelor Specific discipline Disciplines 500 USD Grant United States Location 31 Dec 2025 Application deadline About NYC Injury Attorneys P.
scholarships_html/internationalscholarships-1369.html,: PhD In Bio Engineering,MIT Portugal Program,"17,000",February 28,8
scholarships_html/bigfuture-1650.html,Dr. Myron (Mike) and Marilyn Mass Nursing and Allied Health Careers Endowed Scholarship,Florida State College at Jacksonville,"$ 2,500",2/1/2025,Need-Based: No
scholarships_html/mastersportal-1180.html,Presidential Bursaries,University of Southampton,"USD 41,143",Anytime,Partial tuition
scholarships_html/scholarship-1321.html,Flegenheimer Family Scholarship,Scholarships.com,"Amount Varies Deadline: February 07, 2026 Awards Available: Varies Eligibility Criteria: GPA Financial Aid Status State Selection Current Year in School College Selection State County Selection Age Share: You May Also Li","February 07, 2026",
scholarships_html/bigfuture-0202.html,Morgan-Sanders Endowed Scholarship,Kansas State Nurses Association,$ 500,4/30/2025,Need-Based : No
scholarships_html/mastersportal-1882.html,Donald S. Matteson Graduate Fellowship in Chemistry,Washington State University,"USD 4,421",31 Jan 2026,full Tuition
scholarships_html/mastersportal-0519.html,College International Scholarship,University of Adelaide,"USD 22,451",Anytime,Multiple
scholarships_html/scholarship-1627.html,Indian Health Service Scholarships,Scholarships.com,"$ 1,000","February 28, 2026",
scholarships_html/internationalscholarships-1063.html,Ambassador Program,Food Valley,800 Euro/month,May 31,25
scholarships_html/scholarship-0502.html,Brigham Young University Sterling Scholarship,Scholarships.com,$ 500,"August 01, 2025",full tuition
scholarships_html/mastersportal-0295.html,ANU HDR Fee Merit Scholarship,Australian National University,"USD 22,451",Not specified,Multiple
scholarships_html/mastersportal-1869.html,Christopher Bork Scholarship,The University of Toledo,unknown,01 Mar 2026,03 USD / module Tuition unknown 12 months University of Tulsa Online 603 USD / module 603 USD / module 603 USD / module Tuition unknown 12 months Featured Global Health M.
scholarships_html/internationalscholarships-0635.html,Scholarship Program,Shepherd University,"$ 2,000",,Variable
scholarships_html/mastersportal-1597.html,Southampton Health Sciences Postgraduate International Scholarship,University of Southampton,"£ 3,000",Anytime,"year 7,534 USD / year Tuition unknown 12 months University of Galway Galway, Ireland 11,790 USD / year 7,534 USD / year Tuition unknown 12 months Featured Health Sciences - Epidemiology M."
scholarships_html/scholarships360-0586.html,The Kenneth G. Hancock Memorial Award,,"$ 10,000",This scholarship might not currently be accepting applications. Most scholarship programs only accept applications a few months ahead of their annual deadline. We’ve estimated this deadline based on last year’s deadline,"Scholarships360 Get matched with vetted scholarships and enter our $10,000 No-Essay Scholarship Please select whichever best describes you for the 2024 - 2025 academic year. I’m a high school student I’m a college or graduate student 100% Free. No Spam. Start"
scholarships_html/scholarships360-1265.html,Dorrance Scholarship Programs,"Tempe, Northern Arizona University – Flagstaff, or University of Arizona – Tucson? If so, you may be eligible for the Dorrance Scholarship Programs! Each year, the scholarship","$ 10,000",This scholarship might not currently be accepting applications. Most scholarship programs only accept applications a few months ahead of their annual deadline. We’ve estimated this deadline based on last year’s deadline,ship Earning this scholarship will help me achieve my educational and career goals by reducing the cost of my full-time tuition.
scholarships_html/scholarship-1549.html,Northern Michigan University Allies Scholarship,Scholarships.com,"$ 2,000","February 17, 2026",
scholarships_html/scholarship-0482.html,The Phyliss J. McCarthy Scholarship for Excellence in Writing,Scholarships.com,"$ 1,000","July 23, 2025",
scholarships_html/bigfuture-0503.html,Southwestern Region Korean American Scholarship,Korean American Scholarship Foundation,"$ 5,000",4/1/2025,Need-Based: Yes
scholarships_html/scholarships360-1515.html,William & Margaret Richards Scholarship,,"$ 10,000",This scholarship might not currently be accepting applications. Most scholarship programs only accept applications a few months ahead of their annual deadline. We’ve estimated this deadline based on last year’s deadline,ship Earning this scholarship will help me achieve my educational and career goals by reducing the cost of my full-time tuition.
scholarships_html/internationalscholarships-0986.html,Fellowship for,Woodrow Wilson International Center for Scholars,"$ 47,500",October 1,35
scholarships_html/mastersportal-0580.html,Heiwa Nakajima Foundation Scholarship,Nagasaki University,"¥ 150,000",31 Oct 2025,Multiple
scholarships_html/internationalscholarships-1470.html,Achievement Awards,Drake University,"$ 3,500",Unrestricted,65
scholarships_html/mastersportal-1108.html,The Dr. Delbert H. and Dr. Roberta Long School of Education Endowed Scholarship,The University of Alabama at Birmingham,unknown,Not specified,full Tuition
scholarships_html/internationalscholarships-0402.html,MIT - Zaragoza Women in Logistics and SCM Scholarship,Center,- 2019,"EUR 12,000",
scholarships_html/mastersportal-1830.html,Dr. Gerald P. Sherman and Alpha Zeta Omega Scholarship,The University of Toledo,unknown,01 Mar 2026,"ity of Southern California Los Angeles, California, United States 66,640 USD / year 66,640 USD / year 66,640 USD / year Tuition unknown 12 months Pharmaceutical Technology and Medicines Control M."
scholarships_html/internationalscholarships-1001.html,Research Fellowships for Basic and Physician Scientists,Damon Runyon-Walter Winchell Cancer Research Fund,"$ 50,000",August 15; March 15,1
scholarships_html/bigfuture-0000.html,Scholarship,Kids' Chance of Florida,Award Amount Varies,3/12/2025,Need-Based : Yes
scholarships_html/bigfuture-1578.html,Higher Education Award,Kiowa Tribe of Oklahoma,Award Amount Varies,11/1/2024,Need-Based: Yes
scholarships_html/mastersportal-1188.html,Roy Goode Scholarship,Queen Mary University of London,"USD 49,797",Not specified,"17,652 USD / year Tuition unknown 12 months Queen Mary University of London Online 49,797 USD / year 17,652 USD / year Tuition unknown 12 months Featured Computer Science (Conversion) M."
scholarships_html/scholarship-1401.html,Saginaw Education Association Member Scholarship,Scholarships.com,"$ 10,000","February 07, 2026",
scholarships_html/mastersportal-0572.html,Scholarship programme,Aalto University,"USD 12,313",Not specified,"13 USD / year Free Tuition unknown 18 months Vaasa University of Applied Sciences Vaasa, Finland 12,313 USD / year Free Tuition unknown 18 months Featured Mechanical Engineering M."
scholarships_html/scholarship-1296.html,Carrie B. Hines Endowment Scholarship,Scholarships.com,"$ 10,000","February 07, 2026",
scholarships_html/scholarship-1562.html,Archibald Rutledge Scholarship Competition,Scholarships.com,"$ 2,000","February 19, 2026",
scholarships_html/bigfuture-0395.html,Annual Scholarship,Women's Executive Council,"$ 1,972",3/1/2025,Need-Based: No
scholarships_html/bigfuture-1007.html,Dennis Sawdo Memorial Scholarship for Diesel Mechanic,CollegeReady,"$ 1,000",1/1/2025,Need-Based: Yes
scholarships_html/scholarships360-1611.html,Thz Fo Farm Scholarship Fund,,"$ 10,000",This scholarship might not currently be accepting applications. Most scholarship programs only accept applications a few months ahead of their annual deadline. We’ve estimated this deadline based on last year’s deadline,ship Earning this scholarship will help me achieve my educational and career goals by reducing the cost of my full-time tuition.
scholarships_html/mastersportal-1766.html,Shoshana Sokol Memorial Award,California State University Northridge,$ 500,Not specified,Multiple
scholarships_html/mastersportal-0355.html,Shirley Miller Scholarship,Georgia Institute of Technology,"USD 27,940",Not specified,full Tuition
scholarships_html/scholarship-0078.html,Florida Retired Educators Foundation Scholarship,Scholarships.com,"$ 4,000","January 20, 2026",
scholarships_html/bigfuture-1341.html,Rachel Heffner Memorial Scholarship,University of West Florida,Award Amount Varies,3/1/2025,Need-Based: Yes
scholarships_html/internationalscholarships-1342.html,Merit Scholarships,Eastman School of Music,"$ 5,000",Unrestricted,Variable
scholarships_html/scholarships360-0522.html,AmericanTrucks Student Scholarships,,"$ 10,000",This scholarship might not currently be accepting applications. Most scholarship programs only accept applications a few months ahead of their annual deadline. We’ve estimated this deadline based on last year’s deadline,ship Earning this scholarship will help me achieve my educational and career goals by reducing the cost of my full-time tuition.
scholarships_html/scholarships360-1852.html,J.D. Riggs Memorial Scholarship,,"$ 10,000",This scholarship might not currently be accepting applications. Most scholarship programs only accept applications a few months ahead of their annual deadline. We’ve estimated this deadline based on last year’s deadline,ship Earning this scholarship will help me achieve my educational and career goals by reducing the cost of my full-time tuition.
scholarships_html/internationalscholarships-0460.html,STEM Masters Challenge Fall 2018,Koç University,Full scholarship,1st 2018,TUITION WAIVER
scholarships_html/mastersportal-0111.html,Chancellor's Scholarship,Education USA,"$ 12,000",Anytime,full Tuition
scholarships_html/mastersportal-0997.html,College of Arts and Letters General Scholarship,The University of Toledo,unknown,01 Mar 2026,full Tuition
scholarships_html/bigfuture-1922.html,Koniag Angayuk Vocational Scholarship,Koniag Education Foundation,"$ 2,500",1/1/2025,Need-Based: No
scholarships_html/internationalscholarships-1323.html,New Zealand Film Grant,From,Variable,April 30,1
scholarships_html/bigfuture-1080.html,South Carolina State Fair Equine Scholarship,South Carolina Horsemen's Council,"$ 2,000",6/1/2025,Need-Based: No
scholarships_html/scholarships360-2051.html,Heather Dayton Memorial Scholarship,,"$ 10,000",This scholarship might not currently be accepting applications. Most scholarship programs only accept applications a few months ahead of their annual deadline. We’ve estimated this deadline based on last year’s deadline,ship Earning this scholarship will help me achieve my educational and career goals by reducing the cost of my full-time tuition.
scholarships_html/bigfuture-0516.html,Albert Pierpont Madeira Scholarship,University of Massachusetts Amherst,Award Amount Varies,12/1/2024,Need-Based : No
scholarships_html/bigfuture-1819.html,Nebraska Access College Early Scholarship,Coordinating Commission for Postsecondary Education,Award Amount Varies,1/1/2025,Need-Based: Yes
scholarships_html/internationalscholarships-0000.html,MPOWER Women in STEM Scholarship,MPOWER Financing,"$5000, $2000. $1000",July 31,3
scholarships_html/scholarship-1525.html,Tschudy Family Scholarship,Scholarships.com,"$ 12,500","February 15, 2026",
scholarships_html/scholarships360-1455.html,Gordon Horgen Scholarship,,"$ 10,000",This scholarship might not currently be accepting applications. Most scholarship programs only accept applications a few months ahead of their annual deadline. We’ve estimated this deadline based on last year’s deadline,ship Earning this scholarship will help me achieve my educational and career goals by reducing the cost of my full-time tuition.
scholarships_html/mastersportal-0776.html,J.H. Bosard Scholarship,University of North Dakota,"$ 2,800",01 Mar 2026,full Tuition
scholarships_html/bigfuture-1604.html,Dr. Linda McLucas Fisher Scholarship,Florida State College at Jacksonville,"$ 1,000",2/1/2025,Need-Based: Yes
scholarships_html/internationalscholarships-0965.html,Fulbright Postgraduate Student Awards,US-UK Fulbright Commission,Scholarships cover tuition fees and provide a living st,November 15,30
scholarships_html/mastersportal-1570.html,Department of Bioengineering Scholarship (MRes),Imperial,"£ 4,999",05 Jul 2025,full Tuition
scholarships_html/mastersportal-1653.html,Computer Science and Engineering Scholarship,"City, University of London","£ 2,000",Not specified,Multiple
scholarships_html/scholarship-0834.html,Elks National Foundation Emergency Educational Grants,Scholarships.com,"$ 5,000","December 31, 2025",The grant is for educational assistance only and is not intended to cover the entire cost of a college education.
scholarships_html/bigfuture-2023.html,"Eklutna, Incorporated Career Training Scholarship",The CIRI Foundation,"$ 1,000",1/1/2025,Need-Based: No
scholarships_html/bigfuture-1061.html,NSHSS Nobel Good Earth Sustainability Scholarship,National Society of High School Scholars,"$ 2,000",3/7/2025,Need-Based: No
scholarships_html/internationalscholarships-1528.html,Loan-scholarship,Colfuturo,"$ 50,000",May 31,120
scholarships_html/bigfuture-0384.html,Cafe Bustelo El Cafe Del Futuro Scholarship,Hispanic Association of Colleges and Universities,"$ 5,000",5/30/2025,Need-Based: No
scholarships_html/mastersportal-0353.html,Chevening Scholarship,University of Hertfordshire,"USD 17,148",Not specified,"/ year 17,148 USD / year Tuition unknown 12 months Leeds Beckett University Online 17,148 USD / year 17,148 USD / year Tuition unknown 12 months Featured Advanced Professional Practice (Health and Social Care Professions) M."
scholarships_html/internationalscholarships-0845.html,International Scholar Award,Snow College,5000,,Multiple
scholarships_html/mastersportal-1703.html,John Wardwell Alumni Endowed Scholarship in Sociology,Washington State University,"$ 1,000",31 Jan 2026,"r 1,262 USD / year Tuition unknown 24 months University of Geneva Genève, Switzerland 1,262 USD / year 1,262 USD / year Tuition unknown 24 months Adolescence Social Studies Grades 7-12 M."
scholarships_html/mastersportal-1656.html,Art Scholarships,Swiss Confederation,"USD 2,423",Not specified,full Tuition
scholarships_html/bigfuture-0458.html,Piston Fund Scholarship,The Piston Foundation,"$ 5,000",1/1/2025,Need-Based: Yes
scholarships_html/mastersportal-0680.html,Faculty of Science Diamond Jubilee Scholarship for International Students,University of Strathclyde,"£ 6,000",31 Jul 2025,"University of Strathclyde awards scholarships, bursaries, tuition fee reductions and discounts that help you cover existing tuition and living costs."
scholarships_html/bigfuture-0874.html,Scholarship,Majux Marketing,"$ 1,000",5/30/2025,Need-Based : No
scholarships_html/scholarship-0995.html,University of North Carolina Johnston Scholarship,Scholarships.com,"$ 10,000","January 15, 2026",
scholarships_html/scholarship-0902.html,Partstack Future Leaders in Engineering Scholarship,Scholarships.com,"$ 2,500","January 06, 2026",
scholarships_html/scholarship-0401.html,SCAD Challenge Film Scholarship Competition,Scholarships.com,"$ 16,000","February 17, 2026",
scholarships_html/scholarship-2041.html,HOLA at Microsoft Scholarship,Scholarships.com,"$ 20,000","March 13, 2026",
scholarships_html/scholarships360-0902.html,MISM American Technology Fellowships,,"$ 10,000",This scholarship might not currently be accepting applications. Most scholarship programs only accept applications a few months ahead of their annual deadline. We’ve estimated this deadline based on last year’s deadline,full tuition
scholarships_html/scholarships360-0316.html,First Generation Matching Grant Program,,"$ 10,000","Varies Start Applying Scholarship Overview Are you a first-generation college student from Florida who is currently (or will soon be) attending a public Florida university? If so, consider applying for the First Generati","blic Florida university? If so, consider applying for the First Generation Matching Grant Program! This is a need-based grant program offered to first-generation Florida residents attending any public university in the state."
scholarships_html/scholarships360-1659.html,French Baron Cason and Thomas H. Cason Memorial Scholarship,,"$ 10,000",This scholarship might not currently be accepting applications. Most scholarship programs only accept applications a few months ahead of their annual deadline. We’ve estimated this deadline based on last year’s deadline,ship Earning this scholarship will help me achieve my educational and career goals by reducing the cost of my full-time tuition.
scholarships_html/scholarship-0610.html,The El Dorado Promise Scholarship,Scholarships.com,"$ 10,842","October 15, 2025",", who has been continually enrolled in the El Dorado School District since at least ninth grade, a scholarship covering tuition and mandatory fees equal to the highest in-state, public university rate."
scholarships_html/bigfuture-1476.html,Patrick J. Gordon Endowed Scholarship,University of South Florida,Award Amount Varies,12/1/2024,Need-Based: No
scholarships_html/bigfuture-0790.html,Grand Traverse Band Higher Education Scholarship,Band,"$ 10,800",5/13/2025,Need-Based: No
scholarships_html/bigfuture-1342.html,Nursing Alumni Scholarship,University of,Award Amount Varies,3/1/2025,Need-Based: No
scholarships_html/scholarships360-0498.html,Lounge Lizard Web Design Scholarship,,"$ 10,000",This scholarship might not currently be accepting applications. Most scholarship programs only accept applications a few months ahead of their annual deadline. We’ve estimated this deadline based on last year’s deadline,ship Earning this scholarship will help me achieve my educational and career goals by reducing the cost of my full-time tuition.
scholarships_html/mastersportal-1763.html,Dr. & Mrs. Arnason Johnson Scandinavian Scholarship,University of North Dakota,$ 500,01 Mar 2026,full Tuition
scholarships_html/scholarship-0950.html,Center for Women In Technology (CWIT) Scholars Program at UMBC,Scholarships.com,"$ 88,000","January 15, 2026",
scholarships_html/scholarships360-1685.html,Samantha Jennings-Jones Memorial Scholarship,,"$ 10,000",This scholarship might not currently be accepting applications. Most scholarship programs only accept applications a few months ahead of their annual deadline. We’ve estimated this deadline based on last year’s deadline,ship Earning this scholarship will help me achieve my educational and career goals by reducing the cost of my full-time tuition.
scholarships_html/bigfuture-0530.html,Gabe Stepetin Business Scholarship,The Aleut Corporation,Award Amount Varies,4/1/2025,Need-Based: No
scholarships_html/scholarships360-1225.html,Cattlemen’s Beef Quarters Scholarship,,"$ 10,000",This scholarship might not currently be accepting applications. Most scholarship programs only accept applications a few months ahead of their annual deadline. We’ve estimated this deadline based on last year’s deadline,ship Earning this scholarship will help me achieve my educational and career goals by reducing the cost of my full-time tuition.
scholarships_html/scholarship-2045.html,Women at Microsoft Scholarship,Scholarships.com,"$ 5,000","March 13, 2026",
scholarships_html/internationalscholarships-1420.html,University Of Maine International Student Scholarship,University of Maine at Farmington,"$ 9,000",Unrestricted,Variable
scholarships_html/scholarships360-0272.html,OC Eagle Award,,"$ 10,000","December 15, 2025","Scholarships360 Get matched with vetted scholarships and enter our $10,000 No-Essay Scholarship Please select whichever best describes you for the 2024 - 2025 academic year. I’m a high school student I’m a college or graduate student 100% Free. No Spam. Start"
scholarships_html/bigfuture-2035.html,Stinson LLP Scholarship,Johnson County Community College,Award Amount Varies,1/1/2025,Need-Based: No
scholarships_html/mastersportal-0169.html,ANU Sport and Recreation Association Scholarship,Australian National University,"$ 5,000",Not specified,"ear Tuition unknown 12 months Curtin University Perth, Western Australia, Australia 21,770 USD / year 13,532 USD / year Tuition unknown 12 months Featured Agricultural Systems Major (MSc AgriFoodSecur) M."
scholarships_html/mastersportal-0272.html,Merit Scholarship,Vistula Universities,"USD 4,397",19 Jul 2025,100% tuition
scholarships_html/internationalscholarships-1445.html,Domus Academy Master In Architectural Design And Urban Vision,Domus Academy Milan,Tuition discounts,June 30,6
scholarships_html/bigfuture-1393.html,George E. Nicholson Scholarship,University of West Florida,Award Amount Varies,3/1/2025,Need-Based: Yes
scholarships_html/bigfuture-0042.html,Dr. Wanda Thomas Health Science Endowed Scholarship,Broward College,Award Amount Varies,1/1/2025,Need-Based : Yes
scholarships_html/scholarships360-0343.html,American Legion Oratorical Contest,,"$ 10,000","Varies Start Applying Scholarship Overview Are you a high school student passionate about the U.S. Constitution? If so, you may be interested in the American Legion Oratorical Contest! The contest is open to high school",ship Earning this scholarship will help me achieve my educational and career goals by reducing the cost of my full-time tuition.
scholarships_html/bigfuture-0666.html,Hannah Sobeski Memorial Scholarship,Carolina Athletic Trainers' Association,Award Amount Varies,5/1/2025,Need-Based: No
scholarships_html/mastersportal-1332.html,Bez Tabarrok Scholarship in Mechanical Engineering,University of Victoria,"USD 35,442",Anytime,Engineering View relevant masters Find related programmes Bachelor Phd Specific discipline Disciplines Various benefits Grant Canada Location Anytime Application deadline About UVic provides awards to graduate students of high academic standing.
scholarships_html/mastersportal-0001.html,Chevening Scholarships,UK Government,"USD 36,011",10 Jul 2025,USD / module 844 USD / module Tuition unknown 40 months De Montfort University Online 844 USD / module 844 USD / module Tuition unknown 40 months Featured Laws of England and Wales LL.
scholarships_html/mastersportal-0336.html,Valar Impact Scholarship,Valar Institute,"USD 27,940",Anytime,full Tuition
scholarships_html/scholarship-0604.html,New Jersey State Golf Association Caddie Scholarship,Scholarships.com,"$ 3,000","October 15, 2025",
scholarships_html/internationalscholarships-0805.html,Scholarship,School of Medicine,"$ 4,643","and 1,200",
scholarships_html/scholarship-1577.html,Carson-Newman University Bonner Scholars,Scholarships.com,"$ 12,000","February 22, 2026",
scholarships_html/scholarship-1025.html,Mercer University Presidential Scholarships,Scholarships.com,"$ 169,248","January 22, 2026",This covers facility-tech fees and up to full-tuition.
scholarships_html/internationalscholarships-0811.html,Bogigian Scholarship For Armenian Students,Wilson College,"$ 1,500",Unrestricted,2
scholarships_html/scholarship-1642.html,NAWIC Construction Trades Scholarship,Scholarships.com,"$ 1,000","February 28, 2026",
scholarships_html/bigfuture-0281.html,Louis Bunyan Memorial Scholarship,Coastal Villages Region Fund,Award Amount Varies,4/11/2025,Need-Based: Yes
scholarships_html/scholarship-1405.html,Sherrill L. Smith Music Scholarship,Scholarships.com,"Amount Varies Deadline: February 07, 2026 Awards Available: Varies Eligibility Criteria: GPA Financial Aid Status State Selection Selected Major(s) Artistic Ability Current Year in School College Selection State County S","February 07, 2026",
scholarships_html/bigfuture-0113.html,Broward UP Scholarship,Broward College,Award Amount Varies,1/1/2025,Need-Based: Yes
scholarships_html/scholarships360-2092.html,Gordon Hay Scholarship Fund,,"$ 10,000",This scholarship might not currently be accepting applications. Most scholarship programs only accept applications a few months ahead of their annual deadline. We’ve estimated this deadline based on last year’s deadline,ship Earning this scholarship will help me achieve my educational and career goals by reducing the cost of my full-time tuition.
scholarships_html/scholarships360-0822.html,"The Ray, NØRP, & Katie, WØKTE, Pautz Scholarship",,"$ 10,000",This scholarship might not currently be accepting applications. Most scholarship programs only accept applications a few months ahead of their annual deadline. We’ve estimated this deadline based on last year’s deadline,ship Earning this scholarship will help me achieve my educational and career goals by reducing the cost of my full-time tuition.
scholarships_html/mastersportal-1069.html,Graduate Scholarship,Bahçeşehir University (BAU),"USD 11,554",Not specified,Multiple
scholarships_html/bigfuture-0816.html,"Vic Matson, Sr. Tributary Scholarship",Indians,"$ 1,000",6/1/2025,Need-Based: No
scholarships_html/mastersportal-2039.html,NFU Mutual Centenary Award,Aberystwyth University,"USD 42,036",Not specified,"unknown 12 months Newcastle University Newcastle upon Tyne, England, United Kingdom 42,036 USD / year 18,408 USD / year Tuition unknown 12 months Agricultural Systems Major (MSc AgriFoodSecur) M."
scholarships_html/bigfuture-1238.html,Dr. Larry Manziek Memorial Scholarship,University of West Florida,Award Amount Varies,11/1/2024,Need-Based: No
scholarships_html/scholarship-1870.html,Rocky Mountain Coal Mining Technical School Scholarship,Scholarships.com,"$ 1,000","March 01, 2026",
scholarships_html/bigfuture-0244.html,Montana 2 Plus 2 Honor Scholarship,Office of the Commissioner of Higher Education,Award Amount Varies,4/30/2025,Need-Based : No
scholarships_html/mastersportal-0200.html,Sanctuary Scholarship,University of Cumbria,"£ 3,000",Not specified,Full tuition
scholarships_html/scholarships360-1096.html,DCBF Annual Collegiate Scholarship Competition,,"$ 10,000",This scholarship might not currently be accepting applications. Most scholarship programs only accept applications a few months ahead of their annual deadline. We’ve estimated this deadline based on last year’s deadline,ship Earning this scholarship will help me achieve my educational and career goals by reducing the cost of my full-time tuition.
scholarships_html/scholarship-0208.html,Zonta Women in Business Leadership Award,Scholarships.com,"$ 10,000","July 01, 2025",Scholarships.com Students Scholarship Search College scholarships you qualify for. Scholarship Directory Find scholarships by category. Student Resources Top resources for your scholarship journey. Student Loans Explore loan options to help pay for college.
scholarships_html/mastersportal-0597.html,Women in Private Equity Scholarship by capiton,ESMT Berlin,"€ 34,000",Anytime,Multiple
scholarships_html/scholarships360-1661.html,ster Richardson Powell Memorial Service,"Bloomington Fort Wayne, IN Miracle Nwosu Texas Southern University Houston, TX Mercedes Ryan Canton Junior-Senior High School Canton, PA Finalists Danielle Chatman Benjamin","$ 2,500","Mar 1, 2025",
scholarships_html/internationalscholarships-1288.html,International Award Of Navarra,Foro Europeo - The Business School of Navarra,"6,950",July; November,2
scholarships_html/scholarship-0741.html,CMU Next Generation Scholarship,Scholarships.com,"$ 4,000","December 01, 2025","Scholarship Details Renewable $1,000 annual scholarship Available to in-state, out-of-state, and special tuition classification students (e."
scholarships_html/internationalscholarships-0427.html,Scholarship to participate,Asia-Pacific Innovation Academy,1699 €,Extended to April 30th,15
scholarships_html/bigfuture-2030.html,"Gilma ""Jill"" Nunez Mason, a Cuban-American, Endowed Scholarship",Stetson University,Award Amount Varies,1/1/2025,Need-Based: Yes
scholarships_html/bigfuture-0528.html,Financial Assistance Scholarship,Momeni Foundation,"$ 1,000",4/30/2025,Need-Based: Yes
scholarships_html/scholarships360-0137.html,The ​Bill H. James Foundation Scholarship for Aspiring African American Engineers,,"$ 10,000","July 15, 2025",ship Earning this scholarship will help me achieve my educational and career goals by reducing the cost of my full-time tuition.
scholarships_html/mastersportal-1585.html,Department of Philosophy PGR Financial Hardship Fund,University of St Andrews,"£ 3,000",12 Jun 2026,"22,027 USD / year Tuition unknown 12 months Victoria University of Wellington Wellington, New Zealand 22,027 USD / year Tuition unknown 12 months Featured Indian Philosophy M."
scholarships_html/bigfuture-1938.html,Horticulture Scholarship,Johnson County Community College,Award Amount Varies,1/1/2025,Need-Based: Yes
scholarships_html/internationalscholarships-0070.html,Health Safety and Education Scholarship,Shield Your Body,$ 96,Open,3
scholarships_html/scholarship-2005.html,Vengu Family Memorial Scholarship,Scholarships.com,"$ 1,000","March 07, 2026",
scholarships_html/scholarship-1640.html,Minnesota Masonic Charities Vocational Scholarship,Scholarships.com,"$ 5,000","February 28, 2026",
scholarships_html/bigfuture-1592.html,Chalik & Chalik Cancer Survivors Scholarship,Chalik & Chalik Law Offices,"$ 1,000",5/15/2025,Need-Based: No
scholarships_html/bigfuture-0494.html,Ilumina Scholarship,Comite Pro Bolivia,Award Amount Varies,4/1/2025,Need-Based: Yes
scholarships_html/internationalscholarships-0786.html,-PISL Scholarship Award,NAPE Foundation,"1,700",30th June,1
scholarships_html/bigfuture-1961.html,Career Development Scholarship,Great Lakes Hemophilia Foundation,$ 500,1/1/2025,Need-Based: No
scholarships_html/internationalscholarships-0801.html,Scholarship,School of Advanced Technologies in Medicine,"$ 4,643",,
scholarships_html/bigfuture-0421.html,Wisconsin Hearing and Visually Impaired Student Scholarship,Wisconsin Higher Educational Aids Board,"$ 1,800",4/30/2025,Need-Based: Yes
scholarships_html/internationalscholarships-1456.html,Eden Travelling Fellowship In Obstetrics And Gynecology,Royal College of Obstetricians and Gynecologists,"GBP 5,000",May 31,Variable
scholarships_html/scholarship-0658.html,Sodexo Stop Hunger Scholarships,Scholarships.com,"$ 15,000","November 01, 2025","National Scholarship winners receive a $10,000 scholarship and a $5,000 grant for their hunger-related charity."
scholarships_html/mastersportal-1788.html,Norman Cohen Memorial Scholarship,Central Michigan University,unknown,15 May 2026,Multiple
scholarships_html/bigfuture-0837.html,Seneca Gaming Corporation Scholarship,Seneca Diabetes Foundation,Award Amount Varies,5/16/2025,Need-Based: Yes
scholarships_html/bigfuture-1747.html,SSMT Need-Based Scholarship,Sarasota School of Massage Therapy,Award Amount Varies,1/1/2025,Need-Based : Yes
scholarships_html/scholarships360-0563.html,Women in Logistics Scholarship,,"$ 10,000",This scholarship might not currently be accepting applications. Most scholarship programs only accept applications a few months ahead of their annual deadline. We’ve estimated this deadline based on last year’s deadline,ship Earning this scholarship will help me achieve my educational and career goals by reducing the cost of my full-time tuition.
scholarships_html/bigfuture-0419.html,Tom and Debbie Nycz Memorial Scholarship,Broward College,Award Amount Varies,1/1/2025,Need-Based: Yes
scholarships_html/internationalscholarships-0097.html,9th GIORGIO ROTA Best Paper Award,Centro Einaudi,€1500,December,3
scholarships_html/scholarships360-2062.html,NESMA Scholarship Fund Award 1,,"$ 10,000",This scholarship might not currently be accepting applications. Most scholarship programs only accept applications a few months ahead of their annual deadline. We’ve estimated this deadline based on last year’s deadline,ship Earning this scholarship will help me achieve my educational and career goals by reducing the cost of my full-time tuition.
scholarships_html/scholarships360-1091.html,"The Economic Club of Washington, D.C. – David M. Rubenstein",,"$ 10,000",This scholarship might not currently be accepting applications. Most scholarship programs only accept applications a few months ahead of their annual deadline. We’ve estimated this deadline based on last year’s deadline,ship Earning this scholarship will help me achieve my educational and career goals by reducing the cost of my full-time tuition.
scholarships_html/internationalscholarships-1263.html,Olive Lynn Salembier Scholarship,Society of Women Engineers (SWE),"$ 2,000",May 15,Variable
scholarships_html/bigfuture-0365.html,Optimist Club William J. Cummer Scholarship,Calgary Foundation,"$ 2,500",1/23/2025,Need-Based : Yes
scholarships_html/bigfuture-1600.html,William & Dorothy Strickland Culinary Endowed Scholarship,Florida State College at Jacksonville,"$ 1,000",2/1/2025,Need-Based: Yes
scholarships_html/scholarships360-0792.html,Elizabeth Schalk Memorial Scholarship,,"$ 10,000",This scholarship might not currently be accepting applications. Most scholarship programs only accept applications a few months ahead of their annual deadline. We’ve estimated this deadline based on last year’s deadline,ship Earning this scholarship will help me achieve my educational and career goals by reducing the cost of my full-time tuition.
scholarships_html/scholarships360-1745.html,"American Legion Post 308, Orleans, MA Veterans Scholarship",,"$ 10,000",This scholarship might not currently be accepting applications. Most scholarship programs only accept applications a few months ahead of their annual deadline. We’ve estimated this deadline based on last year’s deadline,ship Earning this scholarship will help me achieve my educational and career goals by reducing the cost of my full-time tuition.
scholarships_html/bigfuture-0046.html,Saves U! Scholarship Contest,Slickdeals,"$ 5,000",4/30/2025,Need-Based : No
scholarships_html/scholarships360-1289.html,Clarkston Scholars Program,,"$ 10,000",This scholarship might not currently be accepting applications. Most scholarship programs only accept applications a few months ahead of their annual deadline. We’ve estimated this deadline based on last year’s deadline,ship Earning this scholarship will help me achieve my educational and career goals by reducing the cost of my full-time tuition.
scholarships_html/scholarships360-1386.html,John S. Renner Memorial Scholarship,,"$ 10,000",This scholarship might not currently be accepting applications. Most scholarship programs only accept applications a few months ahead of their annual deadline. We’ve estimated this deadline based on last year’s deadline,ship Earning this scholarship will help me achieve my educational and career goals by reducing the cost of my full-time tuition.
scholarships_html/scholarship-2124.html,Duncan and Lillian McGregor Scholarships,Scholarships.com,"$ 2,000","March 15, 2026",
scholarships_html/scholarships360-1241.html,The Smith-Hutson Freshman Scholarship,,"$ 10,000",This scholarship might not currently be accepting applications. Most scholarship programs only accept applications a few months ahead of their annual deadline. We’ve estimated this deadline based on last year’s deadline,"Thus, if recipients were to earn $5,000 from another scholarship, the Smith-Hutson Freshman Scholarship would grant the remaining $15,000."
scholarships_html/mastersportal-0810.html,Chan Sisters Foundation Undergraduate Award,University of Northern British Columbia,"$ 2,000",01 Apr 2026,Multiple
scholarships_html/scholarship-0732.html,University of California- San Diego Regents Scholarship,Scholarships.com,"$ 20,000","November 30, 2025",Regents scholars who are CA residents and have demonstrated financial need will receive additional scholarship and/or grant funds to meet the financial need for 4 undergraduate academic years for freshmen and 2 academic years for transfers.
scholarships_html/scholarship-1967.html,Alabama Golf Association Women's Scholarship Fund,Scholarships.com,"$ 24,000","March 04, 2026","are attending, student ID number, the contact person in the Financial Aid Office and their address as well as when the tuition is due."
scholarships_html/bigfuture-0555.html,David Wagner Scholarship,Beefmaster Breeders Association,Award Amount Varies,4/1/2025,Need-Based : No
scholarships_html/bigfuture-2090.html,College Scholarship,Academy of Special Dreams Foundation,"$ 1,000",1/1/2025,Need-Based: No
scholarships_html/scholarship-2103.html,Charles & Orene Hinds Scholarship,Scholarships.com,"$ 5,600","March 15, 2026",
scholarships_html/internationalscholarships-0169.html,"' ""Help to Save"" Scholarship",CouponBirds,$,October,1
scholarships_html/scholarship-2039.html,FEEA Scholarship,Scholarships.com,"$ 5,000","March 13, 2026",
scholarships_html/internationalscholarships-0020.html,Undergraduate Merit Awards A.Y. 2024-25,DashTickets Foundation,3000,4-,"The scholarship is intended to support the winner’s educational expenses, such as tuition fees, course materials, or living expenses, if the winner is studying away from home."
scholarships_html/internationalscholarships-0309.html,Sigma Theta Tau International/ American Nurses Foundation Grant,"Sigma Theta Tau, International Honor Society of Nursing","$ 7,500",May,1
scholarships_html/scholarship-0423.html,University of Washington Martin Honors Scholarship,Scholarships.com,"$ 36,000","July 01, 2025",
scholarships_html/scholarship-0027.html,Hopi Tribe Grants and Scholarships Program,Scholarships.com,"$ 5,000","July 15, 2025","For eligible Hopi students pursuing post-secondary and professional degrees Diane Humetewa Scholarship: Competitive, merit-based award focused on Social Justice (Deadline: June 15"
scholarships_html/mastersportal-1402.html,The Rosemary Lucas Postgraduate Scholarship - Interior Design (International),The Glasgow School of Art,"£ 24,040",Not specified,"USD / year Tuition unknown 12 months Istituto Europeo Di Design (IED) Milano, Italy 23,934 USD / year 23,934 USD / year Tuition unknown 12 months Featured Interior Design M."
scholarships_html/scholarships360-0091.html,Dr. Kyle Hornby Annual Scholarship,,"$ 10,000","July 1, 2025",ship Earning this scholarship will help me achieve my educational and career goals by reducing the cost of my full-time tuition.
scholarships_html/scholarships360-0988.html,Fred J. Epstein Youth Achievement Award,,"$ 10,000",This scholarship might not currently be accepting applications. Most scholarship programs only accept applications a few months ahead of their annual deadline. We’ve estimated this deadline based on last year’s deadline,"Scholarships360 Get matched with vetted scholarships and enter our $10,000 No-Essay Scholarship Please select whichever best describes you for the 2024 - 2025 academic year. I’m a high school student I’m a college or graduate student 100% Free. No Spam. Start"
scholarships_html/internationalscholarships-0236.html,- Scholarships for College Students,DontPayFull,,/31,1
scholarships_html/bigfuture-1211.html,Barbara & Ted Judd Theater Scholarship,Tallahassee State College,Award Amount Varies,1/18/2025,Need-Based: Yes
scholarships_html/scholarships360-0102.html,ProCare Health Heroes Scholarship,,"$ 10,000","July 1, 2025",ship Earning this scholarship will help me achieve my educational and career goals by reducing the cost of my full-time tuition.
scholarships_html/scholarships360-0451.html,The UNCF / UPS Scholars Program,,"$ 10,000",This scholarship might not currently be accepting applications. Most scholarship programs only accept applications a few months ahead of their annual deadline. We’ve estimated this deadline based on last year’s deadline,ship Earning this scholarship will help me achieve my educational and career goals by reducing the cost of my full-time tuition.
scholarships_html/scholarship-2036.html,Matt Logies Memorial Scholarship,Scholarships.com,"$ 5,000","March 12, 2026",
scholarships_html/internationalscholarships-1534.html,DAAD German Studies Research Grant,German Academic Exchange Service / DAAD,"$ 1,500",November 1; May 1,5
scholarships_html/internationalscholarships-0875.html,PGMS Scholarship,Professional Grounds Management Society,"$ 6,000",January 1,discretion of judges
scholarships_html/scholarships360-1507.html,Oklahoma Association for the Education of Young Children Scholarship,,"$ 10,000",This scholarship might not currently be accepting applications. Most scholarship programs only accept applications a few months ahead of their annual deadline. We’ve estimated this deadline based on last year’s deadline,ship Earning this scholarship will help me achieve my educational and career goals by reducing the cost of my full-time tuition.
scholarships_html/mastersportal-1553.html,Mackendrick Postgraduate Scholarship,The Glasgow School of Art,"£ 5,000",Not specified,Multiple
scholarships_html/scholarships360-0152.html,A,,"$ 10,000","July 18, 2025",ship Earning this scholarship will help me achieve my educational and career goals by reducing the cost of my full-time tuition.
scholarships_html/mastersportal-1640.html,Accounting Department Application,University of North Dakota,"$ 2,000",01 Mar 2026,full Tuition
scholarships_html/scholarship-2089.html,A.B. and M.R. Noel Scholarship,Scholarships.com,"$ 1,000","March 15, 2026","Applicants who qualify for the Federal Pell Grant will not be considered for this scholarship, but financial need is a consideration."
scholarships_html/internationalscholarships-0037.html,Western Caspian University Full and Merit Based Scholarships,"Western Caspian University, Azerbaijan",full tuition,October 1st,11
scholarships_html/bigfuture-0380.html,Jeffrey D. & Nancy Hulmes Memorial Endowed Scholarship,Broward College,Award Amount Varies,1/1/2025,Need-Based: Yes
scholarships_html/scholarship-0771.html,University of Kentucky Presidential Scholarship,Scholarships.com,"$ 136,560","December 01, 2025",full tuition
scholarships_html/mastersportal-1300.html,Toulouse INP Master Scholarships program,"Toulouse INP, INSA Toulouse and ENSFEA","€ 9,000",30 Jun 2025,Multiple
scholarships_html/internationalscholarships-1304.html,Olivia James Traveling Fellowship,Archaeological Institute of America,"$ 25,000",November,1
scholarships_html/mastersportal-0898.html,Hope for Humanity Scholarship,The Estevez Group,"$ 1,000",13 Aug 2025,full Tuition
scholarships_html/scholarship-1393.html,Saginaw Choral Society - Joanne Robertson Memorial Scholarship,Scholarships.com,"$ 10,000","February 07, 2026",
scholarships_html/mastersportal-1738.html,Study Scholarships - Postgraduate Studies in the Field of the Performing Arts,DAAD,EUR 934,Not specified,Multiple
scholarships_html/mastersportal-1526.html,Katherine And Jacob Hildebrand Award,Brock University,"$ 5,300",Not specified,Multiple
scholarships_html/mastersportal-0794.html,MBA Scholarship,Cardiff Metropolitan University,"£ 2,500",Anytime,"Up to £2,500. Eligibility Eligibility All International applicants will be automatically considered for the scholarships. You will not be expected to complete a separate application, they will automatically consider students for one of these awards when they"
scholarships_html/bigfuture-1686.html,Foreclosure.com Scholarship,BluSea Holdings,"$ 4,000",3/1/2025,Need-Based: No
scholarships_html/bigfuture-1222.html,Joan Japa Vujovich Scholarship,Community Foundation of St. Joseph County,"$ 4,000",6/1/2025,Need-Based: No
scholarships_html/scholarships360-0126.html,MFMA Scholarship Program,,"$ 10,000","July 11, 2025",ship Earning this scholarship will help me achieve my educational and career goals by reducing the cost of my full-time tuition.
scholarships_html/scholarships360-0315.html,West Virginia Invests Grant,,"$ 10,000","Rolling Start Applying Scholarship Overview The WV Invests Grant is a state-funded grant program that pays toward the full cost of basic tuition, mandatory fees, and academic program fees for students pursuing select cer",Full tuition
scholarships_html/bigfuture-0341.html,Scholarship,National Military Fish and Wildlife Association,$ 500,4/30/2025,Need-Based: Yes
scholarships_html/bigfuture-0146.html,Midwestern Region Korean American Scholarship,Korean American Scholarship Foundation,"$ 5,000",4/1/2025,Need-Based: Yes
scholarships_html/scholarship-0955.html,Clark University Presidential Scholarship,Scholarships.com,"$ 229,760","January 15, 2026",Full tuition
scholarships_html/bigfuture-1485.html,Joe Tomaino Cristo Rey Salesian Scholarship,University of South Florida,Award Amount Varies,12/1/2024,Need-Based : No
scholarships_html/bigfuture-1710.html,Irene Ryan Acting Scholarship,John F. Kennedy Center for the Performing Arts,$ 500,1/1/2025,Need-Based : No
scholarships_html/scholarship-2107.html,Colorado Garden Show Scholarships,Scholarships.com,$ 10,"March 15, 2026","holarship Giveaway $2,000 No Essay Scholarship by Sallie Scholarship Description The undergraduate scholarship includes tuition, fees, room & board, and all required books for the four years."
scholarships_html/mastersportal-2028.html,Chris Garnham Prize,Royal College of Art,"USD 24,589",Anytime,full Tuition
scholarships_html/internationalscholarships-1402.html,Marcel Loncin Research Prize,Institute of Food Technologists,"$ 50,000",December,1
scholarships_html/internationalscholarships-0362.html,Scholarships for Public Policy Degrees,CEU School of Public Policy,"€ 1,000",11,CEU awards a variety of scholarships on a merit basis for which students from any country are eligible. All applicants to SPP's master's program are automatically considered for these awards when they submit an online application. The University offers the
scholarships_html/scholarships360-0641.html,Governors’ Scholarship for Foster Youth Program,,"$ 10,000",This scholarship might not currently be accepting applications. Most scholarship programs only accept applications a few months ahead of their annual deadline. We’ve estimated this deadline based on last year’s deadline,ship Earning this scholarship will help me achieve my educational and career goals by reducing the cost of my full-time tuition.
scholarships_html/bigfuture-1214.html,Creative Writing Scholarship,National Society of High School Scholars,"$ 2,000",3/14/2025,Need-Based: No
scholarships_html/internationalscholarships-0132.html,Open Doors: Russian Scholarship Project 2020,Global Universities Assosiation,Full Tuition,December 18th,300
scholarships_html/mastersportal-1007.html,Brian L. Perry Mechanical Engineering Scholarship,The University of Toledo,unknown,01 Mar 2026,full Tuition
scholarships_html/mastersportal-0808.html,Summer Hardship Fund,University of the Arts London (UAL),"£ 2,000",27 Sep 2025,"University of the Arts London (UAL) awards scholarships, bursaries, tuition fee reductions and discounts that help you cover existing tuition and living costs."
scholarships_html/bigfuture-0234.html,Advance Auto Parts Automotive Technology Program Scholarship,Broward College,Award Amount Varies,1/1/2025,Need-Based: No
scholarships_html/mastersportal-0946.html,Contextual Offers Scholarships,Solent University,£ 500,Not specified,"Solent University awards scholarships, bursaries, tuition fee reductions and discounts that help you cover existing tuition and living costs."
scholarships_html/mastersportal-0318.html,Rhodes Scholarships for New Zealand,Massey University,"USD 26,256",31 Jul 2025,"21,496 USD / year Tuition unknown 12 months Victoria University of Wellington Wellington, New Zealand 21,496 USD / year Tuition unknown 12 months Featured Political Science M."
scholarships_html/internationalscholarships-0668.html,Essaymama Winter Essay Writing Contest,Essaymama.com,$ 550,February 19,3 per contest
scholarships_html/mastersportal-1717.html,Maxie Anderson Memorial Scholarship,University of North Dakota,"$ 1,000",01 Mar 2026,Multiple
scholarships_html/bigfuture-0565.html,Members Scholarship,Children of,"$ 1,000",5/1/2025,Need-Based: No
scholarships_html/scholarship-1305.html,Clifford H. Spicer Memorial Scholarship,Scholarships.com,"$ 10,000","February 07, 2026",
scholarships_html/mastersportal-0270.html,Excellence Scholarships,University of Algarve,"USD 4,866",Not specified,100% tuition
scholarships_html/bigfuture-1096.html,Darrel W. Stephens Future Police Leaders Scholarship,Florida State University,Award Amount Varies,6/1/2025,Need-Based: No
scholarships_html/bigfuture-1023.html,Piano Scholarship,Florida College,Award Amount Varies,11/1/2024,Need-Based: No
scholarships_html/scholarship-0195.html,Massachusetts Foster Child Grant Program,Scholarships.com,"$ 30,000","July 01, 2025",Massachusetts Foster Child Grant Program - Scholarships.
scholarships_html/scholarships360-0615.html,Claire O. and Charles J. Ping Award,,"$ 10,000",This scholarship might not currently be accepting applications. Most scholarship programs only accept applications a few months ahead of their annual deadline. We’ve estimated this deadline based on last year’s deadline,"Scholarships360 Get matched with vetted scholarships and enter our $10,000 No-Essay Scholarship Please select whichever best describes you for the 2024 - 2025 academic year. I’m a high school student I’m a college or graduate student 100% Free. No Spam. Start"
scholarships_html/internationalscholarships-0762.html,Help the Homeless Scholarship,DoSomething.org and Aéropostale,$,February,1
scholarships_html/bigfuture-1809.html,Adult Re-Education Scholarship,Community Foundation of Hancock County,Award Amount Varies,1/1/2025,Need-Based: Yes
scholarships_html/mastersportal-0113.html,Merit-based Scholarships,Politecnico di Milano,"USD 11,726",19 May 2026,Full tuition
scholarships_html/scholarships360-1403.html,Hilcorp Future Leaders of America Scholarship,,"$ 10,000",This scholarship might not currently be accepting applications. Most scholarship programs only accept applications a few months ahead of their annual deadline. We’ve estimated this deadline based on last year’s deadline,ship Earning this scholarship will help me achieve my educational and career goals by reducing the cost of my full-time tuition.
scholarships_html/internationalscholarships-1560.html,Bernadette E Schmitt Grant,American Historical Association,"$ 1,000",September 17,Variable
scholarships_html/scholarships360-0848.html,O. M. International Sideband Society (OMISS) Scholarship,,"$ 10,000",This scholarship might not currently be accepting applications. Most scholarship programs only accept applications a few months ahead of their annual deadline. We’ve estimated this deadline based on last year’s deadline,ship Earning this scholarship will help me achieve my educational and career goals by reducing the cost of my full-time tuition.
scholarships_html/mastersportal-1684.html,Stella H. Fritzell Memorial Biology Scholarship,University of North Dakota,"$ 1,250",01 Mar 2026,"University of North Dakota awards scholarships, bursaries, tuition fee reductions and discounts that help you cover existing tuition and living costs."
scholarships_html/scholarship-0725.html,Superior Seating Scholarship,Scholarships.com,"$ 1,500","November 30, 2025","deadline: November 30th annually To support your educational journey, the selected recipient will be awarded a one-time grant of $1500."
scholarships_html/mastersportal-1464.html,Regional Scholarships,ESMT Berlin,"€ 11,550",Anytime,"ESMT Berlin awards scholarships, bursaries, tuition fee reductions and discounts that help you cover existing tuition and living costs."
scholarships_html/scholarships360-1692.html,Dr. Don Rogers Honorary Scholarship,,"$ 10,000",This scholarship might not currently be accepting applications. Most scholarship programs only accept applications a few months ahead of their annual deadline. We’ve estimated this deadline based on last year’s deadline,ship Earning this scholarship will help me achieve my educational and career goals by reducing the cost of my full-time tuition.
scholarships_html/internationalscholarships-1407.html,Libermann Scholarship,Duquesne University,$1000-$7500 USD per year,April 1,40-50
scholarships_html/scholarship-1016.html,Orange Scholars Scholarship Program,Scholarships.com,"$ 2,500","January 17, 2026",
scholarships_html/mastersportal-0871.html,Auger & Auger Disabled Scholar,Lawyers,"$ 1,000",31 Jul 2025,full Tuition
scholarships_html/bigfuture-1881.html,Southwest Florida Community Foundation,Fort Myers Technical College,Award Amount Varies,1/1/2025,Need-Based: Yes
scholarships_html/internationalscholarships-0714.html,WUL Graduate Studies Scholarship,Webster University,Dependent on program,Please visit link below,2
scholarships_html/scholarships360-2101.html,Mary Doctor Fine Arts Scholarship Fund,,"$ 10,000",This scholarship might not currently be accepting applications. Most scholarship programs only accept applications a few months ahead of their annual deadline. We’ve estimated this deadline based on last year’s deadline,ship Earning this scholarship will help me achieve my educational and career goals by reducing the cost of my full-time tuition.
scholarships_html/mastersportal-0440.html,International Student Scholarship,Rikkyo University,"JPY 200,000",28 Nov 2025,Multiple
scholarships_html/scholarships360-1027.html,Norah Salt Scholarship,,"$ 10,000",This scholarship might not currently be accepting applications. Most scholarship programs only accept applications a few months ahead of their annual deadline. We’ve estimated this deadline based on last year’s deadline,ship Earning this scholarship will help me achieve my educational and career goals by reducing the cost of my full-time tuition.
scholarships_html/scholarship-1968.html,"Mary J. Szczepanski ""Never Give Up"" Scholarship",Scholarships.com,$ 500,"March 04, 2026",
scholarships_html/mastersportal-1285.html,Beatrice Craven Graduate Scholarship,University of Guelph,"$ 1,500",Anytime,"6 USD / year Tuition unknown 60 months Saybrook University Online 23,136 USD / year 23,136 USD / year 23,136 USD / year Tuition unknown 60 months Featured Dietetics M."
scholarships_html/internationalscholarships-0542.html,Internet Marketing Scholarship,Luxury Home Stuff,$,"Nov 30th,",1
scholarships_html/bigfuture-0006.html,Steve J. Parker Endowed Scholarship,Broward College,Award Amount Varies,1/1/2025,Need-Based: No
scholarships_html/internationalscholarships-1529.html,Vlerick Leuven Gent MS Scholarship,Anne Whitten,Variable,March,1
scholarships_html/mastersportal-1369.html,City Star Scholarship,"City, University of London","USD 46,569",Anytime,Multiple
scholarships_html/internationalscholarships-0538.html,Excellence scholarship non-EEA,Economics and Management,10.000,,edu/education/masters-programmes/tuition-fees-scholarships/Excellence-Scholarship-nonEEA-1/ Amount 10.
scholarships_html/scholarships360-1328.html,John and Priscilla Becker Scholarship,,"$ 10,000",This scholarship might not currently be accepting applications. Most scholarship programs only accept applications a few months ahead of their annual deadline. We’ve estimated this deadline based on last year’s deadline,ship Earning this scholarship will help me achieve my educational and career goals by reducing the cost of my full-time tuition.
scholarships_html/bigfuture-1730.html,Katie Willis and Stanley H. Given Endowed Scholarship,Stetson University,Award Amount Varies,1/1/2025,Need-Based: Yes
scholarships_html/bigfuture-0314.html,Romeyne & Sarah Klingensmith Memorial Nursing Scholarship,Broward College,Award Amount Varies,1/1/2025,Need-Based: Yes
scholarships_html/scholarship-0731.html,University of California- San Diego Ellen and Roger Revelle Scholarship,Scholarships.com,"$ 10,000","November 30, 2025",
scholarships_html/bigfuture-0612.html,"Spouse of Active-Duty Member, Drilling Reservist, National Guard, or Military Retiree Scholarship",Virginia Advisory Council on Military Education,"$ 1,000",5/1/2025,Need-Based: No
scholarships_html/scholarships360-1322.html,William Randolph Hearst Service Learning Scholarship,,"$ 10,000",This scholarship might not currently be accepting applications. Most scholarship programs only accept applications a few months ahead of their annual deadline. We’ve estimated this deadline based on last year’s deadline,ship Earning this scholarship will help me achieve my educational and career goals by reducing the cost of my full-time tuition.
scholarships_html/mastersportal-0796.html,International Office scholarships,University of Brighton,"£ 2,500",Not specified,"17,628 USD / year Tuition unknown 12 months Queen Mary University of London Online 49,730 USD / year 17,628 USD / year Tuition unknown 12 months Featured Computer Science (Conversion) M."
scholarships_html/mastersportal-0541.html,Alumni Loyalty Scholarship,Lancaster University,"USD 49,730",Anytime,"17,628 USD / year Tuition unknown 12 months Queen Mary University of London Online 49,730 USD / year 17,628 USD / year Tuition unknown 12 months Featured Computer Science (Conversion) M."
scholarships_html/scholarships360-1714.html,Butch Nine Scholarship,,"$ 10,000",This scholarship might not currently be accepting applications. Most scholarship programs only accept applications a few months ahead of their annual deadline. We’ve estimated this deadline based on last year’s deadline,ship Earning this scholarship will help me achieve my educational and career goals by reducing the cost of my full-time tuition.
scholarships_html/scholarship-0821.html,Neptune Technology Group Scholarship,Scholarships.com,"$ 5,000","December 19, 2025",
scholarships_html/internationalscholarships-0071.html,Post Doctoral Anthropology Fellowship,Fundação de Amparo à Pesquisa do estado de São Paulo - FAPESP,"8,479.20",,
scholarships_html/internationalscholarships-0067.html,First Year International Student Scholarships,Ball State University,$14000,June 1st,2-3 annually
scholarships_html/scholarship-0435.html,Austin College Music Scholarship,Scholarships.com,"$ 16,000","February 01, 2026",
scholarships_html/internationalscholarships-1194.html,International Student Tuition Waiver,University of Maine at Orono,"$ 10,920",February 1,N/A
scholarships_html/scholarships360-0783.html,Clark Burrus Public Service Academic Scholarship,,"$ 10,000",This scholarship might not currently be accepting applications. Most scholarship programs only accept applications a few months ahead of their annual deadline. We’ve estimated this deadline based on last year’s deadline,ship Earning this scholarship will help me achieve my educational and career goals by reducing the cost of my full-time tuition.
scholarships_html/bigfuture-0284.html,Certificate Assistance Program,National Safety Council,Award Amount Varies,4/1/2025,Need-Based: No
scholarships_html/bigfuture-1385.html,Linda Evans Scholarship,University of West Florida,Award Amount Varies,3/1/2025,Need-Based: No
scholarships_html/mastersportal-1496.html,Southampton Business School Deans Postgraduate Scholarship,University of Southampton,"£ 9,000",Anytime,Multiple
scholarships_html/scholarship-0792.html,NATAS John Cannon Memorial Scholarship,Scholarships.com,"$ 40,000","December 10, 2025","The scholarship award may be used for tuition, books, living expenses, and other related costs."
scholarships_html/internationalscholarships-0153.html,K,KTH Royal Institute of Technology,Approx,January 15,2
scholarships_html/scholarship-2020.html,Gordon Hay Scholarship Fund,Scholarships.com,"$ 10,000","March 10, 2026",
scholarships_html/internationalscholarships-0064.html,College Monk Short Essay Scholarship,The Monk Media Inc,$,October,1
scholarships_html/internationalscholarships-0125.html,Engineering Scholarship Opportunity in US and Canada,Progressive Automations,$1000,July 10,2
scholarships_html/internationalscholarships-1293.html,Chosun University Post-doctoral Fellowship,Chosun University,,,1
scholarships_html/bigfuture-1179.html,Be More Fund Scholarship,National Society of High School Scholars,"$ 10,000",5/1/2025,Need-Based: No
scholarships_html/scholarships360-2109.html,Achievement Scholarship for Refugees and Immigrants of Wake County,,"$ 10,000",This scholarship might not currently be accepting applications. Most scholarship programs only accept applications a few months ahead of their annual deadline. We’ve estimated this deadline based on last year’s deadline,ship Earning this scholarship will help me achieve my educational and career goals by reducing the cost of my full-time tuition.
scholarships_html/mastersportal-1290.html,Mohamed and Prabha Ibrahim Graduate Scholarship in Chemistry,University of Victoria,"$ 1,000",Anytime,full Tuition
scholarships_html/mastersportal-1664.html,Mark Solberg Memorial Scholarship,University of North Dakota,"$ 1,600",01 Mar 2026,Multiple
scholarships_html/scholarship-0100.html,WTS Transportation YOU High School Scholarship,Scholarships.com,"$ 2,500","December 01, 2025","$1,000 WTS International Foundation Award: $2,500 (nomination required from the Greater Chicago Chapter) Eligibility Criteria Must be a high school senior attending school in the Chicagoland area Must have a minimum GPA of 3.0 Must be currently studying math,"
scholarships_html/scholarships360-1913.html,Kenneth B. Creasy Speech and Debate Scholarship,,"$ 10,000",This scholarship might not currently be accepting applications. Most scholarship programs only accept applications a few months ahead of their annual deadline. We’ve estimated this deadline based on last year’s deadline,ship Earning this scholarship will help me achieve my educational and career goals by reducing the cost of my full-time tuition.
scholarships_html/scholarship-0051.html,5 Strong Scholarship Foundation,Scholarships.com,$ 10,"December 01, 2025",ogram partners with Historically Black Colleges and Universities (HBCUs) to provide promising student leaders with full-tuition scholarships and ongoing mentorship from matriculation to graduation.
scholarships_html/internationalscholarships-0626.html,A,Gannon University,$,22 March,1
scholarships_html/mastersportal-0586.html,Cox Full-Time Two-Year MBA Scholarships,Southern Methodist University,"$ 70,000",Anytime,full Tuition
scholarships_html/mastersportal-0883.html,Distinguished Design/Tech Award,SETC,"$ 1,000",15 Sep 2025,full Tuition
scholarships_html/scholarships360-0201.html,Benson Law Firm Scholarship Contest,,"$ 10,000","August 15, 2025",ship Earning this scholarship will help me achieve my educational and career goals by reducing the cost of my full-time tuition.
scholarships_html/scholarships360-2060.html,John J. and Doris Lazorik Memorial Scholarship,,"$ 10,000",This scholarship might not currently be accepting applications. Most scholarship programs only accept applications a few months ahead of their annual deadline. We’ve estimated this deadline based on last year’s deadline,ship Earning this scholarship will help me achieve my educational and career goals by reducing the cost of my full-time tuition.
scholarships_html/mastersportal-1892.html,Annmarie Kwiatkowski Heldt Scholarship,The University of Toledo,unknown,01 Mar 2026,"r Tuition unknown 12 months University of Surrey Guildford, England, United Kingdom 29,947 USD / year 14,973 USD / year Tuition unknown 12 months Featured Computer Science M."
scholarships_html/bigfuture-1511.html,Gainer Family Excellence Scholarship,University of South Florida,Award Amount Varies,12/1/2024,Need-Based:
scholarships_html/mastersportal-1361.html,Noel & Margaret Gantly Scholarship,University of Victoria,"USD 20,351",Anytime,Multiple
scholarships_html/scholarship-0411.html,Protect American River Canyons Essay Contest,Scholarships.com,$ 500,"March 15, 2026",
scholarships_html/mastersportal-1760.html,280 Group Product Management Scholarship,Washington State University,$ 500,15 Nov 2025,Multiple
scholarships_html/scholarships360-0575.html,Day of Pride Scholarship,,"$ 10,000",This scholarship might not currently be accepting applications. Most scholarship programs only accept applications a few months ahead of their annual deadline. We’ve estimated this deadline based on last year’s deadline,Full Tuition
scholarships_html/scholarships360-1877.html,Margaret Ford Smucker and Lloyd K. Smucker Scholarship,,"$ 10,000",This scholarship might not currently be accepting applications. Most scholarship programs only accept applications a few months ahead of their annual deadline. We’ve estimated this deadline based on last year’s deadline,ship Earning this scholarship will help me achieve my educational and career goals by reducing the cost of my full-time tuition.
scholarships_html/scholarship-0050.html,University of Kentucky Bluegrass Spirit Awards,Scholarships.com,"$ 50,000","December 01, 2025",Scholarships.com Students Scholarship Search College scholarships you qualify for. Scholarship Directory Find scholarships by category. Student Resources Top resources for your scholarship journey. Student Loans Explore loan options to help pay for college.
scholarships_html/scholarships360-0831.html,"Robert D., W8ST, and Donna J., W9DJS, Streeter Scholarship",,"$ 10,000",This scholarship might not currently be accepting applications. Most scholarship programs only accept applications a few months ahead of their annual deadline. We’ve estimated this deadline based on last year’s deadline,ship Earning this scholarship will help me achieve my educational and career goals by reducing the cost of my full-time tuition.
scholarships_html/scholarships360-0300.html,Wisconsin Grant – Private Non-Profit,,"$ 10,000","June 30, 2026",ship Earning this scholarship will help me achieve my educational and career goals by reducing the cost of my full-time tuition.
scholarships_html/scholarship-0983.html,Samuel Fletcher Tapman ASCE Student Chapter Scholarship,Scholarships.com,"$ 10,000","January 15, 2026",
scholarships_html/mastersportal-0562.html,MCI Global Scholarship,MCI - The Entrepreneurial School,"USD 30,645",Not specified,Multiple
scholarships_html/scholarship-0058.html,University of Minnesota National Scholarship,Scholarships.com,"$ 60,000","January 01, 2026",
scholarships_html/mastersportal-1118.html,Alumni Discount,University of Leicester,"USD 49,797",Not specified,"University of Leicester awards scholarships, bursaries, tuition fee reductions and discounts that help you cover existing tuition and living costs."
scholarships_html/bigfuture-0195.html,Kiwanis Club of Wilton Manors Honors David Platz & Randy Comer Scholarship,Broward College,,1/1/2025,
scholarships_html/bigfuture-0889.html,Joel and Dena Gambord Nursing Scholarship,California State University,"$ 10,000",1/6/2025,Need-Based : Yes
scholarships_html/scholarship-0044.html,SEAFWA’s Law Enforcement Chief’s Scholarship,Scholarships.com,"$ 1,000","July 01, 2025",
scholarships_html/mastersportal-1860.html,College of Law Scholarship,The University of Toledo,unknown,01 Mar 2026,"Tuition unknown 12 months The University of Exeter Exeter, England, United Kingdom 34,755 USD / year 17,171 USD / year Tuition unknown 12 months Featured European Law LL."
scholarships_html/bigfuture-0133.html,Tither's Scholarship,Nebraska United Methodist Foundation,"$ 10,000",4/1/2025,Need-Based : No
scholarships_html/bigfuture-0188.html,Helen D. Elsasser Memorial Scholarship,Pima Community College Foundation,"$ 1,000",3/1/2025,Need-Based: Yes
scholarships_html/scholarship-1211.html,JSU Alabama Theatre and Film Scholarships,Scholarships.com,"$ 10,000","February 01, 2026",
scholarships_html/internationalscholarships-1044.html,Research Grants,American Lung Association,"$ 35,000",November 1,Variable
scholarships_html/internationalscholarships-1414.html,Tuition Scholarships,Memphis College of Art,"$ 2,000",Variable,100
scholarships_html/scholarships360-0447.html,DDSRank Dental Scholarship,,"$ 10,000",This scholarship might not currently be accepting applications. Most scholarship programs only accept applications a few months ahead of their annual deadline. We’ve estimated this deadline based on last year’s deadline,ship Earning this scholarship will help me achieve my educational and career goals by reducing the cost of my full-time tuition.
scholarships_html/bigfuture-0502.html,Nathalie A. Price Memorial Scholarship,Ocean State Women's Golf Association,Award Amount Varies,4/30/2025,Need-Based: No
scholarships_html/bigfuture-0913.html,Dr. Hector Avalos Scholarship,Secular Student Alliance,Award Amount Varies,4/1/2025,Need-Based: No
scholarships_html/scholarship-1597.html,Advocates for African Americans Carolinas Scholarship,Scholarships.com,"$ 2,000","February 28, 2026",
scholarships_html/bigfuture-1785.html,Richard G. and Barbara J. Shull Automotive Technology Scholarship,Johnson County Community College,Award Amount Varies,1/1/2025,Need-Based: No
scholarships_html/mastersportal-0811.html,Women for Philanthropy Scholarship,University of North Dakota,"$ 2,000",01 Mar 2026,full Tuition
scholarships_html/scholarship-1307.html,Conservation Districts of Iowa Scholarships,Scholarships.com,"$ 3,000","February 07, 2026",
scholarships_html/scholarships360-0302.html,Little Miami Brewing Native American Scholarship Award,,"$ 10,000","July 15, 2026","Scholarships360 Get matched with vetted scholarships and enter our $10,000 No-Essay Scholarship Please select whichever best describes you for the 2024 - 2025 academic year. I’m a high school student I’m a college or graduate student 100% Free. No Spam. Start"
scholarships_html/mastersportal-0590.html,Monash Graduate Scholarship,Monash University,"$ 36,063",31 Aug 2025,living allowance
scholarships_html/scholarship-1566.html,Gordon A. Rich Memorial Scholarship,Scholarships.com,"$ 50,000","February 20, 2026",
scholarships_html/bigfuture-1161.html,Agri,National FFA Organization,"$ 1,000",3/1/2025,Need-Based: No
scholarships_html/bigfuture-1784.html,June Dillard Bower-Marks Quasi-Endowed Scholarship,Stetson University,Award Amount Varies,1/1/2025,Need-Based: Yes
scholarships_html/scholarships360-0362.html,NBC Universal Media Scholarship,,"$ 10,000",This scholarship might not currently be accepting applications. Most scholarship programs only accept applications a few months ahead of their annual deadline. We’ve estimated this deadline based on last year’s deadline,ship Earning this scholarship will help me achieve my educational and career goals by reducing the cost of my full-time tuition.
scholarships_html/scholarship-0600.html,Music Center Spotlight Program,Scholarships.com,"$ 5,000","October 14, 2025",
scholarships_html/mastersportal-1627.html,SUMAS Responsible Leader Scholarship,Sustainability Management School (SUMAS),"USD 2,476",Not specified,2100€ Master of Arts in Management (MAM): Standard Scholarship Award: 1600€ Eligibility Eligibility If you are not a native English speaker or you have not spent the last 3 years in an English-taught school or in an English work environment: TOEFL (minimum
scholarships_html/bigfuture-2006.html,NSU President's Scholarship,Nova Southeastern University,Award Amount Varies,1/1/2025,Need-Based: No
scholarships_html/mastersportal-1772.html,Mildred Lippincott Memorial Scholarship,University of North Dakota,$ 450,01 Mar 2026,"University of North Dakota awards scholarships, bursaries, tuition fee reductions and discounts that help you cover existing tuition and living costs."
scholarships_html/scholarship-0004.html,Betty Hansen Continuing Education/Cultural-Heritage Grant,Scholarships.com,$ 500,"August 31, 2025",Betty Hansen Continuing Education/Cultural-Heritage Grant - Scholarships.
scholarships_html/bigfuture-1888.html,DRC Theodore R. and Vivian M. Johnson Scholarship,Florida International University,Award Amount Varies,1/1/2025,Need-Based: Yes
scholarships_html/scholarships360-0418.html,Fulbright-Saastamoinen Foundation Distinguished Chair in Health Sciences,,"$ 10,000",This scholarship might not currently be accepting applications. Most scholarship programs only accept applications a few months ahead of their annual deadline. We’ve estimated this deadline based on last year’s deadline,ship Earning this scholarship will help me achieve my educational and career goals by reducing the cost of my full-time tuition.
scholarships_html/scholarships360-1658.html,Krishnan-Shah Family Scholarship,,"$ 10,000",This scholarship might not currently be accepting applications. Most scholarship programs only accept applications a few months ahead of their annual deadline. We’ve estimated this deadline based on last year’s deadline,ship Earning this scholarship will help me achieve my educational and career goals by reducing the cost of my full-time tuition.
scholarships_html/internationalscholarships-0827.html,Sarder Scholarship Program,NetCom Learning,$2500,month,1
scholarships_html/scholarship-0720.html,Dr. Juan Andrade Jr. Scholarship for Young Hispanic Leaders,Scholarships.com,"$ 1,000","November 30, 2025",
scholarships_html/scholarships360-1381.html,Rotary Club of Paso Robles Collin Black Scholarship,,"$ 10,000",This scholarship might not currently be accepting applications. Most scholarship programs only accept applications a few months ahead of their annual deadline. We’ve estimated this deadline based on last year’s deadline,ship Earning this scholarship will help me achieve my educational and career goals by reducing the cost of my full-time tuition.
scholarships_html/mastersportal-1308.html,"The School of Exercise Science, Physical and Health Education Scholarship",University of Victoria,"USD 31,980",Anytime,ducation Scholarship View relevant masters Find related programmes Phd Specific discipline Disciplines Various benefits Grant Canada Location Anytime Application deadline About UVic provides awards to graduate students of high academic standing.
scholarships_html/scholarship-0722.html,Jamaican Women of Florida 4 Year Scholarship,Scholarships.com,"$ 5,000","November 30, 2025","Valued at $5,000, this scholarship helps cover tuition, books, and other college expenses, empowering young women to achieve their educational goals."
scholarships_html/bigfuture-1025.html,Reverend Addie L. Wyatt Junior College Scholarship,Conference of Minority Transportation Officials-Chicago Chapter,"$ 1,000",6/1/2025,
scholarships_html/scholarships360-1212.html,Pritt Family Scholarship,,"$ 10,000",This scholarship might not currently be accepting applications. Most scholarship programs only accept applications a few months ahead of their annual deadline. We’ve estimated this deadline based on last year’s deadline,ship Earning this scholarship will help me achieve my educational and career goals by reducing the cost of my full-time tuition.
scholarships_html/internationalscholarships-0584.html,Ph.D. in Dental Biomaterials,School of Dentistry,5000 USD,"October 31, 2016",Unlimited
scholarships_html/scholarship-0433.html,UCA Music Scholarships,Scholarships.com,$ 10,"January 27, 2026",
scholarships_html/bigfuture-1064.html,Indiana LICA Scholarship,Contractors of America,"$ 2,000",1/1/2025,Need-Based : No
scholarships_html/internationalscholarships-0422.html,Abroad with HousingAnywhre Grant,HousingAnywhere.com,€ 250,June,1
scholarships_html/mastersportal-0230.html,Colin Aiken Plant Breeding Bursary,Massey University,"$ 1,000",16 Aug 2025,"21,496 USD / year Tuition unknown 12 months Victoria University of Wellington Wellington, New Zealand 21,496 USD / year Tuition unknown 12 months Featured Political Science M."
scholarships_html/bigfuture-0684.html,College Scholarship,Aero Club of Southern California,"$ 5,000",5/1/2025,Need-Based: No
scholarships_html/bigfuture-1701.html,Digital Arts Scholarship,Stetson University,Award Amount Varies,1/1/2025,Need-Based: No
scholarships_html/mastersportal-1758.html,.,,$ 500,31 Dec 2025,Multiple
scholarships_html/internationalscholarships-0249.html,Accounting Scholarship Program For USA-Canada Students,AIS Technolabs,$,May,1
scholarships_html/mastersportal-1680.html,Mary Heather MacMaster Education Scholarship,University of North Dakota,"$ 1,350",01 Mar 2026,Multiple
scholarships_html/scholarship-0951.html,Central Michigan University Leader Advancement Scholarship,Scholarships.com,"$ 8,000","January 15, 2026",
scholarships_html/mastersportal-0958.html,Goldsmiths Alumni Fee Waiver,"Goldsmiths, University of London","USD 41,143",Anytime,"on unknown 12 months Sheffield Hallam University Sheffield, England, United Kingdom 24,349 USD / year 12,707 USD / year Tuition unknown 12 months Featured Translation and Interpreting Studies M."
scholarships_html/mastersportal-2009.html,Luxury and Retail Scholarship,London Business School,"USD 23,285",Anytime,"London Business School awards scholarships, bursaries, tuition fee reductions and discounts that help you cover existing tuition and living costs."
scholarships_html/mastersportal-1053.html,Academic Excellence Scholarship,National Chengchi University,"USD 5,475",Not specified,"National Chengchi University awards scholarships, bursaries, tuition fee reductions and discounts that help you cover existing tuition and living costs."
scholarships_html/internationalscholarships-1145.html,Razi Award,Azad University (IR) in Oxford,"GBP 4,800",August 15,80
scholarships_html/scholarship-0429.html,THEA Foundation Scholarships,Scholarships.com,"$ 10,000","January 05, 2026",
scholarships_html/mastersportal-0615.html,CSU Trustees' Award for Outstanding Achievement,California State University Northridge,"$ 17,000",Not specified,full Tuition
scholarships_html/scholarship-2052.html,Columbus Citizens Foundation Scholarships,Scholarships.com,"$ 6,250","March 14, 2026",
scholarships_html/scholarship-0181.html,AKC Humane Fund John D. Spurling Scholarship,Scholarships.com,"$ 2,000","July 01, 2025",This scholarship program awards five students annually with financial assistance toward tuition at accredited institutions.
scholarships_html/scholarship-1955.html,Scarborough Renaissance Festival Scholarship,Scholarships.com,"$ 2,500","March 03, 2026",
scholarships_html/mastersportal-0839.html,Ingwalson Family Scholarship,University of North Dakota,"$ 1,650",01 Mar 2026,full Tuition
scholarships_html/scholarship-1057.html,Cherry Hawk Scholarship,Scholarships.com,"$ 5,000","January 31, 2026",
scholarships_html/internationalscholarships-0279.html,Scholarships for FUBiS Winter Term I for students from Australia,Ernst-Reuter-Gesellschaft,"€ 2,700.00",October,10
scholarships_html/bigfuture-1040.html,Mary Dunn Baker Scholarship for Economics,Florida State University,Award Amount Varies,6/1/2025,Need-Based: No
scholarships_html/scholarship-1626.html,IIASD Serving Others Scholarship,Scholarships.com,"$ 10,000","February 28, 2026",
scholarships_html/internationalscholarships-1518.html,Alvan T. And Viola D. Fuller Research Fellowships,"American Cancer Society, Massachusetts Division","$ 2,500",February 3,10
scholarships_html/scholarship-1617.html,Feeding Tomorrow Scholarships,Scholarships.com,"$ 5,000","February 28, 2026",
scholarships_html/internationalscholarships-0828.html,Scholarships,Oxford Royale Academy,3395 pounds,January,6
scholarships_html/internationalscholarships-0486.html,Scholarship,Bayside Psychotherapy,$ 500,Annually,1
scholarships_html/internationalscholarships-1059.html,NCAR Postdoctoral Fellowships,National Center for Atmospheric Research,"$ 56,000",January 5,Variable
scholarships_html/bigfuture-0994.html,Scholarship,American Indian Chamber of Commerce of Wisconsin,"$ 2,500",6/1/2025,Need-Based: Yes
scholarships_html/scholarships360-0015.html,Regions Riding Forward Scholarship Contest,,"$ 10,000","June 30, 2025",ship Earning this scholarship will help me achieve my educational and career goals by reducing the cost of my full-time tuition.
scholarships_html/scholarship-1828.html,Kinder Institute Scholarship,Scholarships.com,"$ 2,500","March 01, 2026",
scholarships_html/bigfuture-1233.html,Christine Elizabeth Sandefur Endowed Nursing Scholarship - Fall,Florida State University,Award Amount Varies,1/1/2025,Need-Based: Yes
scholarships_html/mastersportal-1932.html,Fausto and Glady Fernandez Memorial Scholarship,Central Michigan University,unknown,03 Mar 2026,Multiple
scholarships_html/mastersportal-1752.html,Music Scholarships,Swansea University,£ 650,15 Oct 2025,"Swansea University awards scholarships, bursaries, tuition fee reductions and discounts that help you cover existing tuition and living costs."
scholarships_html/scholarships360-1271.html,Cummins Care Scholarship,,"$ 10,000",This scholarship might not currently be accepting applications. Most scholarship programs only accept applications a few months ahead of their annual deadline. We’ve estimated this deadline based on last year’s deadline,ship Earning this scholarship will help me achieve my educational and career goals by reducing the cost of my full-time tuition.
scholarships_html/bigfuture-0845.html,Lumentum Endowed Scholarship,University of Central Florida,"$ 1,000",1/15/2025,Need-Based: No
scholarships_html/mastersportal-0237.html,International Student Scholarship,CTBC Business School,"USD 5,496",05 Oct 2025,Full tuition
scholarships_html/mastersportal-1063.html,Jackson School of International Studies Academic Scholarships,University of Washington,"USD 27,940",Not specified,full Tuition
scholarships_html/scholarships360-0366.html,Rainbow Chamber Foundation Scholarship,,"$ 10,000",This scholarship might not currently be accepting applications. Most scholarship programs only accept applications a few months ahead of their annual deadline. We’ve estimated this deadline based on last year’s deadline,ship Earning this scholarship will help me achieve my educational and career goals by reducing the cost of my full-time tuition.
scholarships_html/internationalscholarships-0742.html,European Fellowship 2015,Peace Revolution,,,
scholarships_html/scholarships360-0393.html,ADEA/Sigma Phi Alpha Linda DeVore Scholarship,,"$ 10,000",This scholarship might not currently be accepting applications. Most scholarship programs only accept applications a few months ahead of their annual deadline. We’ve estimated this deadline based on last year’s deadline,ship Earning this scholarship will help me achieve my educational and career goals by reducing the cost of my full-time tuition.
scholarships_html/internationalscholarships-1431.html,Washington College Colin Ferguson Grant,Washington College (MD),"$ 5,000",Unrestricted,Variable
scholarships_html/internationalscholarships-0890.html,Mary Macey Scholarship,Women Grocers of America,"$ 1,000",April 19,2
scholarships_html/internationalscholarships-0980.html,Spanish Language and Culture Scholarship,El Nomad Immersion Programs Ecuador,$ 500,April 15,2
scholarships_html/scholarship-1812.html,Iowa Automobile Dealers Foundation for Education Scholarship,Scholarships.com,"$ 3,000","March 01, 2026",
scholarships_html/bigfuture-1613.html,Medical Lab Technology Endowed Scholarship,Florida State College,$ 500,2/1/2025,Need-Based: No
scholarships_html/mastersportal-1942.html,William E. Valle Design and Technical Theatre Award,Central Michigan University,unknown,Anytime,Multiple
scholarships_html/internationalscholarships-0138.html,Dollar Scholarship by,AICA Orthopedics,$,April 17,1
scholarships_html/scholarships360-1215.html,The Barry Scholarship Program,,"$ 10,000",This scholarship might not currently be accepting applications. Most scholarship programs only accept applications a few months ahead of their annual deadline. We’ve estimated this deadline based on last year’s deadline,ship Earning this scholarship will help me achieve my educational and career goals by reducing the cost of my full-time tuition.
scholarships_html/internationalscholarships-0033.html,ZNRF foundation Scholarships for International Students,The,50% tuition fee waiver,2 February,15
scholarships_html/internationalscholarships-0876.html,The Charlotte Newcombe Doctoral Dissertation Fellowship in Religion and Ethics,The Charlotte Newcombe Foundation,"25,000.00",November 15,22
scholarships_html/internationalscholarships-0923.html,International Student Scholarship,Dalarna University,International scholarships cover either 25 % of tuition fees or 50 % of tuition fees for a degree program. The scholarships are distributed as follows over a calendar year: 25 % tuition fee coverage: 18 scholarships to b,,"18 scholarships to be awarded for Master’s Programs in English and Irish Literature, African Studies, Tourism Destination Development, Pre-Master Economics, Business Studies and the Bachelor’s Program in International Tourism Marketing"
scholarships_html/scholarship-2207.html,University of Colorado Positive Futures Scholarship,Scholarships.com,"$ 6,000","March 15, 2026",
scholarships_html/scholarships360-0372.html,True Blue Fellowship,,"$ 10,000",This scholarship might not currently be accepting applications. Most scholarship programs only accept applications a few months ahead of their annual deadline. We’ve estimated this deadline based on last year’s deadline,"winning programming emphasizes creative thinking and making in exploring the natural world. Their flagship educational initiative, the Ocean Awareness Contest, is the world’s largest environmental youth program for the creative arts. Eligibility information"
scholarships_html/bigfuture-1619.html,Fern Smith / NOW Endowed Scholarship,Florida State College at Jacksonville,Award Amount Varies,2/1/2025,Need-Based: Yes
scholarships_html/scholarships360-0760.html,Bright HEROS Higher Education and Professional Training Scholarship,,"$ 10,000",This scholarship might not currently be accepting applications. Most scholarship programs only accept applications a few months ahead of their annual deadline. We’ve estimated this deadline based on last year’s deadline,ship Earning this scholarship will help me achieve my educational and career goals by reducing the cost of my full-time tuition.
scholarships_html/bigfuture-2046.html,Health Midwest - Respiratory Care Scholarship,Johnson County Community College,Award Amount Varies,1/1/2025,Need-Based: Yes
scholarships_html/scholarships360-1145.html,IISE Council of Fellows Undergraduate Scholarship,,"$ 10,000",This scholarship might not currently be accepting applications. Most scholarship programs only accept applications a few months ahead of their annual deadline. We’ve estimated this deadline based on last year’s deadline,ship Earning this scholarship will help me achieve my educational and career goals by reducing the cost of my full-time tuition.
scholarships_html/internationalscholarships-0250.html,Human Resource Scholarship Program For USA & Canada Students,AIS Technolabs,$,May,1
scholarships_html/internationalscholarships-0777.html,Postdoc: Study of compound semiconductors ionizing radiation detectors,Universidad de la República-ANII,2000,August 19th,
scholarships_html/bigfuture-0356.html,Fischley Health Challenge Scholarship,Broward College,Award Amount Varies,1/1/2025,Need-Based : Yes
scholarships_html/bigfuture-1260.html,Mosmiller Internship Scholarship,American Floral Endowment,"$ 2,000",3/1/2025,Need-Based: No
scholarships_html/bigfuture-1877.html,Accenture Scholarship,Stetson University,Award Amount Varies,1/1/2025,Need-Based: No
scholarships_html/bigfuture-1060.html,Nursing Foundation of Maryland Scholarship,Maryland Nurses Association,"$ 1,000",6/15/2025,Need-Based : No
scholarships_html/scholarships360-0186.html,Education Support Award,,"$ 10,000","August 1, 2025","Scholarships360 Get matched with vetted scholarships and enter our $10,000 No-Essay Scholarship Please select whichever best describes you for the 2024 - 2025 academic year. I’m a high school student I’m a college or graduate student 100% Free. No Spam. Start"
scholarships_html/scholarships360-1143.html,Youth Livestock Scholarship,,"$ 10,000",This scholarship might not currently be accepting applications. Most scholarship programs only accept applications a few months ahead of their annual deadline. We’ve estimated this deadline based on last year’s deadline,ship Earning this scholarship will help me achieve my educational and career goals by reducing the cost of my full-time tuition.
scholarships_html/bigfuture-1006.html,Arizona Foundation for the Future of Nursing Academic Scholarship,Arizona Nurses Association,"$ 2,500",6/1/2025,Need-Based : Yes
scholarships_html/internationalscholarships-1122.html,Abroad: The World In Britain,Randolph College,"$ 15,424",September 20; January 15,Variable
scholarships_html/scholarship-1832.html,Lambert And Annetje Van Valkenburg Memorial Scholarship Competition,Scholarships.com,"$ 1,500","March 01, 2026",
scholarships_html/scholarships360-1711.html,Idaho Opportunity Scholarship,"Idaho, College of Idaho, Idaho State University, Lewis-Clark State College, Northwest Nazarene University, University of Idaho, or Western Governors University. Recipients must","$ 10,000",This scholarship might not currently be accepting applications. Most scholarship programs only accept applications a few months ahead of their annual deadline. We’ve estimated this deadline based on last year’s deadline,ship Earning this scholarship will help me achieve my educational and career goals by reducing the cost of my full-time tuition.
scholarships_html/bigfuture-1329.html,William J. “Bill” Weeks Scholarship,University of West Florida,Award Amount Varies,3/1/2025,Need-Based: No
scholarships_html/bigfuture-0364.html,Scholarship,Andrew A. Lindberg Memorial Foundation,"$ 2,500",3/28/2025,Need-Based : No
scholarships_html/scholarship-1691.html,AFSA National High School Essay Contest,Scholarships.com,"$ 2,500","March 01, 2026",
scholarships_html/scholarship-1487.html,Daughters of the Cincinnati Scholarship,Scholarships.com,"$ 20,000","February 15, 2026",
scholarships_html/bigfuture-0804.html,.S. Scholarship,United Portuguese S.E.S.,"$ 1,000",5/15/2025,Need-Based : No
scholarships_html/bigfuture-0866.html,The Robert L. Johns Vocational Scholarship,Gay and Lesbian Business Association of Santa Barbara,Award Amount Varies,5/1/2025,Need-Based: Yes
scholarships_html/internationalscholarships-0892.html,Copernicus Center Scholarship for Postdoc Researchers (Limits of Explanation),John Templeton Foundation,2000 USD/month (gross),July,1
scholarships_html/scholarship-0198.html,Pedro Zamora Young Leaders Scholarship,Scholarships.com,"$ 5,000","July 01, 2025",
scholarships_html/scholarship-0897.html,"Wachtell, Lipton, Rosen & Katz Scholarship Fund",Scholarships.com,"Amount Varies Deadline: January 05, 2026 Awards Available: Varies Eligibility Criteria: Financial Aid Status Employment Current Year in School College Selection State Personal Interest/Attribute Age Share: You May Also L","January 05, 2026","The scholarship is intended to enable their children to attend the university and supports the cost of tuition, registration fees, and room and board."
scholarships_html/scholarship-1623.html,HAHPERD Student Scholarship,Scholarships.com,"$ 1,250","February 28, 2026",
scholarships_html/mastersportal-1981.html,Data Lab Scholarship for MSc Data Science for Politics & Policymaking,University of Strathclyde,"USD 33,106",30 Jun 2025,full Tuition
scholarships_html/mastersportal-0788.html,Combat-Soldiers Scholarships for M.A. Students,Bar Ilan University,"$ 2,500",Not specified,full Tuition
scholarships_html/scholarship-1103.html,National Merit Scholarship Corporation Program,Scholarships.com,"$ 10,000","January 31, 2026",
scholarships_html/scholarship-2191.html,Scholarship for Perseverance,Scholarships.com,"$ 10,000","March 15, 2026",
scholarships_html/internationalscholarships-0305.html,Human Rights Advocates Training Program,"Columbia University, Center for the Study of Human Rights","$ 23,000",,"nstitution Columbia University Includes Tuition, travel, living expenses, research expenses, housing, health insurance, stipend Contact Information You must be logged in to view contact information."
scholarships_html/mastersportal-1339.html,William Ross Holm Scholarship in Music,University of Victoria,"USD 25,500",Anytime,Scholarship in Music View relevant masters Find related programmes Phd Specific discipline Disciplines Various benefits Grant Canada Location Anytime Application deadline About UVic provides awards to graduate students of high academic standing.
scholarships_html/scholarship-0467.html,Pioneers of Flight Scholarship,Scholarships.com,"$ 1,000","December 26, 2025",
scholarships_html/scholarship-2184.html,"Ralph and Irene Gray Scholarship - Page, NE",Scholarships.com,"$ 1,200","March 15, 2026",
scholarships_html/scholarship-0992.html,The Sweetheart College Award,Scholarships.com,"$ 1,000","January 15, 2026",Scholarships.com Students Scholarship Search College scholarships you qualify for. Scholarship Directory Find scholarships by category. Student Resources Top resources for your scholarship journey. Student Loans Explore loan options to help pay for college.
scholarships_html/bigfuture-1562.html,Plan Services Valedictorian Scholarship,University of South Florida,Award Amount Varies,12/1/2024,Need-Based: No
scholarships_html/scholarship-0484.html,Ballinger Scholarship for Equity,Scholarships.com,"$ 2,500","July 31, 2025",
scholarships_html/bigfuture-1805.html,Guy Harvey Endowed Scholarship,Nova Southeastern University,Award Amount Varies,1/1/2025,Need-Based : No
scholarships_html/internationalscholarships-0825.html,Hessnatur Scholarship,Hessnatur GmbH,"€ 11,000",April 1st,2
scholarships_html/scholarships360-0206.html,USM Incoming Freshman Associate Achievement Scholarship,,"$ 10,000","August 25, 2025",ship Earning this scholarship will help me achieve my educational and career goals by reducing the cost of my full-time tuition.
scholarships_html/internationalscholarships-0084.html,Travel Video Contest,InternationalStudent.com,"$ 4,000",October 13,4
scholarships_html/mastersportal-1765.html,Scholarship,MBA Insight LLC,$ 500,30 Sep 2025,"USD / year 23,285 USD / year Tuition unknown 24 months ESMT Berlin Berlin, Germany 23,285 USD / year 23,285 USD / year Tuition unknown 24 months Featured Business Administration - Finance M."
scholarships_html/scholarships360-0465.html,Graeme Clark Scholarship,,"$ 10,000",This scholarship might not currently be accepting applications. Most scholarship programs only accept applications a few months ahead of their annual deadline. We’ve estimated this deadline based on last year’s deadline,ship Earning this scholarship will help me achieve my educational and career goals by reducing the cost of my full-time tuition.
scholarships_html/internationalscholarships-0083.html,Scholarship,Ziegert EverEstate,€,October,1
scholarships_html/internationalscholarships-0360.html,Scholarship Program,CustomerBloom,"$ 1,000",,
scholarships_html/mastersportal-1266.html,Dave Barrett Scholarship,University of Victoria,"$ 5,000",Anytime,"ia Dave Barrett Scholarship View relevant masters Find related programmes Phd Specific discipline Disciplines 3,675 USD Grant Canada Location Anytime Application deadline About UVic provides awards to graduate students of high academic standing."
scholarships_html/mastersportal-0802.html,Elise Hammers and Freida Rich Scholarship,University of North Dakota,"$ 2,250",01 Mar 2026,full Tuition
scholarships_html/scholarship-0843.html,Mary P. Oenslager Scholastic Achievement Awards (SAA),Scholarships.com,"$ 6,000","December 31, 2025",
scholarships_html/bigfuture-1576.html,Veterans Scholarship,Hill & Ponton,"$ 1,000",3/1/2025,Need-Based: No
scholarships_html/mastersportal-0061.html,ADB-Japan Scholarship Program for Developing Countries in Asia and Pacific,ADB/Japan Government,"USD 73,333",Not specified,Multiple
scholarships_html/mastersportal-2088.html,Suzanne Lemaire Memorial Scholarship,Algonquin College,"USD 1,188",Not specified,"n unknown 36 months University of Hertfordshire Hatfield, England, United Kingdom 1,188 USD / module 1,188 USD / module Tuition unknown 36 months Featured Rehabilitation Science M."
scholarships_html/scholarship-0656.html,Roy G. Post Foundation Scholarship,Scholarships.com,"$ 5,000","November 01, 2025",
scholarships_html/bigfuture-1290.html,Peacock Foundation Scholarship,Barry University,"$ 5,000",1/15/2025,Need-Based: No
scholarships_html/scholarship-0534.html,"Kenneth E. Hasbrouck, Sr. History Scholarship",Scholarships.com,"$ 1,000","August 31, 2025",
scholarships_html/mastersportal-0872.html,Dr Ruth Thompson PGCE Scholarship for the Teachers of Tomorrow,Staffordshire University,"£ 1,000",Not specified,"17,628 USD / year Tuition unknown 12 months Queen Mary University of London Online 49,730 USD / year 17,628 USD / year Tuition unknown 12 months Featured Computer Science (Conversion) M."
scholarships_html/scholarships360-0811.html,K6GO Gayle Olson and NA6MB Mike Binder Scholarship,,"$ 10,000",This scholarship might not currently be accepting applications. Most scholarship programs only accept applications a few months ahead of their annual deadline. We’ve estimated this deadline based on last year’s deadline,ship Earning this scholarship will help me achieve my educational and career goals by reducing the cost of my full-time tuition.
scholarships_html/scholarships360-1160.html,Kathy D. and Stephen J. Anderson Scholarship,,"$ 10,000",This scholarship might not currently be accepting applications. Most scholarship programs only accept applications a few months ahead of their annual deadline. We’ve estimated this deadline based on last year’s deadline,ship Earning this scholarship will help me achieve my educational and career goals by reducing the cost of my full-time tuition.
scholarships_html/scholarships360-1925.html,Jack and Jo Dammann Technical Scholarship,,"$ 10,000",This scholarship might not currently be accepting applications. Most scholarship programs only accept applications a few months ahead of their annual deadline. We’ve estimated this deadline based on last year’s deadline,ship Earning this scholarship will help me achieve my educational and career goals by reducing the cost of my full-time tuition.
scholarships_html/mastersportal-0179.html,Professor Victoria Atkinson Medical Student Scholarship,University of Queensland,"$ 4,500",06 Jul 2025,"ear Tuition unknown 12 months Curtin University Perth, Western Australia, Australia 21,770 USD / year 13,532 USD / year Tuition unknown 12 months Featured Agricultural Systems Major (MSc AgriFoodSecur) M."
scholarships_html/mastersportal-1444.html,Engineering International High Achievers Scholarship,Monash University,"$ 15,000",Anytime,Multiple
scholarships_html/bigfuture-0655.html,Jean Grennell Brennan Memorial Scholarship,First Baptist Church in Newton,Award Amount Varies,10/1/2024,Need-Based: Yes
scholarships_html/internationalscholarships-0034.html,"ZUKOnnect Fellowships for Scholars from Africa, Asia and Latin America",Zukunftskolleg (IAS) of the University Konstanz,"€ 1,300",15 February 2022,"WE OFFER - During the on-campus research stay, a stipend of € 1,300/month for doctoral students and € 2,000/month for postdoctoral researchers (following DAAD guidelines)."
scholarships_html/scholarships360-1291.html,You Can Fly High School Flight Training Scholarship,,"$ 10,000",This scholarship might not currently be accepting applications. Most scholarship programs only accept applications a few months ahead of their annual deadline. We’ve estimated this deadline based on last year’s deadline,ship Earning this scholarship will help me achieve my educational and career goals by reducing the cost of my full-time tuition.
scholarships_html/scholarship-1383.html,Perceptions of Saginaw Valley Scholarship,Scholarships.com,"$ 10,000","February 07, 2026",
scholarships_html/scholarships360-1223.html,Kentucky Transportation Cabinet Civil Engineering Scholarship Program,,"$ 10,000",This scholarship might not currently be accepting applications. Most scholarship programs only accept applications a few months ahead of their annual deadline. We’ve estimated this deadline based on last year’s deadline,ship Earning this scholarship will help me achieve my educational and career goals by reducing the cost of my full-time tuition.
scholarships_html/scholarships360-1162.html,H-E-B Scholarship,,"$ 10,000",This scholarship might not currently be accepting applications. Most scholarship programs only accept applications a few months ahead of their annual deadline. We’ve estimated this deadline based on last year’s deadline,ship Earning this scholarship will help me achieve my educational and career goals by reducing the cost of my full-time tuition.
scholarships_html/mastersportal-0453.html,International Master's Research Scholarship,University of Otago,"USD 11,038",Anytime,"21,496 USD / year Tuition unknown 12 months Victoria University of Wellington Wellington, New Zealand 21,496 USD / year Tuition unknown 12 months Featured Political Science M."
scholarships_html/scholarship-0592.html,Rees Scholarship Foundation — HVACR and Water Heating Technician Program,Scholarships.com,"$ 2,000","October 01, 2025",
scholarships_html/bigfuture-0961.html,David and Diana Goss Optometry History Fellowship,American Academy of Optometry,"$ 1,000",6/3/2025,Need-Based : No
scholarships_html/bigfuture-0705.html,Undergraduate/Graduate Education Scholarship,North Carolina Public Health Association,"$ 1,500",5/8/2025,Need-Based : Yes
scholarships_html/scholarship-2119.html,Dick & Chris Draper Scholarship,Scholarships.com,"$ 2,500","March 15, 2026","a, this scholarship will not be awarded to any student who receives another scholarship which sufficiently finances all tuition, fees and books."
scholarships_html/scholarship-1155.html,Billy Smith Memorial Scholarship,Scholarships.com,"Amount Varies Deadline: February 01, 2026 Awards Available: Varies Eligibility Criteria: GPA State Selection Athletic Ability Selected Major(s) Current Year in School County Selection Citizenship Age Share: You May Also","February 01, 2026",
scholarships_html/scholarship-1989.html,Eugenie Coladarci Arts Scholarship,Scholarships.com,"$ 1,500","March 07, 2026",The scholarship will be paid directly to the student's selected college/arts program to assist with tuition.
scholarships_html/internationalscholarships-1497.html,Aga Khan Scholarship Award,Massachusetts Institute of Technology,"$ 23,000",March,3
scholarships_html/mastersportal-1174.html,Academic Excellence Award,Teesside University,"USD 49,797",Anytime,"17,652 USD / year Tuition unknown 12 months Queen Mary University of London Online 49,797 USD / year 17,652 USD / year Tuition unknown 12 months Featured Computer Science (Conversion) M."
scholarships_html/scholarships360-2059.html,Dr. Joan T. Wallace Prize for Highest Achievement in English,,"$ 10,000",This scholarship might not currently be accepting applications. Most scholarship programs only accept applications a few months ahead of their annual deadline. We’ve estimated this deadline based on last year’s deadline,ship Earning this scholarship will help me achieve my educational and career goals by reducing the cost of my full-time tuition.
scholarships_html/bigfuture-1663.html,The Beacon Scholarship for Rural America,Carrot-Top Industries,"$ 1,000",12/1/2024,Need-Based: Yes
scholarships_html/bigfuture-1407.html,The Realtors Education Foundation Scholarship,University of West Florida,Award Amount Varies,3/1/2025,Need-Based: Yes
scholarships_html/internationalscholarships-0353.html,Ens-international,Ecole Normale Superieure,"12,000","Amount 12,000",10
scholarships_html/scholarship-2070.html,Pacific Gas & Electric Company Access ERG Scholarship,Scholarships.com,"$ 3,000","March 14, 2026",
scholarships_html/scholarships360-0793.html,Howard D. Colman Scholarship,,"$ 10,000",This scholarship might not currently be accepting applications. Most scholarship programs only accept applications a few months ahead of their annual deadline. We’ve estimated this deadline based on last year’s deadline,ship Earning this scholarship will help me achieve my educational and career goals by reducing the cost of my full-time tuition.
scholarships_html/scholarship-1248.html,University of Nebraska Robert & Todd Storz Broadcast Scholarship,Scholarships.com,"$ 8,000","February 01, 2026","With some of the lowest tuition in the Big Ten, 65% of first-year students receive institutional grants or scholarships."
scholarships_html/scholarships360-0714.html,University Scholars – College of Education Award,,"$ 10,000",This scholarship might not currently be accepting applications. Most scholarship programs only accept applications a few months ahead of their annual deadline. We’ve estimated this deadline based on last year’s deadline,"Scholarships360 Get matched with vetted scholarships and enter our $10,000 No-Essay Scholarship Please select whichever best describes you for the 2024 - 2025 academic year. I’m a high school student I’m a college or graduate student 100% Free. No Spam. Start"
scholarships_html/internationalscholarships-0280.html,Tuition Fee Waiver Scholarships for Undergraduate Students,Walailak University International College,"US$ 14,000",,Partial Tuition
scholarships_html/scholarships360-1563.html,VPC Community Involvement Scholarship,,"$ 10,000",This scholarship might not currently be accepting applications. Most scholarship programs only accept applications a few months ahead of their annual deadline. We’ve estimated this deadline based on last year’s deadline,ship Earning this scholarship will help me achieve my educational and career goals by reducing the cost of my full-time tuition.
scholarships_html/scholarship-1080.html,IWEA Environmental Career Scholarship,Scholarships.com,$ 500,"January 31, 2026","Additionally, we offer a reimbursement grant of up to $250 to the recommending teacher."
scholarships_html/mastersportal-0813.html,Data Science for Management Scholarship,Università Cattolica del Sacro Cuore,"€ 2,000",29 Oct 2025,"2 USD / year Tuition unknown 12 months Istituto Europeo Di Design (IED) Roma, Italy 23,922 USD / year 23,922 USD / year Tuition unknown 12 months Featured Design and Engineering M."
scholarships_html/scholarship-1671.html,SVCF Harold Johnson Law Enforcement Scholarship,Scholarships.com,"$ 5,000","February 28, 2026",
scholarships_html/bigfuture-1963.html,Minnesota Veteran Education Assistance Scholarship,Minnesota Department of Veterans Affairs,$ 750,1/1/2025,Need-Based : No
scholarships_html/scholarships360-0330.html,Microsoft Cybersecurity Scholarship Program,,"$ 10,000","Rolling Start Applying Scholarship Overview Are you currentl y enrolled in a two-year cybersecurity-related program in the U.S ? If so, consider applying for the Microsoft Cybersecurity Scholarship Program ! This scholar",ship Earning this scholarship will help me achieve my educational and career goals by reducing the cost of my full-time tuition.
scholarships_html/scholarship-0350.html,North Carolina State University Park Scholarships,Scholarships.com,"$ 229,000","November 01, 2025",
scholarships_html/scholarship-1916.html,Youthlinc Utah Young Humanitarian Award,Scholarships.com,"$ 7,500","March 01, 2026",Scholarships.com Students Scholarship Search College scholarships you qualify for. Scholarship Directory Find scholarships by category. Student Resources Top resources for your scholarship journey. Student Loans Explore loan options to help pay for college.
scholarships_html/scholarship-1004.html,William Woods University Amy Shelton McNutt Scholarship,Scholarships.com,"$ 155,840","January 15, 2026",full tuition
scholarships_html/scholarships360-1938.html,Forrest and Dale Weber Memorial Scholarship,,"$ 10,000",This scholarship might not currently be accepting applications. Most scholarship programs only accept applications a few months ahead of their annual deadline. We’ve estimated this deadline based on last year’s deadline,ship Earning this scholarship will help me achieve my educational and career goals by reducing the cost of my full-time tuition.
scholarships_html/scholarship-1187.html,Hope College Distinguished Scholar Award,Scholarships.com,"$ 52,000","February 01, 2026",Scholarships.com Students Scholarship Search College scholarships you qualify for. Scholarship Directory Find scholarships by category. Student Resources Top resources for your scholarship journey. Student Loans Explore loan options to help pay for college.
scholarships_html/scholarship-1823.html,John Deere Dealer Scholarship Program,Scholarships.com,"$ 2,500","March 01, 2026",
scholarships_html/bigfuture-1461.html,Dr. Mohammad Khalid Memorial Merit Award for Healthcare Professional Students Scholarship,American Muslim Women Physicians Association,$ 750,6/1/2025,Need-Based: No
scholarships_html/scholarship-0562.html,Mississippi Tuition Assistance Grant,Scholarships.com,"$ 1,000","September 15, 2025",Mississippi Tuition Assistance Grant - Scholarships.
scholarships_html/scholarship-1132.html,University of Oregon Diversity Excellence Scholarship,Scholarships.com,"$ 30,000","January 31, 2026","$6,500-$7,500 for undergraduate students (split over fall, winter, and spring terms) Renewable: Yes, eligibility duration varies by recipient's grade level Type: Tuition remission scholarship Combining Scholarships: Cannot be combined with certain other"
scholarships_html/bigfuture-1778.html,Garmin Scholarship,Johnson County Community College,Award Amount Varies,1/1/2025,Need-Based: No
scholarships_html/mastersportal-0995.html,Coventry Award,The University of Toledo,unknown,01 Mar 2026,full Tuition
scholarships_html/internationalscholarships-0417.html,Full-Time MBA,Audencia Business School,Partial tuition,1 September 2018,Partial tuition
scholarships_html/scholarship-2157.html,Leonard F. Hartwig Scholarship,Scholarships.com,$ 700,"March 15, 2026",
scholarships_html/scholarships360-0384.html,California Academy Foundation Lived Experience Scholarship,,"$ 10,000",This scholarship might not currently be accepting applications. Most scholarship programs only accept applications a few months ahead of their annual deadline. We’ve estimated this deadline based on last year’s deadline,ship Earning this scholarship will help me achieve my educational and career goals by reducing the cost of my full-time tuition.
scholarships_html/scholarships360-0939.html,Cayuga Nation Financial Aid Assistance for Education Scholarship,,"$ 10,000",This scholarship might not currently be accepting applications. Most scholarship programs only accept applications a few months ahead of their annual deadline. We’ve estimated this deadline based on last year’s deadline,ship Earning this scholarship will help me achieve my educational and career goals by reducing the cost of my full-time tuition.
scholarships_html/mastersportal-1195.html,Recent Graduate Discount,University of St Andrews,"USD 49,797",Anytime,"17,652 USD / year Tuition unknown 12 months Queen Mary University of London Online 49,797 USD / year 17,652 USD / year Tuition unknown 12 months Featured Computer Science (Conversion) M."
scholarships_html/bigfuture-1174.html,Environmental and Natural Resources Career Development Event Awards,National FFA Organization,"$ 1,000",3/1/2025,Need-Based: No
scholarships_html/bigfuture-0771.html,Betty J. Niceley Memorial Scholarship,National Federation of the Blind of Kentucky,"$ 1,000",3/1/2025,Need-Based: No
scholarships_html/internationalscholarships-0752.html,Fulbright Irish Student Awards,Fulbright Commission,Varied,Application Period for 2016-2017 Awards opens Aug 2015,Varied
scholarships_html/internationalscholarships-1314.html,Nawic Founders Scholarship Foundation,National Association of Women in Construction,$ 500,March 15,20 - 50
scholarships_html/scholarships360-0619.html,ACES Scholarships,,"$ 10,000",This scholarship might not currently be accepting applications. Most scholarship programs only accept applications a few months ahead of their annual deadline. We’ve estimated this deadline based on last year’s deadline,"sionate about editing the written word? If so, consider applying for the ACES Scholarships! Each year, the scholarships grant multiple awards to college juniors, seniors, and graduate students aspiring to a career involving editing."
scholarships_html/bigfuture-1804.html,CTC Scholarship,Charlotte Technical College,Award Amount Varies,1/1/2025,Need-Based : No
scholarships_html/bigfuture-0745.html,Iowa Vocational-Technical Tuition Grant,Iowa College Aid,"$ 1,200",10/1/2024,Need-Based: Yes
scholarships_html/internationalscholarships-1306.html,International Student Scholarship,North Central College,"$ 15,000",Rolling,10
scholarships_html/scholarships360-1670.html,California Wine Grape Growers Foundation Scholarship,,"$ 10,000",This scholarship might not currently be accepting applications. Most scholarship programs only accept applications a few months ahead of their annual deadline. We’ve estimated this deadline based on last year’s deadline,ship Earning this scholarship will help me achieve my educational and career goals by reducing the cost of my full-time tuition.
scholarships_html/internationalscholarships-0178.html,Science Scholarship by,R&D Systems,$,December,1
scholarships_html/bigfuture-1292.html,Forrest J. Flammang Memorial Endowed Scholarship,Barry University,"$ 3,571.7",1/15/2025,Need-Based: Yes
scholarships_html/scholarships360-1131.html,Utah State Board of Education Career and Technical Education Scholarships,,"$ 10,000",This scholarship might not currently be accepting applications. Most scholarship programs only accept applications a few months ahead of their annual deadline. We’ve estimated this deadline based on last year’s deadline,Full Tuition
scholarships_html/mastersportal-0337.html,Leadership Scholarship,Valar Institute,"USD 27,940",Anytime,full Tuition
scholarships_html/bigfuture-0762.html,Scholarship,International Thermal Spray Association,"$ 2,000",5/1/2025,Need-Based: Yes
scholarships_html/scholarship-1793.html,GRCF Roger and Jacquelyn Vander Laan Family Scholarship,Scholarships.com,"$ 5,000","March 01, 2026",
scholarships_html/mastersportal-0949.html,Bursary Awards,Canterbury Christ Church University,£ 300,Anytime,"on unknown 12 months Sheffield Hallam University Sheffield, England, United Kingdom 24,349 USD / year 12,707 USD / year Tuition unknown 12 months Featured Translation and Interpreting Studies M."
scholarships_html/scholarships360-0530.html,Indivisible Gaming Scholarship,,"$ 10,000",This scholarship might not currently be accepting applications. Most scholarship programs only accept applications a few months ahead of their annual deadline. We’ve estimated this deadline based on last year’s deadline,ship Earning this scholarship will help me achieve my educational and career goals by reducing the cost of my full-time tuition.
scholarships_html/internationalscholarships-1249.html,Petro-Canada Graduate Research Award Program,Association of Universities and Colleges of Canada,"$ 10,000",March 28,4
scholarships_html/scholarships360-1234.html,Tuffee J. Yunis Scholarship,,"$ 10,000",This scholarship might not currently be accepting applications. Most scholarship programs only accept applications a few months ahead of their annual deadline. We’ve estimated this deadline based on last year’s deadline,ship Earning this scholarship will help me achieve my educational and career goals by reducing the cost of my full-time tuition.
scholarships_html/mastersportal-0894.html,Gratitude Scholarship,College JumpStart,"$ 1,000",30 Jun 2025,full Tuition
scholarships_html/scholarships360-0483.html,The Daniel Murphy Scholarship,,"$ 10,000",This scholarship might not currently be accepting applications. Most scholarship programs only accept applications a few months ahead of their annual deadline. We’ve estimated this deadline based on last year’s deadline,ship Earning this scholarship will help me achieve my educational and career goals by reducing the cost of my full-time tuition.
scholarships_html/mastersportal-1864.html,Clair K. Searles Scholarship,The University of Toledo,unknown,01 Mar 2026,"r Tuition unknown 12 months Cranfield University Cranfield, England, United Kingdom 38,340 USD / year 17,178 USD / year Tuition unknown 12 months Supply Chain and Logistics Management (SCLM) M."
scholarships_html/internationalscholarships-1069.html,VOMI Military Spouses & Dependents Scholarship,Virtual Organization Management Institute (VOMI),"$ 1,000",Unrestricted,Variable
scholarships_html/scholarship-0164.html,Palmetto Fellows Scholarships,Scholarships.com,"$ 40,000","June 30, 2025",
scholarships_html/mastersportal-0938.html,Loren F. Swanson Operations Scholarship,University of North Dakota,$ 500,01 Mar 2026,full Tuition
scholarships_html/bigfuture-2054.html,Richard and Allison Covert Scholarship,Stetson University,Award Amount Varies,1/1/2025,Need-Based: Yes
scholarships_html/bigfuture-1217.html,Film and Video Production Scholarship,National Society of High School Scholars,"$ 2,000",3/19/2025,Need-Based: No
scholarships_html/scholarships360-1820.html,Don Roddy Memorial Scholarship,,"$ 10,000",This scholarship might not currently be accepting applications. Most scholarship programs only accept applications a few months ahead of their annual deadline. We’ve estimated this deadline based on last year’s deadline,ship Earning this scholarship will help me achieve my educational and career goals by reducing the cost of my full-time tuition.
scholarships_html/bigfuture-0005.html,Jankowski Family Scholarship for Carlow University,Carlow University,Award Amount Varies,4/28/2025,Need-Based: Yes
scholarships_html/internationalscholarships-1483.html,International Student Scholarships,College Of Saint Catherine,"$ 2,000",March 15; October 15,30
scholarships_html/internationalscholarships-0081.html,"Giorgio Rota Best Paper Award - Labor, value, robots",Centro Einaudi,1.500,March,1
scholarships_html/scholarship-1053.html,Cancer for College Scholarships,Scholarships.com,"$ 20,000","January 31, 2026",
scholarships_html/scholarships360-1639.html,NCSPA Donald L. Bibey Memorial Scholarship for Diversity,,"$ 10,000",This scholarship might not currently be accepting applications. Most scholarship programs only accept applications a few months ahead of their annual deadline. We’ve estimated this deadline based on last year’s deadline,ship Earning this scholarship will help me achieve my educational and career goals by reducing the cost of my full-time tuition.
scholarships_html/scholarships360-0088.html,Screaming Eagle Surviving Children’s Scholarship,,"$ 10,000","June 30, 2025",ship Earning this scholarship will help me achieve my educational and career goals by reducing the cost of my full-time tuition.
scholarships_html/mastersportal-0330.html,Recruitment Scholarship,Quantic School of Business and Technology,"USD 27,940",Anytime,full Tuition
scholarships_html/bigfuture-0340.html,Pepsi-Cola Bottling Co. Endowed Athletic Scholarship,Broward College,Award Amount Varies,1/1/2025,Need-Based: No
scholarships_html/mastersportal-1283.html,Art scholarships,Swiss Confederation,"USD 2,423",Not specified,Multiple
scholarships_html/internationalscholarships-0738.html,Türkiye Scholarships,YTB,Monthly stipend,,Monthly stipend
scholarships_html/scholarship-0476.html,Frank Der Yuen Aviation Scholarship,Scholarships.com,"$ 1,000","February 01, 2026",
scholarships_html/scholarship-1174.html,Era L. and Frances L. Walker Scholarship,Scholarships.com,"Amount Varies Deadline: February 01, 2026 Awards Available: Varies Eligibility Criteria: Race Gender State Selection Current Year in School Personal Interest/Attribute County Selection Citizenship Age Share: You May Also","February 01, 2026",
scholarships_html/internationalscholarships-0218.html,International Scholarships - Azerbaijan,Khazar University,Up to $5000,April 15,Not defined
scholarships_html/bigfuture-1614.html,Trustees Opportunity Endowed Scholarship,Florida State College at Jacksonville,Award Amount Varies,2/1/2025,Need-Based: Yes
scholarships_html/internationalscholarships-1264.html,SOSI Research Grant,Sense of Smell Institute,,Unrestricted,Variable
scholarships_html/internationalscholarships-0601.html,Tutor,GMAT Tutor,Three months of Premium online GMAT Prep,1 August,1
scholarships_html/internationalscholarships-0874.html,North American Rolex Scholarship,Our World-Underwater Scholarship Society,$ 25,November 30,3
scholarships_html/internationalscholarships-0386.html,Sitka Start Scholarship,"University of Alaska Southeast, Sitka Campus",$1680 - $2060 per year,"August 15 for Fall, December 15 for Spring",unlimited
scholarships_html/scholarship-1447.html,Hildegard Durfee Scholarship,Scholarships.com,"$ 1,500","February 12, 2026",
scholarships_html/bigfuture-0099.html,SFUYSA Mike Weber Memorial Endowed Scholarship,Broward College,Award Amount Varies,1/1/2025,Need-Based : No
scholarships_html/internationalscholarships-1364.html,George Washington Award for,Schiller International University,One third of tuition,Unrestricted,25
scholarships_html/mastersportal-1004.html,Carol A. Thomas '94 Scholarship for University College,The University of Toledo,unknown,01 Mar 2026,full Tuition
scholarships_html/mastersportal-0644.html,Gordon Hay Scholarship Fund,Blumenthal Performing Arts,"$ 10,000",10 Mar 2026,full Tuition
scholarships_html/scholarship-1701.html,Anchor Scholarship Foundation,Scholarships.com,"$ 10,000","March 01, 2026",
scholarships_html/scholarship-0824.html,Fisher College Esports Scholarship,Scholarships.com,"$ 10,000","December 30, 2025",
scholarships_html/bigfuture-0672.html,Calvary Endowed Scholarship,Calvary United Methodist Church,Award Amount Varies,5/1/2025,Need-Based: No
scholarships_html/scholarship-1580.html,Sheboygan Area- SHRM Jack Schoemer Scholarship,Scholarships.com,"$ 1,000","February 22, 2026",
scholarships_html/bigfuture-1514.html,C. Brad Haughn Memorial Phi Gamma Delta Scholarship,University of South Florida,Award Amount Varies,12/1/2024,Need-Based: No
scholarships_html/mastersportal-0160.html,New Venture Development Scholarship,Pinsky Law,"USD 3,654",31 Dec 2025,full Tuition
scholarships_html/scholarships360-0476.html,AICPA Foundation CPA Exam Scholarship,,"$ 10,000",This scholarship might not currently be accepting applications. Most scholarship programs only accept applications a few months ahead of their annual deadline. We’ve estimated this deadline based on last year’s deadline,ship Earning this scholarship will help me achieve my educational and career goals by reducing the cost of my full-time tuition.
scholarships_html/internationalscholarships-0702.html,Amandla East and Southern Africa Fellowship,Peace Revolution,USD 100,,
scholarships_html/internationalscholarships-0784.html,ARIT NEH Fellowships for Research in Turkey,American Research Institute in Turkey,0,November 1,1 - 3
scholarships_html/bigfuture-1791.html,Missy and Angela Woolsey Education Scholarship,Cystic Fibrosis,Award Amount Varies,1/1/2025,Need-Based: Yes
scholarships_html/mastersportal-1356.html,Mistermerv Graduate Scholarship in Writing,University of Victoria,"USD 42,471",Anytime,holarship in Writing View relevant masters Find related programmes Phd Specific discipline Disciplines Various benefits Grant Canada Location Anytime Application deadline About UVic provides awards to graduate students of high academic standing.
scholarships_html/scholarships360-1081.html,Charles and Phyllis Frias Legacy Scholarship,,"$ 10,000",This scholarship might not currently be accepting applications. Most scholarship programs only accept applications a few months ahead of their annual deadline. We’ve estimated this deadline based on last year’s deadline,ship Earning this scholarship will help me achieve my educational and career goals by reducing the cost of my full-time tuition.
scholarships_html/bigfuture-1731.html,Private Bank Scholarship,Johnson County Community College,Award Amount Varies,1/1/2025,Need-Based: No
scholarships_html/internationalscholarships-1290.html,GSBA MBA Eng. Full Tuition Scholarship,Graduate School of Business Administration,"$ 8,334",November,3
scholarships_html/scholarships360-0063.html,Eastern Region Korean American Scholarship,,"$ 10,000",This scholarship might not currently be accepting applications. Most scholarship programs only accept applications a few months ahead of their annual deadline. We’ve estimated this deadline based on last year’s deadline,ship Earning this scholarship will help me achieve my educational and career goals by reducing the cost of my full-time tuition.
scholarships_html/mastersportal-0191.html,Building Research Association of New Zealand (BRANZ) Scholarship,Massey University,"$ 3,000",20 Mar 2026,"22,193 USD / year Tuition unknown 12 months Victoria University of Wellington Wellington, New Zealand 22,193 USD / year Tuition unknown 12 months Featured Greek M."
scholarships_html/scholarships360-0820.html,The North Fulton Amateur Radio League Scholarship,,"$ 10,000",This scholarship might not currently be accepting applications. Most scholarship programs only accept applications a few months ahead of their annual deadline. We’ve estimated this deadline based on last year’s deadline,ship Earning this scholarship will help me achieve my educational and career goals by reducing the cost of my full-time tuition.
scholarships_html/bigfuture-1460.html,AMWPA Merit Award for Pre-Medical and Pre-Dental Students Scholarship,American Muslim Women Physicians Association,$ 500,6/1/2025,Need-Based: No
scholarships_html/internationalscholarships-0130.html,Hearing Loss Essay Scholarship,TranscriptionServices.com,$ 500,June,1
scholarships_html/bigfuture-1463.html,Chip Weiner Uncommon Sense Award,University of South Florida,Award Amount Varies,12/1/2024,Need-Based: No
scholarships_html/scholarships360-0134.html,Robert and Jane Lee Endowed Scholarship,,"$ 10,000","July 15, 2025",ship Earning this scholarship will help me achieve my educational and career goals by reducing the cost of my full-time tuition.
scholarships_html/scholarships360-0873.html,Salter Revocable Trust Scholarship,,"$ 10,000",This scholarship might not currently be accepting applications. Most scholarship programs only accept applications a few months ahead of their annual deadline. We’ve estimated this deadline based on last year’s deadline,ship Earning this scholarship will help me achieve my educational and career goals by reducing the cost of my full-time tuition.
scholarships_html/mastersportal-1340.html,Dr. John S. Willis Memorial Scholarship,University of Victoria,"USD 25,500",Anytime,Memorial Scholarship View relevant masters Find related programmes Phd Specific discipline Disciplines Various benefits Grant Canada Location Anytime Application deadline About UVic provides awards to graduate students of high academic standing.
scholarships_html/bigfuture-0300.html,Richard J. Vesely and Barbara A. Olsen Scholarship,Pima Community College Foundation,"$ 2,000",3/1/2025,Need-Based: Yes
scholarships_html/mastersportal-0999.html,Cheryl Thomas Exceptional Leadership Scholarship,The University of Toledo,unknown,01 Mar 2026,full Tuition
scholarships_html/scholarship-1643.html,NCBFAA Annual Scholarship Opportunity,Scholarships.com,"$ 5,000","February 28, 2026",
scholarships_html/scholarships360-1707.html,Wayne & Patsy Caltrider Scholarship,,"$ 10,000",This scholarship might not currently be accepting applications. Most scholarship programs only accept applications a few months ahead of their annual deadline. We’ve estimated this deadline based on last year’s deadline,ship Earning this scholarship will help me achieve my educational and career goals by reducing the cost of my full-time tuition.
scholarships_html/internationalscholarships-0337.html,Turnaround Management Scholarship,Turnaround Management Society,"$ 2,000",December 1,5
scholarships_html/bigfuture-0232.html,Central Campus Social Behavioral Sciences Department Scholarship,Broward College,Award Amount Varies,1/1/2025,Need-Based: No
scholarships_html/internationalscholarships-1141.html,"Zhong Guo Project (Torino, Italy)",Politec,"10,000",February 10 ; May 10,Variable
scholarships_html/scholarship-0329.html,King-Barton Scholarship,Scholarships.com,"$ 1,000","March 07, 2026",
scholarships_html/scholarship-0094.html,Valparaiso University Ament-Benner Scholarship,Scholarships.com,"$ 20,000","November 01, 2025",Students may also qualify for additional aid from federal and State of Indiana grant programs.
scholarships_html/mastersportal-0760.html,Otago Council Inc Scholarship in Science,University of Otago,"$ 3,000",Anytime,"22,193 USD / year Tuition unknown 12 months Victoria University of Wellington Wellington, New Zealand 22,193 USD / year Tuition unknown 12 months Featured Greek M."
scholarships_html/internationalscholarships-0038.html,Brandeis University Deans Prize Scholarship,Brandeis University-International Business School,Variable,February 15,10
scholarships_html/bigfuture-0635.html,Kitikiti'sh Scholarship,Wichita and Affiliated Tribes,Award Amount Varies,5/1/2025,Need-Based: Yes
scholarships_html/scholarship-0714.html,Fathers and Brothers Maryknoll Essay Contest,Scholarships.com,"$ 1,000","November 18, 2025",
scholarships_html/scholarships360-0528.html,Edward O. Fritts Award,,"$ 10,000",This scholarship might not currently be accepting applications. Most scholarship programs only accept applications a few months ahead of their annual deadline. We’ve estimated this deadline based on last year’s deadline,"Scholarships360 Get matched with vetted scholarships and enter our $10,000 No-Essay Scholarship Please select whichever best describes you for the 2024 - 2025 academic year. I’m a high school student I’m a college or graduate student 100% Free. No Spam. Start"
scholarships_html/scholarships360-0157.html,Antibodies-Online Annual University Scholarship,,"$ 10,000","July 20, 2025",ship Earning this scholarship will help me achieve my educational and career goals by reducing the cost of my full-time tuition.
scholarships_html/mastersportal-0973.html,Edward C. and Helen G. Schmakel Scholarship,The University of Toledo,unknown,01 Mar 2026,full Tuition
scholarships_html/scholarships360-1746.html,Coast Fork Scholarship,,"$ 10,000",This scholarship might not currently be accepting applications. Most scholarship programs only accept applications a few months ahead of their annual deadline. We’ve estimated this deadline based on last year’s deadline,ship Earning this scholarship will help me achieve my educational and career goals by reducing the cost of my full-time tuition.
scholarships_html/scholarships360-1964.html,Orleans-Eastham Ambulance Association Scholarship,,"$ 10,000",This scholarship might not currently be accepting applications. Most scholarship programs only accept applications a few months ahead of their annual deadline. We’ve estimated this deadline based on last year’s deadline,ship Earning this scholarship will help me achieve my educational and career goals by reducing the cost of my full-time tuition.
scholarships_html/mastersportal-1268.html,Oei Family Scholarship,University of Queensland,"$ 5,000",Not specified,Multiple
scholarships_html/mastersportal-0859.html,Sybil & Milton Kelly Memorial Scholarship,University of North Dakota,"$ 1,300",01 Mar 2026,full Tuition
scholarships_html/scholarship-0175.html,VIP Women in Technology Scholarship,Scholarships.com,"$ 2,500","June 30, 2025",
scholarships_html/bigfuture-1153.html,Livestock Evaluation Career Development Event,National FFA Organization,"$ 1,000",3/1/2025,Need-Based: No
scholarships_html/mastersportal-0024.html,Oxford-Dieter Schwarz Graduate Scholarship,University of Oxford,"USD 16,417",Anytime,Multiple
scholarships_html/bigfuture-1633.html,Schultz Foundation Endowed Scholarship,Florida State College at Jacksonville,Award Amount Varies,2/1/2025,Need-Based: No
scholarships_html/mastersportal-0246.html,John Waller Doctoral Scholarship,Massey University,"USD 26,256",30 Oct 2025,"22,193 USD / year Tuition unknown 12 months Victoria University of Wellington Wellington, New Zealand 22,193 USD / year Tuition unknown 12 months Featured Greek M."
scholarships_html/mastersportal-1021.html,Agnes and Clarence Alspaugh Scholarship for Student Teachers,The University of Toledo,unknown,01 Mar 2026,full Tuition
scholarships_html/mastersportal-0555.html,Excellence Scholarship,University of Warwick,"USD 31,141",Not specified,"uition unknown 12 months University of East Anglia Norwich, England, United Kingdom 31,141 USD / year 14,645 USD / year Tuition unknown 12 months Featured Advanced Professional Practice (Health and Social Care Professions) M."
scholarships_html/mastersportal-0096.html,ANU College of Law International Excellence Scholarship,Australian National University,"$ 20,000",Not specified,"54 USD / year Tuition unknown 24 months University of Wollongong Multiple locations 24,239 USD / year 21,354 USD / year Tuition unknown 24 months Featured Agricultural Systems Major (MSc AgriFoodSecur) M."
scholarships_html/mastersportal-1438.html,yde Business School Full Time MBA Scholarships,University of Strathclyde,"£ 17,000",31 Jul 2025,"University of Strathclyde awards scholarships, bursaries, tuition fee reductions and discounts that help you cover existing tuition and living costs."
scholarships_html/scholarship-1971.html,Coastal Community Foundation Scholarships,Scholarships.com,"$ 5,000","March 05, 2026",
scholarships_html/mastersportal-1876.html,Charles A. Sullivan Scholarship,The University of Toledo,unknown,01 Mar 2026,"ition unknown 12 months WMG University of Warwick Coventry, England, United Kingdom 45,800 USD / year 24,974 USD / year Tuition unknown 12 months Airport Planning and Management M."
scholarships_html/scholarships360-2105.html,NASA’s Virginia Space Grant Consortium Community College STEM Scholarships,,"$ 10,000",This scholarship might not currently be accepting applications. Most scholarship programs only accept applications a few months ahead of their annual deadline. We’ve estimated this deadline based on last year’s deadline,"about this scholarship? For any questions regarding this scholarship application, please contact NASA's Virginia Space Grant Consortium at spauls@odu."
scholarships_html/internationalscholarships-0583.html,IVHQ's Travel Blogger Scholarship,International Volunteer HQ (IVHQ),,August 28,1
scholarships_html/mastersportal-1099.html,WLP/Esther Schneid Memorial Scholarship,South Florida,"USD 27,940",Not specified,full Tuition
scholarships_html/bigfuture-0829.html,Teskey's Top Hand Scholarship,National High School Rodeo Association,Award Amount Varies,5/16/2025,Need-Based: Yes
scholarships_html/mastersportal-0608.html,ANU College of Law Access Scholarship,Australian National University,"$ 21,000",06 Feb 2026,"ear Tuition unknown 12 months Curtin University Perth, Western Australia, Australia 21,770 USD / year 13,532 USD / year Tuition unknown 12 months Featured Agricultural Systems Major (MSc AgriFoodSecur) M."
scholarships_html/scholarship-0999.html,University of Texas Will Rogers Memorial Scholarship,Scholarships.com,"$ 6,000","January 15, 2026",
scholarships_html/mastersportal-1768.html,The Josette M. Billich Nursing Award,University of West London,£ 500,Not specified,Multiple
scholarships_html/bigfuture-0004.html,College of Arts and Sciences Study Abroad Award - Spring Semester Abroad,Florida State University,"$ 4,000",4/1/2025,Need-Based: No
scholarships_html/mastersportal-0601.html,Snowdon Masters Scholarships,University of Buckingham,"£ 30,000",Not specified,"on unknown 12 months Sheffield Hallam University Sheffield, England, United Kingdom 24,316 USD / year 12,690 USD / year Tuition unknown 12 months Featured Translation and Interpreting Studies M."
scholarships_html/internationalscholarships-1213.html,Graduate Teaching Assistantship at,Southeast Missouri State University,"$ 5,500",February,1
scholarships_html/scholarships360-0306.html,Paul Tsongas Scholarship,,"$ 10,000",Varies Start Applying Scholarship Overview The Paul Tsongas Scholarship is a merit-based program that rewards Massachusetts students with a grade point average (G.P.A.) of 3.75 and highly competitive Scholastic Aptitude,Eligible students will receive a waiver of tuition and mandatory fees at a Massachusetts state university.
scholarships_html/scholarships360-1881.html,Life Lessons Scholarship Program,,"$ 10,000",This scholarship might not currently be accepting applications. Most scholarship programs only accept applications a few months ahead of their annual deadline. We’ve estimated this deadline based on last year’s deadline,ship Earning this scholarship will help me achieve my educational and career goals by reducing the cost of my full-time tuition.
scholarships_html/mastersportal-0387.html,Ruby Lee Progression Scholarship,University of Brighton,"£ 18,000",30 Jul 2025,Multiple
scholarships_html/mastersportal-1267.html,George and Lois Whetham Scholarships in Food Systems OAC,University of Guelph,"$ 5,000",Not specified,Multiple
scholarships_html/scholarship-1673.html,SVCF K.C. Kinch Scholarship,Scholarships.com,"$ 5,000","February 28, 2026",
scholarships_html/bigfuture-0459.html,J. Paul and Beulah Lee Peek Memorial Endowed Scholarship,Broward College,Award Amount Varies,1/1/2025,Need-Based: No
scholarships_html/scholarship-1267.html,Penn State Braddock Scholarship,Scholarships.com,"$ 40,000","February 03, 2026",
scholarships_html/internationalscholarships-0558.html,Travel Intern,Abu Dhabi Adventure Emirates,1000,"May 05,2017",1
scholarships_html/mastersportal-1435.html,INSEAD Financial Aid Award,INSEAD - The Business School for the World,"€ 18,000",Not specified,one
scholarships_html/scholarships360-1398.html,Adams County Scholarship (ACSF),,"$ 10,000",This scholarship might not currently be accepting applications. Most scholarship programs only accept applications a few months ahead of their annual deadline. We’ve estimated this deadline based on last year’s deadline,ship Earning this scholarship will help me achieve my educational and career goals by reducing the cost of my full-time tuition.
scholarships_html/bigfuture-0085.html,Take Stock In Children Scholarship,Take Stock in Children Palm Beach,Award Amount Varies,7/1/2024,Need-Based : Yes
scholarships_html/mastersportal-1809.html,"George Haidet, M.D. Memorial Scholarship",The University of Toledo,unknown,Not specified,"17,652 USD / year Tuition unknown 12 months Queen Mary University of London Online 49,797 USD / year 17,652 USD / year Tuition unknown 12 months Featured Disaster Medicine M."
scholarships_html/scholarships360-2118.html,The Hobart Equipment Grant,,"$ 10,000",This scholarship might not currently be accepting applications. Most scholarship programs only accept applications a few months ahead of their annual deadline. We’ve estimated this deadline based on last year’s deadline,worth of equipment to one school district in need of improving its school meal kitchen facilities through a competitive grant process.
scholarships_html/mastersportal-2073.html,Professor’s Cup,Algonquin College,"USD 33,106",Not specified,Multiple
scholarships_html/mastersportal-0053.html,Chevening Awards,Queen Mary University of London,"USD 31,141",Not specified,100% tuition
scholarships_html/mastersportal-1238.html,Dwight and Christine Powless Indigenous Achievement Scholarship,Algonquin College,"USD 7,162",Not specified,full Tuition
scholarships_html/internationalscholarships-0998.html,BAAS Short-term Travel Grant,British Association for American Studies,Variable,August 30,5
scholarships_html/internationalscholarships-0089.html,Women in Technology Scholarship Program,Orangesoft,1000,October,01
scholarships_html/bigfuture-1897.html,Brown Family Endowed Scholarship,NOVA Southeastern University,Award Amount Varies,1/1/2025,Need-Based: No
scholarships_html/bigfuture-0727.html,Burns Family Scholarship,California Association of Highway Patrolmen,Award Amount Varies,5/12/2025,Need-Based: Yes
scholarships_html/scholarships360-0537.html,Daniels Scholarship Program,,"$ 10,000",This scholarship might not currently be accepting applications. Most scholarship programs only accept applications a few months ahead of their annual deadline. We’ve estimated this deadline based on last year’s deadline,ship Earning this scholarship will help me achieve my educational and career goals by reducing the cost of my full-time tuition.
scholarships_html/mastersportal-0643.html,Arthur and Louise May Scholarship for Young Engineers,The Hong Kong University of Science and Technology,"USD 1,274",31 Aug 2025,"months The Hong Kong University of Science and Technology Hong Kong, Hong Kong (SAR) 23,567 USD / year 5,669 USD / year Tuition unknown 24 months Featured Business Administration Global Business, General Management Dual Award via Study Centres M."
scholarships_html/bigfuture-0490.html,Mario and Mary Jo Yrun Scholarship for Post-Baccalaureate Teacher Education Program,Pima Community College Foundation,$ 500,3/1/2025,Need-Based : No
scholarships_html/mastersportal-1035.html,Imperial Loyalty Bursary,Imperial Business School,"USD 41,143",19 Jan 2026,"Imperial College Business School awards scholarships, bursaries, tuition fee reductions and discounts that help you cover existing tuition and living costs."
scholarships_html/scholarships360-1757.html,Chance of Mississippi Scholarship,,"$ 10,000",This scholarship might not currently be accepting applications. Most scholarship programs only accept applications a few months ahead of their annual deadline. We’ve estimated this deadline based on last year’s deadline,ship Earning this scholarship will help me achieve my educational and career goals by reducing the cost of my full-time tuition.
scholarships_html/internationalscholarships-0747.html,TUMS Multiple Sclerosis Fellowship,Tehran University of Medical Sciences,"100,000",,
scholarships_html/scholarships360-1324.html,Competitive Cheer Coaches Association of Michigan Scholarship,,"$ 10,000",This scholarship might not currently be accepting applications. Most scholarship programs only accept applications a few months ahead of their annual deadline. We’ve estimated this deadline based on last year’s deadline,ship Earning this scholarship will help me achieve my educational and career goals by reducing the cost of my full-time tuition.
scholarships_html/scholarship-1966.html,Akron BBB's Laws of Life Essay Contest,Scholarships.com,$ 500,"March 04, 2026",
scholarships_html/mastersportal-1010.html,Andrew J. and Mary Frances Fenady Scholarship,The University of Toledo,unknown,01 Mar 2026,full Tuition
scholarships_html/bigfuture-1492.html,Joan Armour Mendell Scholarship,University of South Florida,Award Amount Varies,12/1/2024,Need-Based: No
scholarships_html/internationalscholarships-0333.html,Hugh D. Miser Memorial Grants-In-Aid,American,"$ 2,000",January,1
scholarships_html/scholarships360-1419.html,Sports Task Force / Al Young Sports Journalism Scholarship,,"$ 10,000",This scholarship might not currently be accepting applications. Most scholarship programs only accept applications a few months ahead of their annual deadline. We’ve estimated this deadline based on last year’s deadline,ship Earning this scholarship will help me achieve my educational and career goals by reducing the cost of my full-time tuition.
scholarships_html/scholarship-0059.html,Built Ford Tough Scholarship,Scholarships.com,"$ 1,000","January 09, 2026",
scholarships_html/scholarship-0823.html,National WWII Museum High School Essay Contest,Scholarships.com,"$ 1,000","December 27, 2025",
scholarships_html/internationalscholarships-0884.html,Academic Excellence Scholarship at,University of Alberta,,,Variable
scholarships_html/scholarships360-1465.html,Tommy & Jackie Maxon Scholarship,,"$ 10,000",This scholarship might not currently be accepting applications. Most scholarship programs only accept applications a few months ahead of their annual deadline. We’ve estimated this deadline based on last year’s deadline,ship Earning this scholarship will help me achieve my educational and career goals by reducing the cost of my full-time tuition.
scholarships_html/internationalscholarships-0642.html,Sir James Dunn Animal Welfare Graduate,"Sir James Dunn Animal Welfare Centre, Atlantic Veterinary College, UPEI, Canada",0,"noon AST, March 4,",1
scholarships_html/mastersportal-1832.html,J.B. Lord Memorial Endowed Scholarship in English,Washington State University,"USD 24,349",31 Jan 2026,"ear 8,902 USD / year Tuition unknown 12 months University College Cork Cork, Ireland 21,375 USD / year 8,902 USD / year Tuition unknown 12 months Featured Translation and Professional Language Skills (German) M."
scholarships_html/scholarships360-0072.html,Nina J. Wing Scholarship,,"$ 10,000",This scholarship might not currently be accepting applications. Most scholarship programs only accept applications a few months ahead of their annual deadline. We’ve estimated this deadline based on last year’s deadline,ship Earning this scholarship will help me achieve my educational and career goals by reducing the cost of my full-time tuition.
scholarships_html/bigfuture-0230.html,SFUYSA Player Annual Scholarship,Broward College,Award Amount Varies,1/1/2025,Need-Based: No
scholarships_html/bigfuture-1522.html,Rhea F. Law Endowed Presidential Scholarship,University of South Florida,Award Amount Varies,12/1/2024,Need-Based: Yes
scholarships_html/scholarships360-1566.html,William and Patricia Buss Scholarship,,"$ 10,000",This scholarship might not currently be accepting applications. Most scholarship programs only accept applications a few months ahead of their annual deadline. We’ve estimated this deadline based on last year’s deadline,ship Earning this scholarship will help me achieve my educational and career goals by reducing the cost of my full-time tuition.
scholarships_html/bigfuture-1346.html,Maria Flewellen Mikel Memorial Scholarship,University of West Florida,Award Amount Varies,3/1/2025,Need-Based: No
scholarships_html/scholarships360-0501.html,NSHSS Diversity Scholarship,,"$ 10,000",This scholarship might not currently be accepting applications. Most scholarship programs only accept applications a few months ahead of their annual deadline. We’ve estimated this deadline based on last year’s deadline,ship Earning this scholarship will help me achieve my educational and career goals by reducing the cost of my full-time tuition.
scholarships_html/scholarship-1210.html,JSU Alabama Power Scholarship,Scholarships.com,"Amount Varies Deadline: February 01, 2026 Awards Available: Varies Eligibility Criteria: State Selection Selected Major(s) Current Year in School College Selection College Selection State Citizenship Age Share: You May A","February 01, 2026",
scholarships_html/internationalscholarships-0615.html,Great Global Adventure,A,unspecified,8th May 2016,1
scholarships_html/scholarships360-1093.html,Navy ROTC Scholarship,,"$ 10,000",This scholarship might not currently be accepting applications. Most scholarship programs only accept applications a few months ahead of their annual deadline. We’ve estimated this deadline based on last year’s deadline,ship Earning this scholarship will help me achieve my educational and career goals by reducing the cost of my full-time tuition.
scholarships_html/mastersportal-0449.html,Snowdon Masters Scholarships,Bangor University,"£ 30,000",28 Feb 2026,"on unknown 12 months Sheffield Hallam University Sheffield, England, United Kingdom 24,316 USD / year 12,690 USD / year Tuition unknown 12 months Featured Translation and Interpreting Studies M."
scholarships_html/bigfuture-1412.html,Maxine G. and Ormond W. Howe Scholarship,University of West Florida,Award Amount Varies,3/1/2025,Need-Based: No
scholarships_html/bigfuture-1103.html,Charles Richter Reusing Scholarship,Florida State University,Award Amount Varies,6/1/2025,Need-Based: No
scholarships_html/scholarships360-0632.html,NHS Scholarship,,"$ 10,000",This scholarship might not currently be accepting applications. Most scholarship programs only accept applications a few months ahead of their annual deadline. We’ve estimated this deadline based on last year’s deadline,ship Earning this scholarship will help me achieve my educational and career goals by reducing the cost of my full-time tuition.
scholarships_html/scholarship-0689.html,NCWIT Award for Aspirations in Computing,Scholarships.com,$ 500,"November 08, 2025",
scholarships_html/scholarship-0711.html,University of Washington Presidential Scholarship,Scholarships.com,"$ 40,000","November 15, 2025",
scholarships_html/scholarship-1468.html,Missouri Corn Scholarship,Scholarships.com,"$ 1,000","February 14, 2026",
scholarships_html/internationalscholarships-0529.html,Crush The LSAT Exam Scholarship Program,Crush Empire,$ 574,May,1
scholarships_html/bigfuture-0518.html,Honors Institute Endowed Scholarship,Broward College,Award Amount Varies,1/1/2025,Need-Based: No
scholarships_html/scholarship-1228.html,Sarah Scott Schofield Scholarship,Scholarships.com,"$ 2,500","February 01, 2026","winning youth and collegiate mentorship. Composed of college-educated, professional women, the organization is committed to exemplifying its principles of Scholarship, Service, Sisterhood and Finer Womanhood. Inaccurate Information Reported Thank you for"
scholarships_html/scholarship-1913.html,World Trade Week Scholarship,Scholarships.com,"$ 1,500","March 01, 2026",
scholarships_html/scholarship-1969.html,YCF Scholarships,Scholarships.com,"$ 5,000","March 04, 2026",
scholarships_html/internationalscholarships-0174.html,Aspiring Attorney Scholarship - by Steers and Associates,Law Offices of Steers & Associates,"$ 1,000",May,1
scholarships_html/bigfuture-1345.html,UWF-Teach Noyce Scholars Program,University of West Florida,Award Amount Varies,3/1/2025,Need-Based: No
scholarships_html/mastersportal-1958.html,ESC Clermont Foundation Scholarship,Clermont Business School,"USD 23,285",30 Jun 2025,Multiple
scholarships_html/scholarship-2163.html,Louis T. Fiore Electronic Communications Scholarship,Scholarships.com,"$ 2,500","March 15, 2026",
scholarships_html/scholarship-1948.html,Mac Hyde Brownfield Scholarship Program,Scholarships.com,"$ 2,000","March 03, 2026",
scholarships_html/mastersportal-0677.html,The Vice Chancellor’s Excellence Award,Brunel University of London,"£ 6,000",30 Aug 2025,"Brunel University London awards scholarships, bursaries, tuition fee reductions and discounts that help you cover existing tuition and living costs."
scholarships_html/mastersportal-0019.html,ADB-Japan Scholarship Program for Developing Countries in Asia and Pacific,ADB/Japan Government,"USD 73,333",Not specified,Multiple
scholarships_html/scholarship-2028.html,Carter Roger Williams Scholarship,Scholarships.com,"$ 80,000","March 11, 2026",
scholarships_html/internationalscholarships-0299.html,DirectTextbook.com Haiku Scholarship Contest,"Direct Textbooks, Inc",500,September,18th
scholarships_html/mastersportal-1399.html,INSEAD Pascale Witz MBA'96J Scholarship,INSEAD - The Business School for the World,"€ 25,000",Not specified,one
scholarships_html/scholarship-0464.html,AFCEA War Veterans Scholarships: Undergraduate Only,Scholarships.com,"$ 2,500","November 30, 2025","Scholarship awards, though subject to availability of funding, are designed to alleviate the financial burdens of education. They are restricted to tuition and course-related expenses, covering fees, books, supplies, and equipment essential for the pursuit of"
scholarships_html/bigfuture-1088.html,Fallen Officer Scholarship,Florida State University,Award Amount Varies,6/1/2025,Need-Based: No
scholarships_html/scholarship-1906.html,Visine® Students with Vision™ Scholarship Program,Scholarships.com,"$ 5,000","March 01, 2026",
scholarships_html/scholarship-1072.html,Golden 1 Credit Union Scholarship Program,Scholarships.com,"$ 10,000","January 31, 2026",
scholarships_html/scholarship-0038.html,National Rice Month Scholarship Contest,Scholarships.com,"$ 5,000","October 15, 2025",
scholarships_html/scholarship-0008.html,The Graydon & Myrth Fox Scholarship,Scholarships.com,"$ 20,000","March 14, 2026",
scholarships_html/internationalscholarships-0881.html,Inter-American Development & Andrew W Mellon Foundation Visiting Senior Research,"National Gallery of Art, Center for Advanced Study in the Visual Arts",Variable,October 15,2
scholarships_html/scholarship-1259.html,Grossman Scholarship Program,Scholarships.com,"$ 10,000","February 02, 2026",
scholarships_html/bigfuture-1685.html,Grant,Elizabeth Greenshields Foundation,"$ 12,500",1/8/2025,Need-Based: No
scholarships_html/scholarship-1129.html,University of Akron Varsity Esports Scholarship,Scholarships.com,"$ 2,500","January 31, 2026",
scholarships_html/scholarships360-0787.html,Courage to Grow Scholarship,,"$ 10,000",This scholarship might not currently be accepting applications. Most scholarship programs only accept applications a few months ahead of their annual deadline. We’ve estimated this deadline based on last year’s deadline,ship Earning this scholarship will help me achieve my educational and career goals by reducing the cost of my full-time tuition.
scholarships_html/scholarship-1839.html,Mainely Character Scholarship,Scholarships.com,"$ 5,000","March 01, 2026",
scholarships_html/scholarship-1703.html,Anna V. Waters Scholarship,Scholarships.com,"$ 2,000","March 01, 2026","Awards can be used for books, fees, or tuition."
scholarships_html/internationalscholarships-1374.html,Mackenzie King Traveling Scholarships,Mackenzie King Scholarships Board,"$ 10,000",February 1,4
scholarships_html/mastersportal-0126.html,ANU College of Law International Merit Scholarship,Australian National University,"$ 10,000",Not specified,"54 USD / year Tuition unknown 24 months University of Wollongong Multiple locations 24,239 USD / year 21,354 USD / year Tuition unknown 24 months Featured Agricultural Systems Major (MSc AgriFoodSecur) M."
scholarships_html/scholarship-1377.html,Nick Andros Music Scholarship,Scholarships.com,"$ 10,000","February 07, 2026",
scholarships_html/scholarships360-0211.html,Workamajig Creative Impact Scholarship,,"$ 10,000","August 31, 2025",ship Earning this scholarship will help me achieve my educational and career goals by reducing the cost of my full-time tuition.
scholarships_html/scholarship-0960.html,Earlham College Quaker Fellows Scholarship,Scholarships.com,"$ 10,000","January 15, 2026",
scholarships_html/scholarship-1450.html,The Golden Ro(a)d Designer Scholarship,Scholarships.com,"$ 10,000","February 12, 2026",
scholarships_html/scholarships360-2014.html,Gonzales Harris Bilingual Scholarship,,"$ 10,000",This scholarship might not currently be accepting applications. Most scholarship programs only accept applications a few months ahead of their annual deadline. We’ve estimated this deadline based on last year’s deadline,ship Earning this scholarship will help me achieve my educational and career goals by reducing the cost of my full-time tuition.
scholarships_html/bigfuture-1996.html,Cavalier Guarantee Scholarship,Johnson County Community College,"$ 1,000",1/1/2025,Need-Based: No
scholarships_html/mastersportal-0144.html,ARC Centre of Excellence for Plant Energy Biology Jan Anderson HDR Supplementary Scholarships,Australian National University,"$ 7,000",31 Aug 2025,"ear Tuition unknown 12 months Curtin University Perth, Western Australia, Australia 21,770 USD / year 13,532 USD / year Tuition unknown 12 months Featured Agricultural Systems Major (MSc AgriFoodSecur) M."
scholarships_html/bigfuture-0750.html,Nathan L. Anderson Memorial Scholarship,Nathan L. Anderson Memorial Scholarship Foundation,"$ 4,000",5/15/2025,Need-Based: No
scholarships_html/mastersportal-1262.html,Pio Iovenitti Engineering Excellence Scholarship,Swinburne University of Technology,"$ 5,000",16 Mar 2026,full Tuition
scholarships_html/mastersportal-1581.html,Fondation J. Armand Bombardier Scholarship (MBA),HEC,"$ 4,000",27 Jan 2026,"USD / year 23,285 USD / year Tuition unknown 24 months ESMT Berlin Berlin, Germany 23,285 USD / year 23,285 USD / year Tuition unknown 24 months Featured International Business M."
scholarships_html/scholarship-1715.html,Banyan College Scholarship for South Asian Americans,Scholarships.com,"$ 10,000","March 01, 2026",
scholarships_html/internationalscholarships-0949.html,International Student Scholarship at,The College of Idaho,"$ 5,000",Unrestricted,Variable
scholarships_html/scholarships360-1037.html,Minority Fellowship Program (MFP),,"$ 10,000",This scholarship might not currently be accepting applications. Most scholarship programs only accept applications a few months ahead of their annual deadline. We’ve estimated this deadline based on last year’s deadline,"The scholarship awards a stipend of $20,000 annually to help selected fellows fund their tuition costs."
scholarships_html/scholarship-1873.html,Ruth F. Wallace Scholarship,Scholarships.com,"$ 4,000","March 01, 2026",
scholarships_html/scholarship-1344.html,Joe H. and Rosanne S. Gardner Scholarship,Scholarships.com,"Amount Varies Deadline: February 07, 2026 Awards Available: Varies Eligibility Criteria: GPA Financial Aid Status State Selection Selected Major(s) Current Year in School College Selection College Selection State County","February 07, 2026",
scholarships_html/scholarship-0193.html,Lenoir-Rhyne University Lutheran Scholarships,Scholarships.com,"Amount Varies Deadline: July 01, 2025 Awards Available: Varies Eligibility Criteria: Religious Affiliation Current Year in School College Selection College Selection State Citizenship Age Share: You May Also Like Niche $","July 01, 2025",full tuition
scholarships_html/mastersportal-0499.html,Scholarship,ServiceScape,"USD 1,000",30 Nov 2025,"r 3,050 USD / year Tuition unknown 24 months Utrecht University Utrecht, Netherlands 28,650 USD / year 3,050 USD / year Tuition unknown 24 months Featured Medicinal Chemistry M."
scholarships_html/bigfuture-1158.html,Interior Design & Architecture Scholarship,Artum Hill Furniture,"$ 3,000",5/13/2025,Need-Based: No
scholarships_html/scholarships360-0442.html,ADEA/Crest-B Scholarship for Dental Hygiene Students,,"$ 10,000",This scholarship might not currently be accepting applications. Most scholarship programs only accept applications a few months ahead of their annual deadline. We’ve estimated this deadline based on last year’s deadline,ship Earning this scholarship will help me achieve my educational and career goals by reducing the cost of my full-time tuition.
scholarships_html/scholarships360-1937.html,Wyoming Farm Bureau Federation Continuing Education Scholarships,,"$ 10,000",This scholarship might not currently be accepting applications. Most scholarship programs only accept applications a few months ahead of their annual deadline. We’ve estimated this deadline based on last year’s deadline,ship Earning this scholarship will help me achieve my educational and career goals by reducing the cost of my full-time tuition.
scholarships_html/scholarship-0490.html,Jack Scura Fund Scholarship,Scholarships.com,"$ 10,000","July 31, 2025",
scholarships_html/bigfuture-2003.html,Kansas Dental Education Opportunities Program,Kansas Board of Regents,Award Amount Varies,1/1/2025,Need-Based: No
scholarships_html/internationalscholarships-1219.html,Graduate Student Assistantship at the,University of Pittsburgh,"$ 4,000",Unrestricted,2
scholarships_html/bigfuture-1998.html,Overland Park Regional Medical Center Scholarship - EMS,Johnson County Community College,Award Amount Varies,1/1/2025,Need-Based: Yes
scholarships_html/mastersportal-1538.html,Dan Ashlock Memorial Scholarship in Bioinformatics,University of Guelph,"$ 5,000",28 Feb 2026,Multiple
scholarships_html/scholarship-1680.html,Tau Beta Pi/SAE Engineering Scholarship,Scholarships.com,"$ 1,500","February 28, 2026",
scholarships_html/bigfuture-0758.html,Bill Silveira Scholarship,California Pork Producers Association,"$ 1,500",5/15/2025,Need-Based: No
scholarships_html/internationalscholarships-1365.html,Knowledge Tuition Award,Schiller International University,One quarter of tuition,Variable,20
scholarships_html/internationalscholarships-0837.html,Sir Patrick Stewart Scholarship,University of Huddersfield,GBP4000 each year.,July 31,Variable
scholarships_html/internationalscholarships-0617.html,ChameleonJohn Annual Student Scholarship,ChameleonJohn.com,$,December,1
scholarships_html/mastersportal-0164.html,Oh no! You lost your internet connection...,,,,
scholarships_html/internationalscholarships-0283.html,Christians,InterExchange,"$ 10,000","March 15, July 15, and October 15 (yearly)",Varies
scholarships_html/scholarships360-0228.html,10X Digital Marketing Scholarship,,"$ 10,000","September 10, 2025",ship Earning this scholarship will help me achieve my educational and career goals by reducing the cost of my full-time tuition.
scholarships_html/bigfuture-0467.html,Loretta M. Anthony Memorial Scholarship,Pima Community College Foundation,"$ 1,000",3/1/2025,Need-Based: Yes
scholarships_html/internationalscholarships-0164.html,A.Y 2020 Contest-,Raffles Milano - Istituto Moda e Design,€ 26.000,15th December,10
scholarships_html/bigfuture-0924.html,Early Childhood Educators Scholarship Program,Massachusetts Department of Higher Education,Award Amount Varies,4/1/2025,Need-Based : No
scholarships_html/mastersportal-1408.html,Carlsson Family Scholarship,London Business School,"£ 20,000",Anytime,"London Business School awards scholarships, bursaries, tuition fee reductions and discounts that help you cover existing tuition and living costs."
scholarships_html/internationalscholarships-1357.html,International Student Scholarship,Mary Baldwin College,"$ 5,000",,Variable
scholarships_html/scholarships360-0629.html,Forman Acton Foundation Scholars Program,,"$ 10,000",This scholarship might not currently be accepting applications. Most scholarship programs only accept applications a few months ahead of their annual deadline. We’ve estimated this deadline based on last year’s deadline,ship Earning this scholarship will help me achieve my educational and career goals by reducing the cost of my full-time tuition.
scholarships_html/bigfuture-1587.html,Regeneron Science Talent Search Program,Society for Science & the Public,"$ 250,000",6/1/2025,Need-Based: No
scholarships_html/mastersportal-0217.html,Rhys Jones Fieldwork Award,Australian National University,"$ 1,500",Not specified,"ear Tuition unknown 12 months Curtin University Perth, Western Australia, Australia 21,770 USD / year 13,532 USD / year Tuition unknown 12 months Featured Agricultural Systems Major (MSc AgriFoodSecur) M."
scholarships_html/scholarship-1799.html,GRCF Violet Wondergem Health Science Scholarship,Scholarships.com,"$ 5,000","March 01, 2026",
scholarships_html/scholarships360-0387.html,Jefferson Masonic Lodge 104 William E. Falk Jr. Memorial Scholarship,,"$ 10,000",This scholarship might not currently be accepting applications. Most scholarship programs only accept applications a few months ahead of their annual deadline. We’ve estimated this deadline based on last year’s deadline,ship Earning this scholarship will help me achieve my educational and career goals by reducing the cost of my full-time tuition.
scholarships_html/mastersportal-1782.html,Judith Archambeau Memorial Scholarship,The University of Toledo,unknown,31 Mar 2026,"17,652 USD / year Tuition unknown 12 months Queen Mary University of London Online 49,797 USD / year 17,652 USD / year Tuition unknown 12 months Featured Disaster Medicine M."
scholarships_html/scholarship-1834.html,Life on Purpose Scholarship,Scholarships.com,"$ 40,000","March 01, 2026",
scholarships_html/mastersportal-1207.html,Scholarships for masters (ICP Connect),Government of Flanders,"USD 22,401",Not specified,Multiple
scholarships_html/scholarships360-0089.html,Momeni Foundation Scholastic Achievement Scholarship,,"$ 10,000",This scholarship might not currently be accepting applications. Most scholarship programs only accept applications a few months ahead of their annual deadline. We’ve estimated this deadline based on last year’s deadline,ship Earning this scholarship will help me achieve my educational and career goals by reducing the cost of my full-time tuition.
scholarships_html/scholarships360-0277.html,Future Entrepreneurs Scholarship,,"$ 10,000","December 31, 2025",ship Earning this scholarship will help me achieve my educational and career goals by reducing the cost of my full-time tuition.
scholarships_html/internationalscholarships-1135.html,SUNY University Of Buffalo The International Freshman Scholarship,Of,"$ 4,000",February 1,20-25
scholarships_html/scholarships360-1608.html,Dan and Vicky Hancock Scholarship for Mechanical Engineering Excellence,,"$ 10,000",This scholarship might not currently be accepting applications. Most scholarship programs only accept applications a few months ahead of their annual deadline. We’ve estimated this deadline based on last year’s deadline,ship Earning this scholarship will help me achieve my educational and career goals by reducing the cost of my full-time tuition.
scholarships_html/scholarship-0039.html,Good Tidings Community Service Scholarship,Scholarships.com,"$ 10,000","November 08, 2025",
scholarships_html/mastersportal-2007.html,The Australia/New Zealand Scholarship,London Business School,"USD 23,285",Anytime,"London Business School awards scholarships, bursaries, tuition fee reductions and discounts that help you cover existing tuition and living costs."
scholarships_html/scholarship-0277.html,Brighthouse Scholar Connections Scholarship Program,Scholarships.com,"$ 40,000","November 01, 2025",
scholarships_html/scholarship-0733.html,University of California-Santa Barbara Regents Scholarship,Scholarships.com,"$ 20,000","November 30, 2025",
scholarships_html/scholarships360-1168.html,The Hayli Alizbeth Hough Scholarship,,"$ 10,000",This scholarship might not currently be accepting applications. Most scholarship programs only accept applications a few months ahead of their annual deadline. We’ve estimated this deadline based on last year’s deadline,ship Earning this scholarship will help me achieve my educational and career goals by reducing the cost of my full-time tuition.
scholarships_html/bigfuture-1828.html,Vocational Scholarship,Chugach Heritage Foundation,"$ 5,750",1/1/2025,Need-Based: No
scholarships_html/scholarships360-0917.html,Society of Louisiana CPAs Scholarships,,"$ 10,000",This scholarship might not currently be accepting applications. Most scholarship programs only accept applications a few months ahead of their annual deadline. We’ve estimated this deadline based on last year’s deadline,ship Earning this scholarship will help me achieve my educational and career goals by reducing the cost of my full-time tuition.
scholarships_html/scholarship-0508.html,Pheabs Finance Scholarship Award,Scholarships.com,$ 500,"August 07, 2025",Scholarships.com Students Scholarship Search College scholarships you qualify for. Scholarship Directory Find scholarships by category. Student Resources Top resources for your scholarship journey. Student Loans Explore loan options to help pay for college.
scholarships_html/mastersportal-1253.html,Dorothy Britton Memorial Masters Scholarships,University of Guelph,"$ 10,000",Anytime,Multiple
scholarships_html/scholarships360-0383.html,AABB Future Leader SBB Scholarship Awards Program,,"$ 10,000",This scholarship might not currently be accepting applications. Most scholarship programs only accept applications a few months ahead of their annual deadline. We’ve estimated this deadline based on last year’s deadline,ship Earning this scholarship will help me achieve my educational and career goals by reducing the cost of my full-time tuition.
scholarships_html/bigfuture-1279.html,Vic & Margaret Ball Internship Scholarship,American Floral Endowment,Award Amount Varies,3/1/2025,Need-Based: No
scholarships_html/internationalscholarships-1274.html,Presidential Community College Scholarships,Drake University,"$ 4,500",Rolling,65
scholarships_html/bigfuture-1640.html,Safe Harbor Boys & Maritime Academy at Jacksonville Scholars,Florida State College at Jacksonville,"$ 1,000",2/1/2025,Need-Based: No
scholarships_html/scholarship-1194.html,James M. & Erma T. Freemont Scholarship Program,Scholarships.com,"$ 10,000","February 01, 2026",
scholarships_html/internationalscholarships-1426.html,Marie Curie Fellowships,Gerda Henkel Foundation,Variable,June 15,60
scholarships_html/scholarships360-0899.html,Jim Borden Memorial Scholarship,,"$ 10,000",This scholarship might not currently be accepting applications. Most scholarship programs only accept applications a few months ahead of their annual deadline. We’ve estimated this deadline based on last year’s deadline,ship Earning this scholarship will help me achieve my educational and career goals by reducing the cost of my full-time tuition.
scholarships_html/mastersportal-1164.html,Avancez Scholarships,Chalmers University of Technology,"USD 11,639",Not specified,Multiple
scholarships_html/bigfuture-0367.html,MedPro Future Nurse Scholarship,Broward College,Award Amount Varies,1/1/2025,Need-Based: No
scholarships_html/scholarship-1215.html,Legacy Scholarship Program,Scholarships.com,"Full-Tuition Deadline: February 01, 2026 Awards Available: 40 Eligibility Criteria: GPA Financial Aid Status Gender State Selection Selected Major(s) Current Year in School College Selection State Age Share: You May Also","February 01, 2026","Additionally, students can receive up to $5000 in a professional development stipend that can be used for opportunities such as conferences, education abroad, internship travel expenses, etc."
scholarships_html/mastersportal-0060.html,Scholarship for International Students,Beijing,"USD 31,438",Not specified,Multiple
scholarships_html/internationalscholarships-0077.html,Arctic,Arctic Chiropractic & Physical Therapy,500,August,1
scholarships_html/internationalscholarships-1427.html,Master ISAD In Yacht Design,ISAD ISTITUTO SUPERIORE DI ARCHITETTURA E DESIGN,5.263,January 12,2012
scholarships_html/scholarship-1532.html,Hope College Distinguised Artist Awards- Creative Writing,Scholarships.com,"$ 12,000","February 16, 2026",Creative Writing - Scholarships.com Students Scholarship Search College scholarships you qualify for. Scholarship Directory Find scholarships by category. Student Resources Top resources for your scholarship journey. Student Loans Explore loan options to help
scholarships_html/mastersportal-1391.html,INSEAD Henriette and Norbert Albin Endowed MBA Scholarship Fund,INSEAD - The Business School for the World,"€ 30,000",Not specified,one
scholarships_html/internationalscholarships-0974.html,Malmberg Scholarship For Study In Sweden,The American Swedish Institute,USD 000,November,1
scholarships_html/bigfuture-0346.html,Edward Seese Memorial Scholarship,Broward College,Award Amount Varies,1/1/2025,Need-Based: No
scholarships_html/scholarship-0200.html,Sigma Nu Illinois Pursuit of Excellence Scholarship,Scholarships.com,"$ 4,000","July 01, 2025",
scholarships_html/internationalscholarships-0093.html,Karatay Scholarships Turkey,KTO Kararay University,$ 14.814.00,19 August,1
scholarships_html/bigfuture-1664.html,Vulcan Materials Company Endowed Scholarship,Florida State College at Jacksonville,"$ 1,000",2/1/2025,Need-Based: No
scholarships_html/internationalscholarships-0687.html,Fellowship: Global Peace On The Move,PEACE REVOLUTION,variable,Sept 6,30
scholarships_html/bigfuture-0373.html,Aleut Foundation Part-Time Scholarship,The Aleut Corporation,Award Amount Varies,4/1/2025,Need-Based : No
scholarships_html/internationalscholarships-0648.html,International Transfer Tuition Waiver,Chadron State College,Approximate total value over 2 years: $4620,,Based on applicants
scholarships_html/bigfuture-1458.html,TOPS Performance Award,Louisiana Office of Student Financial Assistance,Award Amount Varies,10/30/2024,Need-Based: No
scholarships_html/scholarship-0668.html,University of Miami Isaac Bashevis Singer Scholarship,Scholarships.com,"$ 242,880","November 01, 2025",Singer Scholars receive the full cost of tuition for four years of undergraduate study at UM.
scholarships_html/bigfuture-0255.html,EANGUS Auxiliary Scholarship,Enlisted Association of the National Guard of the United States,Award Amount Varies,1/1/2025,Need-Based: Yes
scholarships_html/scholarships360-1186.html,"John R. Kernodle, Jr. Memorial Scholarship",,"$ 10,000",This scholarship might not currently be accepting applications. Most scholarship programs only accept applications a few months ahead of their annual deadline. We’ve estimated this deadline based on last year’s deadline,ship Earning this scholarship will help me achieve my educational and career goals by reducing the cost of my full-time tuition.
scholarships_html/bigfuture-1405.html,"Mertis ""Sunny"" Brown Scholarship",University of West Florida,Award Amount Varies,3/1/2025,Need-Based: No
scholarships_html/scholarships360-1832.html,John Deere Company Scholarship,,"$ 10,000",This scholarship might not currently be accepting applications. Most scholarship programs only accept applications a few months ahead of their annual deadline. We’ve estimated this deadline based on last year’s deadline,ship Earning this scholarship will help me achieve my educational and career goals by reducing the cost of my full-time tuition.
scholarships_html/internationalscholarships-1469.html,Delta Waterfowl And Wetlands Research Station Summer Field Assistantships,Delta Waterfowl Foundation,"$ 1,000",Unrestricted,25
scholarships_html/scholarship-0387.html,The Thunderbirds Scholars Program,Scholarships.com,"$ 10,000","March 15, 2026","The Thunderbirds Scholarship cover tuition, fees, room, and board; mentorship; and potential support for study abroad and internships."
scholarships_html/scholarship-1131.html,University of Minnesota Gold Scholar Award,Scholarships.com,"$ 40,000","January 31, 2026",Scholarships.com Students Scholarship Search College scholarships you qualify for. Scholarship Directory Find scholarships by category. Student Resources Top resources for your scholarship journey. Student Loans Explore loan options to help pay for college.
scholarships_html/scholarship-1648.html,Red Thread Foundation Scholarship,Scholarships.com,"$ 1,000","February 28, 2026",
scholarships_html/scholarship-1515.html,Shelton Scholars Program,Scholarships.com,"$ 20,000","February 15, 2026","National Leadership Scholarship awards two or three entering freshmen (to North Carolina State) $5,000 annually toward tuition and fees, renewable upon satisfactory academic progress and leadership involvement."
scholarships_html/scholarships360-2082.html,Jay and Elizabeth Tyrrell Scholarship,,"$ 10,000",This scholarship might not currently be accepting applications. Most scholarship programs only accept applications a few months ahead of their annual deadline. We’ve estimated this deadline based on last year’s deadline,ship Earning this scholarship will help me achieve my educational and career goals by reducing the cost of my full-time tuition.
scholarships_html/bigfuture-1508.html,Rum Diversity Scholarship,University of South Florida,Award Amount Varies,12/1/2024,Need-Based: Yes
scholarships_html/bigfuture-1570.html,Al Chairmonte Scholarship,University of South Florida,Award Amount Varies,12/1/2024,Need-Based: Yes
scholarships_html/scholarships360-1535.html,George and Mary Josephine Hamman Foundation Scholarships,,"$ 10,000",This scholarship might not currently be accepting applications. Most scholarship programs only accept applications a few months ahead of their annual deadline. We’ve estimated this deadline based on last year’s deadline,ship Earning this scholarship will help me achieve my educational and career goals by reducing the cost of my full-time tuition.
scholarships_html/scholarship-1712.html,AWS James A Turner Jr Memorial Scholarship,Scholarships.com,"$ 3,500","March 01, 2026",
scholarships_html/scholarships360-0427.html,"Distinguished Scholar in Humanities and Social Sciences at the American Studies Center, University of Warsaw",,"$ 10,000",This scholarship might not currently be accepting applications. Most scholarship programs only accept applications a few months ahead of their annual deadline. We’ve estimated this deadline based on last year’s deadline,ship Earning this scholarship will help me achieve my educational and career goals by reducing the cost of my full-time tuition.
scholarships_html/mastersportal-0553.html,Partner University Scholarship,MCI - The Entrepreneurial School,"USD 30,645",Not specified,Multiple
scholarships_html/internationalscholarships-1473.html,Harriet A Shaw Fellowship,Wellesley College,"$ 11,000",Unrestricted,Variable
scholarships_html/scholarship-2012.html,PAMS Laraine Forry Memorial Scholarship Award,Scholarships.com,"$ 1,000","March 08, 2026",Scholarships.com Students Scholarship Search College scholarships you qualify for. Scholarship Directory Find scholarships by category. Student Resources Top resources for your scholarship journey. Student Loans Explore loan options to help pay for college.
scholarships_html/scholarship-0786.html,The SMART Scholarship-for-Service Program,Scholarships.com,"$ 46,000","December 06, 2025",full tuition
scholarships_html/mastersportal-1556.html,The Shaukat Moledina Scholarship,University of West London,"£ 5,000",Not specified,Multiple
scholarships_html/mastersportal-0134.html,International Response Scholarship,"Goldsmiths, University of London","£ 8,825",26 May 2026,Full tuition
scholarships_html/bigfuture-1665.html,Elizabeth Edgar Hall Endowed Scholarship,Florida State College at Jacksonville,"$ 1,250",2/1/2025,Need-Based: No
scholarships_html/scholarships360-0846.html,"CTRI/Chris Seeber, KA1GEU, Memorial Scholarship",,"$ 10,000",This scholarship might not currently be accepting applications. Most scholarship programs only accept applications a few months ahead of their annual deadline. We’ve estimated this deadline based on last year’s deadline,ship Earning this scholarship will help me achieve my educational and career goals by reducing the cost of my full-time tuition.
scholarships_html/bigfuture-1852.html,Chad Gordon and Family Endowed Scholarship,Ste,Award Amount Varies,1/1/2025,Need-Based: No
scholarships_html/scholarship-0416.html,Wealth by Health Steps for Change Scholarship,Scholarships.com,"$ 2,000","May 16, 2026",
scholarships_html/scholarships360-1564.html,National PELRA Foundation Graduate Student Scholarships,,"$ 10,000",This scholarship might not currently be accepting applications. Most scholarship programs only accept applications a few months ahead of their annual deadline. We’ve estimated this deadline based on last year’s deadline,ship Earning this scholarship will help me achieve my educational and career goals by reducing the cost of my full-time tuition.
scholarships_html/scholarships360-1423.html,Anne Moncrief Layman Nursing Scholarship,,"$ 10,000",This scholarship might not currently be accepting applications. Most scholarship programs only accept applications a few months ahead of their annual deadline. We’ve estimated this deadline based on last year’s deadline,ship Earning this scholarship will help me achieve my educational and career goals by reducing the cost of my full-time tuition.
scholarships_html/bigfuture-1017.html,James W. Lewis Collegiate Global Leader Scholarship,National Society of High School Scholars,"$ 5,000",4/9/2025,Need-Based: No
scholarships_html/scholarship-0707.html,St. Joseph's College Merit Scholarships,Scholarships.com,"$ 100,000","November 15, 2025",
scholarships_html/mastersportal-1856.html,Frederic and Liselotte Dumin Memorial Scholarship,Washington State University,"USD 1,563",31 Jan 2026,"563 USD / year 1,563 USD / year Tuition unknown 60 months University of Dundee Online 1,563 USD / year 1,563 USD / year Tuition unknown 60 months Featured Historic Buildings M."
scholarships_html/mastersportal-0522.html,Swiss Government Excellence Scholarships for Foreign Scholars and Artists,University of Basel,"USD 20,786",Not specified,"SD / year Tuition unknown 12 months Sustainability Management School (SUMAS) Online 20,786 USD / year 20,786 USD / year Tuition unknown 12 months Featured Master of Business Administration in Hospitality M."
scholarships_html/bigfuture-0390.html,Lawrence M. and Elsie S. Davie Mem Endowed Scholarship,Broward College,Award Amount Varies,1/1/2025,Need-Based: No
scholarships_html/scholarships360-1638.html,Willard G. Plentl Sr. Aviation Scholarship Program,,"$ 10,000",This scholarship might not currently be accepting applications. Most scholarship programs only accept applications a few months ahead of their annual deadline. We’ve estimated this deadline based on last year’s deadline,ship Earning this scholarship will help me achieve my educational and career goals by reducing the cost of my full-time tuition.
scholarships_html/scholarships360-0542.html,Good Samaritan BSN and Post-Baccalaureate Scholarship,,"$ 10,000",This scholarship might not currently be accepting applications. Most scholarship programs only accept applications a few months ahead of their annual deadline. We’ve estimated this deadline based on last year’s deadline,ship Earning this scholarship will help me achieve my educational and career goals by reducing the cost of my full-time tuition.
scholarships_html/scholarship-1363.html,Mary Ellen Gase Scholarship,Scholarships.com,"Amount Varies Deadline: February 07, 2026 Awards Available: Varies Eligibility Criteria: GPA State Selection Selected Major(s) Artistic Ability Current Year in School County Selection Age Share: You May Also Like Niche $","February 07, 2026",
scholarships_html/bigfuture-0769.html,Higher Education Scholarship,Caddo Nation,Award Amount Varies,5/15/2025,Need-Based: Yes
scholarships_html/scholarships360-0203.html,Amber Scholarship,,"$ 10,000","August 16, 2025",ship Earning this scholarship will help me achieve my educational and career goals by reducing the cost of my full-time tuition.
scholarships_html/bigfuture-0079.html,David Mann Memorial Science Scholarship,Broward College,Award Amount Varies,1/1/2025,Need-Based: Yes
scholarships_html/scholarships360-0738.html,James W. McLamore WHOPPER® Scholarship,,"$ 10,000",This scholarship might not currently be accepting applications. Most scholarship programs only accept applications a few months ahead of their annual deadline. We’ve estimated this deadline based on last year’s deadline,ship Earning this scholarship will help me achieve my educational and career goals by reducing the cost of my full-time tuition.
scholarships_html/scholarships360-1416.html,NRG Chairman's Scholarship,,"$ 10,000",This scholarship might not currently be accepting applications. Most scholarship programs only accept applications a few months ahead of their annual deadline. We’ve estimated this deadline based on last year’s deadline,ship Earning this scholarship will help me achieve my educational and career goals by reducing the cost of my full-time tuition.
scholarships_html/bigfuture-0316.html,Marissa D. Kelley Endowed Scholarship,Broward College,Award Amount Varies,1/1/2025,Need-Based: No
scholarships_html/mastersportal-0158.html,Clem Hill Memorial Scholarship,Massey University,"$ 5,000",15 Jan 2026,"21,496 USD / year Tuition unknown 12 months Victoria University of Wellington Wellington, New Zealand 21,496 USD / year Tuition unknown 12 months Featured Political Science M."
scholarships_html/mastersportal-1512.html,Lori and Mike Hendrickson Scholarship,University of North Dakota,"$ 6,750",01 Mar 2026,full Tuition
scholarships_html/bigfuture-1770.html,Quenzer Quasi-Endowed Scholarship,Stetson,Award Amount Varies,1/1/2025,Need-Based: No
scholarships_html/scholarships360-1978.html,Maisin Scholar Scholarship,,"$ 10,000",This scholarship might not currently be accepting applications. Most scholarship programs only accept applications a few months ahead of their annual deadline. We’ve estimated this deadline based on last year’s deadline,ship Earning this scholarship will help me achieve my educational and career goals by reducing the cost of my full-time tuition.
scholarships_html/internationalscholarships-0681.html,International Lhoist Berghmans Master Scholarship,Louvain School of Engineering (UCL),10 000,April 15th for the next academic year starting in September,5 per year
scholarships_html/bigfuture-0049.html,Scholastic Achievement Scholarship,Momeni Foundation,"$ 1,000",4/30/2025,Need-Based: No
scholarships_html/scholarship-0289.html,GFWC Women's Club of South County Scholarship,Scholarships.com,"$ 2,571","October 01, 2025",All funds are distributed directly to the educational institution for tuition costs only.
scholarships_html/internationalscholarships-1014.html,Fully-Funded PhD Positions,Katholieke Universiteit Leuven,,January 5,13
scholarships_html/mastersportal-1910.html,Delft Blue Scholarship,IHE Delft,"USD 10,898",Anytime,Multiple
scholarships_html/bigfuture-0474.html,Florence Nelson Scholarship,Kansas State Nurses Association,$ 500,4/30/2025,Need-Based: No
scholarships_html/mastersportal-1984.html,Clarke Endowed Student Journalist Scholarship,Central Michigan University,unknown,Not specified,full Tuition
scholarships_html/scholarships360-1330.html,John Carroll Whitener Scholarship,,"$ 10,000",This scholarship might not currently be accepting applications. Most scholarship programs only accept applications a few months ahead of their annual deadline. We’ve estimated this deadline based on last year’s deadline,ship Earning this scholarship will help me achieve my educational and career goals by reducing the cost of my full-time tuition.
scholarships_html/scholarship-1695.html,Alexander Christian Foundation Scholarships,Scholarships.com,"$ 4,000","March 01, 2026","Scholarship Description The Alexander Christian Foundation is a unique, non-profit, organization established in 1964 to grant scholarships to Indiana residents pursuing full-time vocations in Christian ministry."
scholarships_html/mastersportal-0761.html,Exchange Scholarships,Esade,"€ 3,000",Not specified,Multiple
scholarships_html/scholarships360-1219.html,Lorry I. Lokey Scholarship,,"$ 10,000",This scholarship might not currently be accepting applications. Most scholarship programs only accept applications a few months ahead of their annual deadline. We’ve estimated this deadline based on last year’s deadline,ship Earning this scholarship will help me achieve my educational and career goals by reducing the cost of my full-time tuition.
scholarships_html/internationalscholarships-0638.html,Senior Volunteer Scholarship,SeniorAdvice.com,,",",1
scholarships_html/mastersportal-2089.html,Stuart Cranston Memorial Award,Algonquin College,"USD 24,589",Not specified,full Tuition
scholarships_html/scholarships360-0890.html,Equity & Inclusion in The Arts Fellowship,,"$ 10,000",This scholarship might not currently be accepting applications. Most scholarship programs only accept applications a few months ahead of their annual deadline. We’ve estimated this deadline based on last year’s deadline,Full Tuition
scholarships_html/scholarships360-0140.html,Kent Colwell Scholarship,,"$ 10,000","July 15, 2025",ship Earning this scholarship will help me achieve my educational and career goals by reducing the cost of my full-time tuition.
scholarships_html/bigfuture-0303.html,Lilly Endowment Community Scholarship -,Fountain County Western Indiana Community Foundation,$ 900,1/1/2025,Need-Based: Yes
scholarships_html/mastersportal-0227.html,Scholarship,Chaser,"$ 1,000",09 Jul 2025,full Tuition
scholarships_html/mastersportal-1355.html,Geoffrey and Alix O'Grady Scholarship in Linguistics,University of Victoria,"USD 29,947",Anytime,full Tuition
scholarships_html/scholarship-2018.html,Chicago Roofing Contractors Association Scholarship,Scholarships.com,"$ 5,000","March 10, 2026",
scholarships_html/bigfuture-0667.html,Scholarship,Women in Water,"$ 5,000",4/1/2025,Need-Based: No
scholarships_html/scholarship-1721.html,Brian Kershaw Memorial Scholarship,Scholarships.com,"$ 10,000","March 01, 2026",
scholarships_html/scholarships360-1842.html,David and Barbara Kruse Paw Paw High School Scholarship,,"$ 10,000",This scholarship might not currently be accepting applications. Most scholarship programs only accept applications a few months ahead of their annual deadline. We’ve estimated this deadline based on last year’s deadline,ship Earning this scholarship will help me achieve my educational and career goals by reducing the cost of my full-time tuition.
scholarships_html/scholarship-1998.html,PAF's Scholarships for Survivors,Scholarships.com,"$ 12,000","March 07, 2026",
scholarships_html/bigfuture-1352.html,Pensacola Women's Alliance Scholarship,University of West Florida,Award Amount Varies,3/1/2025,Need-Based: Yes
scholarships_html/bigfuture-0513.html,Marti Huizenga Endowed Scholarship,Broward College,Award Amount Varies,1/1/2025,Need-Based: No
scholarships_html/internationalscholarships-0525.html,Scholarship,Club 21,",000",April 30,1
scholarships_html/mastersportal-0831.html,Esports Scholarships,University of Roehampton,"£ 2,000",Not specified,"on unknown 12 months Sheffield Hallam University Sheffield, England, United Kingdom 24,316 USD / year 12,690 USD / year Tuition unknown 12 months Featured Translation and Interpreting Studies M."
scholarships_html/scholarship-0861.html,York County Conservation District Scholarship,Scholarships.com,"$ 1,000","December 31, 2025",
scholarships_html/bigfuture-2045.html,RAM Construction Scholarship,Lively Technical College,Award Amount Varies,1/1/2025,Need-Based: Yes
scholarships_html/bigfuture-0603.html,Dr. Florence Ross Scholarship for Global Peace,Nova Southeastern University,Award Amount Varies,11/1/2024,Need-Based: Yes
scholarships_html/scholarships360-1968.html,A. Gordon and Betty H. Imhoff Scholarship,,"$ 10,000",This scholarship might not currently be accepting applications. Most scholarship programs only accept applications a few months ahead of their annual deadline. We’ve estimated this deadline based on last year’s deadline,ship Earning this scholarship will help me achieve my educational and career goals by reducing the cost of my full-time tuition.
scholarships_html/scholarships360-0221.html,Charles J. Hasbrouck Memorial Scholarships,,"$ 10,000","August 31, 2025",ship Earning this scholarship will help me achieve my educational and career goals by reducing the cost of my full-time tuition.
scholarships_html/scholarship-1093.html,Margaret Howard Hamilton Scholarship,Scholarships.com,"$ 4,000","January 31, 2026",
scholarships_html/scholarship-0177.html,Vocational School Award,Scholarships.com,"$ 5,000","June 30, 2025",Scholarships.com Students Scholarship Search College scholarships you qualify for. Scholarship Directory Find scholarships by category. Student Resources Top resources for your scholarship journey. Student Loans Explore loan options to help pay for college.
scholarships_html/scholarship-0186.html,Cindy Finley Memorial Scholarship (CFMS) to Support Women in the Packaging Industry,Scholarships.com,"$ 5,000","July 01, 2025",
scholarships_html/scholarships360-1317.html,Richard and Judith White Memorial Scholarship,,"$ 10,000",This scholarship might not currently be accepting applications. Most scholarship programs only accept applications a few months ahead of their annual deadline. We’ve estimated this deadline based on last year’s deadline,ship Earning this scholarship will help me achieve my educational and career goals by reducing the cost of my full-time tuition.
scholarships_html/bigfuture-1815.html,Raven Fund Jump Start Scholarship,The CIRI Foundation,"$ 2,000",1/1/2025,Need-Based: No
scholarships_html/mastersportal-1773.html,P. Gail Clark Memorial Scholarship,University of North Dakota,$ 400,01 Mar 2026,"University of North Dakota awards scholarships, bursaries, tuition fee reductions and discounts that help you cover existing tuition and living costs."
scholarships_html/scholarships360-1142.html,"Amy Hunter-Wilson, MD Scholarship",,"$ 10,000",This scholarship might not currently be accepting applications. Most scholarship programs only accept applications a few months ahead of their annual deadline. We’ve estimated this deadline based on last year’s deadline,ship Earning this scholarship will help me achieve my educational and career goals by reducing the cost of my full-time tuition.
scholarships_html/scholarship-1736.html,Douglas Fruit Scholarship,Scholarships.com,"$ 10,000","March 01, 2026",
scholarships_html/scholarship-0492.html,Minecraft Scholarship,Scholarships.com,"$ 2,000","July 31, 2025","Scholarship Details $2,000 scholarship towards college tuition."
scholarships_html/mastersportal-1325.html,Greig Cosier Memorial Scholarship,University of Victoria,"USD 50,660",Anytime,Multiple
scholarships_html/bigfuture-0740.html,Environmental Stewardship Scholarship,Pacific Northwest Clean Water Association,"$ 1,500",5/1/2025,Need-Based: No
scholarships_html/scholarship-1821.html,JMU Second Century STEM Scholarship,Scholarships.com,"$ 10,000","March 01, 2026",
scholarships_html/mastersportal-0476.html,UCD IFY Scholarship,University College Dublin,"€ 4,000",Not specified,"ear 9,381 USD / year Tuition unknown 12 months University College Cork Cork, Ireland 28,143 USD / year 9,381 USD / year Tuition unknown 12 months Featured Leadership in Early Years Education and Care M."
scholarships_html/scholarship-1588.html,University Credit Union Scholarships,Scholarships.com,"$ 5,000","February 24, 2026",
scholarships_html/scholarships360-1971.html,AFCEA DC STEM Scholarships,,"$ 10,000",This scholarship might not currently be accepting applications. Most scholarship programs only accept applications a few months ahead of their annual deadline. We’ve estimated this deadline based on last year’s deadline,ship Earning this scholarship will help me achieve my educational and career goals by reducing the cost of my full-time tuition.
scholarships_html/internationalscholarships-0656.html,Bridging Scholarships For Study Abroad In Japan,Association of Teachers of Japanese,"$ 2,500",April 8,Variable
scholarships_html/internationalscholarships-0910.html,Buddhist Studies Scholarship – International Students,Nan Tien Institute,tuition waiver,,"The Scholarship: Will be offered for 12 months subject to maintaining satisfactory progress Will cover tuition (AUD$1,600 per subject for up to 8 subjects) Will cover accommodation on site (single or double room with en suite and meals), Students must enroll"
scholarships_html/scholarships360-0041.html,Study.com Scholarship for Future Teachers,,"$ 10,000","June 30, 2025",ship Earning this scholarship will help me achieve my educational and career goals by reducing the cost of my full-time tuition.
scholarships_html/internationalscholarships-1397.html,Tuition Grants and International Academic Scholarships,Goshen College,"$ 7,350",February 1,25
scholarships_html/internationalscholarships-0509.html,Essay Scholarship Contest,LasikPlus,"$ 2,500",,One each quarter
scholarships_html/scholarships360-2123.html,"Charles Harrison Smith, III Scholarship",,"$ 10,000",This scholarship might not currently be accepting applications. Most scholarship programs only accept applications a few months ahead of their annual deadline. We’ve estimated this deadline based on last year’s deadline,ship Earning this scholarship will help me achieve my educational and career goals by reducing the cost of my full-time tuition.
scholarships_html/internationalscholarships-1363.html,Florida High School Award for,Schiller International University,One third of tuition,Unrestricted,5
scholarships_html/scholarships360-1587.html,Fukunaga Scholarship,,"$ 10,000",This scholarship might not currently be accepting applications. Most scholarship programs only accept applications a few months ahead of their annual deadline. We’ve estimated this deadline based on last year’s deadline,"Thus, every year, multiple applicants are chosen to receive $5,000 to help offset tuition and other costs."
scholarships_html/scholarship-0202.html,The ProCare Health Heroes Scholarship,Scholarships.com,$ 500,"July 01, 2025",
scholarships_html/scholarship-0721.html,Future Innovator Scholarship,Scholarships.com,$ 500,"November 30, 2025",
scholarships_html/bigfuture-0412.html,Reva Daniels Metzinger Endowed Scholarship,Broward College,Award Amount Varies,1/1/2025,Need-Based: Yes
scholarships_html/mastersportal-1486.html,The Koppinen Family Scholarship,Royal Holloway University of London,"£ 10,000",Not specified,About Royal Holloway University of London has a great range of scholarships that provide cash awards or a reduction in tuition fees.
scholarships_html/bigfuture-0821.html,"Mary and Harold ""Cub"" McKerchie Tributary Scholarship",Sault Ste. Marie Tribe of Chippewa Indians,"$ 1,000",6/1/2025,Need-Based: No
scholarships_html/bigfuture-1651.html,Klif Kramer Firefighter Memorial Scholarship,Florida State College at Jacksonville,"$ 1,000",2/1/2025,Need-Based: No
scholarships_html/mastersportal-0792.html,Global Talent Scholarship (Conservatoire),University of Chichester,"£ 2,500",Anytime,"17,628 USD / year Tuition unknown 12 months Queen Mary University of London Online 49,730 USD / year 17,628 USD / year Tuition unknown 12 months Featured Computer Science (Conversion) M."
scholarships_html/mastersportal-1795.html,HEC Foundation Excellence Scholarships,HEC Paris,"USD 23,285",30 Jun 2025,Multiple
scholarships_html/scholarship-0255.html,NOPHNRCSE Scholarships,Scholarships.com,"$ 1,000","July 25, 2025",
scholarships_html/internationalscholarships-0205.html,Giract's European Flavor Research Promotional Programme,"Giract, consortium of flavor companies",EU,extended to November 15,
scholarships_html/mastersportal-0799.html,Mary Elizabeth Hetherington Scholarship,University of North Dakota,"$ 2,300",01 Mar 2026,full Tuition
scholarships_html/scholarship-0543.html,Tennessee Dependent Children Scholarship Program,Scholarships.com,$ 500,"September 01, 2025",
scholarships_html/scholarships360-0087.html,MPOWER Women in STEM Scholarship,,"$ 10,000","June 30, 2025",ship Earning this scholarship will help me achieve my educational and career goals by reducing the cost of my full-time tuition.
scholarships_html/mastersportal-0229.html,"Sum, Wing and Leong Fong Prize in Radiology",University of Queensland,"$ 1,000",Not specified,"ear Tuition unknown 12 months Curtin University Perth, Western Australia, Australia 21,770 USD / year 13,532 USD / year Tuition unknown 12 months Featured Agricultural Systems Major (MSc AgriFoodSecur) M."
scholarships_html/mastersportal-0370.html,KU Medical Scholarship,Khalifa University,"USD 25,722",Anytime,Multiple
scholarships_html/scholarships360-0965.html,The Billy Frank Memorial Scholarship,,"$ 10,000",This scholarship might not currently be accepting applications. Most scholarship programs only accept applications a few months ahead of their annual deadline. We’ve estimated this deadline based on last year’s deadline,ship Earning this scholarship will help me achieve my educational and career goals by reducing the cost of my full-time tuition.
scholarships_html/scholarship-1374.html,Nellie I. Kerry and Paul Sutherland Scholarship,Scholarships.com,"$ 10,000","February 07, 2026",
scholarships_html/scholarship-1944.html,Humboldt Area/Wild Rivers Community Scholarships,Scholarships.com,"$ 10,000","March 03, 2026",
scholarships_html/scholarships360-1413.html,Zachary Michael Capra Memorial Scholarship,,"$ 10,000",This scholarship might not currently be accepting applications. Most scholarship programs only accept applications a few months ahead of their annual deadline. We’ve estimated this deadline based on last year’s deadline,ship Earning this scholarship will help me achieve my educational and career goals by reducing the cost of my full-time tuition.
scholarships_html/scholarships360-0261.html,Ingram Scholarship,,"$ 10,000","December 1, 2025",Full tuition
scholarships_html/mastersportal-1972.html,Dr. Mary E. Guy Endowed Scholarship,The University of Alabama at Birmingham,unknown,Not specified,"year Tuition unknown 18 months Indiana Wesleyan University Online 13,800 USD / year 13,800 USD / year 13,800 USD / year Tuition unknown 18 months School Administration M."
scholarships_html/mastersportal-1159.html,International Excellence Grants,UIC Barcelona,"USD 29,947",Anytime,Multiple
scholarships_html/bigfuture-1620.html,Bank of America Endowed Scholarship,Florida State College at Jacksonville,Award Amount Varies,2/1/2025,Need-Based: Yes
scholarships_html/scholarship-0695.html,Dreams Fund's Twitch BroadcastHER Grant,Scholarships.com,"$ 1,500","November 15, 2025","1,000 Dreams Fund's Twitch BroadcastHER Grant - Scholarships."
scholarships_html/bigfuture-1077.html,BSN Scholarship,Association of Rehabilitation Nurses,"$ 1,500",6/1/2025,Need-Based: No
scholarships_html/scholarship-1758.html,GRCF Camilla C. Johnson Scholarship,Scholarships.com,"$ 5,000","March 01, 2026",
scholarships_html/mastersportal-1377.html,Business and Law International Partner Institutions Bursary,Deakin University,"USD 17,698",Not specified,Multiple
scholarships_html/mastersportal-0362.html,The EDU-WACQT scholarship in Quantum Technology,Chalmers University of Technology,"USD 22,280",Not specified,Multiple
scholarships_html/mastersportal-0715.html,Past Exchange & Study Abroad Scholarship,University College Dublin,"€ 5,000",Not specified,"ear 8,853 USD / year Tuition unknown 12 months University College Cork Cork, Ireland 21,260 USD / year 8,853 USD / year Tuition unknown 12 months Featured Business Translation and Intercultural Communication in English and Spanish M."
scholarships_html/bigfuture-1386.html,Kerrigan Daughters Young Women's Scholarship,University of West Florida,Award Amount Varies,3/1/2025,Need-Based: No
scholarships_html/mastersportal-0257.html,Great Minds Scholars Program,Worcester Polytechnic Institute,"USD 27,940",15 Feb 2026,full Tuition
scholarships_html/mastersportal-1646.html,The Baird Bursary,The Glasgow School of Art,"£ 2,000",Not specified,"12 months Montana State University Bozeman, Montana, United States 20,840 USD / year 20,840 USD / year 6,288 USD / year Tuition unknown 12 months Fine Art M."
scholarships_html/internationalscholarships-0588.html,Player Award - Internships available,EnergeeInc.com,$,",",1
scholarships_html/mastersportal-0925.html,Memorial Union Leadership Scholarship,University of North Dakota,$ 900,01 Mar 2026,full Tuition
scholarships_html/mastersportal-0600.html,Zhejiang Government Scholarship,Zhejiang University,"USD 4,183",Not specified,Multiple
scholarships_html/bigfuture-0709.html,NCC Aviation Maintenance Scholarship,The Foundation for New Hampshire Community Colleges,Award Amount Varies,5/1/2025,Need-Based: Yes
scholarships_html/bigfuture-1052.html,"JFEW Scholars Program at New York City College of Technology, City University of New York",Jewish Foundation for Education of Women,"$ 3,500",1/1/2025,Need-Based: Yes
scholarships_html/mastersportal-0072.html,ANU Master of Philosophy Scholarship,Australian National University,"$ 36,652",Not specified,"ear Tuition unknown 12 months Curtin University Perth, Western Australia, Australia 21,770 USD / year 13,532 USD / year Tuition unknown 12 months Featured Agricultural Systems Major (MSc AgriFoodSecur) M."
scholarships_html/scholarships360-0931.html,Mike Reynolds Journalism Scholarship,,"$ 10,000",This scholarship might not currently be accepting applications. Most scholarship programs only accept applications a few months ahead of their annual deadline. We’ve estimated this deadline based on last year’s deadline,ship Earning this scholarship will help me achieve my educational and career goals by reducing the cost of my full-time tuition.
scholarships_html/bigfuture-1020.html,Scholarship,California Forestry Challenge,"$ 1,000",6/1/2025,Need-Based: No
scholarships_html/bigfuture-2026.html,John and Abigail Adams Scholarship,Massachusetts Department of Higher Education,Award Amount Varies,1/1/2025,Need-Based: No
scholarships_html/mastersportal-1477.html,Engineering International Success Scholarship,Monash University,"$ 10,000",Anytime,Multiple
scholarships_html/mastersportal-1603.html,Southampton Geography and Environmental Science Postgraduate International Scholarship,University of Southampton,"£ 3,000",Anytime,Multiple
scholarships_html/mastersportal-2063.html,The OACETT Award,Algonquin College,"USD 41,143",Not specified,full Tuition
scholarships_html/scholarship-0199.html,Rust College Presidential Scholarship,Scholarships.com,$ 10,"July 01, 2025","This scholarship covers tuition, fees, on-campus housings, meal plan and textbooks for up to 18 credit hours."
scholarships_html/mastersportal-1583.html,Oü Skeleton Technologies Master's Study Scholarship,Tallinn University of Technology,"EUR 3,000",21 Oct 2025,Multiple
scholarships_html/scholarship-1773.html,GRCF Grand Rapids University Prep Founders' Scholarship,Scholarships.com,"$ 5,000","March 01, 2026",
scholarships_html/mastersportal-0296.html,ANU Chancellor’s International Scholarship,Australian National University,"AUD 10,000",Not specified,"ear Tuition unknown 12 months Curtin University Perth, Western Australia, Australia 21,770 USD / year 13,532 USD / year Tuition unknown 12 months Featured Agricultural Systems Major (MSc AgriFoodSecur) M."
scholarships_html/internationalscholarships-0531.html,Crush The PMP Scholarship Program,Crush Empire,$,May,1
scholarships_html/scholarships360-0587.html,John R. Coleman Traveling Fellowship,,"$ 10,000",This scholarship might not currently be accepting applications. Most scholarship programs only accept applications a few months ahead of their annual deadline. We’ve estimated this deadline based on last year’s deadline,ship Earning this scholarship will help me achieve my educational and career goals by reducing the cost of my full-time tuition.
scholarships_html/scholarships360-0646.html,"ALU LIKE, Inc. Hana Lima Scholarship",,"$ 10,000",This scholarship might not currently be accepting applications. Most scholarship programs only accept applications a few months ahead of their annual deadline. We’ve estimated this deadline based on last year’s deadline,ship Earning this scholarship will help me achieve my educational and career goals by reducing the cost of my full-time tuition.
scholarships_html/scholarship-1918.html,"AFCEA Washington, DC Chapter Scholarship",Scholarships.com,"$ 2,200","March 02, 2026",
scholarships_html/mastersportal-0611.html,CSU Foundation Refugee Scholarship,Charles Sturt University,"$ 20,000",05 Feb 2026,"Charles Sturt University awards scholarships, bursaries, tuition fee reductions and discounts that help you cover existing tuition and living costs."
scholarships_html/internationalscholarships-1519.html,AYA Scholarship,Universite de Paris IV (Paris-Sorbonne),"$ 15,000",March,1
scholarships_html/mastersportal-0974.html,Betty Ash Lapp Award Fund,The University of Toledo,unknown,01 Mar 2026,full Tuition
scholarships_html/scholarship-0455.html,Georgia Engineering Foundation Scholarships,Scholarships.com,"$ 5,000","September 30, 2025",
scholarships_html/mastersportal-0866.html,Rottluff Scholarship,,"USD 1,407",Not specified,Monthly stipend
scholarships_html/bigfuture-2031.html,Christian Science Nurses' Training Scholarship,The Albert Baker Fund,Award Amount Varies,1/1/2025,Need-Based: No
scholarships_html/internationalscholarships-0452.html,Australia's Next Top Lawyer,Australian Accident Helpline,$5000 AUD,01/10/18,1
scholarships_html/scholarships360-1242.html,Abby,,"$ 10,000",This scholarship might not currently be accepting applications. Most scholarship programs only accept applications a few months ahead of their annual deadline. We’ve estimated this deadline based on last year’s deadline,ship Earning this scholarship will help me achieve my educational and career goals by reducing the cost of my full-time tuition.
scholarships_html/scholarship-0980.html,"Rotary Scholarship for Camarillo, CA",Scholarships.com,"$ 1,000","January 15, 2026",
scholarships_html/mastersportal-1412.html,INSEAD MBA'91 June Endowed Scholarship,INSEAD - The Business School for the World,"€ 20,000",Not specified,one
scholarships_html/mastersportal-0121.html,JCSMR Gender Equity Fund,Australian National University,"$ 10,000",Not specified,"ear Tuition unknown 12 months Curtin University Perth, Western Australia, Australia 21,770 USD / year 13,532 USD / year Tuition unknown 12 months Featured Agricultural Systems Major (MSc AgriFoodSecur) M."
scholarships_html/bigfuture-0434.html,Blake and Blackwell Scholarship,Pima Community College Foundation,"$ 2,500",3/1/2025,Need-Based: Yes
scholarships_html/mastersportal-1914.html,Wilson F. Millar III Chemistry Scholarship Fund,Central Michigan University,unknown,04 Apr 2026,full Tuition
scholarships_html/mastersportal-0836.html,Middle Eastern Studies,Un,"€ 1,875",29 Oct 2025,"D / year Tuition unknown 12 months Istituto Europeo Di Design (IED) Florence, Italy 23,805 USD / year 23,805 USD / year Tuition unknown 12 months Featured Space Engineering M."
scholarships_html/scholarship-1011.html,Creative Writing Scholarship,Scholarships.com,"$ 60,000","January 17, 2026",
scholarships_html/scholarships360-0900.html,Tribal Affairs Fellowship,,"$ 10,000",This scholarship might not currently be accepting applications. Most scholarship programs only accept applications a few months ahead of their annual deadline. We’ve estimated this deadline based on last year’s deadline,Full Tuition
scholarships_html/scholarship-0859.html,Voices of America Scholarship,Scholarships.com,"$ 20,000","December 31, 2025",
scholarships_html/bigfuture-0627.html,Kathy Camper Commonwealth Legacy Scholarship,Virginia Foundation for Community College Education,Award Amount Varies,5/1/2025,Need-Based: No
scholarships_html/scholarships360-0268.html,OC The Founder,,"$ 10,000","December 15, 2025",ship Earning this scholarship will help me achieve my educational and career goals by reducing the cost of my full-time tuition.
scholarships_html/scholarships360-1896.html,Inspire Scholarship,,"$ 10,000",This scholarship might not currently be accepting applications. Most scholarship programs only accept applications a few months ahead of their annual deadline. We’ve estimated this deadline based on last year’s deadline,ship Earning this scholarship will help me achieve my educational and career goals by reducing the cost of my full-time tuition.
scholarships_html/scholarship-1358.html,Louis R. and Helen E. Schwartz FFA Agricultural Scholarship,Scholarships.com,"Amount Varies Deadline: February 07, 2026 Awards Available: Varies Eligibility Criteria: GPA Financial Aid Status State Selection Selected Major(s) Current Year in School County Selection Age Share: You May Also Like Nic","February 07, 2026",
scholarships_html/scholarship-0263.html,Alma Exley Scholarship,Scholarships.com,"$ 5,000","October 31, 2025",
scholarships_html/internationalscholarships-1230.html,International Student Award at,Saint Vincent College,"$ 3,000",April 1,4
scholarships_html/scholarships360-0722.html,Allied Van Lines Scholarship,,"$ 10,000",This scholarship might not currently be accepting applications. Most scholarship programs only accept applications a few months ahead of their annual deadline. We’ve estimated this deadline based on last year’s deadline,ship Earning this scholarship will help me achieve my educational and career goals by reducing the cost of my full-time tuition.
scholarships_html/internationalscholarships-1481.html,American University KRSF Study For A Masters Degree In The UK,Karim Rida Said Foundation,,May 1,Variable
scholarships_html/mastersportal-0268.html,Chevening Scholarships,University of Salford,£ 10,06 Aug 2025,monthly stipend
scholarships_html/scholarship-0122.html,No Essay CollegeVine Scholarship,Scholarships.com,"$ 2,000","June 30, 2025",
scholarships_html/scholarship-0081.html,Princeton Prize in Race Relations (PPRR),Scholarships.com,"$ 2,500","January 31, 2026",
scholarships_html/scholarships360-1701.html,Gladys,,"$ 10,000",This scholarship might not currently be accepting applications. Most scholarship programs only accept applications a few months ahead of their annual deadline. We’ve estimated this deadline based on last year’s deadline,ship Earning this scholarship will help me achieve my educational and career goals by reducing the cost of my full-time tuition.
scholarships_html/mastersportal-1690.html,Ray Bostrom Music Scholarship,University of North Dakota,"$ 1,100",01 Mar 2026,"University of North Dakota awards scholarships, bursaries, tuition fee reductions and discounts that help you cover existing tuition and living costs."
scholarships_html/scholarships360-1541.html,Caddo Scholarship,,"$ 10,000",This scholarship might not currently be accepting applications. Most scholarship programs only accept applications a few months ahead of their annual deadline. We’ve estimated this deadline based on last year’s deadline,ship Earning this scholarship will help me achieve my educational and career goals by reducing the cost of my full-time tuition.
scholarships_html/scholarships360-1585.html,Splendido Residents Association Scholarship,,"$ 10,000",This scholarship might not currently be accepting applications. Most scholarship programs only accept applications a few months ahead of their annual deadline. We’ve estimated this deadline based on last year’s deadline,ship Earning this scholarship will help me achieve my educational and career goals by reducing the cost of my full-time tuition.
scholarships_html/internationalscholarships-1007.html,Bourse Georgette Lemoyne,Canadian Federation of University Women,"5,000",November,1
scholarships_html/scholarship-0248.html,Church of the Brethren Health Care Education Scholarships,Scholarships.com,"$ 10,000","July 18, 2025",
scholarships_html/bigfuture-0993.html,Fleet Admiral Chester W. Nimitz College Scholarship,USS Nimitz (CVN-68) Association,"$ 3,000",6/1/2025,Need-Based: No
scholarships_html/scholarship-0479.html,Bud & Katherine Rae Aviation Scholarship,Scholarships.com,"Amount Varies Deadline: February 07, 2026 Awards Available: Varies Eligibility Criteria: Organization Selections Financial Aid Status State Selection Selected Major(s) Current Year in School College Selection State Count","February 07, 2026",
scholarships_html/scholarship-1608.html,CollegeCounts Scholarship Program,Scholarships.com,"$ 4,000","February 28, 2026",
scholarships_html/internationalscholarships-1217.html,JCB Travel Grants,"Brown University, John Carter Brown Library","$ 20,000",Unrestricted,Variable
scholarships_html/internationalscholarships-1174.html,Harkness Fellowship,Commonwealth Fund of New York,"$ 30,000",September 30,Variable
scholarships_html/scholarships360-1204.html,Burdette B. Gleason Memorial Scholarship,,"$ 10,000",This scholarship might not currently be accepting applications. Most scholarship programs only accept applications a few months ahead of their annual deadline. We’ve estimated this deadline based on last year’s deadline,ship Earning this scholarship will help me achieve my educational and career goals by reducing the cost of my full-time tuition.
scholarships_html/scholarships360-0463.html,HostingAdvice.com Future Web Developers Scholarship,,"$ 10,000",This scholarship might not currently be accepting applications. Most scholarship programs only accept applications a few months ahead of their annual deadline. We’ve estimated this deadline based on last year’s deadline,ship Earning this scholarship will help me achieve my educational and career goals by reducing the cost of my full-time tuition.
scholarships_html/scholarships360-0934.html,Jackson Hole Lions Club Scholarship,,"$ 10,000",This scholarship might not currently be accepting applications. Most scholarship programs only accept applications a few months ahead of their annual deadline. We’ve estimated this deadline based on last year’s deadline,ship Earning this scholarship will help me achieve my educational and career goals by reducing the cost of my full-time tuition.
scholarships_html/scholarship-0348.html,University of Texas- San Antonio Distinguished Transfer Scholarship,Scholarships.com,"$ 6,000","October 15, 2025",One of the best ways to cover tuition costs is to apply for scholarships—they provide financial aid funds that you don’t have to pay back.
scholarships_html/internationalscholarships-0557.html,A Partial Scholarship at,Nottingham Business School,0,10th January,1
scholarships_html/mastersportal-2005.html,Energy Scholarship,London Business School,"USD 23,285",Anytime,"London Business School awards scholarships, bursaries, tuition fee reductions and discounts that help you cover existing tuition and living costs."
scholarships_html/bigfuture-1684.html,Associate Degree Scholarship,New Hampshire Charitable Foundation,"$ 3,500",1/13/2025,Need-Based: Yes
scholarships_html/bigfuture-0209.html,Shepard & Louise Lee Endowed Nursing Scholarship,Broward College,Award Amount Varies,1/1/2025,Need-Based: Yes
scholarships_html/scholarships360-1288.html,Excelsior Scholarship Program,,"$ 10,000",This scholarship might not currently be accepting applications. Most scholarship programs only accept applications a few months ahead of their annual deadline. We’ve estimated this deadline based on last year’s deadline,"Recipients of the scholarship will have any remaining gaps in their tuition expenses covered, after other federal and state grants and scholarships are applied, for up to $5,500."
scholarships_html/mastersportal-1379.html,The EDU-WACQT scholarship for the Master's in Photonics,Lund University,"USD 17,089",Not specified,full Tuition
scholarships_html/mastersportal-1202.html,EIT Academic Excellence Scholarship (Graduate and Undergraduate Certificates),Engineering Institute of Technology,"USD 22,604",Not specified,"nknown 24 months Australian Catholic University (ACU) Melbourne, Victoria, Australia 17,579 USD / year 6,125 USD / year Tuition unknown 24 months Featured Agricultural Systems Major (MSc AgriFoodSecur) M."
scholarships_html/scholarship-0817.html,University of Tennessee Orange & White Scholarship,Scholarships.com,"$ 6,000","December 15, 2025",
scholarships_html/scholarships360-0807.html,The ARRL Scholarship to Honor Barry Goldwater,,"$ 10,000",This scholarship might not currently be accepting applications. Most scholarship programs only accept applications a few months ahead of their annual deadline. We’ve estimated this deadline based on last year’s deadline,ship Earning this scholarship will help me achieve my educational and career goals by reducing the cost of my full-time tuition.
scholarships_html/internationalscholarships-1307.html,Graduate Prestigious Fellowships,Fordham University,,Unrestricted,Variable
scholarships_html/internationalscholarships-1160.html,AAHOA Award,Schiller International University,One quarter of tuition,Unrestricted,50
scholarships_html/internationalscholarships-1251.html,Grants for Research on The United States,German Marshall Fund of the United States,,January 31,Variable
scholarships_html/mastersportal-2015.html,HHL VDI Nachrichten Scholarship,HHL Leipzig Graduate School of Management,"USD 23,285",30 Jun 2025,"USD / year 23,285 USD / year Tuition unknown 24 months ESMT Berlin Berlin, Germany 23,285 USD / year 23,285 USD / year Tuition unknown 24 months Featured Business Administration - Finance M."
scholarships_html/bigfuture-0707.html,NCPHA Women's and Children's Health Section Scholarship in Memory of Dr. Ann Wolfe,North Carolina Public Health Association,$ 500,5/8/2025,Need-Based: Yes
scholarships_html/bigfuture-0151.html,Kentucky Tuition Grant,Kentucky Higher Education Assistance Authority,"$ 3,300",10/1/2024,Need-Based: Yes
scholarships_html/scholarships360-1887.html,Raytheon-Zumwalt Scholarship,,"$ 10,000",This scholarship might not currently be accepting applications. Most scholarship programs only accept applications a few months ahead of their annual deadline. We’ve estimated this deadline based on last year’s deadline,ship Earning this scholarship will help me achieve my educational and career goals by reducing the cost of my full-time tuition.
scholarships_html/scholarships360-0314.html,Marine Corps Scholarship Foundation Career & Technical Education Scholarship,,"$ 10,000",Rolling Start Applying Scholarship Overview The Marine Corps Scholarship Foundation’s Career & Technical Education Scholarship is open to students planning to attend a non-degree certificate program of any length. Applic,ship Earning this scholarship will help me achieve my educational and career goals by reducing the cost of my full-time tuition.
scholarships_html/bigfuture-2043.html,NAWIC Scholarship,Lively Technical College,Award Amount Varies,1/1/2025,Need-Based: Yes
scholarships_html/mastersportal-1390.html,Military Scholarship,London Business School,"£ 30,000",Anytime,"London Business School awards scholarships, bursaries, tuition fee reductions and discounts that help you cover existing tuition and living costs."
scholarships_html/mastersportal-0313.html,Te Papa Atawhai (Department of Conservation) Postgraduate Scholarships,Massey University,"USD 26,256",30 Sep 2025,"22,193 USD / year Tuition unknown 12 months Victoria University of Wellington Wellington, New Zealand 22,193 USD / year Tuition unknown 12 months Featured Greek M."
scholarships_html/scholarship-2186.html,Religious Liberty Essay Scholarship Contest,Scholarships.com,"$ 2,000","March 15, 2026",
scholarships_html/mastersportal-0653.html,Vice-Chancellor's International Scholarship,Macquarie University,"$ 10,000",Not specified,"ear Tuition unknown 12 months Curtin University Perth, Western Australia, Australia 21,770 USD / year 13,532 USD / year Tuition unknown 12 months Featured Agricultural Systems Major (MSc AgriFoodSecur) M."
scholarships_html/scholarships360-1727.html,Santa Clara,"Schott Family Scholarship - Scholarships360 Get matched with vetted scholarships and enter our $10,000 No-Essay Scholarship Please select whichever best describes you for the 2024","$ 10,000",This scholarship might not currently be accepting applications. Most scholarship programs only accept applications a few months ahead of their annual deadline. We’ve estimated this deadline based on last year’s deadline,ship Earning this scholarship will help me achieve my educational and career goals by reducing the cost of my full-time tuition.
scholarships_html/mastersportal-1236.html,Alumni Association Award,Algonquin College,"USD 17,698",Not specified,Multiple
scholarships_html/internationalscholarships-1441.html,Meistersinger Music Scholarships,Wartburg College,"$ 5,000","January 20, 28",up to ten per year
scholarships_html/scholarships360-1115.html,MASWE Scholarship,,"$ 10,000",This scholarship might not currently be accepting applications. Most scholarship programs only accept applications a few months ahead of their annual deadline. We’ve estimated this deadline based on last year’s deadline,This scholarship was then established in 1971 with a stipend of $200 for a woman engineering student based on scholarship and financial need.
scholarships_html/bigfuture-0668.html,Ava Doner Memorial Undergraduate Scholarship,WTS International-Los Angeles Chapter,"$ 10,000",5/1/2025,Need-Based: No
scholarships_html/scholarship-0388.html,Media Fellows Scholarship,Scholarships.com,$ 500,"June 30, 2025",
scholarships_html/scholarships360-2012.html,Sacramento Region Top Achiever Scholarship,,"$ 10,000",This scholarship might not currently be accepting applications. Most scholarship programs only accept applications a few months ahead of their annual deadline. We’ve estimated this deadline based on last year’s deadline,ship Earning this scholarship will help me achieve my educational and career goals by reducing the cost of my full-time tuition.
scholarships_html/scholarships360-2013.html,AZVT Laurie Page-Peck Scholarship,,"$ 10,000",This scholarship might not currently be accepting applications. Most scholarship programs only accept applications a few months ahead of their annual deadline. We’ve estimated this deadline based on last year’s deadline,ship Earning this scholarship will help me achieve my educational and career goals by reducing the cost of my full-time tuition.
scholarships_html/scholarship-1403.html,SCF Holland Scholarship,Scholarships.com,"Amount Varies Deadline: February 07, 2026 Awards Available: Varies Eligibility Criteria: GPA State Selection Selected Major(s) Artistic Ability Current Year in School County Selection Age Share: You May Also Like Niche $","February 07, 2026",
scholarships_html/scholarships360-1239.html,1 For 2 Education Foundation Scholarship,,"$ 10,000",This scholarship might not currently be accepting applications. Most scholarship programs only accept applications a few months ahead of their annual deadline. We’ve estimated this deadline based on last year’s deadline,ship Earning this scholarship will help me achieve my educational and career goals by reducing the cost of my full-time tuition.
scholarships_html/internationalscholarships-0425.html,MBA Scholarship,freenet Group,EU,27 July,1
scholarships_html/scholarships360-1098.html,Lawrence S. and Mabel Cooke Scholarship,,"$ 10,000",This scholarship might not currently be accepting applications. Most scholarship programs only accept applications a few months ahead of their annual deadline. We’ve estimated this deadline based on last year’s deadline,ship Earning this scholarship will help me achieve my educational and career goals by reducing the cost of my full-time tuition.
scholarships_html/bigfuture-0344.html,Rockefeller State Wildlife Scholarship,Louisiana Office of Student Financial Assistance,"$ 12,000",10/1/2024,Need-Based : No
scholarships_html/mastersportal-1515.html,Southampton MA Holocaust scholarships,University of Dundee,"£ 6,500",09 Sep 2025,"563 USD / year 1,563 USD / year Tuition unknown 60 months University of Dundee Online 1,563 USD / year 1,563 USD / year Tuition unknown 60 months Featured Historic Buildings M."
scholarships_html/scholarship-1885.html,The DYB Scholarship Program,Scholarships.com,"$ 2,000","March 01, 2026",
scholarships_html/bigfuture-0574.html,Scholarship,Hawaii Korean Chamber of Commerce,"$ 2,000",5/1/2025,Need-Based: Yes
scholarships_html/bigfuture-1995.html,Phillip A. and Betty M. Calabrese Scholarship,Johnson County Community College,Award Amount Varies,1/1/2025,Need-Based: No
scholarships_html/bigfuture-1714.html,Carroll E. Lewis Endowed Scholarship,Stetson University,Award Amount Varies,1/1/2025,Need-Based: Yes
scholarships_html/scholarships360-1022.html,Scott Campion Scholarship for Special Education Teacher,,"$ 10,000",This scholarship might not currently be accepting applications. Most scholarship programs only accept applications a few months ahead of their annual deadline. We’ve estimated this deadline based on last year’s deadline,ship Earning this scholarship will help me achieve my educational and career goals by reducing the cost of my full-time tuition.
scholarships_html/internationalscholarships-0599.html,A Partial Scholarship for a Master’s program at Audencia in France,Audencia Business School,700,"June 14th 2016, 22:59:59 UTC",3
scholarships_html/mastersportal-0524.html,Welcome Back International Scholarship,Murdoch University,"USD 21,770",30 Aug 2025,"ear Tuition unknown 12 months Curtin University Perth, Western Australia, Australia 21,770 USD / year 13,532 USD / year Tuition unknown 12 months Featured Agricultural Systems Major (MSc AgriFoodSecur) M."
scholarships_html/bigfuture-1907.html,Scholarship,The Clark Foundation,Award Amount Varies,1/1/2025,Need-Based: No
scholarships_html/scholarships360-1378.html,KBA Harry Barfield Scholarship,,"$ 10,000",This scholarship might not currently be accepting applications. Most scholarship programs only accept applications a few months ahead of their annual deadline. We’ve estimated this deadline based on last year’s deadline,ship Earning this scholarship will help me achieve my educational and career goals by reducing the cost of my full-time tuition.
scholarships_html/mastersportal-1700.html,Really Groovy Dance Scholarship,California State University Fullerton,"$ 1,000",03 Mar 2026,Multiple
scholarships_html/scholarship-0087.html,Acorn Equality Fund Scholarships,Scholarships.com,"$ 4,000","September 26, 2025",
scholarships_html/scholarships360-0748.html,Edward H. and Rosamond B. Spicer Travel Award,,"$ 10,000",This scholarship might not currently be accepting applications. Most scholarship programs only accept applications a few months ahead of their annual deadline. We’ve estimated this deadline based on last year’s deadline,"Scholarships360 Get matched with vetted scholarships and enter our $10,000 No-Essay Scholarship Please select whichever best describes you for the 2024 - 2025 academic year. I’m a high school student I’m a college or graduate student 100% Free. No Spam. Start"
scholarships_html/scholarship-0159.html,Mary Bowman Arts in Activism Award,Scholarships.com,"$ 5,000","June 30, 2025",Scholarships.com Students Scholarship Search College scholarships you qualify for. Scholarship Directory Find scholarships by category. Student Resources Top resources for your scholarship journey. Student Loans Explore loan options to help pay for college.
scholarships_html/bigfuture-1844.html,Betty Batson Bell Endowed Scholarship,Stetson University,Award Amount Varies,1/1/2025,Need-Based: Yes
scholarships_html/scholarships360-0090.html,Grocery Manufacturers Representatives Association (GMRA) Scholarship,,"$ 10,000",This scholarship might not currently be accepting applications. Most scholarship programs only accept applications a few months ahead of their annual deadline. We’ve estimated this deadline based on last year’s deadline,ship Earning this scholarship will help me achieve my educational and career goals by reducing the cost of my full-time tuition.
scholarships_html/internationalscholarships-1127.html,The Houston International Scholarship,SIT,,Unrestricted,Variable
scholarships_html/bigfuture-1273.html,Bob Feller Act of Valor Students of Military Families Scholarship,Bob Feller Act of Valor Award Foundation,,6/1/2025,
scholarships_html/scholarship-1544.html,HBCU Week x Michael S. Purzycki Changemaker Scholarship,Scholarships.com,"$ 10,000","February 17, 2026",
scholarships_html/bigfuture-0878.html,Yip Harburg Lyric Foundation/FFRF Scholarship,Secular Student Alliance,Award Amount Varies,4/1/2025,Need-Based : No
scholarships_html/scholarships360-1306.html,REC Community Scholarship,,"$ 10,000",This scholarship might not currently be accepting applications. Most scholarship programs only accept applications a few months ahead of their annual deadline. We’ve estimated this deadline based on last year’s deadline,ship Earning this scholarship will help me achieve my educational and career goals by reducing the cost of my full-time tuition.
scholarships_html/internationalscholarships-0401.html,Minot State Presidential Award,Minot State University,$ 500,Feb 15,Variable
scholarships_html/internationalscholarships-1159.html,Brazilian Scholars Award at,Schiller International University,One-quarter of tuition,Unrestricted,20
scholarships_html/internationalscholarships-0462.html,Einstein Fellowship,Daimler and Benz Foundation,0,"April 15, 2018",2019
scholarships_html/scholarship-0908.html,Architecture Foundation Diversity Advancement Scholarship,Scholarships.com,"$ 20,000","January 09, 2026","and the value of diversity in the profession The Diversity Advancement Scholarship was created in 1970 with an initial grant from the Ford Foundation, after civil rights leader Whitney Young Jr."
scholarships_html/internationalscholarships-0857.html,International Student Scholarship at,University of Alberta,"$ 1,500",,Variable
scholarships_html/internationalscholarships-0523.html,The Bita Daryabari Scholarship,Golden Gate University,"$ 3,000",July 15th,"If student is less than half-time in the last semester of the masters degree, the scholarship may not exceed 50% of tuition costs."
scholarships_html/mastersportal-1362.html,The Bea Scott Scholarship in Voice,University of Victoria,"USD 25,500",Anytime,ip in Voice View relevant masters Find related programmes Bachelor Phd Specific discipline Disciplines Various benefits Grant Canada Location Anytime Application deadline About UVic provides awards to graduate students of high academic standing.
scholarships_html/internationalscholarships-1346.html,Merit Awards,Monmouth University,"$ 3,500",August 1,Variable
scholarships_html/scholarships360-1994.html,Kenneth and Carrie Carns Nursing Scholarship,,"$ 10,000",This scholarship might not currently be accepting applications. Most scholarship programs only accept applications a few months ahead of their annual deadline. We’ve estimated this deadline based on last year’s deadline,ship Earning this scholarship will help me achieve my educational and career goals by reducing the cost of my full-time tuition.
scholarships_html/mastersportal-0088.html,George Mason Sustainable Land Use Scholarship,Massey University,"$ 25,000",10 Mar 2026,"21,496 USD / year Tuition unknown 12 months Victoria University of Wellington Wellington, New Zealand 21,496 USD / year Tuition unknown 12 months Featured Political Science M."
scholarships_html/scholarship-0660.html,Stephens College First-Year Scholarships,Scholarships.com,"$ 10,000","November 01, 2025",full tuition
scholarships_html/scholarship-1073.html,Harry Hampton Fund Scholarship,Scholarships.com,"$ 20,000","January 31, 2026",
scholarships_html/scholarship-1681.html,The Liminal Scholarship,Scholarships.com,$ 500,"February 28, 2026",
scholarships_html/internationalscholarships-0573.html,Edge International Scholarship,Weber State University,$8000,,Unlimited
scholarships_html/mastersportal-1661.html,Gulmon Family Scholarship,University of North Dakota,"$ 1,650",01 Mar 2026,Multiple
scholarships_html/bigfuture-1988.html,Lydia Theurer Pfund Endowed Scholarship,Stetson University,Award Amount Varies,1/1/2025,Need-Based: No
scholarships_html/scholarship-1901.html,Valent USA Tree Fruit Scholarship,Scholarships.com,"$ 10,000","March 01, 2026",
scholarships_html/bigfuture-0967.html,Scholarship,Imperial Valley Kennel Club,Award Amount Varies,6/1/2025,Need-Based: No
scholarships_html/scholarship-1409.html,Steve Wagner Scholarship,Scholarships.com,"$ 10,000","February 07, 2026",
scholarships_html/scholarships360-1698.html,Donald G. Brunner Education Scholarship,,"$ 10,000",This scholarship might not currently be accepting applications. Most scholarship programs only accept applications a few months ahead of their annual deadline. We’ve estimated this deadline based on last year’s deadline,ship Earning this scholarship will help me achieve my educational and career goals by reducing the cost of my full-time tuition.
scholarships_html/internationalscholarships-0664.html,Scholarship,School of Dentistry,"$ 4,643","years 7,500",
scholarships_html/bigfuture-0867.html,Corrine Williams Scholarship,California Academy of Nutrition and Dietetics,"$ 2,000",6/1/2025,Need-Based: Yes
scholarships_html/mastersportal-2050.html,Travelport Canada Award,Algonquin College,"USD 28,848",Not specified,"ition unknown 24 months University of Greenwich Blackheath, England, United Kingdom 28,848 USD / year 22,735 USD / year Tuition unknown 24 months Featured International Tourism, Hospitality and Events Management with Advanced Research M."
scholarships_html/mastersportal-1937.html,Karoline J. Prevette Scholarship Fund,Central Michigan University,unknown,Not specified,Multiple
scholarships_html/bigfuture-0741.html,Peter Figge Memorial Scholarship,Monterey County Vintners and Growers Association,Award Amount Varies,5/1/2025,Need-Based: No
scholarships_html/scholarships360-1833.html,Matthew G. Miner Scholarship for Thomas Worthington High School,,"$ 10,000",This scholarship might not currently be accepting applications. Most scholarship programs only accept applications a few months ahead of their annual deadline. We’ve estimated this deadline based on last year’s deadline,ship Earning this scholarship will help me achieve my educational and career goals by reducing the cost of my full-time tuition.
scholarships_html/bigfuture-0198.html,"G.W. ""Bill"" McCall Endowed Scholarship",Broward College,Award Amount Varies,1/1/2025,Need-Based: No
scholarships_html/scholarships360-0285.html,John Santos Distinguished Program Development in Clinical Gerontology Award,,"$ 10,000","April 1, 2026","Scholarships360 Get matched with vetted scholarships and enter our $10,000 No-Essay Scholarship Please select whichever best describes you for the 2024 - 2025 academic year. I’m a high school student I’m a college or graduate student 100% Free. No Spam. Start"
scholarships_html/mastersportal-0905.html,Tim Byrne Memorial Scholarship,Athabasca University,"$ 1,000",Not specified,Multiple
scholarships_html/bigfuture-0263.html,Nathan and Rhea Gilson Memorial Music Endowed Scholarship,Broward College,Award Amount Varies,1/1/2025,Need-Based: No
scholarships_html/bigfuture-1029.html,Joan G. Haworth Graduate Scholarship in Economics,Florida State University,Award Amount Varies,6/1/2025,Need-Based: No
scholarships_html/mastersportal-0477.html,Universitas 21 Alumni Scholarship,University College Dublin,"€ 4,000",Not specified,"ear 8,853 USD / year Tuition unknown 12 months University College Cork Cork, Ireland 21,260 USD / year 8,853 USD / year Tuition unknown 12 months Featured Business Translation and Intercultural Communication in English and Spanish M."
scholarships_html/scholarships360-1395.html,San Luis Obispo County Bar Association (SLOCBA) Scholarship,,"$ 10,000",This scholarship might not currently be accepting applications. Most scholarship programs only accept applications a few months ahead of their annual deadline. We’ve estimated this deadline based on last year’s deadline,ship Earning this scholarship will help me achieve my educational and career goals by reducing the cost of my full-time tuition.
scholarships_html/scholarship-1985.html,Classic Center Cultural Foundation Visual Arts Scholarship,Scholarships.com,"$ 2,000","March 07, 2026",
scholarships_html/internationalscholarships-1450.html,ENIA Project - Petroleum Engineering,ENIA Exploration & Production Division and ENI Corporate University,"10,000",May 10,Variable
scholarships_html/mastersportal-1827.html,Dr. Johnnie and Diane Early Leadership Fund,The University of Toledo,unknown,01 Mar 2026,"/ year 8,751 USD / year Tuition unknown 36 months The University of Edinburgh Online 8,751 USD / year 8,751 USD / year Tuition unknown 36 months Featured Physician Associate Studies M."
scholarships_html/bigfuture-0187.html,Handleman Family Memorial Endowed Scholarship,Broward College,Award Amount Varies,1/1/2025,Need-Based : No
scholarships_html/scholarship-2196.html,SWIEF Scholarships,Scholarships.com,"$ 7,500","March 15, 2026",
scholarships_html/scholarships360-0329.html,Tzu Chi USA Scholarship,,"$ 10,000","March or April (depends on region) Start Applying Scholarship Overview Are you passionate about community service and giving back? If so, the Tzu Chi USA Scholarship may be a good fit for you! This scholarship is funded",ship Earning this scholarship will help me achieve my educational and career goals by reducing the cost of my full-time tuition.
scholarships_html/mastersportal-0762.html,Damm Foundation Grant,UIC Barcelona,"€ 3,000",Not specified,Multiple
scholarships_html/mastersportal-1197.html,Alumni Discount,University of Warwick,"USD 41,143",Anytime,"University of Warwick awards scholarships, bursaries, tuition fee reductions and discounts that help you cover existing tuition and living costs."
scholarships_html/scholarships360-1034.html,NASA’s Virginia Space Grant Consortium Undergraduate STEM Research Scholarships,,"$ 10,000",This scholarship might not currently be accepting applications. Most scholarship programs only accept applications a few months ahead of their annual deadline. We’ve estimated this deadline based on last year’s deadline,"about this scholarship? For any questions regarding this scholarship application, please contact NASA's Virginia Space Grant Consortium at spauls@odu."
scholarships_html/bigfuture-0397.html,Fee Assistance Grant,Chickasaw Nation,Award Amount Varies,7/1/2024,Need-Based: No
scholarships_html/mastersportal-2066.html,Bruce Crockett Memorial Award,Algonquin College,"USD 22,220",Not specified,Multiple
scholarships_html/scholarships360-0608.html,Greenhouse Scholars Program,,"$ 10,000",This scholarship might not currently be accepting applications. Most scholarship programs only accept applications a few months ahead of their annual deadline. We’ve estimated this deadline based on last year’s deadline,ship Earning this scholarship will help me achieve my educational and career goals by reducing the cost of my full-time tuition.
scholarships_html/scholarships360-1001.html,Lee Foundation Scholarship Fund,,"$ 10,000",This scholarship might not currently be accepting applications. Most scholarship programs only accept applications a few months ahead of their annual deadline. We’ve estimated this deadline based on last year’s deadline,ship Earning this scholarship will help me achieve my educational and career goals by reducing the cost of my full-time tuition.
scholarships_html/scholarship-1924.html,Joseph James Morelli Legacy Foundation Scholarship,Scholarships.com,"$ 2,500","March 02, 2026",
scholarships_html/internationalscholarships-1294.html,Bari PhD Studentship In Mathematics Reserved To Foreign Students,University of,13.638,December 22,3
scholarships_html/mastersportal-2083.html,Registered Practical Nurses Association of Ontario (R.P.N.A.O.) Award for Student Excellence (Non-Monetary),Algonquin College,USD 603,Not specified,03 USD / module Tuition unknown 12 months University of Tulsa Online 603 USD / module 603 USD / module 603 USD / module Tuition unknown 12 months Featured Nursing (Adult) M.
scholarships_html/scholarship-0349.html,Indiana University Herbert Presidential Scholarship,Scholarships.com,"$ 46,000","November 01, 2025",
scholarships_html/scholarship-1914.html,Yitzhak D Stern Grant,Scholarships.com,"$ 1,000","March 01, 2026",Yitzhak D Stern Grant - Scholarships.
scholarships_html/bigfuture-1875.html,Lynn Ann Musco Endowed Clarinet Scholarship,Stetson University,Award Amount Varies,1/1/2025,Need-Based: No
scholarships_html/scholarship-0565.html,Virginia Tuition Assistance Grant Program,Scholarships.com,"$ 12,750","September 15, 2025",Virginia Tuition Assistance Grant Program - Scholarships.
scholarships_html/mastersportal-0093.html,Oxford-Pershing Square Graduate Scholarships,University of Oxford,"£ 20,870",06 Jan 2026,Full tuition
scholarships_html/bigfuture-2055.html,Milam Family First Generation Scholarship,Florida International University,"$ 2,500",1/1/2025,Need-Based: Yes
scholarships_html/scholarship-0688.html,Field Museum Research Scholarships & Grants,Scholarships.com,"$ 32,000","November 08, 2025",
scholarships_html/scholarships360-1525.html,The David & Dovetta Wilson Scholarship,,"$ 10,000",This scholarship might not currently be accepting applications. Most scholarship programs only accept applications a few months ahead of their annual deadline. We’ve estimated this deadline based on last year’s deadline,ship Earning this scholarship will help me achieve my educational and career goals by reducing the cost of my full-time tuition.
scholarships_html/internationalscholarships-0342.html,Business Scholarship,1st Formations,£ 600,May 31,10
scholarships_html/internationalscholarships-0306.html,Scholarship,Association For Women In Architecture,"$ 1,000",April 25,3
scholarships_html/mastersportal-1037.html,Scholarships offered by the Romanian state through the MFA,Ministry of Education / Ministry of Foreign Affairs,"USD 37,316",30 Jun 2025,Multiple
scholarships_html/scholarship-1034.html,R. Gene and Nancy D. Richter Foundation,Scholarships.com,"$ 15,000","January 24, 2026",
scholarships_html/internationalscholarships-0823.html,Level Summer Enrichment Fellowships,Abbey Road Programs INC,$ 500,April 15th,10
scholarships_html/scholarships360-0824.html,Peoria Area Amateur Radio Club Scholarship,,"$ 10,000",This scholarship might not currently be accepting applications. Most scholarship programs only accept applications a few months ahead of their annual deadline. We’ve estimated this deadline based on last year’s deadline,ship Earning this scholarship will help me achieve my educational and career goals by reducing the cost of my full-time tuition.
scholarships_html/scholarship-0930.html,Leadership for the 21st Century Scholarships,Scholarships.com,"$ 2,500","January 12, 2026",
scholarships_html/internationalscholarships-1477.html,Doctoral Dissertation Research Grant (HUD),"United States Department of Housing and Urban Development, Office of Policy Deve",$,January 15,15
scholarships_html/bigfuture-0007.html,Ursula Davidson Endowed Scholarship,Broward College,Award Amount Varies,1/1/2025,Need-Based: Yes
scholarships_html/mastersportal-0717.html,Postgraduate Merit Scholarship,University of Gloucestershire,"£ 5,000",Not specified,"out University of Gloucestershire offers funding options for international students, including scholarships, awards and tuition fees."
scholarships_html/mastersportal-0693.html,Advanced Global Studies Scholarship,Università Cattolica del Sacro Cuore,"€ 5,000",29 Oct 2025,"D / year Tuition unknown 12 months Istituto Europeo Di Design (IED) Florence, Italy 23,805 USD / year 23,805 USD / year Tuition unknown 12 months Featured Agricultural Engineering M."
scholarships_html/bigfuture-1280.html,Professional Development Scholarship,AHL,Award Amount Varies,10/7/2024,Need-Based: No
scholarships_html/mastersportal-0875.html,DACA Dreamer Scholarship,Vasquez Law Firm,"$ 1,000",27 Nov 2025,full Tuition
scholarships_html/mastersportal-0676.html,Amber Scholarship For September Intake,Amber Student,"$ 7,000",31 Aug 2025,USD / module 844 USD / module Tuition unknown 40 months De Montfort University Online 844 USD / module 844 USD / module Tuition unknown 40 months Featured Laws of England and Wales LL.
scholarships_html/scholarships360-0005.html,"""Pen to Paper"" Scholarship for Storytellers - Scholarships360",,"$ 10,000","June 30, 2025",ship Earning this scholarship will help me achieve my educational and career goals by reducing the cost of my full-time tuition.
scholarships_html/scholarships360-0222.html,Sloane Stephens Doc & Glo Scholarship,"San Marcos San Marcos, CA Chelsea Brooks Paine College Augusta, GA Jered Wilson Xavier University of Louisiana Red Oak, TX Brooke Anderson Howard University St Louis, MO Finalists","$ 15,000","Sep 2, 2025","They put their dreams and plans aside to afford the $30,000 yearly tuition, including selling their home, downsizing, and moving into a shared space with our family."
scholarships_html/mastersportal-2036.html,IESE Young Leaders in Africa Scholarship,IESE Business School,"USD 45,800",Anytime,"ition unknown 12 months WMG University of Warwick Coventry, England, United Kingdom 45,800 USD / year 24,974 USD / year Tuition unknown 12 months Airport Planning and Management M."
scholarships_html/scholarships360-1787.html,Alexander Christian Foundation of Indiana Scholarship,,"$ 10,000",This scholarship might not currently be accepting applications. Most scholarship programs only accept applications a few months ahead of their annual deadline. We’ve estimated this deadline based on last year’s deadline,ship Earning this scholarship will help me achieve my educational and career goals by reducing the cost of my full-time tuition.
scholarships_html/scholarship-1676.html,SVCF On Your Own Scholarship,Scholarships.com,"$ 16,000","February 28, 2026",
scholarships_html/bigfuture-1299.html,Ryder-Benjamin Endowed Scholarship,Barry University,"$ 3,594.4",1/15/2025,Need-Based: No
scholarships_html/scholarship-0987.html,SMU President's Scholar Award,Scholarships.com,"$ 268,160","January 15, 2026",Scholarships.com Students Scholarship Search College scholarships you qualify for. Scholarship Directory Find scholarships by category. Student Resources Top resources for your scholarship journey. Student Loans Explore loan options to help pay for college.
scholarships_html/mastersportal-1495.html,HCI Skills Gateway scholarships,The University of Edinburgh,"£ 9,000",31 Jul 2025,Multiple
scholarships_html/mastersportal-1025.html,MBA Student Scholarship – International,University of Queensland,"USD 21,918",30 Nov 2025,"ear Tuition unknown 12 months Curtin University Perth, Western Australia, Australia 21,918 USD / year 13,624 USD / year Tuition unknown 12 months Featured Agricultural Systems Major (MSc AgriFoodSecur) M."
scholarships_html/mastersportal-0199.html,Ngā Manu Trust Research Scholarship,Massey University,"$ 3,000",30 Jun 2025,"21,496 USD / year Tuition unknown 12 months Victoria University of Wellington Wellington, New Zealand 21,496 USD / year Tuition unknown 12 months Featured Political Science M."
scholarships_html/bigfuture-0554.html,Blosser Family Endowed Scholarship,Broward College,Award Amount Varies,1/1/2025,Need-Based: No
scholarships_html/bigfuture-1372.html,J.D. Carroll Trust Scholarship,University of West Florida,Award Amount Varies,3/1/2025,Need-Based: No
scholarships_html/mastersportal-1582.html,e-fellows Part-time MBA Scholarship,ESMT Berlin,"€ 4,000",Anytime,"ESMT Berlin awards scholarships, bursaries, tuition fee reductions and discounts that help you cover existing tuition and living costs."
scholarships_html/mastersportal-0135.html,UQ PhD Industry Placement Scholarship,University of Queensland,"$ 8,400",Not specified,"nknown 24 months Australian Catholic University (ACU) Melbourne, Victoria, Australia 17,460 USD / year 6,083 USD / year Tuition unknown 24 months Featured Agricultural Systems Major (MSc AgriFoodSecur) M."
scholarships_html/scholarships360-1554.html,Gordon A. Rich Memorial Scholarship,,"$ 10,000",This scholarship might not currently be accepting applications. Most scholarship programs only accept applications a few months ahead of their annual deadline. We’ve estimated this deadline based on last year’s deadline,ship Earning this scholarship will help me achieve my educational and career goals by reducing the cost of my full-time tuition.
scholarships_html/bigfuture-0219.html,Radiology Assoc. Scholarship in Memory of Jeffrey Rippstein,Broward College,Award Amount Varies,1/1/2025,Need-Based: No
scholarships_html/internationalscholarships-0122.html,Graduate Research Assistant,National Research Foundation of Korea,"1,300,000",ASAP,2
scholarships_html/bigfuture-0632.html,Monetary Award Program,Illinois Student Assistance Commission,Award Amount Varies,10/1/2024,Need-Based: Yes
scholarships_html/scholarship-0536.html,Rolando Jimenez Scholarship Fund,Scholarships.com,"$ 6,000","August 31, 2025",
scholarships_html/scholarships360-0469.html,9 Scholarship,,"$ 10,000",This scholarship might not currently be accepting applications. Most scholarship programs only accept applications a few months ahead of their annual deadline. We’ve estimated this deadline based on last year’s deadline,Students must not be eligible to receive a federal Pell Grant.
scholarships_html/scholarship-1287.html,Bernie Smillie Memorial Scholarship - HVACR Program,Scholarships.com,"Amount Varies Deadline: February 07, 2026 Awards Available: Varies Eligibility Criteria: State Selection Selected Major(s) Current Year in School College Selection College Selection State County Selection Age Share: You","February 07, 2026",
scholarships_html/scholarship-1752.html,Goya Foods Culinary Arts Scholarship Program,Scholarships.com,"$ 20,000","March 01, 2026",
scholarships_html/scholarship-1161.html,Charles Lee Anderson Memorial Scholarship,Scholarships.com,"$ 10,000","February 01, 2026",
scholarships_html/scholarships360-2126.html,Kate Parks Kitchin Scholarship,,"$ 10,000",This scholarship might not currently be accepting applications. Most scholarship programs only accept applications a few months ahead of their annual deadline. We’ve estimated this deadline based on last year’s deadline,ship Earning this scholarship will help me achieve my educational and career goals by reducing the cost of my full-time tuition.
scholarships_html/bigfuture-1890.html,Women’s Legacy Scholarship,Fort Myers Technical College,Award Amount Varies,1/1/2025,Need-Based: Yes
scholarships_html/scholarship-1761.html,GRCF Christine Soper Scholarship,Scholarships.com,"$ 5,000","March 01, 2026",
scholarships_html/bigfuture-0131.html,E.H. Marth Scholarship,Wisconsin Association for Food Protection,"$ 3,000",4/30/2025,Need-Based : Yes
scholarships_html/scholarship-0545.html,Tennessee HOPE Scholarship,Scholarships.com,"$ 20,400","September 01, 2025",
scholarships_html/scholarship-0390.html,Adam Ferrari Health Science Scholarship,Scholarships.com,"$ 20,000","July 13, 2025",
scholarships_html/scholarships360-0073.html,Deloitte Foundation Scholarship,,"$ 10,000","June 30, 2025",ship Earning this scholarship will help me achieve my educational and career goals by reducing the cost of my full-time tuition.
scholarships_html/scholarships360-0554.html,"Jerry Alexander Gorman Foundation “The Passion to Succeed” Cosmetology, Hair Design or Barbering Student Scholarship",,"$ 10,000",This scholarship might not currently be accepting applications. Most scholarship programs only accept applications a few months ahead of their annual deadline. We’ve estimated this deadline based on last year’s deadline,ship Earning this scholarship will help me achieve my educational and career goals by reducing the cost of my full-time tuition.
scholarships_html/bigfuture-1850.html,David and Leighan Rinker Endowment for International Travel,Stetson University,Award Amount Varies,1/1/2025,Need-Based: No
scholarships_html/mastersportal-2031.html,ESSEC Academic Excellence,ESSEC Business School,"USD 1,712",Not specified,"/ module 1,712 USD / module Tuition unknown 60 months University of Dundee Online 1,712 USD / module 1,712 USD / module Tuition unknown 60 months Featured Mechanical Engineering with Management M."
scholarships_html/bigfuture-0321.html,Zonta Club of Greater Deerfield Beach Scholarship,Brow,Award Amount Varies,1/1/2025,Need-Based: No
scholarships_html/mastersportal-1287.html,Agency for Education and Internationalisation,,"EUR 1,300",01 Feb 2026,Multiple
scholarships_html/internationalscholarships-0381.html,EEA,Tilburg School of Economics and Management,10.000,Jan 3,3
scholarships_html/scholarship-1540.html,Farr Brothers (Rotary) Scholarships,Scholarships.com,"$ 1,500","February 17, 2026",
scholarships_html/scholarship-1674.html,SVCF Leo and Trinidad Sanchez Scholarship,Scholarships.com,"$ 4,500","February 28, 2026",
scholarships_html/bigfuture-0167.html,Scholarship,Willamette Valley Agriculture Association,Award Amount Varies,12/1/2024,Need-Based : No
scholarships_html/internationalscholarships-0211.html,International,Ohio Dominican University,"$ 15,000",,Not specified
scholarships_html/internationalscholarships-0508.html,Women in Architecture Scholarship,Houzz,2000,of July,1
scholarships_html/scholarship-1983.html,CLARK Scholars Scholarship,Scholarships.com,"$ 4,000","March 07, 2026",
scholarships_html/mastersportal-1169.html,UCD Alumni Tuition Reduction,University College Dublin,"USD 12,240",Anytime,"ear 8,902 USD / year Tuition unknown 12 months University College Cork Cork, Ireland 21,375 USD / year 8,902 USD / year Tuition unknown 12 months Featured Business Translation and Intercultural Communication in English and Spanish M."
scholarships_html/scholarships360-1456.html,Andersen-Spraberry – Perry High School Scholarship,,"$ 10,000",This scholarship might not currently be accepting applications. Most scholarship programs only accept applications a few months ahead of their annual deadline. We’ve estimated this deadline based on last year’s deadline,ship Earning this scholarship will help me achieve my educational and career goals by reducing the cost of my full-time tuition.
scholarships_html/mastersportal-1448.html,INSEAD MBA’92J Lynn Busteed and Friends Endowed Scholarship,INSEAD - The Business School for the World,"€ 15,000",Not specified,one
scholarships_html/mastersportal-1470.html,Two-Eyed Seeing/Etuaptmumk Indigenous Scholarship,University of Guelph,"$ 10,000",15 Feb 2026,full Tuition
scholarships_html/mastersportal-1182.html,Scholarships for VMU Bachelor's/Master’s Graduates,Vytautas Magnus University,"USD 6,378",Not specified,"USD / year 6,209 USD / year Tuition unknown 24 months VILNIUS TECH Vilnius, Lithuania 6,378 USD / year 6,209 USD / year Tuition unknown 24 months Featured Applied Chemistry M."
scholarships_html/scholarship-0358.html,SLU Presidential Scholarship,Scholarships.com,"$ 273,800","December 01, 2025",This competitive award covers the full cost of tuition for 10 consecutive full-time (up to 18 credit hours) fall and spring semesters.
scholarships_html/internationalscholarships-0988.html,NY Outreach Grants,International House New York,$ 500,March 12,Variable
scholarships_html/internationalscholarships-1349.html,Feodor-lynen Research Fellowships,Alexander von Humboldt Foundation (AvH),Variable,Unrestricted,200
scholarships_html/internationalscholarships-0262.html,SCHOLARSHIP PROGRAM FOR VISUAL ART STUDENTS IN USA AND CANADA,Uber Clone App,$,May,1
scholarships_html/mastersportal-0521.html,Family Scholarship (International),University of Adelaide,"USD 21,770",Anytime,"ear Tuition unknown 12 months Curtin University Perth, Western Australia, Australia 21,770 USD / year 13,532 USD / year Tuition unknown 12 months Featured Agricultural Systems Major (MSc AgriFoodSecur) M."
scholarships_html/scholarships360-1149.html,Garden Club of America Montine M. Freeman Scholarship in Native Plant Studies,,"$ 10,000",This scholarship might not currently be accepting applications. Most scholarship programs only accept applications a few months ahead of their annual deadline. We’ve estimated this deadline based on last year’s deadline,ship Earning this scholarship will help me achieve my educational and career goals by reducing the cost of my full-time tuition.
scholarships_html/scholarship-1033.html,Marjorie Stonehill English Journalism and Creative Arts Scholarship,Scholarships.com,"$ 3,000","January 24, 2026",
scholarships_html/mastersportal-0690.html,NL Scholarship,Radboud University,"€ 5,000",31 Jan 2026,"r 3,050 USD / year Tuition unknown 24 months Utrecht University Utrecht, Netherlands 28,650 USD / year 3,050 USD / year Tuition unknown 24 months Featured Business Administration - Finance M."
scholarships_html/scholarships360-0401.html,Norman K. Russell Scholarships,,"$ 10,000",This scholarship might not currently be accepting applications. Most scholarship programs only accept applications a few months ahead of their annual deadline. We’ve estimated this deadline based on last year’s deadline,ship Earning this scholarship will help me achieve my educational and career goals by reducing the cost of my full-time tuition.
scholarships_html/mastersportal-0363.html,The Adlerbert Study Scholarships,Chalmers University of Technology,"USD 11,611",Not specified,Multiple
scholarships_html/mastersportal-1783.html,Elsevier Health Science Scholarship (Non-Monetary),Algonquin College,USD 603,Not specified,03 USD / module Tuition unknown 12 months University of Tulsa Online 603 USD / module 603 USD / module 603 USD / module Tuition unknown 12 months Featured Nursing (Adult) M.
scholarships_html/bigfuture-1068.html,DC,District of Columbia Office of the State Superintendent of Education,"$ 50,000",2/1/2025,Need-Based : No
scholarships_html/scholarship-1835.html,Lipscomb University Scout Award,Scholarships.com,"$ 10,000","March 01, 2026",Scholarships.com Students Scholarship Search College scholarships you qualify for. Scholarship Directory Find scholarships by category. Student Resources Top resources for your scholarship journey. Student Loans Explore loan options to help pay for college.
scholarships_html/bigfuture-1451.html,Automotive Scholarship Program,American Muscle,"$ 2,500",4/15/2025,Need-Based: No
scholarships_html/scholarships360-1548.html,Kosciuszko Foundation Tuition Scholarship Program,,"$ 10,000",This scholarship might not currently be accepting applications. Most scholarship programs only accept applications a few months ahead of their annual deadline. We’ve estimated this deadline based on last year’s deadline,"Thus, each year, the Kosciuszko Foundation Tuition Scholarship Program awards up to $12,000 to multiple graduate students of Polish descent studying in the U."
scholarships_html/bigfuture-0361.html,United Faculty of Florida Endowed Scholarship,Broward College,Award Amount Varies,1/1/2025,Need-Based: Yes
scholarships_html/bigfuture-0177.html,Madalyn Taitelbaum Memorial Endowed Scholarship,Broward College,Award Amount Varies,1/1/2025,Need-Based: No
scholarships_html/mastersportal-1686.html,Anthony Karpicius Scholarship,University of Northern British Columbia,"$ 1,200",01 Apr 2026,"USD / year Tuition unknown 18 months Massey University Palmerston North, New Zealand 20,053 USD / year 4,020 USD / year Tuition unknown 18 months Sustainable Agriculture and Food Security M."
scholarships_html/mastersportal-1451.html,FUNED scholarship,University of Strathclyde,"£ 15,000",Not specified,"University of Strathclyde awards scholarships, bursaries, tuition fee reductions and discounts that help you cover existing tuition and living costs."
scholarships_html/mastersportal-1529.html,MBA Impact Scholarship,University of Sussex,"£ 5,000",01 Dec 2025,"University of Sussex awards scholarships, bursaries, tuition fee reductions and discounts that help you cover existing tuition and living costs."
scholarships_html/internationalscholarships-1227.html,Merit Scholarship,The Art Institute of Boston,"$ 2,000",15,30
scholarships_html/internationalscholarships-1134.html,Scholarship-essay Contest,Robert Welch University,"$ 8,500",June 30,10
scholarships_html/scholarships360-0060.html,NFDMA Women’s Auxiliary Scholarship,,"$ 10,000","June 30, 2025",ship Earning this scholarship will help me achieve my educational and career goals by reducing the cost of my full-time tuition.
scholarships_html/scholarships360-0348.html,UChicago Odyssey Scholarship Program,,"$ 10,000","Rolling Start Applying Scholarship Overview The UChicago Odyssey Scholarship Program, for over 15 years now, has provided enhanced academic, social, and career support to students who are from lower-income families or th",ship Earning this scholarship will help me achieve my educational and career goals by reducing the cost of my full-time tuition.
scholarships_html/scholarships360-0827.html,L. Phil and Alice J. Wicker Scholarship,,"$ 10,000",This scholarship might not currently be accepting applications. Most scholarship programs only accept applications a few months ahead of their annual deadline. We’ve estimated this deadline based on last year’s deadline,ship Earning this scholarship will help me achieve my educational and career goals by reducing the cost of my full-time tuition.
scholarships_html/scholarships360-0276.html,Bronx Injury Lawyers P.C. Essay Contest,,$ 500,"December 31, 2025",ship Earning this scholarship will help me achieve my educational and career goals by reducing the cost of my full-time tuition.
scholarships_html/scholarship-1052.html,Brent P. Poor Memorial Scholarship,Scholarships.com,"$ 8,000","January 31, 2026","This scholarship, established by his wife, honors his memory by offering college tuition assistance to children who have lost a parent."
scholarships_html/scholarship-1127.html,Toshiba/NSTA ExploraVision Science Competition,Scholarships.com,"$ 10,000","January 31, 2026",
scholarships_html/scholarships360-1993.html,American Rental Association Foundation Scholarships,,"$ 10,000",This scholarship might not currently be accepting applications. Most scholarship programs only accept applications a few months ahead of their annual deadline. We’ve estimated this deadline based on last year’s deadline,ship Earning this scholarship will help me achieve my educational and career goals by reducing the cost of my full-time tuition.
scholarships_html/scholarship-1746.html,FFC Scholarship,Scholarships.com,"$ 5,000","March 01, 2026",
scholarships_html/scholarship-1485.html,Connecticut Roberta B. Willis Need-Based Grant,Scholarships.com,"$ 18,000","February 15, 2026",Willis Need-Based Grant - Scholarships.
scholarships_html/internationalscholarships-1556.html,Bridging Project,American Association of Teachers of Japanese,"$ 2,500",April 3,45
scholarships_html/scholarships360-1912.html,Hyannis Fire Department Educational Scholarship,,"$ 10,000",This scholarship might not currently be accepting applications. Most scholarship programs only accept applications a few months ahead of their annual deadline. We’ve estimated this deadline based on last year’s deadline,ship Earning this scholarship will help me achieve my educational and career goals by reducing the cost of my full-time tuition.
scholarships_html/scholarship-1519.html,TAPPI Awards and Scholarships,Scholarships.com,"$ 5,000","February 15, 2026",
scholarships_html/bigfuture-1464.html,Christian and Shanna Brown Veteran Success Last Mile Scholarship,University of South Florida,Award Amount Varies,12/1/2024,Need-Based: No
scholarships_html/scholarship-1942.html,Friends of the California State Fair Scholarship Program,Scholarships.com,"$ 2,500","March 03, 2026",
scholarships_html/scholarship-1459.html,American Council of the Blind Scholarship,Scholarships.com,"$ 7,500","February 14, 2026","This program awards students with scholarships to help with post-secondary education financial needs such as tuition, fees, room and board and other additional costs associated with adaptive technology."
scholarships_html/scholarships360-1214.html,A.D. and Peggy Hewlett and Colonel David R. Inman Medical Scholarship,,"$ 10,000",This scholarship might not currently be accepting applications. Most scholarship programs only accept applications a few months ahead of their annual deadline. We’ve estimated this deadline based on last year’s deadline,ship Earning this scholarship will help me achieve my educational and career goals by reducing the cost of my full-time tuition.
scholarships_html/scholarships360-1911.html,Art Kleppen Family – CK Worldwide Scholarship,,"$ 10,000",This scholarship might not currently be accepting applications. Most scholarship programs only accept applications a few months ahead of their annual deadline. We’ve estimated this deadline based on last year’s deadline,ship Earning this scholarship will help me achieve my educational and career goals by reducing the cost of my full-time tuition.
scholarships_html/mastersportal-2082.html,Ottawa Association of Law Clerks Award,Algonquin College,"USD 23,285",Not specified,"USD / year 23,285 USD / year Tuition unknown 24 months ESMT Berlin Berlin, Germany 23,285 USD / year 23,285 USD / year Tuition unknown 24 months Featured Business Administration - Finance M."
scholarships_html/scholarship-2162.html,Louis C. & Amy E. Nuernberger Memorial Scholarship,Scholarships.com,"$ 8,000","March 15, 2026",
scholarships_html/mastersportal-1759.html,Morrison History Scholarship,University of Northern British Columbia,$ 500,01 Apr 2026,"year 6 USD / year Tuition unknown 12 months Jawaharlal Nehru University New Delhi, India 3,000 USD / year 6 USD / year Tuition unknown 12 months Hudson Strode Program in Renaissance Studies M."
scholarships_html/scholarship-0550.html,Armenian American Medical Society Scholarship,Scholarships.com,"$ 5,000","September 07, 2025",
scholarships_html/mastersportal-1220.html,Olive Allen McKibben Scholarship Fund,Central Michigan University,unknown,Not specified,full Tuition
scholarships_html/internationalscholarships-1233.html,Gwendolen M Carter/pas-nu Fellowships,Northwestern University,"$ 25,800",January 15,3
scholarships_html/scholarships360-1153.html,Honda Excellence in Manufacturing Scholarship,,"$ 10,000",This scholarship might not currently be accepting applications. Most scholarship programs only accept applications a few months ahead of their annual deadline. We’ve estimated this deadline based on last year’s deadline,ship Earning this scholarship will help me achieve my educational and career goals by reducing the cost of my full-time tuition.
scholarships_html/internationalscholarships-0798.html,Scholarship,TUMS Virtual School,"$ 4,643",Rolling Admission,
scholarships_html/mastersportal-0742.html,Excellence Scholarship,University of Central Lancashire (UCLan),"£ 3,500",Anytime,"17,628 USD / year Tuition unknown 12 months Queen Mary University of London Online 49,730 USD / year 17,628 USD / year Tuition unknown 12 months Featured Computer Science (Conversion) M."
scholarships_html/scholarships360-1740.html,Sarasota Manatee Council,,"$ 10,000",This scholarship might not currently be accepting applications. Most scholarship programs only accept applications a few months ahead of their annual deadline. We’ve estimated this deadline based on last year’s deadline,ship Earning this scholarship will help me achieve my educational and career goals by reducing the cost of my full-time tuition.
scholarships_html/mastersportal-2011.html,Entrepreneurship Scholarship,London Business School,"USD 23,285",Anytime,"London Business School awards scholarships, bursaries, tuition fee reductions and discounts that help you cover existing tuition and living costs."
scholarships_html/bigfuture-1990.html,The Jorge and Darlene Pérez Excellence Award,Florida International University,"$ 10,000",1/1/2025,Need-Based: No
scholarships_html/scholarships360-0334.html,Ibn Battuta Scholarship,,"$ 10,000","Varies Start Applying Scholarship Overview Are you passionate about studying the Arabic language and the promotion of it as a foreign language? If so, you may be eligible for the Ibn Battuta Scholarship ! The Ibn Battuta","To promote the study of Arabic, each semester, the scholarship awards five (5) full scholarships covering all tuition and housing costs and ten (10) partial scholarships covering only tuition for students for the duration of the program."
scholarships_html/bigfuture-1541.html,James and Darcel Stewart Endowed Scholarship,University of South Florida,Award Amount Varies,12/1/2024,Need-Based: No
scholarships_html/mastersportal-1816.html,Dr. William A. Blank Scholarship,The University of Toledo,unknown,01 Mar 2026,"17,652 USD / year Tuition unknown 12 months Queen Mary University of London Online 49,797 USD / year 17,652 USD / year Tuition unknown 12 months Featured Disaster Medicine M."
scholarships_html/bigfuture-1417.html,Maygarden Family Scholarship,University,Award Amount Varies,3/1/2025,Need-Based: No
scholarships_html/internationalscholarships-0160.html,Scholarship Essay Competition,Reach Cambridge,Full Scholarship & Part Scholarship,15 and 17,10
scholarships_html/scholarship-1687.html,Logo Design Competition Scholarship,Scholarships.com,$ 1,"February 28, 2026",
scholarships_html/bigfuture-0573.html,Education Scholarship,Wisconsin National Guard Association,"$ 1,000",5/1/2025,Need-Based: No
scholarships_html/bigfuture-1003.html,Phi Theta Kappa Scholarship,Mississippi State University,Award Amount Varies,8/5/2024,Need-Based: No
scholarships_html/bigfuture-1171.html,Bryce Thomson Scholarship,The Columbus Foundation,"$ 5,000",12/1/2024,Need-Based : No
scholarships_html/scholarship-1172.html,Eastern Oregon University Scholar Award,Scholarships.com,"$ 12,000","February 01, 2026",Scholarships.com Students Scholarship Search College scholarships you qualify for. Scholarship Directory Find scholarships by category. Student Resources Top resources for your scholarship journey. Student Loans Explore loan options to help pay for college.
scholarships_html/scholarship-2008.html,Eda and Cliff Viner Community Scholarship,Scholarships.com,"$ 10,000","March 08, 2026","The scholarship will cover tuition and room & board expenses that are not already covered by other financial aid, up to $10k per year."
scholarships_html/scholarship-1355.html,"Lee Essie and Charlie McMillan, Jr. Military Scholarship",Scholarships.com,"Amount Varies Deadline: February 07, 2026 Awards Available: Varies Eligibility Criteria: GPA Financial Aid Status Military Veteran Status State Selection Current Year in School County Selection Age Share: You May Also Li","February 07, 2026",
scholarships_html/scholarship-1329.html,"Guadalupe ""Lupe"" Gomez Memorial Scholarship",Scholarships.com,"$ 10,000","February 07, 2026",
scholarships_html/internationalscholarships-1132.html,Kitchener European Scholarship,Lord Kitchener National Memorial Fund,"GBP 2,000",September 1,2
scholarships_html/scholarship-0113.html,New York Women in Communications Scholarship,Scholarships.com,"$ 10,000","January 10, 2026",
scholarships_html/scholarships360-0378.html,IE&EE Division H. H. Dow Memorial Student Achievement Award,,"$ 10,000",This scholarship might not currently be accepting applications. Most scholarship programs only accept applications a few months ahead of their annual deadline. We’ve estimated this deadline based on last year’s deadline,"Scholarships360 Get matched with vetted scholarships and enter our $10,000 No-Essay Scholarship Please select whichever best describes you for the 2024 - 2025 academic year. I’m a high school student I’m a college or graduate student 100% Free. No Spam. Start"
scholarships_html/scholarship-0548.html,AEP Diversity in the Environmental Profession Student Scholarship,Scholarships.com,"$ 1,000","September 04, 2025",
scholarships_html/bigfuture-1419.html,"T.T. Wentworth, Jr. Scholarship",University of West Florida,Award Amount Varies,3/1/2025,Need-Based: No
scholarships_html/scholarship-0474.html,HBCU Week x FOSSI STEM Scholarship,Scholarships.com,"$ 40,000","January 31, 2026",
scholarships_html/internationalscholarships-0216.html,Annual Dream Vacation Scholarship,Florida Rentals,$,August,1
scholarships_html/bigfuture-1703.html,Mary M. McKay Endowed Scholarship,University of Tampa,Award Amount Varies,1/1/2025,Need-Based: Yes
scholarships_html/mastersportal-0897.html,Scholarship,Bail Bonds,"$ 1,000",13 Oct 2025,full Tuition
scholarships_html/bigfuture-0778.html,Scholarship,American Legion Baseball,$ 500,5/15/2025,Need-Based: No
scholarships_html/internationalscholarships-0389.html,MSc in International Business,Brest Business School,A plane ticket to come study in France!,February 28th,
scholarships_html/mastersportal-0376.html,Gonzalo and Maria Garcia Latin America Scholarship for Women,London Business School,"£ 100,000",Anytime,"London Business School awards scholarships, bursaries, tuition fee reductions and discounts that help you cover existing tuition and living costs."
scholarships_html/bigfuture-1265.html,Veterans,Rees Scholarship Foundation,Award Amount Varies,1/1/2025,Need-Based: No
scholarships_html/bigfuture-1986.html,Lorri and Gary Reddick Scholarship,Stetson University,"$ 5,000",1/1/2025,Need-Based: Yes
scholarships_html/scholarships360-1610.html,Caffarelli Scholarship,,"$ 10,000",This scholarship might not currently be accepting applications. Most scholarship programs only accept applications a few months ahead of their annual deadline. We’ve estimated this deadline based on last year’s deadline,ship Earning this scholarship will help me achieve my educational and career goals by reducing the cost of my full-time tuition.
scholarships_html/bigfuture-1368.html,"Leola S. & Lawrence A. Alexander, Jr. Memorial Scholarship",University of West Florida,Award Amount Varies,3/1/2025,Need-Based: Yes
scholarships_html/scholarships360-0256.html,American Welding Society Foundation Welder Training Scholarship,,"$ 10,000","November 30, 2025",ship Earning this scholarship will help me achieve my educational and career goals by reducing the cost of my full-time tuition.
scholarships_html/scholarship-1745.html,Explore America Travel Scholarship,Scholarships.com,"$ 1,500","March 01, 2026",Applicants should demonstrate financial need by meeting at least one of the following criteria: Current Pell Grant recipient.
scholarships_html/internationalscholarships-0485.html,Web Development Scholarship,Boise State University,500,December,2
scholarships_html/mastersportal-0360.html,Aalto Reserve Scholarships,Aalto University,"USD 14,072",Anytime,its Grant Finland Location Anytime Application deadline About Aalto University has a scholarship programme available to tuition fee liable students.
scholarships_html/bigfuture-1259.html,Ramachandran-Natarajan Female Engineering Scholarship,University of West Florida,Award Amount Varies,3/1/2025,Need-Based: No
scholarships_html/scholarship-0724.html,National Parent Volunteer Association Scholarships,Scholarships.com,"$ 1,000","November 30, 2025",
scholarships_html/mastersportal-1880.html,Dr. T.J. Endowed Fellowship in Chemistry,Washington State University,"USD 4,421",31 Jan 2026,full Tuition
scholarships_html/scholarships360-1190.html,Clifton and Priscilla Smith Scholarship,,"$ 10,000",This scholarship might not currently be accepting applications. Most scholarship programs only accept applications a few months ahead of their annual deadline. We’ve estimated this deadline based on last year’s deadline,ship Earning this scholarship will help me achieve my educational and career goals by reducing the cost of my full-time tuition.
scholarships_html/scholarship-1236.html,Trinity University Scholarship,Scholarships.com,"$ 10,000","February 01, 2026",
scholarships_html/scholarships360-1785.html,Frederick Douglass Scholarship,,"$ 10,000",This scholarship might not currently be accepting applications. Most scholarship programs only accept applications a few months ahead of their annual deadline. We’ve estimated this deadline based on last year’s deadline,ship Earning this scholarship will help me achieve my educational and career goals by reducing the cost of my full-time tuition.
scholarships_html/internationalscholarships-0625.html,Invitation to New Europe Business Forum/Scholarship,Zagreb School of Economics,", 100",12 April 2016,100
scholarships_html/mastersportal-1808.html,Joseph W. Mills Endowment,Washington State University,"USD 39,288",31 Jan 2026,full Tuition
scholarships_html/internationalscholarships-0079.html,Scholarship,Abbott Painters,500,April 30,1
scholarships_html/scholarship-0875.html,University of Minnesota Iron Range Scholarship,Scholarships.com,"$ 16,000","January 01, 2026",
scholarships_html/scholarship-1824.html,Josephine Clark Tutt Memorial Scholarship,Scholarships.com,"$ 1,000","March 01, 2026",
scholarships_html/bigfuture-1430.html,La'Christa C. Knox Memorial Scholarship,University of West Florida,Award Amount Varies,3/1/2025,Need-Based: No
scholarships_html/internationalscholarships-1278.html,NIH Predoctoral Fellowship Awards For Minority Students,National Institutes of Health,,May 1; November 15,Variable
scholarships_html/internationalscholarships-0800.html,IOE-Colfuturo Scholarships,Institute of Education,50% of tuition,,4
scholarships_html/scholarship-2149.html,Jennie (McDowell) and Harlan Layton Scholarship-Lancaster Co,Scholarships.com,"$ 20,000","March 15, 2026",
scholarships_html/bigfuture-0598.html,Florida Private Student Assistance Grant,Florida Office of Student Financial Assistance,"$ 3,260",10/1/2024,Need-Based: Yes
scholarships_html/mastersportal-0616.html,Master's Research Scholarship,Massey University,"$ 15,000",15 Jul 2025,"21,496 USD / year Tuition unknown 12 months Victoria University of Wellington Wellington, New Zealand 21,496 USD / year Tuition unknown 12 months Featured Political Science M."
scholarships_html/scholarships360-1238.html,FCCLA Texas Farm Bureau Scholarship,,"$ 10,000",This scholarship might not currently be accepting applications. Most scholarship programs only accept applications a few months ahead of their annual deadline. We’ve estimated this deadline based on last year’s deadline,ship Earning this scholarship will help me achieve my educational and career goals by reducing the cost of my full-time tuition.
scholarships_html/scholarship-2014.html,The Brooke Elaina Thomas Memorial Scholarship,Scholarships.com,"$ 1,000","March 08, 2026",
scholarships_html/scholarship-1666.html,SVCF Bright Futures Scholarship,Scholarships.com,"$ 10,000","February 28, 2026",
scholarships_html/mastersportal-0374.html,Oh no! You lost your internet connection...,,,,
scholarships_html/mastersportal-0913.html,Sanctuary Scholarship,Canterbury Christ Church University,"£ 1,000",30 Jun 2025,"17,652 USD / year Tuition unknown 12 months Queen Mary University of London Online 49,797 USD / year 17,652 USD / year Tuition unknown 12 months Featured Computer Science (Conversion) M."
scholarships_html/scholarship-0171.html,Tatiana McIntosh Memorial Scholarship,Scholarships.com,"$ 1,000","June 30, 2025",
scholarships_html/bigfuture-0396.html,Missouri Education and Training Voucher Scholarship,Foster Care to Success,"$ 5,000",10/1/2024,Need-Based: No
scholarships_html/scholarships360-1873.html,Matsuo Bridge Company Ltd. of Japan Scholarship,,"$ 10,000",This scholarship might not currently be accepting applications. Most scholarship programs only accept applications a few months ahead of their annual deadline. We’ve estimated this deadline based on last year’s deadline,ship Earning this scholarship will help me achieve my educational and career goals by reducing the cost of my full-time tuition.
scholarships_html/scholarships360-0477.html,"Montgomery County Medical Society – William W. Lander, MD, Medical Student Scholarship",,"$ 10,000",This scholarship might not currently be accepting applications. Most scholarship programs only accept applications a few months ahead of their annual deadline. We’ve estimated this deadline based on last year’s deadline,ship Earning this scholarship will help me achieve my educational and career goals by reducing the cost of my full-time tuition.
scholarships_html/mastersportal-0893.html,Scholarship Award,Delete Cyberbullying,"$ 1,000",30 Jun 2025,full Tuition
scholarships_html/scholarships360-0020.html,NSHSS James W. Lewis High School Global Leader Scholarship,,"$ 10,000","August 25, 2025",ship Earning this scholarship will help me achieve my educational and career goals by reducing the cost of my full-time tuition.
scholarships_html/mastersportal-1342.html,Jack Ebbels Scholarship in Public Administration,University of Victoria,"USD 13,232",Anytime,full Tuition
scholarships_html/scholarship-2077.html,PG&E Better Together STEM Scholarship Program,Scholarships.com,"$ 10,000","March 14, 2026",
scholarships_html/bigfuture-0445.html,MBK Scholarship,Pima Community College Foundation,$ 500,3/1/2025,Need-Based: Yes
scholarships_html/bigfuture-0533.html,Hilma Klock Goos Endowed Scholarship,Broward College,Award Amount Varies,1/1/2025,Need-Based: No
scholarships_html/internationalscholarships-0731.html,Hessnatur Scholarship - MA Sustainability in Fashion,ESMOD Berlin,13.950,June,1
scholarships_html/bigfuture-0789.html,Young Professionals Scholarship,Maine Water Environment Association,"$ 1,000",5/15/2025,Need-Based: No
scholarships_html/scholarship-2185.html,Ralph and Jean Cuca Scholarship,Scholarships.com,"$ 20,000","March 15, 2026",
scholarships_html/internationalscholarships-0257.html,Excellence For USA – Canada,Sprak Design,$,May,1
scholarships_html/mastersportal-0083.html,Te Huawhiti Career Changer Scholarships,Massey University,"$ 30,000",16 Oct 2025,"22,193 USD / year Tuition unknown 12 months Victoria University of Wellington Wellington, New Zealand 22,193 USD / year Tuition unknown 12 months Featured Greek M."
scholarships_html/internationalscholarships-0537.html,Future Leaders of Law,"12khz, LLC",$ 500,July,1
scholarships_html/bigfuture-0626.html,Scholarship,Jewish Family and Children's Services,"$ 10,000",5/1/2025,Need-Based: Yes
scholarships_html/scholarships360-1502.html,Chang Chavkin Scholars Program – Massachusetts,,"$ 10,000",This scholarship might not currently be accepting applications. Most scholarship programs only accept applications a few months ahead of their annual deadline. We’ve estimated this deadline based on last year’s deadline,ship Earning this scholarship will help me achieve my educational and career goals by reducing the cost of my full-time tuition.
scholarships_html/bigfuture-0524.html,ConnTESOL Scholarship,Connecticut Teachers of English to Speakers of Other Languages,Award Amount Varies,4/1/2025,Need-Based: No
scholarships_html/internationalscholarships-0766.html,Artistic Fellowship in Thailand,Peace Revolution,0,February 18,30
scholarships_html/scholarship-2082.html,The Quell Survivor Scholarship,Scholarships.com,"$ 1,000","March 14, 2026",
scholarships_html/bigfuture-1164.html,Agricultural Communications Career Development Event Awards,National FFA Organization,"$ 1,000",3/1/2025,Need-Based: No
scholarships_html/scholarship-1208.html,JSU Alabama Leadership Scholarship,Scholarships.com,"$ 30,000","February 01, 2026",Out-of-state students receiving a merit-based scholarship or grant will qualify to pay their remaining tuition balance at the in-state rate.
scholarships_html/scholarship-1762.html,GRCF Dave & Laurie Russell Family Scholarship,Scholarships.com,"$ 5,000","March 01, 2026","By applying, you can receive financial support to ease the burden of tuition and related expenses."
scholarships_html/scholarship-1751.html,Golden Leaf Scholarship,Scholarships.com,"$ 14,000","March 01, 2026",
scholarships_html/internationalscholarships-1512.html,Commonwealth Scholarship for,Roehampton University,"All tuition fees, allowable travel costs and contribution to liv",Variable,1
scholarships_html/internationalscholarships-1338.html,Environmental Protection Scholarships at Kentucky State University,Kentucky Natural Resources and Environmental Protection Cabinet,,February 15,Variable
scholarships_html/scholarship-1907.html,WAEF Scholarships,Scholarships.com,"$ 3,458","March 01, 2026",
scholarships_html/bigfuture-0983.html,Vocational Training Scholarship,Kodiak Area Native Association,Award Amount Varies,6/1/2025,Need-Based: Yes
scholarships_html/scholarship-0402.html,ISF Film Scholarship,Scholarships.com,"$ 5,000","March 21, 2026",
scholarships_html/scholarships360-0178.html,Beverly J. Smith Memorial Scholarship,,"$ 10,000","July 31, 2025",ship Earning this scholarship will help me achieve my educational and career goals by reducing the cost of my full-time tuition.
scholarships_html/scholarship-0440.html,American Dance Festival Internships,Scholarships.com,"$ 2,500","February 01, 2026",es from around the world); academic credit (please contact your university’s career center for this information); and a stipend (each production intern receives a stipend; administrative intern stipends vary).
scholarships_html/scholarship-0260.html,D.O.O.R.S Diversification Of Our Research Scientists,Scholarships.com,"$ 5,000","September 30, 2025",
scholarships_html/mastersportal-0058.html,Scholarship,Harvard University,"USD 27,940",Not specified,full Tuition
scholarships_html/bigfuture-1743.html,Richard D. Broward Endowed Scholarship,Stetson University,Award Amount Varies,1/1/2025,Need-Based: No
scholarships_html/scholarship-0306.html,Empower Her Scholarship,Scholarships.com,"$ 1,000","May 15, 2026",
scholarships_html/internationalscholarships-0802.html,Scholarship,Medical Sciences,"$ 4,643",,
scholarships_html/internationalscholarships-0453.html,Scholarship,Choose Your Cause,$ 500,,$500 and The winner will also select the charity or nonprofit that will receive a donation from Scholarships For A Cause. To apply for this scholarship you need to complete 4 easy tasks: 1.Complete our simple entry form. 2.Upload a photo of you volunteering
scholarships_html/bigfuture-0910.html,Scholarship,Emily's Light Cystic Fibrosis Foundation,"$ 3,000",5/9/2025,Need-Based: No
scholarships_html/internationalscholarships-0246.html,Arts Scholarship,Mbog Invest Foundation,$ 3000 each,March 15,
scholarships_html/scholarship-0768.html,Texas Tech University General Scholarships,Scholarships.com,"$ 9,000","December 01, 2025",
scholarships_html/internationalscholarships-0589.html,Certificate Program in Music Performance Scholarship,Shepherd University Board of Trustees,"$ 10,000","September 2, 2016",50
scholarships_html/mastersportal-0404.html,The Navarino Scholarship,Bayes Business School,full tuition,13 May 2026,Multiple
scholarships_html/mastersportal-0388.html,Ruby Lee Progression scholarship,University of Brighton,"£ 18,000",Not specified,Multiple
scholarships_html/internationalscholarships-1301.html,PPGA Family Member Scholarship,Bedding Plants Foundation,$ 500,May,1
scholarships_html/bigfuture-0849.html,Excellence In Action Scholarship,The Spiggle Law Firm,"$ 5,000",6/20/2025,Need-Based: No
scholarships_html/bigfuture-0269.html,Berthola Rasmussen Endowed Scholarship,Broward College,Award Amount Varies,1/1/2025,Need-Based: Yes
scholarships_html/scholarship-1560.html,House Scholarship Foundation Aspiring Scholars Award,Scholarships.com,"$ 2,500","February 18, 2026",Scholarships.com Students Scholarship Search College scholarships you qualify for. Scholarship Directory Find scholarships by category. Student Resources Top resources for your scholarship journey. Student Loans Explore loan options to help pay for college.
scholarships_html/bigfuture-0952.html,Pit River Higher Education Scholarship,Pit River Tribal,Award Amount Varies,6/1/2025,Need-Based: Yes
scholarships_html/internationalscholarships-0445.html,"Scholarships for Graduate Business Studies at ALBA, Greece",ALBA Graduate Business School,"€ 19,750",,"Normal tuition fees for MBA are € 19,750 and € 12,500 for MSc programs."
scholarships_html/scholarships360-0381.html,AT&T/The NETwork BICP – Lewis Latimer Scholarship,,"$ 10,000",This scholarship might not currently be accepting applications. Most scholarship programs only accept applications a few months ahead of their annual deadline. We’ve estimated this deadline based on last year’s deadline,ship Earning this scholarship will help me achieve my educational and career goals by reducing the cost of my full-time tuition.
scholarships_html/bigfuture-1629.html,Lazzara Family Endowed Scholarship,Florida State College at Jacksonville,Award Amount Varies,2/1/2025,Need-Based: Yes
scholarships_html/mastersportal-0092.html,Florence McKenzie Chair,Australian National University,The value of the Award will be stated in the letter of offer. The Award comprises two components: Supplementary Stipend Scholarship: A recipient may be awarded a supplementary stipend scholarship to the value outlined in,01 Aug 2025,"ear Tuition unknown 12 months Curtin University Perth, Western Australia, Australia 21,770 USD / year 13,532 USD / year Tuition unknown 12 months Featured Agricultural Systems Major (MSc AgriFoodSecur) M."
scholarships_html/mastersportal-0918.html,STEM Supplemental Award,U.S. government,"$ 1,000",Not specified,full Tuition
scholarships_html/scholarships360-1450.html,Delta Zeta Undergraduate Scholarship,,"$ 10,000",This scholarship might not currently be accepting applications. Most scholarship programs only accept applications a few months ahead of their annual deadline. We’ve estimated this deadline based on last year’s deadline,ship Earning this scholarship will help me achieve my educational and career goals by reducing the cost of my full-time tuition.
scholarships_html/scholarship-0487.html,Constitutional Study and Scholarship Program,Scholarships.com,"$ 10,000","July 31, 2025",
scholarships_html/bigfuture-0807.html,Jimmy West Employee Scholarship,The Columbus Foundation,Award Amount Varies,1/1/2025,Need-Based : No
scholarships_html/scholarship-1542.html,HBCU Week x LexisNexus Risk Solutions Group Scholarship,Scholarships.com,"$ 10,000","February 17, 2026",
scholarships_html/mastersportal-1732.html,Mary Woolfe Charitable Trust Bursaries,University of Surrey,"£ 1,000",Anytime,Multiple
scholarships_html/scholarship-2141.html,Haymarket Gallery Emerging Artists Scholarship,Scholarships.com,$ 400,"March 15, 2026",
scholarships_html/bigfuture-1113.html,Ford Auto Tech Scholarship,TechForce Foundation,"$ 5,000",4/1/2025,Need-Based: Yes
scholarships_html/mastersportal-0834.html,International Student Accommodation Support Scholarship,Federation University Australia,"$ 1,000",Anytime,"ear Tuition unknown 12 months Curtin University Perth, Western Australia, Australia 21,770 USD / year 13,532 USD / year Tuition unknown 12 months Featured Agricultural Systems Major (MSc AgriFoodSecur) M."
scholarships_html/bigfuture-2095.html,School of Business Dean's Scholarship,Stetson University,Award Amount Varies,1/1/2025,Need-Based: Yes
scholarships_html/scholarship-0795.html,WISE (Women in STEM Excel) Scholarship,Scholarships.com,"$ 3,500","December 13, 2025","Scholarship Details Award of $3,500, to be used for tuition and related educational expenses."
scholarships_html/scholarships360-1865.html,Maryland Association of Engineers Dick Trainor Scholarship,,"$ 10,000",This scholarship might not currently be accepting applications. Most scholarship programs only accept applications a few months ahead of their annual deadline. We’ve estimated this deadline based on last year’s deadline,ship Earning this scholarship will help me achieve my educational and career goals by reducing the cost of my full-time tuition.
scholarships_html/scholarships360-0675.html,ASHRAE Region I Setty Family Foundation Scholarship,,"$ 10,000",This scholarship might not currently be accepting applications. Most scholarship programs only accept applications a few months ahead of their annual deadline. We’ve estimated this deadline based on last year’s deadline,ship Earning this scholarship will help me achieve my educational and career goals by reducing the cost of my full-time tuition.
scholarships_html/mastersportal-0594.html,Tuition Fee Scholarship plus Research Stipend,UNSW Canberra,"$ 35,000",Not specified,living allowance
scholarships_html/scholarship-2111.html,Cornell University Endowed Scholarships,Scholarships.com,"$ 10,000","March 15, 2026","ip Giveaway $2,000 No Essay Scholarship by Sallie Scholarship Description Undergraduate students eligible for a Cornell grant may also qualify for named endowed scholarships without needing to submit an additional application."
scholarships_html/scholarships360-1236.html,Antonia Krus Foreit Memorial Scholarship,,"$ 10,000",This scholarship might not currently be accepting applications. Most scholarship programs only accept applications a few months ahead of their annual deadline. We’ve estimated this deadline based on last year’s deadline,ship Earning this scholarship will help me achieve my educational and career goals by reducing the cost of my full-time tuition.
scholarships_html/bigfuture-1612.html,Rayonier Community Fund Endowed Scholarship for Nassau County,Florida State College at Jacksonville,Award Amount Varies,2/1/2025,Need-Based: No
scholarships_html/bigfuture-1858.html,Elizabeth Rhett West Endowed Scholarship,Stetson University,Award Amount Varies,1/1/2025,Need-Based: Yes
scholarships_html/mastersportal-1874.html,Charles J. and Kathryn J. Reynolds Business Scholarship,The University of Toledo,unknown,01 Mar 2026,Multiple
scholarships_html/scholarship-0020.html,Minnesota Child Care Grant,Scholarships.com,"$ 6,500",Varies Awards Available: Varies Eligibility Criteria: Financial Aid Status State Selection Current Year in School College Selection College Selection State Personal Interest/Attribute Citizenship Age Share: You May Also,Minnesota Child Care Grant - Scholarships.
scholarships_html/mastersportal-0518.html,The Eynesbury College High Achiever Progression Scholarship,University of Adelaide,"USD 21,770",Anytime,"ear Tuition unknown 12 months Curtin University Perth, Western Australia, Australia 21,770 USD / year 13,532 USD / year Tuition unknown 12 months Featured Agricultural Systems Major (MSc AgriFoodSecur) M."
scholarships_html/scholarship-0684.html,Americans United Student Contest,Scholarships.com,"$ 1,500","November 04, 2025",
scholarships_html/scholarships360-0371.html,Gary Bishop Memorial Scholarship,,"$ 10,000",This scholarship might not currently be accepting applications. Most scholarship programs only accept applications a few months ahead of their annual deadline. We’ve estimated this deadline based on last year’s deadline,ship Earning this scholarship will help me achieve my educational and career goals by reducing the cost of my full-time tuition.
scholarships_html/scholarships360-0823.html,ARRL General Fund Scholarship,,"$ 10,000",This scholarship might not currently be accepting applications. Most scholarship programs only accept applications a few months ahead of their annual deadline. We’ve estimated this deadline based on last year’s deadline,ship Earning this scholarship will help me achieve my educational and career goals by reducing the cost of my full-time tuition.
scholarships_html/scholarships360-0817.html,Allen and Bertha Watson Memorial Scholarship,,"$ 10,000",This scholarship might not currently be accepting applications. Most scholarship programs only accept applications a few months ahead of their annual deadline. We’ve estimated this deadline based on last year’s deadline,ship Earning this scholarship will help me achieve my educational and career goals by reducing the cost of my full-time tuition.
scholarships_html/scholarship-1184.html,Henry David Thoreau Scholarship Program,Scholarships.com,"$ 25,000","February 01, 2026","Thoreau Scholars are eligible for an environmental internship stipend, typically taken between junior and senior year."
scholarships_html/internationalscholarships-0571.html,BGSU International Freshman Scholarship,Bowling Green State University,1000-5000,July 15/November 15,Limited
scholarships_html/scholarships360-1775.html,Col. Harold L. and Esther Graef Hamilton Scholarship,,"$ 10,000",This scholarship might not currently be accepting applications. Most scholarship programs only accept applications a few months ahead of their annual deadline. We’ve estimated this deadline based on last year’s deadline,ship Earning this scholarship will help me achieve my educational and career goals by reducing the cost of my full-time tuition.
scholarships_html/mastersportal-0269.html,Sports Scholarships,University of Algarve,"USD 4,866",Not specified,100% tuition
scholarships_html/scholarships360-0495.html,Ohio Education and Training Voucher Scholarship,,"$ 10,000",This scholarship might not currently be accepting applications. Most scholarship programs only accept applications a few months ahead of their annual deadline. We’ve estimated this deadline based on last year’s deadline,ship Earning this scholarship will help me achieve my educational and career goals by reducing the cost of my full-time tuition.
scholarships_html/bigfuture-1307.html,John G. Martin Memorial Scholarship,University of West Florida,Award Amount Varies,3/1/2025,Need-Based: Yes
scholarships_html/scholarship-2126.html,Ernst Walter Nennemann Scholarship,Scholarships.com,"$ 2,000","March 15, 2026",
scholarships_html/bigfuture-1350.html,W.E. Combs Scholarship,University of West Florida,Award Amount Varies,3/1/2025,Need-Based: Yes
scholarships_html/scholarships360-0682.html,Lynn G. Bellenger Engineering Technology Scholarship,,"$ 10,000",This scholarship might not currently be accepting applications. Most scholarship programs only accept applications a few months ahead of their annual deadline. We’ve estimated this deadline based on last year’s deadline,ship Earning this scholarship will help me achieve my educational and career goals by reducing the cost of my full-time tuition.
scholarships_html/bigfuture-1999.html,First Generation Scholarship at,Stetson University,Award Amount Varies,1/1/2025,Need-Based: Yes
scholarships_html/scholarship-0446.html,CABMET Scholarship,Scholarships.com,$ 500,"July 15, 2025",
scholarships_html/mastersportal-1217.html,Hales and Nolan Family Scholarship,Central Michigan University,unknown,Not specified,full Tuition
scholarships_html/scholarship-1425.html,Val and Julie Kostrzewa Scholarship,Scholarships.com,$ 1,"February 07, 2026",
scholarships_html/scholarships360-0402.html,New Jersey Tuition Aid Grant (TAG),,"$ 10,000",This scholarship might not currently be accepting applications. Most scholarship programs only accept applications a few months ahead of their annual deadline. We’ve estimated this deadline based on last year’s deadline,"Is this scholarship renewable? Yes, the New Jersey Tuition Aid Grant (TAG) is renewable."
scholarships_html/scholarship-1604.html,BMW/SAE Engineering Scholarship,Scholarships.com,"$ 1,500","February 28, 2026",
scholarships_html/scholarship-0750.html,Lebanon Valley College Esports Scholarship,Scholarships.com,"$ 10,000","December 01, 2025",
scholarships_html/scholarships360-1758.html,Neil A. Collins Memorial Scholarship,,"$ 10,000",This scholarship might not currently be accepting applications. Most scholarship programs only accept applications a few months ahead of their annual deadline. We’ve estimated this deadline based on last year’s deadline,ship Earning this scholarship will help me achieve my educational and career goals by reducing the cost of my full-time tuition.
scholarships_html/scholarships360-0505.html,Benjamin A. Gilman International Scholarship Program,,"$ 10,000",This scholarship might not currently be accepting applications. Most scholarship programs only accept applications a few months ahead of their annual deadline. We’ve estimated this deadline based on last year’s deadline,"Gilman International Scholarship Program awards up to $5,000 to Pell Grant-eligible students at accredited U."
scholarships_html/mastersportal-1429.html,Department of Statistics MSc Bursary,University of Warwick,"£ 19,430",Anytime,"University of Warwick awards scholarships, bursaries, tuition fee reductions and discounts that help you cover existing tuition and living costs."
scholarships_html/mastersportal-2071.html,Green Architecture Award,Algonquin College,"USD 37,490",Not specified,"ter Polytechnic Institute Worcester, Massachusetts, United States 28,980 USD / year 28,980 USD / year 28,980 USD / year Tuition unknown 12 months Architecture and Adaptive Reuse M."
scholarships_html/scholarships360-1388.html,The Christophers,,"$ 10,000",This scholarship might not currently be accepting applications. Most scholarship programs only accept applications a few months ahead of their annual deadline. We’ve estimated this deadline based on last year’s deadline,ship Earning this scholarship will help me achieve my educational and career goals by reducing the cost of my full-time tuition.
scholarships_html/bigfuture-0687.html,LEGACY Scholarship,Florida Prepaid College Foundation,Award Amount Varies,1/1/2025,Need-Based : Yes
scholarships_html/mastersportal-1952.html,Project-based Scholarship,Audencia,"USD 23,285",Not specified,partial tuition
scholarships_html/bigfuture-0312.html,Don B. Daily Safety Grant,Association for Iron and Steel Technology,"$ 20,000",9/2/2024,Need-Based: No
scholarships_html/bigfuture-1799.html,J. Ollie Edmunds Distinguished Endowed Scholarship,Stetson University,Award Amount Varies,1/1/2025,Need-Based: No
scholarships_html/scholarships360-0044.html,FLEOA Foundation Scholastic Awards Program,,"$ 10,000",This scholarship might not currently be accepting applications. Most scholarship programs only accept applications a few months ahead of their annual deadline. We’ve estimated this deadline based on last year’s deadline,ship Earning this scholarship will help me achieve my educational and career goals by reducing the cost of my full-time tuition.
scholarships_html/scholarships360-0283.html,MHEC Tuition Waiver for Foster Care Recipients,,"$ 10,000","March 1, 2026",Tuition Waiver
scholarships_html/mastersportal-1289.html,Pat Koster Scholarship in Early Women's Writing,University of Victoria,"$ 1,000",Anytime,ship in Early Women's Writing View relevant masters Find related programmes Phd Specific discipline Disciplines 735 USD Grant Canada Location Anytime Application deadline About UVic provides awards to graduate students of high academic standing.
scholarships_html/mastersportal-0929.html,Sir Harry Barnes Postgraduate Scholarship,The Glasgow School of Art,£ 700,Not specified,"17,652 USD / year Tuition unknown 12 months Queen Mary University of London Online 49,797 USD / year 17,652 USD / year Tuition unknown 12 months Featured Computer Science (Conversion) M."
scholarships_html/bigfuture-0466.html,District 2 Scholarship,Kansas State Nurses Association,$ 500,4/30/2025,Need-Based: No
scholarships_html/scholarships360-0590.html,John Higham Research Fellowship,,"$ 10,000",This scholarship might not currently be accepting applications. Most scholarship programs only accept applications a few months ahead of their annual deadline. We’ve estimated this deadline based on last year’s deadline,ship Earning this scholarship will help me achieve my educational and career goals by reducing the cost of my full-time tuition.
scholarships_html/mastersportal-0095.html,ANU College of Law International Pathway Scholarship,Australian National University,"$ 20,000",Not specified,"54 USD / year Tuition unknown 24 months University of Wollongong Multiple locations 24,239 USD / year 21,354 USD / year Tuition unknown 24 months Featured Agricultural Systems Major (MSc AgriFoodSecur) M."
scholarships_html/scholarship-1146.html,Association for Women in Mathematics Essay Contest,Scholarships.com,$ 500,"February 01, 2026",
scholarships_html/internationalscholarships-0565.html,The,Autodes,$,",",1
scholarships_html/internationalscholarships-0145.html,Maternal and Infant Health Postdoctoral Fellowship,FAPESP,7.373,,
scholarships_html/bigfuture-0683.html,Elaine Tully Woodward and Bob Woodward Scholarship,Florida State University,Award Amount Varies,5/1/2025,Need-Based: No
scholarships_html/scholarships360-1849.html,Scangas Foundation Scholarship,,"$ 10,000",This scholarship might not currently be accepting applications. Most scholarship programs only accept applications a few months ahead of their annual deadline. We’ve estimated this deadline based on last year’s deadline,ship Earning this scholarship will help me achieve my educational and career goals by reducing the cost of my full-time tuition.
scholarships_html/scholarships360-0059.html,HoshizakiIceMaker.com Supporting STEM Scholarship,,"$ 10,000","June 30, 2025","Every year, they award $1,000 to help one recipient cover tuition expenses."
scholarships_html/internationalscholarships-0928.html,International Scholarships and Assistantships at the,University of Richmond,,January 15,Variable
scholarships_html/mastersportal-1304.html,European Scholarship,London Business School,"USD 23,285",Anytime,"London Business School awards scholarships, bursaries, tuition fee reductions and discounts that help you cover existing tuition and living costs."
scholarships_html/internationalscholarships-1340.html,International Student Scholarship And Ethnic Minority Scholars,Maryville College,"$ 2,000",May 15,Variable
scholarships_html/internationalscholarships-1133.html,London College Msc Strategic Business In It,London College of Business & Computing,"GBP 5,800",November 30,2
scholarships_html/scholarship-1488.html,David and Dovetta Wilson Scholarship,Scholarships.com,"$ 1,500","February 15, 2026",
scholarships_html/scholarships360-1232.html,Renaissance Scholars Program,,"$ 10,000",This scholarship might not currently be accepting applications. Most scholarship programs only accept applications a few months ahead of their annual deadline. We’ve estimated this deadline based on last year’s deadline,ship Earning this scholarship will help me achieve my educational and career goals by reducing the cost of my full-time tuition.
scholarships_html/scholarship-1733.html,Delmar Smith Memorial Scholarship,Scholarships.com,"$ 10,000","March 01, 2026",
scholarships_html/scholarships360-1821.html,"William A. Rice Family, Women in Welding Scholarship","ALL CAMPUSES, LETOURNEAU UNIVERSITY, PENNSYLVANIA COLLEGE OF TECHNOLOGY, MONTANA TECHNOLOGICAL UNIVERSITY, UNIVER... Show More FERRIS STATE UNIVERSITY, OHIO STATE UNIVERSITY-ALL","$ 10,000",This scholarship might not currently be accepting applications. Most scholarship programs only accept applications a few months ahead of their annual deadline. We’ve estimated this deadline based on last year’s deadline,ship Earning this scholarship will help me achieve my educational and career goals by reducing the cost of my full-time tuition.
scholarships_html/mastersportal-0048.html,Chevening Scholarship,Middlesex University,"USD 36,011",Not specified,"Middlesex University awards scholarships, bursaries, tuition fee reductions and discounts that help you cover existing tuition and living costs."
scholarships_html/scholarships360-1853.html,Kalamazoo Science Foundation Scholarship,,"$ 10,000",This scholarship might not currently be accepting applications. Most scholarship programs only accept applications a few months ahead of their annual deadline. We’ve estimated this deadline based on last year’s deadline,ship Earning this scholarship will help me achieve my educational and career goals by reducing the cost of my full-time tuition.
scholarships_html/mastersportal-0472.html,Oh no! You lost your internet connection...,,,,
scholarships_html/mastersportal-0699.html,International Scholarships,Universidade de Aveiro,"€ 5,000",Not specified,"847 USD / year Tuition unknown 18 months Universidade Nova de Lisboa Lisbon, Portugal 7,817 USD / year 4,847 USD / year Tuition unknown 18 months Featured Monetary and Financial Economics M."
scholarships_html/bigfuture-1041.html,Ellis Family Education Scholarship,70th Infantry Division Association,$ 750,6/20/2025,Need-Based: No
scholarships_html/bigfuture-0543.html,General Scholarship,Broward College,Award Amount Varies,1/1/2025,Need-Based: Yes
scholarships_html/mastersportal-0824.html,International Postgraduate Scholarship,Ulster University,"£ 2,000",Anytime,"all eligible students are awarded it automatically. Not sure what to study yet? Find masters relevant to this scholarship There may be additional requirements, please see provider website for more information. You've viewed scholarships. Without an account"
scholarships_html/bigfuture-1755.html,Adult Vocational Scholarship,Wyandotte Nation of Oklahoma,Award Amount Varies,1/1/2025,Need-Based: No
scholarships_html/mastersportal-0505.html,New International Student Scholarship,Beijing Normal University,EUR 400,Not specified,Multiple
scholarships_html/scholarships360-2093.html,Saralee Community Service Scholarship,,"$ 10,000",This scholarship might not currently be accepting applications. Most scholarship programs only accept applications a few months ahead of their annual deadline. We’ve estimated this deadline based on last year’s deadline,ship Earning this scholarship will help me achieve my educational and career goals by reducing the cost of my full-time tuition.
scholarships_html/bigfuture-1201.html,Aveling Family Scholarship,Tallahassee State College,Award Amount Varies,1/18/2025,Need-Based: Yes
scholarships_html/scholarships360-0800.html,AJC Goldman Summer Fellowship,,"$ 10,000",This scholarship might not currently be accepting applications. Most scholarship programs only accept applications a few months ahead of their annual deadline. We’ve estimated this deadline based on last year’s deadline,"Each year, the scholarship awards winning applicants a minimum $4,000 stipend in addition to the costs for all major travel expenses."
scholarships_html/scholarship-0091.html,Nick & Helena Patti Foundation Scholarship,Scholarships.com,"$ 6,500","November 01, 2025",
scholarships_html/scholarship-0787.html,AbbVie Immunology Scholarship,Scholarships.com,"$ 15,000","December 07, 2025",
scholarships_html/bigfuture-0093.html,David R. Pacini Memorial Endowed Scholarship,Broward College,Award Amount Varies,1/1/2025,Need-Based : Yes
scholarships_html/mastersportal-1018.html,Allen Family Memorial Scholarship,Washington State University,"USD 27,940",31 Jan 2026,full Tuition
scholarships_html/scholarships360-0805.html,Arab American Leadership Program (AALP),,"$ 10,000",This scholarship might not currently be accepting applications. Most scholarship programs only accept applications a few months ahead of their annual deadline. We’ve estimated this deadline based on last year’s deadline,ship Earning this scholarship will help me achieve my educational and career goals by reducing the cost of my full-time tuition.
scholarships_html/scholarships360-0491.html,Travel Grants for Women in Mathematics,,"$ 10,000",This scholarship might not currently be accepting applications. Most scholarship programs only accept applications a few months ahead of their annual deadline. We’ve estimated this deadline based on last year’s deadline,ship Earning this scholarship will help me achieve my educational and career goals by reducing the cost of my full-time tuition.
scholarships_html/scholarship-2013.html,Progress Software Mary Székely Scholarship,Scholarships.com,"$ 10,000","March 08, 2026","The scholarship is intended to cover tuition, fees and educational expenses while the recipient is pursuing an undergraduate degree."
scholarships_html/scholarships360-0812.html,David Knaus Memorial Scholarship,,"$ 10,000",This scholarship might not currently be accepting applications. Most scholarship programs only accept applications a few months ahead of their annual deadline. We’ve estimated this deadline based on last year’s deadline,ship Earning this scholarship will help me achieve my educational and career goals by reducing the cost of my full-time tuition.
scholarships_html/internationalscholarships-0891.html,NCITD International Trade Scholarship Program,National Council on International Trade Development (NCITD),,May,
scholarships_html/scholarships360-0927.html,Andrew McBeath Region 9 Leadership Scholarship,,"$ 10,000",This scholarship might not currently be accepting applications. Most scholarship programs only accept applications a few months ahead of their annual deadline. We’ve estimated this deadline based on last year’s deadline,ship Earning this scholarship will help me achieve my educational and career goals by reducing the cost of my full-time tuition.
scholarships_html/internationalscholarships-0535.html,DirectTextbook.com 2017 High School Senior Scholarship Essay Contest,"Direct Textbooks, Inc",$3000 to first place,"May 4th, 2017",2017
scholarships_html/mastersportal-1593.html,Women in Business Global Online MBA Scholarship,ESMT Berlin,"€ 3,000",Anytime,"ESMT Berlin awards scholarships, bursaries, tuition fee reductions and discounts that help you cover existing tuition and living costs."
scholarships_html/bigfuture-1478.html,Diane (Howarth) & Michael Brunson Health Sciences Scholarship,University of South Florida,Award Amount Varies,12/1/2024,Need-Based : No
scholarships_html/scholarship-0483.html,Appily Easy Money Scholarship,Scholarships.com,"$ 1,000","July 31, 2025",
scholarships_html/scholarship-0641.html,Ohio Dominican University International Academic Achievement Scholarship,Scholarships.com,"$ 60,000","November 01, 2025","can University for undergraduate study may be eligible for merit scholarships, on-campus jobs, and more to help pay for tuition and housing."
scholarships_html/mastersportal-1546.html,Graduate LLB Scholarship (Canada),The University of Exeter,"£ 5,000",30 Sep 2025,Multiple
scholarships_html/bigfuture-0166.html,Nicki Englander Grossman Endowed Hospitality and Tourism Mgt Scholarship,Broward College,Award Amount Varies,1/1/2025,Need-Based : No
scholarships_html/scholarship-0473.html,LPGA Chevron Changing the Face of Golf Scholarship,Scholarships.com,"$ 10,000","January 31, 2026",
scholarships_html/scholarship-1602.html,B. Bradford Barnes Memorial Scholarship,Scholarships.com,$ 10,"February 28, 2026",full tuition
scholarships_html/scholarships360-0227.html,NSHSS Activism and Advocacy Scholarship,,"$ 10,000","September 8, 2025",ship Earning this scholarship will help me achieve my educational and career goals by reducing the cost of my full-time tuition.
scholarships_html/internationalscholarships-0165.html,Marketing Scholarship,Law Firm,"$ 1,000",May,1
scholarships_html/scholarship-0841.html,Intoxalock Drunk Driving Prevention Scholarship,Scholarships.com,"$ 3,000","December 31, 2025",
scholarships_html/scholarship-1320.html,Emma Jean Frierson Memorial Nursing Scholarship,Scholarships.com,"$ 10,000","February 07, 2026",
scholarships_html/bigfuture-0060.html,Lucille Forman Memorial Endowed Scholarship,Broward College,Award Amount Varies,1/1/2025,Need-Based : No
scholarships_html/scholarship-1865.html,Queer Youth of Faith National Essay Contest,Scholarships.com,"$ 2,000","March 01, 2026",
scholarships_html/scholarships360-1784.html,Khia “DJ K-Swift” Edgerton Memorial Scholarship,,"$ 10,000",This scholarship might not currently be accepting applications. Most scholarship programs only accept applications a few months ahead of their annual deadline. We’ve estimated this deadline based on last year’s deadline,ship Earning this scholarship will help me achieve my educational and career goals by reducing the cost of my full-time tuition.
scholarships_html/internationalscholarships-0979.html,International Internship Program: Scholarship,El Nomad Immersion Programs Ecuador,$ 500,April 15,2
scholarships_html/mastersportal-0685.html,Global Leaders Scholarship,University of Bath,"£ 5,000",25 Jun 2026,"University of Bath awards scholarships, bursaries, tuition fee reductions and discounts that help you cover existing tuition and living costs."
scholarships_html/scholarship-2099.html,CBC Spouses Visual Arts Scholarship,Scholarships.com,"$ 5,000","March 15, 2026",
scholarships_html/bigfuture-0087.html,Emil & Natalie Meyersfield Endowed Scholarship,Broward College,Award Amount Varies,1/1/2025,Need-Based: Yes
scholarships_html/mastersportal-0385.html,Ertegun Graduate Scholarship Programme in the Humanities,University of Oxford,"£ 18,622",05 Jan 2026,Multiple
scholarships_html/scholarships360-1084.html,Virginia Leyda Roberts Nursing Scholarship,,"$ 10,000",This scholarship might not currently be accepting applications. Most scholarship programs only accept applications a few months ahead of their annual deadline. We’ve estimated this deadline based on last year’s deadline,ship Earning this scholarship will help me achieve my educational and career goals by reducing the cost of my full-time tuition.
scholarships_html/mastersportal-1938.html,Emer A. Mathias Endowed Scholarship,Central Michigan University,unknown,Not specified,Multiple
scholarships_html/scholarship-0191.html,Legacy West Chapter 66 PTCC and SACC Scholarships,Scholarships.com,"$ 1,000","July 01, 2025",
scholarships_html/scholarship-1084.html,Licensing International’s Scholarship Program,Scholarships.com,"$ 10,000","January 31, 2026",
scholarships_html/scholarships360-0191.html,Sigma/Emergency Nurses Association Foundation Grant,,"$ 10,000","August 8, 2025","sing? If so, the Sigma/Emergency Nurses Association Foundation Grant may be a great opportunity for you! Each year, the Grant awards $6,000 to go towards the funding of a research project working to advance the practice of emergency nursing."
scholarships_html/bigfuture-1838.html,Daryle Vlic Scott Endowed Scholarship,Stetson University,Award Amount Varies,1/1/2025,Need-Based: No
scholarships_html/internationalscholarships-0428.html,M.Sc. in Medical Biotechnology,Tehran University of Medical Sciences,3000 USD,June 30th,Unlimited
scholarships_html/bigfuture-1517.html,Pauline E. Bush Endowed Scholarship,University of South Florida,Award Amount Varies,12/1/2024,Need-Based: No
scholarships_html/scholarship-0617.html,BEA Richard Eaton Foundation Award,Scholarships.com,"$ 4,000","October 16, 2025",Scholarships.com Students Scholarship Search College scholarships you qualify for. Scholarship Directory Find scholarships by category. Student Resources Top resources for your scholarship journey. Student Loans Explore loan options to help pay for college.
scholarships_html/scholarships360-1354.html,Bernardine Bess Scholarship,,"$ 10,000",This scholarship might not currently be accepting applications. Most scholarship programs only accept applications a few months ahead of their annual deadline. We’ve estimated this deadline based on last year’s deadline,ship Earning this scholarship will help me achieve my educational and career goals by reducing the cost of my full-time tuition.
scholarships_html/mastersportal-1214.html,Bruce K. Nelson Scholarship,Eastern Michigan University,"USD 27,940",Not specified,full Tuition
scholarships_html/mastersportal-1799.html,Merit Scholarship - Graduate Students,The Hebrew University of Jerusalem,"USD 27,580",15 Apr 2026,Multiple
scholarships_html/scholarships360-1167.html,Barbara Munday Ullman Scholarship,,"$ 10,000",This scholarship might not currently be accepting applications. Most scholarship programs only accept applications a few months ahead of their annual deadline. We’ve estimated this deadline based on last year’s deadline,ship Earning this scholarship will help me achieve my educational and career goals by reducing the cost of my full-time tuition.
scholarships_html/mastersportal-1383.html,INSEAD GEMBA Europe 20th Anniversary Scholarship,INSEAD - The Business School for the World,"€ 35,000",08 Sep 2025,one
scholarships_html/scholarship-0615.html,BEA John Bayliss Award,Scholarships.com,"$ 3,500","October 16, 2025",Scholarships.com Students Scholarship Search College scholarships you qualify for. Scholarship Directory Find scholarships by category. Student Resources Top resources for your scholarship journey. Student Loans Explore loan options to help pay for college.
scholarships_html/mastersportal-1398.html,INSEAD Women's Scholarship Group,INSEAD - The Business School for the World,"€ 25,000",Not specified,one
scholarships_html/scholarship-1593.html,Making Waves Bay Area Scholarship,Scholarships.com,"$ 20,000","February 26, 2026",
scholarships_html/scholarship-1273.html,Bob Stevens Memorial Scholarship,Scholarships.com,"$ 2,000","February 05, 2026",
scholarships_html/mastersportal-1708.html,Mel and Vera LaPointe Scholarship,University of Northern British Columbia,"$ 1,000",01 Apr 2026,"SD / year 3,730 USD / year Tuition unknown 24 months Kyushu University Fukuoka, Japan 3,730 USD / year 3,730 USD / year Tuition unknown 24 months Geodesy and Geoinformatics M."
scholarships_html/internationalscholarships-1183.html,"Grants, Scholarships And Fellowships from UFAW",Universities Federation for Animal Welfare,Variable,Unrestricted,15
scholarships_html/bigfuture-1094.html,Crockett Family Fund for Excellence Scholarship,Florida State University,,6/1/2025,
scholarships_html/mastersportal-0966.html,Faculty of Engineering International Scholarships - Postgraduate,University of Strathclyde,"USD 49,797",30 Jan 2026,"University of Strathclyde awards scholarships, bursaries, tuition fee reductions and discounts that help you cover existing tuition and living costs."
scholarships_html/scholarships360-0154.html,Excellence in Character Scholarship,,"$ 10,000","July 19, 2025",ship Earning this scholarship will help me achieve my educational and career goals by reducing the cost of my full-time tuition.
scholarships_html/scholarships360-1537.html,Nick and Linda Hattel Scholarship,,"$ 10,000",This scholarship might not currently be accepting applications. Most scholarship programs only accept applications a few months ahead of their annual deadline. We’ve estimated this deadline based on last year’s deadline,ship Earning this scholarship will help me achieve my educational and career goals by reducing the cost of my full-time tuition.
scholarships_html/bigfuture-1328.html,Dorothy Edwards Scholarship,University of West Florida,Award Amount Varies,3/1/2025,Need-Based: No
scholarships_html/scholarship-1162.html,Christian Missionary Scholarship Foundation,Scholarships.com,"Amount Varies Deadline: February 01, 2026 Awards Available: Varies Eligibility Criteria: Religious Affiliation Current Year in School College Selection College Selection State Citizenship Age Share: You May Also Like Nic","February 01, 2026",
scholarships_html/bigfuture-0370.html,Willis Holcombe Endowed Scholarship,Broward College,Award Amount Varies,1/1/2025,Need-Based: Yes
scholarships_html/mastersportal-1994.html,The MSc for Global Leaders Award,Esade,"USD 10,098",15 Jul 2025,"nths Graduate Institute of International and Development Studies Genève, Switzerland 10,098 USD / year 6,311 USD / year Tuition unknown 24 months Global Trade Management M."
scholarships_html/internationalscholarships-0045.html,Community Scholarship,MyUS.com,"2,000","Amount 2,000",
scholarships_html/mastersportal-1824.html,Dr. Norman Fisher Memorial Scholarship Fund,The University of Toledo,unknown,01 Mar 2026,"USD / year 22,691 USD / year Tuition unknown 12 months University of Sydney Online 38,673 USD / year 22,691 USD / year Tuition unknown 12 months Disaster Medicine M."
scholarships_html/mastersportal-2107.html,Radiation Safety Advisory Committee Award,Algonquin College,"USD 1,442",Not specified,"year Tuition unknown 36 months UWE Bristol (University of the West of England) Online 1,442 USD / year 1,442 USD / year Tuition unknown 36 months Featured Nuclear Energy Production and Industrial Applications M."
scholarships_html/scholarships360-0794.html,AFSA High School Senior Scholarship Contest,,"$ 10,000",This scholarship might not currently be accepting applications. Most scholarship programs only accept applications a few months ahead of their annual deadline. We’ve estimated this deadline based on last year’s deadline,ship Earning this scholarship will help me achieve my educational and career goals by reducing the cost of my full-time tuition.
scholarships_html/mastersportal-0435.html,Faculty of Humanities and Social Sciences Scholarship for Underrepresented and Vulnerable Students,Ri,"USD 28,233",Not specified,100% tuition
scholarships_html/scholarship-1866.html,Ripon College Academic Scholarship,Scholarships.com,"$ 160,000","March 01, 2026",Scholarships are awarded on a rolling basis following acceptance to the College and are applied exclusively toward tuition costs.
scholarships_html/scholarship-0619.html,Heisman High School Scholarship,Scholarships.com,"$ 10,000","October 17, 2025",
scholarships_html/mastersportal-1015.html,Alumni Association Graduate Scholarship,The University of Toledo,unknown,01 Mar 2026,full Tuition
scholarships_html/internationalscholarships-0414.html,"""Design Your Future"" Scholarship",Chairish,"$ 2,500",& June 30th,1
scholarships_html/bigfuture-0035.html,Kathryn Krause HANDY Book Award Endowment Scholarship,Broward College,Award Amount Varies,1/1/2025,Need-Based : Yes
scholarships_html/bigfuture-0135.html,Debra Levy Neimark Memorial Scholarship,Broward College,Award Amount Varies,1/1/2025,Need-Based: Yes
scholarships_html/mastersportal-0657.html,UL Sports Scholarships,University of Limerick,"€ 10,000",Not specified,"University of Limerick awards scholarships, bursaries, tuition fee reductions and discounts that help you cover existing tuition and living costs."
scholarships_html/bigfuture-0986.html,Scholarship,International Lineman's Rodeo Association,Award Amount Varies,1/1/2025,Need-Based: No
scholarships_html/scholarship-1144.html,Anthony and Charlotte Kinney Scholarship,Scholarships.com,$ 10,"February 01, 2026",
scholarships_html/scholarship-0152.html,Korean American Scholarship Foundation-Midwestern Regional Chapter,Scholarships.com,"$ 5,000","June 30, 2025",
scholarships_html/scholarship-1227.html,Presbyterian College Music Scholarships,Scholarships.com,"$ 10,000","February 01, 2026",
scholarships_html/bigfuture-1745.html,CCCSE Osher Scholarship,Foundation for California Community Colleges,"$ 1,300",1/1/2025,Need-Based: Yes
scholarships_html/scholarships360-1899.html,Jack Ford Shelby Scholarship,,"$ 10,000",This scholarship might not currently be accepting applications. Most scholarship programs only accept applications a few months ahead of their annual deadline. We’ve estimated this deadline based on last year’s deadline,ship Earning this scholarship will help me achieve my educational and career goals by reducing the cost of my full-time tuition.
scholarships_html/scholarships360-1111.html,Mel Nickel Scholarship,,"$ 10,000",This scholarship might not currently be accepting applications. Most scholarship programs only accept applications a few months ahead of their annual deadline. We’ve estimated this deadline based on last year’s deadline,ship Earning this scholarship will help me achieve my educational and career goals by reducing the cost of my full-time tuition.
scholarships_html/internationalscholarships-1055.html,Ralph W Stone Award,National Speleological Society,"$ 2,000",March 15,2
scholarships_html/bigfuture-1623.html,Welder Training Scholarship,American Welding Society,Award Amount Varies,12/1/2024,Need-Based: No
scholarships_html/internationalscholarships-0158.html,Scholarships,Milano Fashion Institute,7,December 13th,10 per year
scholarships_html/internationalscholarships-1452.html,Elizabeth Greenshields Award,Elizabeth Greenshields Foundation,"$ 10,000",Unrestricted,Variable
scholarships_html/mastersportal-0463.html,Professor De Winter Scholarship,University of Twente (UT),"€ 7,500",01 May 2026,"s Merit-based University of Twente (UT) Professor De Winter Scholarship View relevant masters Any Disciplines 8,795 USD Grant Netherlands Location 01 May 2026 Application deadline About Professor de Winter and Mrs."
scholarships_html/scholarship-1568.html,Barry L. Carey M.D. Scholarship,Scholarships.com,"$ 1,600","February 21, 2026",
scholarships_html/scholarship-1474.html,Simon Youth Academy Scholarship Program,Scholarships.com,"$ 10,000","February 14, 2026",
scholarships_html/mastersportal-0481.html,Kaplan International College Progression Scholarship,University of Essex,"£ 3,000",Anytime,USD / module 844 USD / module Tuition unknown 40 months De Montfort University Online 844 USD / module 844 USD / module Tuition unknown 40 months Featured Laws of England and Wales LL.
scholarships_html/bigfuture-1208.html,Anything Goes Scholarship,Tallahassee State College,Award Amount Varies,1/18/2025,Need-Based: No
scholarships_html/bigfuture-1583.html,Student Scholarship,WIIT,"$ 3,000",1/1/2025,Need-Based: No
scholarships_html/internationalscholarships-0330.html,International Student Scholarship,Georgia College & State University,"USD 18,000",April 1; September 1,40
scholarships_html/mastersportal-0710.html,e-fellows Master scholarship,ESMT Berlin,"€ 5,000",31 Jul 2025,Multiple
scholarships_html/internationalscholarships-0304.html,Dissertation Fellowships from the,Harry Frank Guggenheim Foundation,"$ 20,000",,Applications are evaluated in comparison with each other and not in competition with proposals for our research grant.
scholarships_html/scholarship-0868.html,Maryland Tuition Reduction for Nonresident Nursing Students,Scholarships.com,"$ 5,000","January 01, 2026",Maryland Tuition Reduction for Nonresident Nursing Students - Scholarships.
scholarships_html/bigfuture-1632.html,Adele and Herbert Fishler Memorial Endowed Scholarship,Florida State College at Jacksonville,Award Amount Varies,2/1/2025,Need-Based: Yes
scholarships_html/bigfuture-0673.html,VA-ACME Veteran or Retiree of the Armed Forces Scholarship,Virginia Advisory Council on Military Education,"$ 1,000",5/1/2025,Need-Based: No
scholarships_html/mastersportal-1105.html,UC International High Achiever Scholarship,University of Canberra,"USD 21,918",Not specified,"ear Tuition unknown 12 months Curtin University Perth, Western Australia, Australia 21,918 USD / year 13,624 USD / year Tuition unknown 12 months Featured Agricultural Systems Major (MSc AgriFoodSecur) M."
scholarships_html/mastersportal-0789.html,NLUD-SOAS Joint LLM/MA Bursary Award,SOAS University of London,"£ 2,500",31 Jul 2025,"17,628 USD / year Tuition unknown 12 months Queen Mary University of London Online 49,730 USD / year 17,628 USD / year Tuition unknown 12 months Featured Computer Science (Conversion) M."
scholarships_html/internationalscholarships-1480.html,American Cancer Society International Cancer Research Fellowships,International Union against Cancer,"$ 40,000",December 1,15
scholarships_html/bigfuture-1934.html,Turner Construction Scholarship,Johnson County Community College,Award Amount Varies,1/1/2025,Need-Based: Yes
scholarships_html/internationalscholarships-1464.html,Emergency Nursing Foundation Grant,"Sigma Theta Tau, International Honor Society of Nursing","$ 6,000",March 1,Variable
scholarships_html/scholarship-1198.html,JSU Alabama Agnes Manes Scholarship,Scholarships.com,"Amount Varies Deadline: February 01, 2026 Awards Available: Varies Eligibility Criteria: Financial Aid Status Current Year in School College Selection College Selection State Citizenship Age Share: You May Also Like Nich","February 01, 2026",
scholarships_html/internationalscholarships-1037.html,Programme De Bourses D'été Pour Francophones Hors Québec,Canadian Heritage,"$ 1,625",February 15,30
scholarships_html/scholarships360-1264.html,Caroline Thorn Kissel Summer Environmental Studies Scholarship,,"$ 10,000",This scholarship might not currently be accepting applications. Most scholarship programs only accept applications a few months ahead of their annual deadline. We’ve estimated this deadline based on last year’s deadline,ship Earning this scholarship will help me achieve my educational and career goals by reducing the cost of my full-time tuition.
scholarships_html/scholarships360-1183.html,Kenneth Stollings Memorial Engineering Scholarship,,"$ 10,000",This scholarship might not currently be accepting applications. Most scholarship programs only accept applications a few months ahead of their annual deadline. We’ve estimated this deadline based on last year’s deadline,ship Earning this scholarship will help me achieve my educational and career goals by reducing the cost of my full-time tuition.
scholarships_html/bigfuture-0776.html,Isabel M. Paddock Student Scholarship,New York State Association of Educational Office Professionals,$ 500,5/15/2025,Need-Based: No
scholarships_html/scholarship-0318.html,Operation Second Chance Scholarship,Scholarships.com,"$ 5,000","May 01, 2026",
scholarships_html/scholarship-0687.html,Virginia Museum of Fine Arts Visual Arts Fellowship,Scholarships.com,"$ 8,000","November 07, 2025",
scholarships_html/mastersportal-0298.html,Qin Sirong and Yin Hongxiu Scholarship,University of Queensland,"USD 22,451",31 Oct 2025,"54 USD / year Tuition unknown 24 months University of Wollongong Multiple locations 24,239 USD / year 21,354 USD / year Tuition unknown 24 months Featured Agricultural Systems Major (MSc AgriFoodSecur) M."
scholarships_html/scholarships360-1122.html,Florida Dairy Farmers Academic All-State Team Scholarship,,"$ 10,000",This scholarship might not currently be accepting applications. Most scholarship programs only accept applications a few months ahead of their annual deadline. We’ve estimated this deadline based on last year’s deadline,ship Earning this scholarship will help me achieve my educational and career goals by reducing the cost of my full-time tuition.
scholarships_html/internationalscholarships-1017.html,Kathleen S. Anderson Award,Manomet Observatory,"$ 1,000",December 1,Variable
scholarships_html/scholarships360-1252.html,Ethnic Minority and Women’s Enhancement Graduate Scholarship,,"$ 10,000","February 3, 2025",ship Earning this scholarship will help me achieve my educational and career goals by reducing the cost of my full-time tuition.
scholarships_html/mastersportal-1528.html,The City Law School Scholarship for Academic Excellence,"City, University of London","£ 5,000",16 Jun 2026,Multiple
scholarships_html/internationalscholarships-1252.html,Nitobe Fellowships For Japanese Social Scientists,International House of Japan,"$ 53,000",July 31,3
scholarships_html/mastersportal-0857.html,Erasmus Mundus Joint Masters,Government of Flanders,"€ 1,400",Not specified,Multiple
scholarships_html/scholarship-0769.html,Theodore J. and F. Elizabeth Kirsch Southern California Scholarship,Scholarships.com,"$ 10,000","December 01, 2025",
scholarships_html/mastersportal-0341.html,Cardiff Met Sanctuary Award,Cardiff Metropolitan University,"USD 36,011",Not specified,Full tuition
scholarships_html/bigfuture-1450.html,Naval ROTC Room and Board Scholarship,Florida A&M University,Award Amount Varies,6/13/2025,Need-Based: No
scholarships_html/mastersportal-1749.html,MSc Applied Gender Studies Community Bursary,University of Strathclyde,£ 700,Anytime,"University of Strathclyde awards scholarships, bursaries, tuition fee reductions and discounts that help you cover existing tuition and living costs."
scholarships_html/scholarship-1861.html,Philip A. Hart Memorial Scholarship,Scholarships.com,"$ 10,000","March 01, 2026",The scholarship is a full-time tuition award and is renewable based on meeting the distinguished scholarship renewal criteria.
scholarships_html/mastersportal-0816.html,Future Lawyers Scholarship,Andrew Cores Family Law Group,"$ 2,000",15 Sep 2025,Is enrolled or is planning to enroll in an accredited law school within the United States. Achieved a 3.0 GPA or higher in their most recently completed academic semester. Is a citizen or permanent resident of the United States. Is at least 17 years of age.
scholarships_html/mastersportal-1422.html,INSEAD Class of MBA'65 Scholarship for Diversity,INSEAD - The Business School for the World,"€ 20,000",Not specified,one
scholarships_html/scholarships360-1499.html,Bernt Anker Scholarship,,"$ 10,000",This scholarship might not currently be accepting applications. Most scholarship programs only accept applications a few months ahead of their annual deadline. We’ve estimated this deadline based on last year’s deadline,ship Earning this scholarship will help me achieve my educational and career goals by reducing the cost of my full-time tuition.
scholarships_html/scholarship-2192.html,Sid Richardson Memorial Scholarship Fund,Scholarships.com,"$ 10,000","March 15, 2026",
scholarships_html/scholarships360-2061.html,Maskery Family Scholarship,,"$ 10,000",This scholarship might not currently be accepting applications. Most scholarship programs only accept applications a few months ahead of their annual deadline. We’ve estimated this deadline based on last year’s deadline,ship Earning this scholarship will help me achieve my educational and career goals by reducing the cost of my full-time tuition.
scholarships_html/scholarship-0921.html,Lehigh University Cutler-Sametz Scholarship,Scholarships.com,"$ 20,000","January 10, 2026","This is a merit-based scholarship, including a stipend and voice lessons."
scholarships_html/mastersportal-0218.html,Jason Passioura Bursary,Australian National University,"$ 1,500",Not specified,Multiple
scholarships_html/scholarship-0421.html,HSVMA Compassionate Care Veterinary Student Scholarship,Scholarships.com,"$ 10,000","June 30, 2025",
scholarships_html/internationalscholarships-1350.html,Francois Fiessinger Ph.D. Scholarship,Environmental Research and Education Foundation (EREF),"$ 12,000",Postmarked by September 1,2
scholarships_html/mastersportal-0868.html,Jake and Lorna Jacobson Scholarship,University of North Dakota,"$ 1,100",01 Mar 2026,full Tuition
scholarships_html/mastersportal-1504.html,Scholarship for Engineering Management MSc,University of Bradford,"£ 7,500",Anytime,Multiple
scholarships_html/scholarships360-0171.html,Jack Scura Fund Annual Scholarship,,"$ 10,000","July 31, 2025",ship Earning this scholarship will help me achieve my educational and career goals by reducing the cost of my full-time tuition.
scholarships_html/scholarship-0892.html,New York University Lewis Rudin City Scholarships,Scholarships.com,"$ 10,000","January 05, 2026","Unlike loans, if you receive a scholarship or grant from New York University or an outside organization, you will not need to repay those funds."
scholarships_html/scholarships360-1072.html,Barry Goldwater Scholarship,,"$ 10,000",This scholarship might not currently be accepting applications. Most scholarship programs only accept applications a few months ahead of their annual deadline. We’ve estimated this deadline based on last year’s deadline,"Recipients of the scholarship receive up to $7,500 to help pay for tuition, fees, books, and room and board."
scholarships_html/scholarships360-1484.html,Orner-Cook Scholarship,,"$ 10,000",This scholarship might not currently be accepting applications. Most scholarship programs only accept applications a few months ahead of their annual deadline. We’ve estimated this deadline based on last year’s deadline,ship Earning this scholarship will help me achieve my educational and career goals by reducing the cost of my full-time tuition.
scholarships_html/scholarship-0404.html,The National Academy of Television Arts & Sciences National Scholarships,Scholarships.com,"$ 10,000","March 31, 2026",
scholarships_html/bigfuture-0692.html,Memorial Scholarship,Maryland Correctional Administrators Association,Award Amount Varies,5/6/2025,Need-Based: No
scholarships_html/mastersportal-1945.html,Doris J. Ramsey Endowed Theatre Scholarship,Central Michigan University,unknown,Anytime,Multiple
scholarships_html/mastersportal-0731.html,John S. Zink Fellowship for Students with Physical Disabilities,University of Tulsa,"$ 4,000",Anytime,full Tuition
scholarships_html/scholarship-0088.html,LZACC Scholarship Program,Scholarships.com,"$ 1,000","October 01, 2025",
scholarships_html/scholarship-1728.html,Christian James Mazzariello Memorial Scholarship Fund,Scholarships.com,"$ 100,000","March 01, 2026",
scholarships_html/bigfuture-0069.html,Charles & Marguerite Cave Endowed Scholarship,Broward College,Award Amount Varies,1/1/2025,Need-Based : Yes
scholarships_html/scholarships360-0267.html,AvaCare Medical Scholarship,,"$ 10,000","December 15, 2025",ship Earning this scholarship will help me achieve my educational and career goals by reducing the cost of my full-time tuition.
scholarships_html/internationalscholarships-1187.html,Research Participation Projects through,Argonne National Laboratory,,Unrestricted,Variable
scholarships_html/mastersportal-0924.html,Merit scholarships for international students enrolled at Universität Hamburg,University of Hamburg,€ 930,15 Oct 2025,Multiple
scholarships_html/scholarship-2074.html,Pacific Gas & Electric Company Veterans ERG Scholarship,Scholarships.com,"$ 5,000","March 14, 2026",
scholarships_html/scholarships360-0036.html,Epsilon Omicron Kappa Scholarship,,"$ 10,000",This scholarship might not currently be accepting applications. Most scholarship programs only accept applications a few months ahead of their annual deadline. We’ve estimated this deadline based on last year’s deadline,ship Earning this scholarship will help me achieve my educational and career goals by reducing the cost of my full-time tuition.
scholarships_html/bigfuture-1867.html,Margaret Leidig Quasi-Endowed Scholarship,Stetson University,Award Amount Varies,1/1/2025,Need-Based: No
scholarships_html/internationalscholarships-0851.html,LankaCorps Fellowship,The Asia Foundation,program expenses covered,January 28,5-7
scholarships_html/internationalscholarships-1218.html,Japanese Iron And Steel Graduate Fellowship In Japanese Studies,"University of Pittsburgh, Asian Studies Program",$,January,1
scholarships_html/scholarship-0694.html,Arizona Breaking Barriers Student Athlete Scholarship,Scholarships.com,"$ 3,000","November 14, 2025",
scholarships_html/scholarships360-1626.html,Minnesota Masonic Charities Signature Scholarship,,"$ 10,000",This scholarship might not currently be accepting applications. Most scholarship programs only accept applications a few months ahead of their annual deadline. We’ve estimated this deadline based on last year’s deadline,ship Earning this scholarship will help me achieve my educational and career goals by reducing the cost of my full-time tuition.
scholarships_html/scholarship-1412.html,Team One Credit Union- Dean Ruple Scholarship,Scholarships.com,"Amount Varies Deadline: February 07, 2026 Awards Available: Varies Eligibility Criteria: GPA Financial Aid Status State Selection Current Year in School Personal Interest/Attribute County Selection Age Share: You May Als","February 07, 2026",
scholarships_html/bigfuture-1243.html,Claes Nobel Academic Excellence Scholarship,High School Scholars,"$ 5,000",5/13/2025,Need-Based : No
scholarships_html/mastersportal-2070.html,Scott Rosien & Locke Chartered Professional Accountants Award,The Hebrew University of Jerusalem,"USD 11,402",Not specified,full Tuition
scholarships_html/bigfuture-0702.html,Four Corners Power Plant Navajo Scholarship,Arizona Public Service Company,"$ 1,500",5/1/2025,Need-Based: No
scholarships_html/mastersportal-1478.html,EMBA Early Application Scholarships,ESMT Berlin,"€ 10,000",Anytime,"ESMT Berlin awards scholarships, bursaries, tuition fee reductions and discounts that help you cover existing tuition and living costs."
scholarships_html/bigfuture-2057.html,John V. Tyndall Quasi-Endowed Scholarship,Stetson University,Award Amount Varies,1/1/2025,Need-Based: No
scholarships_html/scholarships360-0355.html,VASWCD Educational Foundation Inc. Scholarship Awards Program,,"$ 10,000",Early March Winner Announcement May 2025 Start Applying Scholarship Overview The VASWCD Educational Foundation Inc. Scholarship Awards Program is a fantastic opportunity for Virginia residents who are high school seniors,ship Earning this scholarship will help me achieve my educational and career goals by reducing the cost of my full-time tuition.
scholarships_html/mastersportal-1841.html,Charles “”Chuck”” Millham Endowed Scholarship in Mathematics,Washington State University,"USD 9,960",31 Jan 2026,"9,960 USD / year Tuition unknown 18 months Liberty University Online 9,960 USD / year 9,960 USD / year 9,960 USD / year Tuition unknown 18 months Featured Mathematical Sciences M."
scholarships_html/scholarships360-0274.html,Jesse W. Fell Scholarship,,"$ 10,000","December 15, 2025",ship Earning this scholarship will help me achieve my educational and career goals by reducing the cost of my full-time tuition.
scholarships_html/internationalscholarships-0864.html,Peace Revolution Artistic Fellowship in Thailand - January 2014,World Peace Initiative Foundation,,,14th
scholarships_html/scholarships360-1440.html,Hutchinson Scholarship,,"$ 10,000",This scholarship might not currently be accepting applications. Most scholarship programs only accept applications a few months ahead of their annual deadline. We’ve estimated this deadline based on last year’s deadline,"falfa County, Beaver County, Beckham County, Blaine County, Custer County, Dewey County, Ellis County, Garfield County, Grant County, Harper County, Major Cou."
scholarships_html/scholarship-1634.html,Lantos Foundation Activist Artist Scholarship,Scholarships.com,"$ 5,000","February 28, 2026",
scholarships_html/internationalscholarships-0963.html,Fulbright Northern Ireland Public Sector Fellowships,US-UK Fulbright Commission,"$ 5,000",Nov 15,3
scholarships_html/mastersportal-1560.html,LGCHT Friends and Alumni Scholarship,University of West London,"£ 5,000",Not specified,"ition unknown 24 months University of Greenwich Blackheath, England, United Kingdom 28,848 USD / year 22,735 USD / year Tuition unknown 24 months Featured International Tourism, Hospitality and Events Management with Advanced Research M."
scholarships_html/mastersportal-1676.html,Olive C. Bushby Scholarship,University of North Dakota,"$ 1,400",01 Mar 2026,"University of North Dakota awards scholarships, bursaries, tuition fee reductions and discounts that help you cover existing tuition and living costs."
scholarships_html/bigfuture-2080.html,New Mexico Children of Deceased Military Personnel Scholarship,New Mexico Department of Veterans' Services,Award Amount Varies,1/1/2025,Need-Based: No
scholarships_html/scholarships360-1999.html,Path-Away Scholarship,,"$ 10,000",This scholarship might not currently be accepting applications. Most scholarship programs only accept applications a few months ahead of their annual deadline. We’ve estimated this deadline based on last year’s deadline,ship Earning this scholarship will help me achieve my educational and career goals by reducing the cost of my full-time tuition.
scholarships_html/bigfuture-1154.html,Floriculture Career Development Event Awards,National FFA Organization,"$ 1,000",3/1/2025,Need-Based: No
scholarships_html/scholarship-1994.html,Jennifer Leigh Soper Cystic Fibrosis Scholarship,Scholarships.com,"$ 1,000","March 07, 2026",
scholarships_html/scholarship-0477.html,PHAM For Love of Country Scholarship,Scholarships.com,"$ 10,000","February 01, 2026",
scholarships_html/scholarships360-1700.html,Faulconer Scholarship,,"$ 10,000",This scholarship might not currently be accepting applications. Most scholarship programs only accept applications a few months ahead of their annual deadline. We’ve estimated this deadline based on last year’s deadline,ship Earning this scholarship will help me achieve my educational and career goals by reducing the cost of my full-time tuition.
scholarships_html/bigfuture-0038.html,Todd Stolfa Endowed Scholarship,Broward College,Award Amount Varies,1/1/2025,Need-Based: No
scholarships_html/bigfuture-1951.html,Charles P. Zarrelli KCCSI Scholarship,Johnson County Community College,Award Amount Varies,1/1/2025,Need-Based: No
scholarships_html/scholarships360-0651.html,The Hawthorn Foundation Scholarships,,"$ 10,000",This scholarship might not currently be accepting applications. Most scholarship programs only accept applications a few months ahead of their annual deadline. We’ve estimated this deadline based on last year’s deadline,"so, consider applying for The Hawthorn Foundation Scholarships! Twice a year, the scholarships help cover the costs of tuition, fees, and books for multiple Wyoming residents needing help funding their education, no matter the level."
scholarships_html/scholarships360-0506.html,Greg Goff Leadership Award,,"$ 10,000",This scholarship might not currently be accepting applications. Most scholarship programs only accept applications a few months ahead of their annual deadline. We’ve estimated this deadline based on last year’s deadline,"Scholarships360 Get matched with vetted scholarships and enter our $10,000 No-Essay Scholarship Please select whichever best describes you for the 2024 - 2025 academic year. I’m a high school student I’m a college or graduate student 100% Free. No Spam. Start"
scholarships_html/bigfuture-2036.html,C.H.A.S.E. Honorary Anesthesiology Scholarship,Nova Southeastern University,Award Amount Varies,1/1/2025,Need-Based: No
scholarships_html/internationalscholarships-0488.html,-Call for Essay-Aug-Nov 2017,Lifesaver Essays,$ 200,,Multiple
scholarships_html/mastersportal-0006.html,Global Scholarship Program (GSP),Chungnam National University,USD 733,Not specified,Full tuition
scholarships_html/scholarships360-0918.html,Alabama Thespian High School Senior Scholarship,,"$ 10,000",This scholarship might not currently be accepting applications. Most scholarship programs only accept applications a few months ahead of their annual deadline. We’ve estimated this deadline based on last year’s deadline,ship Earning this scholarship will help me achieve my educational and career goals by reducing the cost of my full-time tuition.
scholarships_html/mastersportal-1591.html,School of Health & Psychological Sciences Dean's Scholarship for Academic and Clinical Excellence,"City, University of London","£ 3,000",22 Aug 2025,Multiple
scholarships_html/bigfuture-0357.html,"A.L. ""Mike"" Monroe/Ralph D. Williams, III Sports Scholarship",International Union of Painters and Allied Trades,Award Amount Varies,4/30/2025,Need-Based: Yes
scholarships_html/mastersportal-1965.html,The InfraGard Birmingham Gary Warner Scholarship,The University of Alabama at Birmingham,unknown,Anytime,Multiple
scholarships_html/mastersportal-0910.html,Monash Elite Student Performer Grant,Mona,$ 100,Not specified,"ear Tuition unknown 12 months Curtin University Perth, Western Australia, Australia 21,918 USD / year 13,624 USD / year Tuition unknown 12 months Featured Agricultural Systems Major (MSc AgriFoodSecur) M."
scholarships_html/mastersportal-0201.html,Rongotea Lions Club Student Assistance Fund,Massey University,"$ 2,500",03 Mar 2026,"21,496 USD / year Tuition unknown 12 months Victoria University of Wellington Wellington, New Zealand 21,496 USD / year Tuition unknown 12 months Featured Political Science M."
scholarships_html/scholarship-1520.html,Tarleton State University General Scholarships,Scholarships.com,"$ 12,000","February 15, 2026",
scholarships_html/scholarship-0929.html,Bobby Phills Scholarship Fund,Scholarships.com,"$ 1,000","January 12, 2026","These funds can be used for various educational expenses, from tuition and books to room and board."
scholarships_html/internationalscholarships-0028.html,Marie Sklodowska-Curie Postdoctoral Fellowship,European Commission,,11/09/2024,
scholarships_html/mastersportal-2027.html,Pokémon Scholarship,Royal College of Art,"USD 33,106",Anytime,full Tuition
scholarships_html/scholarship-1559.html,Cardinal Newman Society Essay Contest,Scholarships.com,"$ 20,000","February 18, 2026",
scholarships_html/bigfuture-1679.html,Gold Cross Ambulance Scholarship,Community Foundation for the Fox Valley Region,"$ 1,000",12/1/2024,Need-Based: Yes
scholarships_html/scholarships360-0443.html,ADEA/Crest-B Scholarship for Predoctoral Dental Students,,"$ 10,000",This scholarship might not currently be accepting applications. Most scholarship programs only accept applications a few months ahead of their annual deadline. We’ve estimated this deadline based on last year’s deadline,ship Earning this scholarship will help me achieve my educational and career goals by reducing the cost of my full-time tuition.
scholarships_html/mastersportal-0225.html,Annual Video Contest Scholarship,IvyPanda,"$ 1,500",31 Oct 2025,full Tuition
scholarships_html/internationalscholarships-1406.html,Lalor Fellowship,Lalor Foundation,"$ 20,000",November 1,15
scholarships_html/scholarship-0244.html,Texas State University President's Honor Scholarship,Scholarships.com,"$ 48,000","July 15, 2025",
scholarships_html/mastersportal-0211.html,Scholarship for United States | 2000 USD | Mastersportal,Education USA,"$ 2,000",Not specified,full Tuition
scholarships_html/scholarship-1661.html,Stewart Golden Music Scholarship,Scholarships.com,"$ 1,000","February 28, 2026",
scholarships_html/scholarship-0369.html,Dr Pepper Tuition Giveaway,Scholarships.com,"$ 100,000","September 30, 2025",Dr Pepper Tuition Giveaway - Scholarships.
scholarships_html/scholarships360-0146.html,Nurse Education Assistance Loan Program (NEALP),,"$ 10,000","July 15, 2025",ship Earning this scholarship will help me achieve my educational and career goals by reducing the cost of my full-time tuition.
scholarships_html/internationalscholarships-0248.html,Game Development Scholarship Program For USA-Canada,AIS Technolabs,$,May,1
scholarships_html/mastersportal-0791.html,Craft Your Legacy Scholarship,The University of Alabama at Birmingham,unknown,Anytime,full Tuition
scholarships_html/bigfuture-1750.html,Maggie Sabato Graphic Design Scholarship,Johnson County Community College,Award Amount Varies,1/1/2025,Need-Based: No
scholarships_html/scholarships360-0758.html,Crutchfield-Healy Memorial Scholarship,,"$ 10,000",This scholarship might not currently be accepting applications. Most scholarship programs only accept applications a few months ahead of their annual deadline. We’ve estimated this deadline based on last year’s deadline,ship Earning this scholarship will help me achieve my educational and career goals by reducing the cost of my full-time tuition.
scholarships_html/mastersportal-0896.html,Young Legal Professionals Scholarship,Law Office of Kari H. Fawcett,"$ 1,000",18 Aug 2025,full Tuition
scholarships_html/scholarship-0215.html,Sharon Stephens Brehm Undergraduate Psychology Scholarships,Scholarships.com,"$ 5,500","July 10, 2025","tuition, institutional fees, required textbooks, etc."
scholarships_html/internationalscholarships-1200.html,Judith Resnick Memorial Scholarship,Society of Women Engineers (SWE),"$ 2,000",February 1,Variable
scholarships_html/mastersportal-1020.html,Alan and Susan Lapp Honors Scholarship,The University of Toledo,unknown,01 Mar 2026,full Tuition
scholarships_html/scholarships360-1077.html,Madeline Pickett (Halbert) Cogswell Nursing Scholarship,,"$ 10,000",This scholarship might not currently be accepting applications. Most scholarship programs only accept applications a few months ahead of their annual deadline. We’ve estimated this deadline based on last year’s deadline,ship Earning this scholarship will help me achieve my educational and career goals by reducing the cost of my full-time tuition.
scholarships_html/mastersportal-0723.html,Southampton Chemistry Deans International Scholarship,University of Southampton,"£ 5,000",Not specified,"37 USD / year Tuition unknown 12 months Loughborough University Loughborough, England, United Kingdom 31,937 USD / year Tuition unknown 12 months Featured Computer Science (Conversion) M."
scholarships_html/bigfuture-0912.html,Memorial Scholarship,Alaskan Aviation Safety Foundation,"$ 2,000",5/31/2025,Need-Based : Yes
scholarships_html/scholarships360-0008.html,Come,,"$ 10,000","June 30, 2025",ship Earning this scholarship will help me achieve my educational and career goals by reducing the cost of my full-time tuition.
scholarships_html/mastersportal-1033.html,WordUp Scholarship,London School of Innovation,"USD 41,143",Anytime,"on unknown 12 months Sheffield Hallam University Sheffield, England, United Kingdom 24,349 USD / year 12,707 USD / year Tuition unknown 12 months Featured Translation and Interpreting Studies M."
scholarships_html/scholarship-0406.html,Stuck At Prom Scholarship Contest,Scholarships.com,"$ 15,000","June 04, 2026",
scholarships_html/mastersportal-1051.html,RIT Master Plan,Rochester Institute of Technology,"USD 27,940",Not specified,full Tuition
scholarships_html/scholarship-2134.html,George and Lynna Gene Cook Scholarship,Scholarships.com,"$ 6,000","March 15, 2026",
scholarships_html/scholarship-2022.html,Michael Burke Sr. Memorial Scholarship,Scholarships.com,"$ 5,000","March 10, 2026",
scholarships_html/scholarship-2000.html,Stephen L. Keller Scholarship,Scholarships.com,"$ 8,000","March 07, 2026",
scholarships_html/bigfuture-2007.html,Asher & Audrey Langworthy Family Scholarship,Johnson County Community College,Award Amount Varies,1/1/2025,Need-Based: No
scholarships_html/scholarships360-0657.html,Georgia Public Safety Memorial Scholarship,,"$ 10,000",This scholarship might not currently be accepting applications. Most scholarship programs only accept applications a few months ahead of their annual deadline. We’ve estimated this deadline based on last year’s deadline,ship Earning this scholarship will help me achieve my educational and career goals by reducing the cost of my full-time tuition.
scholarships_html/scholarships360-0731.html,Rodeo Austin Scholarship,,"$ 10,000",This scholarship might not currently be accepting applications. Most scholarship programs only accept applications a few months ahead of their annual deadline. We’ve estimated this deadline based on last year’s deadline,ship Earning this scholarship will help me achieve my educational and career goals by reducing the cost of my full-time tuition.
scholarships_html/scholarship-1657.html,Sandra Pearson Award: Student of Courage,Scholarships.com,"$ 1,200","February 28, 2026",Student of Courage - Scholarships.com Students Scholarship Search College scholarships you qualify for. Scholarship Directory Find scholarships by category. Student Resources Top resources for your scholarship journey. Student Loans Explore loan options to
scholarships_html/mastersportal-1052.html,Graduate Tuition Scholarships,Rochester Institute of Technology,"USD 27,940",Anytime,full Tuition
scholarships_html/bigfuture-0676.html,Iowa Tuition Grant,Iowa College Aid,Award Amount Varies,10/1/2024,Need-Based: Yes
scholarships_html/internationalscholarships-1359.html,Frank Zeidler International Scholar,"Department of History, U. Wisconsin-Milwaukee",$2000,February,1
scholarships_html/scholarship-0496.html,University of Georgia Classic Scholarship,Scholarships.com,"$ 38,080","July 31, 2025","of Georgia Classic Scholarship, out-of-state residents may be offered annual, fully-renewable scholarships, providing a waiver of tuition and fees equal to half the differential between in-state and out-of-state costs."
scholarships_html/internationalscholarships-0046.html,Special Caribbean Fellowships Program,Organization of American States (OAS),,,Variable
scholarships_html/scholarship-1688.html,Wilanna K. Robinson Scholarship,Scholarships.com,"$ 10,000","February 28, 2026",
scholarships_html/mastersportal-0383.html,Master of Economics Scholarship,Monash University,"$ 33,000",Not specified,full Tuition
scholarships_html/mastersportal-0186.html,Bhati Family India Travel Grant,Australian National University,"$ 3,500",Not specified,"ear Tuition unknown 12 months Curtin University Perth, Western Australia, Australia 21,770 USD / year 13,532 USD / year Tuition unknown 12 months Featured Agricultural Systems Major (MSc AgriFoodSecur) M."
scholarships_html/mastersportal-0420.html,"College of Health, Science and Society Dean's Scholarship",UWE Bristol (University of the West of England),"USD 25,722",Not specified,Multiple
scholarships_html/scholarship-1378.html,NPPF TV News Scholarship,Scholarships.com,"$ 2,000","February 07, 2026",
scholarships_html/internationalscholarships-0189.html,Scholarship for Orphans,Custom Essay Meister,$,.,1
scholarships_html/mastersportal-1803.html,Marguerite Black Memorial Endowed Scholarship,Washington State University,"USD 30,780",31 Jan 2026,Multiple
scholarships_html/mastersportal-1168.html,INSEAD GEMBA Scholarship for Entrepreneurship,INSEAD - The Business School for the World,"USD 18,204",Not specified,Multiple
scholarships_html/mastersportal-1903.html,Arnold Green Endowed Scholarship in Education,Washington State University,"USD 30,780",31 Jan 2026,"12 months Widener University Chester, Pennsylvania, United States 30,780 USD / year 30,780 USD / year 30,780 USD / year Tuition unknown 12 months Featured Education Policies for Global Development (GLOBED) M."
scholarships_html/bigfuture-1283.html,Diversity Scholarship,National Society of High School Scholars,"$ 2,000",4/2/2025,Need-Based: No
scholarships_html/bigfuture-0725.html,Scholarship,New York State Golf Association,Award Amount Varies,5/13/2025,Need-Based: Yes
scholarships_html/scholarships360-1273.html,Jerry and Anna Wardell Memorial Scholarship,,"$ 10,000",This scholarship might not currently be accepting applications. Most scholarship programs only accept applications a few months ahead of their annual deadline. We’ve estimated this deadline based on last year’s deadline,ship Earning this scholarship will help me achieve my educational and career goals by reducing the cost of my full-time tuition.
scholarships_html/scholarships360-0962.html,Von Gontard Memorial Scholarship,,"$ 10,000",This scholarship might not currently be accepting applications. Most scholarship programs only accept applications a few months ahead of their annual deadline. We’ve estimated this deadline based on last year’s deadline,ship Earning this scholarship will help me achieve my educational and career goals by reducing the cost of my full-time tuition.
scholarships_html/scholarships360-0373.html,Early Childhood Educators Scholarship Program,,"$ 10,000",This scholarship might not currently be accepting applications. Most scholarship programs only accept applications a few months ahead of their annual deadline. We’ve estimated this deadline based on last year’s deadline,ship Earning this scholarship will help me achieve my educational and career goals by reducing the cost of my full-time tuition.
scholarships_html/bigfuture-0831.html,Western and English Sales Association Scholarship,National High School Rodeo Association,Award Amount Varies,5/16/2025,Need-Based: Yes
scholarships_html/bigfuture-1132.html,Ben & Martha Simmons Scholarship,United Methodist Church-Florida Conference,"$ 6,000",2/1/2025,Need-Based: No
scholarships_html/bigfuture-1112.html,Florida Medallion Scholarship,Florida Office of Student Financial Assistance,Award Amount Varies,10/1/2024,Need-Based: No
scholarships_html/bigfuture-0221.html,Wisconsin Grant Scholarship,Wisconsin Higher Educational Aids Board,"$ 3,150",4/30/2025,Need-Based: Yes
scholarships_html/scholarships360-2089.html,NASA/DESGC Undergraduate Tuition Awards,,"$ 10,000",This scholarship might not currently be accepting applications. Most scholarship programs only accept applications a few months ahead of their annual deadline. We’ve estimated this deadline based on last year’s deadline,"Scholarships360 Get matched with vetted scholarships and enter our $10,000 No-Essay Scholarship Please select whichever best describes you for the 2024 - 2025 academic year. I’m a high school student I’m a college or graduate student 100% Free. No Spam. Start"
scholarships_html/scholarships360-0183.html,South Carolina Tuition Grants,,"$ 10,000","August 1, 2025","y? Further, are you, or your parent, a legal South Carolina resident? If so, you may be eligible for the South Carolina Tuition Grants! Each year, the grants are awarded to multiple students attending one of 21 South Carolina universities."
scholarships_html/scholarship-0829.html,Balanced Man Scholarship - Austin Peay State University,Scholarships.com,"$ 1,750","December 31, 2025",
scholarships_html/internationalscholarships-1137.html,Westinghouse Competition,Siemens Foundation,"$ 10,000",October 3,24
scholarships_html/internationalscholarships-0602.html,“Design for Space” Challenge,Autodesk,"$ 1,000","August 31, 2016",4
scholarships_html/scholarship-0426.html,Curtis Institute of Music/Tuition Scholarships,Scholarships.com,"Full-Tuition Deadline: December 10, 2025 Awards Available: Varies Eligibility Criteria: Selected Major(s) Artistic Ability Current Year in School College Selection College Selection State Age Share: You May Also Like Nic","December 10, 2025",Curtis Institute of Music/Tuition Scholarships - Scholarships.
scholarships_html/scholarships360-0626.html,Gretchen Laatsch Grant and Scholarship,,"$ 10,000",This scholarship might not currently be accepting applications. Most scholarship programs only accept applications a few months ahead of their annual deadline. We’ve estimated this deadline based on last year’s deadline,ship Earning this scholarship will help me achieve my educational and career goals by reducing the cost of my full-time tuition.
scholarships_html/mastersportal-0614.html,James Macquitty Scholarship,Queen's University Belfast,"£ 17,600",16 Aug 2025,"Queen's University Belfast awards scholarships, bursaries, tuition fee reductions and discounts that help you cover existing tuition and living costs."
scholarships_html/mastersportal-2059.html,Renfrew County Early Childhood Education Program Directors Award,The Hebrew University of Jerusalem,"USD 27,637",Not specified,"ssissippi State University Starkville, Mississippi, United States 27,637 USD / year 27,637 USD / year 10,052 USD / year Tuition unknown 24 months Early Childhood Education M."
scholarships_html/scholarship-0700.html,Georgia State University Presidential Scholarship,Scholarships.com,"$ 133,040","November 15, 2025","Scholarships can be used to defray costs associated with being a scholar, including tuition, fees and living expenses, research materials and study abroad."
scholarships_html/internationalscholarships-0944.html,IMT PhD Scholarships,IMT Institute for Advanced Studies,"€ 13,630",September 26,36
scholarships_html/mastersportal-0641.html,Te Tipu Whakarito - Teach NZ Scholarships,Massey University,"$ 10,000",12 Feb 2026,"21,496 USD / year Tuition unknown 12 months Victoria University of Wellington Wellington, New Zealand 21,496 USD / year Tuition unknown 12 months Featured Political Science M."
scholarships_html/internationalscholarships-1254.html,International Student Grants at,The College of Wooster,,February 15; November 1,Variable
scholarships_html/mastersportal-0771.html,Richard K. Leffingwell Scholarship,California State University Northridge,"$ 3,000",Not specified,full Tuition
scholarships_html/scholarship-0673.html,University of Southern California Presidential Scholarship,Scholarships.com,"$ 139,600","November 01, 2025",full tuition
scholarships_html/mastersportal-1400.html,INSEAD Dean Brown Family Endowed Scholarship for Women,INSEAD - The Business School for the World,"€ 25,000",Not specified,one
scholarships_html/internationalscholarships-1221.html,"International Room, Board and Tuition Grants at",Drake University,"$ 4,770",March 1,65
scholarships_html/bigfuture-1194.html,Aspire (TSC2FSU) Scholarship,Florida State University,Award Amount Varies,1/18/2025,Need-Based: Yes
scholarships_html/internationalscholarships-0666.html,Teach Abroad Scholarship,English Language Centre,,,
scholarships_html/scholarships360-1476.html,Hispanic Scholarship Fund,,"$ 10,000",This scholarship might not currently be accepting applications. Most scholarship programs only accept applications a few months ahead of their annual deadline. We’ve estimated this deadline based on last year’s deadline,ship Earning this scholarship will help me achieve my educational and career goals by reducing the cost of my full-time tuition.
scholarships_html/bigfuture-0731.html,Ohio GFOA Traditional Student College Scholarship,Ohio Government Finance Officers Association,"$ 1,000",5/1/2025,Need-Based: No
scholarships_html/internationalscholarships-0434.html,"TUMS Pharm.D./M.Pharm. Program, September 2018",Tehran University of Medical Sciences,6500 USD,June 30th,Unlimited
scholarships_html/bigfuture-1270.html,"Clifford H. ""Ted"" Rees, Jr. Scholarship Foundation SkillsUSA - Fall Scholarship",Foundation,"$ 2,500",1/1/2025,Need-Based: No
scholarships_html/mastersportal-1542.html,Bourse KPMG-ESG,HEC Montreal,"$ 5,000",27 Jan 2026,Multiple
scholarships_html/scholarships360-0926.html,Crimestoppers Scholarship,,"$ 10,000",This scholarship might not currently be accepting applications. Most scholarship programs only accept applications a few months ahead of their annual deadline. We’ve estimated this deadline based on last year’s deadline,ship Earning this scholarship will help me achieve my educational and career goals by reducing the cost of my full-time tuition.
scholarships_html/mastersportal-0646.html,International Student Excellence Scholarship,University of Auckland,"$ 10,000",23 Oct 2025,"University of Auckland awards scholarships, bursaries, tuition fee reductions and discounts that help you cover existing tuition and living costs."
scholarships_html/scholarship-1940.html,Ford Opportunity Scholars Program,Scholarships.com,"$ 40,000","March 03, 2026",
scholarships_html/scholarships360-1255.html,Karolyn Kolb Martinez “Excellence in Nursing” Memorial Scholarship,,"$ 10,000",This scholarship might not currently be accepting applications. Most scholarship programs only accept applications a few months ahead of their annual deadline. We’ve estimated this deadline based on last year’s deadline,ship Earning this scholarship will help me achieve my educational and career goals by reducing the cost of my full-time tuition.
scholarships_html/bigfuture-2092.html,Adult Back to School Scholarship,Barberton Community Foundation,"$ 2,000",1/1/2025,Need-Based: Yes
scholarships_html/bigfuture-2083.html,Hallifax Scholarship for Mothers,Johnson County Community College,Award Amount Varies,1/1/2025,Need-Based: No
scholarships_html/scholarship-0331.html,W.O. Davis Memorial Scholarship,Scholarships.com,"$ 1,000","March 07, 2026",
scholarships_html/scholarship-1458.html,Washington State PTA Scholarship,Scholarships.com,"$ 2,500","February 13, 2026","The scholarship may be used to offset the cost of tuition, books, supplies, room and/or board."
scholarships_html/scholarship-0451.html,Apprentice Ecologist Scholarship,Scholarships.com,$ 583,"August 31, 2025",
scholarships_html/scholarship-0662.html,"University of Central Florida Pegasus Gold, Silver, and Bronze Scholarships",Scholarships.com,"$ 10,000","November 01, 2025","The number of awards will vary, and the maximum dollar amounts will vary (these can cover up to full-tuition)."
scholarships_html/scholarship-0117.html,Gucci Changemakers Scholarship,Scholarships.com,"$ 20,000","February 07, 2026",
scholarships_html/internationalscholarships-1554.html,Canada Council Annual Assistance To Media Arts Production Organization Grants,Canada Council - Arts Awards Service,,Unrestricted,Variable
scholarships_html/scholarship-0552.html,Justin Magnuson Justice Reform Foundation Scholarship,Scholarships.com,"$ 1,000","September 10, 2025",
scholarships_html/bigfuture-1494.html,Dr. Carline Clerge-Leger Scholarship,University of South Florida,Award Amount Varies,12/1/2024,Need-Based: No
scholarships_html/bigfuture-0639.html,Kenny Almeda Scholarship,United Portuguese S.E.S.,"$ 1,500",5/1/2025,Need-Based: No
scholarships_html/scholarships360-0600.html,Good Tidings Community Service Scholarship,,"$ 10,000",This scholarship might not currently be accepting applications. Most scholarship programs only accept applications a few months ahead of their annual deadline. We’ve estimated this deadline based on last year’s deadline,ship Earning this scholarship will help me achieve my educational and career goals by reducing the cost of my full-time tuition.
scholarships_html/internationalscholarships-0605.html,RESEARCH GRANT - BIM/Nº52 - 29-04-2016 - CRACKIT,Instituto de Telecomunicações,€ 980,29-04-2016,About Us Login Register Home RESEARCH GRANT - BIM/Nº52 - 29-04-2016 - .
scholarships_html/scholarship-2048.html,Association of Information Technology Professionals Scholarship,Scholarships.com,"$ 1,000","March 14, 2026",
scholarships_html/scholarship-0026.html,Bill H. James Foundation for Aspiring African American Engineers,Scholarships.com,$ 500,"July 15, 2025",
scholarships_html/scholarship-1134.html,Washington State University Cougar Commitment Scholarship,Scholarships.com,"$ 53,488","January 31, 2026",full tuition
scholarships_html/mastersportal-0133.html,Professor Bryan Emmerson Medical Scholarship,University of Queensland,"$ 9,000",07 Aug 2028,"ear Tuition unknown 12 months Curtin University Perth, Western Australia, Australia 21,770 USD / year 13,532 USD / year Tuition unknown 12 months Featured Agricultural Systems Major (MSc AgriFoodSecur) M."
scholarships_html/scholarship-0702.html,Illinois Tech Camras Scholars Program,Scholarships.com,"$ 202,544","November 15, 2025",Full tuition
scholarships_html/internationalscholarships-0577.html,Anthony C.,The National Public Employer Labor Relations Association Foundation,3000,"September 30, 2016",7
scholarships_html/scholarships360-1055.html,KSEF Duquesne University Scholarship,,"$ 10,000",This scholarship might not currently be accepting applications. Most scholarship programs only accept applications a few months ahead of their annual deadline. We’ve estimated this deadline based on last year’s deadline,Full tuition
scholarships_html/internationalscholarships-0091.html,Addiction & Mental Health Scholarship,Liberty Ranch,$1000,July 31,1+
scholarships_html/scholarship-0292.html,Women Band Directors International College Scholarships,Scholarships.com,"$ 10,000","November 01, 2025",
scholarships_html/scholarships360-1495.html,Ray Carpenter Memorial FFA/4-H Scholarship,,"$ 10,000",This scholarship might not currently be accepting applications. Most scholarship programs only accept applications a few months ahead of their annual deadline. We’ve estimated this deadline based on last year’s deadline,ship Earning this scholarship will help me achieve my educational and career goals by reducing the cost of my full-time tuition.
scholarships_html/scholarship-0976.html,MSSA Scholarship Program,Scholarships.com,"$ 5,000","January 15, 2026",
scholarships_html/scholarship-2128.html,Fallen Heroes Fund,Scholarships.com,"Full-Tuition Deadline: March 15, 2026 Awards Available: Varies Eligibility Criteria: Financial Aid Status State Selection Employment Current Year in School College Selection College Selection State Personal Interest/Attr","March 15, 2026",
scholarships_html/bigfuture-0726.html,Daniel J. Creedon & James D. Garibaldi Scholarship,California Association of Highway Patrolmen,Award Amount Varies,5/12/2025,Need-Based: Yes
scholarships_html/scholarships360-0620.html,"Lizbeth K. and Charles R. Emrick, Jr. Award",,"$ 10,000",This scholarship might not currently be accepting applications. Most scholarship programs only accept applications a few months ahead of their annual deadline. We’ve estimated this deadline based on last year’s deadline,"Scholarships360 Get matched with vetted scholarships and enter our $10,000 No-Essay Scholarship Please select whichever best describes you for the 2024 - 2025 academic year. I’m a high school student I’m a college or graduate student 100% Free. No Spam. Start"
scholarships_html/bigfuture-0579.html,Wei Chen Endowed Scholarship,Nova Southeastern University,"$ 1,000",11/1/2024,Need-Based: No
scholarships_html/bigfuture-1610.html,Captain Robert C. Sorensen Endowed Scholarship,Florida,Award Amount Varies,2/1/2025,Need-Based: No
scholarships_html/bigfuture-1569.html,Paul and Daisy Soros Fellowships for New Americans - BigFuture Scholarship Search,Paul & Daisy Soros Fellowships for New Americans,"$ 90,000",4/17/2025,
scholarships_html/scholarship-1037.html,PBWC Academic Scholarship Program,Scholarships.com,"$ 15,000","January 26, 2026",
scholarships_html/scholarships360-0321.html,NMF Emergency Scholarship Fund,,"$ 10,000","Rolling Start Applying Scholarship Overview Are you a second-through-fourth-year medical student in the U.S. who is part of an underrepresented minority group ? If so, consider applying for the NMF Emergency Scholarship",ship Earning this scholarship will help me achieve my educational and career goals by reducing the cost of my full-time tuition.
scholarships_html/bigfuture-1759.html,A. LaValle Creative Arts Scholarship,Stetson University,Award Amount Varies,1/1/2025,Need-Based: No
scholarships_html/internationalscholarships-0705.html,Heya Fellowship in Morocco,Peace Revolution,0,November 5,
scholarships_html/internationalscholarships-1240.html,"Transatlantic Research Cooperation Among German, Us And Canadian Scholars",Alexander Von Humboldt Foundation,,June; Decemeber,Variable
scholarships_html/internationalscholarships-0023.html,Scholarship for Aspiring African Students,Anonymous Hope Fund,3000USD,rolling,5000
scholarships_html/internationalscholarships-1545.html,Canadian Scholars Award,Schiller International University,One-quarter of tuition,Unrestricted,20
scholarships_html/scholarship-2138.html,Greater St. Louis Art Association Scholarship,Scholarships.com,"$ 2,500","March 15, 2026",
scholarships_html/mastersportal-0460.html,Coursework Master's Scholarship,University of Otago,"USD 6,064",Not specified,"22,193 USD / year Tuition unknown 12 months Victoria University of Wellington Wellington, New Zealand 22,193 USD / year Tuition unknown 12 months Featured Greek M."
scholarships_html/mastersportal-0351.html,Adlerbert Study Scholarships,Chalmers University of Technology,"USD 11,611",Not specified,Full tuition
scholarships_html/bigfuture-1311.html,"Green Simmons Company, Inc. Scholarship",University of West Florida,Award Amount Varies,3/1/2025,Need-Based: Yes
scholarships_html/mastersportal-1961.html,High Potential Scholarship,MCI - The Entrepreneurial School®,"USD 23,285",30 Jun 2025,"MCI - The Entrepreneurial School® awards scholarships, bursaries, tuition fee reductions and discounts that help you cover existing tuition and living costs."
scholarships_html/scholarships360-1781.html,Malcolm M. Gidley Memorial Scholarship,,"$ 10,000",This scholarship might not currently be accepting applications. Most scholarship programs only accept applications a few months ahead of their annual deadline. We’ve estimated this deadline based on last year’s deadline,ship Earning this scholarship will help me achieve my educational and career goals by reducing the cost of my full-time tuition.
scholarships_html/internationalscholarships-0497.html,Northwest International Achievement Scholarship,Northwest Missouri State University,Approx $6100,July 1 (Fall) or Nov 15 (Spring),Unlimited
scholarships_html/mastersportal-1022.html,Globalink Research Award,Australian National University,"USD 21,918",20 Nov 2025,"ear Tuition unknown 12 months Curtin University Perth, Western Australia, Australia 21,918 USD / year 13,624 USD / year Tuition unknown 12 months Featured Agricultural Systems Major (MSc AgriFoodSecur) M."
scholarships_html/bigfuture-1981.html,Anderson C. Bouchelle Scholarship,Stetson University,Award Amount Varies,1/1/2025,Need-Based: Yes
scholarships_html/internationalscholarships-1335.html,Mount Holyoke Foreign Fellowship,Holy,"$ 52,036",February 1,1 Spanish; 2 Italian
scholarships_html/scholarship-0864.html,A1 Solar Scholarship,Scholarships.com,"$ 1,000","January 01, 2026",
scholarships_html/bigfuture-0143.html,Bridge Scholarship Endowment Scholarship,Broward College,Award Amount Varies,1/1/2025,Need-Based: Yes
scholarships_html/internationalscholarships-0693.html,Undergraduate International Excellence Award,Eastern Illinois University,,March 1; October 1,Unlimited
scholarships_html/mastersportal-1896.html,Alvin J. Preis Scholarship,The University of Toledo,unknown,01 Mar 2026,"year 6 USD / year Tuition unknown 12 months Jawaharlal Nehru University New Delhi, India 3,000 USD / year 6 USD / year Tuition unknown 12 months Hudson Strode Program in Renaissance Studies M."
scholarships_html/mastersportal-0939.html,Adam Baker Power of Positivity Award Scholarship,University of North Dakota,$ 500,01 Mar 2026,full Tuition
scholarships_html/scholarship-0693.html,Hispanic Heritage Youth Awards,Scholarships.com,"$ 1,000","November 13, 2025",Scholarships.com Students Scholarship Search College scholarships you qualify for. Scholarship Directory Find scholarships by category. Student Resources Top resources for your scholarship journey. Student Loans Explore loan options to help pay for college.
scholarships_html/scholarships360-1733.html,Non-Traditional Student Scholarship,,"$ 10,000",This scholarship might not currently be accepting applications. Most scholarship programs only accept applications a few months ahead of their annual deadline. We’ve estimated this deadline based on last year’s deadline,ship Earning this scholarship will help me achieve my educational and career goals by reducing the cost of my full-time tuition.
scholarships_html/scholarship-1935.html,CFV Verdugos Scholarships,Scholarships.com,"$ 6,000","March 03, 2026",
scholarships_html/internationalscholarships-0526.html,POLSRI SCHOLARSHIP,POLITEKNIK NEGERI SRIWIJAYA,USD 6.600,20 September 1982,2017
scholarships_html/mastersportal-1148.html,OAS Scholarships,Universidad Europea,"USD 29,947",31 Aug 2025,Multiple
scholarships_html/scholarships360-0462.html,“Unboxing Your Life” Video Scholarship - Scholarships360,,"$ 10,000",This scholarship might not currently be accepting applications. Most scholarship programs only accept applications a few months ahead of their annual deadline. We’ve estimated this deadline based on last year’s deadline,ship Earning this scholarship will help me achieve my educational and career goals by reducing the cost of my full-time tuition.
scholarships_html/bigfuture-1456.html,TOPS Honors Award,Louisiana Office of Student Financial Assistance,Award Amount Varies,10/30/2024,Need-Based: No
scholarships_html/scholarship-1222.html,New York Islanders Community Leadership Scholarship,Scholarships.com,"$ 5,000","February 01, 2026",
scholarships_html/internationalscholarships-0307.html,J. Paul Getty Postdoctoral Fellowships,Getty Grant Program,"$ 40,000",October 1,Variable
scholarships_html/scholarships360-1940.html,Andrew Fayne Memorial Scholarship,,"$ 10,000",This scholarship might not currently be accepting applications. Most scholarship programs only accept applications a few months ahead of their annual deadline. We’ve estimated this deadline based on last year’s deadline,ship Earning this scholarship will help me achieve my educational and career goals by reducing the cost of my full-time tuition.
scholarships_html/scholarship-0634.html,Linda Thompson Memorial Scholarship,Scholarships.com,"$ 2,500","November 01, 2025",
scholarships_html/scholarship-0900.html,Nevada Womens Fund Scholarships,Scholarships.com,"$ 5,000","January 06, 2026",
scholarships_html/mastersportal-0063.html,Link Scholarship,Jeonbuk National University,"USD 5,823",Not specified,"me / On campus 4,807 USD / year Tuition unknown 24 months Seoul National University Seoul, South Korea 4,807 USD / year Tuition unknown 24 months Global Business Administration M."
scholarships_html/scholarships360-0701.html,SMART Scholarship Program,,"$ 10,000",This scholarship might not currently be accepting applications. Most scholarship programs only accept applications a few months ahead of their annual deadline. We’ve estimated this deadline based on last year’s deadline,full tuition
scholarships_html/bigfuture-0611.html,Martin Luther King Jr. Scholarship Awards,American Correctional Association,Award Amount Varies,3/3/2025,Need-Based: Yes
scholarships_html/mastersportal-1742.html,Music Department Scholarship,University of North Dakota,$ 900,01 Mar 2026,Multiple
scholarships_html/internationalscholarships-0369.html,15-Minute,MindSumo,$ 200,Rolling Deadline,250 per Month
scholarships_html/scholarship-0431.html,Hope College Distinguished Artist Awards - Music,Scholarships.com,"$ 12,000","January 14, 2026",Music - Scholarships.com Students Scholarship Search College scholarships you qualify for. Scholarship Directory Find scholarships by category. Student Resources Top resources for your scholarship journey. Student Loans Explore loan options to help pay for
scholarships_html/bigfuture-1883.html,Maizie C. Pepper Scholarship,Stetson University,Award Amount Varies,1/1/2025,Need-Based: No
scholarships_html/bigfuture-0661.html,RST/Sicangu Lakota Scholarship,Rosebud Sioux Tribal,Award Amount Varies,5/1/2025,Need-Based: Yes
scholarships_html/scholarships360-1043.html,Edward G. and Helen A. Borgens Elementary Teacher Scholarship,,"$ 10,000",This scholarship might not currently be accepting applications. Most scholarship programs only accept applications a few months ahead of their annual deadline. We’ve estimated this deadline based on last year’s deadline,ship Earning this scholarship will help me achieve my educational and career goals by reducing the cost of my full-time tuition.
scholarships_html/scholarship-0296.html,Soroptimist's Live Your Dream Award,Scholarships.com,"$ 16,000","November 15, 2025",Scholarships.com Students Scholarship Search College scholarships you qualify for. Scholarship Directory Find scholarships by category. Student Resources Top resources for your scholarship journey. Student Loans Explore loan options to help pay for college.
scholarships_html/bigfuture-0695.html,Legacy Scholarship,Sierra Nevada Golf Course Superintendents Association,Award Amount Varies,5/6/2025,Need-Based: No
scholarships_html/scholarships360-0292.html,"Wisconsin Grant – UW, Tech, and Tribal",,"$ 10,000","June 30, 2026",ship Earning this scholarship will help me achieve my educational and career goals by reducing the cost of my full-time tuition.
scholarships_html/scholarships360-0774.html,Order Of The Golden Rule Foundation Awards of Excellence Scholarship Program,,"$ 10,000",This scholarship might not currently be accepting applications. Most scholarship programs only accept applications a few months ahead of their annual deadline. We’ve estimated this deadline based on last year’s deadline,ship Earning this scholarship will help me achieve my educational and career goals by reducing the cost of my full-time tuition.
scholarships_html/bigfuture-0118.html,Edward Seese Endowed Scholarship,Broward College,Award Amount Varies,1/1/2025,Need-Based: No
scholarships_html/scholarship-0092.html,Frank J. Vigilante Scholarship,Scholarships.com,"$ 5,000","November 01, 2025",
scholarships_html/scholarships360-1184.html,Luckyday Scholars Program-,,"$ 10,000",This scholarship might not currently be accepting applications. Most scholarship programs only accept applications a few months ahead of their annual deadline. We’ve estimated this deadline based on last year’s deadline,ship Earning this scholarship will help me achieve my educational and career goals by reducing the cost of my full-time tuition.
scholarships_html/scholarships360-0468.html,"Can't Label People, but You Can Label",,"$ 10,000",This scholarship might not currently be accepting applications. Most scholarship programs only accept applications a few months ahead of their annual deadline. We’ve estimated this deadline based on last year’s deadline,ship Earning this scholarship will help me achieve my educational and career goals by reducing the cost of my full-time tuition.
scholarships_html/internationalscholarships-1475.html,Scholarship,Desk and Derrick Education Trust,"$ 1,500",April 1,Variable
scholarships_html/scholarship-0488.html,DMA Scholarship,Scholarships.com,"$ 1,000","July 31, 2025",
scholarships_html/bigfuture-1895.html,Heart of America Japan-America Society Scholarship,Johnson County Community College,Award Amount Varies,1/1/2025,Need-Based: No
scholarships_html/scholarship-0810.html,Lyceum Scholars Program,Scholarships.com,"$ 20,000","December 15, 2025",
scholarships_html/scholarship-1264.html,Herb it Forward Scholarship,Scholarships.com,"$ 9,500","February 03, 2026",
scholarships_html/scholarship-0223.html,Aiming Higher Scholarship for Refugees,Scholarships.com,"$ 5,000","July 15, 2025",
scholarships_html/scholarships360-0294.html,Wisconsin Hearing/Visually Impaired Student Grant,,"$ 10,000","June 30, 2026","ents, students must submit their FAFSA (Free Application for Federal Student Aid) and Hearing/Visually Impaired Student Grant Application."
scholarships_html/bigfuture-1284.html,Nina Fox Memorial Endowed Scholarship,Barry University,"$ 1,952",1/15/2025,Need-Based: Yes
scholarships_html/scholarship-1102.html,National Merit,Scholarships.com,"$ 2,500","January 31, 2026",
scholarships_html/scholarships360-1513.html,BSO Ivy Foundation Scholarship,,"$ 10,000",This scholarship might not currently be accepting applications. Most scholarship programs only accept applications a few months ahead of their annual deadline. We’ve estimated this deadline based on last year’s deadline,ship Earning this scholarship will help me achieve my educational and career goals by reducing the cost of my full-time tuition.
scholarships_html/bigfuture-1624.html,Baptist Medical Center Nassau Auxiliary Scholarship,Florida State College at Jacksonville,"$ 2,000",2/1/2025,Need-Based: Yes
scholarships_html/internationalscholarships-1361.html,Mondovi Campus Project,Fondazione Cassa di Risparmio di Cuneo,10.000,May 10,Variable
scholarships_html/scholarship-1587.html,Thomas K. Evans Memorial Scholarship,Scholarships.com,"$ 5,000","February 24, 2026",
scholarships_html/scholarships360-0876.html,Farm Credit Services of America Collegiate Scholarship,,"$ 10,000",This scholarship might not currently be accepting applications. Most scholarship programs only accept applications a few months ahead of their annual deadline. We’ve estimated this deadline based on last year’s deadline,ship Earning this scholarship will help me achieve my educational and career goals by reducing the cost of my full-time tuition.
scholarships_html/scholarship-0054.html,Hagan Scholarship Foundation,Scholarships.com,"$ 60,000","December 01, 2025",
scholarships_html/scholarships360-0037.html,Electronics Division: Lewis C. Hoffman Scholarships,,"$ 10,000","June 30, 2025",ship Earning this scholarship will help me achieve my educational and career goals by reducing the cost of my full-time tuition.
scholarships_html/scholarship-1361.html,Margaret L. Palmer Scholarship,Scholarships.com,"Amount Varies Deadline: February 07, 2026 Awards Available: Varies Eligibility Criteria: GPA State Selection Selected Major(s) Current Year in School College Selection State County Selection Age Share: You May Also Like","February 07, 2026",
scholarships_html/scholarships360-0428.html,American Legion (Bonnie Sloan Post #28) Scholarship,,"$ 10,000",This scholarship might not currently be accepting applications. Most scholarship programs only accept applications a few months ahead of their annual deadline. We’ve estimated this deadline based on last year’s deadline,ship Earning this scholarship will help me achieve my educational and career goals by reducing the cost of my full-time tuition.
scholarships_html/scholarship-2152.html,Joseph H. and Mildred C. McManus Scholarship,Scholarships.com,"$ 1,500","March 15, 2026",The scholarships shall be applied to tuition costs at accredited colleges or universities for a period not to exceed four years.
scholarships_html/bigfuture-1675.html,Francis Ouimet Scholarship,Francis Ouimet Scholarship Fund,Award Amount Varies,6/1/2025,Need-Based: Yes
scholarships_html/scholarship-1119.html,Spencer Educational Foundation Scholarships,Scholarships.com,"$ 10,000","January 31, 2026",
scholarships_html/scholarships360-0853.html,"Henry Broughton, K2AE, Memorial Scholarship",,"$ 10,000",This scholarship might not currently be accepting applications. Most scholarship programs only accept applications a few months ahead of their annual deadline. We’ve estimated this deadline based on last year’s deadline,ship Earning this scholarship will help me achieve my educational and career goals by reducing the cost of my full-time tuition.
scholarships_html/scholarship-0704.html,Lincoln-Lane Scholarship,Scholarships.com,$ 10,"November 15, 2025",
scholarships_html/scholarships360-0097.html,ABC Humane Wildlife Women in STEM Academic Scholarship,,"$ 10,000","July 1, 2025",ship Earning this scholarship will help me achieve my educational and career goals by reducing the cost of my full-time tuition.
scholarships_html/scholarship-1414.html,Team One Credit Union- Theron & Marion Fager Scholarship,Scholarships.com,"Amount Varies Deadline: February 07, 2026 Awards Available: Varies Eligibility Criteria: GPA Financial Aid Status State Selection Athletic Ability Current Year in School College Selection College Selection State Personal","February 07, 2026",
scholarships_html/bigfuture-0960.html,Larry Foster Scholarship,Agribusiness Council of Indiana,"$ 1,000",6/1/2025,Need-Based: No
scholarships_html/scholarships360-0980.html,Carol Martinez Scholarship,,"$ 10,000",This scholarship might not currently be accepting applications. Most scholarship programs only accept applications a few months ahead of their annual deadline. We’ve estimated this deadline based on last year’s deadline,ship Earning this scholarship will help me achieve my educational and career goals by reducing the cost of my full-time tuition.
scholarships_html/scholarships360-1654.html,Dr. James L. Hutchinson and Evelyn Ribbs Hutchinson Medical School Scholarship,,"$ 10,000",This scholarship might not currently be accepting applications. Most scholarship programs only accept applications a few months ahead of their annual deadline. We’ve estimated this deadline based on last year’s deadline,ship Earning this scholarship will help me achieve my educational and career goals by reducing the cost of my full-time tuition.
scholarships_html/internationalscholarships-0127.html,International Student Scholarship,Hope College,"$ 25,000",May 1,Unlimited
scholarships_html/internationalscholarships-0546.html,Annual,CGTrader,3000$,"31,",2017
scholarships_html/internationalscholarships-0021.html,Rotary Peace Fellowships,Rotary International,"1,600","Over 1,600","Unrestricted Number of Awards 90 You must be studying one of the following: Other and Sustainable Development Includes tuition, room and board, transportation, living stipend Contact Information You must be logged in to view contact information."
scholarships_html/internationalscholarships-1012.html,CFHI Scholarships,Child Family Health International,$1000,November 1; January 16,10
scholarships_html/scholarships360-0541.html,South Florida Fair Academic Excellence Scholarship,,"$ 10,000",This scholarship might not currently be accepting applications. Most scholarship programs only accept applications a few months ahead of their annual deadline. We’ve estimated this deadline based on last year’s deadline,ship Earning this scholarship will help me achieve my educational and career goals by reducing the cost of my full-time tuition.
scholarships_html/bigfuture-1177.html,CANS/SNRS Dissertation Research Grant,Southern Nursing Research Society,"$ 5,000",6/1/2025,Need-Based : No
scholarships_html/internationalscholarships-1020.html,International Presidential Scholarship And International University Scholarship,United States International University,"$ 2,400",Unrestricted,Variable
scholarships_html/scholarship-0463.html,Oracle Women In Leadership Scholarship,Scholarships.com,"$ 1,500","November 30, 2025",
scholarships_html/scholarships360-2028.html,Banyan College Scholarship for South Asian Americans,,"$ 10,000",This scholarship might not currently be accepting applications. Most scholarship programs only accept applications a few months ahead of their annual deadline. We’ve estimated this deadline based on last year’s deadline,ship Earning this scholarship will help me achieve my educational and career goals by reducing the cost of my full-time tuition.
scholarships_html/scholarship-2079.html,S.W.A.G. Scholarship,Scholarships.com,"$ 25,000","March 14, 2026",Scholarship grant distribution will occur during the fall/winter of the upcoming school semester.
scholarships_html/mastersportal-0867.html,Study excellence Scholarship,University of Pécs,"€ 1,150",28 Oct 2025,"SD / year 2,331 USD / year Tuition unknown 24 months University of Pécs Pécs, Hungary 7,388 USD / year 2,331 USD / year Tuition unknown 24 months Featured Classical Singing M."
scholarships_html/scholarship-0485.html,Beta Sigma Psi University of Nebraska Lincoln Scholarship,Scholarships.com,"$ 1,000","July 31, 2025","All scholarships awarded are for $1,000. The number of recipients will vary. Inaccurate Information Reported Thank you for helping us keep the scholarship information correct. We will review this scholarship and make any necessary changes. Explore Home"
scholarships_html/bigfuture-1261.html,Illinois National Guard Grant,Illinois Student Assistance Commission,Award Amount Varies,10/2/2024,Need-Based: No
scholarships_html/bigfuture-1846.html,Accelerate Tuition Scholarship,TechForce Foundation,"$ 10,000",1/1/2025,Need-Based: Yes
scholarships_html/scholarships360-1819.html,AgWest Customer Scholarship,,"$ 10,000",This scholarship might not currently be accepting applications. Most scholarship programs only accept applications a few months ahead of their annual deadline. We’ve estimated this deadline based on last year’s deadline,ship Earning this scholarship will help me achieve my educational and career goals by reducing the cost of my full-time tuition.
scholarships_html/bigfuture-0708.html,RVCC Carl Perkins Scholarship,The Foundation for New Hampshire Community Colleges,Award Amount Varies,5/1/2025,Need-Based: No
scholarships_html/internationalscholarships-0701.html,Scholarship for Students from Africa,Otegbade Family,$,End of August Annually,1
scholarships_html/mastersportal-0998.html,Christopher States Scholarship in Communication and Broadcasting,The University of Toledo,unknown,01 Mar 2026,full Tuition
scholarships_html/scholarships360-1957.html,Rocky Mountain Coal Mining Institute Technical Scholarship,,"$ 10,000",This scholarship might not currently be accepting applications. Most scholarship programs only accept applications a few months ahead of their annual deadline. We’ve estimated this deadline based on last year’s deadline,The monetary value of the scholarship will be sent directly to the college or university to be used as tuition credit for the winner.
scholarships_html/scholarship-0523.html,Phillips Community College Scholarships,Scholarships.com,"$ 10,000","August 25, 2025",
scholarships_html/mastersportal-0390.html,Ritchie-Jennings Memorial Scholarship Program,Association of Certified Fraud Examiners,"$ 10,000",02 Feb 2026,Multiple
scholarships_html/scholarship-1300.html,Christopher T. Erskine Memorial Scholarship,Scholarships.com,"Amount Varies Deadline: February 07, 2026 Awards Available: Varies Eligibility Criteria: GPA State Selection Current Year in School College Selection College Selection State County Selection Age Share: You May Also Like","February 07, 2026",
scholarships_html/mastersportal-1370.html,Anne McLaughlin Legacy Scholarship in Education,University of Victoria,"USD 30,780",Anytime,larship in Education View relevant masters Find related programmes Phd Specific discipline Disciplines Various benefits Grant Canada Location Anytime Application deadline About UVic provides awards to graduate students of high academic standing.
scholarships_html/mastersportal-1093.html,International Scholarship,University of Debrecen,"USD 7,428",Not specified,"SD / year 2,344 USD / year Tuition unknown 24 months University of Pécs Pécs, Hungary 7,428 USD / year 2,344 USD / year Tuition unknown 24 months Featured Classical Singing M."
scholarships_html/mastersportal-1522.html,TNE Engineering Achievement Scholarship,Monash University,"USD 3,946",Not specified,Multiple
scholarships_html/mastersportal-1801.html,Edward Ebert Merit Scholarship,The University of Toledo,unknown,01 Mar 2026,Multiple
scholarships_html/bigfuture-1398.html,William A. Hunt Family Scholarship,University of West Florida,Award Amount Varies,3/1/2025,Need-Based: Yes
scholarships_html/scholarships360-2110.html,Jason & Jessica Evans Memorial Scholarship,,"$ 10,000",This scholarship might not currently be accepting applications. Most scholarship programs only accept applications a few months ahead of their annual deadline. We’ve estimated this deadline based on last year’s deadline,ship Earning this scholarship will help me achieve my educational and career goals by reducing the cost of my full-time tuition.
scholarships_html/scholarship-1096.html,Michigan Council of Women in Technology Scholarship,Scholarships.com,"$ 4,000","January 31, 2026",
scholarships_html/mastersportal-0508.html,Graduate International Scholarships (Master with Thesis/Research Masters),Koc University,"USD 1,000",Anytime,"e / On campus 1,000 USD / year Tuition unknown 24 months Abdullah Gül University (AGU) Kayseri, Turkey 1,000 USD / year Tuition unknown 24 months Featured Bioengineering M."
scholarships_html/bigfuture-1547.html,Helios Education Foundation Diversity Scholarship,University of South Florida,Award Amount Varies,12/1/2024,Need-Based: Yes
scholarships_html/scholarships360-0403.html,Fulbright-Charles University Distinguished Scholar,,"$ 10,000",This scholarship might not currently be accepting applications. Most scholarship programs only accept applications a few months ahead of their annual deadline. We’ve estimated this deadline based on last year’s deadline,"To apply, you obtain a letter of invitation to apply, which should state the dates of the grant, the name of the host contact person, accessibility of research facilities, and the extent of other support provided."
scholarships_html/mastersportal-0084.html,International Student Award,Education USA,"$ 30,000",Not specified,full Tuition
scholarships_html/scholarships360-0569.html,Paul & Daisy Soros Fellowships for New Americans,,"$ 10,000","October 30, 2025",ship Earning this scholarship will help me achieve my educational and career goals by reducing the cost of my full-time tuition.
scholarships_html/internationalscholarships-1098.html,Harry And Sarah Zelzer Fellowship,Newberry Library,"$ 2,000",Unrestricted,Variable
scholarships_html/scholarship-1742.html,Elizabeth Horvath Swimming Scholarship Fund,Scholarships.com,"$ 1,000","March 01, 2026",
scholarships_html/mastersportal-0622.html,Margaret McNamara Education Grants - US-Canada,University of Regina,"$ 15,000",15 Jan 2026,full Tuition
scholarships_html/mastersportal-1705.html,John Spiegel Theatrical Artist Award,SETC,"$ 1,000",15 Sep 2025,full Tuition
scholarships_html/scholarships360-2083.html,Scholarship for Women Residents of the State of Delaware,,"$ 10,000",This scholarship might not currently be accepting applications. Most scholarship programs only accept applications a few months ahead of their annual deadline. We’ve estimated this deadline based on last year’s deadline,ship Earning this scholarship will help me achieve my educational and career goals by reducing the cost of my full-time tuition.
scholarships_html/bigfuture-1344.html,NDIA Science and Engineering Scholarship,Florida,Award Amount Varies,3/1/2025,Need-Based: No
scholarships_html/mastersportal-1070.html,High Honor Scholarship,Bahçeşehir University (BAU),"USD 11,554",Not specified,Multiple
scholarships_html/scholarship-2030.html,ALCOA Fund Scholarship,Scholarships.com,"$ 20,000","March 12, 2026",
scholarships_html/bigfuture-1788.html,AMP,Johnson County Community College,Award Amount Varies,1/1/2025,Need-Based: Yes
scholarships_html/scholarships360-1229.html,FCCLA Regional Scholarships,,"$ 10,000",This scholarship might not currently be accepting applications. Most scholarship programs only accept applications a few months ahead of their annual deadline. We’ve estimated this deadline based on last year’s deadline,ship Earning this scholarship will help me achieve my educational and career goals by reducing the cost of my full-time tuition.
scholarships_html/internationalscholarships-1281.html,Visiting Fellowships,Princeton University,"$ 1,500",January 15,Variable
scholarships_html/scholarships360-0571.html,Mesothelioma Cancer Victims Memorial Scholarship,,"$ 10,000",This scholarship might not currently be accepting applications. Most scholarship programs only accept applications a few months ahead of their annual deadline. We’ve estimated this deadline based on last year’s deadline,ship Earning this scholarship will help me achieve my educational and career goals by reducing the cost of my full-time tuition.
scholarships_html/mastersportal-1297.html,Best Graduate Report in Dispute Resolution Award,University of Victoria,$ 500,Anytime,full Tuition
scholarships_html/scholarships360-1859.html,Lorenzo Felder Scholarship,,"$ 10,000",This scholarship might not currently be accepting applications. Most scholarship programs only accept applications a few months ahead of their annual deadline. We’ve estimated this deadline based on last year’s deadline,ship Earning this scholarship will help me achieve my educational and career goals by reducing the cost of my full-time tuition.
scholarships_html/mastersportal-2100.html,W.T. “Eldon” Craig Memorial Award,Algonquin College,"USD 4,327",Not specified,Multiple
scholarships_html/scholarship-0764.html,SLU University Scholarship,Scholarships.com,"$ 88,000","December 01, 2025",
scholarships_html/scholarships360-1458.html,H. W. Almen/West OKC Rotary Scholarship,,"$ 10,000",This scholarship might not currently be accepting applications. Most scholarship programs only accept applications a few months ahead of their annual deadline. We’ve estimated this deadline based on last year’s deadline,ship Earning this scholarship will help me achieve my educational and career goals by reducing the cost of my full-time tuition.
scholarships_html/bigfuture-0413.html,Patsy Quint Occupational Health Nurses Endowed Scholarship,Kansas State Nurses Association,$ 500,4/30/2025,Need-Based : No
scholarships_html/internationalscholarships-1390.html,Minority Fellowship For Neuroscience Training,American Psychological Assocation/ Associationof Neuroscience Departments and Pr,$,January,1
scholarships_html/bigfuture-1378.html,Ronald N. & Valmae Besser Department of History Scholarship,University of West Florida,Award Amount Varies,3/1/2025,Need-Based: No
scholarships_html/scholarship-1883.html,The Citadel Incoming Freshmen Scholarships,Scholarships.com,"$ 10,000","March 01, 2026","Full Academic Scholarships, The Citadel Honors Program, and the 1842 Scholars Program. Full academic scholarships cover catalog costs (including tuition, room/board, quartermaster charges) and are the most prestigious of The Citadel’s awards to incoming"
scholarships_html/scholarship-0352.html,University of Oregon Stamps Scholarship,Scholarships.com,"$ 175,000","November 13, 2025",
scholarships_html/scholarships360-1965.html,R. Don Cowan Music and Performing Arts Scholarship,,"$ 10,000",This scholarship might not currently be accepting applications. Most scholarship programs only accept applications a few months ahead of their annual deadline. We’ve estimated this deadline based on last year’s deadline,ship Earning this scholarship will help me achieve my educational and career goals by reducing the cost of my full-time tuition.
scholarships_html/bigfuture-1879.html,Academic Excellence Award,Webber International University,Award Amount Varies,1/1/2025,Need-Based: No
scholarships_html/mastersportal-0576.html,Tasmanian International Scholarship,University of Tasmania,"USD 22,451",Not specified,Multiple
scholarships_html/scholarship-0813.html,Pauahi Foundation Public Scholarships,Scholarships.com,"$ 10,000","December 15, 2025",
scholarships_html/scholarships360-0155.html,Joy Cappel Scholarship,,"$ 10,000","July 20, 2025",ship Earning this scholarship will help me achieve my educational and career goals by reducing the cost of my full-time tuition.
scholarships_html/bigfuture-1503.html,Nault Foundation Sigma Nu Entrepreneurship Scholarship,University of South Florida,Award Amount Varies,12/1/2024,Need-Based: No
scholarships_html/mastersportal-1672.html,Alberta Blue Cross Health and Wellness Graduate Award,Athabasca University,"$ 1,500",15 Nov 2025,Multiple
scholarships_html/bigfuture-0746.html,Drs. Nathima and Peter Atchoo Family Foundation Scholarship,Chaldean Community Foundation,Award Amount Varies,6/13/2025,Need-Based: Yes
scholarships_html/scholarship-1912.html,Wm. C. “Bill” Sterner Memorial Scholarship,Scholarships.com,"$ 5,000","March 01, 2026",
scholarships_html/internationalscholarships-1168.html,Helen Darcovich Memorial Doctoral Fellowship,Canadian Institute of Ukrainian Studies,"$ 12,000",March 1,Variable
scholarships_html/internationalscholarships-1515.html,% Scholarship For Italian Group Course,Centro Italiano Firenze,50% of course price,December,1
scholarships_html/bigfuture-1370.html,Susan L. Morris Memorial Scholarship,University,Award Amount Varies,3/1/2025,Need-Based: No
scholarships_html/scholarship-1328.html,Gospel Fest Music Arts Scholarship,Scholarships.com,"Amount Varies Deadline: February 07, 2026 Awards Available: Varies Eligibility Criteria: Financial Aid Status State Selection Selected Major(s) Current Year in School County Selection Age Share: You May Also Like Niche $","February 07, 2026",
scholarships_html/scholarship-0717.html,Muir Way Scholarship,Scholarships.com,"$ 1,000","November 25, 2025",
scholarships_html/mastersportal-0703.html,Sport Scholarships,University of Brighton,"£ 5,000",Anytime,"17,628 USD / year Tuition unknown 12 months Queen Mary University of London Online 49,730 USD / year 17,628 USD / year Tuition unknown 12 months Featured Computer Science (Conversion) M."
scholarships_html/mastersportal-0738.html,International Postgraduate Scholarship,Anglia Ruskin University,"£ 4,000",Anytime,"on unknown 12 months Sheffield Hallam University Sheffield, England, United Kingdom 24,316 USD / year 12,690 USD / year Tuition unknown 12 months Featured Translation and Interpreting Studies M."
scholarships_html/internationalscholarships-0277.html,Scholarships for FUBiS Winter for students from Australia,Ernst-Reuter-Gesellschaft der FU Berlin,"€ 2,700.00",October,10
scholarships_html/scholarship-1494.html,Hmong Community Higher Education Scholarship,Scholarships.com,"$ 10,000","February 15, 2026",
scholarships_html/mastersportal-1294.html,),,€ 934,Not specified,Multiple
scholarships_html/internationalscholarships-0655.html,Kitchener University Scholarship,Lord Kitchener National Memorial Fund,GBP 600,May 31,25
scholarships_html/scholarship-1297.html,Carrollton Education Foundation - Carrollton Community Scholarship,Scholarships.com,"$ 10,000","February 07, 2026",
scholarships_html/scholarship-0354.html,University of South Carolina Alumni Scholars Award,Scholarships.com,"$ 32,000","November 15, 2025",Scholarships.com Students Scholarship Search College scholarships you qualify for. Scholarship Directory Find scholarships by category. Student Resources Top resources for your scholarship journey. Student Loans Explore loan options to help pay for college.
scholarships_html/scholarships360-0011.html,for High School,,"$ 10,000","June 30, 2025",ship Earning this scholarship will help me achieve my educational and career goals by reducing the cost of my full-time tuition.
scholarships_html/scholarship-1790.html,GRCF Paul Collins Scholarship,Scholarships.com,"$ 5,000","March 01, 2026",
scholarships_html/mastersportal-0862.html,Robert and Marcia Kelley Scholarship,University of North Dakota,"$ 1,250",01 Mar 2026,full Tuition
scholarships_html/mastersportal-0655.html,Maria Teresa Rodó Foundation Grant,UIC Barcelona,"€ 10,000",Not specified,Multiple
scholarships_html/mastersportal-1786.html,Blanche Connell Scholarship,Central Michigan University,unknown,15 May 2026,Multiple
scholarships_html/bigfuture-1231.html,Student Athlete Scholarship,National Society of High School Scholars,"$ 2,000",3/26/2025,Need-Based : No
scholarships_html/scholarship-0383.html,Microsoft Imagine Cup,Scholarships.com,"$ 100,000","January 22, 2026",
scholarships_html/scholarship-1251.html,University of Tennessee Chattanooga Chancellor's Scholars,Scholarships.com,"$ 20,000","February 01, 2026",
scholarships_html/internationalscholarships-0646.html,Fellowship,Syracuse University,,Variable,Variable
scholarships_html/bigfuture-1641.html,"Thomas R. McGehee, Jr. Family Endowed Scholarship",Florida State College at Jacksonville,Award Amount Varies,2/1/2025,Need-Based: No
scholarships_html/mastersportal-0934.html,Neal F. Smith Memorial Scholarship,University of North Dakota,$ 600,01 Mar 2026,full Tuition
scholarships_html/scholarship-2065.html,Ninth Circuit Civics Contest,Scholarships.com,"$ 2,000","March 14, 2026",
scholarships_html/scholarship-0928.html,University of Alabama In-State Merit Scholarships,Scholarships.com,"$ 10,000","January 10, 2026","The total number of awards will vary, as will the dollar amounts (with one of them covering up to full-tuition)."
scholarships_html/internationalscholarships-1035.html,Commission for Educational Exchange Postdoctoral Research Fellowships,"Commission for Educational Exchange between the USA, Belgium and Luxembourg",Variable,March 1,50
scholarships_html/internationalscholarships-0499.html,Northwest IB Scholarship,Northwest Missouri State University,$,May 1,1000
scholarships_html/bigfuture-0157.html,MSD Strong Scholarship,Florida State University,Award Amount Varies,4/1/2025,Need-Based: Yes
scholarships_html/bigfuture-0401.html,Leo Goodwin Foundation Endowed Scholarship,Broward College,Award Amount Varies,1/1/2025,Need-Based: Yes
scholarships_html/scholarships360-1078.html,Berntsen International Scholarship in Surveying Technology,,"$ 10,000",This scholarship might not currently be accepting applications. Most scholarship programs only accept applications a few months ahead of their annual deadline. We’ve estimated this deadline based on last year’s deadline,ship Earning this scholarship will help me achieve my educational and career goals by reducing the cost of my full-time tuition.
scholarships_html/scholarship-0494.html,The Cover Guy Annual Scholarship,Scholarships.com,"$ 1,000","July 31, 2025","$1,000.00 Submission Deadline: All submissions must be sent via email. The article, personal details, and supporting information should be included in the email. Ensure that your submission is a true reflection of your experiences and why you stand out as a"
scholarships_html/bigfuture-1423.html,Mutscher Family Scholarship,University of West Florida,Award Amount Varies,3/1/2025,Need-Based: Yes
scholarships_html/scholarship-0597.html,WSU Hungarian Ancestry Scholarship,Scholarships.com,"$ 6,000","October 06, 2025",That's why our tuition is among the lowest in Ohio for four-year universities.
scholarships_html/mastersportal-1644.html,Women in STEM Bursary,University of Central Lancashire (UCLan),"£ 2,000",Anytime,Multiple
scholarships_html/mastersportal-1711.html,Myrtle McCrea Duncan Memorial Scholarship,University of North Dakota,"$ 1,000",01 Mar 2026,Multiple
scholarships_html/scholarship-0072.html,Minority Teacher Education Scholarship,Scholarships.com,"$ 4,000","December 02, 2025",
scholarships_html/scholarship-1325.html,Gene & Shirley Nuckolls Scholarship,Scholarships.com,"Amount Varies Deadline: February 07, 2026 Awards Available: Varies Eligibility Criteria: GPA Financial Aid Status State Selection Selected Major(s) Current Year in School County Selection Age Share: You May Also Like Nic","February 07, 2026",
scholarships_html/bigfuture-2000.html,Lawson Endowed Merit-Based Scholarship,Stetson University,Award Amount Varies,1/1/2025,Need-Based: No
scholarships_html/scholarship-0139.html,Federal Pell Grant,Scholarships.com,"$ 7,395","June 30, 2025",Federal Pell Grant - Scholarships.
scholarships_html/scholarship-0802.html,College of Wooster College Scholar Award,Scholarships.com,"$ 172,000","December 15, 2025",Scholarships.com Students Scholarship Search College scholarships you qualify for. Scholarship Directory Find scholarships by category. Student Resources Top resources for your scholarship journey. Student Loans Explore loan options to help pay for college.
scholarships_html/mastersportal-1417.html,INSEAD Hachemi Family Scholarship,INSEAD - The Business School for the World,"€ 20,000",Not specified,one
scholarships_html/bigfuture-0392.html,Peggy Vatter Memorial Leadership Scholarship,Washington Science Teachers Association,"$ 2,000",4/30/2025,Need-Based: No
scholarships_html/internationalscholarships-1155.html,UICC International Cancer Training Workshops,Union for International Cancer Control (UICC),"$ 15,000",Unrestricted,10-20 per year
scholarships_html/mastersportal-2022.html,TIEMBA Scholarship for Diversity,INSEAD - The Business School for the World,"USD 23,285",Not specified,one
scholarships_html/internationalscholarships-0610.html,Entrepreneur Scholarship Award,Invensis Learning,$ 500,.59pm,1
scholarships_html/mastersportal-0740.html,International Students Scholarships,Northeastern University London,"£ 3,900",30 Sep 2025,USD / module 844 USD / module Tuition unknown 40 months De Montfort University Online 844 USD / module 844 USD / module Tuition unknown 40 months Featured Natural Product Drug Discovery M.
scholarships_html/mastersportal-1116.html,Vice-Chancellor's Scholarship,UWE Bristol (University of the West of England),"USD 41,143",30 Jun 2025,"University of the West of England (UWE Bristol) awards scholarships, bursaries, tuition fee reductions and discounts that help you cover existing tuition and living costs."
scholarships_html/mastersportal-0181.html,Taranaki Tree Crops Scholarship,Massey University,"$ 4,000",10 Mar 2026,"22,193 USD / year Tuition unknown 12 months Victoria University of Wellington Wellington, New Zealand 22,193 USD / year Tuition unknown 12 months Featured Greek M."
scholarships_html/bigfuture-1490.html,James M. Doss Sr. Veteran Success Last Mile Scholarship,University of South Florida,Award Amount Varies,12/1/2024,Need-Based: No
scholarships_html/scholarships360-0081.html,Joseph Frasca Excellence in Aviation Scholarship,,"$ 10,000","June 30, 2025",ship Earning this scholarship will help me achieve my educational and career goals by reducing the cost of my full-time tuition.
scholarships_html/scholarships360-1375.html,Ken and Mary Beth Monnier Engineering Scholarship,,"$ 10,000",This scholarship might not currently be accepting applications. Most scholarship programs only accept applications a few months ahead of their annual deadline. We’ve estimated this deadline based on last year’s deadline,ship Earning this scholarship will help me achieve my educational and career goals by reducing the cost of my full-time tuition.
scholarships_html/mastersportal-0943.html,EU Mobility Programme for Myanmar,DAAD,EUR 500,04 Jul 2025,Multiple
scholarships_html/scholarship-2057.html,Drake-Williams Steel Scholarship,Scholarships.com,"$ 2,500","March 14, 2026",
scholarships_html/scholarships360-1987.html,Bruce Lee Scholarship,,"$ 10,000",This scholarship might not currently be accepting applications. Most scholarship programs only accept applications a few months ahead of their annual deadline. We’ve estimated this deadline based on last year’s deadline,ship Earning this scholarship will help me achieve my educational and career goals by reducing the cost of my full-time tuition.
scholarships_html/bigfuture-1160.html,Gardner Dam Camp Staff Scholarships - Drew A. Hegner Memorial,Community Foundation for the Fox Valley Region,"$ 1,700",12/1/2024,Need-Based: No
scholarships_html/bigfuture-1163.html,Nursery/Landscape Career Development Event,National FFA Organization,"$ 1,000",3/1/2025,Need-Based: No
scholarships_html/scholarship-1763.html,GRCF Donald & Florence Hunting Scholarship,Scholarships.com,"$ 5,000","March 01, 2026",
scholarships_html/bigfuture-1921.html,Campus Connections Scholarship,Johnson County Community College,Award Amount Varies,1/1/2025,Need-Based: No
scholarships_html/scholarship-1970.html,ASHG DNA Day Essay Contest,Scholarships.com,"$ 1,000","March 05, 2026",
scholarships_html/scholarships360-0353.html,Arkansas Workforce Challenge Scholarship,,"$ 10,000",Varies Start Applying Scholarship Overview Are you an Arkansas resident who has graduated high school or received high school equivalency and has received acceptance to an institution of higher education to study Industr,ship Earning this scholarship will help me achieve my educational and career goals by reducing the cost of my full-time tuition.
scholarships_html/mastersportal-0079.html,School of Cybernetics Scholarship,Australian National University,"$ 34,000",Not specified,"ear Tuition unknown 12 months Curtin University Perth, Western Australia, Australia 21,770 USD / year 13,532 USD / year Tuition unknown 12 months Featured Agricultural Systems Major (MSc AgriFoodSecur) M."
scholarships_html/scholarship-1175.html,George Fox University Scholarship Summit Competition,Scholarships.com,"$ 12,000","February 01, 2026",
scholarships_html/bigfuture-1892.html,Hylton Family Endowed Scholarship,Beckley Area Foundation,Award Amount Varies,1/5/2025,Need-Based: Yes
scholarships_html/scholarship-0076.html,University of South Florida Presidential Award,Scholarships.com,"$ 16,000","January 15, 2026",Scholarships.com Students Scholarship Search College scholarships you qualify for. Scholarship Directory Find scholarships by category. Student Resources Top resources for your scholarship journey. Student Loans Explore loan options to help pay for college.
scholarships_html/mastersportal-2092.html,Hotel and Restaurant Operations Management Student Council International Award,Algonquin College,"USD 44,494",Not specified,Multiple
scholarships_html/bigfuture-0802.html,Scholarship,National Federation of the Blind of Kentucky,"$ 1,000",3/1/2025,Need-Based : No
scholarships_html/scholarships360-1858.html,Rowland and Ethel Slusser Jones Scholarship,,"$ 10,000",This scholarship might not currently be accepting applications. Most scholarship programs only accept applications a few months ahead of their annual deadline. We’ve estimated this deadline based on last year’s deadline,ship Earning this scholarship will help me achieve my educational and career goals by reducing the cost of my full-time tuition.
scholarships_html/scholarships360-0684.html,Outstanding PT Student and PTA Student Award,,"$ 10,000",This scholarship might not currently be accepting applications. Most scholarship programs only accept applications a few months ahead of their annual deadline. We’ve estimated this deadline based on last year’s deadline,"Scholarships360 Get matched with vetted scholarships and enter our $10,000 No-Essay Scholarship Please select whichever best describes you for the 2024 - 2025 academic year. I’m a high school student I’m a college or graduate student 100% Free. No Spam. Start"
scholarships_html/scholarship-1931.html,University of California-Santa Barbara Middle Class Scholarship,Scholarships.com,"Amount Varies Deadline: March 02, 2026 Awards Available: Varies Eligibility Criteria: Financial Aid Status State Selection Current Year in School College Selection College Selection State Citizenship Age Share: You May A","March 02, 2026","ources of grant funding and tuition paying scholarships or waivers (including the UCSB scholarship and health insurance grant) already awarded to the student, the student's amount of tuition/fees and the parents' total income."
scholarships_html/scholarships360-1879.html,"Answer Scholarship: ""Sending Moms to College""",,"$ 10,000",This scholarship might not currently be accepting applications. Most scholarship programs only accept applications a few months ahead of their annual deadline. We’ve estimated this deadline based on last year’s deadline,ship Earning this scholarship will help me achieve my educational and career goals by reducing the cost of my full-time tuition.
scholarships_html/scholarship-2160.html,Lincoln AMA Emerging Marketer Scholarship,Scholarships.com,"$ 1,500","March 15, 2026",
scholarships_html/internationalscholarships-1126.html,Martin Mclaren Horticultural Scholarship,Institute Of Horticulture,"$ 26,000",January,1
scholarships_html/internationalscholarships-1336.html,Graduate Assistantships at,University of Southern Mississippi,"$ 3,200",April 1,Variable
scholarships_html/bigfuture-1157.html,"Gardner Dam Camp Staff Scholarships - Mildred, Milton, & Thomas Kreif",Community Foundation for the Fox Valley Region,"$ 1,200",12/1/2024,Need-Based: No
scholarships_html/mastersportal-0150.html,Cochrane Scholarship,Monash University,"$ 14,000",Not specified,Full tuition
scholarships_html/bigfuture-1577.html,Park Scholarships Program,North Carolina State University,"$ 229,000",1/1/2025,Need-Based: No
scholarships_html/mastersportal-1729.html,Austin Merrills Postgraduate Scholarship,The Glasgow School of Art,"£ 1,000",Not specified,Multiple
scholarships_html/mastersportal-1557.html,The Mona Blackman Scholarship,University of West London,"£ 5,000",Not specified,"25,500 USD / year Tuition unknown 12 months Victoria University of Wellington Wellington, New Zealand 25,500 USD / year Tuition unknown 12 months Featured Music and Worship - Conducting M."
scholarships_html/bigfuture-0782.html,Horticulture Scholarship,Wyoming Groundskeepers and Growers Association,$ 500,5/15/2025,Need-Based: No
scholarships_html/scholarship-1561.html,ODWC Prescott Academic Scholarship for Higher Education,Scholarships.com,"$ 3,000","February 18, 2026",
scholarships_html/scholarship-1350.html,Kevin W. Scott Memorial Scholarship,Scholarships.com,"Amount Varies Deadline: February 07, 2026 Awards Available: Varies Eligibility Criteria: GPA Race Financial Aid Status State Selection Athletic Ability Selected Major(s) Current Year in School County Selection Age Share:","February 07, 2026",
scholarships_html/scholarship-0048.html,University of Florida Out-of-State Tuition Waver,Scholarships.com,"$ 64,000","November 01, 2025",University of Florida Out-of-State Tuition Waver - Scholarships.
scholarships_html/internationalscholarships-1058.html,California State University Scholarship Program,"California State University, Northridge","$ 1,000",March 2,Variable
scholarships_html/mastersportal-0479.html,Academic Excellence Scholarship (International),Bournemouth University,"£ 3,750",Anytime,"on unknown 12 months Sheffield Hallam University Sheffield, England, United Kingdom 24,316 USD / year 12,690 USD / year Tuition unknown 12 months Featured Translation and Interpreting Studies M."
scholarships_html/internationalscholarships-1521.html,Geologists/ Grants-In-Aid,American Association of Petroleum Geologists Foundation,$ 500,January 15,50-60
scholarships_html/scholarship-1426.html,"Women of Colors, Inc. Scholarship",Scholarships.com,"Amount Varies Deadline: February 07, 2026 Awards Available: Varies Eligibility Criteria: GPA Financial Aid Status State Selection Current Year in School Personal Interest/Attribute County Selection Age Share: You May Als","February 07, 2026",
scholarships_html/scholarship-0340.html,OCA Gold Mountain Scholarship,Scholarships.com,"$ 2,000","March 18, 2026","$2,000 (non-renewable) Award is considered taxable income"
scholarships_html/bigfuture-1861.html,Student Success Scholarship,Nova Southeastern University,Award Amount Varies,1/1/2025,Need-Based: No
scholarships_html/scholarship-2001.html,Teachers Federal Credit Union Scholarship,Scholarships.com,"$ 2,500","March 07, 2026",
scholarships_html/scholarship-0068.html,University of Florida Presidential Scholarships,Scholarships.com,"$ 40,000","November 01, 2025",
scholarships_html/mastersportal-1865.html,Etta Losee and W. Newland Reilly Scholarship,Washington State University,"USD 136,293",31 Jan 2026,Multiple
scholarships_html/scholarships360-0457.html,"Kelley & Canterbury, LLC Alaska Curiosity Scholarship",,"$ 10,000",This scholarship might not currently be accepting applications. Most scholarship programs only accept applications a few months ahead of their annual deadline. We’ve estimated this deadline based on last year’s deadline,ship Earning this scholarship will help me achieve my educational and career goals by reducing the cost of my full-time tuition.
scholarships_html/scholarship-1301.html,Circle Michigan Scholarship,Scholarships.com,"$ 10,000","February 07, 2026",
scholarships_html/bigfuture-1800.html,Vocational/Technical Scholarship,Aqqaluk Trust,Award Amount Varies,1/1/2025,Need-Based: No
scholarships_html/scholarship-0639.html,North Carolina State University Chancellor's Leadership Scholarship,Scholarships.com,"$ 20,000","November 01, 2025",
scholarships_html/bigfuture-1042.html,Youth Sportsman's Scholarship,United States Equestrian Federation,"$ 1,000",5/1/2025,Need-Based: No
scholarships_html/bigfuture-0451.html,Esther Barron Memorial Nursing Scholarship,Broward College,Award Amount Varies,1/1/2025,Need-Based: Yes
scholarships_html/bigfuture-0591.html,Higher Education Adult Part-Time Student Grant Program,College Foundation of West Virginia,Award Amount Varies,10/1/2024,Need-Based: Yes
scholarships_html/scholarship-1076.html,ICAFS High School Scholarship,Scholarships.com,$ 750,"January 31, 2026",
scholarships_html/scholarship-0789.html,Michigan American Legion High School Oratorical Contest,Scholarships.com,"$ 25,000","December 09, 2025",
scholarships_html/scholarship-1085.html,Lillian and Arthur Dunn Scholarship,Scholarships.com,"$ 20,000","January 31, 2026",
scholarships_html/scholarships360-1801.html,Frances Cowan Gibson Fine Arts Scholarship,,"$ 10,000",This scholarship might not currently be accepting applications. Most scholarship programs only accept applications a few months ahead of their annual deadline. We’ve estimated this deadline based on last year’s deadline,ship Earning this scholarship will help me achieve my educational and career goals by reducing the cost of my full-time tuition.
scholarships_html/scholarship-2031.html,Ann-Marie Ogletree Child Development Scholarship,Scholarships.com,"$ 1,000","March 12, 2026","Awards will be paid directly to the institution and must be applied to tuition, fees, books, supplies and/or equipment required for coursework."
scholarships_html/internationalscholarships-1471.html,Doctoral Fellowships from the,Richard D Irwin Foundation,"$ 2,000",February 15,15
scholarships_html/scholarship-1364.html,Mary K. and Grace Feahr Williams Scholarship,Scholarships.com,"$ 10,000","February 07, 2026",
scholarships_html/mastersportal-0394.html,Helmut Veith Stipend,Vienna University of Technology,Bachelor’s degree in Computer Science or Mathematics (Bologna first cycle) or equivalent degree Extensive mathematical and technical knowledge and interest in (at least one of) Helmut Veith’s areas of research: Logic in,30 Nov 2025,Multiple
scholarships_html/internationalscholarships-1527.html,AAPG Grants-In-Aid,American Association of Petroleum Geologists Foundation,"$ 1,000",January 31,80-100
