seed,file,title_presence,provider_presence,amount_presence,deadline_presence,award_presence,all5_presence
42,scholarships_html/bigfuture-0440.html,100,100,100,100,100,100
42,scholarships_html/bigfuture-0212.html,100,100,100,100,100,100
42,scholarships_html/bigfuture-1909.html,100,100,100,100,100,100
42,scholarships_html/scholarships360-1530.html,100,0,100,100,100,0
42,scholarships_html/mastersportal-1388.html,100,100,100,100,100,100
42,scholarships_html/bigfuture-0207.html,100,100,100,100,100,100
42,scholarships_html/bigfuture-0786.html,100,100,100,100,100,100
42,scholarships_html/scholarships360-0699.html,100,0,100,100,100,0
42,scholarships_html/scholarships360-1154.html,100,0,100,100,100,0
42,scholarships_html/bigfuture-0304.html,100,100,100,100,100,100
42,scholarships_html/mastersportal-0971.html,100,100,100,100,100,100
42,scholarships_html/mastersportal-1393.html,100,100,100,100,100,100
42,scholarships_html/scholarships360-1137.html,100,0,100,100,100,0
42,scholarships_html/internationalscholarships-1234.html,100,100,100,100,100,100
42,scholarships_html/internationalscholarships-1077.html,100,100,100,100,100,100
42,scholarships_html/bigfuture-1991.html,100,100,100,100,100,100
42,scholarships_html/mastersportal-0874.html,100,100,100,100,100,100
42,scholarships_html/scholarships360-0259.html,100,0,100,100,100,0
42,scholarships_html/internationalscholarships-0689.html,100,100,100,100,100,100
42,scholarships_html/scholarships360-1797.html,100,0,100,100,100,0
42,scholarships_html/mastersportal-0307.html,100,100,100,100,100,100
42,scholarships_html/scholarships360-1113.html,100,0,100,100,100,0
42,scholarships_html/bigfuture-2060.html,100,100,100,100,100,100
42,scholarships_html/bigfuture-1011.html,100,100,100,100,100,100
42,scholarships_html/scholarships360-2076.html,100,0,100,100,100,0
42,scholarships_html/mastersportal-1447.html,100,100,100,100,100,100
42,scholarships_html/scholarship-1808.html,100,100,100,100,0,0
42,scholarships_html/internationalscholarships-0994.html,100,100,100,100,100,100
42,scholarships_html/mastersportal-1651.html,100,100,100,100,100,100
42,scholarships_html/scholarships360-2077.html,100,0,100,100,100,0
42,scholarships_html/mastersportal-1264.html,100,100,100,100,100,100
42,scholarships_html/bigfuture-1148.html,100,100,100,100,100,100
42,scholarships_html/mastersportal-0705.html,100,100,100,100,100,100
42,scholarships_html/internationalscholarships-0941.html,100,100,100,100,100,100
42,scholarships_html/bigfuture-1889.html,100,100,100,100,100,100
42,scholarships_html/bigfuture-1169.html,100,100,100,100,100,100
42,scholarships_html/bigfuture-1544.html,100,100,100,100,100,100
42,scholarships_html/internationalscholarships-1103.html,100,100,100,100,100,100
42,scholarships_html/bigfuture-0176.html,100,100,100,100,100,100
42,scholarships_html/bigfuture-1168.html,100,100,100,100,100,100
42,scholarships_html/scholarships360-1200.html,100,0,100,100,100,0
42,scholarships_html/bigfuture-0761.html,100,100,100,100,100,100
42,scholarships_html/scholarships360-0042.html,100,0,100,100,100,0
42,scholarships_html/scholarships360-0521.html,100,0,100,100,100,0
42,scholarships_html/scholarships360-0153.html,100,0,100,100,100,0
42,scholarships_html/scholarship-1903.html,100,100,100,100,0,0
42,scholarships_html/internationalscholarships-0126.html,100,100,100,0,100,0
42,scholarships_html/internationalscholarships-0842.html,100,100,100,100,100,100
42,scholarships_html/scholarships360-0993.html,100,0,100,100,100,0
42,scholarships_html/scholarships360-1028.html,100,0,100,100,100,0
42,scholarships_html/scholarships360-1488.html,100,0,100,100,100,0
42,scholarships_html/internationalscholarships-1285.html,100,100,100,100,100,100
42,scholarships_html/scholarships360-1276.html,100,0,100,100,100,0
42,scholarships_html/scholarship-0128.html,100,100,100,100,100,100
42,scholarships_html/mastersportal-1365.html,100,100,100,100,100,100
42,scholarships_html/scholarship-0636.html,100,100,100,100,0,0
42,scholarships_html/bigfuture-1661.html,100,100,100,100,100,100
42,scholarships_html/internationalscholarships-0634.html,100,100,100,100,100,100
42,scholarships_html/internationalscholarships-0746.html,100,100,100,100,100,100
42,scholarships_html/mastersportal-0161.html,100,100,100,100,100,100
42,scholarships_html/scholarships360-0690.html,100,0,100,100,100,0
42,scholarships_html/mastersportal-0352.html,100,100,100,100,100,100
42,scholarships_html/internationalscholarships-1400.html,100,100,0,100,100,0
42,scholarships_html/scholarships360-1496.html,100,0,100,100,100,0
42,scholarships_html/internationalscholarships-1325.html,100,100,100,100,100,100
42,scholarships_html/scholarships360-0560.html,100,0,100,100,100,0
42,scholarships_html/scholarship-0571.html,100,100,100,100,0,0
42,scholarships_html/internationalscholarships-0495.html,100,100,100,100,100,100
42,scholarships_html/internationalscholarships-1130.html,100,100,100,100,100,100
42,scholarships_html/mastersportal-0015.html,100,100,100,100,100,100
42,scholarships_html/internationalscholarships-1384.html,100,100,100,100,100,100
42,scholarships_html/mastersportal-1360.html,100,100,100,100,100,100
42,scholarships_html/scholarships360-1933.html,100,0,100,100,100,0
42,scholarships_html/scholarship-0414.html,100,100,100,100,100,100
42,scholarships_html/scholarship-1802.html,100,100,100,100,0,0
42,scholarships_html/internationalscholarships-0755.html,100,100,100,100,0,0
42,scholarships_html/bigfuture-1486.html,100,100,100,100,100,100
42,scholarships_html/mastersportal-0739.html,100,100,100,100,100,100
42,scholarships_html/bigfuture-0825.html,100,100,100,100,100,100
42,scholarships_html/scholarship-0011.html,100,100,100,100,100,100
42,scholarships_html/scholarship-0602.html,100,100,100,100,100,100
42,scholarships_html/internationalscholarships-0952.html,100,100,100,100,100,100
42,scholarships_html/scholarships360-0834.html,100,0,100,100,100,0
42,scholarships_html/scholarship-1289.html,100,100,100,100,0,0
42,scholarships_html/scholarship-0538.html,100,100,100,100,0,0
42,scholarships_html/scholarships360-0048.html,100,0,100,100,100,0
42,scholarships_html/internationalscholarships-0548.html,100,100,100,100,100,100
42,scholarships_html/scholarship-0961.html,100,100,100,100,100,100
42,scholarships_html/bigfuture-0211.html,100,100,100,100,0,0
42,scholarships_html/mastersportal-0694.html,100,100,100,100,100,100
42,scholarships_html/bigfuture-0225.html,100,100,100,100,100,100
42,scholarships_html/bigfuture-0900.html,100,100,100,100,100,100
42,scholarships_html/scholarships360-1983.html,100,0,100,100,100,0
42,scholarships_html/mastersportal-1228.html,100,100,100,100,100,100
42,scholarships_html/internationalscholarships-1036.html,100,100,100,100,100,100
42,scholarships_html/mastersportal-0783.html,100,100,100,100,100,100
42,scholarships_html/internationalscholarships-1190.html,100,100,100,100,100,100
42,scholarships_html/scholarships360-2018.html,100,0,100,100,100,0
42,scholarships_html/internationalscholarships-0743.html,100,100,100,100,0,0
42,scholarships_html/internationalscholarships-0478.html,100,100,100,100,100,100
42,scholarships_html/mastersportal-1776.html,100,100,100,100,100,100
42,scholarships_html/scholarship-1959.html,100,100,100,100,0,0
42,scholarships_html/scholarship-0266.html,100,100,100,100,0,0
42,scholarships_html/mastersportal-1781.html,100,100,100,100,100,100
42,scholarships_html/internationalscholarships-0408.html,100,100,100,100,100,100
42,scholarships_html/bigfuture-0625.html,100,100,100,100,100,100
42,scholarships_html/mastersportal-1849.html,100,100,100,100,100,100
42,scholarships_html/mastersportal-0026.html,100,100,100,100,100,100
42,scholarships_html/bigfuture-2001.html,100,100,100,100,100,100
42,scholarships_html/scholarship-1021.html,100,100,100,100,100,100
42,scholarships_html/scholarship-0909.html,100,100,100,100,0,0
42,scholarships_html/internationalscholarships-0082.html,100,100,100,100,100,100
42,scholarships_html/bigfuture-1523.html,100,100,100,100,100,100
42,scholarships_html/mastersportal-0604.html,100,100,100,100,100,100
42,scholarships_html/bigfuture-1513.html,100,100,100,100,100,100
42,scholarships_html/scholarships360-1755.html,100,0,100,100,100,0
42,scholarships_html/bigfuture-1940.html,100,100,100,100,100,100
42,scholarships_html/scholarships360-0494.html,100,0,100,100,100,0
42,scholarships_html/bigfuture-1187.html,100,100,100,100,100,100
42,scholarships_html/scholarship-0399.html,100,100,100,100,0,0
42,scholarships_html/bigfuture-0932.html,100,100,100,100,100,100
42,scholarships_html/bigfuture-1202.html,100,100,100,100,100,100
42,scholarships_html/mastersportal-0877.html,100,100,100,100,100,100
42,scholarships_html/mastersportal-0803.html,100,100,100,100,100,100
42,scholarships_html/mastersportal-1685.html,100,100,100,100,100,100
42,scholarships_html/scholarship-0797.html,100,100,100,100,0,0
42,scholarships_html/scholarships360-0989.html,100,0,100,100,100,0
42,scholarships_html/scholarships360-1786.html,100,0,100,100,100,0
42,scholarships_html/mastersportal-0039.html,100,100,100,100,100,100
42,scholarships_html/internationalscholarships-1538.html,100,100,100,100,100,100
42,scholarships_html/bigfuture-0141.html,100,100,100,100,100,100
42,scholarships_html/mastersportal-1019.html,100,100,100,100,100,100
42,scholarships_html/internationalscholarships-0683.html,100,100,100,100,100,100
42,scholarships_html/scholarships360-0142.html,100,0,100,100,100,0
42,scholarships_html/scholarships360-1397.html,100,0,100,100,100,0
42,scholarships_html/scholarships360-1494.html,100,0,100,100,100,0
42,scholarships_html/internationalscholarships-0561.html,100,100,100,100,100,100
42,scholarships_html/scholarship-1336.html,100,100,100,100,0,0
42,scholarships_html/bigfuture-0326.html,100,100,100,100,100,100
42,scholarships_html/bigfuture-0613.html,100,100,100,100,100,100
42,scholarships_html/scholarship-1847.html,100,100,100,100,100,100
42,scholarships_html/mastersportal-1744.html,100,100,100,100,100,100
42,scholarships_html/scholarships360-1243.html,100,0,100,100,100,0
42,scholarships_html/scholarship-1858.html,100,100,100,100,0,0
42,scholarships_html/mastersportal-0559.html,100,100,100,100,100,100
42,scholarships_html/bigfuture-1142.html,100,100,100,100,100,100
42,scholarships_html/scholarship-1050.html,100,100,100,100,100,100
42,scholarships_html/scholarships360-1527.html,100,0,100,100,100,0
42,scholarships_html/mastersportal-0749.html,100,100,100,100,100,100
42,scholarships_html/internationalscholarships-1484.html,100,100,100,100,100,100
42,scholarships_html/scholarships360-1756.html,100,0,100,100,100,0
42,scholarships_html/internationalscholarships-1272.html,100,100,100,100,100,100
42,scholarships_html/mastersportal-0561.html,100,100,100,100,100,100
42,scholarships_html/bigfuture-1325.html,100,100,100,100,100,100
42,scholarships_html/scholarship-0981.html,100,100,100,100,0,0
42,scholarships_html/scholarships360-0233.html,100,0,100,100,100,0
42,scholarships_html/internationalscholarships-0426.html,100,100,100,100,100,100
42,scholarships_html/mastersportal-1292.html,100,100,100,100,100,100
42,scholarships_html/bigfuture-0763.html,100,100,100,100,100,100
42,scholarships_html/mastersportal-1395.html,100,100,100,100,100,100
42,scholarships_html/mastersportal-0146.html,100,100,100,100,100,100
42,scholarships_html/scholarship-1476.html,100,100,100,100,0,0
42,scholarships_html/mastersportal-0459.html,100,100,100,100,100,100
42,scholarships_html/internationalscholarships-0940.html,100,100,100,100,100,100
42,scholarships_html/mastersportal-0733.html,100,100,100,100,100,100
42,scholarships_html/mastersportal-1096.html,100,100,100,100,100,100
42,scholarships_html/scholarships360-0717.html,100,0,100,100,100,0
42,scholarships_html/internationalscholarships-0712.html,100,100,100,100,100,100
42,scholarships_html/scholarship-0154.html,100,100,100,100,0,0
42,scholarships_html/scholarship-1510.html,100,100,100,100,0,0
42,scholarships_html/bigfuture-2040.html,100,100,100,100,100,100
42,scholarships_html/mastersportal-0930.html,100,100,100,100,100,100
42,scholarships_html/internationalscholarships-0676.html,100,100,100,100,100,100
42,scholarships_html/mastersportal-1633.html,100,100,100,100,100,100
42,scholarships_html/internationalscholarships-0716.html,100,100,0,0,0,0
42,scholarships_html/scholarship-2166.html,100,100,100,100,0,0
42,scholarships_html/mastersportal-0909.html,100,100,100,100,100,100
42,scholarships_html/mastersportal-0940.html,100,100,100,100,100,100
42,scholarships_html/scholarship-0370.html,100,100,100,100,0,0
42,scholarships_html/internationalscholarships-1324.html,100,100,100,100,100,100
42,scholarships_html/mastersportal-0784.html,100,100,100,100,100,100
42,scholarships_html/scholarships360-0566.html,100,0,100,100,100,0
42,scholarships_html/mastersportal-1120.html,100,100,100,100,100,100
42,scholarships_html/internationalscholarships-0659.html,100,100,100,100,100,100
42,scholarships_html/scholarship-1569.html,100,100,100,100,100,100
42,scholarships_html/bigfuture-0618.html,100,100,100,100,100,100
42,scholarships_html/internationalscholarships-0838.html,100,100,100,0,100,0
42,scholarships_html/mastersportal-1472.html,100,100,100,100,100,100
42,scholarships_html/bigfuture-1749.html,100,100,100,100,100,100
42,scholarships_html/scholarships360-0874.html,100,0,100,100,100,0
42,scholarships_html/internationalscholarships-0873.html,100,100,100,100,100,100
42,scholarships_html/bigfuture-0074.html,100,100,100,100,100,100
42,scholarships_html/bigfuture-0163.html,100,100,100,100,100,100
42,scholarships_html/scholarship-1066.html,100,100,100,100,0,0
42,scholarships_html/scholarship-0623.html,100,100,100,100,100,100
42,scholarships_html/scholarship-2071.html,100,100,100,100,0,0
42,scholarships_html/bigfuture-0753.html,100,100,100,100,100,100
42,scholarships_html/scholarships360-1286.html,100,0,100,100,100,0
42,scholarships_html/internationalscholarships-0718.html,100,100,100,100,100,100
42,scholarships_html/bigfuture-1086.html,100,100,100,100,100,100
42,scholarships_html/internationalscholarships-0567.html,100,100,100,100,100,100
42,scholarships_html/internationalscholarships-0316.html,100,100,100,0,100,0
42,scholarships_html/mastersportal-0436.html,100,100,100,100,100,100
42,scholarships_html/internationalscholarships-0609.html,100,100,100,100,100,100
42,scholarships_html/scholarships360-1676.html,100,0,100,100,100,0
42,scholarships_html/scholarship-2047.html,100,100,100,100,100,100
42,scholarships_html/bigfuture-1087.html,100,100,100,100,100,100
42,scholarships_html/mastersportal-1237.html,100,100,100,100,100,100
42,scholarships_html/scholarships360-1875.html,100,0,100,100,100,0
42,scholarships_html/mastersportal-0937.html,100,100,100,100,100,100
42,scholarships_html/bigfuture-0416.html,100,100,100,100,100,100
42,scholarships_html/scholarships360-1629.html,100,0,100,100,100,0
42,scholarships_html/scholarship-0220.html,100,100,100,100,0,0
42,scholarships_html/scholarship-1224.html,100,100,100,100,0,0
42,scholarships_html/scholarship-0943.html,100,100,100,100,0,0
42,scholarships_html/scholarships360-0523.html,100,0,100,100,100,0
42,scholarships_html/internationalscholarships-0161.html,100,100,100,100,100,100
42,scholarships_html/scholarship-1663.html,100,100,100,100,0,0
42,scholarships_html/scholarship-1232.html,100,100,100,100,0,0
42,scholarships_html/bigfuture-0839.html,100,100,100,100,100,100
42,scholarships_html/mastersportal-0698.html,100,100,100,100,100,100
42,scholarships_html/scholarships360-1006.html,100,0,100,100,100,0
42,scholarships_html/mastersportal-1973.html,100,100,100,100,100,100
42,scholarships_html/bigfuture-0508.html,100,100,100,100,100,100
42,scholarships_html/scholarship-1104.html,100,100,100,100,0,0
42,scholarships_html/scholarships360-1118.html,100,0,100,100,100,0
42,scholarships_html/mastersportal-0357.html,100,100,100,100,100,100
42,scholarships_html/internationalscholarships-0457.html,100,100,100,0,0,0
42,scholarships_html/scholarship-0111.html,100,100,100,100,0,0
42,scholarships_html/internationalscholarships-0382.html,100,100,100,100,100,100
42,scholarships_html/bigfuture-1591.html,100,100,100,100,100,100
42,scholarships_html/mastersportal-1206.html,100,100,100,100,100,100
42,scholarships_html/scholarship-0461.html,100,100,100,100,100,100
42,scholarships_html/bigfuture-0879.html,100,100,100,100,100,100
42,scholarships_html/scholarship-0372.html,100,100,100,100,0,0
42,scholarships_html/bigfuture-1067.html,100,100,100,100,100,100
42,scholarships_html/scholarships360-1060.html,100,0,100,100,100,0
42,scholarships_html/mastersportal-1492.html,100,100,100,100,100,100
42,scholarships_html/scholarships360-1708.html,100,0,100,100,100,0
42,scholarships_html/bigfuture-0811.html,100,100,100,100,100,100
42,scholarships_html/mastersportal-0344.html,100,100,100,100,100,100
42,scholarships_html/scholarships360-1846.html,100,0,100,100,100,0
42,scholarships_html/bigfuture-0640.html,100,100,100,100,100,100
42,scholarships_html/internationalscholarships-0936.html,100,100,100,100,100,100
42,scholarships_html/mastersportal-1635.html,100,100,100,100,100,100
42,scholarships_html/internationalscholarships-1321.html,100,100,0,100,100,0
42,scholarships_html/bigfuture-1848.html,100,100,100,100,100,100
42,scholarships_html/bigfuture-0941.html,100,100,100,100,100,100
42,scholarships_html/internationalscholarships-1339.html,100,100,100,100,100,100
42,scholarships_html/bigfuture-1416.html,100,100,100,100,100,100
42,scholarships_html/scholarships360-1050.html,100,0,100,100,100,0
42,scholarships_html/scholarship-0427.html,100,100,100,100,100,100
42,scholarships_html/bigfuture-1195.html,100,100,100,100,100,100
42,scholarships_html/internationalscholarships-0728.html,100,100,100,100,0,0
42,scholarships_html/mastersportal-1545.html,100,100,100,100,100,100
42,scholarships_html/mastersportal-1320.html,100,100,100,100,100,100
42,scholarships_html/mastersportal-0332.html,100,100,100,100,100,100
42,scholarships_html/mastersportal-1437.html,100,100,100,100,100,100
42,scholarships_html/mastersportal-0403.html,100,100,100,100,100,100
42,scholarships_html/scholarship-0587.html,100,100,100,100,0,0
42,scholarships_html/bigfuture-0235.html,100,100,100,100,100,100
42,scholarships_html/mastersportal-1080.html,100,100,100,100,100,100
42,scholarships_html/internationalscholarships-1348.html,100,100,100,100,100,100
42,scholarships_html/scholarship-1226.html,100,100,100,100,0,0
42,scholarships_html/scholarships360-2011.html,100,0,100,100,100,0
42,scholarships_html/scholarship-1965.html,100,100,100,100,0,0
42,scholarships_html/scholarship-2049.html,100,100,100,100,0,0
42,scholarships_html/scholarship-0563.html,100,100,100,100,100,100
42,scholarships_html/bigfuture-1561.html,100,100,100,100,100,100
42,scholarships_html/scholarship-1098.html,100,100,100,100,0,0
42,scholarships_html/mastersportal-0765.html,100,100,100,100,100,100
42,scholarships_html/internationalscholarships-0128.html,100,100,100,100,100,100
42,scholarships_html/mastersportal-0156.html,100,100,100,100,100,100
42,scholarships_html/mastersportal-1587.html,100,100,100,100,100,100
42,scholarships_html/scholarships360-0050.html,100,0,100,100,100,0
42,scholarships_html/scholarship-2088.html,100,100,100,100,0,0
42,scholarships_html/internationalscholarships-0580.html,100,100,100,100,100,100
42,scholarships_html/scholarship-0489.html,100,100,100,100,0,0
42,scholarships_html/scholarship-2190.html,100,100,100,100,0,0
42,scholarships_html/scholarship-0067.html,100,100,100,100,100,100
42,scholarships_html/scholarship-1524.html,100,100,100,100,100,100
42,scholarships_html/scholarships360-0425.html,100,0,100,100,100,0
42,scholarships_html/scholarships360-2125.html,100,0,100,100,100,0
42,scholarships_html/internationalscholarships-0833.html,100,100,100,100,100,100
42,scholarships_html/scholarships360-0168.html,100,0,100,100,100,0
42,scholarships_html/bigfuture-0310.html,100,100,100,100,100,100
42,scholarships_html/scholarships360-0250.html,100,0,100,100,100,0
42,scholarships_html/scholarship-1276.html,100,100,100,100,100,100
42,scholarships_html/scholarships360-1617.html,100,0,100,100,100,0
42,scholarships_html/scholarship-1650.html,100,100,100,100,0,0
42,scholarships_html/bigfuture-0013.html,100,100,100,100,100,100
42,scholarships_html/internationalscholarships-1107.html,100,100,100,100,100,100
42,scholarships_html/scholarship-1937.html,100,100,100,100,0,0
42,scholarships_html/scholarships360-1158.html,100,0,100,100,100,0
42,scholarships_html/mastersportal-1223.html,100,100,100,100,100,100
42,scholarships_html/internationalscholarships-0031.html,100,100,100,100,100,100
42,scholarships_html/internationalscholarships-1454.html,100,100,100,100,100,100
42,scholarships_html/scholarships360-1159.html,100,0,100,100,100,0
42,scholarships_html/scholarships360-1540.html,100,0,100,100,100,0
42,scholarships_html/bigfuture-0693.html,100,100,100,100,100,100
42,scholarships_html/mastersportal-1046.html,100,100,100,100,100,100
42,scholarships_html/bigfuture-1712.html,100,100,100,100,100,100
42,scholarships_html/scholarship-1372.html,100,100,100,100,0,0
42,scholarships_html/bigfuture-1074.html,100,100,100,100,100,100
42,scholarships_html/internationalscholarships-1073.html,100,100,100,100,100,100
42,scholarships_html/internationalscholarships-0624.html,100,100,100,100,100,100
42,scholarships_html/mastersportal-1831.html,100,100,100,100,100,100
42,scholarships_html/bigfuture-1539.html,100,100,100,100,100,100
42,scholarships_html/internationalscholarships-1016.html,100,100,100,100,100,100
42,scholarships_html/bigfuture-1567.html,100,100,100,100,100,100
42,scholarships_html/bigfuture-0456.html,100,100,100,100,100,100
42,scholarships_html/internationalscholarships-0950.html,100,100,100,100,100,100
42,scholarships_html/bigfuture-0220.html,100,100,100,100,100,100
42,scholarships_html/scholarships360-0023.html,100,0,100,100,100,0
42,scholarships_html/mastersportal-0031.html,100,100,100,100,100,100
42,scholarships_html/mastersportal-1095.html,100,100,100,100,100,100
42,scholarships_html/mastersportal-1654.html,100,100,100,100,100,100
42,scholarships_html/scholarship-0439.html,100,100,100,100,0,0
42,scholarships_html/scholarship-0580.html,100,100,100,100,100,100
42,scholarships_html/mastersportal-2086.html,100,100,100,100,100,100
42,scholarships_html/bigfuture-1399.html,100,100,100,100,100,100
42,scholarships_html/internationalscholarships-1113.html,100,100,100,100,100,100
42,scholarships_html/scholarships360-1688.html,100,0,100,100,100,0
42,scholarships_html/mastersportal-1346.html,100,100,100,100,100,100
42,scholarships_html/scholarships360-1673.html,100,0,100,100,100,0
42,scholarships_html/scholarship-1444.html,100,100,100,100,0,0
42,scholarships_html/mastersportal-1648.html,100,100,100,100,100,100
42,scholarships_html/bigfuture-0483.html,100,100,100,100,100,100
42,scholarships_html/bigfuture-1230.html,100,100,100,100,100,100
42,scholarships_html/mastersportal-0887.html,100,100,100,100,100,100
42,scholarships_html/scholarships360-0942.html,100,0,100,100,100,0
42,scholarships_html/internationalscholarships-0878.html,100,100,100,100,100,100
42,scholarships_html/mastersportal-1086.html,100,100,100,100,100,100
42,scholarships_html/scholarships360-0732.html,100,0,100,100,100,0
42,scholarships_html/mastersportal-0361.html,100,100,100,100,100,100
42,scholarships_html/mastersportal-0671.html,100,100,100,100,100,100
42,scholarships_html/mastersportal-2048.html,100,100,100,100,100,100
42,scholarships_html/internationalscholarships-0206.html,100,100,100,100,100,100
42,scholarships_html/scholarships360-1941.html,100,0,100,100,100,0
42,scholarships_html/mastersportal-1669.html,100,100,100,100,100,100
42,scholarships_html/scholarships360-1794.html,100,0,100,100,100,0
42,scholarships_html/bigfuture-0755.html,100,100,100,100,100,100
42,scholarships_html/internationalscholarships-0406.html,100,100,100,100,100,100
42,scholarships_html/scholarship-1332.html,100,100,100,100,0,0
42,scholarships_html/scholarships360-0828.html,100,0,100,100,100,0
42,scholarships_html/mastersportal-1667.html,100,100,100,100,100,100
42,scholarships_html/internationalscholarships-0921.html,100,100,100,100,100,100
42,scholarships_html/bigfuture-2056.html,100,100,100,100,100,100
42,scholarships_html/bigfuture-0283.html,100,100,100,100,100,100
42,scholarships_html/scholarships360-2070.html,100,0,100,100,100,0
42,scholarships_html/bigfuture-1356.html,100,100,100,100,100,100
42,scholarships_html/bigfuture-1946.html,100,100,100,100,100,100
42,scholarships_html/scholarship-1221.html,100,100,100,100,100,100
42,scholarships_html/internationalscholarships-0929.html,100,100,0,100,100,0
42,scholarships_html/internationalscholarships-0761.html,100,100,100,100,100,100
42,scholarships_html/bigfuture-1853.html,100,100,100,100,100,100
42,scholarships_html/scholarships360-0841.html,100,0,100,100,100,0
42,scholarships_html/bigfuture-1097.html,100,100,100,100,100,100
42,scholarships_html/scholarship-0036.html,100,100,100,100,100,100
42,scholarships_html/bigfuture-1002.html,100,100,100,100,100,100
42,scholarships_html/internationalscholarships-1065.html,100,100,100,100,100,100
42,scholarships_html/scholarship-1145.html,100,100,100,100,0,0
42,scholarships_html/scholarships360-1007.html,100,0,100,100,100,0
42,scholarships_html/scholarships360-0840.html,100,0,100,100,100,0
42,scholarships_html/internationalscholarships-0148.html,100,100,100,100,100,100
42,scholarships_html/bigfuture-0677.html,100,100,100,100,100,100
42,scholarships_html/scholarships360-1447.html,100,0,100,100,100,0
42,scholarships_html/scholarship-0224.html,100,100,100,100,0,0
42,scholarships_html/scholarships360-1906.html,100,0,100,100,100,0
42,scholarships_html/scholarships360-0339.html,100,0,100,100,100,0
42,scholarships_html/scholarship-0794.html,100,100,100,100,100,100
42,scholarships_html/scholarships360-0170.html,100,0,100,100,100,0
42,scholarships_html/scholarship-1478.html,100,100,100,100,0,0
42,scholarships_html/mastersportal-1770.html,100,100,100,100,100,100
42,scholarships_html/bigfuture-0201.html,100,100,100,100,100,100
42,scholarships_html/scholarships360-0708.html,100,0,100,100,100,0
42,scholarships_html/mastersportal-1527.html,100,100,100,100,100,100
42,scholarships_html/internationalscholarships-0252.html,100,100,100,100,100,100
42,scholarships_html/internationalscholarships-0948.html,100,100,100,100,100,100
42,scholarships_html/scholarships360-2084.html,100,0,100,100,100,0
42,scholarships_html/bigfuture-0015.html,100,100,100,100,100,100
42,scholarships_html/scholarship-0023.html,100,100,100,100,0,0
42,scholarships_html/bigfuture-1190.html,100,100,100,100,100,100
42,scholarships_html/bigfuture-0551.html,100,100,100,100,100,100
42,scholarships_html/mastersportal-1249.html,100,100,100,100,100,100
42,scholarships_html/scholarship-0086.html,100,100,100,100,100,100
42,scholarships_html/scholarships360-0335.html,100,0,100,100,100,0
42,scholarships_html/scholarships360-1609.html,100,0,100,100,100,0
42,scholarships_html/bigfuture-0021.html,100,100,100,100,100,100
42,scholarships_html/scholarship-1322.html,100,100,100,100,0,0
42,scholarships_html/internationalscholarships-1157.html,100,100,100,100,100,100
42,scholarships_html/scholarship-0994.html,100,100,100,100,100,100
42,scholarships_html/scholarships360-1837.html,100,0,100,100,100,0
42,scholarships_html/scholarship-1318.html,100,100,100,100,0,0
42,scholarships_html/internationalscholarships-0388.html,100,100,100,100,100,100
42,scholarships_html/scholarship-0466.html,100,100,100,100,0,0
42,scholarships_html/scholarships360-0636.html,100,0,100,100,100,0
42,scholarships_html/internationalscholarships-1090.html,100,100,100,100,100,100
42,scholarships_html/internationalscholarships-0551.html,100,100,100,100,100,100
42,scholarships_html/bigfuture-0664.html,100,100,100,100,100,100
42,scholarships_html/internationalscholarships-0925.html,100,100,100,100,100,100
42,scholarships_html/scholarship-1503.html,100,100,100,100,100,100
42,scholarships_html/bigfuture-0507.html,100,100,100,100,100,100
42,scholarships_html/scholarship-0359.html,100,100,100,100,0,0
42,scholarships_html/scholarships360-1266.html,100,0,100,100,100,0
42,scholarships_html/mastersportal-0743.html,100,100,100,100,100,100
42,scholarships_html/mastersportal-0567.html,100,100,100,100,100,100
42,scholarships_html/internationalscholarships-0479.html,100,100,100,100,100,100
42,scholarships_html/mastersportal-1357.html,100,100,100,100,100,100
42,scholarships_html/bigfuture-1432.html,100,100,100,100,100,100
42,scholarships_html/internationalscholarships-1102.html,100,100,100,100,100,100
42,scholarships_html/bigfuture-1244.html,100,100,100,100,100,100
42,scholarships_html/scholarship-1340.html,100,100,100,100,0,0
42,scholarships_html/scholarships360-1664.html,100,0,100,100,100,0
42,scholarships_html/scholarships360-1917.html,100,0,100,100,100,0
42,scholarships_html/scholarship-1677.html,100,100,100,100,0,0
42,scholarships_html/scholarships360-1443.html,100,0,100,100,100,0
42,scholarships_html/mastersportal-0832.html,100,100,100,100,100,100
42,scholarships_html/scholarships360-1076.html,100,0,100,100,100,0
42,scholarships_html/mastersportal-1295.html,100,100,100,100,100,100
42,scholarships_html/scholarship-1140.html,100,100,100,100,0,0
42,scholarships_html/internationalscholarships-0011.html,100,100,100,100,100,100
42,scholarships_html/scholarship-0205.html,100,100,100,100,0,0
42,scholarships_html/mastersportal-0170.html,100,100,100,100,100,100
42,scholarships_html/mastersportal-1852.html,100,100,100,100,100,100
42,scholarships_html/mastersportal-1318.html,100,100,100,100,100,100
42,scholarships_html/internationalscholarships-0454.html,100,100,100,100,100,100
42,scholarships_html/scholarships360-0492.html,100,0,100,100,100,0
42,scholarships_html/scholarship-1782.html,100,100,100,100,0,0
42,scholarships_html/scholarship-0830.html,100,100,100,100,100,100
42,scholarships_html/scholarship-2122.html,100,100,100,100,100,100
42,scholarships_html/mastersportal-1094.html,100,100,100,100,100,100
42,scholarships_html/mastersportal-1520.html,100,100,100,100,100,100
42,scholarships_html/bigfuture-1448.html,100,100,100,100,100,100
42,scholarships_html/mastersportal-0406.html,100,100,100,100,100,100
42,scholarships_html/internationalscholarships-0155.html,100,100,100,100,100,100
42,scholarships_html/bigfuture-1669.html,100,100,100,100,100,100
42,scholarships_html/mastersportal-0551.html,100,100,100,100,100,100
42,scholarships_html/mastersportal-0342.html,100,100,100,100,100,100
42,scholarships_html/scholarship-0965.html,100,100,100,100,100,100
42,scholarships_html/bigfuture-0823.html,100,100,100,100,100,100
42,scholarships_html/scholarship-0130.html,100,100,100,100,0,0
42,scholarships_html/scholarships360-1474.html,100,0,100,100,100,0
42,scholarships_html/internationalscholarships-0977.html,100,100,100,100,100,100
42,scholarships_html/scholarship-1279.html,100,100,100,100,0,0
42,scholarships_html/bigfuture-0347.html,100,100,100,100,100,100
42,scholarships_html/scholarships360-1124.html,100,0,100,100,100,0
42,scholarships_html/mastersportal-0619.html,100,100,100,100,100,100
42,scholarships_html/bigfuture-1373.html,100,100,100,100,100,100
42,scholarships_html/scholarships360-0001.html,100,0,100,100,100,0
42,scholarships_html/mastersportal-0222.html,100,100,100,100,100,100
42,scholarships_html/mastersportal-2076.html,100,100,100,100,100,100
42,scholarships_html/scholarships360-0075.html,100,0,100,100,100,0
42,scholarships_html/bigfuture-0499.html,100,100,100,100,100,100
42,scholarships_html/internationalscholarships-1358.html,100,100,100,100,100,100
42,scholarships_html/scholarships360-0921.html,100,0,100,100,100,0
42,scholarships_html/scholarships360-1645.html,100,0,100,100,100,0
42,scholarships_html/mastersportal-1424.html,100,100,100,100,100,100
42,scholarships_html/scholarship-1032.html,100,100,100,100,0,0
42,scholarships_html/scholarships360-0367.html,100,0,100,100,100,0
42,scholarships_html/bigfuture-1070.html,100,100,100,100,100,100
42,scholarships_html/bigfuture-1796.html,100,100,100,100,100,100
42,scholarships_html/internationalscholarships-1057.html,100,100,100,100,100,100
42,scholarships_html/scholarships360-0844.html,100,0,100,100,100,0
42,scholarships_html/scholarships360-1973.html,100,0,100,100,100,0
42,scholarships_html/scholarships360-2088.html,100,0,100,100,100,0
42,scholarships_html/bigfuture-0039.html,100,100,100,100,100,100
42,scholarships_html/scholarships360-1822.html,100,0,100,100,100,0
42,scholarships_html/scholarship-2110.html,100,100,100,100,0,0
42,scholarships_html/mastersportal-1255.html,100,100,100,100,100,100
42,scholarships_html/mastersportal-0757.html,100,100,100,100,100,100
42,scholarships_html/mastersportal-0942.html,100,100,100,100,100,100
42,scholarships_html/scholarship-0214.html,100,100,100,100,0,0
42,scholarships_html/bigfuture-1694.html,100,100,100,100,100,100
42,scholarships_html/bigfuture-0288.html,100,100,100,100,100,100
42,scholarships_html/scholarships360-0974.html,100,0,100,100,100,0
42,scholarships_html/internationalscholarships-0990.html,100,100,100,100,100,100
42,scholarships_html/bigfuture-0505.html,100,100,100,100,100,100
42,scholarships_html/mastersportal-1291.html,100,100,100,100,100,100
42,scholarships_html/internationalscholarships-0263.html,100,100,100,100,100,100
42,scholarships_html/internationalscholarships-0692.html,100,100,100,100,100,100
42,scholarships_html/scholarship-1242.html,100,100,100,100,0,0
42,scholarships_html/scholarship-0250.html,100,100,100,100,100,100
42,scholarships_html/scholarships360-1033.html,100,0,100,100,100,0
42,scholarships_html/scholarships360-0172.html,100,0,100,100,100,0
42,scholarships_html/internationalscholarships-1061.html,100,100,100,100,100,100
42,scholarships_html/scholarships360-1278.html,100,0,100,100,100,0
42,scholarships_html/bigfuture-1397.html,100,100,100,100,100,100
42,scholarships_html/bigfuture-1808.html,100,100,100,100,100,100
42,scholarships_html/scholarship-0165.html,100,100,100,100,0,0
42,scholarships_html/mastersportal-0886.html,100,100,100,100,100,100
42,scholarships_html/scholarship-1055.html,100,100,100,100,0,0
42,scholarships_html/bigfuture-0473.html,100,100,100,100,100,100
42,scholarships_html/mastersportal-1751.html,100,100,100,100,100,100
42,scholarships_html/mastersportal-0907.html,100,100,100,100,100,100
42,scholarships_html/bigfuture-0391.html,100,100,100,100,100,100
42,scholarships_html/bigfuture-2075.html,100,100,100,100,100,100
42,scholarships_html/scholarship-1108.html,100,100,100,100,0,0
42,scholarships_html/internationalscholarships-0563.html,100,100,100,100,100,100
42,scholarships_html/scholarship-1283.html,100,100,100,100,0,0
42,scholarships_html/mastersportal-1130.html,100,100,100,100,100,100
42,scholarships_html/scholarship-0978.html,100,100,100,100,0,0
42,scholarships_html/internationalscholarships-0521.html,100,100,100,100,100,100
42,scholarships_html/bigfuture-1009.html,100,100,100,100,100,100
42,scholarships_html/scholarship-1706.html,100,100,100,100,0,0
42,scholarships_html/bigfuture-1908.html,100,100,100,100,100,100
42,scholarships_html/scholarships360-2091.html,100,0,100,100,100,0
42,scholarships_html/internationalscholarships-1284.html,100,100,100,100,100,100
42,scholarships_html/scholarship-1031.html,100,100,100,100,0,0
42,scholarships_html/internationalscholarships-0292.html,100,100,100,100,100,100
42,scholarships_html/bigfuture-1598.html,100,100,100,100,100,100
42,scholarships_html/bigfuture-0734.html,100,100,100,100,100,100
42,scholarships_html/scholarships360-0547.html,100,0,100,100,100,0
42,scholarships_html/mastersportal-0921.html,100,100,100,100,100,100
42,scholarships_html/scholarships360-0225.html,100,0,100,100,100,0
42,scholarships_html/scholarships360-1683.html,100,0,100,100,100,0
42,scholarships_html/scholarships360-1990.html,100,0,100,100,100,0
42,scholarships_html/bigfuture-0071.html,100,100,100,100,100,100
42,scholarships_html/scholarship-1499.html,100,100,100,100,0,0
42,scholarships_html/internationalscholarships-0137.html,100,100,100,100,100,100
42,scholarships_html/bigfuture-1303.html,100,100,100,100,100,100
42,scholarships_html/scholarship-1121.html,100,100,100,100,0,0
42,scholarships_html/scholarships360-0773.html,100,0,100,100,100,0
42,scholarships_html/scholarships360-0406.html,100,0,100,100,100,0
42,scholarships_html/scholarships360-1969.html,100,0,100,100,100,0
42,scholarships_html/scholarships360-2104.html,100,0,100,100,100,0
42,scholarships_html/internationalscholarships-0015.html,100,100,100,0,100,0
42,scholarships_html/mastersportal-1885.html,100,100,100,100,100,100
42,scholarships_html/bigfuture-0855.html,100,100,100,100,100,100
42,scholarships_html/bigfuture-0880.html,100,100,100,100,100,100
42,scholarships_html/internationalscholarships-1110.html,100,100,100,100,100,100
42,scholarships_html/scholarships360-1666.html,100,0,100,100,100,0
42,scholarships_html/bigfuture-1939.html,100,100,100,100,100,100
42,scholarships_html/mastersportal-1785.html,100,100,100,100,100,100
42,scholarships_html/internationalscholarships-0636.html,100,100,100,100,100,100
42,scholarships_html/scholarships360-1117.html,100,0,100,100,100,0
42,scholarships_html/internationalscholarships-1223.html,100,100,100,100,100,100
42,scholarships_html/mastersportal-1036.html,100,100,100,100,100,100
42,scholarships_html/mastersportal-1889.html,100,100,100,100,100,100
42,scholarships_html/internationalscholarships-0133.html,100,100,100,0,0,0
42,scholarships_html/bigfuture-1468.html,100,100,100,100,100,100
42,scholarships_html/internationalscholarships-0887.html,100,100,100,100,100,100
42,scholarships_html/bigfuture-1462.html,100,100,100,100,100,100
42,scholarships_html/scholarships360-1923.html,100,0,100,100,100,0
42,scholarships_html/scholarships360-0806.html,100,0,100,100,100,0
42,scholarships_html/bigfuture-0478.html,100,100,100,100,100,100
42,scholarships_html/scholarship-2178.html,100,100,100,100,0,0
42,scholarships_html/scholarships360-1536.html,100,0,100,100,100,0
42,scholarships_html/mastersportal-0297.html,100,100,100,100,100,100
42,scholarships_html/scholarship-1149.html,100,100,100,100,0,0
42,scholarships_html/bigfuture-2029.html,100,100,100,100,100,100
42,scholarships_html/scholarships360-1512.html,100,0,100,100,100,0
42,scholarships_html/scholarship-1820.html,100,100,100,100,0,0
42,scholarships_html/scholarship-1154.html,100,100,100,100,100,100
42,scholarships_html/scholarship-0102.html,100,100,100,100,100,100
42,scholarships_html/scholarships360-2063.html,100,0,100,100,100,0
42,scholarships_html/mastersportal-0220.html,100,100,100,100,100,100
42,scholarships_html/mastersportal-2013.html,100,100,100,100,100,100
42,scholarships_html/scholarship-1212.html,100,100,100,100,0,0
42,scholarships_html/bigfuture-1236.html,100,100,100,100,100,100
42,scholarships_html/internationalscholarships-0647.html,100,100,100,100,100,100
42,scholarships_html/bigfuture-0542.html,100,100,100,100,100,100
42,scholarships_html/mastersportal-0377.html,100,100,100,100,100,100
42,scholarships_html/scholarships360-0279.html,100,0,100,100,100,0
42,scholarships_html/internationalscholarships-0239.html,100,100,0,100,100,0
42,scholarships_html/bigfuture-1497.html,100,100,100,100,100,100
42,scholarships_html/mastersportal-0820.html,100,100,100,100,100,100
42,scholarships_html/scholarships360-1715.html,100,0,100,100,100,0
42,scholarships_html/mastersportal-1966.html,100,100,100,100,100,100
42,scholarships_html/scholarship-0332.html,100,100,100,100,0,0
42,scholarships_html/bigfuture-1840.html,100,100,100,100,100,100
42,scholarships_html/mastersportal-0203.html,100,100,100,100,100,100
42,scholarships_html/internationalscholarships-0698.html,100,100,100,100,100,100
42,scholarships_html/internationalscholarships-0142.html,100,100,100,100,100,100
42,scholarships_html/scholarships360-0786.html,100,0,100,100,100,0
42,scholarships_html/bigfuture-0822.html,100,100,100,100,100,100
42,scholarships_html/bigfuture-1891.html,100,100,100,100,100,100
42,scholarships_html/scholarship-0218.html,100,100,100,100,100,100
42,scholarships_html/internationalscholarships-0405.html,100,100,0,100,100,0
42,scholarships_html/mastersportal-0339.html,100,100,100,100,100,100
42,scholarships_html/mastersportal-1338.html,100,100,100,100,100,100
42,scholarships_html/internationalscholarships-1247.html,100,100,100,100,100,100
42,scholarships_html/internationalscholarships-1287.html,100,100,100,100,100,100
42,scholarships_html/mastersportal-0821.html,100,100,100,100,100,100
42,scholarships_html/scholarship-2095.html,100,100,100,100,0,0
42,scholarships_html/bigfuture-1477.html,100,100,100,100,100,100
42,scholarships_html/scholarships360-1048.html,100,0,100,100,100,0
42,scholarships_html/mastersportal-1850.html,100,100,100,100,100,100
42,scholarships_html/scholarship-1857.html,100,100,100,100,100,100
42,scholarships_html/scholarship-1457.html,100,100,100,100,0,0
42,scholarships_html/scholarship-1137.html,100,100,100,100,0,0
42,scholarships_html/scholarship-2189.html,100,100,100,100,100,100
42,scholarships_html/scholarship-1015.html,100,100,100,100,0,0
42,scholarships_html/scholarships360-0341.html,100,0,100,100,100,0
42,scholarships_html/mastersportal-1198.html,100,100,100,100,100,100
42,scholarships_html/mastersportal-0098.html,100,100,100,100,100,100
42,scholarships_html/bigfuture-1568.html,100,100,100,100,100,100
42,scholarships_html/bigfuture-0073.html,100,100,100,100,100,100
42,scholarships_html/internationalscholarships-1074.html,100,100,100,100,100,100
42,scholarships_html/mastersportal-0187.html,100,100,100,100,100,100
42,scholarships_html/scholarships360-0092.html,100,0,100,100,100,0
42,scholarships_html/internationalscholarships-0850.html,100,100,0,0,0,0
42,scholarships_html/internationalscholarships-0404.html,100,100,100,100,100,100
42,scholarships_html/mastersportal-1694.html,100,100,100,100,100,100
42,scholarships_html/bigfuture-0775.html,100,100,100,100,100,100
42,scholarships_html/scholarship-1114.html,100,100,100,100,0,0
42,scholarships_html/scholarship-0246.html,100,100,100,100,100,100
42,scholarships_html/internationalscholarships-0371.html,100,100,100,0,100,0
42,scholarships_html/bigfuture-0875.html,100,100,100,100,100,100
42,scholarships_html/bigfuture-1735.html,100,100,100,100,100,100
42,scholarships_html/bigfuture-0144.html,100,100,100,100,100,100
42,scholarships_html/scholarships360-0349.html,100,0,100,100,100,0
42,scholarships_html/scholarships360-1856.html,100,0,100,100,100,0
42,scholarships_html/bigfuture-1166.html,100,100,100,100,100,100
42,scholarships_html/scholarship-2137.html,100,100,100,100,0,0
42,scholarships_html/internationalscholarships-0051.html,100,100,100,0,100,0
42,scholarships_html/internationalscholarships-1318.html,100,100,100,100,100,100
42,scholarships_html/scholarships360-0958.html,100,0,100,100,100,0
42,scholarships_html/internationalscholarships-0443.html,100,100,0,100,0,0
42,scholarships_html/bigfuture-0193.html,100,100,100,100,100,100
42,scholarships_html/mastersportal-0708.html,100,100,100,100,100,100
42,scholarships_html/mastersportal-1886.html,100,100,100,100,100,100
42,scholarships_html/scholarship-1705.html,100,100,100,100,0,0
42,scholarships_html/scholarships360-0901.html,100,0,100,100,100,0
42,scholarships_html/internationalscholarships-1544.html,100,100,100,100,100,100
42,scholarships_html/scholarships360-1056.html,100,0,100,100,100,0
42,scholarships_html/bigfuture-0295.html,100,100,100,100,100,100
42,scholarships_html/internationalscholarships-1009.html,100,100,100,100,100,100
42,scholarships_html/scholarship-1200.html,100,100,100,100,0,0
42,scholarships_html/scholarships360-1524.html,100,0,100,100,100,0
42,scholarships_html/mastersportal-0343.html,100,100,100,100,100,100
42,scholarships_html/scholarships360-0925.html,100,0,100,100,100,0
42,scholarships_html/scholarship-2143.html,100,100,100,100,0,0
42,scholarships_html/scholarship-2007.html,100,100,100,100,0,0
42,scholarships_html/mastersportal-1009.html,100,100,100,100,100,100
42,scholarships_html/internationalscholarships-1180.html,100,100,100,100,100,100
42,scholarships_html/scholarships360-1776.html,100,0,100,100,100,0
42,scholarships_html/scholarship-1486.html,100,100,100,100,100,100
42,scholarships_html/scholarships360-0576.html,100,0,100,100,100,0
42,scholarships_html/scholarships360-0739.html,100,0,100,100,100,0
42,scholarships_html/bigfuture-0214.html,100,100,100,100,100,100
42,scholarships_html/internationalscholarships-1172.html,100,100,100,100,100,100
42,scholarships_html/mastersportal-2103.html,100,100,100,100,100,100
42,scholarships_html/internationalscholarships-0574.html,100,100,100,100,100,100
42,scholarships_html/bigfuture-1847.html,100,100,100,100,0,0
42,scholarships_html/internationalscholarships-0662.html,100,100,100,100,100,100
42,scholarships_html/internationalscholarships-0335.html,100,100,100,100,100,100
42,scholarships_html/bigfuture-1189.html,100,100,100,100,100,100
42,scholarships_html/mastersportal-1998.html,100,100,100,100,100,100
42,scholarships_html/internationalscholarships-0410.html,100,100,100,100,100,100
42,scholarships_html/mastersportal-1064.html,100,100,100,100,100,100
42,scholarships_html/scholarship-1326.html,100,100,100,100,0,0
42,scholarships_html/internationalscholarships-1564.html,100,100,100,0,0,0
42,scholarships_html/mastersportal-0317.html,100,100,100,100,100,100
42,scholarships_html/scholarship-1573.html,100,100,100,100,0,0
42,scholarships_html/bigfuture-0098.html,100,100,100,100,100,100
42,scholarships_html/bigfuture-1707.html,100,100,100,100,100,100
42,scholarships_html/bigfuture-0717.html,100,100,100,100,100,100
42,scholarships_html/bigfuture-1137.html,100,100,100,100,100,100
42,scholarships_html/internationalscholarships-0317.html,100,100,100,0,100,0
42,scholarships_html/scholarship-0988.html,100,100,100,100,0,0
42,scholarships_html/bigfuture-1073.html,100,100,100,100,100,100
42,scholarships_html/scholarship-0911.html,100,100,100,100,0,0
42,scholarships_html/internationalscholarships-0431.html,100,100,100,100,100,100
42,scholarships_html/internationalscholarships-0872.html,100,100,100,0,100,0
42,scholarships_html/mastersportal-2056.html,100,100,100,100,100,100
42,scholarships_html/internationalscholarships-0906.html,100,100,100,100,100,100
42,scholarships_html/mastersportal-0430.html,100,100,100,100,100,100
42,scholarships_html/mastersportal-1091.html,100,100,100,100,100,100
42,scholarships_html/scholarships360-1310.html,100,0,100,100,100,0
42,scholarships_html/bigfuture-0688.html,100,100,100,100,100,100
42,scholarships_html/bigfuture-1886.html,100,100,100,100,100,100
42,scholarships_html/scholarship-0730.html,100,100,100,100,0,0
42,scholarships_html/scholarship-0366.html,100,100,100,100,100,100
42,scholarships_html/scholarships360-1814.html,100,0,100,100,100,0
42,scholarships_html/scholarship-0879.html,100,100,100,100,100,100
42,scholarships_html/bigfuture-0590.html,100,100,100,100,100,100
42,scholarships_html/mastersportal-0028.html,100,100,100,100,100,100
42,scholarships_html/scholarship-0871.html,100,100,100,100,100,100
42,scholarships_html/mastersportal-0432.html,100,100,100,100,100,100
42,scholarships_html/bigfuture-1323.html,100,100,100,100,100,100
42,scholarships_html/scholarships360-1728.html,100,0,100,100,100,0
42,scholarships_html/bigfuture-0953.html,100,100,100,100,100,100
42,scholarships_html/bigfuture-1589.html,100,100,100,100,100,100
42,scholarships_html/scholarships360-1765.html,100,0,100,100,100,0
42,scholarships_html/internationalscholarships-0726.html,100,100,100,100,100,100
42,scholarships_html/internationalscholarships-0260.html,100,100,100,100,100,100
42,scholarships_html/bigfuture-1729.html,100,100,100,100,100,100
42,scholarships_html/scholarship-1235.html,100,100,100,100,0,0
42,scholarships_html/scholarships360-0555.html,100,0,100,100,100,0
42,scholarships_html/scholarship-0975.html,100,100,100,100,0,0
42,scholarships_html/scholarships360-1958.html,100,0,100,100,100,0
42,scholarships_html/mastersportal-1979.html,100,100,100,100,100,100
42,scholarships_html/mastersportal-1988.html,100,100,100,100,100,100
42,scholarships_html/bigfuture-0522.html,100,100,100,100,100,100
42,scholarships_html/scholarship-0136.html,100,100,100,100,0,0
42,scholarships_html/mastersportal-2016.html,100,100,100,100,100,100
42,scholarships_html/scholarship-2145.html,100,100,100,100,100,100
42,scholarships_html/scholarship-0686.html,100,100,100,100,0,0
42,scholarships_html/mastersportal-1487.html,100,100,100,100,100,100
42,scholarships_html/scholarships360-1100.html,100,0,100,100,100,0
42,scholarships_html/scholarship-0882.html,100,100,100,100,0,0
42,scholarships_html/bigfuture-1076.html,100,100,100,100,100,100
42,scholarships_html/scholarship-1632.html,100,100,100,100,0,0
42,scholarships_html/bigfuture-0161.html,100,100,100,100,100,100
42,scholarships_html/internationalscholarships-0897.html,100,100,100,100,100,100
42,scholarships_html/bigfuture-2020.html,100,100,100,100,100,100
42,scholarships_html/mastersportal-0713.html,100,100,100,100,100,100
42,scholarships_html/mastersportal-1922.html,100,100,100,100,100,100
42,scholarships_html/bigfuture-0854.html,100,100,100,100,100,100
42,scholarships_html/scholarships360-0324.html,100,0,100,100,100,0
42,scholarships_html/internationalscholarships-1072.html,100,100,100,100,100,100
42,scholarships_html/scholarship-1610.html,100,100,100,100,0,0
42,scholarships_html/bigfuture-1098.html,100,100,100,100,100,100
42,scholarships_html/scholarships360-1280.html,100,0,100,100,100,0
42,scholarships_html/mastersportal-1784.html,100,100,100,100,100,100
42,scholarships_html/scholarship-0618.html,100,100,100,100,100,100
42,scholarships_html/mastersportal-1953.html,100,100,100,100,100,100
42,scholarships_html/mastersportal-1606.html,100,100,100,100,100,100
42,scholarships_html/mastersportal-1616.html,100,100,100,100,100,100
42,scholarships_html/scholarship-1586.html,100,100,100,100,0,0
42,scholarships_html/scholarships360-0784.html,100,0,100,100,100,0
42,scholarships_html/bigfuture-0372.html,100,100,100,100,100,100
42,scholarships_html/mastersportal-0980.html,100,100,100,100,100,100
42,scholarships_html/scholarship-1982.html,100,100,100,100,0,0
42,scholarships_html/mastersportal-1337.html,100,100,100,100,100,100
42,scholarships_html/internationalscholarships-1286.html,100,100,100,100,100,100
42,scholarships_html/mastersportal-0446.html,100,100,100,100,100,100
42,scholarships_html/scholarship-1689.html,100,100,100,100,0,0
42,scholarships_html/scholarships360-1559.html,100,0,100,100,100,0
42,scholarships_html/internationalscholarships-0745.html,100,100,100,100,100,100
42,scholarships_html/scholarship-1613.html,100,100,100,100,0,0
42,scholarships_html/bigfuture-1172.html,100,100,100,100,100,100
42,scholarships_html/bigfuture-1487.html,100,100,100,100,100,100
42,scholarships_html/mastersportal-0947.html,100,100,100,100,100,100
42,scholarships_html/internationalscholarships-1188.html,100,100,100,100,100,100
42,scholarships_html/internationalscholarships-1031.html,100,100,100,100,100,100
42,scholarships_html/scholarships360-1768.html,100,0,100,100,100,0
42,scholarships_html/mastersportal-1467.html,100,100,100,100,100,100
42,scholarships_html/scholarships360-0068.html,100,0,100,100,100,0
42,scholarships_html/internationalscholarships-1212.html,100,100,100,100,100,100
42,scholarships_html/bigfuture-1403.html,100,100,100,100,100,100
42,scholarships_html/scholarship-0118.html,100,100,100,100,0,0
42,scholarships_html/bigfuture-1136.html,100,100,100,100,100,100
42,scholarships_html/scholarships360-1857.html,100,0,100,100,100,0
42,scholarships_html/scholarships360-1066.html,100,0,100,100,100,0
42,scholarships_html/bigfuture-1950.html,100,100,100,100,100,100
42,scholarships_html/scholarships360-0757.html,100,0,100,100,100,0
42,scholarships_html/internationalscholarships-1503.html,100,100,100,100,100,100
42,scholarships_html/bigfuture-0044.html,100,100,100,100,100,100
42,scholarships_html/scholarships360-1400.html,100,0,100,100,100,0
42,scholarships_html/scholarship-0627.html,100,100,100,100,0,0
42,scholarships_html/internationalscholarships-0027.html,100,100,100,100,100,100
42,scholarships_html/bigfuture-0398.html,100,100,100,100,100,100
42,scholarships_html/internationalscholarships-1258.html,100,100,100,100,100,100
42,scholarships_html/bigfuture-1534.html,100,100,100,100,100,100
42,scholarships_html/bigfuture-1028.html,100,100,100,100,100,100
42,scholarships_html/bigfuture-1607.html,100,100,100,100,100,100
42,scholarships_html/bigfuture-1926.html,100,100,100,100,100,100
42,scholarships_html/scholarships360-2024.html,100,0,100,100,100,0
42,scholarships_html/scholarships360-0404.html,100,100,100,100,100,100
42,scholarships_html/scholarships360-0461.html,100,0,100,100,100,0
42,scholarships_html/internationalscholarships-0978.html,100,100,100,100,100,100
42,scholarships_html/mastersportal-0716.html,100,100,100,100,100,100
42,scholarships_html/scholarship-0698.html,100,100,100,100,0,0
42,scholarships_html/internationalscholarships-0166.html,100,100,100,0,100,0
42,scholarships_html/scholarship-1206.html,100,100,100,100,0,0
42,scholarships_html/mastersportal-0286.html,100,100,100,100,100,100
42,scholarships_html/scholarship-1435.html,100,100,100,100,0,0
42,scholarships_html/scholarships360-1880.html,100,0,100,100,100,0
42,scholarships_html/internationalscholarships-0062.html,100,100,100,100,100,100
42,scholarships_html/scholarships360-1741.html,100,0,100,100,100,0
42,scholarships_html/internationalscholarships-0254.html,100,100,100,100,100,100
42,scholarships_html/scholarships360-1722.html,100,0,100,100,100,0
42,scholarships_html/scholarship-0969.html,100,100,100,100,100,100
42,scholarships_html/scholarship-0225.html,100,100,100,100,0,0
42,scholarships_html/internationalscholarships-0834.html,100,100,100,100,100,100
42,scholarships_html/scholarship-1521.html,100,100,100,100,0,0
42,scholarships_html/internationalscholarships-0650.html,100,100,100,100,100,100
42,scholarships_html/scholarship-1432.html,100,100,100,100,100,100
42,scholarships_html/scholarships360-1825.html,100,0,100,100,100,0
42,scholarships_html/scholarship-0462.html,100,100,100,100,0,0
42,scholarships_html/bigfuture-1824.html,100,100,100,100,100,100
42,scholarships_html/bigfuture-0851.html,100,100,100,100,100,100
42,scholarships_html/mastersportal-1599.html,100,100,100,100,100,100
42,scholarships_html/scholarships360-0903.html,100,0,100,100,100,0
42,scholarships_html/scholarship-1209.html,100,100,100,100,0,0
42,scholarships_html/internationalscholarships-0312.html,100,100,100,100,100,100
42,scholarships_html/scholarships360-0218.html,100,0,100,100,100,0
42,scholarships_html/internationalscholarships-1142.html,100,100,100,100,100,100
42,scholarships_html/mastersportal-0741.html,100,100,100,100,100,100
42,scholarships_html/scholarship-1859.html,100,100,100,100,0,0
42,scholarships_html/bigfuture-0592.html,100,100,100,100,100,100
42,scholarships_html/internationalscholarships-0029.html,100,100,100,100,100,100
42,scholarships_html/mastersportal-1745.html,100,100,100,100,100,100
42,scholarships_html/mastersportal-1714.html,100,100,100,100,100,100
42,scholarships_html/mastersportal-0681.html,100,100,100,100,100,100
42,scholarships_html/mastersportal-1162.html,100,100,100,100,100,100
42,scholarships_html/mastersportal-1793.html,100,100,100,100,100,100
42,scholarships_html/scholarship-2034.html,100,100,100,100,0,0
42,scholarships_html/bigfuture-0242.html,100,100,100,100,100,100
42,scholarships_html/bigfuture-2032.html,100,100,100,100,100,100
42,scholarships_html/scholarships360-0212.html,100,0,100,100,100,0
42,scholarships_html/bigfuture-1545.html,100,100,100,100,100,100
42,scholarships_html/mastersportal-0035.html,100,100,100,100,100,100
42,scholarships_html/bigfuture-0140.html,100,100,100,100,100,100
42,scholarships_html/internationalscholarships-0407.html,100,100,100,100,0,0
42,scholarships_html/mastersportal-1000.html,100,100,100,100,100,100
42,scholarships_html/scholarship-0716.html,100,100,100,100,0,0
42,scholarships_html/scholarship-1535.html,100,100,100,100,100,100
42,scholarships_html/internationalscholarships-0059.html,100,100,100,100,100,100
42,scholarships_html/bigfuture-1276.html,100,100,100,100,100,100
42,scholarships_html/internationalscholarships-1070.html,100,100,100,100,100,100
42,scholarships_html/mastersportal-0175.html,100,100,100,100,100,100
42,scholarships_html/internationalscholarships-0002.html,100,100,100,100,100,100
42,scholarships_html/scholarships360-0946.html,100,0,100,100,100,0
42,scholarships_html/mastersportal-0730.html,100,100,100,100,100,100
42,scholarships_html/scholarships360-0695.html,100,0,100,100,100,0
42,scholarships_html/bigfuture-1467.html,100,100,100,100,100,100
42,scholarships_html/internationalscholarships-0143.html,100,100,100,0,100,0
42,scholarships_html/bigfuture-1579.html,100,100,100,100,100,100
42,scholarships_html/scholarship-1891.html,100,100,100,100,0,0
42,scholarships_html/scholarship-0138.html,100,100,100,100,0,0
42,scholarships_html/scholarships360-0872.html,100,0,100,100,100,0
42,scholarships_html/scholarship-1461.html,100,100,100,100,0,0
42,scholarships_html/internationalscholarships-0258.html,100,100,100,100,100,100
42,scholarships_html/mastersportal-1980.html,100,100,100,100,100,100
42,scholarships_html/bigfuture-1521.html,100,100,100,100,100,100
42,scholarships_html/internationalscholarships-0984.html,100,100,100,100,100,100
42,scholarships_html/mastersportal-1410.html,100,100,100,100,100,100
42,scholarships_html/bigfuture-0928.html,100,100,100,100,100,100
42,scholarships_html/mastersportal-1985.html,100,100,100,100,100,100
42,scholarships_html/internationalscholarships-1416.html,100,100,100,100,100,100
42,scholarships_html/mastersportal-0381.html,100,100,100,100,100,100
42,scholarships_html/internationalscholarships-1409.html,100,100,100,100,100,100
42,scholarships_html/scholarships360-1893.html,100,0,100,100,100,0
42,scholarships_html/scholarship-1319.html,100,100,100,100,0,0
42,scholarships_html/internationalscholarships-0387.html,100,100,100,100,100,100
42,scholarships_html/mastersportal-0504.html,100,100,100,100,100,100
42,scholarships_html/scholarships360-0743.html,100,0,100,100,100,0
42,scholarships_html/internationalscholarships-0985.html,100,100,100,100,100,100
42,scholarships_html/bigfuture-1235.html,100,100,100,100,100,100
42,scholarships_html/scholarship-1889.html,100,100,100,100,0,0
42,scholarships_html/internationalscholarships-1486.html,100,100,100,100,100,100
42,scholarships_html/bigfuture-0027.html,100,100,100,100,100,100
42,scholarships_html/mastersportal-0566.html,100,100,100,100,100,100
42,scholarships_html/mastersportal-0216.html,100,100,100,100,100,100
42,scholarships_html/scholarship-0166.html,100,100,100,100,0,0
42,scholarships_html/bigfuture-0572.html,100,100,100,100,100,100
42,scholarships_html/scholarships360-1408.html,100,0,100,100,100,0
42,scholarships_html/internationalscholarships-1282.html,100,100,0,100,100,0
42,scholarships_html/scholarship-1813.html,100,100,100,100,0,0
42,scholarships_html/scholarship-0544.html,100,100,100,100,100,100
42,scholarships_html/scholarship-2156.html,100,100,100,100,0,0
42,scholarships_html/scholarship-1349.html,100,100,100,100,0,0
42,scholarships_html/bigfuture-1783.html,100,100,100,100,100,100
42,scholarships_html/bigfuture-0514.html,100,100,100,100,100,100
42,scholarships_html/scholarships360-1546.html,100,0,100,100,100,0
42,scholarships_html/internationalscholarships-0772.html,100,100,100,100,100,100
42,scholarships_html/mastersportal-0960.html,100,100,100,100,100,100
42,scholarships_html/bigfuture-1128.html,100,100,100,100,100,100
42,scholarships_html/mastersportal-1820.html,100,100,100,100,100,100
42,scholarships_html/scholarships360-1571.html,100,0,100,100,100,0
42,scholarships_html/internationalscholarships-0270.html,100,100,100,100,100,100
42,scholarships_html/scholarships360-1140.html,100,0,100,100,100,0
42,scholarships_html/scholarships360-0891.html,100,0,100,100,100,0
42,scholarships_html/scholarships360-0071.html,100,0,100,100,100,0
42,scholarships_html/internationalscholarships-1222.html,100,100,100,100,100,100
42,scholarships_html/bigfuture-1199.html,100,100,100,100,100,100
42,scholarships_html/scholarship-0298.html,100,100,100,100,0,0
42,scholarships_html/scholarships360-1481.html,100,0,100,100,100,0
42,scholarships_html/scholarships360-1582.html,100,0,100,100,100,0
42,scholarships_html/mastersportal-0501.html,100,100,100,100,100,100
42,scholarships_html/bigfuture-0909.html,100,100,100,100,100,100
42,scholarships_html/scholarships360-0972.html,100,0,100,100,100,0
42,scholarships_html/mastersportal-0700.html,100,100,100,100,100,100
42,scholarships_html/scholarships360-1647.html,100,0,100,100,100,0
42,scholarships_html/mastersportal-1321.html,100,100,100,100,100,100
42,scholarships_html/scholarships360-1120.html,100,0,100,100,100,0
42,scholarships_html/bigfuture-1659.html,100,100,100,100,100,100
42,scholarships_html/bigfuture-1275.html,100,100,100,100,100,100
42,scholarships_html/bigfuture-0411.html,100,100,100,100,100,100
42,scholarships_html/bigfuture-1720.html,100,100,100,100,100,100
42,scholarships_html/internationalscholarships-1075.html,100,100,100,100,100,100
42,scholarships_html/internationalscholarships-0691.html,100,100,100,100,100,100
42,scholarships_html/scholarships360-0548.html,100,0,100,100,100,0
42,scholarships_html/scholarship-1012.html,100,100,100,100,0,0
42,scholarships_html/scholarships360-0424.html,100,0,100,100,100,0
42,scholarships_html/mastersportal-0822.html,100,100,100,100,100,100
42,scholarships_html/scholarships360-1409.html,100,0,100,100,100,0
42,scholarships_html/scholarships360-0105.html,100,0,100,100,100,0
42,scholarships_html/bigfuture-0254.html,100,100,100,100,100,100
42,scholarships_html/internationalscholarships-0107.html,100,100,100,100,100,100
42,scholarships_html/bigfuture-1047.html,100,100,100,100,100,100
42,scholarships_html/bigfuture-1428.html,100,100,100,100,100,100
42,scholarships_html/internationalscholarships-1109.html,100,100,100,100,100,100
42,scholarships_html/scholarship-0913.html,100,100,100,100,0,0
42,scholarships_html/scholarship-1992.html,100,100,100,100,0,0
42,scholarships_html/scholarships360-1829.html,100,0,100,100,100,0
42,scholarships_html/mastersportal-1878.html,100,100,100,100,100,100
42,scholarships_html/mastersportal-1748.html,100,100,100,100,100,100
42,scholarships_html/internationalscholarships-1435.html,100,100,100,100,100,100
42,scholarships_html/bigfuture-0859.html,100,100,100,100,100,100
42,scholarships_html/scholarship-0241.html,100,100,100,100,100,100
42,scholarships_html/bigfuture-1406.html,100,100,100,100,100,100
42,scholarships_html/scholarship-0005.html,100,100,100,100,0,0
42,scholarships_html/internationalscholarships-0287.html,100,100,100,100,100,100
42,scholarships_html/scholarships360-0582.html,100,0,100,100,100,0
42,scholarships_html/mastersportal-1126.html,100,100,100,100,100,100
42,scholarships_html/scholarship-1582.html,100,100,100,100,100,100
42,scholarships_html/scholarships360-0847.html,100,0,100,100,100,0
42,scholarships_html/scholarships360-1337.html,100,0,100,100,100,0
42,scholarships_html/scholarship-1263.html,100,100,100,100,100,100
42,scholarships_html/internationalscholarships-0359.html,100,100,100,100,100,100
42,scholarships_html/internationalscholarships-0754.html,100,100,100,100,100,100
42,scholarships_html/bigfuture-0497.html,100,100,100,100,100,100
42,scholarships_html/scholarships360-1095.html,100,0,100,100,100,0
42,scholarships_html/scholarships360-1754.html,100,0,100,100,100,0
42,scholarships_html/scholarships360-0531.html,100,0,100,100,100,0
42,scholarships_html/internationalscholarships-1228.html,100,100,100,100,100,100
42,scholarships_html/scholarships360-1939.html,100,0,100,100,100,0
42,scholarships_html/bigfuture-0351.html,100,100,100,100,100,100
42,scholarships_html/scholarship-0276.html,100,100,100,100,0,0
42,scholarships_html/bigfuture-1353.html,100,100,100,100,100,100
42,scholarships_html/scholarships360-1166.html,100,0,100,100,100,0
42,scholarships_html/scholarships360-0145.html,100,0,100,100,100,0
42,scholarships_html/bigfuture-1699.html,100,100,100,100,100,100
42,scholarships_html/scholarships360-1774.html,100,0,100,100,100,0
42,scholarships_html/bigfuture-0277.html,100,100,100,100,100,100
42,scholarships_html/internationalscholarships-1432.html,100,100,100,100,100,100
42,scholarships_html/bigfuture-1298.html,100,100,100,100,100,100
42,scholarships_html/internationalscholarships-0708.html,100,100,100,100,100,100
42,scholarships_html/internationalscholarships-0830.html,100,100,100,100,100,100
42,scholarships_html/mastersportal-1726.html,100,100,100,100,100,100
42,scholarships_html/scholarships360-0520.html,100,0,100,100,100,0
42,scholarships_html/scholarships360-0715.html,100,0,100,100,100,0
42,scholarships_html/mastersportal-2001.html,100,100,100,100,100,100
42,scholarships_html/scholarship-1700.html,100,100,100,100,0,0
42,scholarships_html/bigfuture-1294.html,100,100,100,100,100,100
42,scholarships_html/mastersportal-0185.html,100,100,100,100,100,100
42,scholarships_html/bigfuture-1336.html,100,100,100,100,100,100
42,scholarships_html/scholarship-1402.html,100,100,100,100,0,0
42,scholarships_html/scholarship-0964.html,100,100,100,100,0,0
42,scholarships_html/scholarships360-2128.html,100,0,100,100,100,0
42,scholarships_html/internationalscholarships-0213.html,100,100,100,100,100,100
42,scholarships_html/mastersportal-1480.html,100,100,100,100,100,100
42,scholarships_html/scholarships360-0996.html,100,0,100,100,100,0
42,scholarships_html/internationalscholarships-0311.html,100,100,100,0,100,0
42,scholarships_html/internationalscholarships-1533.html,100,100,0,100,100,0
42,scholarships_html/bigfuture-0736.html,100,100,100,100,100,100
42,scholarships_html/internationalscholarships-0390.html,100,100,100,100,100,100
42,scholarships_html/scholarship-0754.html,100,100,100,100,100,100
42,scholarships_html/bigfuture-0798.html,100,100,100,100,100,100
42,scholarships_html/bigfuture-0137.html,100,100,100,100,100,100
42,scholarships_html/mastersportal-1208.html,100,100,100,100,100,100
42,scholarships_html/scholarship-0583.html,100,100,100,100,100,100
42,scholarships_html/scholarship-1156.html,100,100,100,100,0,0
42,scholarships_html/mastersportal-1704.html,100,100,100,100,100,100
42,scholarships_html/internationalscholarships-1080.html,100,100,100,100,100,100
42,scholarships_html/scholarship-1929.html,100,100,100,100,0,0
42,scholarships_html/scholarships360-0940.html,100,0,100,100,100,0
42,scholarships_html/scholarships360-1021.html,100,0,100,100,100,0
42,scholarships_html/bigfuture-2053.html,100,100,100,100,100,100
42,scholarships_html/bigfuture-0940.html,100,100,100,100,100,100
42,scholarships_html/bigfuture-1985.html,100,100,100,100,100,100
42,scholarships_html/bigfuture-0178.html,100,100,100,100,100,100
42,scholarships_html/scholarship-1949.html,100,100,100,100,0,0
42,scholarships_html/scholarship-0284.html,100,100,100,100,0,0
42,scholarships_html/bigfuture-1967.html,100,100,100,100,100,100
42,scholarships_html/bigfuture-1960.html,100,100,100,100,100,100
42,scholarships_html/scholarships360-1188.html,100,0,100,100,100,0
42,scholarships_html/scholarship-0207.html,100,100,100,100,100,100
42,scholarships_html/scholarships360-1486.html,100,0,100,100,100,0
42,scholarships_html/bigfuture-0172.html,100,100,100,100,100,100
42,scholarships_html/mastersportal-2091.html,100,100,100,100,100,100
42,scholarships_html/scholarships360-0181.html,100,0,100,100,100,0
42,scholarships_html/scholarship-0365.html,100,100,100,100,100,100
42,scholarships_html/mastersportal-1259.html,100,100,100,100,100,100
42,scholarships_html/scholarship-1247.html,100,100,100,100,100,100
42,scholarships_html/scholarship-0967.html,100,100,100,100,100,100
42,scholarships_html/bigfuture-1065.html,100,100,100,100,100,100
42,scholarships_html/bigfuture-0965.html,100,100,100,100,100,100
42,scholarships_html/mastersportal-1468.html,100,100,100,100,100,100
42,scholarships_html/scholarships360-1602.html,100,0,100,100,100,0
42,scholarships_html/mastersportal-0856.html,100,100,100,100,100,100
42,scholarships_html/mastersportal-1589.html,100,100,100,100,100,100
42,scholarships_html/mastersportal-0978.html,100,100,100,100,100,100
42,scholarships_html/scholarships360-0999.html,100,0,100,100,100,0
42,scholarships_html/scholarships360-1487.html,100,0,100,100,100,0
42,scholarships_html/scholarships360-0247.html,100,0,100,100,100,0
42,scholarships_html/bigfuture-2062.html,100,100,100,100,100,100
42,scholarships_html/internationalscholarships-0103.html,100,100,100,100,100,100
42,scholarships_html/scholarships360-2120.html,100,0,100,100,100,0
42,scholarships_html/scholarship-1368.html,100,100,100,100,0,0
42,scholarships_html/scholarships360-0631.html,100,0,100,100,100,0
42,scholarships_html/mastersportal-1269.html,100,100,100,100,100,100
42,scholarships_html/scholarship-1044.html,100,100,100,100,0,0
42,scholarships_html/bigfuture-0915.html,100,100,100,100,100,100
42,scholarships_html/bigfuture-1682.html,100,100,100,100,100,100
42,scholarships_html/scholarship-1717.html,100,100,100,100,100,100
42,scholarships_html/internationalscholarships-0901.html,100,100,0,100,0,0
42,scholarships_html/bigfuture-1466.html,100,100,100,100,100,100
42,scholarships_html/internationalscholarships-1248.html,100,100,0,100,100,0
42,scholarships_html/scholarship-1880.html,100,100,100,100,0,0
42,scholarships_html/scholarships360-1693.html,100,0,100,100,100,0
42,scholarships_html/bigfuture-0301.html,100,100,100,100,100,100
42,scholarships_html/scholarships360-0849.html,100,0,100,100,100,0
42,scholarships_html/mastersportal-0763.html,100,100,100,100,100,100
42,scholarships_html/mastersportal-0372.html,100,100,100,100,100,100
42,scholarships_html/bigfuture-0362.html,100,100,100,100,100,100
42,scholarships_html/scholarship-0364.html,100,100,100,100,0,0
42,scholarships_html/bigfuture-1662.html,100,100,100,100,100,100
42,scholarships_html/mastersportal-2042.html,100,100,100,100,100,100
42,scholarships_html/scholarships360-0440.html,100,0,100,100,100,0
42,scholarships_html/bigfuture-1982.html,100,100,100,100,100,100
42,scholarships_html/scholarship-0101.html,100,100,100,100,0,0
42,scholarships_html/scholarship-0762.html,100,100,100,100,100,100
42,scholarships_html/internationalscholarships-1523.html,100,100,100,100,100,100
42,scholarships_html/bigfuture-1434.html,100,100,100,100,100,100
42,scholarships_html/scholarships360-0193.html,100,0,100,100,100,0
42,scholarships_html/mastersportal-0711.html,100,100,100,100,100,100
42,scholarships_html/bigfuture-1509.html,100,100,100,100,100,100
42,scholarships_html/scholarships360-0332.html,100,0,100,100,100,0
42,scholarships_html/scholarship-0756.html,100,100,100,100,0,0
42,scholarships_html/scholarships360-0540.html,100,0,100,100,100,0
42,scholarships_html/scholarship-0822.html,100,100,100,100,0,0
42,scholarships_html/bigfuture-0834.html,100,100,100,100,100,100
42,scholarships_html/bigfuture-0407.html,100,100,100,100,100,100
42,scholarships_html/scholarships360-0121.html,100,0,100,100,100,0
42,scholarships_html/internationalscholarships-0274.html,100,100,0,100,100,0
42,scholarships_html/mastersportal-0692.html,100,100,100,100,100,100
42,scholarships_html/bigfuture-1834.html,100,100,100,100,100,100
42,scholarships_html/scholarships360-1972.html,100,0,100,100,100,0
42,scholarships_html/scholarships360-1004.html,100,0,100,100,100,0
42,scholarships_html/bigfuture-0728.html,100,100,100,100,100,100
42,scholarships_html/scholarships360-2058.html,100,0,100,100,100,0
42,scholarships_html/scholarship-0070.html,100,100,100,100,0,0
42,scholarships_html/bigfuture-0075.html,100,100,100,100,100,100
42,scholarships_html/mastersportal-1122.html,100,100,100,100,100,100
42,scholarships_html/scholarship-0884.html,100,100,100,100,100,100
42,scholarships_html/scholarships360-1348.html,100,0,100,100,100,0
42,scholarships_html/scholarship-0952.html,100,100,100,100,100,100
42,scholarships_html/bigfuture-0028.html,100,100,100,100,100,100
42,scholarships_html/scholarship-0386.html,100,100,100,100,0,0
42,scholarships_html/internationalscholarships-0740.html,100,100,100,100,100,100
42,scholarships_html/internationalscholarships-0968.html,100,100,100,100,100,100
42,scholarships_html/scholarship-0236.html,100,100,100,100,0,0
42,scholarships_html/scholarship-1059.html,100,100,100,100,0,0
42,scholarships_html/scholarships360-0266.html,100,0,100,100,100,0
42,scholarships_html/bigfuture-1355.html,100,100,100,100,100,100
42,scholarships_html/bigfuture-0742.html,100,100,100,100,100,100
42,scholarships_html/mastersportal-1014.html,100,100,100,100,100,100
42,scholarships_html/bigfuture-0521.html,100,100,100,100,100,100
42,scholarships_html/scholarships360-0239.html,100,0,100,100,100,0
42,scholarships_html/scholarships360-1514.html,100,0,100,100,100,0
42,scholarships_html/mastersportal-0338.html,100,100,100,100,100,100
42,scholarships_html/mastersportal-0099.html,100,100,100,100,100,100
42,scholarships_html/internationalscholarships-0582.html,100,100,100,100,100,100
42,scholarships_html/bigfuture-1936.html,100,100,100,100,100,100
42,scholarships_html/internationalscholarships-0539.html,100,100,100,100,100,100
42,scholarships_html/scholarships360-1293.html,100,0,100,100,100,0
42,scholarships_html/bigfuture-1590.html,100,100,100,100,100,100
42,scholarships_html/mastersportal-0143.html,100,100,100,100,100,100
42,scholarships_html/mastersportal-2046.html,100,100,100,100,100,100
42,scholarships_html/scholarship-1842.html,100,100,100,100,100,100
42,scholarships_html/bigfuture-1810.html,100,100,100,100,100,100
42,scholarships_html/scholarship-1806.html,100,100,100,100,0,0
42,scholarships_html/bigfuture-1411.html,100,100,100,100,100,100
42,scholarships_html/scholarships360-0318.html,100,0,100,100,100,0
42,scholarships_html/bigfuture-0617.html,100,100,100,100,100,100
42,scholarships_html/internationalscholarships-0397.html,100,100,100,100,100,100
42,scholarships_html/internationalscholarships-0694.html,100,100,100,100,100,100
42,scholarships_html/mastersportal-0250.html,100,100,100,100,100,100
42,scholarships_html/mastersportal-1968.html,100,100,100,100,100,100
42,scholarships_html/mastersportal-1498.html,100,100,100,100,100,100
42,scholarships_html/internationalscholarships-0995.html,100,100,100,100,100,100
42,scholarships_html/mastersportal-1762.html,100,100,100,100,100,100
42,scholarships_html/internationalscholarships-1369.html,100,100,100,100,100,100
42,scholarships_html/bigfuture-1650.html,100,100,100,100,100,100
42,scholarships_html/mastersportal-1180.html,100,100,100,100,100,100
42,scholarships_html/scholarship-1321.html,100,100,100,100,0,0
42,scholarships_html/bigfuture-0202.html,100,100,100,100,100,100
42,scholarships_html/mastersportal-1882.html,100,100,100,100,100,100
42,scholarships_html/mastersportal-0519.html,100,100,100,100,100,100
42,scholarships_html/scholarship-1627.html,100,100,100,100,0,0
42,scholarships_html/internationalscholarships-1063.html,100,100,100,100,100,100
42,scholarships_html/scholarship-0502.html,100,100,100,100,100,100
42,scholarships_html/mastersportal-0295.html,100,100,100,100,100,100
42,scholarships_html/mastersportal-1869.html,100,100,100,100,100,100
42,scholarships_html/internationalscholarships-0635.html,100,100,100,0,100,0
42,scholarships_html/mastersportal-1597.html,100,100,100,100,100,100
42,scholarships_html/scholarships360-0586.html,100,0,100,100,100,0
42,scholarships_html/scholarships360-1265.html,100,100,100,100,100,100
42,scholarships_html/scholarship-1549.html,100,100,100,100,0,0
42,scholarships_html/scholarship-0482.html,100,100,100,100,0,0
42,scholarships_html/bigfuture-0503.html,100,100,100,100,100,100
42,scholarships_html/scholarships360-1515.html,100,0,100,100,100,0
42,scholarships_html/internationalscholarships-0986.html,100,100,100,100,100,100
42,scholarships_html/mastersportal-0580.html,100,100,100,100,100,100
42,scholarships_html/internationalscholarships-1470.html,100,100,100,100,100,100
42,scholarships_html/mastersportal-1108.html,100,100,100,100,100,100
42,scholarships_html/internationalscholarships-0402.html,100,100,100,100,0,0
42,scholarships_html/mastersportal-1830.html,100,100,100,100,100,100
42,scholarships_html/internationalscholarships-1001.html,100,100,100,100,100,100
42,scholarships_html/bigfuture-0000.html,100,100,100,100,100,100
42,scholarships_html/bigfuture-1578.html,100,100,100,100,100,100
42,scholarships_html/mastersportal-1188.html,100,100,100,100,100,100
42,scholarships_html/scholarship-1401.html,100,100,100,100,0,0
42,scholarships_html/mastersportal-0572.html,100,100,100,100,100,100
42,scholarships_html/scholarship-1296.html,100,100,100,100,0,0
42,scholarships_html/scholarship-1562.html,100,100,100,100,0,0
42,scholarships_html/bigfuture-0395.html,100,100,100,100,100,100
42,scholarships_html/bigfuture-1007.html,100,100,100,100,100,100
42,scholarships_html/scholarships360-1611.html,100,0,100,100,100,0
42,scholarships_html/mastersportal-1766.html,100,100,100,100,100,100
42,scholarships_html/mastersportal-0355.html,100,100,100,100,100,100
42,scholarships_html/scholarship-0078.html,100,100,100,100,0,0
42,scholarships_html/bigfuture-1341.html,100,100,100,100,100,100
42,scholarships_html/internationalscholarships-1342.html,100,100,100,100,100,100
42,scholarships_html/scholarships360-0522.html,100,0,100,100,100,0
42,scholarships_html/scholarships360-1852.html,100,0,100,100,100,0
42,scholarships_html/internationalscholarships-0460.html,100,100,100,100,100,100
42,scholarships_html/mastersportal-0111.html,100,100,100,100,100,100
42,scholarships_html/mastersportal-0997.html,100,100,100,100,100,100
42,scholarships_html/bigfuture-1922.html,100,100,100,100,100,100
42,scholarships_html/internationalscholarships-1323.html,100,100,100,100,100,100
42,scholarships_html/bigfuture-1080.html,100,100,100,100,100,100
42,scholarships_html/scholarships360-2051.html,100,0,100,100,100,0
42,scholarships_html/bigfuture-0516.html,100,100,100,100,100,100
42,scholarships_html/bigfuture-1819.html,100,100,100,100,100,100
42,scholarships_html/internationalscholarships-0000.html,100,100,100,100,100,100
42,scholarships_html/scholarship-1525.html,100,100,100,100,0,0
42,scholarships_html/scholarships360-1455.html,100,0,100,100,100,0
42,scholarships_html/mastersportal-0776.html,100,100,100,100,100,100
42,scholarships_html/bigfuture-1604.html,100,100,100,100,100,100
42,scholarships_html/internationalscholarships-0965.html,100,100,100,100,100,100
42,scholarships_html/mastersportal-1570.html,100,100,100,100,100,100
42,scholarships_html/mastersportal-1653.html,100,100,100,100,100,100
42,scholarships_html/scholarship-0834.html,100,100,100,100,100,100
42,scholarships_html/bigfuture-2023.html,100,100,100,100,100,100
42,scholarships_html/bigfuture-1061.html,100,100,100,100,100,100
42,scholarships_html/internationalscholarships-1528.html,100,100,100,100,100,100
42,scholarships_html/bigfuture-0384.html,100,100,100,100,100,100
42,scholarships_html/mastersportal-0353.html,100,100,100,100,100,100
42,scholarships_html/internationalscholarships-0845.html,100,100,100,100,100,100
42,scholarships_html/mastersportal-1703.html,100,100,100,100,100,100
42,scholarships_html/mastersportal-1656.html,100,100,100,100,100,100
42,scholarships_html/bigfuture-0458.html,100,100,100,100,100,100
42,scholarships_html/mastersportal-0680.html,100,100,100,100,100,100
42,scholarships_html/bigfuture-0874.html,100,100,100,100,100,100
42,scholarships_html/scholarship-0995.html,100,100,100,100,0,0
42,scholarships_html/scholarship-0902.html,100,100,100,100,0,0
42,scholarships_html/scholarship-0401.html,100,100,100,100,0,0
42,scholarships_html/scholarship-2041.html,100,100,100,100,0,0
42,scholarships_html/scholarships360-0902.html,100,0,100,100,100,0
42,scholarships_html/scholarships360-0316.html,100,0,100,100,100,0
42,scholarships_html/scholarships360-1659.html,100,0,100,100,100,0
42,scholarships_html/scholarship-0610.html,100,100,100,100,100,100
42,scholarships_html/bigfuture-1476.html,100,100,100,100,100,100
42,scholarships_html/bigfuture-0790.html,100,100,100,100,100,100
42,scholarships_html/bigfuture-1342.html,100,100,100,100,100,100
42,scholarships_html/scholarships360-0498.html,100,0,100,100,100,0
42,scholarships_html/mastersportal-1763.html,100,100,100,100,100,100
42,scholarships_html/scholarship-0950.html,100,100,100,100,0,0
42,scholarships_html/scholarships360-1685.html,100,0,100,100,100,0
42,scholarships_html/bigfuture-0530.html,100,100,100,100,100,100
42,scholarships_html/scholarships360-1225.html,100,0,100,100,100,0
42,scholarships_html/scholarship-2045.html,100,100,100,100,0,0
42,scholarships_html/internationalscholarships-1420.html,100,100,100,100,100,100
42,scholarships_html/scholarships360-0272.html,100,0,100,100,100,0
42,scholarships_html/bigfuture-2035.html,100,100,100,100,100,100
42,scholarships_html/mastersportal-0169.html,100,100,100,100,100,100
42,scholarships_html/mastersportal-0272.html,100,100,100,100,100,100
42,scholarships_html/internationalscholarships-1445.html,100,100,100,100,100,100
42,scholarships_html/bigfuture-1393.html,100,100,100,100,100,100
42,scholarships_html/bigfuture-0042.html,100,100,100,100,100,100
42,scholarships_html/scholarships360-0343.html,100,0,100,100,100,0
42,scholarships_html/bigfuture-0666.html,100,100,100,100,100,100
42,scholarships_html/mastersportal-1332.html,100,100,100,100,100,100
42,scholarships_html/mastersportal-0001.html,100,100,100,100,100,100
42,scholarships_html/mastersportal-0336.html,100,100,100,100,100,100
42,scholarships_html/scholarship-0604.html,100,100,100,100,0,0
42,scholarships_html/internationalscholarships-0805.html,100,100,100,100,0,0
42,scholarships_html/scholarship-1577.html,100,100,100,100,0,0
42,scholarships_html/scholarship-1025.html,100,100,100,100,100,100
42,scholarships_html/internationalscholarships-0811.html,100,100,100,100,100,100
42,scholarships_html/scholarship-1642.html,100,100,100,100,0,0
42,scholarships_html/bigfuture-0281.html,100,100,100,100,100,100
42,scholarships_html/scholarship-1405.html,100,100,100,100,0,0
42,scholarships_html/bigfuture-0113.html,100,100,100,100,100,100
42,scholarships_html/scholarships360-2092.html,100,0,100,100,100,0
42,scholarships_html/scholarships360-0822.html,100,0,100,100,100,0
42,scholarships_html/mastersportal-1069.html,100,100,100,100,100,100
42,scholarships_html/bigfuture-0816.html,100,100,100,100,100,100
42,scholarships_html/mastersportal-2039.html,100,100,100,100,100,100
42,scholarships_html/bigfuture-1238.html,100,100,100,100,100,100
42,scholarships_html/scholarship-1870.html,100,100,100,100,0,0
42,scholarships_html/bigfuture-0244.html,100,100,100,100,100,100
42,scholarships_html/mastersportal-0200.html,100,100,100,100,100,100
42,scholarships_html/scholarships360-1096.html,100,0,100,100,100,0
42,scholarships_html/scholarship-0208.html,100,100,100,100,100,100
42,scholarships_html/mastersportal-0597.html,100,100,100,100,100,100
42,scholarships_html/internationalscholarships-1288.html,100,100,100,100,100,100
42,scholarships_html/scholarship-0741.html,100,100,100,100,100,100
42,scholarships_html/internationalscholarships-0427.html,100,100,100,100,100,100
42,scholarships_html/bigfuture-2030.html,100,100,100,100,100,100
42,scholarships_html/bigfuture-0528.html,100,100,100,100,100,100
42,scholarships_html/scholarships360-0137.html,100,0,100,100,100,0
42,scholarships_html/mastersportal-1585.html,100,100,100,100,100,100
42,scholarships_html/bigfuture-1938.html,100,100,100,100,100,100
42,scholarships_html/internationalscholarships-0070.html,100,100,100,100,100,100
42,scholarships_html/scholarship-2005.html,100,100,100,100,0,0
42,scholarships_html/scholarship-1640.html,100,100,100,100,0,0
42,scholarships_html/bigfuture-1592.html,100,100,100,100,100,100
42,scholarships_html/bigfuture-0494.html,100,100,100,100,100,100
42,scholarships_html/internationalscholarships-0786.html,100,100,100,100,100,100
42,scholarships_html/bigfuture-1961.html,100,100,100,100,100,100
42,scholarships_html/internationalscholarships-0801.html,100,100,100,0,0,0
42,scholarships_html/bigfuture-0421.html,100,100,100,100,100,100
42,scholarships_html/internationalscholarships-1456.html,100,100,100,100,100,100
42,scholarships_html/scholarship-0658.html,100,100,100,100,100,100
42,scholarships_html/mastersportal-1788.html,100,100,100,100,100,100
42,scholarships_html/bigfuture-0837.html,100,100,100,100,100,100
42,scholarships_html/bigfuture-1747.html,100,100,100,100,100,100
42,scholarships_html/scholarships360-0563.html,100,0,100,100,100,0
42,scholarships_html/bigfuture-0419.html,100,100,100,100,100,100
42,scholarships_html/internationalscholarships-0097.html,100,100,100,100,100,100
42,scholarships_html/scholarships360-2062.html,100,0,100,100,100,0
42,scholarships_html/scholarships360-1091.html,100,0,100,100,100,0
42,scholarships_html/internationalscholarships-1263.html,100,100,100,100,100,100
42,scholarships_html/bigfuture-0365.html,100,100,100,100,100,100
42,scholarships_html/bigfuture-1600.html,100,100,100,100,100,100
42,scholarships_html/scholarships360-0792.html,100,0,100,100,100,0
42,scholarships_html/scholarships360-1745.html,100,0,100,100,100,0
42,scholarships_html/bigfuture-0046.html,100,100,100,100,100,100
42,scholarships_html/scholarships360-1289.html,100,0,100,100,100,0
42,scholarships_html/scholarships360-1386.html,100,0,100,100,100,0
42,scholarships_html/scholarship-2124.html,100,100,100,100,0,0
42,scholarships_html/scholarships360-1241.html,100,0,100,100,100,0
42,scholarships_html/mastersportal-0810.html,100,100,100,100,100,100
42,scholarships_html/scholarship-0732.html,100,100,100,100,100,100
42,scholarships_html/scholarship-1967.html,100,100,100,100,100,100
42,scholarships_html/bigfuture-0555.html,100,100,100,100,100,100
42,scholarships_html/bigfuture-2090.html,100,100,100,100,100,100
42,scholarships_html/scholarship-2103.html,100,100,100,100,0,0
42,scholarships_html/internationalscholarships-0169.html,100,100,100,100,100,100
42,scholarships_html/scholarship-2039.html,100,100,100,100,0,0
42,scholarships_html/internationalscholarships-0020.html,100,100,100,100,100,100
42,scholarships_html/internationalscholarships-0309.html,100,100,100,100,100,100
42,scholarships_html/scholarship-0423.html,100,100,100,100,0,0
42,scholarships_html/scholarship-0027.html,100,100,100,100,100,100
42,scholarships_html/mastersportal-1402.html,100,100,100,100,100,100
42,scholarships_html/scholarships360-0091.html,100,0,100,100,100,0
42,scholarships_html/scholarships360-0988.html,100,0,100,100,100,0
42,scholarships_html/internationalscholarships-0236.html,100,100,0,100,100,0
42,scholarships_html/bigfuture-1211.html,100,100,100,100,100,100
42,scholarships_html/scholarships360-0102.html,100,0,100,100,100,0
42,scholarships_html/scholarships360-0451.html,100,0,100,100,100,0
42,scholarships_html/scholarship-2036.html,100,100,100,100,0,0
42,scholarships_html/internationalscholarships-1534.html,100,100,100,100,100,100
42,scholarships_html/internationalscholarships-0875.html,100,100,100,100,100,100
42,scholarships_html/scholarships360-1507.html,100,0,100,100,100,0
42,scholarships_html/mastersportal-1553.html,100,100,100,100,100,100
42,scholarships_html/scholarships360-0152.html,100,0,100,100,100,0
42,scholarships_html/mastersportal-1640.html,100,100,100,100,100,100
42,scholarships_html/scholarship-2089.html,100,100,100,100,100,100
42,scholarships_html/internationalscholarships-0037.html,100,100,100,100,100,100
42,scholarships_html/bigfuture-0380.html,100,100,100,100,100,100
42,scholarships_html/scholarship-0771.html,100,100,100,100,100,100
42,scholarships_html/mastersportal-1300.html,100,100,100,100,100,100
42,scholarships_html/internationalscholarships-1304.html,100,100,100,100,100,100
42,scholarships_html/mastersportal-0898.html,100,100,100,100,100,100
42,scholarships_html/scholarship-1393.html,100,100,100,100,0,0
42,scholarships_html/mastersportal-1738.html,100,100,100,100,100,100
42,scholarships_html/mastersportal-1526.html,100,100,100,100,100,100
42,scholarships_html/mastersportal-0794.html,100,100,100,100,100,100
42,scholarships_html/bigfuture-1686.html,100,100,100,100,100,100
42,scholarships_html/bigfuture-1222.html,100,100,100,100,100,100
42,scholarships_html/scholarships360-0126.html,100,0,100,100,100,0
42,scholarships_html/scholarships360-0315.html,100,0,100,100,100,0
42,scholarships_html/bigfuture-0341.html,100,100,100,100,100,100
42,scholarships_html/bigfuture-0146.html,100,100,100,100,100,100
42,scholarships_html/scholarship-0955.html,100,100,100,100,100,100
42,scholarships_html/bigfuture-1485.html,100,100,100,100,100,100
42,scholarships_html/bigfuture-1710.html,100,100,100,100,100,100
42,scholarships_html/scholarship-2107.html,100,100,100,100,100,100
42,scholarships_html/mastersportal-2028.html,100,100,100,100,100,100
42,scholarships_html/internationalscholarships-1402.html,100,100,100,100,100,100
42,scholarships_html/internationalscholarships-0362.html,100,100,100,100,100,100
42,scholarships_html/scholarships360-0641.html,100,0,100,100,100,0
42,scholarships_html/bigfuture-1214.html,100,100,100,100,100,100
42,scholarships_html/internationalscholarships-0132.html,100,100,100,100,100,100
42,scholarships_html/mastersportal-1007.html,100,100,100,100,100,100
42,scholarships_html/mastersportal-0808.html,100,100,100,100,100,100
42,scholarships_html/bigfuture-0234.html,100,100,100,100,100,100
42,scholarships_html/mastersportal-0946.html,100,100,100,100,100,100
42,scholarships_html/mastersportal-0318.html,100,100,100,100,100,100
42,scholarships_html/internationalscholarships-0668.html,100,100,100,100,100,100
42,scholarships_html/mastersportal-1717.html,100,100,100,100,100,100
42,scholarships_html/bigfuture-0565.html,100,100,100,100,100,100
42,scholarships_html/scholarship-1305.html,100,100,100,100,0,0
42,scholarships_html/mastersportal-0270.html,100,100,100,100,100,100
42,scholarships_html/bigfuture-1096.html,100,100,100,100,100,100
42,scholarships_html/bigfuture-1023.html,100,100,100,100,100,100
42,scholarships_html/scholarship-0195.html,100,100,100,100,100,100
42,scholarships_html/scholarships360-0615.html,100,0,100,100,100,0
42,scholarships_html/internationalscholarships-0762.html,100,100,100,100,100,100
42,scholarships_html/bigfuture-1809.html,100,100,100,100,100,100
42,scholarships_html/mastersportal-0113.html,100,100,100,100,100,100
42,scholarships_html/scholarships360-1403.html,100,0,100,100,100,0
42,scholarships_html/internationalscholarships-1560.html,100,100,100,100,100,100
42,scholarships_html/scholarships360-0848.html,100,0,100,100,100,0
42,scholarships_html/mastersportal-1684.html,100,100,100,100,100,100
42,scholarships_html/scholarship-0725.html,100,100,100,100,100,100
42,scholarships_html/mastersportal-1464.html,100,100,100,100,100,100
42,scholarships_html/scholarships360-1692.html,100,0,100,100,100,0
42,scholarships_html/internationalscholarships-1407.html,100,100,100,100,100,100
42,scholarships_html/scholarship-1016.html,100,100,100,100,0,0
42,scholarships_html/mastersportal-0871.html,100,100,100,100,100,100
42,scholarships_html/bigfuture-1881.html,100,100,100,100,100,100
42,scholarships_html/internationalscholarships-0714.html,100,100,100,100,100,100
42,scholarships_html/scholarships360-2101.html,100,0,100,100,100,0
42,scholarships_html/mastersportal-0440.html,100,100,100,100,100,100
42,scholarships_html/scholarships360-1027.html,100,0,100,100,100,0
42,scholarships_html/scholarship-1968.html,100,100,100,100,0,0
42,scholarships_html/mastersportal-1285.html,100,100,100,100,100,100
42,scholarships_html/internationalscholarships-0542.html,100,100,100,100,100,100
42,scholarships_html/bigfuture-0006.html,100,100,100,100,100,100
42,scholarships_html/internationalscholarships-1529.html,100,100,100,100,100,100
42,scholarships_html/mastersportal-1369.html,100,100,100,100,100,100
42,scholarships_html/internationalscholarships-0538.html,100,100,100,0,100,0
42,scholarships_html/scholarships360-1328.html,100,0,100,100,100,0
42,scholarships_html/bigfuture-1730.html,100,100,100,100,100,100
42,scholarships_html/bigfuture-0314.html,100,100,100,100,100,100
42,scholarships_html/scholarship-0731.html,100,100,100,100,0,0
42,scholarships_html/bigfuture-0612.html,100,100,100,100,100,100
42,scholarships_html/scholarships360-1322.html,100,0,100,100,100,0
42,scholarships_html/mastersportal-0796.html,100,100,100,100,100,100
42,scholarships_html/mastersportal-0541.html,100,100,100,100,100,100
42,scholarships_html/scholarships360-1714.html,100,0,100,100,100,0
42,scholarships_html/scholarship-0821.html,100,100,100,100,0,0
42,scholarships_html/internationalscholarships-0071.html,100,100,100,0,0,0
42,scholarships_html/internationalscholarships-0067.html,100,100,100,100,100,100
42,scholarships_html/scholarship-0435.html,100,100,100,100,0,0
42,scholarships_html/internationalscholarships-1194.html,100,100,100,100,100,100
42,scholarships_html/scholarships360-0783.html,100,0,100,100,100,0
42,scholarships_html/bigfuture-0284.html,100,100,100,100,100,100
42,scholarships_html/bigfuture-1385.html,100,100,100,100,100,100
42,scholarships_html/mastersportal-1496.html,100,100,100,100,100,100
42,scholarships_html/scholarship-0792.html,100,100,100,100,100,100
42,scholarships_html/internationalscholarships-0153.html,100,100,100,100,100,100
42,scholarships_html/scholarship-2020.html,100,100,100,100,0,0
42,scholarships_html/internationalscholarships-0064.html,100,100,100,100,100,100
42,scholarships_html/internationalscholarships-0125.html,100,100,100,100,100,100
42,scholarships_html/internationalscholarships-1293.html,100,100,0,0,100,0
42,scholarships_html/bigfuture-1179.html,100,100,100,100,100,100
42,scholarships_html/scholarships360-2109.html,100,0,100,100,100,0
42,scholarships_html/mastersportal-1290.html,100,100,100,100,100,100
42,scholarships_html/mastersportal-1664.html,100,100,100,100,100,100
42,scholarships_html/scholarship-0100.html,100,100,100,100,100,100
42,scholarships_html/scholarships360-1913.html,100,0,100,100,100,0
42,scholarships_html/scholarship-0051.html,100,100,100,100,100,100
42,scholarships_html/internationalscholarships-0626.html,100,100,100,100,100,100
42,scholarships_html/mastersportal-0586.html,100,100,100,100,100,100
42,scholarships_html/mastersportal-0883.html,100,100,100,100,100,100
42,scholarships_html/scholarships360-0201.html,100,0,100,100,100,0
42,scholarships_html/scholarships360-2060.html,100,0,100,100,100,0
42,scholarships_html/mastersportal-1892.html,100,100,100,100,100,100
42,scholarships_html/bigfuture-1511.html,100,100,100,100,100,100
42,scholarships_html/mastersportal-1361.html,100,100,100,100,100,100
42,scholarships_html/scholarship-0411.html,100,100,100,100,0,0
42,scholarships_html/mastersportal-1760.html,100,100,100,100,100,100
42,scholarships_html/scholarships360-0575.html,100,0,100,100,100,0
42,scholarships_html/scholarships360-1877.html,100,0,100,100,100,0
42,scholarships_html/scholarship-0050.html,100,100,100,100,100,100
42,scholarships_html/scholarships360-0831.html,100,0,100,100,100,0
42,scholarships_html/scholarships360-0300.html,100,0,100,100,100,0
42,scholarships_html/scholarship-0983.html,100,100,100,100,0,0
42,scholarships_html/mastersportal-0562.html,100,100,100,100,100,100
42,scholarships_html/scholarship-0058.html,100,100,100,100,0,0
42,scholarships_html/mastersportal-1118.html,100,100,100,100,100,100
42,scholarships_html/bigfuture-0195.html,100,100,0,100,0,0
42,scholarships_html/bigfuture-0889.html,100,100,100,100,100,100
42,scholarships_html/scholarship-0044.html,100,100,100,100,0,0
42,scholarships_html/mastersportal-1860.html,100,100,100,100,100,100
42,scholarships_html/bigfuture-0133.html,100,100,100,100,100,100
42,scholarships_html/bigfuture-0188.html,100,100,100,100,100,100
42,scholarships_html/scholarship-1211.html,100,100,100,100,0,0
42,scholarships_html/internationalscholarships-1044.html,100,100,100,100,100,100
42,scholarships_html/internationalscholarships-1414.html,100,100,100,100,100,100
42,scholarships_html/scholarships360-0447.html,100,0,100,100,100,0
42,scholarships_html/bigfuture-0502.html,100,100,100,100,100,100
42,scholarships_html/bigfuture-0913.html,100,100,100,100,100,100
42,scholarships_html/scholarship-1597.html,100,100,100,100,0,0
42,scholarships_html/bigfuture-1785.html,100,100,100,100,100,100
42,scholarships_html/mastersportal-0811.html,100,100,100,100,100,100
42,scholarships_html/scholarship-1307.html,100,100,100,100,0,0
42,scholarships_html/scholarships360-0302.html,100,0,100,100,100,0
42,scholarships_html/mastersportal-0590.html,100,100,100,100,100,100
42,scholarships_html/scholarship-1566.html,100,100,100,100,0,0
42,scholarships_html/bigfuture-1161.html,100,100,100,100,100,100
42,scholarships_html/bigfuture-1784.html,100,100,100,100,100,100
42,scholarships_html/scholarships360-0362.html,100,0,100,100,100,0
42,scholarships_html/scholarship-0600.html,100,100,100,100,0,0
42,scholarships_html/mastersportal-1627.html,100,100,100,100,100,100
42,scholarships_html/bigfuture-2006.html,100,100,100,100,100,100
42,scholarships_html/mastersportal-1772.html,100,100,100,100,100,100
42,scholarships_html/scholarship-0004.html,100,100,100,100,100,100
42,scholarships_html/bigfuture-1888.html,100,100,100,100,100,100
42,scholarships_html/scholarships360-0418.html,100,0,100,100,100,0
42,scholarships_html/scholarships360-1658.html,100,0,100,100,100,0
42,scholarships_html/internationalscholarships-0827.html,100,100,100,100,100,100
42,scholarships_html/scholarship-0720.html,100,100,100,100,0,0
42,scholarships_html/scholarships360-1381.html,100,0,100,100,100,0
42,scholarships_html/mastersportal-1308.html,100,100,100,100,100,100
42,scholarships_html/scholarship-0722.html,100,100,100,100,100,100
42,scholarships_html/bigfuture-1025.html,100,100,100,100,0,0
42,scholarships_html/scholarships360-1212.html,100,0,100,100,100,0
42,scholarships_html/internationalscholarships-0584.html,100,100,100,100,100,100
42,scholarships_html/scholarship-0433.html,100,100,100,100,0,0
42,scholarships_html/bigfuture-1064.html,100,100,100,100,100,100
42,scholarships_html/internationalscholarships-0422.html,100,100,100,100,100,100
42,scholarships_html/mastersportal-0230.html,100,100,100,100,100,100
42,scholarships_html/bigfuture-0684.html,100,100,100,100,100,100
42,scholarships_html/bigfuture-1701.html,100,100,100,100,100,100
42,scholarships_html/mastersportal-1758.html,100,0,100,100,100,0
42,scholarships_html/internationalscholarships-0249.html,100,100,100,100,100,100
42,scholarships_html/mastersportal-1680.html,100,100,100,100,100,100
42,scholarships_html/scholarship-0951.html,100,100,100,100,0,0
42,scholarships_html/mastersportal-0958.html,100,100,100,100,100,100
42,scholarships_html/mastersportal-2009.html,100,100,100,100,100,100
42,scholarships_html/mastersportal-1053.html,100,100,100,100,100,100
42,scholarships_html/internationalscholarships-1145.html,100,100,100,100,100,100
42,scholarships_html/scholarship-0429.html,100,100,100,100,0,0
42,scholarships_html/mastersportal-0615.html,100,100,100,100,100,100
42,scholarships_html/scholarship-2052.html,100,100,100,100,0,0
42,scholarships_html/scholarship-0181.html,100,100,100,100,100,100
42,scholarships_html/scholarship-1955.html,100,100,100,100,0,0
42,scholarships_html/mastersportal-0839.html,100,100,100,100,100,100
42,scholarships_html/scholarship-1057.html,100,100,100,100,0,0
42,scholarships_html/internationalscholarships-0279.html,100,100,100,100,100,100
42,scholarships_html/bigfuture-1040.html,100,100,100,100,100,100
42,scholarships_html/scholarship-1626.html,100,100,100,100,0,0
42,scholarships_html/internationalscholarships-1518.html,100,100,100,100,100,100
42,scholarships_html/scholarship-1617.html,100,100,100,100,0,0
42,scholarships_html/internationalscholarships-0828.html,100,100,100,100,100,100
42,scholarships_html/internationalscholarships-0486.html,100,100,100,100,100,100
42,scholarships_html/internationalscholarships-1059.html,100,100,100,100,100,100
42,scholarships_html/bigfuture-0994.html,100,100,100,100,100,100
42,scholarships_html/scholarships360-0015.html,100,0,100,100,100,0
42,scholarships_html/scholarship-1828.html,100,100,100,100,0,0
42,scholarships_html/bigfuture-1233.html,100,100,100,100,100,100
42,scholarships_html/mastersportal-1932.html,100,100,100,100,100,100
42,scholarships_html/mastersportal-1752.html,100,100,100,100,100,100
42,scholarships_html/scholarships360-1271.html,100,0,100,100,100,0
42,scholarships_html/bigfuture-0845.html,100,100,100,100,100,100
42,scholarships_html/mastersportal-0237.html,100,100,100,100,100,100
42,scholarships_html/mastersportal-1063.html,100,100,100,100,100,100
42,scholarships_html/scholarships360-0366.html,100,0,100,100,100,0
42,scholarships_html/internationalscholarships-0742.html,100,100,0,0,0,0
42,scholarships_html/scholarships360-0393.html,100,0,100,100,100,0
42,scholarships_html/internationalscholarships-1431.html,100,100,100,100,100,100
42,scholarships_html/internationalscholarships-0890.html,100,100,100,100,100,100
42,scholarships_html/internationalscholarships-0980.html,100,100,100,100,100,100
42,scholarships_html/scholarship-1812.html,100,100,100,100,0,0
42,scholarships_html/bigfuture-1613.html,100,100,100,100,100,100
42,scholarships_html/mastersportal-1942.html,100,100,100,100,100,100
42,scholarships_html/internationalscholarships-0138.html,100,100,100,100,100,100
42,scholarships_html/scholarships360-1215.html,100,0,100,100,100,0
42,scholarships_html/internationalscholarships-0033.html,100,100,100,100,100,100
42,scholarships_html/internationalscholarships-0876.html,100,100,100,100,100,100
42,scholarships_html/internationalscholarships-0923.html,100,100,100,0,100,0
42,scholarships_html/scholarship-2207.html,100,100,100,100,0,0
42,scholarships_html/scholarships360-0372.html,100,0,100,100,100,0
42,scholarships_html/bigfuture-1619.html,100,100,100,100,100,100
42,scholarships_html/scholarships360-0760.html,100,0,100,100,100,0
42,scholarships_html/bigfuture-2046.html,100,100,100,100,100,100
42,scholarships_html/scholarships360-1145.html,100,0,100,100,100,0
42,scholarships_html/internationalscholarships-0250.html,100,100,100,100,100,100
42,scholarships_html/internationalscholarships-0777.html,100,100,100,100,0,0
42,scholarships_html/bigfuture-0356.html,100,100,100,100,100,100
42,scholarships_html/bigfuture-1260.html,100,100,100,100,100,100
42,scholarships_html/bigfuture-1877.html,100,100,100,100,100,100
42,scholarships_html/bigfuture-1060.html,100,100,100,100,100,100
42,scholarships_html/scholarships360-0186.html,100,0,100,100,100,0
42,scholarships_html/scholarships360-1143.html,100,0,100,100,100,0
42,scholarships_html/bigfuture-1006.html,100,100,100,100,100,100
42,scholarships_html/internationalscholarships-1122.html,100,100,100,100,100,100
42,scholarships_html/scholarship-1832.html,100,100,100,100,0,0
42,scholarships_html/scholarships360-1711.html,100,100,100,100,100,100
42,scholarships_html/bigfuture-1329.html,100,100,100,100,100,100
42,scholarships_html/bigfuture-0364.html,100,100,100,100,100,100
42,scholarships_html/scholarship-1691.html,100,100,100,100,0,0
42,scholarships_html/scholarship-1487.html,100,100,100,100,0,0
42,scholarships_html/bigfuture-0804.html,100,100,100,100,100,100
42,scholarships_html/bigfuture-0866.html,100,100,100,100,100,100
42,scholarships_html/internationalscholarships-0892.html,100,100,100,100,100,100
42,scholarships_html/scholarship-0198.html,100,100,100,100,0,0
42,scholarships_html/scholarship-0897.html,100,100,100,100,100,100
42,scholarships_html/scholarship-1623.html,100,100,100,100,0,0
42,scholarships_html/mastersportal-1981.html,100,100,100,100,100,100
42,scholarships_html/mastersportal-0788.html,100,100,100,100,100,100
42,scholarships_html/scholarship-1103.html,100,100,100,100,0,0
42,scholarships_html/scholarship-2191.html,100,100,100,100,0,0
42,scholarships_html/internationalscholarships-0305.html,100,100,100,100,100,100
42,scholarships_html/mastersportal-1339.html,100,100,100,100,100,100
42,scholarships_html/scholarship-0467.html,100,100,100,100,0,0
42,scholarships_html/scholarship-2184.html,100,100,100,100,0,0
42,scholarships_html/scholarship-0992.html,100,100,100,100,100,100
42,scholarships_html/bigfuture-1562.html,100,100,100,100,100,100
42,scholarships_html/scholarship-0484.html,100,100,100,100,0,0
42,scholarships_html/bigfuture-1805.html,100,100,100,100,100,100
42,scholarships_html/internationalscholarships-0825.html,100,100,100,100,100,100
42,scholarships_html/scholarships360-0206.html,100,0,100,100,100,0
42,scholarships_html/internationalscholarships-0084.html,100,100,100,100,100,100
42,scholarships_html/mastersportal-1765.html,100,100,100,100,100,100
42,scholarships_html/scholarships360-0465.html,100,0,100,100,100,0
42,scholarships_html/internationalscholarships-0083.html,100,100,100,100,100,100
42,scholarships_html/internationalscholarships-0360.html,100,100,100,0,0,0
42,scholarships_html/mastersportal-1266.html,100,100,100,100,100,100
42,scholarships_html/mastersportal-0802.html,100,100,100,100,100,100
42,scholarships_html/scholarship-0843.html,100,100,100,100,0,0
42,scholarships_html/bigfuture-1576.html,100,100,100,100,100,100
42,scholarships_html/mastersportal-0061.html,100,100,100,100,100,100
42,scholarships_html/mastersportal-2088.html,100,100,100,100,100,100
42,scholarships_html/scholarship-0656.html,100,100,100,100,0,0
42,scholarships_html/bigfuture-1290.html,100,100,100,100,100,100
42,scholarships_html/scholarship-0534.html,100,100,100,100,0,0
42,scholarships_html/mastersportal-0872.html,100,100,100,100,100,100
42,scholarships_html/scholarships360-0811.html,100,0,100,100,100,0
42,scholarships_html/scholarships360-1160.html,100,0,100,100,100,0
42,scholarships_html/scholarships360-1925.html,100,0,100,100,100,0
42,scholarships_html/mastersportal-0179.html,100,100,100,100,100,100
42,scholarships_html/mastersportal-1444.html,100,100,100,100,100,100
42,scholarships_html/bigfuture-0655.html,100,100,100,100,100,100
42,scholarships_html/internationalscholarships-0034.html,100,100,100,100,100,100
42,scholarships_html/scholarships360-1291.html,100,0,100,100,100,0
42,scholarships_html/scholarship-1383.html,100,100,100,100,0,0
42,scholarships_html/scholarships360-1223.html,100,0,100,100,100,0
42,scholarships_html/scholarships360-1162.html,100,0,100,100,100,0
42,scholarships_html/mastersportal-0453.html,100,100,100,100,100,100
42,scholarships_html/scholarship-0592.html,100,100,100,100,0,0
42,scholarships_html/bigfuture-0961.html,100,100,100,100,100,100
42,scholarships_html/bigfuture-0705.html,100,100,100,100,100,100
42,scholarships_html/scholarship-2119.html,100,100,100,100,100,100
42,scholarships_html/scholarship-1155.html,100,100,100,100,0,0
42,scholarships_html/scholarship-1989.html,100,100,100,100,100,100
42,scholarships_html/internationalscholarships-1497.html,100,100,100,100,100,100
42,scholarships_html/mastersportal-1174.html,100,100,100,100,100,100
42,scholarships_html/scholarships360-2059.html,100,0,100,100,100,0
42,scholarships_html/bigfuture-1663.html,100,100,100,100,100,100
42,scholarships_html/bigfuture-1407.html,100,100,100,100,100,100
42,scholarships_html/internationalscholarships-0353.html,100,100,100,0,100,0
42,scholarships_html/scholarship-2070.html,100,100,100,100,0,0
42,scholarships_html/scholarships360-0793.html,100,0,100,100,100,0
42,scholarships_html/scholarship-1248.html,100,100,100,100,100,100
42,scholarships_html/scholarships360-0714.html,100,0,100,100,100,0
42,scholarships_html/internationalscholarships-0280.html,100,100,100,0,100,0
42,scholarships_html/scholarships360-1563.html,100,0,100,100,100,0
42,scholarships_html/scholarship-1080.html,100,100,100,100,100,100
42,scholarships_html/mastersportal-0813.html,100,100,100,100,100,100
42,scholarships_html/scholarship-1671.html,100,100,100,100,0,0
42,scholarships_html/bigfuture-1963.html,100,100,100,100,100,100
42,scholarships_html/scholarships360-0330.html,100,0,100,100,100,0
42,scholarships_html/scholarship-0350.html,100,100,100,100,0,0
42,scholarships_html/scholarship-1916.html,100,100,100,100,100,100
42,scholarships_html/scholarship-1004.html,100,100,100,100,100,100
42,scholarships_html/scholarships360-1938.html,100,0,100,100,100,0
42,scholarships_html/scholarship-1187.html,100,100,100,100,100,100
42,scholarships_html/scholarship-1823.html,100,100,100,100,0,0
42,scholarships_html/bigfuture-1461.html,100,100,100,100,100,100
42,scholarships_html/scholarship-0562.html,100,100,100,100,100,100
42,scholarships_html/scholarship-1132.html,100,100,100,100,100,100
42,scholarships_html/bigfuture-1778.html,100,100,100,100,100,100
42,scholarships_html/mastersportal-0995.html,100,100,100,100,100,100
42,scholarships_html/internationalscholarships-0417.html,100,100,100,100,100,100
42,scholarships_html/scholarship-2157.html,100,100,100,100,0,0
42,scholarships_html/scholarships360-0384.html,100,0,100,100,100,0
42,scholarships_html/scholarships360-0939.html,100,0,100,100,100,0
42,scholarships_html/mastersportal-1195.html,100,100,100,100,100,100
42,scholarships_html/bigfuture-1174.html,100,100,100,100,100,100
42,scholarships_html/bigfuture-0771.html,100,100,100,100,100,100
42,scholarships_html/internationalscholarships-0752.html,100,100,100,100,100,100
42,scholarships_html/internationalscholarships-1314.html,100,100,100,100,100,100
42,scholarships_html/scholarships360-0619.html,100,0,100,100,100,0
42,scholarships_html/bigfuture-1804.html,100,100,100,100,100,100
42,scholarships_html/bigfuture-0745.html,100,100,100,100,100,100
42,scholarships_html/internationalscholarships-1306.html,100,100,100,100,100,100
42,scholarships_html/scholarships360-1670.html,100,0,100,100,100,0
42,scholarships_html/internationalscholarships-0178.html,100,100,100,100,100,100
42,scholarships_html/bigfuture-1292.html,100,100,100,100,100,100
42,scholarships_html/scholarships360-1131.html,100,0,100,100,100,0
42,scholarships_html/mastersportal-0337.html,100,100,100,100,100,100
42,scholarships_html/bigfuture-0762.html,100,100,100,100,100,100
42,scholarships_html/scholarship-1793.html,100,100,100,100,0,0
42,scholarships_html/mastersportal-0949.html,100,100,100,100,100,100
42,scholarships_html/scholarships360-0530.html,100,0,100,100,100,0
42,scholarships_html/internationalscholarships-1249.html,100,100,100,100,100,100
42,scholarships_html/scholarships360-1234.html,100,0,100,100,100,0
42,scholarships_html/mastersportal-0894.html,100,100,100,100,100,100
42,scholarships_html/scholarships360-0483.html,100,0,100,100,100,0
42,scholarships_html/mastersportal-1864.html,100,100,100,100,100,100
42,scholarships_html/internationalscholarships-1069.html,100,100,100,100,100,100
42,scholarships_html/scholarship-0164.html,100,100,100,100,0,0
42,scholarships_html/mastersportal-0938.html,100,100,100,100,100,100
42,scholarships_html/bigfuture-2054.html,100,100,100,100,100,100
42,scholarships_html/bigfuture-1217.html,100,100,100,100,100,100
42,scholarships_html/scholarships360-1820.html,100,0,100,100,100,0
42,scholarships_html/bigfuture-0005.html,100,100,100,100,100,100
42,scholarships_html/internationalscholarships-1483.html,100,100,100,100,100,100
42,scholarships_html/internationalscholarships-0081.html,100,100,100,100,100,100
42,scholarships_html/scholarship-1053.html,100,100,100,100,0,0
42,scholarships_html/scholarships360-1639.html,100,0,100,100,100,0
42,scholarships_html/scholarships360-0088.html,100,0,100,100,100,0
42,scholarships_html/mastersportal-0330.html,100,100,100,100,100,100
42,scholarships_html/bigfuture-0340.html,100,100,100,100,100,100
42,scholarships_html/mastersportal-1283.html,100,100,100,100,100,100
42,scholarships_html/internationalscholarships-0738.html,100,100,100,0,100,0
42,scholarships_html/scholarship-0476.html,100,100,100,100,0,0
42,scholarships_html/scholarship-1174.html,100,100,100,100,0,0
42,scholarships_html/internationalscholarships-0218.html,100,100,100,100,100,100
42,scholarships_html/bigfuture-1614.html,100,100,100,100,100,100
42,scholarships_html/internationalscholarships-1264.html,100,100,0,100,100,0
42,scholarships_html/internationalscholarships-0601.html,100,100,100,100,100,100
42,scholarships_html/internationalscholarships-0874.html,100,100,100,100,100,100
42,scholarships_html/internationalscholarships-0386.html,100,100,100,100,100,100
42,scholarships_html/scholarship-1447.html,100,100,100,100,0,0
42,scholarships_html/bigfuture-0099.html,100,100,100,100,100,100
42,scholarships_html/internationalscholarships-1364.html,100,100,100,100,100,100
42,scholarships_html/mastersportal-1004.html,100,100,100,100,100,100
42,scholarships_html/mastersportal-0644.html,100,100,100,100,100,100
42,scholarships_html/scholarship-1701.html,100,100,100,100,0,0
42,scholarships_html/scholarship-0824.html,100,100,100,100,0,0
42,scholarships_html/bigfuture-0672.html,100,100,100,100,100,100
42,scholarships_html/scholarship-1580.html,100,100,100,100,0,0
42,scholarships_html/bigfuture-1514.html,100,100,100,100,100,100
42,scholarships_html/mastersportal-0160.html,100,100,100,100,100,100
42,scholarships_html/scholarships360-0476.html,100,0,100,100,100,0
42,scholarships_html/internationalscholarships-0702.html,100,100,100,0,0,0
42,scholarships_html/internationalscholarships-0784.html,100,100,100,100,100,100
42,scholarships_html/bigfuture-1791.html,100,100,100,100,100,100
42,scholarships_html/mastersportal-1356.html,100,100,100,100,100,100
42,scholarships_html/scholarships360-1081.html,100,0,100,100,100,0
42,scholarships_html/bigfuture-1731.html,100,100,100,100,100,100
42,scholarships_html/internationalscholarships-1290.html,100,100,100,100,100,100
42,scholarships_html/scholarships360-0063.html,100,0,100,100,100,0
42,scholarships_html/mastersportal-0191.html,100,100,100,100,100,100
42,scholarships_html/scholarships360-0820.html,100,0,100,100,100,0
42,scholarships_html/bigfuture-1460.html,100,100,100,100,100,100
42,scholarships_html/internationalscholarships-0130.html,100,100,100,100,100,100
42,scholarships_html/bigfuture-1463.html,100,100,100,100,100,100
42,scholarships_html/scholarships360-0134.html,100,0,100,100,100,0
42,scholarships_html/scholarships360-0873.html,100,0,100,100,100,0
42,scholarships_html/mastersportal-1340.html,100,100,100,100,100,100
42,scholarships_html/bigfuture-0300.html,100,100,100,100,100,100
42,scholarships_html/mastersportal-0999.html,100,100,100,100,100,100
42,scholarships_html/scholarship-1643.html,100,100,100,100,0,0
42,scholarships_html/scholarships360-1707.html,100,0,100,100,100,0
42,scholarships_html/internationalscholarships-0337.html,100,100,100,100,100,100
42,scholarships_html/bigfuture-0232.html,100,100,100,100,100,100
42,scholarships_html/internationalscholarships-1141.html,100,100,100,100,100,100
42,scholarships_html/scholarship-0329.html,100,100,100,100,0,0
42,scholarships_html/scholarship-0094.html,100,100,100,100,100,100
42,scholarships_html/mastersportal-0760.html,100,100,100,100,100,100
42,scholarships_html/internationalscholarships-0038.html,100,100,100,100,100,100
42,scholarships_html/bigfuture-0635.html,100,100,100,100,100,100
42,scholarships_html/scholarship-0714.html,100,100,100,100,0,0
42,scholarships_html/scholarships360-0528.html,100,0,100,100,100,0
42,scholarships_html/scholarships360-0157.html,100,0,100,100,100,0
42,scholarships_html/mastersportal-0973.html,100,100,100,100,100,100
42,scholarships_html/scholarships360-1746.html,100,0,100,100,100,0
42,scholarships_html/scholarships360-1964.html,100,0,100,100,100,0
42,scholarships_html/mastersportal-1268.html,100,100,100,100,100,100
42,scholarships_html/mastersportal-0859.html,100,100,100,100,100,100
42,scholarships_html/scholarship-0175.html,100,100,100,100,0,0
42,scholarships_html/bigfuture-1153.html,100,100,100,100,100,100
42,scholarships_html/mastersportal-0024.html,100,100,100,100,100,100
42,scholarships_html/bigfuture-1633.html,100,100,100,100,100,100
42,scholarships_html/mastersportal-0246.html,100,100,100,100,100,100
42,scholarships_html/mastersportal-1021.html,100,100,100,100,100,100
42,scholarships_html/mastersportal-0555.html,100,100,100,100,100,100
42,scholarships_html/mastersportal-0096.html,100,100,100,100,100,100
42,scholarships_html/mastersportal-1438.html,100,100,100,100,100,100
42,scholarships_html/scholarship-1971.html,100,100,100,100,0,0
42,scholarships_html/mastersportal-1876.html,100,100,100,100,100,100
42,scholarships_html/scholarships360-2105.html,100,0,100,100,100,0
42,scholarships_html/internationalscholarships-0583.html,100,100,0,100,100,0
42,scholarships_html/mastersportal-1099.html,100,100,100,100,100,100
42,scholarships_html/bigfuture-0829.html,100,100,100,100,100,100
42,scholarships_html/mastersportal-0608.html,100,100,100,100,100,100
42,scholarships_html/scholarship-0999.html,100,100,100,100,0,0
42,scholarships_html/mastersportal-1768.html,100,100,100,100,100,100
42,scholarships_html/bigfuture-0004.html,100,100,100,100,100,100
42,scholarships_html/mastersportal-0601.html,100,100,100,100,100,100
42,scholarships_html/internationalscholarships-1213.html,100,100,100,100,100,100
42,scholarships_html/scholarships360-0306.html,100,0,100,100,100,0
42,scholarships_html/scholarships360-1881.html,100,0,100,100,100,0
42,scholarships_html/mastersportal-0387.html,100,100,100,100,100,100
42,scholarships_html/mastersportal-1267.html,100,100,100,100,100,100
42,scholarships_html/scholarship-1673.html,100,100,100,100,0,0
42,scholarships_html/bigfuture-0459.html,100,100,100,100,100,100
42,scholarships_html/scholarship-1267.html,100,100,100,100,0,0
42,scholarships_html/internationalscholarships-0558.html,100,100,100,100,100,100
42,scholarships_html/mastersportal-1435.html,100,100,100,100,100,100
42,scholarships_html/scholarships360-1398.html,100,0,100,100,100,0
42,scholarships_html/bigfuture-0085.html,100,100,100,100,100,100
42,scholarships_html/mastersportal-1809.html,100,100,100,100,100,100
42,scholarships_html/scholarships360-2118.html,100,0,100,100,100,0
42,scholarships_html/mastersportal-2073.html,100,100,100,100,100,100
42,scholarships_html/mastersportal-0053.html,100,100,100,100,100,100
42,scholarships_html/mastersportal-1238.html,100,100,100,100,100,100
42,scholarships_html/internationalscholarships-0998.html,100,100,100,100,100,100
42,scholarships_html/internationalscholarships-0089.html,100,100,100,100,100,100
42,scholarships_html/bigfuture-1897.html,100,100,100,100,100,100
42,scholarships_html/bigfuture-0727.html,100,100,100,100,100,100
42,scholarships_html/scholarships360-0537.html,100,0,100,100,100,0
42,scholarships_html/mastersportal-0643.html,100,100,100,100,100,100
42,scholarships_html/bigfuture-0490.html,100,100,100,100,100,100
42,scholarships_html/mastersportal-1035.html,100,100,100,100,100,100
42,scholarships_html/scholarships360-1757.html,100,0,100,100,100,0
42,scholarships_html/internationalscholarships-0747.html,100,100,100,100,0,0
42,scholarships_html/scholarships360-1324.html,100,0,100,100,100,0
42,scholarships_html/scholarship-1966.html,100,100,100,100,0,0
42,scholarships_html/mastersportal-1010.html,100,100,100,100,100,100
42,scholarships_html/bigfuture-1492.html,100,100,100,100,100,100
42,scholarships_html/internationalscholarships-0333.html,100,100,100,100,100,100
42,scholarships_html/scholarships360-1419.html,100,0,100,100,100,0
42,scholarships_html/scholarship-0059.html,100,100,100,100,0,0
42,scholarships_html/scholarship-0823.html,100,100,100,100,0,0
42,scholarships_html/internationalscholarships-0884.html,100,100,0,100,100,0
42,scholarships_html/scholarships360-1465.html,100,0,100,100,100,0
42,scholarships_html/internationalscholarships-0642.html,100,100,100,100,100,100
42,scholarships_html/mastersportal-1832.html,100,100,100,100,100,100
42,scholarships_html/scholarships360-0072.html,100,0,100,100,100,0
42,scholarships_html/bigfuture-0230.html,100,100,100,100,100,100
42,scholarships_html/bigfuture-1522.html,100,100,100,100,100,100
42,scholarships_html/scholarships360-1566.html,100,0,100,100,100,0
42,scholarships_html/bigfuture-1346.html,100,100,100,100,100,100
42,scholarships_html/scholarships360-0501.html,100,0,100,100,100,0
42,scholarships_html/scholarship-1210.html,100,100,100,100,0,0
42,scholarships_html/internationalscholarships-0615.html,100,100,100,100,100,100
42,scholarships_html/scholarships360-1093.html,100,0,100,100,100,0
42,scholarships_html/mastersportal-0449.html,100,100,100,100,100,100
42,scholarships_html/bigfuture-1412.html,100,100,100,100,100,100
42,scholarships_html/bigfuture-1103.html,100,100,100,100,100,100
42,scholarships_html/scholarships360-0632.html,100,0,100,100,100,0
42,scholarships_html/scholarship-0689.html,100,100,100,100,0,0
42,scholarships_html/scholarship-0711.html,100,100,100,100,0,0
42,scholarships_html/scholarship-1468.html,100,100,100,100,0,0
42,scholarships_html/internationalscholarships-0529.html,100,100,100,100,100,100
42,scholarships_html/bigfuture-0518.html,100,100,100,100,100,100
42,scholarships_html/scholarship-1228.html,100,100,100,100,100,100
42,scholarships_html/scholarship-1913.html,100,100,100,100,0,0
42,scholarships_html/scholarship-1969.html,100,100,100,100,0,0
42,scholarships_html/internationalscholarships-0174.html,100,100,100,100,100,100
42,scholarships_html/bigfuture-1345.html,100,100,100,100,100,100
42,scholarships_html/mastersportal-1958.html,100,100,100,100,100,100
42,scholarships_html/scholarship-2163.html,100,100,100,100,0,0
42,scholarships_html/scholarship-1948.html,100,100,100,100,0,0
42,scholarships_html/mastersportal-0677.html,100,100,100,100,100,100
42,scholarships_html/mastersportal-0019.html,100,100,100,100,100,100
42,scholarships_html/scholarship-2028.html,100,100,100,100,0,0
42,scholarships_html/internationalscholarships-0299.html,100,100,100,100,100,100
42,scholarships_html/mastersportal-1399.html,100,100,100,100,100,100
42,scholarships_html/scholarship-0464.html,100,100,100,100,100,100
42,scholarships_html/bigfuture-1088.html,100,100,100,100,100,100
42,scholarships_html/scholarship-1906.html,100,100,100,100,0,0
42,scholarships_html/scholarship-1072.html,100,100,100,100,0,0
42,scholarships_html/scholarship-0038.html,100,100,100,100,0,0
42,scholarships_html/scholarship-0008.html,100,100,100,100,0,0
42,scholarships_html/internationalscholarships-0881.html,100,100,100,100,100,100
42,scholarships_html/scholarship-1259.html,100,100,100,100,0,0
42,scholarships_html/bigfuture-1685.html,100,100,100,100,100,100
42,scholarships_html/scholarship-1129.html,100,100,100,100,0,0
42,scholarships_html/scholarships360-0787.html,100,0,100,100,100,0
42,scholarships_html/scholarship-1839.html,100,100,100,100,0,0
42,scholarships_html/scholarship-1703.html,100,100,100,100,100,100
42,scholarships_html/internationalscholarships-1374.html,100,100,100,100,100,100
42,scholarships_html/mastersportal-0126.html,100,100,100,100,100,100
42,scholarships_html/scholarship-1377.html,100,100,100,100,0,0
42,scholarships_html/scholarships360-0211.html,100,0,100,100,100,0
42,scholarships_html/scholarship-0960.html,100,100,100,100,0,0
42,scholarships_html/scholarship-1450.html,100,100,100,100,0,0
42,scholarships_html/scholarships360-2014.html,100,0,100,100,100,0
42,scholarships_html/bigfuture-1996.html,100,100,100,100,100,100
42,scholarships_html/mastersportal-0144.html,100,100,100,100,100,100
42,scholarships_html/bigfuture-0750.html,100,100,100,100,100,100
42,scholarships_html/mastersportal-1262.html,100,100,100,100,100,100
42,scholarships_html/mastersportal-1581.html,100,100,100,100,100,100
42,scholarships_html/scholarship-1715.html,100,100,100,100,0,0
42,scholarships_html/internationalscholarships-0949.html,100,100,100,100,100,100
42,scholarships_html/scholarships360-1037.html,100,0,100,100,100,0
42,scholarships_html/scholarship-1873.html,100,100,100,100,0,0
42,scholarships_html/scholarship-1344.html,100,100,100,100,0,0
42,scholarships_html/scholarship-0193.html,100,100,100,100,100,100
42,scholarships_html/mastersportal-0499.html,100,100,100,100,100,100
42,scholarships_html/bigfuture-1158.html,100,100,100,100,100,100
42,scholarships_html/scholarships360-0442.html,100,0,100,100,100,0
42,scholarships_html/scholarships360-1937.html,100,0,100,100,100,0
42,scholarships_html/scholarship-0490.html,100,100,100,100,0,0
42,scholarships_html/bigfuture-2003.html,100,100,100,100,100,100
42,scholarships_html/internationalscholarships-1219.html,100,100,100,100,100,100
42,scholarships_html/bigfuture-1998.html,100,100,100,100,100,100
42,scholarships_html/mastersportal-1538.html,100,100,100,100,100,100
42,scholarships_html/scholarship-1680.html,100,100,100,100,0,0
42,scholarships_html/bigfuture-0758.html,100,100,100,100,100,100
42,scholarships_html/internationalscholarships-1365.html,100,100,100,100,100,100
42,scholarships_html/internationalscholarships-0837.html,100,100,100,100,100,100
42,scholarships_html/internationalscholarships-0617.html,100,100,100,100,100,100
42,scholarships_html/internationalscholarships-0283.html,100,100,100,100,100,100
42,scholarships_html/scholarships360-0228.html,100,0,100,100,100,0
42,scholarships_html/bigfuture-0467.html,100,100,100,100,100,100
42,scholarships_html/internationalscholarships-0164.html,100,100,100,100,100,100
42,scholarships_html/bigfuture-0924.html,100,100,100,100,100,100
42,scholarships_html/mastersportal-1408.html,100,100,100,100,100,100
42,scholarships_html/internationalscholarships-1357.html,100,100,100,0,100,0
42,scholarships_html/scholarships360-0629.html,100,0,100,100,100,0
42,scholarships_html/bigfuture-1587.html,100,100,100,100,100,100
42,scholarships_html/mastersportal-0217.html,100,100,100,100,100,100
42,scholarships_html/scholarship-1799.html,100,100,100,100,0,0
42,scholarships_html/scholarships360-0387.html,100,0,100,100,100,0
42,scholarships_html/mastersportal-1782.html,100,100,100,100,100,100
42,scholarships_html/scholarship-1834.html,100,100,100,100,0,0
42,scholarships_html/mastersportal-1207.html,100,100,100,100,100,100
42,scholarships_html/scholarships360-0089.html,100,0,100,100,100,0
42,scholarships_html/scholarships360-0277.html,100,0,100,100,100,0
42,scholarships_html/internationalscholarships-1135.html,100,100,100,100,100,100
42,scholarships_html/scholarships360-1608.html,100,0,100,100,100,0
42,scholarships_html/scholarship-0039.html,100,100,100,100,0,0
42,scholarships_html/mastersportal-2007.html,100,100,100,100,100,100
42,scholarships_html/scholarship-0277.html,100,100,100,100,0,0
42,scholarships_html/scholarship-0733.html,100,100,100,100,0,0
42,scholarships_html/scholarships360-1168.html,100,0,100,100,100,0
42,scholarships_html/bigfuture-1828.html,100,100,100,100,100,100
42,scholarships_html/scholarships360-0917.html,100,0,100,100,100,0
42,scholarships_html/scholarship-0508.html,100,100,100,100,100,100
42,scholarships_html/mastersportal-1253.html,100,100,100,100,100,100
42,scholarships_html/scholarships360-0383.html,100,0,100,100,100,0
42,scholarships_html/bigfuture-1279.html,100,100,100,100,100,100
42,scholarships_html/internationalscholarships-1274.html,100,100,100,100,100,100
42,scholarships_html/bigfuture-1640.html,100,100,100,100,100,100
42,scholarships_html/scholarship-1194.html,100,100,100,100,0,0
42,scholarships_html/internationalscholarships-1426.html,100,100,100,100,100,100
42,scholarships_html/scholarships360-0899.html,100,0,100,100,100,0
42,scholarships_html/mastersportal-1164.html,100,100,100,100,100,100
42,scholarships_html/bigfuture-0367.html,100,100,100,100,100,100
42,scholarships_html/scholarship-1215.html,100,100,100,100,100,100
42,scholarships_html/mastersportal-0060.html,100,100,100,100,100,100
42,scholarships_html/internationalscholarships-0077.html,100,100,100,100,100,100
42,scholarships_html/internationalscholarships-1427.html,100,100,100,100,100,100
42,scholarships_html/scholarship-1532.html,100,100,100,100,100,100
42,scholarships_html/mastersportal-1391.html,100,100,100,100,100,100
42,scholarships_html/internationalscholarships-0974.html,100,100,100,100,100,100
42,scholarships_html/bigfuture-0346.html,100,100,100,100,100,100
42,scholarships_html/scholarship-0200.html,100,100,100,100,0,0
42,scholarships_html/internationalscholarships-0093.html,100,100,100,100,100,100
42,scholarships_html/bigfuture-1664.html,100,100,100,100,100,100
42,scholarships_html/internationalscholarships-0687.html,100,100,100,100,100,100
42,scholarships_html/bigfuture-0373.html,100,100,100,100,100,100
42,scholarships_html/internationalscholarships-0648.html,100,100,100,100,100,100
42,scholarships_html/bigfuture-1458.html,100,100,100,100,100,100
42,scholarships_html/scholarship-0668.html,100,100,100,100,100,100
42,scholarships_html/bigfuture-0255.html,100,100,100,100,100,100
42,scholarships_html/scholarships360-1186.html,100,0,100,100,100,0
42,scholarships_html/bigfuture-1405.html,100,100,100,100,100,100
42,scholarships_html/scholarships360-1832.html,100,0,100,100,100,0
42,scholarships_html/internationalscholarships-1469.html,100,100,100,100,100,100
42,scholarships_html/scholarship-0387.html,100,100,100,100,100,100
42,scholarships_html/scholarship-1131.html,100,100,100,100,100,100
42,scholarships_html/scholarship-1648.html,100,100,100,100,0,0
42,scholarships_html/scholarship-1515.html,100,100,100,100,100,100
42,scholarships_html/scholarships360-2082.html,100,0,100,100,100,0
42,scholarships_html/bigfuture-1508.html,100,100,100,100,100,100
42,scholarships_html/bigfuture-1570.html,100,100,100,100,100,100
42,scholarships_html/scholarships360-1535.html,100,0,100,100,100,0
42,scholarships_html/scholarship-1712.html,100,100,100,100,0,0
42,scholarships_html/scholarships360-0427.html,100,0,100,100,100,0
42,scholarships_html/mastersportal-0553.html,100,100,100,100,100,100
42,scholarships_html/internationalscholarships-1473.html,100,100,100,100,100,100
42,scholarships_html/scholarship-2012.html,100,100,100,100,100,100
42,scholarships_html/scholarship-0786.html,100,100,100,100,100,100
42,scholarships_html/mastersportal-1556.html,100,100,100,100,100,100
42,scholarships_html/mastersportal-0134.html,100,100,100,100,100,100
42,scholarships_html/bigfuture-1665.html,100,100,100,100,100,100
42,scholarships_html/scholarships360-0846.html,100,0,100,100,100,0
42,scholarships_html/bigfuture-1852.html,100,100,100,100,100,100
42,scholarships_html/scholarship-0416.html,100,100,100,100,0,0
42,scholarships_html/scholarships360-1564.html,100,0,100,100,100,0
42,scholarships_html/scholarships360-1423.html,100,0,100,100,100,0
42,scholarships_html/bigfuture-1017.html,100,100,100,100,100,100
42,scholarships_html/scholarship-0707.html,100,100,100,100,0,0
42,scholarships_html/mastersportal-1856.html,100,100,100,100,100,100
42,scholarships_html/mastersportal-0522.html,100,100,100,100,100,100
42,scholarships_html/bigfuture-0390.html,100,100,100,100,100,100
42,scholarships_html/scholarships360-1638.html,100,0,100,100,100,0
42,scholarships_html/scholarships360-0542.html,100,0,100,100,100,0
42,scholarships_html/scholarship-1363.html,100,100,100,100,0,0
42,scholarships_html/bigfuture-0769.html,100,100,100,100,100,100
42,scholarships_html/scholarships360-0203.html,100,0,100,100,100,0
42,scholarships_html/bigfuture-0079.html,100,100,100,100,100,100
42,scholarships_html/scholarships360-0738.html,100,0,100,100,100,0
42,scholarships_html/scholarships360-1416.html,100,0,100,100,100,0
42,scholarships_html/bigfuture-0316.html,100,100,100,100,100,100
42,scholarships_html/mastersportal-0158.html,100,100,100,100,100,100
42,scholarships_html/mastersportal-1512.html,100,100,100,100,100,100
42,scholarships_html/bigfuture-1770.html,100,100,100,100,100,100
42,scholarships_html/scholarships360-1978.html,100,0,100,100,100,0
42,scholarships_html/internationalscholarships-0681.html,100,100,100,100,100,100
42,scholarships_html/bigfuture-0049.html,100,100,100,100,100,100
42,scholarships_html/scholarship-0289.html,100,100,100,100,100,100
42,scholarships_html/internationalscholarships-1014.html,100,100,0,100,100,0
42,scholarships_html/mastersportal-1910.html,100,100,100,100,100,100
42,scholarships_html/bigfuture-0474.html,100,100,100,100,100,100
42,scholarships_html/mastersportal-1984.html,100,100,100,100,100,100
42,scholarships_html/scholarships360-1330.html,100,0,100,100,100,0
42,scholarships_html/scholarship-1695.html,100,100,100,100,100,100
42,scholarships_html/mastersportal-0761.html,100,100,100,100,100,100
42,scholarships_html/scholarships360-1219.html,100,0,100,100,100,0
42,scholarships_html/internationalscholarships-0638.html,100,100,0,100,100,0
42,scholarships_html/mastersportal-2089.html,100,100,100,100,100,100
42,scholarships_html/scholarships360-0890.html,100,0,100,100,100,0
42,scholarships_html/scholarships360-0140.html,100,0,100,100,100,0
42,scholarships_html/bigfuture-0303.html,100,100,100,100,100,100
42,scholarships_html/mastersportal-0227.html,100,100,100,100,100,100
42,scholarships_html/mastersportal-1355.html,100,100,100,100,100,100
42,scholarships_html/scholarship-2018.html,100,100,100,100,0,0
42,scholarships_html/bigfuture-0667.html,100,100,100,100,100,100
42,scholarships_html/scholarship-1721.html,100,100,100,100,0,0
42,scholarships_html/scholarships360-1842.html,100,0,100,100,100,0
42,scholarships_html/scholarship-1998.html,100,100,100,100,0,0
42,scholarships_html/bigfuture-1352.html,100,100,100,100,100,100
42,scholarships_html/bigfuture-0513.html,100,100,100,100,100,100
42,scholarships_html/internationalscholarships-0525.html,100,100,100,100,100,100
42,scholarships_html/mastersportal-0831.html,100,100,100,100,100,100
42,scholarships_html/scholarship-0861.html,100,100,100,100,0,0
42,scholarships_html/bigfuture-2045.html,100,100,100,100,100,100
42,scholarships_html/bigfuture-0603.html,100,100,100,100,100,100
42,scholarships_html/scholarships360-1968.html,100,0,100,100,100,0
42,scholarships_html/scholarships360-0221.html,100,0,100,100,100,0
42,scholarships_html/scholarship-1093.html,100,100,100,100,0,0
42,scholarships_html/scholarship-0177.html,100,100,100,100,100,100
42,scholarships_html/scholarship-0186.html,100,100,100,100,0,0
42,scholarships_html/scholarships360-1317.html,100,0,100,100,100,0
42,scholarships_html/bigfuture-1815.html,100,100,100,100,100,100
42,scholarships_html/mastersportal-1773.html,100,100,100,100,100,100
42,scholarships_html/scholarships360-1142.html,100,0,100,100,100,0
42,scholarships_html/scholarship-1736.html,100,100,100,100,0,0
42,scholarships_html/scholarship-0492.html,100,100,100,100,100,100
42,scholarships_html/mastersportal-1325.html,100,100,100,100,100,100
42,scholarships_html/bigfuture-0740.html,100,100,100,100,100,100
42,scholarships_html/scholarship-1821.html,100,100,100,100,0,0
42,scholarships_html/mastersportal-0476.html,100,100,100,100,100,100
42,scholarships_html/scholarship-1588.html,100,100,100,100,0,0
42,scholarships_html/scholarships360-1971.html,100,0,100,100,100,0
42,scholarships_html/internationalscholarships-0656.html,100,100,100,100,100,100
42,scholarships_html/internationalscholarships-0910.html,100,100,100,100,100,100
42,scholarships_html/scholarships360-0041.html,100,0,100,100,100,0
42,scholarships_html/internationalscholarships-1397.html,100,100,100,100,100,100
42,scholarships_html/internationalscholarships-0509.html,100,100,100,100,100,100
42,scholarships_html/scholarships360-2123.html,100,0,100,100,100,0
42,scholarships_html/internationalscholarships-1363.html,100,100,100,100,100,100
42,scholarships_html/scholarships360-1587.html,100,0,100,100,100,0
42,scholarships_html/scholarship-0202.html,100,100,100,100,0,0
42,scholarships_html/scholarship-0721.html,100,100,100,100,0,0
42,scholarships_html/bigfuture-0412.html,100,100,100,100,100,100
42,scholarships_html/mastersportal-1486.html,100,100,100,100,100,100
42,scholarships_html/bigfuture-0821.html,100,100,100,100,100,100
42,scholarships_html/bigfuture-1651.html,100,100,100,100,100,100
42,scholarships_html/mastersportal-0792.html,100,100,100,100,100,100
42,scholarships_html/mastersportal-1795.html,100,100,100,100,100,100
42,scholarships_html/scholarship-0255.html,100,100,100,100,0,0
42,scholarships_html/internationalscholarships-0205.html,100,100,100,100,0,0
42,scholarships_html/mastersportal-0799.html,100,100,100,100,100,100
42,scholarships_html/scholarship-0543.html,100,100,100,100,0,0
42,scholarships_html/scholarships360-0087.html,100,0,100,100,100,0
42,scholarships_html/mastersportal-0229.html,100,100,100,100,100,100
42,scholarships_html/mastersportal-0370.html,100,100,100,100,100,100
42,scholarships_html/scholarships360-0965.html,100,0,100,100,100,0
42,scholarships_html/scholarship-1374.html,100,100,100,100,0,0
42,scholarships_html/scholarship-1944.html,100,100,100,100,0,0
42,scholarships_html/scholarships360-1413.html,100,0,100,100,100,0
42,scholarships_html/scholarships360-0261.html,100,0,100,100,100,0
42,scholarships_html/mastersportal-1972.html,100,100,100,100,100,100
42,scholarships_html/mastersportal-1159.html,100,100,100,100,100,100
42,scholarships_html/bigfuture-1620.html,100,100,100,100,100,100
42,scholarships_html/scholarship-0695.html,100,100,100,100,100,100
42,scholarships_html/bigfuture-1077.html,100,100,100,100,100,100
42,scholarships_html/scholarship-1758.html,100,100,100,100,0,0
42,scholarships_html/mastersportal-1377.html,100,100,100,100,100,100
42,scholarships_html/mastersportal-0362.html,100,100,100,100,100,100
42,scholarships_html/mastersportal-0715.html,100,100,100,100,100,100
42,scholarships_html/bigfuture-1386.html,100,100,100,100,100,100
42,scholarships_html/mastersportal-0257.html,100,100,100,100,100,100
42,scholarships_html/mastersportal-1646.html,100,100,100,100,100,100
42,scholarships_html/internationalscholarships-0588.html,100,100,100,100,100,100
42,scholarships_html/mastersportal-0925.html,100,100,100,100,100,100
42,scholarships_html/mastersportal-0600.html,100,100,100,100,100,100
42,scholarships_html/bigfuture-0709.html,100,100,100,100,100,100
42,scholarships_html/bigfuture-1052.html,100,100,100,100,100,100
42,scholarships_html/mastersportal-0072.html,100,100,100,100,100,100
42,scholarships_html/scholarships360-0931.html,100,0,100,100,100,0
42,scholarships_html/bigfuture-1020.html,100,100,100,100,100,100
42,scholarships_html/bigfuture-2026.html,100,100,100,100,100,100
42,scholarships_html/mastersportal-1477.html,100,100,100,100,100,100
42,scholarships_html/mastersportal-1603.html,100,100,100,100,100,100
42,scholarships_html/mastersportal-2063.html,100,100,100,100,100,100
42,scholarships_html/scholarship-0199.html,100,100,100,100,100,100
42,scholarships_html/mastersportal-1583.html,100,100,100,100,100,100
42,scholarships_html/scholarship-1773.html,100,100,100,100,0,0
42,scholarships_html/mastersportal-0296.html,100,100,100,100,100,100
42,scholarships_html/internationalscholarships-0531.html,100,100,100,100,100,100
42,scholarships_html/scholarships360-0587.html,100,0,100,100,100,0
42,scholarships_html/scholarships360-0646.html,100,0,100,100,100,0
42,scholarships_html/scholarship-1918.html,100,100,100,100,0,0
42,scholarships_html/mastersportal-0611.html,100,100,100,100,100,100
42,scholarships_html/internationalscholarships-1519.html,100,100,100,100,100,100
42,scholarships_html/mastersportal-0974.html,100,100,100,100,100,100
42,scholarships_html/scholarship-0455.html,100,100,100,100,0,0
42,scholarships_html/mastersportal-0866.html,100,0,100,100,100,0
42,scholarships_html/bigfuture-2031.html,100,100,100,100,100,100
42,scholarships_html/internationalscholarships-0452.html,100,100,100,100,100,100
42,scholarships_html/scholarships360-1242.html,100,0,100,100,100,0
42,scholarships_html/scholarship-0980.html,100,100,100,100,0,0
42,scholarships_html/mastersportal-1412.html,100,100,100,100,100,100
42,scholarships_html/mastersportal-0121.html,100,100,100,100,100,100
42,scholarships_html/bigfuture-0434.html,100,100,100,100,100,100
42,scholarships_html/mastersportal-1914.html,100,100,100,100,100,100
42,scholarships_html/mastersportal-0836.html,100,100,100,100,100,100
42,scholarships_html/scholarship-1011.html,100,100,100,100,0,0
42,scholarships_html/scholarships360-0900.html,100,0,100,100,100,0
42,scholarships_html/scholarship-0859.html,100,100,100,100,0,0
42,scholarships_html/bigfuture-0627.html,100,100,100,100,100,100
42,scholarships_html/scholarships360-0268.html,100,0,100,100,100,0
42,scholarships_html/scholarships360-1896.html,100,0,100,100,100,0
42,scholarships_html/scholarship-1358.html,100,100,100,100,0,0
42,scholarships_html/scholarship-0263.html,100,100,100,100,0,0
42,scholarships_html/internationalscholarships-1230.html,100,100,100,100,100,100
42,scholarships_html/scholarships360-0722.html,100,0,100,100,100,0
42,scholarships_html/internationalscholarships-1481.html,100,100,0,100,100,0
42,scholarships_html/mastersportal-0268.html,100,100,100,100,100,100
42,scholarships_html/scholarship-0122.html,100,100,100,100,0,0
42,scholarships_html/scholarship-0081.html,100,100,100,100,0,0
42,scholarships_html/scholarships360-1701.html,100,0,100,100,100,0
42,scholarships_html/mastersportal-1690.html,100,100,100,100,100,100
42,scholarships_html/scholarships360-1541.html,100,0,100,100,100,0
42,scholarships_html/scholarships360-1585.html,100,0,100,100,100,0
42,scholarships_html/internationalscholarships-1007.html,100,100,100,100,100,100
42,scholarships_html/scholarship-0248.html,100,100,100,100,0,0
42,scholarships_html/bigfuture-0993.html,100,100,100,100,100,100
42,scholarships_html/scholarship-0479.html,100,100,100,100,0,0
42,scholarships_html/scholarship-1608.html,100,100,100,100,0,0
42,scholarships_html/internationalscholarships-1217.html,100,100,100,100,100,100
42,scholarships_html/internationalscholarships-1174.html,100,100,100,100,100,100
42,scholarships_html/scholarships360-1204.html,100,0,100,100,100,0
42,scholarships_html/scholarships360-0463.html,100,0,100,100,100,0
42,scholarships_html/scholarships360-0934.html,100,0,100,100,100,0
42,scholarships_html/scholarship-0348.html,100,100,100,100,100,100
42,scholarships_html/internationalscholarships-0557.html,100,100,100,100,100,100
42,scholarships_html/mastersportal-2005.html,100,100,100,100,100,100
42,scholarships_html/bigfuture-1684.html,100,100,100,100,100,100
42,scholarships_html/bigfuture-0209.html,100,100,100,100,100,100
42,scholarships_html/scholarships360-1288.html,100,0,100,100,100,0
42,scholarships_html/mastersportal-1379.html,100,100,100,100,100,100
42,scholarships_html/mastersportal-1202.html,100,100,100,100,100,100
42,scholarships_html/scholarship-0817.html,100,100,100,100,0,0
42,scholarships_html/scholarships360-0807.html,100,0,100,100,100,0
42,scholarships_html/internationalscholarships-1307.html,100,100,0,100,100,0
42,scholarships_html/internationalscholarships-1160.html,100,100,100,100,100,100
42,scholarships_html/internationalscholarships-1251.html,100,100,0,100,100,0
42,scholarships_html/mastersportal-2015.html,100,100,100,100,100,100
42,scholarships_html/bigfuture-0707.html,100,100,100,100,100,100
42,scholarships_html/bigfuture-0151.html,100,100,100,100,100,100
42,scholarships_html/scholarships360-1887.html,100,0,100,100,100,0
42,scholarships_html/scholarships360-0314.html,100,0,100,100,100,0
42,scholarships_html/bigfuture-2043.html,100,100,100,100,100,100
42,scholarships_html/mastersportal-1390.html,100,100,100,100,100,100
42,scholarships_html/mastersportal-0313.html,100,100,100,100,100,100
42,scholarships_html/scholarship-2186.html,100,100,100,100,0,0
42,scholarships_html/mastersportal-0653.html,100,100,100,100,100,100
42,scholarships_html/scholarships360-1727.html,100,100,100,100,100,100
42,scholarships_html/mastersportal-1236.html,100,100,100,100,100,100
42,scholarships_html/internationalscholarships-1441.html,100,100,100,100,100,100
42,scholarships_html/scholarships360-1115.html,100,0,100,100,100,0
42,scholarships_html/bigfuture-0668.html,100,100,100,100,100,100
42,scholarships_html/scholarship-0388.html,100,100,100,100,0,0
42,scholarships_html/scholarships360-2012.html,100,0,100,100,100,0
42,scholarships_html/scholarships360-2013.html,100,0,100,100,100,0
42,scholarships_html/scholarship-1403.html,100,100,100,100,0,0
42,scholarships_html/scholarships360-1239.html,100,0,100,100,100,0
42,scholarships_html/internationalscholarships-0425.html,100,100,100,100,100,100
42,scholarships_html/scholarships360-1098.html,100,0,100,100,100,0
42,scholarships_html/bigfuture-0344.html,100,100,100,100,100,100
42,scholarships_html/mastersportal-1515.html,100,100,100,100,100,100
42,scholarships_html/scholarship-1885.html,100,100,100,100,0,0
42,scholarships_html/bigfuture-0574.html,100,100,100,100,100,100
42,scholarships_html/bigfuture-1995.html,100,100,100,100,100,100
42,scholarships_html/bigfuture-1714.html,100,100,100,100,100,100
42,scholarships_html/scholarships360-1022.html,100,0,100,100,100,0
42,scholarships_html/internationalscholarships-0599.html,100,100,100,100,100,100
42,scholarships_html/mastersportal-0524.html,100,100,100,100,100,100
42,scholarships_html/bigfuture-1907.html,100,100,100,100,100,100
42,scholarships_html/scholarships360-1378.html,100,0,100,100,100,0
42,scholarships_html/mastersportal-1700.html,100,100,100,100,100,100
42,scholarships_html/scholarship-0087.html,100,100,100,100,0,0
42,scholarships_html/scholarships360-0748.html,100,0,100,100,100,0
42,scholarships_html/scholarship-0159.html,100,100,100,100,100,100
42,scholarships_html/bigfuture-1844.html,100,100,100,100,100,100
42,scholarships_html/scholarships360-0090.html,100,0,100,100,100,0
42,scholarships_html/internationalscholarships-1127.html,100,100,0,100,100,0
42,scholarships_html/bigfuture-1273.html,100,100,0,100,0,0
42,scholarships_html/scholarship-1544.html,100,100,100,100,0,0
42,scholarships_html/bigfuture-0878.html,100,100,100,100,100,100
42,scholarships_html/scholarships360-1306.html,100,0,100,100,100,0
42,scholarships_html/internationalscholarships-0401.html,100,100,100,100,100,100
42,scholarships_html/internationalscholarships-1159.html,100,100,100,100,100,100
42,scholarships_html/internationalscholarships-0462.html,100,100,100,0,100,0
42,scholarships_html/scholarship-0908.html,100,100,100,100,100,100
42,scholarships_html/internationalscholarships-0857.html,100,100,100,0,100,0
42,scholarships_html/internationalscholarships-0523.html,100,100,100,100,100,100
42,scholarships_html/mastersportal-1362.html,100,100,100,100,100,100
42,scholarships_html/internationalscholarships-1346.html,100,100,100,100,100,100
42,scholarships_html/scholarships360-1994.html,100,0,100,100,100,0
42,scholarships_html/mastersportal-0088.html,100,100,100,100,100,100
42,scholarships_html/scholarship-0660.html,100,100,100,100,100,100
42,scholarships_html/scholarship-1073.html,100,100,100,100,0,0
42,scholarships_html/scholarship-1681.html,100,100,100,100,0,0
42,scholarships_html/internationalscholarships-0573.html,100,100,100,100,100,100
42,scholarships_html/mastersportal-1661.html,100,100,100,100,100,100
42,scholarships_html/bigfuture-1988.html,100,100,100,100,100,100
42,scholarships_html/scholarship-1901.html,100,100,100,100,0,0
42,scholarships_html/bigfuture-0967.html,100,100,100,100,100,100
42,scholarships_html/scholarship-1409.html,100,100,100,100,0,0
42,scholarships_html/scholarships360-1698.html,100,0,100,100,100,0
42,scholarships_html/internationalscholarships-0664.html,100,100,100,100,0,0
42,scholarships_html/bigfuture-0867.html,100,100,100,100,100,100
42,scholarships_html/mastersportal-2050.html,100,100,100,100,100,100
42,scholarships_html/mastersportal-1937.html,100,100,100,100,100,100
42,scholarships_html/bigfuture-0741.html,100,100,100,100,100,100
42,scholarships_html/scholarships360-1833.html,100,0,100,100,100,0
42,scholarships_html/bigfuture-0198.html,100,100,100,100,100,100
42,scholarships_html/scholarships360-0285.html,100,0,100,100,100,0
42,scholarships_html/mastersportal-0905.html,100,100,100,100,100,100
42,scholarships_html/bigfuture-0263.html,100,100,100,100,100,100
42,scholarships_html/bigfuture-1029.html,100,100,100,100,100,100
42,scholarships_html/mastersportal-0477.html,100,100,100,100,100,100
42,scholarships_html/scholarships360-1395.html,100,0,100,100,100,0
42,scholarships_html/scholarship-1985.html,100,100,100,100,0,0
42,scholarships_html/internationalscholarships-1450.html,100,100,100,100,100,100
42,scholarships_html/mastersportal-1827.html,100,100,100,100,100,100
42,scholarships_html/bigfuture-0187.html,100,100,100,100,100,100
42,scholarships_html/scholarship-2196.html,100,100,100,100,0,0
42,scholarships_html/scholarships360-0329.html,100,0,100,100,100,0
42,scholarships_html/mastersportal-0762.html,100,100,100,100,100,100
42,scholarships_html/mastersportal-1197.html,100,100,100,100,100,100
42,scholarships_html/scholarships360-1034.html,100,0,100,100,100,0
42,scholarships_html/bigfuture-0397.html,100,100,100,100,100,100
42,scholarships_html/mastersportal-2066.html,100,100,100,100,100,100
42,scholarships_html/scholarships360-0608.html,100,0,100,100,100,0
42,scholarships_html/scholarships360-1001.html,100,0,100,100,100,0
42,scholarships_html/scholarship-1924.html,100,100,100,100,0,0
42,scholarships_html/internationalscholarships-1294.html,100,100,100,100,100,100
42,scholarships_html/mastersportal-2083.html,100,100,100,100,100,100
42,scholarships_html/scholarship-0349.html,100,100,100,100,0,0
42,scholarships_html/scholarship-1914.html,100,100,100,100,100,100
42,scholarships_html/bigfuture-1875.html,100,100,100,100,100,100
42,scholarships_html/scholarship-0565.html,100,100,100,100,100,100
42,scholarships_html/mastersportal-0093.html,100,100,100,100,100,100
42,scholarships_html/bigfuture-2055.html,100,100,100,100,100,100
42,scholarships_html/scholarship-0688.html,100,100,100,100,0,0
42,scholarships_html/scholarships360-1525.html,100,0,100,100,100,0
42,scholarships_html/internationalscholarships-0342.html,100,100,100,100,100,100
42,scholarships_html/internationalscholarships-0306.html,100,100,100,100,100,100
42,scholarships_html/mastersportal-1037.html,100,100,100,100,100,100
42,scholarships_html/scholarship-1034.html,100,100,100,100,0,0
42,scholarships_html/internationalscholarships-0823.html,100,100,100,100,100,100
42,scholarships_html/scholarships360-0824.html,100,0,100,100,100,0
42,scholarships_html/scholarship-0930.html,100,100,100,100,0,0
42,scholarships_html/internationalscholarships-1477.html,100,100,100,100,100,100
42,scholarships_html/bigfuture-0007.html,100,100,100,100,100,100
42,scholarships_html/mastersportal-0717.html,100,100,100,100,100,100
42,scholarships_html/mastersportal-0693.html,100,100,100,100,100,100
42,scholarships_html/bigfuture-1280.html,100,100,100,100,100,100
42,scholarships_html/mastersportal-0875.html,100,100,100,100,100,100
42,scholarships_html/mastersportal-0676.html,100,100,100,100,100,100
42,scholarships_html/scholarships360-0005.html,100,0,100,100,100,0
42,scholarships_html/mastersportal-2036.html,100,100,100,100,100,100
42,scholarships_html/scholarships360-1787.html,100,0,100,100,100,0
42,scholarships_html/scholarship-1676.html,100,100,100,100,0,0
42,scholarships_html/bigfuture-1299.html,100,100,100,100,100,100
42,scholarships_html/scholarship-0987.html,100,100,100,100,100,100
42,scholarships_html/mastersportal-1495.html,100,100,100,100,100,100
42,scholarships_html/mastersportal-1025.html,100,100,100,100,100,100
42,scholarships_html/mastersportal-0199.html,100,100,100,100,100,100
42,scholarships_html/bigfuture-0554.html,100,100,100,100,100,100
42,scholarships_html/bigfuture-1372.html,100,100,100,100,100,100
42,scholarships_html/mastersportal-1582.html,100,100,100,100,100,100
42,scholarships_html/mastersportal-0135.html,100,100,100,100,100,100
42,scholarships_html/scholarships360-1554.html,100,0,100,100,100,0
42,scholarships_html/bigfuture-0219.html,100,100,100,100,100,100
42,scholarships_html/internationalscholarships-0122.html,100,100,100,100,100,100
42,scholarships_html/bigfuture-0632.html,100,100,100,100,100,100
42,scholarships_html/scholarship-0536.html,100,100,100,100,0,0
42,scholarships_html/scholarships360-0469.html,100,0,100,100,100,0
42,scholarships_html/scholarship-1287.html,100,100,100,100,0,0
42,scholarships_html/scholarship-1752.html,100,100,100,100,0,0
42,scholarships_html/scholarship-1161.html,100,100,100,100,0,0
42,scholarships_html/scholarships360-2126.html,100,0,100,100,100,0
42,scholarships_html/bigfuture-1890.html,100,100,100,100,100,100
42,scholarships_html/scholarship-1761.html,100,100,100,100,0,0
42,scholarships_html/bigfuture-0131.html,100,100,100,100,100,100
42,scholarships_html/scholarship-0545.html,100,100,100,100,0,0
42,scholarships_html/scholarship-0390.html,100,100,100,100,0,0
42,scholarships_html/scholarships360-0073.html,100,0,100,100,100,0
42,scholarships_html/scholarships360-0554.html,100,0,100,100,100,0
42,scholarships_html/bigfuture-1850.html,100,100,100,100,100,100
42,scholarships_html/mastersportal-2031.html,100,100,100,100,100,100
42,scholarships_html/bigfuture-0321.html,100,100,100,100,100,100
42,scholarships_html/mastersportal-1287.html,100,0,100,100,100,0
42,scholarships_html/internationalscholarships-0381.html,100,100,100,100,100,100
42,scholarships_html/scholarship-1540.html,100,100,100,100,0,0
42,scholarships_html/scholarship-1674.html,100,100,100,100,0,0
42,scholarships_html/bigfuture-0167.html,100,100,100,100,100,100
42,scholarships_html/internationalscholarships-0211.html,100,100,100,100,100,100
42,scholarships_html/internationalscholarships-0508.html,100,100,100,100,100,100
42,scholarships_html/scholarship-1983.html,100,100,100,100,0,0
42,scholarships_html/mastersportal-1169.html,100,100,100,100,100,100
42,scholarships_html/scholarships360-1456.html,100,0,100,100,100,0
42,scholarships_html/mastersportal-1448.html,100,100,100,100,100,100
42,scholarships_html/mastersportal-1470.html,100,100,100,100,100,100
42,scholarships_html/mastersportal-1182.html,100,100,100,100,100,100
42,scholarships_html/scholarship-0358.html,100,100,100,100,100,100
42,scholarships_html/internationalscholarships-0988.html,100,100,100,100,100,100
42,scholarships_html/internationalscholarships-1349.html,100,100,100,100,100,100
42,scholarships_html/internationalscholarships-0262.html,100,100,100,100,100,100
42,scholarships_html/mastersportal-0521.html,100,100,100,100,100,100
42,scholarships_html/scholarships360-1149.html,100,0,100,100,100,0
42,scholarships_html/scholarship-1033.html,100,100,100,100,0,0
42,scholarships_html/mastersportal-0690.html,100,100,100,100,100,100
42,scholarships_html/scholarships360-0401.html,100,0,100,100,100,0
42,scholarships_html/mastersportal-0363.html,100,100,100,100,100,100
42,scholarships_html/mastersportal-1783.html,100,100,100,100,100,100
42,scholarships_html/bigfuture-1068.html,100,100,100,100,100,100
42,scholarships_html/scholarship-1835.html,100,100,100,100,100,100
42,scholarships_html/bigfuture-1451.html,100,100,100,100,100,100
42,scholarships_html/scholarships360-1548.html,100,0,100,100,100,0
42,scholarships_html/bigfuture-0361.html,100,100,100,100,100,100
42,scholarships_html/bigfuture-0177.html,100,100,100,100,100,100
42,scholarships_html/mastersportal-1686.html,100,100,100,100,100,100
42,scholarships_html/mastersportal-1451.html,100,100,100,100,100,100
42,scholarships_html/mastersportal-1529.html,100,100,100,100,100,100
42,scholarships_html/internationalscholarships-1227.html,100,100,100,100,100,100
42,scholarships_html/internationalscholarships-1134.html,100,100,100,100,100,100
42,scholarships_html/scholarships360-0060.html,100,0,100,100,100,0
42,scholarships_html/scholarships360-0348.html,100,0,100,100,100,0
42,scholarships_html/scholarships360-0827.html,100,0,100,100,100,0
42,scholarships_html/scholarships360-0276.html,100,0,100,100,100,0
42,scholarships_html/scholarship-1052.html,100,100,100,100,100,100
42,scholarships_html/scholarship-1127.html,100,100,100,100,0,0
42,scholarships_html/scholarships360-1993.html,100,0,100,100,100,0
42,scholarships_html/scholarship-1746.html,100,100,100,100,0,0
42,scholarships_html/scholarship-1485.html,100,100,100,100,100,100
42,scholarships_html/internationalscholarships-1556.html,100,100,100,100,100,100
42,scholarships_html/scholarships360-1912.html,100,0,100,100,100,0
42,scholarships_html/scholarship-1519.html,100,100,100,100,0,0
42,scholarships_html/bigfuture-1464.html,100,100,100,100,100,100
42,scholarships_html/scholarship-1942.html,100,100,100,100,0,0
42,scholarships_html/scholarship-1459.html,100,100,100,100,100,100
42,scholarships_html/scholarships360-1214.html,100,0,100,100,100,0
42,scholarships_html/scholarships360-1911.html,100,0,100,100,100,0
42,scholarships_html/mastersportal-2082.html,100,100,100,100,100,100
42,scholarships_html/scholarship-2162.html,100,100,100,100,0,0
42,scholarships_html/mastersportal-1759.html,100,100,100,100,100,100
42,scholarships_html/scholarship-0550.html,100,100,100,100,0,0
42,scholarships_html/mastersportal-1220.html,100,100,100,100,100,100
42,scholarships_html/internationalscholarships-1233.html,100,100,100,100,100,100
42,scholarships_html/scholarships360-1153.html,100,0,100,100,100,0
42,scholarships_html/internationalscholarships-0798.html,100,100,100,100,0,0
42,scholarships_html/mastersportal-0742.html,100,100,100,100,100,100
42,scholarships_html/scholarships360-1740.html,100,0,100,100,100,0
42,scholarships_html/mastersportal-2011.html,100,100,100,100,100,100
42,scholarships_html/bigfuture-1990.html,100,100,100,100,100,100
42,scholarships_html/scholarships360-0334.html,100,0,100,100,100,0
42,scholarships_html/bigfuture-1541.html,100,100,100,100,100,100
42,scholarships_html/mastersportal-1816.html,100,100,100,100,100,100
42,scholarships_html/bigfuture-1417.html,100,100,100,100,100,100
42,scholarships_html/internationalscholarships-0160.html,100,100,100,0,100,0
42,scholarships_html/scholarship-1687.html,100,100,100,100,0,0
42,scholarships_html/bigfuture-0573.html,100,100,100,100,100,100
42,scholarships_html/bigfuture-1003.html,100,100,100,100,100,100
42,scholarships_html/bigfuture-1171.html,100,100,100,100,100,100
42,scholarships_html/scholarship-1172.html,100,100,100,100,100,100
42,scholarships_html/scholarship-2008.html,100,100,100,100,100,100
42,scholarships_html/scholarship-1355.html,100,100,100,100,0,0
42,scholarships_html/scholarship-1329.html,100,100,100,100,0,0
42,scholarships_html/internationalscholarships-1132.html,100,100,100,100,100,100
42,scholarships_html/scholarship-0113.html,100,100,100,100,0,0
42,scholarships_html/scholarships360-0378.html,100,0,100,100,100,0
42,scholarships_html/scholarship-0548.html,100,100,100,100,0,0
42,scholarships_html/bigfuture-1419.html,100,100,100,100,100,100
42,scholarships_html/scholarship-0474.html,100,100,100,100,0,0
42,scholarships_html/internationalscholarships-0216.html,100,100,100,100,100,100
42,scholarships_html/bigfuture-1703.html,100,100,100,100,100,100
42,scholarships_html/mastersportal-0897.html,100,100,100,100,100,100
42,scholarships_html/bigfuture-0778.html,100,100,100,100,100,100
42,scholarships_html/internationalscholarships-0389.html,100,100,100,100,0,0
42,scholarships_html/mastersportal-0376.html,100,100,100,100,100,100
42,scholarships_html/bigfuture-1265.html,100,100,100,100,100,100
42,scholarships_html/bigfuture-1986.html,100,100,100,100,100,100
42,scholarships_html/scholarships360-1610.html,100,0,100,100,100,0
42,scholarships_html/bigfuture-1368.html,100,100,100,100,100,100
42,scholarships_html/scholarships360-0256.html,100,0,100,100,100,0
42,scholarships_html/scholarship-1745.html,100,100,100,100,100,100
42,scholarships_html/internationalscholarships-0485.html,100,100,100,100,100,100
42,scholarships_html/mastersportal-0360.html,100,100,100,100,100,100
42,scholarships_html/bigfuture-1259.html,100,100,100,100,100,100
42,scholarships_html/scholarship-0724.html,100,100,100,100,0,0
42,scholarships_html/mastersportal-1880.html,100,100,100,100,100,100
42,scholarships_html/scholarships360-1190.html,100,0,100,100,100,0
42,scholarships_html/scholarship-1236.html,100,100,100,100,0,0
42,scholarships_html/scholarships360-1785.html,100,0,100,100,100,0
42,scholarships_html/internationalscholarships-0625.html,100,100,100,100,100,100
42,scholarships_html/mastersportal-1808.html,100,100,100,100,100,100
42,scholarships_html/internationalscholarships-0079.html,100,100,100,100,100,100
42,scholarships_html/scholarship-0875.html,100,100,100,100,0,0
42,scholarships_html/scholarship-1824.html,100,100,100,100,0,0
42,scholarships_html/bigfuture-1430.html,100,100,100,100,100,100
42,scholarships_html/internationalscholarships-1278.html,100,100,0,100,100,0
42,scholarships_html/internationalscholarships-0800.html,100,100,100,100,100,100
42,scholarships_html/scholarship-2149.html,100,100,100,100,0,0
42,scholarships_html/bigfuture-0598.html,100,100,100,100,100,100
42,scholarships_html/mastersportal-0616.html,100,100,100,100,100,100
42,scholarships_html/scholarships360-1238.html,100,0,100,100,100,0
42,scholarships_html/scholarship-2014.html,100,100,100,100,0,0
42,scholarships_html/scholarship-1666.html,100,100,100,100,0,0
42,scholarships_html/mastersportal-0913.html,100,100,100,100,100,100
42,scholarships_html/scholarship-0171.html,100,100,100,100,0,0
42,scholarships_html/bigfuture-0396.html,100,100,100,100,100,100
42,scholarships_html/scholarships360-1873.html,100,0,100,100,100,0
42,scholarships_html/scholarships360-0477.html,100,0,100,100,100,0
42,scholarships_html/mastersportal-0893.html,100,100,100,100,100,100
42,scholarships_html/scholarships360-0020.html,100,0,100,100,100,0
42,scholarships_html/mastersportal-1342.html,100,100,100,100,100,100
42,scholarships_html/scholarship-2077.html,100,100,100,100,0,0
42,scholarships_html/bigfuture-0445.html,100,100,100,100,100,100
42,scholarships_html/bigfuture-0533.html,100,100,100,100,100,100
42,scholarships_html/internationalscholarships-0731.html,100,100,100,100,100,100
42,scholarships_html/bigfuture-0789.html,100,100,100,100,100,100
42,scholarships_html/scholarship-2185.html,100,100,100,100,0,0
42,scholarships_html/internationalscholarships-0257.html,100,100,100,100,100,100
42,scholarships_html/mastersportal-0083.html,100,100,100,100,100,100
42,scholarships_html/internationalscholarships-0537.html,100,100,100,100,100,100
42,scholarships_html/bigfuture-0626.html,100,100,100,100,100,100
42,scholarships_html/scholarships360-1502.html,100,0,100,100,100,0
42,scholarships_html/bigfuture-0524.html,100,100,100,100,100,100
42,scholarships_html/internationalscholarships-0766.html,100,100,100,100,100,100
42,scholarships_html/scholarship-2082.html,100,100,100,100,0,0
42,scholarships_html/bigfuture-1164.html,100,100,100,100,100,100
42,scholarships_html/scholarship-1208.html,100,100,100,100,100,100
42,scholarships_html/scholarship-1762.html,100,100,100,100,100,100
42,scholarships_html/scholarship-1751.html,100,100,100,100,0,0
42,scholarships_html/internationalscholarships-1512.html,100,100,100,100,100,100
42,scholarships_html/internationalscholarships-1338.html,100,100,0,100,100,0
42,scholarships_html/scholarship-1907.html,100,100,100,100,0,0
42,scholarships_html/bigfuture-0983.html,100,100,100,100,100,100
42,scholarships_html/scholarship-0402.html,100,100,100,100,0,0
42,scholarships_html/scholarships360-0178.html,100,0,100,100,100,0
42,scholarships_html/scholarship-0440.html,100,100,100,100,100,100
42,scholarships_html/scholarship-0260.html,100,100,100,100,0,0
42,scholarships_html/mastersportal-0058.html,100,100,100,100,100,100
42,scholarships_html/bigfuture-1743.html,100,100,100,100,100,100
42,scholarships_html/scholarship-0306.html,100,100,100,100,0,0
42,scholarships_html/internationalscholarships-0802.html,100,100,100,0,0,0
42,scholarships_html/internationalscholarships-0453.html,100,100,100,0,100,0
42,scholarships_html/bigfuture-0910.html,100,100,100,100,100,100
42,scholarships_html/internationalscholarships-0246.html,100,100,100,100,0,0
42,scholarships_html/scholarship-0768.html,100,100,100,100,0,0
42,scholarships_html/internationalscholarships-0589.html,100,100,100,100,100,100
42,scholarships_html/mastersportal-0404.html,100,100,100,100,100,100
42,scholarships_html/mastersportal-0388.html,100,100,100,100,100,100
42,scholarships_html/internationalscholarships-1301.html,100,100,100,100,100,100
42,scholarships_html/bigfuture-0849.html,100,100,100,100,100,100
42,scholarships_html/bigfuture-0269.html,100,100,100,100,100,100
42,scholarships_html/scholarship-1560.html,100,100,100,100,100,100
42,scholarships_html/bigfuture-0952.html,100,100,100,100,100,100
42,scholarships_html/internationalscholarships-0445.html,100,100,100,0,100,0
42,scholarships_html/scholarships360-0381.html,100,0,100,100,100,0
42,scholarships_html/bigfuture-1629.html,100,100,100,100,100,100
42,scholarships_html/mastersportal-0092.html,100,100,100,100,100,100
42,scholarships_html/mastersportal-0918.html,100,100,100,100,100,100
42,scholarships_html/scholarships360-1450.html,100,0,100,100,100,0
42,scholarships_html/scholarship-0487.html,100,100,100,100,0,0
42,scholarships_html/bigfuture-0807.html,100,100,100,100,100,100
42,scholarships_html/scholarship-1542.html,100,100,100,100,0,0
42,scholarships_html/mastersportal-1732.html,100,100,100,100,100,100
42,scholarships_html/scholarship-2141.html,100,100,100,100,0,0
42,scholarships_html/bigfuture-1113.html,100,100,100,100,100,100
42,scholarships_html/mastersportal-0834.html,100,100,100,100,100,100
42,scholarships_html/bigfuture-2095.html,100,100,100,100,100,100
42,scholarships_html/scholarship-0795.html,100,100,100,100,100,100
42,scholarships_html/scholarships360-1865.html,100,0,100,100,100,0
42,scholarships_html/scholarships360-0675.html,100,0,100,100,100,0
42,scholarships_html/mastersportal-0594.html,100,100,100,100,100,100
42,scholarships_html/scholarship-2111.html,100,100,100,100,100,100
42,scholarships_html/scholarships360-1236.html,100,0,100,100,100,0
42,scholarships_html/bigfuture-1612.html,100,100,100,100,100,100
42,scholarships_html/bigfuture-1858.html,100,100,100,100,100,100
42,scholarships_html/mastersportal-1874.html,100,100,100,100,100,100
42,scholarships_html/scholarship-0020.html,100,100,100,100,100,100
42,scholarships_html/mastersportal-0518.html,100,100,100,100,100,100
42,scholarships_html/scholarship-0684.html,100,100,100,100,0,0
42,scholarships_html/scholarships360-0371.html,100,0,100,100,100,0
42,scholarships_html/scholarships360-0823.html,100,0,100,100,100,0
42,scholarships_html/scholarships360-0817.html,100,0,100,100,100,0
42,scholarships_html/scholarship-1184.html,100,100,100,100,100,100
42,scholarships_html/internationalscholarships-0571.html,100,100,100,100,100,100
42,scholarships_html/scholarships360-1775.html,100,0,100,100,100,0
42,scholarships_html/mastersportal-0269.html,100,100,100,100,100,100
42,scholarships_html/scholarships360-0495.html,100,0,100,100,100,0
42,scholarships_html/bigfuture-1307.html,100,100,100,100,100,100
42,scholarships_html/scholarship-2126.html,100,100,100,100,0,0
42,scholarships_html/bigfuture-1350.html,100,100,100,100,100,100
42,scholarships_html/scholarships360-0682.html,100,0,100,100,100,0
42,scholarships_html/bigfuture-1999.html,100,100,100,100,100,100
42,scholarships_html/scholarship-0446.html,100,100,100,100,0,0
42,scholarships_html/mastersportal-1217.html,100,100,100,100,100,100
42,scholarships_html/scholarship-1425.html,100,100,100,100,0,0
42,scholarships_html/scholarships360-0402.html,100,0,100,100,100,0
42,scholarships_html/scholarship-1604.html,100,100,100,100,0,0
42,scholarships_html/scholarship-0750.html,100,100,100,100,0,0
42,scholarships_html/scholarships360-1758.html,100,0,100,100,100,0
42,scholarships_html/scholarships360-0505.html,100,0,100,100,100,0
42,scholarships_html/mastersportal-1429.html,100,100,100,100,100,100
42,scholarships_html/mastersportal-2071.html,100,100,100,100,100,100
42,scholarships_html/scholarships360-1388.html,100,0,100,100,100,0
42,scholarships_html/bigfuture-0687.html,100,100,100,100,100,100
42,scholarships_html/mastersportal-1952.html,100,100,100,100,100,100
42,scholarships_html/bigfuture-0312.html,100,100,100,100,100,100
42,scholarships_html/bigfuture-1799.html,100,100,100,100,100,100
42,scholarships_html/scholarships360-0044.html,100,0,100,100,100,0
42,scholarships_html/scholarships360-0283.html,100,0,100,100,100,0
42,scholarships_html/mastersportal-1289.html,100,100,100,100,100,100
42,scholarships_html/mastersportal-0929.html,100,100,100,100,100,100
42,scholarships_html/bigfuture-0466.html,100,100,100,100,100,100
42,scholarships_html/scholarships360-0590.html,100,0,100,100,100,0
42,scholarships_html/mastersportal-0095.html,100,100,100,100,100,100
42,scholarships_html/scholarship-1146.html,100,100,100,100,0,0
42,scholarships_html/internationalscholarships-0565.html,100,100,100,100,100,100
42,scholarships_html/internationalscholarships-0145.html,100,100,100,0,0,0
42,scholarships_html/bigfuture-0683.html,100,100,100,100,100,100
42,scholarships_html/scholarships360-1849.html,100,0,100,100,100,0
42,scholarships_html/scholarships360-0059.html,100,0,100,100,100,0
42,scholarships_html/internationalscholarships-0928.html,100,100,0,100,100,0
42,scholarships_html/mastersportal-1304.html,100,100,100,100,100,100
42,scholarships_html/internationalscholarships-1340.html,100,100,100,100,100,100
42,scholarships_html/internationalscholarships-1133.html,100,100,100,100,100,100
42,scholarships_html/scholarship-1488.html,100,100,100,100,0,0
42,scholarships_html/scholarships360-1232.html,100,0,100,100,100,0
42,scholarships_html/scholarship-1733.html,100,100,100,100,0,0
42,scholarships_html/scholarships360-1821.html,100,100,100,100,100,100
42,scholarships_html/mastersportal-0048.html,100,100,100,100,100,100
42,scholarships_html/scholarships360-1853.html,100,0,100,100,100,0
42,scholarships_html/mastersportal-0699.html,100,100,100,100,100,100
42,scholarships_html/bigfuture-1041.html,100,100,100,100,100,100
42,scholarships_html/bigfuture-0543.html,100,100,100,100,100,100
42,scholarships_html/mastersportal-0824.html,100,100,100,100,100,100
42,scholarships_html/bigfuture-1755.html,100,100,100,100,100,100
42,scholarships_html/mastersportal-0505.html,100,100,100,100,100,100
42,scholarships_html/scholarships360-2093.html,100,0,100,100,100,0
42,scholarships_html/bigfuture-1201.html,100,100,100,100,100,100
42,scholarships_html/scholarships360-0800.html,100,0,100,100,100,0
42,scholarships_html/scholarship-0091.html,100,100,100,100,0,0
42,scholarships_html/scholarship-0787.html,100,100,100,100,0,0
42,scholarships_html/bigfuture-0093.html,100,100,100,100,100,100
42,scholarships_html/mastersportal-1018.html,100,100,100,100,100,100
42,scholarships_html/scholarships360-0805.html,100,0,100,100,100,0
42,scholarships_html/scholarships360-0491.html,100,0,100,100,100,0
42,scholarships_html/scholarship-2013.html,100,100,100,100,100,100
42,scholarships_html/scholarships360-0812.html,100,0,100,100,100,0
42,scholarships_html/internationalscholarships-0891.html,100,100,0,100,0,0
42,scholarships_html/scholarships360-0927.html,100,0,100,100,100,0
42,scholarships_html/internationalscholarships-0535.html,100,100,100,100,100,100
42,scholarships_html/mastersportal-1593.html,100,100,100,100,100,100
42,scholarships_html/bigfuture-1478.html,100,100,100,100,100,100
42,scholarships_html/scholarship-0483.html,100,100,100,100,0,0
42,scholarships_html/scholarship-0641.html,100,100,100,100,100,100
42,scholarships_html/mastersportal-1546.html,100,100,100,100,100,100
42,scholarships_html/bigfuture-0166.html,100,100,100,100,100,100
42,scholarships_html/scholarship-0473.html,100,100,100,100,0,0
42,scholarships_html/scholarship-1602.html,100,100,100,100,100,100
42,scholarships_html/scholarships360-0227.html,100,0,100,100,100,0
42,scholarships_html/internationalscholarships-0165.html,100,100,100,100,100,100
42,scholarships_html/scholarship-0841.html,100,100,100,100,0,0
42,scholarships_html/scholarship-1320.html,100,100,100,100,0,0
42,scholarships_html/bigfuture-0060.html,100,100,100,100,100,100
42,scholarships_html/scholarship-1865.html,100,100,100,100,0,0
42,scholarships_html/scholarships360-1784.html,100,0,100,100,100,0
42,scholarships_html/internationalscholarships-0979.html,100,100,100,100,100,100
42,scholarships_html/mastersportal-0685.html,100,100,100,100,100,100
42,scholarships_html/scholarship-2099.html,100,100,100,100,0,0
42,scholarships_html/bigfuture-0087.html,100,100,100,100,100,100
42,scholarships_html/mastersportal-0385.html,100,100,100,100,100,100
42,scholarships_html/scholarships360-1084.html,100,0,100,100,100,0
42,scholarships_html/mastersportal-1938.html,100,100,100,100,100,100
42,scholarships_html/scholarship-0191.html,100,100,100,100,0,0
42,scholarships_html/scholarship-1084.html,100,100,100,100,0,0
42,scholarships_html/scholarships360-0191.html,100,0,100,100,100,0
42,scholarships_html/bigfuture-1838.html,100,100,100,100,100,100
42,scholarships_html/internationalscholarships-0428.html,100,100,100,100,100,100
42,scholarships_html/bigfuture-1517.html,100,100,100,100,100,100
42,scholarships_html/scholarship-0617.html,100,100,100,100,100,100
42,scholarships_html/scholarships360-1354.html,100,0,100,100,100,0
42,scholarships_html/mastersportal-1214.html,100,100,100,100,100,100
42,scholarships_html/mastersportal-1799.html,100,100,100,100,100,100
42,scholarships_html/scholarships360-1167.html,100,0,100,100,100,0
42,scholarships_html/mastersportal-1383.html,100,100,100,100,100,100
42,scholarships_html/scholarship-0615.html,100,100,100,100,100,100
42,scholarships_html/mastersportal-1398.html,100,100,100,100,100,100
42,scholarships_html/scholarship-1593.html,100,100,100,100,0,0
42,scholarships_html/scholarship-1273.html,100,100,100,100,0,0
42,scholarships_html/mastersportal-1708.html,100,100,100,100,100,100
42,scholarships_html/internationalscholarships-1183.html,100,100,100,100,100,100
42,scholarships_html/bigfuture-1094.html,100,100,0,100,0,0
42,scholarships_html/mastersportal-0966.html,100,100,100,100,100,100
42,scholarships_html/scholarships360-0154.html,100,0,100,100,100,0
42,scholarships_html/scholarships360-1537.html,100,0,100,100,100,0
42,scholarships_html/bigfuture-1328.html,100,100,100,100,100,100
42,scholarships_html/scholarship-1162.html,100,100,100,100,0,0
42,scholarships_html/bigfuture-0370.html,100,100,100,100,100,100
42,scholarships_html/mastersportal-1994.html,100,100,100,100,100,100
42,scholarships_html/internationalscholarships-0045.html,100,100,100,100,0,0
42,scholarships_html/mastersportal-1824.html,100,100,100,100,100,100
42,scholarships_html/mastersportal-2107.html,100,100,100,100,100,100
42,scholarships_html/scholarships360-0794.html,100,0,100,100,100,0
42,scholarships_html/mastersportal-0435.html,100,100,100,100,100,100
42,scholarships_html/scholarship-1866.html,100,100,100,100,100,100
42,scholarships_html/scholarship-0619.html,100,100,100,100,0,0
42,scholarships_html/mastersportal-1015.html,100,100,100,100,100,100
42,scholarships_html/internationalscholarships-0414.html,100,100,100,100,100,100
42,scholarships_html/bigfuture-0035.html,100,100,100,100,100,100
42,scholarships_html/bigfuture-0135.html,100,100,100,100,100,100
42,scholarships_html/mastersportal-0657.html,100,100,100,100,100,100
42,scholarships_html/bigfuture-0986.html,100,100,100,100,100,100
42,scholarships_html/scholarship-1144.html,100,100,100,100,0,0
42,scholarships_html/scholarship-0152.html,100,100,100,100,0,0
42,scholarships_html/scholarship-1227.html,100,100,100,100,0,0
42,scholarships_html/bigfuture-1745.html,100,100,100,100,100,100
42,scholarships_html/scholarships360-1899.html,100,0,100,100,100,0
42,scholarships_html/scholarships360-1111.html,100,0,100,100,100,0
42,scholarships_html/internationalscholarships-1055.html,100,100,100,100,100,100
42,scholarships_html/bigfuture-1623.html,100,100,100,100,100,100
42,scholarships_html/internationalscholarships-0158.html,100,100,100,100,100,100
42,scholarships_html/internationalscholarships-1452.html,100,100,100,100,100,100
42,scholarships_html/mastersportal-0463.html,100,100,100,100,100,100
42,scholarships_html/scholarship-1568.html,100,100,100,100,0,0
42,scholarships_html/scholarship-1474.html,100,100,100,100,0,0
42,scholarships_html/mastersportal-0481.html,100,100,100,100,100,100
42,scholarships_html/bigfuture-1208.html,100,100,100,100,100,100
42,scholarships_html/bigfuture-1583.html,100,100,100,100,100,100
42,scholarships_html/internationalscholarships-0330.html,100,100,100,100,100,100
42,scholarships_html/mastersportal-0710.html,100,100,100,100,100,100
42,scholarships_html/internationalscholarships-0304.html,100,100,100,0,100,0
42,scholarships_html/scholarship-0868.html,100,100,100,100,100,100
42,scholarships_html/bigfuture-1632.html,100,100,100,100,100,100
42,scholarships_html/bigfuture-0673.html,100,100,100,100,100,100
42,scholarships_html/mastersportal-1105.html,100,100,100,100,100,100
42,scholarships_html/mastersportal-0789.html,100,100,100,100,100,100
42,scholarships_html/internationalscholarships-1480.html,100,100,100,100,100,100
42,scholarships_html/bigfuture-1934.html,100,100,100,100,100,100
42,scholarships_html/internationalscholarships-1464.html,100,100,100,100,100,100
42,scholarships_html/scholarship-1198.html,100,100,100,100,0,0
42,scholarships_html/internationalscholarships-1037.html,100,100,100,100,100,100
42,scholarships_html/scholarships360-1264.html,100,0,100,100,100,0
42,scholarships_html/scholarships360-1183.html,100,0,100,100,100,0
42,scholarships_html/bigfuture-0776.html,100,100,100,100,100,100
42,scholarships_html/scholarship-0318.html,100,100,100,100,0,0
42,scholarships_html/scholarship-0687.html,100,100,100,100,0,0
42,scholarships_html/mastersportal-0298.html,100,100,100,100,100,100
42,scholarships_html/scholarships360-1122.html,100,0,100,100,100,0
42,scholarships_html/internationalscholarships-1017.html,100,100,100,100,100,100
42,scholarships_html/scholarships360-1252.html,100,0,100,100,100,0
42,scholarships_html/mastersportal-1528.html,100,100,100,100,100,100
42,scholarships_html/internationalscholarships-1252.html,100,100,100,100,100,100
42,scholarships_html/mastersportal-0857.html,100,100,100,100,100,100
42,scholarships_html/scholarship-0769.html,100,100,100,100,0,0
42,scholarships_html/mastersportal-0341.html,100,100,100,100,100,100
42,scholarships_html/bigfuture-1450.html,100,100,100,100,100,100
42,scholarships_html/mastersportal-1749.html,100,100,100,100,100,100
42,scholarships_html/scholarship-1861.html,100,100,100,100,100,100
42,scholarships_html/mastersportal-0816.html,100,100,100,100,100,100
42,scholarships_html/mastersportal-1422.html,100,100,100,100,100,100
42,scholarships_html/scholarships360-1499.html,100,0,100,100,100,0
42,scholarships_html/scholarship-2192.html,100,100,100,100,0,0
42,scholarships_html/scholarships360-2061.html,100,0,100,100,100,0
42,scholarships_html/scholarship-0921.html,100,100,100,100,100,100
42,scholarships_html/mastersportal-0218.html,100,100,100,100,100,100
42,scholarships_html/scholarship-0421.html,100,100,100,100,0,0
42,scholarships_html/internationalscholarships-1350.html,100,100,100,100,100,100
42,scholarships_html/mastersportal-0868.html,100,100,100,100,100,100
42,scholarships_html/mastersportal-1504.html,100,100,100,100,100,100
42,scholarships_html/scholarships360-0171.html,100,0,100,100,100,0
42,scholarships_html/scholarship-0892.html,100,100,100,100,100,100
42,scholarships_html/scholarships360-1072.html,100,0,100,100,100,0
42,scholarships_html/scholarships360-1484.html,100,0,100,100,100,0
42,scholarships_html/scholarship-0404.html,100,100,100,100,0,0
42,scholarships_html/bigfuture-0692.html,100,100,100,100,100,100
42,scholarships_html/mastersportal-1945.html,100,100,100,100,100,100
42,scholarships_html/mastersportal-0731.html,100,100,100,100,100,100
42,scholarships_html/scholarship-0088.html,100,100,100,100,0,0
42,scholarships_html/scholarship-1728.html,100,100,100,100,0,0
42,scholarships_html/bigfuture-0069.html,100,100,100,100,100,100
42,scholarships_html/scholarships360-0267.html,100,0,100,100,100,0
42,scholarships_html/internationalscholarships-1187.html,100,100,0,100,100,0
42,scholarships_html/mastersportal-0924.html,100,100,100,100,100,100
42,scholarships_html/scholarship-2074.html,100,100,100,100,0,0
42,scholarships_html/scholarships360-0036.html,100,0,100,100,100,0
42,scholarships_html/bigfuture-1867.html,100,100,100,100,100,100
42,scholarships_html/internationalscholarships-0851.html,100,100,100,100,100,100
42,scholarships_html/internationalscholarships-1218.html,100,100,100,100,100,100
42,scholarships_html/scholarship-0694.html,100,100,100,100,0,0
42,scholarships_html/scholarships360-1626.html,100,0,100,100,100,0
42,scholarships_html/scholarship-1412.html,100,100,100,100,0,0
42,scholarships_html/bigfuture-1243.html,100,100,100,100,100,100
42,scholarships_html/mastersportal-2070.html,100,100,100,100,100,100
42,scholarships_html/bigfuture-0702.html,100,100,100,100,100,100
42,scholarships_html/mastersportal-1478.html,100,100,100,100,100,100
42,scholarships_html/bigfuture-2057.html,100,100,100,100,100,100
42,scholarships_html/scholarships360-0355.html,100,0,100,100,100,0
42,scholarships_html/mastersportal-1841.html,100,100,100,100,100,100
42,scholarships_html/scholarships360-0274.html,100,0,100,100,100,0
42,scholarships_html/internationalscholarships-0864.html,100,100,0,0,100,0
42,scholarships_html/scholarships360-1440.html,100,0,100,100,100,0
42,scholarships_html/scholarship-1634.html,100,100,100,100,0,0
42,scholarships_html/internationalscholarships-0963.html,100,100,100,100,100,100
42,scholarships_html/mastersportal-1560.html,100,100,100,100,100,100
42,scholarships_html/mastersportal-1676.html,100,100,100,100,100,100
42,scholarships_html/bigfuture-2080.html,100,100,100,100,100,100
42,scholarships_html/scholarships360-1999.html,100,0,100,100,100,0
42,scholarships_html/bigfuture-1154.html,100,100,100,100,100,100
42,scholarships_html/scholarship-1994.html,100,100,100,100,0,0
42,scholarships_html/scholarship-0477.html,100,100,100,100,0,0
42,scholarships_html/scholarships360-1700.html,100,0,100,100,100,0
42,scholarships_html/bigfuture-0038.html,100,100,100,100,100,100
42,scholarships_html/bigfuture-1951.html,100,100,100,100,100,100
42,scholarships_html/scholarships360-0651.html,100,0,100,100,100,0
42,scholarships_html/scholarships360-0506.html,100,0,100,100,100,0
42,scholarships_html/bigfuture-2036.html,100,100,100,100,100,100
42,scholarships_html/internationalscholarships-0488.html,100,100,100,0,100,0
42,scholarships_html/mastersportal-0006.html,100,100,100,100,100,100
42,scholarships_html/scholarships360-0918.html,100,0,100,100,100,0
42,scholarships_html/mastersportal-1591.html,100,100,100,100,100,100
42,scholarships_html/bigfuture-0357.html,100,100,100,100,100,100
42,scholarships_html/mastersportal-1965.html,100,100,100,100,100,100
42,scholarships_html/mastersportal-0910.html,100,100,100,100,100,100
42,scholarships_html/mastersportal-0201.html,100,100,100,100,100,100
42,scholarships_html/scholarship-1520.html,100,100,100,100,0,0
42,scholarships_html/scholarship-0929.html,100,100,100,100,100,100
42,scholarships_html/internationalscholarships-0028.html,100,100,0,100,0,0
42,scholarships_html/mastersportal-2027.html,100,100,100,100,100,100
42,scholarships_html/scholarship-1559.html,100,100,100,100,0,0
42,scholarships_html/bigfuture-1679.html,100,100,100,100,100,100
42,scholarships_html/scholarships360-0443.html,100,0,100,100,100,0
42,scholarships_html/mastersportal-0225.html,100,100,100,100,100,100
42,scholarships_html/internationalscholarships-1406.html,100,100,100,100,100,100
42,scholarships_html/scholarship-0244.html,100,100,100,100,0,0
42,scholarships_html/mastersportal-0211.html,100,100,100,100,100,100
42,scholarships_html/scholarship-1661.html,100,100,100,100,0,0
42,scholarships_html/scholarship-0369.html,100,100,100,100,100,100
42,scholarships_html/scholarships360-0146.html,100,0,100,100,100,0
42,scholarships_html/internationalscholarships-0248.html,100,100,100,100,100,100
42,scholarships_html/mastersportal-0791.html,100,100,100,100,100,100
42,scholarships_html/bigfuture-1750.html,100,100,100,100,100,100
42,scholarships_html/scholarships360-0758.html,100,0,100,100,100,0
42,scholarships_html/mastersportal-0896.html,100,100,100,100,100,100
42,scholarships_html/scholarship-0215.html,100,100,100,100,100,100
42,scholarships_html/internationalscholarships-1200.html,100,100,100,100,100,100
42,scholarships_html/mastersportal-1020.html,100,100,100,100,100,100
42,scholarships_html/scholarships360-1077.html,100,0,100,100,100,0
42,scholarships_html/mastersportal-0723.html,100,100,100,100,100,100
42,scholarships_html/bigfuture-0912.html,100,100,100,100,100,100
42,scholarships_html/scholarships360-0008.html,100,0,100,100,100,0
42,scholarships_html/mastersportal-1033.html,100,100,100,100,100,100
42,scholarships_html/scholarship-0406.html,100,100,100,100,0,0
42,scholarships_html/mastersportal-1051.html,100,100,100,100,100,100
42,scholarships_html/scholarship-2134.html,100,100,100,100,0,0
42,scholarships_html/scholarship-2022.html,100,100,100,100,0,0
42,scholarships_html/scholarship-2000.html,100,100,100,100,0,0
42,scholarships_html/bigfuture-2007.html,100,100,100,100,100,100
42,scholarships_html/scholarships360-0657.html,100,0,100,100,100,0
42,scholarships_html/scholarships360-0731.html,100,0,100,100,100,0
42,scholarships_html/scholarship-1657.html,100,100,100,100,100,100
42,scholarships_html/mastersportal-1052.html,100,100,100,100,100,100
42,scholarships_html/bigfuture-0676.html,100,100,100,100,100,100
42,scholarships_html/internationalscholarships-1359.html,100,100,100,100,100,100
42,scholarships_html/scholarship-0496.html,100,100,100,100,100,100
42,scholarships_html/internationalscholarships-0046.html,100,100,0,100,100,0
42,scholarships_html/scholarship-1688.html,100,100,100,100,0,0
42,scholarships_html/mastersportal-0383.html,100,100,100,100,100,100
42,scholarships_html/mastersportal-0186.html,100,100,100,100,100,100
42,scholarships_html/mastersportal-0420.html,100,100,100,100,100,100
42,scholarships_html/scholarship-1378.html,100,100,100,100,0,0
42,scholarships_html/internationalscholarships-0189.html,100,100,100,100,100,100
42,scholarships_html/mastersportal-1803.html,100,100,100,100,100,100
42,scholarships_html/mastersportal-1168.html,100,100,100,100,100,100
42,scholarships_html/mastersportal-1903.html,100,100,100,100,100,100
42,scholarships_html/bigfuture-1283.html,100,100,100,100,100,100
42,scholarships_html/bigfuture-0725.html,100,100,100,100,100,100
42,scholarships_html/scholarships360-1273.html,100,0,100,100,100,0
42,scholarships_html/scholarships360-0962.html,100,0,100,100,100,0
42,scholarships_html/scholarships360-0373.html,100,0,100,100,100,0
42,scholarships_html/bigfuture-0831.html,100,100,100,100,100,100
42,scholarships_html/bigfuture-1132.html,100,100,100,100,100,100
42,scholarships_html/bigfuture-1112.html,100,100,100,100,100,100
42,scholarships_html/bigfuture-0221.html,100,100,100,100,100,100
42,scholarships_html/scholarships360-2089.html,100,0,100,100,100,0
42,scholarships_html/scholarships360-0183.html,100,0,100,100,100,0
42,scholarships_html/scholarship-0829.html,100,100,100,100,0,0
42,scholarships_html/internationalscholarships-1137.html,100,100,100,100,100,100
42,scholarships_html/internationalscholarships-0602.html,100,100,100,100,100,100
42,scholarships_html/scholarship-0426.html,100,100,100,100,100,100
42,scholarships_html/scholarships360-0626.html,100,0,100,100,100,0
42,scholarships_html/mastersportal-0614.html,100,100,100,100,100,100
42,scholarships_html/mastersportal-2059.html,100,100,100,100,100,100
42,scholarships_html/scholarship-0700.html,100,100,100,100,100,100
42,scholarships_html/internationalscholarships-0944.html,100,100,100,100,100,100
42,scholarships_html/mastersportal-0641.html,100,100,100,100,100,100
42,scholarships_html/internationalscholarships-1254.html,100,100,0,100,100,0
42,scholarships_html/mastersportal-0771.html,100,100,100,100,100,100
42,scholarships_html/scholarship-0673.html,100,100,100,100,100,100
42,scholarships_html/mastersportal-1400.html,100,100,100,100,100,100
42,scholarships_html/internationalscholarships-1221.html,100,100,100,100,100,100
42,scholarships_html/bigfuture-1194.html,100,100,100,100,100,100
42,scholarships_html/internationalscholarships-0666.html,100,100,0,0,0,0
42,scholarships_html/scholarships360-1476.html,100,0,100,100,100,0
42,scholarships_html/bigfuture-0731.html,100,100,100,100,100,100
42,scholarships_html/internationalscholarships-0434.html,100,100,100,100,100,100
42,scholarships_html/bigfuture-1270.html,100,100,100,100,100,100
42,scholarships_html/mastersportal-1542.html,100,100,100,100,100,100
42,scholarships_html/scholarships360-0926.html,100,0,100,100,100,0
42,scholarships_html/mastersportal-0646.html,100,100,100,100,100,100
42,scholarships_html/scholarship-1940.html,100,100,100,100,0,0
42,scholarships_html/scholarships360-1255.html,100,0,100,100,100,0
42,scholarships_html/bigfuture-2092.html,100,100,100,100,100,100
42,scholarships_html/bigfuture-2083.html,100,100,100,100,100,100
42,scholarships_html/scholarship-0331.html,100,100,100,100,0,0
42,scholarships_html/scholarship-1458.html,100,100,100,100,100,100
42,scholarships_html/scholarship-0451.html,100,100,100,100,0,0
42,scholarships_html/scholarship-0662.html,100,100,100,100,100,100
42,scholarships_html/scholarship-0117.html,100,100,100,100,0,0
42,scholarships_html/internationalscholarships-1554.html,100,100,0,100,100,0
42,scholarships_html/scholarship-0552.html,100,100,100,100,0,0
42,scholarships_html/bigfuture-1494.html,100,100,100,100,100,100
42,scholarships_html/bigfuture-0639.html,100,100,100,100,100,100
42,scholarships_html/scholarships360-0600.html,100,0,100,100,100,0
42,scholarships_html/internationalscholarships-0605.html,100,100,100,100,100,100
42,scholarships_html/scholarship-2048.html,100,100,100,100,0,0
42,scholarships_html/scholarship-0026.html,100,100,100,100,0,0
42,scholarships_html/scholarship-1134.html,100,100,100,100,100,100
42,scholarships_html/mastersportal-0133.html,100,100,100,100,100,100
42,scholarships_html/scholarship-0702.html,100,100,100,100,100,100
42,scholarships_html/internationalscholarships-0577.html,100,100,100,100,100,100
42,scholarships_html/scholarships360-1055.html,100,0,100,100,100,0
42,scholarships_html/internationalscholarships-0091.html,100,100,100,100,100,100
42,scholarships_html/scholarship-0292.html,100,100,100,100,0,0
42,scholarships_html/scholarships360-1495.html,100,0,100,100,100,0
42,scholarships_html/scholarship-0976.html,100,100,100,100,0,0
42,scholarships_html/scholarship-2128.html,100,100,100,100,0,0
42,scholarships_html/bigfuture-0726.html,100,100,100,100,100,100
42,scholarships_html/scholarships360-0620.html,100,0,100,100,100,0
42,scholarships_html/bigfuture-0579.html,100,100,100,100,100,100
42,scholarships_html/bigfuture-1610.html,100,100,100,100,100,100
42,scholarships_html/bigfuture-1569.html,100,100,100,100,0,0
42,scholarships_html/scholarship-1037.html,100,100,100,100,0,0
42,scholarships_html/scholarships360-0321.html,100,0,100,100,100,0
42,scholarships_html/bigfuture-1759.html,100,100,100,100,100,100
42,scholarships_html/internationalscholarships-0705.html,100,100,100,100,0,0
42,scholarships_html/internationalscholarships-1240.html,100,100,0,100,100,0
42,scholarships_html/internationalscholarships-0023.html,100,100,100,100,100,100
42,scholarships_html/internationalscholarships-1545.html,100,100,100,100,100,100
42,scholarships_html/scholarship-2138.html,100,100,100,100,0,0
42,scholarships_html/mastersportal-0460.html,100,100,100,100,100,100
42,scholarships_html/mastersportal-0351.html,100,100,100,100,100,100
42,scholarships_html/bigfuture-1311.html,100,100,100,100,100,100
42,scholarships_html/mastersportal-1961.html,100,100,100,100,100,100
42,scholarships_html/scholarships360-1781.html,100,0,100,100,100,0
42,scholarships_html/internationalscholarships-0497.html,100,100,100,100,100,100
42,scholarships_html/mastersportal-1022.html,100,100,100,100,100,100
42,scholarships_html/bigfuture-1981.html,100,100,100,100,100,100
42,scholarships_html/internationalscholarships-1335.html,100,100,100,100,100,100
42,scholarships_html/scholarship-0864.html,100,100,100,100,0,0
42,scholarships_html/bigfuture-0143.html,100,100,100,100,100,100
42,scholarships_html/internationalscholarships-0693.html,100,100,0,100,100,0
42,scholarships_html/mastersportal-1896.html,100,100,100,100,100,100
42,scholarships_html/mastersportal-0939.html,100,100,100,100,100,100
42,scholarships_html/scholarship-0693.html,100,100,100,100,100,100
42,scholarships_html/scholarships360-1733.html,100,0,100,100,100,0
42,scholarships_html/scholarship-1935.html,100,100,100,100,0,0
42,scholarships_html/internationalscholarships-0526.html,100,100,100,100,100,100
42,scholarships_html/mastersportal-1148.html,100,100,100,100,100,100
42,scholarships_html/scholarships360-0462.html,100,0,100,100,100,0
42,scholarships_html/bigfuture-1456.html,100,100,100,100,100,100
42,scholarships_html/scholarship-1222.html,100,100,100,100,0,0
42,scholarships_html/internationalscholarships-0307.html,100,100,100,100,100,100
42,scholarships_html/scholarships360-1940.html,100,0,100,100,100,0
42,scholarships_html/scholarship-0634.html,100,100,100,100,0,0
42,scholarships_html/scholarship-0900.html,100,100,100,100,0,0
42,scholarships_html/mastersportal-0063.html,100,100,100,100,100,100
42,scholarships_html/scholarships360-0701.html,100,0,100,100,100,0
42,scholarships_html/bigfuture-0611.html,100,100,100,100,100,100
42,scholarships_html/mastersportal-1742.html,100,100,100,100,100,100
42,scholarships_html/internationalscholarships-0369.html,100,100,100,100,100,100
42,scholarships_html/scholarship-0431.html,100,100,100,100,100,100
42,scholarships_html/bigfuture-1883.html,100,100,100,100,100,100
42,scholarships_html/bigfuture-0661.html,100,100,100,100,100,100
42,scholarships_html/scholarships360-1043.html,100,0,100,100,100,0
42,scholarships_html/scholarship-0296.html,100,100,100,100,100,100
42,scholarships_html/bigfuture-0695.html,100,100,100,100,100,100
42,scholarships_html/scholarships360-0292.html,100,0,100,100,100,0
42,scholarships_html/scholarships360-0774.html,100,0,100,100,100,0
42,scholarships_html/bigfuture-0118.html,100,100,100,100,100,100
42,scholarships_html/scholarship-0092.html,100,100,100,100,0,0
42,scholarships_html/scholarships360-1184.html,100,0,100,100,100,0
42,scholarships_html/scholarships360-0468.html,100,0,100,100,100,0
42,scholarships_html/internationalscholarships-1475.html,100,100,100,100,100,100
42,scholarships_html/scholarship-0488.html,100,100,100,100,0,0
42,scholarships_html/bigfuture-1895.html,100,100,100,100,100,100
42,scholarships_html/scholarship-0810.html,100,100,100,100,0,0
42,scholarships_html/scholarship-1264.html,100,100,100,100,0,0
42,scholarships_html/scholarship-0223.html,100,100,100,100,0,0
42,scholarships_html/scholarships360-0294.html,100,0,100,100,100,0
42,scholarships_html/bigfuture-1284.html,100,100,100,100,100,100
42,scholarships_html/scholarship-1102.html,100,100,100,100,0,0
42,scholarships_html/scholarships360-1513.html,100,0,100,100,100,0
42,scholarships_html/bigfuture-1624.html,100,100,100,100,100,100
42,scholarships_html/internationalscholarships-1361.html,100,100,100,100,100,100
42,scholarships_html/scholarship-1587.html,100,100,100,100,0,0
42,scholarships_html/scholarships360-0876.html,100,0,100,100,100,0
42,scholarships_html/scholarship-0054.html,100,100,100,100,0,0
42,scholarships_html/scholarships360-0037.html,100,0,100,100,100,0
42,scholarships_html/scholarship-1361.html,100,100,100,100,0,0
42,scholarships_html/scholarships360-0428.html,100,0,100,100,100,0
42,scholarships_html/scholarship-2152.html,100,100,100,100,100,100
42,scholarships_html/bigfuture-1675.html,100,100,100,100,100,100
42,scholarships_html/scholarship-1119.html,100,100,100,100,0,0
42,scholarships_html/scholarships360-0853.html,100,0,100,100,100,0
42,scholarships_html/scholarship-0704.html,100,100,100,100,0,0
42,scholarships_html/scholarships360-0097.html,100,0,100,100,100,0
42,scholarships_html/scholarship-1414.html,100,100,100,100,0,0
42,scholarships_html/bigfuture-0960.html,100,100,100,100,100,100
42,scholarships_html/scholarships360-0980.html,100,0,100,100,100,0
42,scholarships_html/scholarships360-1654.html,100,0,100,100,100,0
42,scholarships_html/internationalscholarships-0127.html,100,100,100,100,100,100
42,scholarships_html/internationalscholarships-0546.html,100,100,100,100,100,100
42,scholarships_html/internationalscholarships-0021.html,100,100,100,100,100,100
42,scholarships_html/internationalscholarships-1012.html,100,100,100,100,100,100
42,scholarships_html/scholarships360-0541.html,100,0,100,100,100,0
42,scholarships_html/bigfuture-1177.html,100,100,100,100,100,100
42,scholarships_html/internationalscholarships-1020.html,100,100,100,100,100,100
42,scholarships_html/scholarship-0463.html,100,100,100,100,0,0
42,scholarships_html/scholarships360-2028.html,100,0,100,100,100,0
42,scholarships_html/scholarship-2079.html,100,100,100,100,100,100
42,scholarships_html/mastersportal-0867.html,100,100,100,100,100,100
42,scholarships_html/scholarship-0485.html,100,100,100,100,100,100
42,scholarships_html/bigfuture-1261.html,100,100,100,100,100,100
42,scholarships_html/bigfuture-1846.html,100,100,100,100,100,100
42,scholarships_html/scholarships360-1819.html,100,0,100,100,100,0
42,scholarships_html/bigfuture-0708.html,100,100,100,100,100,100
42,scholarships_html/internationalscholarships-0701.html,100,100,100,100,100,100
42,scholarships_html/mastersportal-0998.html,100,100,100,100,100,100
42,scholarships_html/scholarships360-1957.html,100,0,100,100,100,0
42,scholarships_html/scholarship-0523.html,100,100,100,100,0,0
42,scholarships_html/mastersportal-0390.html,100,100,100,100,100,100
42,scholarships_html/scholarship-1300.html,100,100,100,100,0,0
42,scholarships_html/mastersportal-1370.html,100,100,100,100,100,100
42,scholarships_html/mastersportal-1093.html,100,100,100,100,100,100
42,scholarships_html/mastersportal-1522.html,100,100,100,100,100,100
42,scholarships_html/mastersportal-1801.html,100,100,100,100,100,100
42,scholarships_html/bigfuture-1398.html,100,100,100,100,100,100
42,scholarships_html/scholarships360-2110.html,100,0,100,100,100,0
42,scholarships_html/scholarship-1096.html,100,100,100,100,0,0
42,scholarships_html/mastersportal-0508.html,100,100,100,100,100,100
42,scholarships_html/bigfuture-1547.html,100,100,100,100,100,100
42,scholarships_html/scholarships360-0403.html,100,0,100,100,100,0
42,scholarships_html/mastersportal-0084.html,100,100,100,100,100,100
42,scholarships_html/scholarships360-0569.html,100,0,100,100,100,0
42,scholarships_html/internationalscholarships-1098.html,100,100,100,100,100,100
42,scholarships_html/scholarship-1742.html,100,100,100,100,0,0
42,scholarships_html/mastersportal-0622.html,100,100,100,100,100,100
42,scholarships_html/mastersportal-1705.html,100,100,100,100,100,100
42,scholarships_html/scholarships360-2083.html,100,0,100,100,100,0
42,scholarships_html/bigfuture-1344.html,100,100,100,100,100,100
42,scholarships_html/mastersportal-1070.html,100,100,100,100,100,100
42,scholarships_html/scholarship-2030.html,100,100,100,100,0,0
42,scholarships_html/bigfuture-1788.html,100,100,100,100,100,100
42,scholarships_html/scholarships360-1229.html,100,0,100,100,100,0
42,scholarships_html/internationalscholarships-1281.html,100,100,100,100,100,100
42,scholarships_html/scholarships360-0571.html,100,0,100,100,100,0
42,scholarships_html/mastersportal-1297.html,100,100,100,100,100,100
42,scholarships_html/scholarships360-1859.html,100,0,100,100,100,0
42,scholarships_html/mastersportal-2100.html,100,100,100,100,100,100
42,scholarships_html/scholarship-0764.html,100,100,100,100,0,0
42,scholarships_html/scholarships360-1458.html,100,0,100,100,100,0
42,scholarships_html/bigfuture-0413.html,100,100,100,100,100,100
42,scholarships_html/internationalscholarships-1390.html,100,100,100,100,100,100
42,scholarships_html/bigfuture-1378.html,100,100,100,100,100,100
42,scholarships_html/scholarship-1883.html,100,100,100,100,100,100
42,scholarships_html/scholarship-0352.html,100,100,100,100,0,0
42,scholarships_html/scholarships360-1965.html,100,0,100,100,100,0
42,scholarships_html/bigfuture-1879.html,100,100,100,100,100,100
42,scholarships_html/mastersportal-0576.html,100,100,100,100,100,100
42,scholarships_html/scholarship-0813.html,100,100,100,100,0,0
42,scholarships_html/scholarships360-0155.html,100,0,100,100,100,0
42,scholarships_html/bigfuture-1503.html,100,100,100,100,100,100
42,scholarships_html/mastersportal-1672.html,100,100,100,100,100,100
42,scholarships_html/bigfuture-0746.html,100,100,100,100,100,100
42,scholarships_html/scholarship-1912.html,100,100,100,100,0,0
42,scholarships_html/internationalscholarships-1168.html,100,100,100,100,100,100
42,scholarships_html/internationalscholarships-1515.html,100,100,100,100,100,100
42,scholarships_html/bigfuture-1370.html,100,100,100,100,100,100
42,scholarships_html/scholarship-1328.html,100,100,100,100,0,0
42,scholarships_html/scholarship-0717.html,100,100,100,100,0,0
42,scholarships_html/mastersportal-0703.html,100,100,100,100,100,100
42,scholarships_html/mastersportal-0738.html,100,100,100,100,100,100
42,scholarships_html/internationalscholarships-0277.html,100,100,100,100,100,100
42,scholarships_html/scholarship-1494.html,100,100,100,100,0,0
42,scholarships_html/mastersportal-1294.html,100,0,100,100,100,0
42,scholarships_html/internationalscholarships-0655.html,100,100,100,100,100,100
42,scholarships_html/scholarship-1297.html,100,100,100,100,0,0
42,scholarships_html/scholarship-0354.html,100,100,100,100,100,100
42,scholarships_html/scholarships360-0011.html,100,0,100,100,100,0
42,scholarships_html/scholarship-1790.html,100,100,100,100,0,0
42,scholarships_html/mastersportal-0862.html,100,100,100,100,100,100
42,scholarships_html/mastersportal-0655.html,100,100,100,100,100,100
42,scholarships_html/mastersportal-1786.html,100,100,100,100,100,100
42,scholarships_html/bigfuture-1231.html,100,100,100,100,100,100
42,scholarships_html/scholarship-0383.html,100,100,100,100,0,0
42,scholarships_html/scholarship-1251.html,100,100,100,100,0,0
42,scholarships_html/internationalscholarships-0646.html,100,100,0,100,100,0
42,scholarships_html/bigfuture-1641.html,100,100,100,100,100,100
42,scholarships_html/mastersportal-0934.html,100,100,100,100,100,100
42,scholarships_html/scholarship-2065.html,100,100,100,100,0,0
42,scholarships_html/scholarship-0928.html,100,100,100,100,100,100
42,scholarships_html/internationalscholarships-1035.html,100,100,100,100,100,100
42,scholarships_html/internationalscholarships-0499.html,100,100,100,100,100,100
42,scholarships_html/bigfuture-0157.html,100,100,100,100,100,100
42,scholarships_html/bigfuture-0401.html,100,100,100,100,100,100
42,scholarships_html/scholarships360-1078.html,100,0,100,100,100,0
42,scholarships_html/scholarship-0494.html,100,100,100,100,100,100
42,scholarships_html/bigfuture-1423.html,100,100,100,100,100,100
42,scholarships_html/scholarship-0597.html,100,100,100,100,100,100
42,scholarships_html/mastersportal-1644.html,100,100,100,100,100,100
42,scholarships_html/mastersportal-1711.html,100,100,100,100,100,100
42,scholarships_html/scholarship-0072.html,100,100,100,100,0,0
42,scholarships_html/scholarship-1325.html,100,100,100,100,0,0
42,scholarships_html/bigfuture-2000.html,100,100,100,100,100,100
42,scholarships_html/scholarship-0139.html,100,100,100,100,100,100
42,scholarships_html/scholarship-0802.html,100,100,100,100,100,100
42,scholarships_html/mastersportal-1417.html,100,100,100,100,100,100
42,scholarships_html/bigfuture-0392.html,100,100,100,100,100,100
42,scholarships_html/internationalscholarships-1155.html,100,100,100,100,100,100
42,scholarships_html/mastersportal-2022.html,100,100,100,100,100,100
42,scholarships_html/internationalscholarships-0610.html,100,100,100,100,100,100
42,scholarships_html/mastersportal-0740.html,100,100,100,100,100,100
42,scholarships_html/mastersportal-1116.html,100,100,100,100,100,100
42,scholarships_html/mastersportal-0181.html,100,100,100,100,100,100
42,scholarships_html/bigfuture-1490.html,100,100,100,100,100,100
42,scholarships_html/scholarships360-0081.html,100,0,100,100,100,0
42,scholarships_html/scholarships360-1375.html,100,0,100,100,100,0
42,scholarships_html/mastersportal-0943.html,100,100,100,100,100,100
42,scholarships_html/scholarship-2057.html,100,100,100,100,0,0
42,scholarships_html/scholarships360-1987.html,100,0,100,100,100,0
42,scholarships_html/bigfuture-1160.html,100,100,100,100,100,100
42,scholarships_html/bigfuture-1163.html,100,100,100,100,100,100
42,scholarships_html/scholarship-1763.html,100,100,100,100,0,0
42,scholarships_html/bigfuture-1921.html,100,100,100,100,100,100
42,scholarships_html/scholarship-1970.html,100,100,100,100,0,0
42,scholarships_html/scholarships360-0353.html,100,0,100,100,100,0
42,scholarships_html/mastersportal-0079.html,100,100,100,100,100,100
42,scholarships_html/scholarship-1175.html,100,100,100,100,0,0
42,scholarships_html/bigfuture-1892.html,100,100,100,100,100,100
42,scholarships_html/scholarship-0076.html,100,100,100,100,100,100
42,scholarships_html/mastersportal-2092.html,100,100,100,100,100,100
42,scholarships_html/bigfuture-0802.html,100,100,100,100,100,100
42,scholarships_html/scholarships360-1858.html,100,0,100,100,100,0
42,scholarships_html/scholarships360-0684.html,100,0,100,100,100,0
42,scholarships_html/scholarship-1931.html,100,100,100,100,100,100
42,scholarships_html/scholarships360-1879.html,100,0,100,100,100,0
42,scholarships_html/scholarship-2160.html,100,100,100,100,0,0
42,scholarships_html/internationalscholarships-1126.html,100,100,100,100,100,100
42,scholarships_html/internationalscholarships-1336.html,100,100,100,100,100,100
42,scholarships_html/bigfuture-1157.html,100,100,100,100,100,100
42,scholarships_html/mastersportal-0150.html,100,100,100,100,100,100
42,scholarships_html/bigfuture-1577.html,100,100,100,100,100,100
42,scholarships_html/mastersportal-1729.html,100,100,100,100,100,100
42,scholarships_html/mastersportal-1557.html,100,100,100,100,100,100
42,scholarships_html/bigfuture-0782.html,100,100,100,100,100,100
42,scholarships_html/scholarship-1561.html,100,100,100,100,0,0
42,scholarships_html/scholarship-1350.html,100,100,100,100,0,0
42,scholarships_html/scholarship-0048.html,100,100,100,100,100,100
42,scholarships_html/internationalscholarships-1058.html,100,100,100,100,100,100
42,scholarships_html/mastersportal-0479.html,100,100,100,100,100,100
42,scholarships_html/internationalscholarships-1521.html,100,100,100,100,100,100
42,scholarships_html/scholarship-1426.html,100,100,100,100,0,0
42,scholarships_html/scholarship-0340.html,100,100,100,100,100,100
42,scholarships_html/bigfuture-1861.html,100,100,100,100,100,100
42,scholarships_html/scholarship-2001.html,100,100,100,100,0,0
42,scholarships_html/scholarship-0068.html,100,100,100,100,0,0
42,scholarships_html/mastersportal-1865.html,100,100,100,100,100,100
42,scholarships_html/scholarships360-0457.html,100,0,100,100,100,0
42,scholarships_html/scholarship-1301.html,100,100,100,100,0,0
42,scholarships_html/bigfuture-1800.html,100,100,100,100,100,100
42,scholarships_html/scholarship-0639.html,100,100,100,100,0,0
42,scholarships_html/bigfuture-1042.html,100,100,100,100,100,100
42,scholarships_html/bigfuture-0451.html,100,100,100,100,100,100
42,scholarships_html/bigfuture-0591.html,100,100,100,100,100,100
42,scholarships_html/scholarship-1076.html,100,100,100,100,0,0
42,scholarships_html/scholarship-0789.html,100,100,100,100,0,0
42,scholarships_html/scholarship-1085.html,100,100,100,100,0,0
42,scholarships_html/scholarships360-1801.html,100,0,100,100,100,0
42,scholarships_html/scholarship-2031.html,100,100,100,100,100,100
42,scholarships_html/internationalscholarships-1471.html,100,100,100,100,100,100
42,scholarships_html/scholarship-1364.html,100,100,100,100,0,0
42,scholarships_html/mastersportal-0394.html,100,100,100,100,100,100
42,scholarships_html/internationalscholarships-1527.html,100,100,100,100,100,100
42,__SUMMARY__,100.00,80.42,98.61,98.68,82.43,61.00
