seed,file,name_presence,location_presence,price_presence,rating_presence,amenities_presence,all5_presence
44,hotels_html/hotel-0217.html,100,100,100,100,100,100
44,hotels_html/kayak-0615.html,100,100,100,100,100,100
44,hotels_html/booking-1644.html,100,100,0,100,100,0
44,hotels_html/kayak-1075.html,100,100,0,100,100,0
44,hotels_html/agoda-1798.html,100,100,0,100,100,0
44,hotels_html/kayak-0999.html,100,100,0,100,100,0
44,hotels_html/agoda-1034.html,100,100,100,100,100,100
44,hotels_html/trip-1215.html,100,100,100,100,100,100
44,hotels_html/trip-1200.html,100,100,100,100,100,100
44,hotels_html/agoda-0007.html,100,100,0,100,100,0
44,hotels_html/booking-0135.html,100,100,0,100,100,0
44,hotels_html/trip-1115.html,100,100,100,100,100,100
44,hotels_html/booking-0475.html,100,100,0,100,100,0
44,hotels_html/agoda-1099.html,100,100,0,100,100,0
44,hotels_html/hotel-0008.html,100,100,100,100,100,100
44,hotels_html/kayak-0675.html,100,100,0,100,100,0
44,hotels_html/hotel-1551.html,100,100,0,100,100,0
44,hotels_html/trip-1141.html,100,100,100,100,100,100
44,hotels_html/agoda-0824.html,100,100,0,100,100,0
44,hotels_html/hotel-0004.html,100,100,100,100,100,100
44,hotels_html/hotel-0209.html,100,100,100,100,100,100
44,hotels_html/booking-1420.html,100,100,0,100,0,0
44,hotels_html/agoda-1157.html,100,100,0,100,100,0
44,hotels_html/kayak-0722.html,100,100,0,100,100,0
44,hotels_html/hotel-1236.html,100,100,100,100,100,100
44,hotels_html/trip-0923.html,100,100,100,100,100,100
44,hotels_html/booking-1263.html,100,100,0,100,100,0
44,hotels_html/kayak-0226.html,100,100,0,100,100,0
44,hotels_html/agoda-1921.html,100,100,0,100,100,0
44,hotels_html/hotel-1277.html,100,100,100,100,100,100
44,hotels_html/hotel-1984.html,100,100,100,100,100,100
44,hotels_html/trip-0727.html,100,100,100,100,100,100
44,hotels_html/trip-0534.html,100,100,100,100,100,100
44,hotels_html/booking-1050.html,100,100,0,100,100,0
44,hotels_html/trip-1384.html,100,100,100,100,100,100
44,hotels_html/trip-0377.html,100,100,100,100,100,100
44,hotels_html/agoda-1616.html,100,100,0,100,100,0
44,hotels_html/hotel-2059.html,100,100,100,100,100,100
44,hotels_html/agoda-0540.html,100,100,0,100,100,0
44,hotels_html/agoda-0544.html,100,100,100,100,100,100
44,hotels_html/agoda-1819.html,100,100,100,100,100,100
44,hotels_html/kayak-1061.html,100,100,0,100,100,0
44,hotels_html/hotel-0778.html,100,100,100,100,100,100
44,hotels_html/kayak-0052.html,100,100,0,100,100,0
44,hotels_html/kayak-0160.html,100,100,0,100,100,0
44,hotels_html/agoda-0391.html,100,100,0,100,100,0
44,hotels_html/trip-1300.html,100,100,100,100,100,100
44,hotels_html/kayak-1257.html,100,100,100,100,100,100
44,hotels_html/booking-2058.html,100,100,0,100,100,0
44,hotels_html/hotel-1365.html,100,100,100,100,100,100
44,hotels_html/kayak-1014.html,100,100,100,100,100,100
44,hotels_html/kayak-1361.html,100,100,100,100,100,100
44,hotels_html/trip-0598.html,100,100,100,100,100,100
44,hotels_html/trip-1157.html,100,100,100,100,100,100
44,hotels_html/hotel-1666.html,100,100,100,0,100,0
44,hotels_html/booking-1346.html,100,100,0,100,100,0
44,hotels_html/trip-1821.html,100,100,100,100,100,100
44,hotels_html/trip-1738.html,100,100,100,100,100,100
44,hotels_html/kayak-0589.html,100,100,0,100,100,0
44,hotels_html/hotel-0438.html,100,100,100,100,100,100
44,hotels_html/agoda-1275.html,100,100,100,100,100,100
44,hotels_html/hotel-0510.html,100,100,100,0,100,0
44,hotels_html/hotel-1817.html,100,100,100,100,100,100
44,hotels_html/kayak-1320.html,100,100,0,100,100,0
44,hotels_html/agoda-1234.html,100,100,100,100,100,100
44,hotels_html/booking-0496.html,100,100,0,100,100,0
44,hotels_html/agoda-0295.html,100,100,0,100,100,0
44,hotels_html/trip-1739.html,100,100,100,100,100,100
44,hotels_html/hotel-1275.html,100,100,100,100,100,100
44,hotels_html/kayak-0655.html,100,100,0,100,100,0
44,hotels_html/booking-0295.html,100,100,0,100,100,0
44,hotels_html/hotel-1029.html,100,100,100,100,100,100
44,hotels_html/kayak-0031.html,100,100,0,100,100,0
44,hotels_html/agoda-0083.html,100,100,100,100,100,100
44,hotels_html/kayak-0761.html,100,100,0,100,100,0
44,hotels_html/agoda-0929.html,100,100,0,100,100,0
44,hotels_html/trip-0498.html,100,100,100,100,100,100
44,hotels_html/kayak-1346.html,100,100,0,100,100,0
44,hotels_html/kayak-0526.html,100,100,100,100,100,100
44,hotels_html/hotel-0832.html,100,100,100,0,100,0
44,hotels_html/hotel-2002.html,100,100,100,100,100,100
44,hotels_html/booking-0018.html,100,100,0,100,100,0
44,hotels_html/hotel-1823.html,100,100,100,100,100,100
44,hotels_html/agoda-0733.html,100,100,0,100,100,0
44,hotels_html/hotel-1642.html,100,100,0,100,100,0
44,hotels_html/trip-1393.html,100,100,0,100,100,0
44,hotels_html/kayak-0144.html,100,100,0,100,100,0
44,hotels_html/booking-0735.html,100,100,0,100,100,0
44,hotels_html/trip-0965.html,100,100,0,100,100,0
44,hotels_html/hotel-1955.html,100,100,100,0,100,0
44,hotels_html/trip-1844.html,100,100,100,100,100,100
44,hotels_html/hotel-0560.html,100,100,100,100,100,100
44,hotels_html/trip-1439.html,100,100,100,100,100,100
44,hotels_html/agoda-0530.html,100,100,0,100,100,0
44,hotels_html/trip-0171.html,100,100,100,100,100,100
44,hotels_html/booking-0094.html,100,100,0,100,100,0
44,hotels_html/hotel-1421.html,100,100,100,100,100,100
44,hotels_html/booking-0337.html,100,100,0,100,100,0
44,hotels_html/kayak-0490.html,100,100,100,100,100,100
44,hotels_html/booking-0706.html,100,100,0,100,100,0
44,hotels_html/kayak-1443.html,100,100,100,100,100,100
44,hotels_html/kayak-1890.html,100,100,0,100,100,0
44,hotels_html/booking-0345.html,100,100,0,100,100,0
44,hotels_html/kayak-0081.html,100,100,0,0,100,0
44,hotels_html/agoda-0134.html,100,100,100,100,100,100
44,hotels_html/kayak-1792.html,100,100,0,100,0,0
44,hotels_html/kayak-1049.html,100,100,0,100,100,0
44,hotels_html/booking-1793.html,100,100,0,100,100,0
44,hotels_html/booking-0212.html,100,100,0,100,100,0
44,hotels_html/hotel-0917.html,100,100,100,0,100,0
44,hotels_html/hotel-1033.html,100,100,0,100,100,0
44,hotels_html/hotel-1054.html,100,100,100,0,100,0
44,hotels_html/kayak-1123.html,100,100,0,100,100,0
44,hotels_html/trip-0730.html,100,100,100,100,100,100
44,hotels_html/trip-0231.html,100,100,100,100,100,100
44,hotels_html/trip-1736.html,100,100,100,100,100,100
44,hotels_html/hotel-0651.html,100,100,100,100,100,100
44,hotels_html/booking-1257.html,100,100,0,100,100,0
44,hotels_html/kayak-1871.html,100,100,0,100,100,0
44,hotels_html/kayak-0372.html,100,100,100,100,100,100
44,hotels_html/trip-2132.html,100,100,100,100,100,100
44,hotels_html/kayak-1009.html,100,100,0,100,100,0
44,hotels_html/kayak-1539.html,100,100,0,100,100,0
44,hotels_html/agoda-0827.html,100,100,0,100,100,0
44,hotels_html/hotel-0615.html,100,100,100,0,100,0
44,hotels_html/hotel-1295.html,100,100,100,100,100,100
44,hotels_html/trip-0581.html,100,100,100,100,100,100
44,hotels_html/hotel-1314.html,100,100,100,100,100,100
44,hotels_html/hotel-0936.html,100,100,100,100,100,100
44,hotels_html/booking-1678.html,100,100,0,100,100,0
44,hotels_html/hotel-0351.html,100,100,100,100,100,100
44,hotels_html/hotel-2073.html,100,100,100,100,100,100
44,hotels_html/agoda-0309.html,100,100,0,100,100,0
44,hotels_html/kayak-0817.html,100,100,100,100,100,100
44,hotels_html/agoda-0810.html,100,100,0,100,100,0
44,hotels_html/hotel-0536.html,100,100,100,100,100,100
44,hotels_html/trip-0182.html,100,100,100,100,100,100
44,hotels_html/kayak-1866.html,100,100,0,100,100,0
44,hotels_html/kayak-0685.html,100,100,0,100,100,0
44,hotels_html/trip-0423.html,100,100,100,100,100,100
44,hotels_html/agoda-0638.html,100,100,0,100,100,0
44,hotels_html/booking-1882.html,100,100,0,100,100,0
44,hotels_html/trip-0184.html,100,100,100,100,100,100
44,hotels_html/kayak-2009.html,100,100,0,100,100,0
44,hotels_html/kayak-1060.html,100,100,0,100,100,0
44,hotels_html/kayak-1486.html,100,100,0,100,100,0
44,hotels_html/kayak-1434.html,100,100,100,100,100,100
44,hotels_html/hotel-0731.html,100,100,100,100,100,100
44,hotels_html/booking-0220.html,100,100,0,100,100,0
44,hotels_html/booking-0198.html,100,100,0,100,100,0
44,hotels_html/hotel-1593.html,100,100,100,100,100,100
44,hotels_html/booking-0592.html,100,100,0,100,100,0
44,hotels_html/hotel-1539.html,100,100,100,0,100,0
44,hotels_html/hotel-1653.html,100,100,100,100,100,100
44,hotels_html/agoda-1870.html,100,100,0,100,100,0
44,hotels_html/hotel-0071.html,100,100,100,100,100,100
44,hotels_html/kayak-1887.html,100,100,0,100,100,0
44,hotels_html/kayak-1266.html,100,100,100,100,100,100
44,hotels_html/agoda-0873.html,100,100,0,100,100,0
44,hotels_html/booking-1416.html,100,100,0,100,100,0
44,hotels_html/hotel-0404.html,100,100,100,0,100,0
44,hotels_html/trip-1887.html,100,100,100,100,100,100
44,hotels_html/hotel-1013.html,100,100,100,100,100,100
44,hotels_html/hotel-2099.html,100,100,100,100,100,100
44,hotels_html/agoda-1958.html,100,100,100,100,100,100
44,hotels_html/hotel-1288.html,100,100,100,0,100,0
44,hotels_html/trip-1631.html,100,100,100,100,100,100
44,hotels_html/trip-0863.html,100,100,100,100,100,100
44,hotels_html/agoda-1563.html,100,100,0,100,100,0
44,hotels_html/booking-1000.html,100,100,0,100,100,0
44,hotels_html/booking-1512.html,100,100,0,100,100,0
44,hotels_html/hotel-1139.html,100,100,100,100,100,100
44,hotels_html/booking-0821.html,100,100,0,100,100,0
44,hotels_html/agoda-1240.html,100,100,0,100,100,0
44,hotels_html/booking-1640.html,100,100,0,100,100,0
44,hotels_html/agoda-1162.html,100,100,0,100,100,0
44,hotels_html/trip-1375.html,100,100,100,100,100,100
44,hotels_html/agoda-1842.html,100,100,0,100,100,0
44,hotels_html/hotel-0450.html,100,100,100,100,100,100
44,hotels_html/agoda-1893.html,100,100,0,100,100,0
44,hotels_html/kayak-0076.html,100,100,0,100,100,0
44,hotels_html/trip-0749.html,100,100,100,100,100,100
44,hotels_html/booking-0635.html,100,100,0,100,100,0
44,hotels_html/booking-0414.html,100,100,0,100,100,0
44,hotels_html/hotel-1223.html,100,0,100,100,100,0
44,hotels_html/kayak-1817.html,100,100,100,100,100,100
44,hotels_html/agoda-1303.html,100,100,0,100,100,0
44,hotels_html/agoda-1590.html,100,100,0,100,100,0
44,hotels_html/trip-0505.html,100,100,100,100,100,100
44,hotels_html/agoda-0398.html,100,100,0,100,100,0
44,hotels_html/booking-0570.html,100,100,0,100,100,0
44,hotels_html/agoda-1127.html,100,100,0,100,100,0
44,hotels_html/booking-1773.html,100,100,0,100,100,0
44,hotels_html/kayak-0061.html,100,100,100,100,100,100
44,hotels_html/booking-1134.html,100,100,0,100,100,0
44,hotels_html/agoda-0205.html,100,100,0,100,100,0
44,hotels_html/agoda-1613.html,100,100,0,100,100,0
44,hotels_html/trip-0959.html,100,100,100,100,100,100
44,hotels_html/agoda-1685.html,100,100,0,100,100,0
44,hotels_html/trip-1437.html,100,100,100,100,100,100
44,hotels_html/agoda-0404.html,100,100,100,100,100,100
44,hotels_html/booking-1679.html,100,100,0,100,100,0
44,hotels_html/kayak-1267.html,100,100,0,100,100,0
44,hotels_html/trip-2055.html,100,100,100,100,100,100
44,hotels_html/hotel-1827.html,100,100,100,0,100,0
44,hotels_html/booking-1368.html,100,100,0,100,100,0
44,hotels_html/hotel-1202.html,100,100,100,100,100,100
44,hotels_html/booking-0542.html,100,100,0,100,100,0
44,hotels_html/kayak-0333.html,100,100,0,100,100,0
44,hotels_html/trip-1416.html,100,100,100,100,100,100
44,hotels_html/kayak-1070.html,100,100,0,100,100,0
44,hotels_html/agoda-1897.html,100,100,100,100,100,100
44,hotels_html/kayak-0581.html,100,100,100,100,100,100
44,hotels_html/agoda-0725.html,100,100,100,100,100,100
44,hotels_html/booking-0691.html,100,100,0,100,100,0
44,hotels_html/booking-1190.html,100,100,0,100,100,0
44,hotels_html/kayak-0139.html,100,100,100,100,100,100
44,hotels_html/hotel-0152.html,100,100,100,100,100,100
44,hotels_html/hotel-0323.html,100,100,100,100,100,100
44,hotels_html/hotel-1217.html,100,100,100,100,100,100
44,hotels_html/trip-0642.html,100,100,100,100,100,100
44,hotels_html/hotel-0452.html,100,100,100,100,100,100
44,hotels_html/booking-0000.html,100,100,0,100,100,0
44,hotels_html/agoda-0116.html,100,100,100,100,100,100
44,hotels_html/trip-1070.html,100,100,0,100,100,0
44,hotels_html/kayak-1641.html,100,100,0,100,100,0
44,hotels_html/booking-1729.html,100,100,0,100,100,0
44,hotels_html/kayak-1222.html,100,100,100,100,100,100
44,hotels_html/agoda-1973.html,100,100,0,100,100,0
44,hotels_html/kayak-1861.html,100,100,0,100,100,0
44,hotels_html/agoda-0921.html,100,100,0,100,100,0
44,hotels_html/booking-1645.html,100,100,0,100,100,0
44,hotels_html/hotel-1623.html,100,100,100,100,100,100
44,hotels_html/kayak-0563.html,100,100,0,100,100,0
44,hotels_html/kayak-0093.html,100,100,0,100,100,0
44,hotels_html/kayak-1054.html,100,100,0,100,100,0
44,hotels_html/trip-0930.html,100,100,100,100,100,100
44,hotels_html/trip-2030.html,100,100,100,100,100,100
44,hotels_html/trip-1630.html,100,100,100,100,100,100
44,hotels_html/kayak-0921.html,100,100,0,100,100,0
44,hotels_html/trip-0724.html,100,100,100,100,100,100
44,hotels_html/booking-1299.html,100,100,0,100,100,0
44,hotels_html/agoda-1502.html,100,100,100,100,100,100
44,hotels_html/hotel-1180.html,100,100,100,0,100,0
44,hotels_html/kayak-0939.html,100,100,100,100,100,100
44,hotels_html/booking-1751.html,100,100,0,100,100,0
44,hotels_html/hotel-0467.html,100,100,100,100,100,100
44,hotels_html/booking-0576.html,100,100,0,100,100,0
44,hotels_html/hotel-0445.html,100,100,100,100,100,100
44,hotels_html/hotel-0244.html,100,100,0,100,100,0
44,hotels_html/kayak-1672.html,100,100,100,100,100,100
44,hotels_html/agoda-0842.html,100,100,0,100,100,0
44,hotels_html/agoda-0135.html,100,100,0,100,100,0
44,hotels_html/kayak-1931.html,100,100,0,100,100,0
44,hotels_html/booking-0022.html,100,100,0,100,100,0
44,hotels_html/hotel-1017.html,100,100,100,100,100,100
44,hotels_html/agoda-0064.html,100,100,0,100,100,0
44,hotels_html/kayak-0026.html,100,100,0,100,100,0
44,hotels_html/agoda-1741.html,100,100,100,100,100,100
44,hotels_html/hotel-1698.html,100,100,100,100,100,100
44,hotels_html/booking-0975.html,100,100,0,100,100,0
44,hotels_html/agoda-1116.html,100,100,100,100,100,100
44,hotels_html/kayak-0997.html,100,100,0,100,100,0
44,hotels_html/hotel-1980.html,100,100,100,100,100,100
44,hotels_html/kayak-0860.html,100,100,0,100,100,0
44,hotels_html/hotel-1768.html,100,100,0,100,100,0
44,hotels_html/hotel-0206.html,100,100,100,100,100,100
44,hotels_html/kayak-1687.html,100,100,0,100,100,0
44,hotels_html/trip-0481.html,100,100,100,100,100,100
44,hotels_html/kayak-0294.html,100,100,0,100,100,0
44,hotels_html/kayak-0720.html,100,100,0,100,100,0
44,hotels_html/trip-1594.html,100,100,100,100,100,100
44,hotels_html/booking-1394.html,100,100,0,100,100,0
44,hotels_html/kayak-1151.html,100,100,0,100,100,0
44,hotels_html/kayak-1122.html,100,100,0,100,100,0
44,hotels_html/agoda-1293.html,100,100,0,100,100,0
44,hotels_html/agoda-0242.html,100,100,100,100,100,100
44,hotels_html/booking-0289.html,100,100,0,100,100,0
44,hotels_html/kayak-0658.html,100,100,0,100,100,0
44,hotels_html/booking-1085.html,100,100,0,100,100,0
44,hotels_html/trip-0648.html,100,100,100,100,100,100
44,hotels_html/booking-0949.html,100,100,0,100,100,0
44,hotels_html/kayak-1876.html,100,0,100,100,0,0
44,hotels_html/agoda-0001.html,100,100,0,100,100,0
44,hotels_html/hotel-1197.html,100,100,100,100,100,100
44,hotels_html/agoda-0282.html,100,100,100,100,100,100
44,hotels_html/booking-0940.html,100,100,0,100,100,0
44,hotels_html/booking-0453.html,100,100,0,100,100,0
44,hotels_html/hotel-0537.html,100,100,100,100,100,100
44,hotels_html/hotel-1598.html,100,100,100,0,100,0
44,hotels_html/trip-1172.html,100,100,100,100,100,100
44,hotels_html/agoda-0322.html,100,100,0,100,100,0
44,hotels_html/hotel-1791.html,100,100,100,100,100,100
44,hotels_html/trip-0584.html,100,100,100,100,100,100
44,hotels_html/hotel-1695.html,100,100,100,100,100,100
44,hotels_html/hotel-1205.html,100,100,100,100,100,100
44,hotels_html/hotel-1640.html,100,100,100,100,100,100
44,hotels_html/trip-0262.html,100,100,100,100,100,100
44,hotels_html/kayak-0661.html,100,100,0,100,100,0
44,hotels_html/trip-1869.html,100,100,100,100,100,100
44,hotels_html/kayak-1437.html,100,100,0,100,100,0
44,hotels_html/booking-1768.html,100,100,0,100,100,0
44,hotels_html/hotel-0970.html,100,100,0,100,100,0
44,hotels_html/kayak-1306.html,100,100,100,100,100,100
44,hotels_html/hotel-1395.html,100,100,100,100,100,100
44,hotels_html/trip-1306.html,100,100,100,100,100,100
44,hotels_html/trip-0089.html,100,100,100,100,100,100
44,hotels_html/kayak-0056.html,100,100,0,100,100,0
44,hotels_html/hotel-0992.html,100,100,100,100,100,100
44,hotels_html/hotel-1592.html,100,100,100,100,100,100
44,hotels_html/kayak-1159.html,100,100,0,100,100,0
44,hotels_html/agoda-1009.html,100,100,100,100,100,100
44,hotels_html/hotel-0499.html,100,100,0,100,100,0
44,hotels_html/booking-1912.html,100,100,0,100,100,0
44,hotels_html/hotel-1879.html,100,100,0,100,100,0
44,hotels_html/hotel-0208.html,100,100,100,100,100,100
44,hotels_html/trip-1674.html,100,100,100,100,100,100
44,hotels_html/hotel-1155.html,100,100,100,100,100,100
44,hotels_html/hotel-0815.html,100,100,100,100,100,100
44,hotels_html/booking-1728.html,100,100,0,100,100,0
44,hotels_html/trip-1108.html,100,100,100,100,100,100
44,hotels_html/agoda-0476.html,100,100,0,100,100,0
44,hotels_html/kayak-1726.html,100,100,0,100,100,0
44,hotels_html/trip-1615.html,100,100,100,100,100,100
44,hotels_html/kayak-1577.html,100,100,0,100,100,0
44,hotels_html/trip-0069.html,100,100,100,100,100,100
44,hotels_html/trip-0381.html,100,100,0,100,100,0
44,hotels_html/agoda-1037.html,100,100,100,100,100,100
44,hotels_html/agoda-1450.html,100,100,0,100,100,0
44,hotels_html/kayak-0673.html,100,100,100,100,100,100
44,hotels_html/trip-1055.html,100,100,0,100,100,0
44,hotels_html/agoda-1768.html,100,100,100,100,100,100
44,hotels_html/trip-1714.html,100,100,100,100,100,100
44,hotels_html/agoda-0920.html,100,100,0,100,100,0
44,hotels_html/hotel-1357.html,100,100,0,100,100,0
44,hotels_html/hotel-1087.html,100,100,100,100,100,100
44,hotels_html/hotel-1687.html,100,100,100,100,100,100
44,hotels_html/booking-1329.html,100,100,0,100,100,0
44,hotels_html/agoda-0044.html,100,100,100,100,100,100
44,hotels_html/kayak-1154.html,100,100,100,100,100,100
44,hotels_html/hotel-0868.html,100,100,100,0,100,0
44,hotels_html/kayak-1087.html,100,100,0,100,100,0
44,hotels_html/agoda-0902.html,100,100,0,100,100,0
44,hotels_html/trip-0214.html,100,100,100,100,100,100
44,hotels_html/booking-0789.html,100,100,0,100,100,0
44,hotels_html/agoda-1235.html,100,100,0,100,100,0
44,hotels_html/agoda-1328.html,100,100,0,100,100,0
44,hotels_html/trip-0603.html,100,100,100,100,100,100
44,hotels_html/hotel-0845.html,100,100,100,100,100,100
44,hotels_html/trip-1719.html,100,100,0,100,100,0
44,hotels_html/trip-1387.html,100,100,100,100,100,100
44,hotels_html/agoda-0374.html,100,100,0,100,100,0
44,hotels_html/trip-1562.html,100,100,100,100,100,100
44,hotels_html/booking-1482.html,100,100,0,100,100,0
44,hotels_html/hotel-0388.html,100,100,100,100,100,100
44,hotels_html/booking-0480.html,100,100,0,100,100,0
44,hotels_html/booking-1818.html,100,100,0,100,100,0
44,hotels_html/kayak-1048.html,100,100,0,100,100,0
44,hotels_html/trip-0555.html,100,100,100,100,100,100
44,hotels_html/hotel-1594.html,100,100,100,0,100,0
44,hotels_html/hotel-0235.html,100,100,100,0,100,0
44,hotels_html/kayak-0595.html,100,100,100,100,100,100
44,hotels_html/booking-0129.html,100,100,0,100,100,0
44,hotels_html/booking-2091.html,100,100,0,100,100,0
44,hotels_html/trip-1312.html,100,100,100,100,100,100
44,hotels_html/hotel-2081.html,100,100,100,0,100,0
44,hotels_html/agoda-1048.html,100,100,100,100,100,100
44,hotels_html/trip-0463.html,100,100,100,100,100,100
44,hotels_html/agoda-1744.html,100,100,0,100,100,0
44,hotels_html/booking-0569.html,100,100,0,100,100,0
44,hotels_html/agoda-0775.html,100,100,100,100,100,100
44,hotels_html/hotel-1105.html,100,100,100,100,100,100
44,hotels_html/hotel-1649.html,100,100,100,100,100,100
44,hotels_html/trip-0579.html,100,100,100,100,100,100
44,hotels_html/kayak-0751.html,100,100,0,100,100,0
44,hotels_html/trip-1479.html,100,100,100,100,100,100
44,hotels_html/kayak-1255.html,100,100,100,100,100,100
44,hotels_html/hotel-0280.html,100,100,100,100,100,100
44,hotels_html/kayak-1599.html,100,100,0,100,100,0
44,hotels_html/hotel-0895.html,100,100,100,100,100,100
44,hotels_html/trip-1710.html,100,100,100,100,100,100
44,hotels_html/hotel-0164.html,100,100,100,100,100,100
44,hotels_html/agoda-0423.html,100,100,0,100,100,0
44,hotels_html/kayak-0514.html,100,100,100,100,100,100
44,hotels_html/agoda-0663.html,100,100,0,100,100,0
44,hotels_html/trip-0872.html,100,100,0,100,100,0
44,hotels_html/hotel-0818.html,100,100,100,100,100,100
44,hotels_html/kayak-0068.html,100,100,0,100,100,0
44,hotels_html/booking-2065.html,100,100,0,100,100,0
44,hotels_html/trip-0821.html,100,100,100,100,100,100
44,hotels_html/agoda-0253.html,100,100,100,100,100,100
44,hotels_html/kayak-0864.html,100,100,0,100,100,0
44,hotels_html/trip-0108.html,100,100,100,100,100,100
44,hotels_html/kayak-1915.html,100,100,0,100,100,0
44,hotels_html/kayak-1656.html,100,100,0,100,100,0
44,hotels_html/kayak-1967.html,100,100,0,100,100,0
44,hotels_html/agoda-1994.html,100,100,0,100,100,0
44,hotels_html/booking-0252.html,100,100,0,100,100,0
44,hotels_html/hotel-1116.html,100,100,100,100,100,100
44,hotels_html/kayak-1027.html,100,100,0,100,100,0
44,hotels_html/hotel-0346.html,100,100,100,100,100,100
44,hotels_html/kayak-1540.html,100,100,0,100,100,0
44,hotels_html/hotel-0685.html,100,100,100,100,100,100
44,hotels_html/booking-0697.html,100,100,0,100,100,0
44,hotels_html/hotel-0570.html,100,100,100,100,100,100
44,hotels_html/booking-1635.html,100,100,0,100,100,0
44,hotels_html/hotel-1057.html,100,100,0,100,100,0
44,hotels_html/booking-2087.html,100,100,0,100,100,0
44,hotels_html/agoda-1015.html,100,100,100,100,100,100
44,hotels_html/agoda-1998.html,100,100,100,100,100,100
44,hotels_html/agoda-1886.html,100,100,0,100,100,0
44,hotels_html/hotel-1690.html,100,100,100,0,100,0
44,hotels_html/trip-1716.html,100,100,100,100,100,100
44,hotels_html/trip-1383.html,100,100,100,100,100,100
44,hotels_html/booking-0487.html,100,100,0,100,100,0
44,hotels_html/trip-0922.html,100,100,100,100,100,100
44,hotels_html/booking-0319.html,100,100,0,100,100,0
44,hotels_html/trip-0725.html,100,100,100,100,100,100
44,hotels_html/kayak-0481.html,100,100,100,100,100,100
44,hotels_html/agoda-0432.html,100,100,100,100,100,100
44,hotels_html/trip-0246.html,100,100,100,100,100,100
44,hotels_html/trip-1734.html,100,100,0,100,100,0
44,hotels_html/agoda-0645.html,100,100,100,100,100,100
44,hotels_html/kayak-0273.html,100,100,100,100,100,100
44,hotels_html/hotel-1110.html,100,100,100,100,100,100
44,hotels_html/agoda-0853.html,100,100,100,100,100,100
44,hotels_html/kayak-1261.html,100,100,100,100,100,100
44,hotels_html/trip-0572.html,100,100,100,100,100,100
44,hotels_html/trip-0048.html,100,100,100,100,100,100
44,hotels_html/booking-1109.html,100,100,0,100,100,0
44,hotels_html/agoda-0922.html,100,100,0,100,100,0
44,hotels_html/trip-1976.html,100,100,100,100,100,100
44,hotels_html/hotel-1159.html,100,100,100,0,100,0
44,hotels_html/booking-1889.html,100,100,0,100,100,0
44,hotels_html/trip-0638.html,100,100,100,100,100,100
44,hotels_html/booking-0093.html,100,100,0,100,100,0
44,hotels_html/booking-1433.html,100,100,0,100,100,0
44,hotels_html/booking-0043.html,100,100,0,100,100,0
44,hotels_html/agoda-1704.html,100,100,100,100,100,100
44,hotels_html/booking-1452.html,100,100,0,100,100,0
44,hotels_html/kayak-1260.html,100,100,100,100,100,100
44,hotels_html/booking-1098.html,100,100,0,100,100,0
44,hotels_html/trip-0410.html,100,100,100,100,100,100
44,hotels_html/trip-1914.html,100,100,100,100,100,100
44,hotels_html/agoda-1834.html,100,100,0,100,100,0
44,hotels_html/kayak-0831.html,100,100,100,100,100,100
44,hotels_html/trip-1472.html,100,100,100,100,100,100
44,hotels_html/booking-0411.html,100,100,0,100,100,0
44,hotels_html/agoda-0072.html,100,100,0,100,100,0
44,hotels_html/trip-0349.html,100,100,100,100,100,100
44,hotels_html/agoda-0448.html,100,100,0,100,100,0
44,hotels_html/trip-0175.html,100,100,100,100,100,100
44,hotels_html/hotel-1760.html,100,100,100,0,100,0
44,hotels_html/booking-1944.html,100,100,0,100,100,0
44,hotels_html/trip-0962.html,100,100,100,100,100,100
44,hotels_html/booking-1861.html,100,100,0,100,100,0
44,hotels_html/trip-2028.html,100,100,100,100,100,100
44,hotels_html/agoda-0795.html,100,100,0,100,100,0
44,hotels_html/hotel-0046.html,100,100,100,100,100,100
44,hotels_html/booking-0458.html,100,100,0,100,100,0
44,hotels_html/booking-0630.html,100,100,0,100,100,0
44,hotels_html/trip-1021.html,100,100,100,100,100,100
44,hotels_html/hotel-1939.html,100,100,100,100,100,100
44,hotels_html/kayak-1618.html,100,100,100,100,100,100
44,hotels_html/kayak-0402.html,100,100,100,100,100,100
44,hotels_html/booking-1178.html,100,100,0,100,100,0
44,hotels_html/agoda-1740.html,100,100,0,100,100,0
44,hotels_html/booking-2002.html,100,100,0,100,100,0
44,hotels_html/agoda-0914.html,100,100,100,100,100,100
44,hotels_html/booking-1436.html,100,100,0,100,100,0
44,hotels_html/trip-0350.html,100,100,100,100,100,100
44,hotels_html/booking-0650.html,100,100,0,100,100,0
44,hotels_html/agoda-0800.html,100,100,0,100,100,0
44,hotels_html/kayak-1247.html,100,100,100,100,100,100
44,hotels_html/kayak-0546.html,100,100,0,100,100,0
44,hotels_html/trip-0306.html,100,100,100,100,100,100
44,hotels_html/booking-1366.html,100,100,0,100,100,0
44,hotels_html/hotel-1607.html,100,100,100,100,100,100
44,hotels_html/booking-0190.html,100,100,0,100,100,0
44,hotels_html/booking-1385.html,100,100,0,100,100,0
44,hotels_html/trip-0507.html,100,100,100,100,100,100
44,hotels_html/booking-1941.html,100,100,0,100,100,0
44,hotels_html/trip-1096.html,100,100,100,100,100,100
44,hotels_html/kayak-0098.html,100,100,100,100,100,100
44,hotels_html/hotel-0503.html,100,100,0,100,100,0
44,hotels_html/hotel-0391.html,100,100,100,0,100,0
44,hotels_html/kayak-0327.html,100,100,0,100,100,0
44,hotels_html/booking-0468.html,100,100,0,100,100,0
44,hotels_html/kayak-0849.html,100,100,0,100,100,0
44,hotels_html/trip-0683.html,100,100,100,100,100,100
44,hotels_html/agoda-0763.html,100,100,0,100,100,0
44,hotels_html/kayak-0814.html,100,100,0,100,100,0
44,hotels_html/hotel-1233.html,100,100,100,100,100,100
44,hotels_html/agoda-0740.html,100,100,100,100,100,100
44,hotels_html/agoda-0449.html,100,100,0,100,100,0
44,hotels_html/agoda-0614.html,100,100,100,100,100,100
44,hotels_html/trip-1636.html,100,100,0,100,100,0
44,hotels_html/hotel-0056.html,100,100,0,100,100,0
44,hotels_html/trip-1868.html,100,100,100,100,100,100
44,hotels_html/agoda-0186.html,100,100,100,100,100,100
44,hotels_html/kayak-1468.html,100,100,0,100,100,0
44,hotels_html/agoda-1059.html,100,100,0,100,100,0
44,hotels_html/agoda-0484.html,100,100,0,100,100,0
44,hotels_html/agoda-1660.html,100,100,0,100,100,0
44,hotels_html/hotel-0699.html,100,100,100,100,100,100
44,hotels_html/trip-0717.html,100,100,100,100,100,100
44,hotels_html/trip-1225.html,100,100,0,100,100,0
44,hotels_html/agoda-1069.html,100,100,0,100,100,0
44,hotels_html/kayak-0039.html,100,0,0,100,100,0
44,hotels_html/kayak-1144.html,100,100,0,100,100,0
44,hotels_html/booking-1209.html,100,100,0,100,100,0
44,hotels_html/hotel-0010.html,100,100,100,100,100,100
44,hotels_html/trip-0885.html,100,100,100,100,100,100
44,hotels_html/trip-1301.html,100,100,0,100,100,0
44,hotels_html/kayak-0416.html,100,100,0,100,100,0
44,hotels_html/trip-1659.html,100,100,100,100,100,100
44,hotels_html/trip-1577.html,100,100,0,100,100,0
44,hotels_html/hotel-0879.html,100,100,100,100,100,100
44,hotels_html/trip-1468.html,100,100,100,100,100,100
44,hotels_html/hotel-2006.html,100,100,100,100,100,100
44,hotels_html/trip-0837.html,100,100,100,100,100,100
44,hotels_html/booking-1602.html,100,100,0,100,100,0
44,hotels_html/agoda-0977.html,100,100,100,100,100,100
44,hotels_html/booking-0761.html,100,100,0,100,0,0
44,hotels_html/booking-1673.html,100,100,0,100,100,0
44,hotels_html/trip-0446.html,100,100,100,100,100,100
44,hotels_html/trip-1514.html,100,100,100,100,100,100
44,hotels_html/hotel-0625.html,100,100,100,100,100,100
44,hotels_html/agoda-0980.html,100,100,100,100,100,100
44,hotels_html/agoda-1541.html,100,100,0,100,100,0
44,hotels_html/kayak-0468.html,100,100,100,100,100,100
44,hotels_html/trip-0764.html,100,100,100,100,100,100
44,hotels_html/trip-1464.html,100,100,100,100,100,100
44,hotels_html/trip-1800.html,100,100,100,100,100,100
44,hotels_html/agoda-1184.html,100,100,0,100,100,0
44,hotels_html/kayak-1445.html,100,100,100,100,100,100
44,hotels_html/agoda-1183.html,100,100,0,100,100,0
44,hotels_html/hotel-1393.html,100,100,100,100,100,100
44,hotels_html/agoda-0430.html,100,100,100,100,100,100
44,hotels_html/trip-0790.html,100,100,0,100,100,0
44,hotels_html/agoda-1463.html,100,100,100,100,100,100
44,hotels_html/kayak-1622.html,100,100,0,100,100,0
44,hotels_html/hotel-0724.html,100,100,0,100,100,0
44,hotels_html/hotel-0835.html,100,100,100,100,100,100
44,hotels_html/kayak-0322.html,100,100,0,100,100,0
44,hotels_html/booking-1325.html,100,100,0,100,100,0
44,hotels_html/booking-1548.html,100,100,0,100,100,0
44,hotels_html/kayak-1015.html,100,100,0,100,100,0
44,hotels_html/booking-1864.html,100,100,0,100,100,0
44,hotels_html/agoda-0871.html,100,100,0,100,100,0
44,hotels_html/agoda-1097.html,100,100,0,100,100,0
44,hotels_html/trip-2134.html,100,100,100,100,100,100
44,hotels_html/booking-1969.html,100,100,0,100,100,0
44,hotels_html/kayak-0377.html,100,100,0,100,100,0
44,hotels_html/kayak-0619.html,100,100,100,100,100,100
44,hotels_html/hotel-0320.html,100,100,100,100,100,100
44,hotels_html/hotel-1639.html,100,100,100,0,100,0
44,hotels_html/hotel-1542.html,100,100,100,100,100,100
44,hotels_html/trip-1702.html,100,100,100,100,100,100
44,hotels_html/booking-0970.html,100,100,0,100,100,0
44,hotels_html/agoda-1035.html,100,100,0,100,100,0
44,hotels_html/kayak-0554.html,100,100,0,100,100,0
44,hotels_html/agoda-1615.html,100,100,0,100,100,0
44,hotels_html/kayak-1668.html,100,100,0,100,100,0
44,hotels_html/hotel-1191.html,100,100,100,100,100,100
44,hotels_html/agoda-0646.html,100,100,100,100,100,100
44,hotels_html/kayak-0602.html,100,100,100,100,100,100
44,hotels_html/agoda-0170.html,100,100,0,100,100,0
44,hotels_html/booking-1401.html,100,100,0,100,100,0
44,hotels_html/hotel-0508.html,100,100,0,100,100,0
44,hotels_html/agoda-0027.html,100,100,100,100,100,100
44,hotels_html/hotel-1041.html,100,100,100,100,100,100
44,hotels_html/hotel-0559.html,100,100,100,100,100,100
44,hotels_html/kayak-1511.html,100,100,0,100,100,0
44,hotels_html/agoda-1758.html,100,100,100,100,100,100
44,hotels_html/trip-1794.html,100,100,100,100,100,100
44,hotels_html/trip-2076.html,100,100,100,100,100,100
44,hotels_html/kayak-0771.html,100,100,0,100,100,0
44,hotels_html/hotel-0630.html,100,100,100,100,100,100
44,hotels_html/agoda-1271.html,100,100,0,100,100,0
44,hotels_html/hotel-0194.html,100,100,100,100,100,100
44,hotels_html/agoda-0376.html,100,100,100,100,100,100
44,hotels_html/agoda-0196.html,100,100,0,100,100,0
44,hotels_html/trip-1798.html,100,100,100,100,100,100
44,hotels_html/trip-0157.html,100,100,100,100,100,100
44,hotels_html/trip-0472.html,100,100,100,100,100,100
44,hotels_html/trip-1009.html,100,100,100,100,100,100
44,hotels_html/booking-0336.html,100,100,0,100,100,0
44,hotels_html/trip-1305.html,100,100,100,100,100,100
44,hotels_html/trip-0241.html,100,100,100,100,100,100
44,hotels_html/booking-0004.html,100,100,0,100,100,0
44,hotels_html/hotel-0003.html,100,100,100,100,100,100
44,hotels_html/hotel-0270.html,100,100,100,0,100,0
44,hotels_html/agoda-1986.html,100,100,0,100,100,0
44,hotels_html/booking-0268.html,100,100,0,100,100,0
44,hotels_html/trip-2054.html,100,100,100,100,100,100
44,hotels_html/booking-2007.html,100,100,0,100,100,0
44,hotels_html/kayak-1263.html,100,100,100,100,100,100
44,hotels_html/hotel-0866.html,100,100,100,100,100,100
44,hotels_html/kayak-1856.html,100,100,100,100,100,100
44,hotels_html/trip-0169.html,100,100,100,100,100,100
44,hotels_html/hotel-0962.html,100,100,0,100,100,0
44,hotels_html/booking-0694.html,100,100,0,100,100,0
44,hotels_html/hotel-1691.html,100,100,100,100,100,100
44,hotels_html/booking-1970.html,100,100,0,100,100,0
44,hotels_html/booking-0008.html,100,100,0,100,100,0
44,hotels_html/kayak-1296.html,100,100,0,100,100,0
44,hotels_html/kayak-0591.html,100,100,0,100,100,0
44,hotels_html/trip-0617.html,100,100,100,100,100,100
44,hotels_html/agoda-1570.html,100,100,0,100,100,0
44,hotels_html/booking-0887.html,100,100,0,100,100,0
44,hotels_html/booking-1176.html,100,100,0,100,100,0
44,hotels_html/kayak-0464.html,100,100,100,100,100,100
44,hotels_html/hotel-1748.html,100,100,100,100,100,100
44,hotels_html/trip-0059.html,100,100,100,100,100,100
44,hotels_html/booking-0829.html,100,100,0,100,100,0
44,hotels_html/agoda-1332.html,100,100,0,100,100,0
44,hotels_html/booking-0643.html,100,100,0,100,100,0
44,hotels_html/kayak-1623.html,100,100,0,100,100,0
44,hotels_html/trip-1005.html,100,100,100,100,100,100
44,hotels_html/booking-0460.html,100,100,0,100,100,0
44,hotels_html/hotel-0386.html,100,100,100,100,100,100
44,hotels_html/trip-0817.html,100,100,100,100,100,100
44,hotels_html/booking-1756.html,100,100,0,100,100,0
44,hotels_html/kayak-1665.html,100,100,0,100,100,0
44,hotels_html/trip-0404.html,100,100,100,100,100,100
44,hotels_html/trip-1454.html,100,100,100,100,100,100
44,hotels_html/trip-0627.html,100,100,100,100,100,100
44,hotels_html/agoda-0145.html,100,100,0,100,100,0
44,hotels_html/agoda-1003.html,100,100,0,100,100,0
44,hotels_html/agoda-1379.html,100,100,0,100,100,0
44,hotels_html/booking-0925.html,100,100,0,100,100,0
44,hotels_html/agoda-0689.html,100,100,100,100,100,100
44,hotels_html/hotel-1485.html,100,100,100,100,100,100
44,hotels_html/agoda-0589.html,100,100,100,100,100,100
44,hotels_html/hotel-1076.html,100,100,100,0,100,0
44,hotels_html/hotel-0494.html,100,100,100,100,100,100
44,hotels_html/hotel-1602.html,100,100,100,100,100,100
44,hotels_html/trip-1894.html,100,100,100,100,100,100
44,hotels_html/trip-0867.html,100,100,100,100,100,100
44,hotels_html/kayak-1295.html,100,100,100,100,100,100
44,hotels_html/booking-1568.html,100,100,0,100,100,0
44,hotels_html/trip-0719.html,100,100,100,100,100,100
44,hotels_html/kayak-0609.html,100,100,0,100,100,0
44,hotels_html/kayak-0832.html,100,100,0,100,100,0
44,hotels_html/booking-0354.html,100,100,0,100,100,0
44,hotels_html/trip-1815.html,100,100,100,100,100,100
44,hotels_html/trip-1412.html,100,100,100,100,100,100
44,hotels_html/hotel-0637.html,100,100,100,100,100,100
44,hotels_html/kayak-1078.html,100,100,0,100,100,0
44,hotels_html/trip-0478.html,100,100,100,100,100,100
44,hotels_html/trip-0421.html,100,100,100,100,100,100
44,hotels_html/agoda-1262.html,100,100,100,100,100,100
44,hotels_html/kayak-0531.html,100,100,0,100,100,0
44,hotels_html/hotel-1549.html,100,100,100,0,100,0
44,hotels_html/trip-1243.html,100,100,0,100,100,0
44,hotels_html/kayak-0527.html,100,100,100,100,100,100
44,hotels_html/hotel-1088.html,100,100,100,0,100,0
44,hotels_html/hotel-1071.html,100,100,100,0,100,0
44,hotels_html/booking-2035.html,100,100,0,100,100,0
44,hotels_html/trip-1282.html,100,100,0,100,100,0
44,hotels_html/trip-1610.html,100,100,100,100,100,100
44,hotels_html/hotel-1346.html,100,100,100,100,100,100
44,hotels_html/booking-0459.html,100,100,0,100,100,0
44,hotels_html/kayak-1063.html,100,100,0,100,100,0
44,hotels_html/agoda-1243.html,100,100,100,100,100,100
44,hotels_html/trip-1528.html,100,100,100,100,100,100
44,hotels_html/agoda-0870.html,100,100,0,100,100,0
44,hotels_html/hotel-1644.html,100,100,100,100,100,100
44,hotels_html/kayak-0108.html,100,100,0,100,100,0
44,hotels_html/kayak-1198.html,100,100,100,100,100,100
44,hotels_html/kayak-0316.html,100,100,0,100,100,0
44,hotels_html/booking-1607.html,100,100,0,100,100,0
44,hotels_html/booking-0731.html,100,100,0,100,100,0
44,hotels_html/booking-1234.html,100,100,0,100,100,0
44,hotels_html/trip-0776.html,100,100,100,100,100,100
44,hotels_html/booking-1139.html,100,100,0,100,100,0
44,hotels_html/kayak-1403.html,100,100,100,100,100,100
44,hotels_html/kayak-0797.html,100,100,100,100,100,100
44,hotels_html/hotel-1966.html,100,100,100,100,100,100
44,hotels_html/agoda-0167.html,100,100,100,100,100,100
44,hotels_html/trip-1154.html,100,100,100,100,100,100
44,hotels_html/booking-0369.html,100,100,0,100,100,0
44,hotels_html/booking-2077.html,100,100,0,100,100,0
44,hotels_html/hotel-1312.html,100,100,100,100,100,100
44,hotels_html/hotel-1749.html,100,100,0,100,100,0
44,hotels_html/agoda-0458.html,100,100,0,100,100,0
44,hotels_html/kayak-0479.html,100,100,100,100,100,100
44,hotels_html/hotel-1534.html,100,100,100,100,100,100
44,hotels_html/booking-0809.html,100,100,0,100,100,0
44,hotels_html/hotel-1158.html,100,100,100,100,100,100
44,hotels_html/kayak-0574.html,100,100,0,100,100,0
44,hotels_html/kayak-0346.html,100,100,0,100,100,0
44,hotels_html/booking-0558.html,100,100,0,100,100,0
44,hotels_html/trip-0162.html,100,100,100,100,100,100
44,hotels_html/kayak-0166.html,100,100,0,100,100,0
44,hotels_html/hotel-0352.html,100,100,100,0,100,0
44,hotels_html/booking-1613.html,100,100,0,100,100,0
44,hotels_html/booking-1772.html,100,100,0,100,100,0
44,hotels_html/agoda-0959.html,100,100,100,100,100,100
44,hotels_html/trip-1233.html,100,100,100,100,100,100
44,hotels_html/hotel-0530.html,100,100,100,100,100,100
44,hotels_html/hotel-1800.html,100,100,100,100,100,100
44,hotels_html/hotel-0579.html,100,100,100,100,100,100
44,hotels_html/trip-1062.html,100,100,100,100,100,100
44,hotels_html/hotel-0893.html,100,100,100,100,100,100
44,hotels_html/booking-1538.html,100,100,0,100,100,0
44,hotels_html/hotel-1458.html,100,100,100,0,100,0
44,hotels_html/kayak-1935.html,100,100,0,100,100,0
44,hotels_html/hotel-1261.html,100,100,0,100,100,0
44,hotels_html/trip-0707.html,100,100,100,100,100,100
44,hotels_html/booking-0751.html,100,100,0,100,100,0
44,hotels_html/booking-2041.html,100,100,0,100,100,0
44,hotels_html/agoda-0790.html,100,100,100,100,100,100
44,hotels_html/kayak-1638.html,100,100,0,100,100,0
44,hotels_html/hotel-0493.html,100,100,0,100,100,0
44,hotels_html/kayak-0282.html,100,100,100,100,100,100
44,hotels_html/hotel-1612.html,100,100,0,100,100,0
44,hotels_html/booking-1164.html,100,100,0,100,100,0
44,hotels_html/trip-0993.html,100,100,100,100,100,100
44,hotels_html/booking-0832.html,100,100,0,100,100,0
44,hotels_html/kayak-1652.html,100,100,0,100,100,0
44,hotels_html/kayak-1752.html,100,100,0,100,100,0
44,hotels_html/trip-1959.html,100,100,100,100,100,100
44,hotels_html/kayak-0621.html,100,100,0,100,100,0
44,hotels_html/agoda-0915.html,100,100,0,100,100,0
44,hotels_html/hotel-0334.html,100,100,100,100,100,100
44,hotels_html/hotel-1528.html,100,100,100,100,100,100
44,hotels_html/agoda-1598.html,100,100,0,100,100,0
44,hotels_html/hotel-1788.html,100,100,100,100,100,100
44,hotels_html/booking-1129.html,100,100,0,100,100,0
44,hotels_html/agoda-0344.html,100,100,0,100,100,0
44,hotels_html/booking-1817.html,100,100,0,100,100,0
44,hotels_html/agoda-0383.html,100,100,0,100,100,0
44,hotels_html/kayak-0288.html,100,100,0,100,100,0
44,hotels_html/agoda-1716.html,100,100,100,100,100,100
44,hotels_html/booking-0549.html,100,100,0,100,100,0
44,hotels_html/agoda-1279.html,100,100,0,100,100,0
44,hotels_html/agoda-1505.html,100,100,100,100,100,100
44,hotels_html/trip-0420.html,100,100,100,100,100,100
44,hotels_html/trip-1298.html,100,100,100,100,100,100
44,hotels_html/trip-1065.html,100,100,100,100,100,100
44,hotels_html/hotel-1858.html,100,100,0,100,100,0
44,hotels_html/trip-0595.html,100,100,100,100,100,100
44,hotels_html/kayak-0029.html,100,100,0,100,100,0
44,hotels_html/trip-1647.html,100,100,100,100,100,100
44,hotels_html/kayak-0861.html,100,100,0,100,100,0
44,hotels_html/hotel-0443.html,100,100,0,100,100,0
44,hotels_html/hotel-1049.html,100,100,100,0,100,0
44,hotels_html/kayak-1317.html,100,100,0,100,100,0
44,hotels_html/hotel-1328.html,100,100,100,100,100,100
44,hotels_html/kayak-1104.html,100,100,0,100,100,0
44,hotels_html/kayak-1846.html,100,100,0,100,100,0
44,hotels_html/booking-1115.html,100,100,0,100,100,0
44,hotels_html/agoda-0673.html,100,100,100,100,100,100
44,hotels_html/agoda-1548.html,100,100,0,100,100,0
44,hotels_html/agoda-0994.html,100,100,100,100,100,100
44,hotels_html/kayak-1018.html,100,100,0,100,100,0
44,hotels_html/hotel-0550.html,100,100,100,100,100,100
44,hotels_html/agoda-1250.html,100,100,100,100,100,100
44,hotels_html/kayak-0965.html,100,100,0,100,0,0
44,hotels_html/trip-2043.html,100,100,100,100,100,100
44,hotels_html/booking-1083.html,100,100,0,100,100,0
44,hotels_html/kayak-0053.html,100,100,0,100,0,0
44,hotels_html/trip-1531.html,100,100,100,100,100,100
44,hotels_html/trip-2051.html,100,100,100,100,100,100
44,hotels_html/trip-1209.html,100,100,100,100,100,100
44,hotels_html/hotel-0997.html,100,100,100,100,100,100
44,hotels_html/kayak-1589.html,100,100,0,100,100,0
44,hotels_html/booking-2018.html,100,100,0,100,100,0
44,hotels_html/kayak-1910.html,100,100,0,100,100,0
44,hotels_html/hotel-0647.html,100,100,100,100,100,100
44,hotels_html/kayak-1368.html,100,100,100,100,100,100
44,hotels_html/kayak-0767.html,100,100,100,100,100,100
44,hotels_html/hotel-0292.html,100,100,100,0,100,0
44,hotels_html/kayak-0049.html,100,100,0,100,100,0
44,hotels_html/hotel-1750.html,100,100,100,0,100,0
44,hotels_html/trip-0245.html,100,100,100,100,100,100
44,hotels_html/agoda-1682.html,100,100,100,100,100,100
44,hotels_html/hotel-0993.html,100,100,100,100,100,100
44,hotels_html/kayak-1602.html,100,100,100,100,100,100
44,hotels_html/trip-1052.html,100,100,100,100,100,100
44,hotels_html/hotel-0429.html,100,100,100,100,100,100
44,hotels_html/booking-2067.html,100,100,0,100,100,0
44,hotels_html/booking-1711.html,100,100,0,100,100,0
44,hotels_html/agoda-1675.html,100,100,100,100,100,100
44,hotels_html/hotel-1037.html,100,100,100,100,100,100
44,hotels_html/trip-2022.html,100,100,100,100,100,100
44,hotels_html/agoda-0656.html,100,100,0,100,100,0
44,hotels_html/trip-0748.html,100,100,100,100,100,100
44,hotels_html/hotel-0610.html,100,100,100,100,100,100
44,hotels_html/kayak-1180.html,100,100,0,100,100,0
44,hotels_html/hotel-1830.html,100,100,100,0,100,0
44,hotels_html/hotel-1134.html,100,100,100,0,100,0
44,hotels_html/kayak-0882.html,100,100,100,100,100,100
44,hotels_html/hotel-0052.html,100,100,0,100,100,0
44,hotels_html/kayak-0533.html,100,100,0,100,100,0
44,hotels_html/trip-1553.html,100,100,100,100,100,100
44,hotels_html/booking-0934.html,100,100,0,100,100,0
44,hotels_html/hotel-1311.html,100,100,100,100,100,100
44,hotels_html/trip-1839.html,100,100,100,100,100,100
44,hotels_html/hotel-2045.html,100,100,100,100,100,100
44,hotels_html/kayak-0682.html,100,100,0,100,100,0
44,hotels_html/trip-0266.html,100,100,100,100,100,100
44,hotels_html/hotel-1027.html,100,100,100,100,100,100
44,hotels_html/trip-1795.html,100,100,100,100,100,100
44,hotels_html/hotel-1401.html,100,100,100,0,100,0
44,hotels_html/booking-0196.html,100,100,0,100,100,0
44,hotels_html/trip-0539.html,100,100,100,100,100,100
44,hotels_html/booking-0035.html,100,100,0,100,100,0
44,hotels_html/booking-1365.html,100,100,0,100,100,0
44,hotels_html/trip-1952.html,100,100,100,100,100,100
44,hotels_html/kayak-1848.html,100,100,0,100,100,0
44,hotels_html/trip-0792.html,100,100,100,100,100,100
44,hotels_html/agoda-0621.html,100,100,0,100,100,0
44,hotels_html/hotel-2098.html,100,100,100,100,100,100
44,hotels_html/agoda-0816.html,100,100,0,100,100,0
44,hotels_html/booking-0027.html,100,100,0,100,100,0
44,hotels_html/booking-1839.html,100,100,0,100,100,0
44,hotels_html/booking-0489.html,100,100,0,100,100,0
44,hotels_html/agoda-1859.html,100,100,0,100,100,0
44,hotels_html/agoda-1868.html,100,100,0,100,100,0
44,hotels_html/agoda-1110.html,100,100,100,100,100,100
44,hotels_html/hotel-1516.html,100,100,100,0,100,0
44,hotels_html/kayak-1426.html,100,100,100,100,100,100
44,hotels_html/kayak-0947.html,100,100,0,100,100,0
44,hotels_html/agoda-0381.html,100,100,0,100,100,0
44,hotels_html/agoda-0462.html,100,100,100,100,100,100
44,hotels_html/kayak-1304.html,100,100,100,100,100,100
44,hotels_html/kayak-1351.html,100,100,0,100,100,0
44,hotels_html/kayak-1221.html,100,100,100,100,100,100
44,hotels_html/kayak-1947.html,100,100,0,100,100,0
44,hotels_html/kayak-0643.html,100,100,0,100,100,0
44,hotels_html/trip-1777.html,100,100,100,100,100,100
44,hotels_html/agoda-0567.html,100,100,0,100,100,0
44,hotels_html/agoda-1883.html,100,100,0,100,100,0
44,hotels_html/agoda-1568.html,100,100,0,100,100,0
44,hotels_html/booking-1812.html,100,100,0,100,100,0
44,hotels_html/booking-1111.html,100,100,0,100,100,0
44,hotels_html/trip-1091.html,100,100,100,100,100,100
44,hotels_html/agoda-1750.html,100,100,0,100,100,0
44,hotels_html/hotel-1844.html,100,100,100,100,100,100
44,hotels_html/hotel-1926.html,100,100,100,100,100,100
44,hotels_html/booking-1634.html,100,100,0,100,100,0
44,hotels_html/agoda-0339.html,100,100,0,100,100,0
44,hotels_html/agoda-1860.html,100,100,0,100,100,0
44,hotels_html/hotel-0795.html,100,100,0,100,100,0
44,hotels_html/hotel-1154.html,100,100,100,100,100,100
44,hotels_html/kayak-0671.html,100,100,100,100,100,100
44,hotels_html/hotel-0844.html,100,100,100,0,100,0
44,hotels_html/booking-0438.html,100,100,0,100,100,0
44,hotels_html/kayak-1181.html,100,100,100,100,100,100
44,hotels_html/agoda-1288.html,100,100,100,100,100,100
44,hotels_html/trip-1470.html,100,100,100,100,100,100
44,hotels_html/booking-0374.html,100,100,0,100,100,0
44,hotels_html/kayak-1859.html,100,100,0,100,100,0
44,hotels_html/kayak-1205.html,100,100,0,100,100,0
44,hotels_html/hotel-1693.html,100,100,100,0,100,0
44,hotels_html/hotel-2035.html,100,100,100,100,100,100
44,hotels_html/agoda-1990.html,100,100,0,100,100,0
44,hotels_html/hotel-1636.html,100,100,100,100,100,100
44,hotels_html/kayak-1162.html,100,100,0,100,100,0
44,hotels_html/kayak-1467.html,100,100,100,100,100,100
44,hotels_html/hotel-0646.html,100,100,0,100,100,0
44,hotels_html/agoda-0772.html,100,100,0,100,100,0
44,hotels_html/booking-1020.html,100,100,0,100,100,0
44,hotels_html/kayak-0006.html,100,100,0,100,100,0
44,hotels_html/trip-0827.html,100,100,100,100,100,100
44,hotels_html/agoda-0581.html,100,100,0,100,100,0
44,hotels_html/agoda-1036.html,100,100,100,100,100,100
44,hotels_html/booking-0079.html,100,100,0,100,100,0
44,hotels_html/trip-1697.html,100,100,100,100,100,100
44,hotels_html/kayak-0367.html,100,100,0,100,100,0
44,hotels_html/hotel-1945.html,100,100,100,100,100,100
44,hotels_html/hotel-1928.html,100,100,100,100,100,100
44,hotels_html/kayak-1649.html,100,100,0,100,100,0
44,hotels_html/agoda-1553.html,100,100,0,100,100,0
44,hotels_html/booking-0654.html,100,100,0,100,100,0
44,hotels_html/agoda-0497.html,100,100,0,100,100,0
44,hotels_html/agoda-0624.html,100,100,100,100,100,100
44,hotels_html/booking-0478.html,100,100,0,100,100,0
44,hotels_html/agoda-0171.html,100,100,0,100,100,0
44,hotels_html/agoda-0017.html,100,100,0,100,100,0
44,hotels_html/booking-1846.html,100,100,0,100,100,0
44,hotels_html/trip-0219.html,100,100,100,100,100,100
44,hotels_html/trip-0021.html,100,100,100,100,100,100
44,hotels_html/agoda-1402.html,100,100,100,100,100,100
44,hotels_html/booking-0488.html,100,100,0,100,100,0
44,hotels_html/kayak-1959.html,100,100,0,100,100,0
44,hotels_html/trip-1899.html,100,100,100,100,100,100
44,hotels_html/booking-0568.html,100,100,0,100,100,0
44,hotels_html/agoda-1671.html,100,100,0,100,100,0
44,hotels_html/hotel-0864.html,100,100,100,100,100,100
44,hotels_html/trip-0005.html,100,100,100,100,100,100
44,hotels_html/hotel-0816.html,100,100,100,100,100,100
44,hotels_html/hotel-1650.html,100,100,100,100,100,100
44,hotels_html/kayak-0431.html,100,100,100,100,100,100
44,hotels_html/hotel-0998.html,100,100,100,0,100,0
44,hotels_html/agoda-1074.html,100,100,0,100,100,0
44,hotels_html/kayak-0839.html,100,100,100,100,100,100
44,hotels_html/trip-0506.html,100,100,100,100,100,100
44,hotels_html/agoda-0337.html,100,100,0,100,100,0
44,hotels_html/agoda-1810.html,100,100,0,100,100,0
44,hotels_html/booking-0506.html,100,100,0,100,100,0
44,hotels_html/agoda-1603.html,100,100,100,100,100,100
44,hotels_html/agoda-1817.html,100,100,0,100,100,0
44,hotels_html/trip-1900.html,100,100,100,100,100,100
44,hotels_html/trip-0604.html,100,100,100,100,100,100
44,hotels_html/hotel-0234.html,100,100,100,100,100,100
44,hotels_html/trip-1756.html,100,100,100,100,100,100
44,hotels_html/hotel-0170.html,100,100,100,100,100,100
44,hotels_html/agoda-1208.html,100,100,100,100,100,100
44,hotels_html/trip-0062.html,100,100,100,100,100,100
44,hotels_html/kayak-0511.html,100,100,0,100,100,0
44,hotels_html/kayak-0555.html,100,100,0,100,100,0
44,hotels_html/agoda-0451.html,100,100,100,100,100,100
44,hotels_html/kayak-1300.html,100,100,0,100,100,0
44,hotels_html/trip-0249.html,100,100,100,100,100,100
44,hotels_html/hotel-1645.html,100,100,100,0,100,0
44,hotels_html/trip-1334.html,100,100,100,100,100,100
44,hotels_html/hotel-1204.html,100,100,100,0,100,0
44,hotels_html/agoda-0401.html,100,100,0,100,100,0
44,hotels_html/trip-0630.html,100,100,100,100,100,100
44,hotels_html/booking-0104.html,100,100,0,100,100,0
44,hotels_html/kayak-0783.html,100,100,100,100,100,100
44,hotels_html/booking-0909.html,100,100,0,100,100,0
44,hotels_html/trip-0084.html,100,100,100,100,100,100
44,hotels_html/kayak-1030.html,100,100,0,100,100,0
44,hotels_html/hotel-2049.html,100,100,100,100,100,100
44,hotels_html/booking-1577.html,100,100,0,100,100,0
44,hotels_html/booking-1547.html,100,100,0,100,100,0
44,hotels_html/hotel-2061.html,100,100,100,100,100,100
44,hotels_html/booking-0033.html,100,100,0,100,100,0
44,hotels_html/hotel-1211.html,100,100,100,0,100,0
44,hotels_html/trip-0237.html,100,100,100,100,100,100
44,hotels_html/kayak-1593.html,100,100,0,100,100,0
44,hotels_html/trip-1164.html,100,100,100,100,100,100
44,hotels_html/hotel-0736.html,100,100,100,100,100,100
44,hotels_html/booking-0595.html,100,100,0,100,100,0
44,hotels_html/booking-0150.html,100,100,0,100,100,0
44,hotels_html/kayak-0001.html,100,100,100,100,100,100
44,hotels_html/agoda-0811.html,100,100,100,100,100,100
44,hotels_html/hotel-1115.html,100,100,100,0,100,0
44,hotels_html/booking-1771.html,100,100,0,100,100,0
44,hotels_html/hotel-1323.html,100,100,100,100,100,100
44,hotels_html/kayak-1407.html,100,100,0,100,100,0
44,hotels_html/trip-1329.html,100,100,100,100,100,100
44,hotels_html/trip-1664.html,100,100,100,100,100,100
44,hotels_html/trip-0692.html,100,100,100,100,100,100
44,hotels_html/booking-1542.html,100,100,0,100,100,0
44,hotels_html/booking-1942.html,100,100,0,100,100,0
44,hotels_html/hotel-0744.html,100,100,100,100,100,100
44,hotels_html/booking-0064.html,100,100,0,100,100,0
44,hotels_html/booking-1572.html,100,100,0,100,100,0
44,hotels_html/agoda-1313.html,100,100,0,100,100,0
44,hotels_html/hotel-0948.html,100,100,100,0,100,0
44,hotels_html/hotel-0439.html,100,100,100,100,100,100
44,hotels_html/agoda-1194.html,100,100,100,100,100,100
44,hotels_html/hotel-0772.html,100,100,100,100,100,100
44,hotels_html/hotel-1973.html,100,100,100,100,100,100
44,hotels_html/agoda-1263.html,100,100,0,100,100,0
44,hotels_html/hotel-0891.html,100,100,100,100,100,100
44,hotels_html/hotel-0690.html,100,100,100,100,100,100
44,hotels_html/kayak-1460.html,100,100,100,100,100,100
44,hotels_html/hotel-1643.html,100,100,100,100,100,100
44,hotels_html/booking-0187.html,100,100,0,100,100,0
44,hotels_html/hotel-0974.html,100,100,100,100,100,100
44,hotels_html/agoda-1565.html,100,100,0,100,100,0
44,hotels_html/trip-0141.html,100,100,100,100,100,100
44,hotels_html/booking-0433.html,100,100,0,100,100,0
44,hotels_html/booking-0805.html,100,100,0,100,100,0
44,hotels_html/kayak-0247.html,100,100,0,100,100,0
44,hotels_html/agoda-1507.html,100,100,0,100,100,0
44,hotels_html/hotel-0861.html,100,100,100,100,100,100
44,hotels_html/booking-0183.html,100,100,0,100,100,0
44,hotels_html/hotel-0959.html,100,100,0,100,100,0
44,hotels_html/trip-1543.html,100,100,100,100,100,100
44,hotels_html/trip-0284.html,100,100,100,100,100,100
44,hotels_html/hotel-1308.html,100,100,100,100,100,100
44,hotels_html/kayak-1798.html,100,100,0,100,100,0
44,hotels_html/hotel-0811.html,100,100,0,100,100,0
44,hotels_html/hotel-0776.html,100,100,100,100,100,100
44,hotels_html/agoda-0459.html,100,100,100,100,100,100
44,hotels_html/trip-0095.html,100,100,100,100,100,100
44,hotels_html/agoda-1389.html,100,100,0,100,100,0
44,hotels_html/trip-0583.html,100,100,100,100,100,100
44,hotels_html/booking-1402.html,100,100,0,100,100,0
44,hotels_html/hotel-2079.html,100,100,100,0,100,0
44,hotels_html/agoda-1465.html,100,100,0,100,100,0
44,hotels_html/trip-0775.html,100,100,100,100,100,100
44,hotels_html/hotel-1574.html,100,100,100,100,100,100
44,hotels_html/booking-1972.html,100,100,0,100,100,0
44,hotels_html/trip-1949.html,100,100,0,100,100,0
44,hotels_html/hotel-1762.html,100,100,100,0,100,0
44,hotels_html/booking-1419.html,100,100,0,100,100,0
44,hotels_html/booking-1417.html,100,100,0,100,100,0
44,hotels_html/hotel-2091.html,100,100,100,100,100,100
44,hotels_html/hotel-2014.html,100,100,100,100,100,100
44,hotels_html/kayak-0154.html,100,100,100,100,100,100
44,hotels_html/kayak-0370.html,100,100,0,100,100,0
44,hotels_html/booking-0632.html,100,100,0,100,100,0
44,hotels_html/hotel-1270.html,100,100,100,100,100,100
44,hotels_html/booking-0244.html,100,100,0,100,100,0
44,hotels_html/booking-1424.html,100,100,0,100,100,0
44,hotels_html/kayak-1860.html,100,100,0,100,100,0
44,hotels_html/hotel-0509.html,100,100,100,100,100,100
44,hotels_html/trip-0419.html,100,100,100,100,100,100
44,hotels_html/agoda-0993.html,100,100,0,100,100,0
44,hotels_html/booking-0543.html,100,100,0,100,100,0
44,hotels_html/agoda-0985.html,100,100,100,100,100,100
44,hotels_html/agoda-1907.html,100,100,0,100,100,0
44,hotels_html/kayak-0290.html,100,100,100,100,100,100
44,hotels_html/trip-1342.html,100,100,100,100,100,100
44,hotels_html/trip-0147.html,100,100,100,100,100,100
44,hotels_html/hotel-0554.html,100,100,0,100,100,0
44,hotels_html/trip-1633.html,100,100,100,100,100,100
44,hotels_html/agoda-0578.html,100,100,100,100,100,100
44,hotels_html/agoda-0965.html,100,100,100,100,100,100
44,hotels_html/booking-0863.html,100,100,0,100,100,0
44,hotels_html/booking-1541.html,100,100,0,100,100,0
44,hotels_html/agoda-0623.html,100,100,100,100,100,100
44,hotels_html/kayak-1505.html,100,100,0,100,100,0
44,hotels_html/hotel-1238.html,100,100,100,0,100,0
44,hotels_html/booking-1537.html,100,100,0,100,100,0
44,hotels_html/agoda-1928.html,100,100,0,100,100,0
44,hotels_html/hotel-0907.html,100,100,100,100,100,100
44,hotels_html/trip-0596.html,100,100,100,100,100,100
44,hotels_html/hotel-0142.html,100,100,100,100,100,100
44,hotels_html/agoda-1612.html,100,100,100,100,100,100
44,hotels_html/agoda-0657.html,100,100,100,100,100,100
44,hotels_html/booking-1741.html,100,100,0,100,100,0
44,hotels_html/kayak-0446.html,100,100,100,100,100,100
44,hotels_html/agoda-0060.html,100,100,100,100,100,100
44,hotels_html/hotel-0561.html,100,100,100,100,100,100
44,hotels_html/booking-0547.html,100,100,0,100,100,0
44,hotels_html/hotel-0768.html,100,100,100,100,100,100
44,hotels_html/agoda-1865.html,100,100,0,100,100,0
44,hotels_html/trip-0997.html,100,100,100,100,100,100
44,hotels_html/kayak-1192.html,100,100,100,100,100,100
44,hotels_html/hotel-1576.html,100,100,100,100,100,100
44,hotels_html/agoda-1997.html,100,100,0,100,100,0
44,hotels_html/agoda-0728.html,100,100,100,100,100,100
44,hotels_html/trip-0608.html,100,100,100,100,100,100
44,hotels_html/kayak-1253.html,100,100,100,100,100,100
44,hotels_html/hotel-1923.html,100,100,100,0,100,0
44,hotels_html/trip-0509.html,100,100,100,100,100,100
44,hotels_html/kayak-1896.html,100,100,0,100,100,0
44,hotels_html/kayak-1893.html,100,100,0,100,100,0
44,hotels_html/trip-1951.html,100,100,100,100,100,100
44,hotels_html/booking-0787.html,100,100,0,100,100,0
44,hotels_html/trip-1638.html,100,100,100,100,100,100
44,hotels_html/kayak-0618.html,100,100,100,100,100,100
44,hotels_html/hotel-1967.html,100,100,100,100,100,100
44,hotels_html/booking-0593.html,100,100,0,100,100,0
44,hotels_html/booking-1723.html,100,100,0,100,100,0
44,hotels_html/hotel-1765.html,100,100,0,100,100,0
44,hotels_html/hotel-1638.html,100,100,100,0,100,0
44,hotels_html/trip-0039.html,100,100,0,100,100,0
44,hotels_html/hotel-1327.html,100,100,100,100,100,100
44,hotels_html/booking-1297.html,100,100,0,100,100,0
44,hotels_html/kayak-0422.html,100,100,0,100,100,0
44,hotels_html/agoda-1077.html,100,100,0,100,100,0
44,hotels_html/booking-1488.html,100,100,0,100,100,0
44,hotels_html/trip-0365.html,100,100,100,100,100,100
44,hotels_html/trip-2044.html,100,100,100,100,100,100
44,hotels_html/agoda-0396.html,100,100,0,100,100,0
44,hotels_html/agoda-1592.html,100,100,0,100,100,0
44,hotels_html/agoda-1890.html,100,100,100,100,100,100
44,hotels_html/kayak-0113.html,100,100,0,100,100,0
44,hotels_html/agoda-0699.html,100,100,0,100,100,0
44,hotels_html/kayak-1284.html,100,100,100,100,100,100
44,hotels_html/kayak-0894.html,100,100,100,100,100,100
44,hotels_html/agoda-0058.html,100,100,100,100,100,100
44,hotels_html/hotel-0248.html,100,100,100,100,100,100
44,hotels_html/booking-0662.html,100,100,0,100,100,0
44,hotels_html/hotel-0513.html,100,100,100,100,100,100
44,hotels_html/kayak-0465.html,100,100,100,100,100,100
44,hotels_html/booking-0213.html,100,100,0,100,100,0
44,hotels_html/hotel-1474.html,100,100,100,100,100,100
44,hotels_html/trip-0870.html,100,100,100,100,100,100
44,hotels_html/agoda-1079.html,100,100,0,100,100,0
44,hotels_html/hotel-0239.html,100,100,100,100,100,100
44,hotels_html/hotel-0995.html,100,100,100,100,100,100
44,hotels_html/agoda-1611.html,100,100,0,100,100,0
44,hotels_html/agoda-0418.html,100,100,0,100,100,0
44,hotels_html/booking-1213.html,100,100,0,100,0,0
44,hotels_html/kayak-1452.html,100,100,100,100,100,100
44,hotels_html/hotel-0696.html,100,100,0,100,100,0
44,hotels_html/agoda-1492.html,100,100,100,100,100,100
44,hotels_html/hotel-1316.html,100,100,100,0,100,0
44,hotels_html/hotel-0442.html,100,100,100,100,100,100
44,hotels_html/booking-0287.html,100,100,0,100,100,0
44,hotels_html/trip-1083.html,100,100,100,100,100,100
44,hotels_html/trip-0517.html,100,100,100,100,100,100
44,hotels_html/agoda-0528.html,100,100,0,100,100,0
44,hotels_html/agoda-0290.html,100,100,0,100,100,0
44,hotels_html/booking-1364.html,100,100,0,100,100,0
44,hotels_html/kayak-1742.html,100,100,0,100,100,0
44,hotels_html/trip-1969.html,100,100,100,100,100,100
44,hotels_html/hotel-0904.html,100,100,100,0,100,0
44,hotels_html/booking-1522.html,100,100,0,100,100,0
44,hotels_html/agoda-1900.html,100,100,100,100,100,100
44,hotels_html/booking-1665.html,100,100,0,100,100,0
44,hotels_html/booking-0793.html,100,100,0,100,100,0
44,hotels_html/trip-0274.html,100,100,100,100,100,100
44,hotels_html/agoda-1161.html,100,100,0,100,100,0
44,hotels_html/booking-1794.html,100,100,0,100,100,0
44,hotels_html/agoda-1658.html,100,100,0,100,100,0
44,hotels_html/trip-1179.html,100,100,100,100,100,100
44,hotels_html/agoda-0252.html,100,100,0,100,100,0
44,hotels_html/kayak-0010.html,100,100,0,0,100,0
44,hotels_html/agoda-1085.html,100,100,0,100,100,0
44,hotels_html/booking-1313.html,100,100,0,100,100,0
44,hotels_html/kayak-1740.html,100,100,0,100,100,0
44,hotels_html/hotel-0449.html,100,100,100,100,100,100
44,hotels_html/trip-0116.html,100,100,100,100,100,100
44,hotels_html/hotel-0483.html,100,100,100,100,100,100
44,hotels_html/agoda-0769.html,100,100,0,100,100,0
44,hotels_html/hotel-0120.html,100,100,100,0,100,0
44,hotels_html/trip-0570.html,100,100,100,100,100,100
44,hotels_html/hotel-1224.html,100,100,100,100,100,100
44,hotels_html/booking-1201.html,100,100,0,100,100,0
44,hotels_html/hotel-0596.html,100,100,100,100,100,100
44,hotels_html/kayak-0535.html,100,100,0,100,100,0
44,hotels_html/hotel-0372.html,100,100,100,100,100,100
44,hotels_html/booking-0501.html,100,100,0,100,100,0
44,hotels_html/booking-1286.html,100,100,0,100,100,0
44,hotels_html/booking-0053.html,100,100,0,100,100,0
44,hotels_html/trip-0008.html,100,100,100,100,100,100
44,hotels_html/kayak-1744.html,100,100,0,100,100,0
44,hotels_html/hotel-1600.html,100,100,100,100,100,100
44,hotels_html/kayak-1950.html,100,100,100,100,100,100
44,hotels_html/hotel-0296.html,100,100,100,0,100,0
44,hotels_html/booking-1430.html,100,100,0,100,100,0
44,hotels_html/booking-0080.html,100,100,0,100,100,0
44,hotels_html/booking-0505.html,100,100,0,100,100,0
44,hotels_html/hotel-0271.html,100,100,100,100,100,100
44,hotels_html/agoda-0963.html,100,100,100,100,100,100
44,hotels_html/kayak-1362.html,100,100,100,100,100,100
44,hotels_html/trip-2143.html,100,100,100,100,100,100
44,hotels_html/booking-1813.html,100,100,0,100,100,0
44,hotels_html/booking-1136.html,100,100,0,100,100,0
44,hotels_html/agoda-1078.html,100,100,0,100,100,0
44,hotels_html/trip-0290.html,100,100,100,100,100,100
44,hotels_html/trip-1783.html,100,100,100,100,100,100
44,hotels_html/agoda-1974.html,100,100,0,100,100,0
44,hotels_html/kayak-0304.html,100,100,100,100,100,100
44,hotels_html/hotel-0424.html,100,100,0,100,100,0
44,hotels_html/trip-1039.html,100,100,100,100,100,100
44,hotels_html/kayak-1293.html,100,100,100,100,100,100
44,hotels_html/trip-1656.html,100,100,100,100,100,100
44,hotels_html/agoda-0157.html,100,100,0,100,100,0
44,hotels_html/agoda-0435.html,100,100,0,100,100,0
44,hotels_html/kayak-0194.html,100,100,0,0,100,0
44,hotels_html/booking-0258.html,100,100,0,100,100,0
44,hotels_html/kayak-0407.html,100,100,0,100,100,0
44,hotels_html/hotel-1708.html,100,100,0,100,100,0
44,hotels_html/trip-0640.html,100,100,100,100,100,100
44,hotels_html/kayak-0162.html,100,100,100,100,100,100
44,hotels_html/agoda-1943.html,100,100,100,100,100,100
44,hotels_html/kayak-0979.html,100,100,0,100,100,0
44,hotels_html/trip-0031.html,100,100,100,100,100,100
44,hotels_html/hotel-1213.html,100,100,100,100,100,100
44,hotels_html/kayak-1767.html,100,100,0,100,100,0
44,hotels_html/hotel-0210.html,100,100,100,100,100,100
44,hotels_html/kayak-1909.html,100,100,0,100,100,0
44,hotels_html/trip-0646.html,100,100,100,100,100,100
44,hotels_html/trip-0346.html,100,100,100,100,100,100
44,hotels_html/hotel-0377.html,100,100,100,100,100,100
44,hotels_html/trip-1256.html,100,100,100,100,100,100
44,hotels_html/hotel-0825.html,100,100,100,0,100,0
44,hotels_html/kayak-0762.html,100,100,0,100,100,0
44,hotels_html/trip-0457.html,100,100,100,100,100,100
44,hotels_html/trip-1180.html,100,100,0,100,100,0
44,hotels_html/hotel-1341.html,100,100,100,0,100,0
44,hotels_html/hotel-1078.html,100,100,100,100,100,100
44,hotels_html/booking-1337.html,100,100,0,100,100,0
44,hotels_html/kayak-1994.html,100,100,0,100,100,0
44,hotels_html/trip-1344.html,100,100,100,100,100,100
44,hotels_html/trip-1056.html,100,100,100,100,100,100
44,hotels_html/hotel-0238.html,100,100,100,100,100,100
44,hotels_html/kayak-0773.html,100,100,0,100,100,0
44,hotels_html/hotel-1009.html,100,100,100,100,100,100
44,hotels_html/hotel-0410.html,100,100,100,100,100,100
44,hotels_html/trip-0939.html,100,100,100,100,100,100
44,hotels_html/agoda-0910.html,100,100,100,100,100,100
44,hotels_html/agoda-0714.html,100,100,0,100,100,0
44,hotels_html/trip-0903.html,100,100,100,100,100,100
44,hotels_html/hotel-1582.html,100,100,100,100,100,100
44,hotels_html/agoda-1713.html,100,100,100,100,100,100
44,hotels_html/hotel-1508.html,100,100,100,0,100,0
44,hotels_html/hotel-0901.html,100,100,100,100,100,100
44,hotels_html/hotel-0710.html,100,100,100,100,100,100
44,hotels_html/agoda-1708.html,100,100,100,100,100,100
44,hotels_html/hotel-1286.html,100,100,100,0,100,0
44,hotels_html/trip-0970.html,100,100,100,100,100,100
44,hotels_html/kayak-0277.html,100,100,0,100,100,0
44,hotels_html/trip-1368.html,100,100,0,100,100,0
44,hotels_html/trip-0368.html,100,100,100,100,100,100
44,hotels_html/agoda-1093.html,100,100,100,100,100,100
44,hotels_html/booking-0106.html,100,100,0,100,100,0
44,hotels_html/booking-1422.html,100,100,0,100,100,0
44,hotels_html/kayak-1837.html,100,100,0,100,100,0
44,hotels_html/hotel-0228.html,100,100,100,100,100,100
44,hotels_html/booking-1093.html,100,100,0,100,100,0
44,hotels_html/kayak-1603.html,100,100,100,100,100,100
44,hotels_html/trip-1834.html,100,100,100,100,100,100
44,hotels_html/kayak-0886.html,100,100,0,100,100,0
44,hotels_html/booking-1059.html,100,100,0,100,100,0
44,hotels_html/hotel-0968.html,100,100,0,100,100,0
44,hotels_html/kayak-0669.html,100,100,0,100,100,0
44,hotels_html/kayak-1269.html,100,100,100,100,100,100
44,hotels_html/agoda-1167.html,100,100,100,100,100,100
44,hotels_html/hotel-0181.html,100,100,0,100,100,0
44,hotels_html/booking-1486.html,100,100,0,100,100,0
44,hotels_html/booking-2039.html,100,100,0,100,100,0
44,hotels_html/kayak-1373.html,100,100,100,100,100,100
44,hotels_html/hotel-1226.html,100,100,100,100,100,100
44,hotels_html/trip-0559.html,100,100,100,100,100,100
44,hotels_html/booking-0961.html,100,100,0,100,100,0
44,hotels_html/booking-0645.html,100,100,0,100,100,0
44,hotels_html/booking-2083.html,100,100,0,100,100,0
44,hotels_html/booking-1507.html,100,100,0,100,100,0
44,hotels_html/kayak-1682.html,100,100,0,100,100,0
44,hotels_html/agoda-1021.html,100,100,100,100,100,100
44,hotels_html/agoda-0108.html,100,100,0,100,100,0
44,hotels_html/kayak-0501.html,100,100,0,100,100,0
44,hotels_html/kayak-1930.html,100,100,0,100,100,0
44,hotels_html/trip-0659.html,100,100,100,100,100,100
44,hotels_html/kayak-0074.html,100,100,100,100,100,100
44,hotels_html/agoda-0754.html,100,100,0,100,100,0
44,hotels_html/agoda-1439.html,100,100,0,100,100,0
44,hotels_html/agoda-0695.html,100,100,0,100,100,0
44,hotels_html/trip-0125.html,100,100,100,100,100,100
44,hotels_html/booking-1841.html,100,100,0,100,100,0
44,hotels_html/hotel-1161.html,100,100,100,100,100,100
44,hotels_html/hotel-0527.html,100,100,0,100,100,0
44,hotels_html/agoda-0539.html,100,100,0,100,100,0
44,hotels_html/hotel-0058.html,100,100,100,100,100,100
44,hotels_html/hotel-0316.html,100,100,100,100,100,100
44,hotels_html/kayak-1694.html,100,100,0,100,100,0
44,hotels_html/booking-1761.html,100,100,0,100,100,0
44,hotels_html/agoda-0465.html,100,100,0,100,100,0
44,hotels_html/hotel-1052.html,100,100,100,100,100,100
44,hotels_html/agoda-1214.html,100,100,0,100,100,0
44,hotels_html/booking-1897.html,100,100,0,100,100,0
44,hotels_html/agoda-1822.html,100,100,0,100,100,0
44,hotels_html/hotel-1335.html,100,100,100,100,100,100
44,hotels_html/hotel-0668.html,100,100,100,100,100,100
44,hotels_html/hotel-1524.html,100,100,100,0,100,0
44,hotels_html/booking-1094.html,100,100,0,100,100,0
44,hotels_html/booking-1340.html,100,100,0,100,0,0
44,hotels_html/agoda-1841.html,100,100,0,100,100,0
44,hotels_html/kayak-1584.html,100,100,0,100,100,0
44,hotels_html/kayak-1827.html,100,100,0,100,100,0
44,hotels_html/kayak-1286.html,100,100,0,100,100,0
44,hotels_html/booking-0217.html,100,100,0,100,100,0
44,hotels_html/trip-1045.html,100,100,100,100,100,100
44,hotels_html/booking-0147.html,100,100,0,0,100,0
44,hotels_html/booking-1194.html,100,100,0,100,100,0
44,hotels_html/booking-1950.html,100,100,0,100,100,0
44,hotels_html/agoda-1516.html,100,100,0,100,100,0
44,hotels_html/agoda-0294.html,100,100,0,100,100,0
44,hotels_html/hotel-0187.html,100,100,100,100,100,100
44,hotels_html/hotel-1266.html,100,100,100,0,100,0
44,hotels_html/hotel-1086.html,100,100,100,100,100,100
44,hotels_html/trip-1089.html,100,100,100,100,100,100
44,hotels_html/booking-1440.html,100,100,0,100,100,0
44,hotels_html/booking-1719.html,100,100,0,100,100,0
44,hotels_html/booking-0783.html,100,100,0,100,100,0
44,hotels_html/trip-1071.html,100,100,100,100,100,100
44,hotels_html/hotel-0806.html,100,100,0,100,100,0
44,hotels_html/agoda-1633.html,100,100,0,100,100,0
44,hotels_html/booking-0412.html,100,100,0,100,100,0
44,hotels_html/agoda-0505.html,100,100,0,100,100,0
44,hotels_html/trip-0548.html,100,100,100,100,100,100
44,hotels_html/agoda-1975.html,100,100,100,100,100,100
44,hotels_html/trip-1423.html,100,100,100,100,100,100
44,hotels_html/trip-1741.html,100,100,100,100,100,100
44,hotels_html/agoda-1747.html,100,100,0,100,100,0
44,hotels_html/hotel-1898.html,100,100,100,100,100,100
44,hotels_html/hotel-1179.html,100,100,100,100,100,100
44,hotels_html/trip-0819.html,100,100,100,100,100,100
44,hotels_html/agoda-1696.html,100,100,0,100,100,0
44,hotels_html/hotel-0288.html,100,100,100,100,100,100
44,hotels_html/kayak-1083.html,100,100,0,100,100,0
44,hotels_html/hotel-0118.html,100,100,100,100,100,100
44,hotels_html/hotel-1300.html,100,100,100,100,100,100
44,hotels_html/booking-0849.html,100,100,0,100,100,0
44,hotels_html/hotel-1641.html,100,100,100,100,100,100
44,hotels_html/kayak-1587.html,100,100,0,100,100,0
44,hotels_html/hotel-0469.html,100,100,100,100,100,100
44,hotels_html/booking-0445.html,100,100,0,100,100,0
44,hotels_html/booking-0075.html,100,100,0,100,100,0
44,hotels_html/trip-1363.html,100,100,100,100,100,100
44,hotels_html/booking-0430.html,100,100,0,100,100,0
44,hotels_html/trip-1447.html,100,100,100,100,100,100
44,hotels_html/kayak-0382.html,100,100,100,100,100,100
44,hotels_html/kayak-1718.html,100,100,0,100,100,0
44,hotels_html/kayak-0893.html,100,100,0,100,100,0
44,hotels_html/booking-1633.html,100,100,0,100,100,0
44,hotels_html/kayak-1573.html,100,100,0,0,100,0
44,hotels_html/hotel-0645.html,100,100,100,100,100,100
44,hotels_html/agoda-0325.html,100,100,100,100,100,100
44,hotels_html/trip-0447.html,100,100,100,100,100,100
44,hotels_html/hotel-0770.html,100,100,100,100,100,100
44,hotels_html/agoda-1375.html,100,100,0,100,100,0
44,hotels_html/hotel-0257.html,100,100,100,100,100,100
44,hotels_html/hotel-0127.html,100,100,100,0,100,0
44,hotels_html/kayak-1199.html,100,100,0,100,100,0
44,hotels_html/booking-1386.html,100,100,0,100,100,0
44,hotels_html/agoda-0813.html,100,100,100,100,100,100
44,hotels_html/kayak-1768.html,100,100,0,100,100,0
44,hotels_html/booking-1961.html,100,100,0,100,100,0
44,hotels_html/hotel-1867.html,100,100,100,100,100,100
44,hotels_html/trip-0110.html,100,100,100,100,100,100
44,hotels_html/booking-0786.html,100,100,0,100,100,0
44,hotels_html/hotel-0679.html,100,100,100,100,100,100
44,hotels_html/trip-0945.html,100,100,100,100,100,100
44,hotels_html/hotel-0841.html,100,100,100,100,100,100
44,hotels_html/agoda-1132.html,100,100,100,100,100,100
44,hotels_html/kayak-0649.html,100,100,100,100,100,100
44,hotels_html/kayak-1225.html,100,100,100,100,100,100
44,hotels_html/kayak-1532.html,100,100,0,100,100,0
44,hotels_html/trip-0616.html,100,100,100,100,100,100
44,hotels_html/agoda-1004.html,100,100,100,100,100,100
44,hotels_html/kayak-1850.html,100,100,0,100,100,0
44,hotels_html/booking-0548.html,100,100,0,100,100,0
44,hotels_html/booking-1663.html,100,100,0,100,100,0
44,hotels_html/hotel-0110.html,100,100,100,0,100,0
44,hotels_html/agoda-1172.html,100,100,0,100,100,0
44,hotels_html/agoda-1430.html,100,100,100,100,100,100
44,hotels_html/agoda-0529.html,100,100,0,100,100,0
44,hotels_html/booking-0180.html,100,100,0,100,100,0
44,hotels_html/trip-0459.html,100,100,100,100,100,100
44,hotels_html/kayak-1617.html,100,100,0,100,100,0
44,hotels_html/booking-0427.html,100,100,0,100,100,0
44,hotels_html/agoda-1366.html,100,100,0,100,100,0
44,hotels_html/kayak-0452.html,100,100,0,100,100,0
44,hotels_html/agoda-1737.html,100,100,0,100,100,0
44,hotels_html/kayak-0438.html,100,100,100,100,100,100
44,hotels_html/booking-1530.html,100,100,0,100,100,0
44,hotels_html/agoda-0928.html,100,100,0,100,100,0
44,hotels_html/kayak-1096.html,100,100,0,100,100,0
44,hotels_html/hotel-0232.html,100,100,100,100,100,100
44,hotels_html/agoda-0600.html,100,100,0,100,100,0
44,hotels_html/agoda-1414.html,100,100,0,100,100,0
44,hotels_html/kayak-1050.html,100,100,0,100,100,0
44,hotels_html/trip-1311.html,100,100,100,100,100,100
44,hotels_html/trip-1027.html,100,100,100,100,100,100
44,hotels_html/trip-0633.html,100,100,100,100,100,100
44,hotels_html/kayak-1308.html,100,100,100,100,100,100
44,hotels_html/agoda-1559.html,100,100,100,100,100,100
44,hotels_html/agoda-1358.html,100,100,0,100,100,0
44,hotels_html/kayak-0566.html,100,100,100,100,100,100
44,hotels_html/trip-0109.html,100,100,100,100,100,100
44,hotels_html/agoda-1991.html,100,100,0,100,100,0
44,hotels_html/kayak-0770.html,100,100,0,0,100,0
44,hotels_html/trip-1660.html,100,100,100,100,100,100
44,hotels_html/hotel-1021.html,100,100,100,100,100,100
44,hotels_html/hotel-0595.html,100,100,100,100,100,100
44,hotels_html/hotel-0063.html,100,100,100,100,100,100
44,hotels_html/kayak-0021.html,100,100,0,100,100,0
44,hotels_html/kayak-0498.html,100,100,100,100,100,100
44,hotels_html/hotel-1172.html,100,100,100,100,100,100
44,hotels_html/booking-1010.html,100,100,0,100,100,0
44,hotels_html/kayak-1968.html,100,100,100,100,100,100
44,hotels_html/kayak-1366.html,100,100,100,100,100,100
44,hotels_html/hotel-0517.html,100,100,100,100,100,100
44,hotels_html/booking-1524.html,100,100,0,100,100,0
44,hotels_html/kayak-0780.html,100,100,0,100,100,0
44,hotels_html/agoda-1094.html,100,100,100,100,100,100
44,hotels_html/booking-1338.html,100,100,0,100,100,0
44,hotels_html/agoda-1923.html,100,100,0,100,100,0
44,hotels_html/agoda-0048.html,100,100,0,100,100,0
44,hotels_html/kayak-0152.html,100,100,0,100,0,0
44,hotels_html/hotel-1637.html,100,100,100,100,100,100
44,hotels_html/booking-0139.html,100,100,0,100,0,0
44,hotels_html/hotel-1377.html,100,100,100,0,100,0
44,hotels_html/trip-1990.html,100,100,100,100,100,100
44,hotels_html/agoda-0990.html,100,100,100,100,100,100
44,hotels_html/booking-1261.html,100,100,0,100,100,0
44,hotels_html/hotel-0660.html,100,100,100,100,100,100
44,hotels_html/booking-0642.html,100,100,0,100,100,0
44,hotels_html/booking-0154.html,100,100,0,100,100,0
44,hotels_html/kayak-1404.html,100,100,100,100,100,100
44,hotels_html/kayak-0077.html,100,100,100,100,100,100
44,hotels_html/hotel-0279.html,100,100,100,100,100,100
44,hotels_html/trip-1102.html,100,100,100,100,100,100
44,hotels_html/kayak-1803.html,100,100,0,100,100,0
44,hotels_html/hotel-2060.html,100,100,100,100,100,100
44,hotels_html/hotel-1235.html,100,100,100,100,100,100
44,hotels_html/kayak-0857.html,100,100,0,100,100,0
44,hotels_html/booking-1235.html,100,100,0,100,100,0
44,hotels_html/booking-0745.html,100,100,0,100,100,0
44,hotels_html/kayak-1277.html,100,100,0,100,100,0
44,hotels_html/hotel-0842.html,100,100,100,100,100,100
44,hotels_html/kayak-0240.html,100,100,0,100,0,0
44,hotels_html/booking-1600.html,100,100,0,100,100,0
44,hotels_html/booking-1585.html,100,100,0,100,100,0
44,hotels_html/hotel-1210.html,100,100,100,100,100,100
44,hotels_html/kayak-0165.html,100,100,0,100,100,0
44,hotels_html/hotel-0953.html,100,100,100,100,100,100
44,hotels_html/agoda-1935.html,100,100,100,100,100,100
44,hotels_html/booking-1821.html,100,100,0,100,100,0
44,hotels_html/booking-1375.html,100,100,0,100,100,0
44,hotels_html/trip-0631.html,100,100,100,100,100,100
44,hotels_html/hotel-0331.html,100,100,0,100,100,0
44,hotels_html/booking-0801.html,100,100,0,100,100,0
44,hotels_html/kayak-0414.html,100,100,0,100,100,0
44,hotels_html/hotel-2012.html,100,100,100,100,100,100
44,hotels_html/kayak-1312.html,100,100,100,100,100,100
44,hotels_html/agoda-0102.html,100,100,0,100,100,0
44,hotels_html/hotel-1871.html,100,100,100,100,100,100
44,hotels_html/booking-0896.html,100,100,0,100,100,0
44,hotels_html/agoda-1225.html,100,100,0,100,100,0
44,hotels_html/hotel-1399.html,100,100,100,0,100,0
44,hotels_html/trip-1346.html,100,100,100,100,100,100
44,hotels_html/hotel-0230.html,100,100,100,100,100,100
44,hotels_html/trip-0136.html,100,100,100,100,100,100
44,hotels_html/kayak-0919.html,100,100,0,100,100,0
44,hotels_html/kayak-1454.html,100,100,0,100,100,0
44,hotels_html/kayak-0573.html,100,100,100,100,100,100
44,hotels_html/kayak-1330.html,100,100,0,100,100,0
44,hotels_html/hotel-1835.html,100,100,100,0,100,0
44,hotels_html/booking-0455.html,100,100,0,100,100,0
44,hotels_html/agoda-1851.html,100,100,100,100,100,100
44,hotels_html/trip-1519.html,100,100,100,100,100,100
44,hotels_html/trip-0515.html,100,100,100,100,100,100
44,hotels_html/agoda-1106.html,100,100,0,100,100,0
44,hotels_html/hotel-1162.html,100,100,100,100,100,100
44,hotels_html/trip-1224.html,100,100,100,100,100,100
44,hotels_html/trip-1792.html,100,100,0,100,100,0
44,hotels_html/agoda-0489.html,100,100,0,100,100,0
44,hotels_html/booking-1298.html,100,100,0,100,100,0
44,hotels_html/kayak-1542.html,100,100,0,100,100,0
44,hotels_html/booking-0469.html,100,100,0,100,100,0
44,hotels_html/trip-1064.html,100,100,100,100,100,100
44,hotels_html/agoda-0014.html,100,100,100,100,100,100
44,hotels_html/agoda-0675.html,100,100,100,100,100,100
44,hotels_html/trip-0215.html,100,100,100,100,100,100
44,hotels_html/kayak-1446.html,100,100,100,100,100,100
44,hotels_html/kayak-0757.html,100,100,0,100,100,0
44,hotels_html/hotel-1402.html,100,100,100,0,100,0
44,hotels_html/kayak-1822.html,100,100,0,100,100,0
44,hotels_html/booking-1539.html,100,100,0,100,100,0
44,hotels_html/trip-1272.html,100,100,100,100,100,100
44,hotels_html/hotel-0718.html,100,100,100,100,100,100
44,hotels_html/trip-2002.html,100,100,100,100,100,100
44,hotels_html/booking-1810.html,100,100,0,100,100,0
44,hotels_html/trip-1796.html,100,100,100,100,100,100
44,hotels_html/hotel-1501.html,100,100,100,0,100,0
44,hotels_html/trip-1853.html,100,100,100,100,100,100
44,hotels_html/kayak-0952.html,100,100,100,100,100,100
44,hotels_html/trip-0826.html,100,100,100,100,100,100
44,hotels_html/trip-1485.html,100,100,100,100,100,100
44,hotels_html/kayak-1311.html,100,100,0,100,100,0
44,hotels_html/agoda-0787.html,100,100,0,100,100,0
44,hotels_html/trip-0545.html,100,100,100,100,100,100
44,hotels_html/booking-1928.html,100,100,0,100,100,0
44,hotels_html/agoda-0771.html,100,100,0,100,100,0
44,hotels_html/hotel-0201.html,100,100,100,0,100,0
44,hotels_html/kayak-1537.html,100,100,0,100,100,0
44,hotels_html/trip-0279.html,100,100,100,100,100,100
44,hotels_html/kayak-0543.html,100,100,0,100,100,0
44,hotels_html/kayak-1074.html,100,100,0,100,100,0
44,hotels_html/booking-0587.html,100,100,0,100,100,0
44,hotels_html/kayak-1262.html,100,100,100,100,100,100
44,hotels_html/hotel-0067.html,100,100,100,0,100,0
44,hotels_html/booking-1015.html,100,100,0,100,100,0
44,hotels_html/booking-0283.html,100,100,0,100,100,0
44,hotels_html/booking-1684.html,100,100,0,100,100,0
44,hotels_html/hotel-0885.html,100,100,0,100,100,0
44,hotels_html/trip-0864.html,100,100,0,100,100,0
44,hotels_html/booking-1610.html,100,100,0,100,100,0
44,hotels_html/booking-1888.html,100,100,0,100,100,0
44,hotels_html/hotel-0629.html,100,100,100,100,100,100
44,hotels_html/agoda-0125.html,100,100,100,100,100,100
44,hotels_html/hotel-1026.html,100,100,100,100,100,100
44,hotels_html/hotel-1683.html,100,100,100,100,100,100
44,hotels_html/kayak-1596.html,100,100,0,100,100,0
44,hotels_html/hotel-0929.html,100,100,100,100,100,100
44,hotels_html/hotel-1461.html,100,100,100,100,100,100
44,hotels_html/agoda-0076.html,100,100,0,100,100,0
44,hotels_html/hotel-2072.html,100,100,100,100,100,100
44,hotels_html/trip-2056.html,100,100,0,100,100,0
44,hotels_html/agoda-1294.html,100,100,0,100,100,0
44,hotels_html/trip-0016.html,100,100,100,100,100,100
44,hotels_html/kayak-1432.html,100,100,100,100,100,100
44,hotels_html/booking-0696.html,100,100,0,100,100,0
44,hotels_html/kayak-0126.html,100,100,0,100,100,0
44,hotels_html/trip-0706.html,100,100,100,100,100,100
44,hotels_html/agoda-0113.html,100,100,100,100,100,100
44,hotels_html/hotel-1490.html,100,100,100,100,100,100
44,hotels_html/booking-0955.html,100,100,0,100,100,0
44,hotels_html/booking-1481.html,100,100,0,100,100,0
44,hotels_html/hotel-0606.html,100,100,100,100,100,100
44,hotels_html/hotel-1742.html,100,100,100,0,100,0
44,hotels_html/booking-1456.html,100,100,0,100,100,0
44,hotels_html/booking-1492.html,100,100,0,100,100,0
44,hotels_html/booking-1593.html,100,100,0,100,100,0
44,hotels_html/hotel-0037.html,100,100,100,100,100,100
44,hotels_html/agoda-0737.html,100,100,100,100,100,100
44,hotels_html/hotel-0658.html,100,100,100,100,100,100
44,hotels_html/booking-0088.html,100,100,0,100,100,0
44,hotels_html/kayak-0429.html,100,100,100,100,100,100
44,hotels_html/trip-1216.html,100,100,0,100,100,0
44,hotels_html/hotel-1801.html,100,100,100,100,100,100
44,hotels_html/trip-0704.html,100,100,100,100,100,100
44,hotels_html/agoda-1732.html,100,100,0,100,100,0
44,hotels_html/booking-1820.html,100,100,0,100,100,0
44,hotels_html/agoda-1370.html,100,100,0,100,100,0
44,hotels_html/booking-0330.html,100,100,0,100,100,0
44,hotels_html/booking-0605.html,100,100,0,100,100,0
44,hotels_html/trip-0145.html,100,100,100,100,100,100
44,hotels_html/hotel-0582.html,100,100,100,100,100,100
44,hotels_html/booking-1275.html,100,100,0,100,100,0
44,hotels_html/agoda-0395.html,100,100,0,100,100,0
44,hotels_html/hotel-0408.html,100,100,100,100,100,100
44,hotels_html/booking-1216.html,100,100,0,100,100,0
44,hotels_html/hotel-1532.html,100,100,100,0,100,0
44,hotels_html/kayak-0880.html,100,100,0,100,100,0
44,hotels_html/kayak-0390.html,100,100,100,100,100,100
44,hotels_html/trip-2125.html,100,100,100,100,100,100
44,hotels_html/hotel-0245.html,100,100,100,0,100,0
44,hotels_html/trip-0295.html,100,100,100,100,100,100
44,hotels_html/kayak-1105.html,100,100,100,100,100,100
44,hotels_html/trip-1840.html,100,100,100,100,100,100
44,hotels_html/trip-1441.html,100,100,100,100,100,100
44,hotels_html/booking-1197.html,100,100,0,100,100,0
44,hotels_html/booking-1063.html,100,100,0,100,100,0
44,hotels_html/booking-1214.html,100,100,0,100,100,0
44,hotels_html/booking-0100.html,100,100,0,100,100,0
44,hotels_html/agoda-0802.html,100,100,100,100,100,100
44,hotels_html/trip-1050.html,100,100,100,100,100,100
44,hotels_html/booking-2030.html,100,100,0,100,100,0
44,hotels_html/trip-1904.html,100,100,100,100,100,100
44,hotels_html/booking-1717.html,100,100,0,100,100,0
44,hotels_html/hotel-0112.html,100,100,100,100,100,100
44,hotels_html/agoda-1309.html,100,100,0,100,100,0
44,hotels_html/kayak-1438.html,100,100,100,100,100,100
44,hotels_html/kayak-1103.html,100,100,0,100,100,0
44,hotels_html/agoda-1115.html,100,100,0,100,100,0
44,hotels_html/agoda-0454.html,100,100,0,100,100,0
44,hotels_html/agoda-0817.html,100,100,0,100,100,0
44,hotels_html/agoda-1360.html,100,100,0,100,100,0
44,hotels_html/kayak-0687.html,100,100,0,100,100,0
44,hotels_html/agoda-1522.html,100,100,100,100,100,100
44,hotels_html/agoda-1595.html,100,100,0,100,100,0
44,hotels_html/kayak-0198.html,100,100,100,100,100,100
44,hotels_html/booking-1620.html,100,100,0,100,100,0
44,hotels_html/kayak-1037.html,100,100,0,100,100,0
44,hotels_html/booking-0933.html,100,100,0,100,100,0
44,hotels_html/trip-0988.html,100,100,100,100,100,100
44,hotels_html/booking-0134.html,100,100,0,100,100,0
44,hotels_html/hotel-1796.html,100,100,100,0,100,0
44,hotels_html/trip-1390.html,100,100,100,100,100,100
44,hotels_html/agoda-0228.html,100,100,100,100,100,100
44,hotels_html/trip-0015.html,100,100,100,100,100,100
44,hotels_html/booking-0007.html,100,100,0,100,100,0
44,hotels_html/hotel-1374.html,100,100,100,0,100,0
44,hotels_html/agoda-0625.html,100,100,0,100,100,0
44,hotels_html/booking-1065.html,100,100,0,100,100,0
44,hotels_html/booking-1246.html,100,100,0,100,100,0
44,hotels_html/booking-0175.html,100,100,0,100,100,0
44,hotels_html/trip-1246.html,100,100,100,100,100,100
44,hotels_html/hotel-1294.html,100,100,100,0,100,0
44,hotels_html/trip-0425.html,100,100,100,100,100,100
44,hotels_html/booking-1223.html,100,100,0,100,100,0
44,hotels_html/kayak-0361.html,100,100,0,100,100,0
44,hotels_html/kayak-1274.html,100,100,100,100,100,100
44,hotels_html/trip-1495.html,100,100,100,100,100,100
44,hotels_html/trip-1970.html,100,100,100,100,100,100
44,hotels_html/trip-1015.html,100,100,100,100,100,100
44,hotels_html/trip-0708.html,100,100,100,100,100,100
44,hotels_html/kayak-1934.html,100,100,100,100,100,100
44,hotels_html/trip-0424.html,100,100,100,100,100,100
44,hotels_html/trip-0697.html,100,100,100,100,100,100
44,hotels_html/booking-0695.html,100,100,0,100,100,0
44,hotels_html/kayak-1394.html,100,100,100,100,100,100
44,hotels_html/agoda-1409.html,100,100,0,100,100,0
44,hotels_html/kayak-0522.html,100,100,0,100,100,0
44,hotels_html/trip-1526.html,100,100,100,100,100,100
44,hotels_html/booking-0334.html,100,100,0,100,100,0
44,hotels_html/agoda-0596.html,100,100,0,100,100,0
44,hotels_html/agoda-0855.html,100,100,100,100,100,100
44,hotels_html/agoda-1523.html,100,100,0,100,100,0
44,hotels_html/agoda-1574.html,100,100,0,100,100,0
44,hotels_html/booking-0657.html,100,100,0,100,100,0
44,hotels_html/kayak-0799.html,100,100,100,100,100,100
44,hotels_html/hotel-0202.html,100,100,100,100,100,100
44,hotels_html/hotel-1875.html,100,100,100,0,100,0
44,hotels_html/kayak-0949.html,100,100,0,100,100,0
44,hotels_html/booking-0274.html,100,100,0,100,100,0
44,hotels_html/agoda-1019.html,100,100,0,100,100,0
44,hotels_html/booking-1133.html,100,100,0,100,100,0
44,hotels_html/trip-1837.html,100,100,100,100,100,100
44,hotels_html/trip-1244.html,100,100,100,100,100,100
44,hotels_html/kayak-1612.html,100,100,0,100,100,0
44,hotels_html/kayak-0652.html,100,100,100,100,100,100
44,hotels_html/trip-0174.html,100,100,100,100,100,100
44,hotels_html/hotel-1460.html,100,100,100,0,100,0
44,hotels_html/kayak-1635.html,100,100,0,100,100,0
44,hotels_html/booking-1395.html,100,100,0,100,100,0
44,hotels_html/agoda-1558.html,100,100,0,100,100,0
44,hotels_html/trip-1960.html,100,100,100,100,100,100
44,hotels_html/booking-1304.html,100,100,0,100,100,0
44,hotels_html/trip-0161.html,100,100,100,100,100,100
44,hotels_html/trip-2015.html,100,100,100,100,100,100
44,hotels_html/hotel-1368.html,100,100,100,100,100,100
44,hotels_html/agoda-0132.html,100,100,0,100,100,0
44,hotels_html/trip-0388.html,100,100,100,100,100,100
44,hotels_html/hotel-0518.html,100,100,0,100,100,0
44,hotels_html/trip-1567.html,100,100,100,100,100,100
44,hotels_html/agoda-1814.html,100,100,0,100,100,0
44,hotels_html/hotel-0133.html,100,100,0,100,100,0
44,hotels_html/trip-1958.html,100,100,100,100,100,100
44,hotels_html/kayak-0397.html,100,100,0,100,100,0
44,hotels_html/agoda-0254.html,100,100,100,100,100,100
44,hotels_html/booking-1319.html,100,100,0,100,100,0
44,hotels_html/booking-1870.html,100,100,0,100,100,0
44,hotels_html/kayak-1442.html,100,100,100,100,100,100
44,hotels_html/booking-1019.html,100,100,0,100,100,0
44,hotels_html/trip-0337.html,100,100,100,100,100,100
44,hotels_html/kayak-1149.html,100,100,0,100,100,0
44,hotels_html/trip-0107.html,100,100,100,100,100,100
44,hotels_html/booking-0973.html,100,100,0,100,100,0
44,hotels_html/trip-0267.html,100,100,100,100,100,100
44,hotels_html/hotel-0047.html,100,100,100,100,100,100
44,hotels_html/trip-0466.html,100,100,100,100,100,100
44,hotels_html/agoda-1063.html,100,100,100,100,100,100
44,hotels_html/kayak-1794.html,100,100,100,100,100,100
44,hotels_html/trip-0569.html,100,100,100,100,100,100
44,hotels_html/trip-0445.html,100,100,100,100,100,100
44,hotels_html/agoda-0405.html,100,100,0,100,100,0
44,hotels_html/hotel-1207.html,100,100,100,100,100,100
44,hotels_html/agoda-0441.html,100,100,0,100,100,0
44,hotels_html/kayak-0960.html,100,100,0,100,100,0
44,hotels_html/agoda-1033.html,100,100,0,100,100,0
44,hotels_html/kayak-0885.html,100,100,100,100,100,100
44,hotels_html/booking-1919.html,100,100,0,100,100,0
44,hotels_html/kayak-0534.html,100,100,0,100,100,0
44,hotels_html/kayak-1932.html,100,100,100,100,100,100
44,hotels_html/agoda-0847.html,100,100,0,100,100,0
44,hotels_html/trip-1278.html,100,100,100,100,100,100
44,hotels_html/kayak-0542.html,100,100,0,100,100,0
44,hotels_html/booking-1222.html,100,100,0,100,100,0
44,hotels_html/booking-0844.html,100,100,0,100,100,0
44,hotels_html/hotel-1048.html,100,100,100,100,100,100
44,hotels_html/agoda-0829.html,100,100,0,100,100,0
44,hotels_html/kayak-1556.html,100,100,0,100,100,0
44,hotels_html/booking-0644.html,100,100,0,100,100,0
44,hotels_html/booking-1477.html,100,100,0,100,100,0
44,hotels_html/booking-1205.html,100,100,0,100,100,0
44,hotels_html/trip-1143.html,100,100,100,100,100,100
44,hotels_html/hotel-1360.html,100,100,100,0,100,0
44,hotels_html/agoda-1073.html,100,100,100,100,100,100
44,hotels_html/kayak-1801.html,100,100,0,100,100,0
44,hotels_html/agoda-0966.html,100,100,0,100,100,0
44,hotels_html/hotel-0628.html,100,100,100,100,100,100
44,hotels_html/agoda-1338.html,100,100,100,100,100,100
44,hotels_html/hotel-1417.html,100,100,100,100,100,100
44,hotels_html/booking-1847.html,100,100,0,100,100,0
44,hotels_html/agoda-0358.html,100,100,100,100,100,100
44,hotels_html/trip-0783.html,100,100,100,100,100,100
44,hotels_html/agoda-0085.html,100,100,0,100,100,0
44,hotels_html/kayak-0244.html,100,100,0,100,100,0
44,hotels_html/hotel-0092.html,100,100,100,100,100,100
44,hotels_html/kayak-1509.html,100,100,0,100,100,0
44,hotels_html/hotel-1125.html,100,100,100,100,100,100
44,hotels_html/hotel-1917.html,100,100,100,100,100,100
44,hotels_html/kayak-1523.html,100,100,0,100,100,0
44,hotels_html/booking-1435.html,100,100,0,100,100,0
44,hotels_html/trip-1727.html,100,100,100,100,100,100
44,hotels_html/hotel-0336.html,100,100,100,100,100,100
44,hotels_html/booking-0340.html,100,100,0,100,100,0
44,hotels_html/booking-0971.html,100,100,0,100,100,0
44,hotels_html/kayak-0908.html,100,100,0,100,100,0
44,hotels_html/hotel-0173.html,100,100,0,100,100,0
44,hotels_html/agoda-1882.html,100,100,100,100,100,100
44,hotels_html/hotel-0599.html,100,100,100,100,100,100
44,hotels_html/kayak-0369.html,100,100,0,100,100,0
44,hotels_html/kayak-2006.html,100,100,0,100,100,0
44,hotels_html/hotel-1628.html,100,100,100,0,100,0
44,hotels_html/booking-0665.html,100,100,0,100,100,0
44,hotels_html/agoda-1142.html,100,100,0,100,100,0
44,hotels_html/kayak-1424.html,100,100,100,100,100,100
44,hotels_html/agoda-1733.html,100,100,100,100,100,100
44,hotels_html/trip-0535.html,100,100,100,100,100,100
44,hotels_html/trip-1080.html,100,100,100,100,100,100
44,hotels_html/trip-0163.html,100,100,100,100,100,100
44,hotels_html/booking-0045.html,100,100,0,100,100,0
44,hotels_html/hotel-1107.html,100,100,100,100,100,100
44,hotels_html/trip-0523.html,100,100,100,100,100,100
44,hotels_html/kayak-1121.html,100,100,100,100,100,100
44,hotels_html/trip-1063.html,100,100,100,100,100,100
44,hotels_html/agoda-1182.html,100,100,100,100,100,100
44,hotels_html/trip-1466.html,100,100,100,100,100,100
44,hotels_html/hotel-0266.html,100,100,100,100,100,100
44,hotels_html/trip-1259.html,100,100,100,100,100,100
44,hotels_html/kayak-0901.html,100,100,0,100,100,0
44,hotels_html/agoda-1711.html,100,100,100,100,100,100
44,hotels_html/agoda-1634.html,100,100,0,100,100,0
44,hotels_html/agoda-1993.html,100,100,0,100,100,0
44,hotels_html/booking-1520.html,100,100,0,100,100,0
44,hotels_html/hotel-0032.html,100,100,100,100,100,100
44,hotels_html/booking-2060.html,100,100,0,100,100,0
44,hotels_html/hotel-0977.html,100,100,100,100,100,100
44,hotels_html/booking-1004.html,100,100,0,100,100,0
44,hotels_html/booking-0389.html,100,100,0,100,100,0
44,hotels_html/agoda-0532.html,100,100,0,100,100,0
44,hotels_html/booking-0810.html,100,100,0,100,100,0
44,hotels_html/trip-0434.html,100,100,100,100,100,100
44,hotels_html/kayak-2007.html,100,100,0,100,100,0
44,hotels_html/trip-0928.html,100,100,100,100,100,100
44,hotels_html/hotel-0915.html,100,100,100,100,100,100
44,hotels_html/agoda-1108.html,100,100,100,100,100,100
44,hotels_html/trip-2119.html,100,100,100,100,100,100
44,hotels_html/kayak-1420.html,100,100,0,100,100,0
44,hotels_html/kayak-1067.html,100,100,0,100,100,0
44,hotels_html/agoda-0479.html,100,100,0,100,100,0
44,hotels_html/trip-0056.html,100,100,100,100,100,100
44,hotels_html/trip-0091.html,100,100,100,100,100,100
44,hotels_html/kayak-0366.html,100,100,0,100,100,0
44,hotels_html/agoda-1738.html,100,100,0,100,100,0
44,hotels_html/trip-0159.html,100,100,100,100,100,100
44,hotels_html/agoda-1985.html,100,100,0,100,100,0
44,hotels_html/booking-1749.html,100,100,0,100,100,0
44,hotels_html/agoda-0587.html,100,100,100,100,100,100
44,hotels_html/booking-0776.html,100,100,0,100,100,0
44,hotels_html/booking-1734.html,100,100,0,100,100,0
44,hotels_html/trip-1880.html,100,100,100,100,100,100
44,hotels_html/agoda-1067.html,100,100,100,100,100,100
44,hotels_html/trip-0294.html,100,100,100,100,100,100
44,hotels_html/booking-1167.html,100,100,0,100,100,0
44,hotels_html/trip-0536.html,100,100,100,100,100,100
44,hotels_html/kayak-1747.html,100,100,0,100,100,0
44,hotels_html/trip-0117.html,100,100,100,100,100,100
44,hotels_html/booking-0619.html,100,100,0,0,100,0
44,hotels_html/trip-1303.html,100,100,0,100,100,0
44,hotels_html/kayak-0991.html,100,100,0,100,100,0
44,hotels_html/agoda-1219.html,100,100,0,100,100,0
44,hotels_html/agoda-1676.html,100,100,100,100,100,100
44,hotels_html/trip-0387.html,100,100,100,100,100,100
44,hotels_html/hotel-0215.html,100,100,100,100,100,100
44,hotels_html/trip-1972.html,100,100,100,100,100,100
44,hotels_html/hotel-0227.html,100,100,100,100,100,100
44,hotels_html/trip-1309.html,100,100,100,100,100,100
44,hotels_html/booking-1061.html,100,100,0,100,100,0
44,hotels_html/trip-1499.html,100,100,100,100,100,100
44,hotels_html/trip-0769.html,100,100,100,100,100,100
44,hotels_html/agoda-0306.html,100,100,100,100,100,100
44,hotels_html/hotel-1322.html,100,100,0,100,100,0
44,hotels_html/agoda-0796.html,100,100,0,100,100,0
44,hotels_html/trip-1245.html,100,100,0,100,100,0
44,hotels_html/agoda-1362.html,100,100,0,100,100,0
44,hotels_html/hotel-0597.html,100,100,100,100,100,100
44,hotels_html/booking-1661.html,100,100,0,100,100,0
44,hotels_html/kayak-1607.html,100,100,100,100,100,100
44,hotels_html/booking-1069.html,100,100,0,100,100,0
44,hotels_html/trip-1648.html,100,100,100,100,100,100
44,hotels_html/agoda-1755.html,100,100,100,100,100,100
44,hotels_html/trip-1829.html,100,100,100,100,100,100
44,hotels_html/hotel-0687.html,100,100,100,100,100,100
44,hotels_html/agoda-0341.html,100,100,0,100,100,0
44,hotels_html/trip-0139.html,100,100,100,100,100,100
44,hotels_html/agoda-1038.html,100,100,0,100,100,0
44,hotels_html/agoda-0498.html,100,100,0,100,100,0
44,hotels_html/booking-1117.html,100,100,0,100,100,0
44,hotels_html/kayak-0309.html,100,100,0,100,100,0
44,hotels_html/kayak-1637.html,100,100,0,100,100,0
44,hotels_html/trip-1703.html,100,100,100,100,100,100
44,hotels_html/hotel-0252.html,100,100,100,100,100,100
44,hotels_html/agoda-1694.html,100,100,100,100,100,100
44,hotels_html/booking-0591.html,100,100,0,100,100,0
44,hotels_html/trip-1044.html,100,100,100,100,100,100
44,hotels_html/trip-2153.html,100,100,100,100,100,100
44,hotels_html/kayak-0892.html,100,100,0,100,100,0
44,hotels_html/kayak-0352.html,100,100,0,0,0,0
44,hotels_html/trip-0828.html,100,100,0,100,100,0
44,hotels_html/kayak-0981.html,100,100,100,100,100,100
44,hotels_html/trip-0710.html,100,100,100,100,100,100
44,hotels_html/agoda-0750.html,100,100,100,100,100,100
44,hotels_html/agoda-0214.html,100,100,0,100,100,0
44,hotels_html/agoda-0353.html,100,100,0,100,100,0
44,hotels_html/hotel-1968.html,100,100,100,100,100,100
44,hotels_html/hotel-1506.html,100,100,100,0,100,0
44,hotels_html/hotel-0552.html,100,100,100,0,100,0
44,hotels_html/booking-0827.html,100,100,0,100,100,0
44,hotels_html/trip-1566.html,100,100,100,100,100,100
44,hotels_html/agoda-0481.html,100,100,0,100,100,0
44,hotels_html/kayak-1072.html,100,100,0,100,100,0
44,hotels_html/kayak-1927.html,100,100,100,100,100,100
44,hotels_html/trip-1909.html,100,100,100,100,100,100
44,hotels_html/booking-0954.html,100,100,0,100,100,0
44,hotels_html/trip-0093.html,100,100,100,100,100,100
44,hotels_html/trip-1950.html,100,100,100,100,100,100
44,hotels_html/kayak-1238.html,100,100,100,100,100,100
44,hotels_html/trip-0213.html,100,100,100,100,100,100
44,hotels_html/trip-0650.html,100,100,100,100,100,100
44,hotels_html/booking-0979.html,100,100,0,100,100,0
44,hotels_html/hotel-0984.html,100,100,100,100,100,100
44,hotels_html/trip-1818.html,100,100,100,100,100,100
44,hotels_html/booking-0498.html,100,100,0,100,100,0
44,hotels_html/trip-0590.html,100,100,100,100,100,100
44,hotels_html/agoda-1005.html,100,100,0,100,100,0
44,hotels_html/agoda-1304.html,100,100,0,100,100,0
44,hotels_html/hotel-1384.html,100,100,100,100,100,100
44,hotels_html/agoda-0348.html,100,100,0,100,100,0
44,hotels_html/agoda-0312.html,100,100,100,100,100,100
44,hotels_html/agoda-1891.html,100,100,0,100,100,0
44,hotels_html/kayak-1679.html,100,0,100,100,0,0
44,hotels_html/trip-0129.html,100,100,100,100,100,100
44,hotels_html/booking-0753.html,100,100,0,100,100,0
44,hotels_html/kayak-0971.html,100,100,100,100,100,100
44,hotels_html/booking-0621.html,100,100,0,100,100,0
44,hotels_html/trip-0240.html,100,100,100,100,100,100
44,hotels_html/booking-1496.html,100,100,0,100,100,0
44,hotels_html/hotel-1902.html,100,100,100,100,100,100
44,hotels_html/trip-1599.html,100,100,100,100,100,100
44,hotels_html/trip-0695.html,100,100,100,100,100,100
44,hotels_html/trip-1328.html,100,100,100,100,100,100
44,hotels_html/hotel-1848.html,100,100,100,100,100,100
44,hotels_html/booking-0206.html,100,100,0,100,100,0
44,hotels_html/booking-1377.html,100,100,0,100,100,0
44,hotels_html/booking-0588.html,100,100,0,100,100,0
44,hotels_html/trip-1822.html,100,100,100,100,100,100
44,hotels_html/booking-1556.html,100,100,0,100,100,0
44,hotels_html/agoda-1349.html,100,100,0,100,100,0
44,hotels_html/agoda-0394.html,100,100,100,100,100,100
44,hotels_html/agoda-0302.html,100,100,0,100,100,0
44,hotels_html/booking-1766.html,100,100,0,100,100,0
44,hotels_html/hotel-0085.html,100,100,100,100,100,100
44,hotels_html/booking-0962.html,100,100,0,100,100,0
44,hotels_html/trip-1138.html,100,100,100,100,100,100
44,hotels_html/agoda-1405.html,100,100,0,100,100,0
44,hotels_html/agoda-0443.html,100,100,0,100,100,0
44,hotels_html/booking-1527.html,100,100,0,100,100,0
44,hotels_html/hotel-1152.html,100,100,100,100,100,100
44,hotels_html/hotel-1423.html,100,100,100,100,100,100
44,hotels_html/booking-2073.html,100,100,0,100,100,0
44,hotels_html/trip-0220.html,100,100,100,100,100,100
44,hotels_html/kayak-1142.html,100,100,0,100,100,0
44,hotels_html/booking-0714.html,100,100,0,100,100,0
44,hotels_html/trip-1299.html,100,100,100,100,100,100
44,hotels_html/trip-1546.html,100,100,100,100,100,100
44,hotels_html/agoda-0261.html,100,100,0,100,100,0
44,hotels_html/kayak-1334.html,100,100,0,100,100,0
44,hotels_html/agoda-0599.html,100,100,0,100,100,0
44,hotels_html/agoda-1914.html,100,100,0,100,100,0
44,hotels_html/agoda-1273.html,100,100,0,100,100,0
44,hotels_html/trip-0847.html,100,100,100,100,100,100
44,hotels_html/hotel-1983.html,100,100,100,100,100,100
44,hotels_html/kayak-1710.html,100,100,0,100,100,0
44,hotels_html/booking-1160.html,100,100,0,100,100,0
44,hotels_html/hotel-0739.html,100,100,100,0,100,0
44,hotels_html/agoda-0093.html,100,100,100,100,100,100
44,hotels_html/agoda-0210.html,100,100,100,100,100,100
44,hotels_html/booking-1459.html,100,100,0,0,100,0
44,hotels_html/booking-2017.html,100,100,0,100,100,0
44,hotels_html/booking-1998.html,100,100,0,100,100,0
44,hotels_html/trip-0485.html,100,100,100,100,100,100
44,hotels_html/hotel-1702.html,100,100,100,0,100,0
44,hotels_html/trip-0547.html,100,100,100,100,100,100
44,hotels_html/hotel-0054.html,100,100,0,100,100,0
44,hotels_html/agoda-0785.html,100,100,100,100,100,100
44,hotels_html/booking-0511.html,100,100,0,100,100,0
44,hotels_html/trip-1355.html,100,100,100,100,100,100
44,hotels_html/booking-0910.html,100,100,0,100,100,0
44,hotels_html/hotel-1888.html,100,100,100,100,100,100
44,hotels_html/agoda-1281.html,100,100,0,100,100,0
44,hotels_html/booking-0926.html,100,100,0,100,100,0
44,hotels_html/trip-0524.html,100,100,100,100,100,100
44,hotels_html/booking-1250.html,100,100,0,100,100,0
44,hotels_html/hotel-1004.html,100,100,100,100,100,100
44,hotels_html/hotel-0489.html,100,100,100,100,100,100
44,hotels_html/booking-0076.html,100,100,0,100,100,0
44,hotels_html/agoda-1431.html,100,100,100,100,100,100
44,hotels_html/agoda-1296.html,100,100,0,100,100,0
44,hotels_html/hotel-1412.html,100,100,100,0,100,0
44,hotels_html/booking-1447.html,100,100,0,100,100,0
44,hotels_html/hotel-1732.html,100,100,100,100,100,100
44,hotels_html/hotel-0154.html,100,100,100,0,100,0
44,hotels_html/kayak-0020.html,100,100,0,100,100,0
44,hotels_html/agoda-0964.html,100,100,100,100,100,100
44,hotels_html/trip-0858.html,100,100,100,100,100,100
44,hotels_html/booking-1899.html,100,100,0,100,100,0
44,hotels_html/booking-1879.html,100,100,0,100,100,0
44,hotels_html/agoda-0776.html,100,100,0,100,100,0
44,hotels_html/hotel-0593.html,100,100,100,100,100,100
44,hotels_html/agoda-0278.html,100,100,0,100,100,0
44,hotels_html/kayak-0499.html,100,100,100,100,100,100
44,hotels_html/booking-1130.html,100,100,0,100,100,0
44,hotels_html/booking-1625.html,100,100,0,100,100,0
44,hotels_html/trip-1748.html,100,100,100,100,100,100
44,hotels_html/kayak-0644.html,100,100,100,100,100,100
44,hotels_html/kayak-1929.html,100,100,0,100,100,0
44,hotels_html/kayak-1203.html,100,100,0,100,100,0
44,hotels_html/trip-0383.html,100,100,100,100,100,100
44,hotels_html/hotel-0129.html,100,100,100,100,100,100
44,hotels_html/hotel-0373.html,100,100,100,100,100,100
44,hotels_html/agoda-0329.html,100,100,0,100,100,0
44,hotels_html/kayak-0703.html,100,100,0,100,100,0
44,hotels_html/kayak-1688.html,100,100,0,100,100,0
44,hotels_html/agoda-1352.html,100,100,100,100,100,100
44,hotels_html/trip-0807.html,100,100,0,100,100,0
44,hotels_html/trip-1028.html,100,100,100,100,100,100
44,hotels_html/booking-1964.html,100,100,0,0,100,0
44,hotels_html/hotel-0754.html,100,100,100,100,100,100
44,hotels_html/booking-1177.html,100,100,0,100,100,0
44,hotels_html/booking-2051.html,100,100,0,100,100,0
44,hotels_html/booking-0842.html,100,100,0,100,100,0
44,hotels_html/hotel-0952.html,100,100,100,100,100,100
44,hotels_html/hotel-0650.html,100,100,100,100,100,100
44,hotels_html/trip-0663.html,100,100,100,100,100,100
44,hotels_html/kayak-0590.html,100,100,0,100,100,0
44,hotels_html/kayak-0427.html,100,100,0,100,100,0
44,hotels_html/hotel-1376.html,100,100,100,100,100,100
44,hotels_html/kayak-0744.html,100,100,100,100,100,100
44,hotels_html/hotel-0507.html,100,100,100,100,100,100
44,hotels_html/hotel-1292.html,100,100,100,100,100,100
44,hotels_html/kayak-1839.html,100,100,100,100,100,100
44,hotels_html/kayak-0434.html,100,100,100,100,100,100
44,hotels_html/booking-0606.html,100,100,0,100,100,0
44,hotels_html/trip-1743.html,100,100,100,100,100,100
44,hotels_html/agoda-0605.html,100,100,100,100,100,100
44,hotels_html/kayak-1088.html,100,100,0,100,100,0
44,hotels_html/agoda-1314.html,100,100,0,100,100,0
44,hotels_html/hotel-1916.html,100,100,100,100,100,100
44,hotels_html/trip-2123.html,100,100,100,100,100,100
44,hotels_html/agoda-1947.html,100,100,0,100,100,0
44,hotels_html/kayak-0018.html,100,100,100,100,100,100
44,hotels_html/booking-1887.html,100,100,0,100,100,0
44,hotels_html/trip-1227.html,100,100,100,100,100,100
44,hotels_html/trip-1645.html,100,100,100,100,100,100
44,hotels_html/agoda-1312.html,100,100,0,100,100,0
44,hotels_html/hotel-0347.html,100,100,100,100,100,100
44,hotels_html/trip-0563.html,100,100,100,100,100,100
44,hotels_html/hotel-1779.html,100,100,0,100,100,0
44,hotels_html/trip-0621.html,100,100,100,100,100,100
44,hotels_html/trip-1385.html,100,100,100,100,100,100
44,hotels_html/hotel-1855.html,100,100,100,100,100,100
44,hotels_html/hotel-0636.html,100,100,100,100,100,100
44,hotels_html/kayak-0977.html,100,100,100,100,100,100
44,hotels_html/kayak-1564.html,100,100,100,100,100,100
44,hotels_html/hotel-1999.html,100,100,100,100,100,100
44,hotels_html/hotel-2070.html,100,100,100,0,100,0
44,hotels_html/agoda-0485.html,100,100,0,100,100,0
44,hotels_html/trip-0133.html,100,100,100,100,100,100
44,hotels_html/booking-0216.html,100,100,0,100,100,0
44,hotels_html/hotel-0188.html,100,100,100,100,100,100
44,hotels_html/hotel-1262.html,100,100,100,100,100,100
44,hotels_html/trip-2052.html,100,100,100,100,100,100
44,hotels_html/agoda-1456.html,100,100,100,100,100,100
44,hotels_html/booking-1428.html,100,100,0,100,100,0
44,hotels_html/booking-1938.html,100,100,0,100,100,0
44,hotels_html/hotel-0784.html,100,100,100,100,100,100
44,hotels_html/booking-0766.html,100,100,0,100,100,0
44,hotels_html/trip-1317.html,100,100,0,100,100,0
44,hotels_html/kayak-1329.html,100,100,0,100,100,0
44,hotels_html/hotel-1860.html,100,100,100,100,100,100
44,hotels_html/trip-0253.html,100,100,100,100,100,100
44,hotels_html/trip-0637.html,100,100,100,100,100,100
44,hotels_html/agoda-1911.html,100,100,0,100,100,0
44,hotels_html/agoda-0257.html,100,100,100,100,100,100
44,hotels_html/trip-0072.html,100,100,0,100,100,0
44,hotels_html/booking-1249.html,100,100,0,100,100,0
44,hotels_html/booking-0306.html,100,100,0,100,100,0
44,hotels_html/booking-0025.html,100,100,0,100,100,0
44,hotels_html/kayak-1514.html,100,100,0,100,100,0
44,hotels_html/booking-1126.html,100,100,0,100,100,0
44,hotels_html/booking-1259.html,100,100,0,100,100,0
44,hotels_html/agoda-1327.html,100,100,0,100,100,0
44,hotels_html/trip-1263.html,100,100,100,100,100,100
44,hotels_html/trip-0362.html,100,100,100,100,100,100
44,hotels_html/trip-1928.html,100,100,100,100,100,100
44,hotels_html/kayak-1920.html,100,100,0,100,100,0
44,hotels_html/kayak-1171.html,100,100,100,100,100,100
44,hotels_html/kayak-1099.html,100,100,0,100,100,0
44,hotels_html/agoda-1226.html,100,100,100,100,100,100
44,hotels_html/kayak-0269.html,100,100,0,100,100,0
44,hotels_html/hotel-0106.html,100,100,100,0,100,0
44,hotels_html/booking-1350.html,100,100,0,100,100,0
44,hotels_html/booking-0867.html,100,100,0,100,100,0
44,hotels_html/booking-1448.html,100,100,0,100,100,0
44,hotels_html/agoda-0537.html,100,100,0,100,100,0
44,hotels_html/kayak-1367.html,100,100,100,100,100,100
44,hotels_html/agoda-0244.html,100,100,100,100,100,100
44,hotels_html/agoda-0231.html,100,100,100,100,100,100
44,hotels_html/kayak-0048.html,100,100,0,100,100,0
44,hotels_html/agoda-0702.html,100,100,0,100,100,0
44,hotels_html/agoda-1960.html,100,100,0,100,100,0
44,hotels_html/booking-0798.html,100,100,0,100,100,0
44,hotels_html/hotel-0819.html,100,100,100,0,100,0
44,hotels_html/trip-0941.html,100,100,100,100,100,100
44,hotels_html/kayak-1360.html,100,100,100,100,100,100
44,hotels_html/hotel-0451.html,100,100,100,100,100,100
44,hotels_html/hotel-0897.html,100,100,100,100,100,100
44,hotels_html/hotel-0848.html,100,100,100,100,100,100
44,hotels_html/hotel-0031.html,100,100,100,100,100,100
44,hotels_html/hotel-0284.html,100,100,0,100,100,0
44,hotels_html/trip-1980.html,100,100,100,100,100,100
44,hotels_html/booking-0408.html,100,100,0,100,100,0
44,hotels_html/kayak-1001.html,100,100,100,100,100,100
44,hotels_html/hotel-0603.html,100,100,100,100,100,100
44,hotels_html/booking-1398.html,100,100,0,100,100,0
44,hotels_html/trip-2087.html,100,100,0,100,100,0
44,hotels_html/agoda-1901.html,100,100,100,100,100,100
44,hotels_html/booking-1227.html,100,100,0,100,100,0
44,hotels_html/booking-0921.html,100,100,0,100,100,0
44,hotels_html/agoda-0334.html,100,100,0,100,100,0
44,hotels_html/booking-0372.html,100,100,0,100,100,0
44,hotels_html/booking-1949.html,100,100,0,100,100,0
44,hotels_html/kayak-1669.html,100,100,0,100,100,0
44,hotels_html/trip-2086.html,100,100,100,100,100,100
44,hotels_html/agoda-0232.html,100,100,100,100,100,100
44,hotels_html/agoda-1180.html,100,100,0,100,100,0
44,hotels_html/kayak-0320.html,100,100,0,100,100,0
44,hotels_html/agoda-1406.html,100,100,0,100,100,0
44,hotels_html/agoda-1039.html,100,100,0,100,100,0
44,hotels_html/hotel-0009.html,100,100,0,100,100,0
44,hotels_html/trip-1968.html,100,100,100,100,100,100
44,hotels_html/kayak-1677.html,100,100,0,100,100,0
44,hotels_html/booking-1241.html,100,100,0,100,100,0
44,hotels_html/trip-1934.html,100,100,100,100,100,100
44,hotels_html/agoda-1298.html,100,100,0,100,100,0
44,hotels_html/hotel-0989.html,100,100,100,100,100,100
44,hotels_html/hotel-0501.html,100,100,0,100,100,0
44,hotels_html/hotel-0963.html,100,100,0,100,100,0
44,hotels_html/agoda-1477.html,100,100,0,100,100,0
44,hotels_html/agoda-0013.html,100,100,100,100,100,100
44,hotels_html/hotel-0564.html,100,100,0,100,100,0
44,hotels_html/hotel-1214.html,100,100,100,100,100,100
44,hotels_html/kayak-0711.html,100,100,0,100,100,0
44,hotels_html/kayak-0179.html,100,100,0,100,100,0
44,hotels_html/trip-1222.html,100,100,0,100,100,0
44,hotels_html/trip-0999.html,100,100,100,100,100,100
44,hotels_html/trip-0314.html,100,100,100,100,100,100
44,hotels_html/hotel-0858.html,100,100,100,100,100,100
44,hotels_html/kayak-0571.html,100,100,0,100,100,0
44,hotels_html/booking-1306.html,100,100,0,100,100,0
44,hotels_html/hotel-1436.html,100,100,100,0,100,0
44,hotels_html/kayak-1734.html,100,100,0,100,100,0
44,hotels_html/trip-0880.html,100,100,100,100,100,100
44,hotels_html/trip-1944.html,100,100,100,100,100,100
44,hotels_html/booking-0153.html,100,100,0,100,100,0
44,hotels_html/hotel-1073.html,100,100,100,100,100,100
44,hotels_html/agoda-0416.html,100,100,0,100,100,0
44,hotels_html/hotel-1112.html,100,100,100,100,100,100
44,hotels_html/trip-0142.html,100,100,100,100,100,100
44,hotels_html/kayak-0336.html,100,100,0,100,100,0
44,hotels_html/trip-0911.html,100,100,100,100,100,100
44,hotels_html/booking-0443.html,100,100,0,100,100,0
44,hotels_html/trip-1831.html,100,100,100,100,100,100
44,hotels_html/hotel-1498.html,100,100,100,100,100,100
44,hotels_html/agoda-0591.html,100,100,0,100,100,0
44,hotels_html/booking-0791.html,100,100,0,100,100,0
44,hotels_html/agoda-1447.html,100,100,100,100,100,100
44,hotels_html/booking-1316.html,100,100,0,100,100,0
44,hotels_html/agoda-0524.html,100,100,0,100,100,0
44,hotels_html/hotel-2053.html,100,100,100,100,100,100
44,hotels_html/trip-1218.html,100,100,100,100,100,100
44,hotels_html/trip-1099.html,100,100,100,100,100,100
44,hotels_html/booking-0881.html,100,100,0,100,100,0
44,hotels_html/trip-0669.html,100,100,100,100,100,100
44,hotels_html/kayak-0381.html,100,100,0,100,100,0
44,hotels_html/booking-1937.html,100,100,0,100,100,0
44,hotels_html/kayak-0176.html,100,100,100,100,100,100
44,hotels_html/kayak-1696.html,100,100,0,100,100,0
44,hotels_html/agoda-1331.html,100,100,100,100,100,100
44,hotels_html/hotel-0285.html,100,100,100,100,100,100
44,hotels_html/booking-0063.html,100,100,0,100,100,0
44,hotels_html/trip-0297.html,100,100,100,100,100,100
44,hotels_html/agoda-0923.html,100,100,0,100,100,0
44,hotels_html/trip-0655.html,100,100,100,100,100,100
44,hotels_html/booking-0583.html,100,100,0,100,100,0
44,hotels_html/hotel-1082.html,100,100,100,100,100,100
44,hotels_html/hotel-2024.html,100,100,0,100,100,0
44,hotels_html/hotel-0939.html,100,100,100,0,100,0
44,hotels_html/agoda-0049.html,100,100,0,100,100,0
44,hotels_html/trip-0995.html,100,100,100,100,100,100
44,hotels_html/agoda-1773.html,100,100,0,100,100,0
44,hotels_html/booking-0178.html,100,100,0,100,100,0
44,hotels_html/trip-0737.html,100,100,100,100,100,100
44,hotels_html/agoda-0969.html,100,100,100,100,100,100
44,hotels_html/agoda-0445.html,100,100,0,100,100,0
44,hotels_html/hotel-1244.html,100,100,100,100,100,100
44,hotels_html/hotel-1558.html,100,100,100,100,100,100
44,hotels_html/kayak-1579.html,100,100,0,100,100,0
44,hotels_html/booking-1611.html,100,100,0,100,100,0
44,hotels_html/kayak-1700.html,100,100,0,100,100,0
44,hotels_html/kayak-0368.html,100,100,0,100,100,0
44,hotels_html/trip-0998.html,100,100,100,100,100,100
44,hotels_html/hotel-0021.html,100,100,0,100,100,0
44,hotels_html/kayak-0212.html,100,100,0,100,100,0
44,hotels_html/booking-0322.html,100,100,0,100,100,0
44,hotels_html/agoda-1874.html,100,100,0,100,100,0
44,hotels_html/hotel-0701.html,100,100,100,100,100,100
44,hotels_html/agoda-0084.html,100,100,0,100,100,0
44,hotels_html/kayak-0392.html,100,100,100,100,100,100
44,hotels_html/kayak-0041.html,100,100,0,100,100,0
44,hotels_html/agoda-1179.html,100,100,0,100,100,0
44,hotels_html/agoda-0762.html,100,100,0,100,100,0
44,hotels_html/hotel-1488.html,100,100,100,100,100,100
44,hotels_html/hotel-1688.html,100,100,0,100,100,0
44,hotels_html/trip-0582.html,100,100,100,100,100,100
44,hotels_html/trip-0628.html,100,100,0,100,100,0
44,hotels_html/booking-1254.html,100,100,0,100,100,0
44,hotels_html/booking-1425.html,100,100,0,100,100,0
44,hotels_html/booking-0717.html,100,100,0,100,100,0
44,hotels_html/hotel-1232.html,100,100,100,100,100,100
44,hotels_html/trip-1024.html,100,100,100,100,100,100
44,hotels_html/kayak-0225.html,100,100,100,100,100,100
44,hotels_html/kayak-0428.html,100,100,0,100,100,0
44,hotels_html/agoda-1476.html,100,100,0,100,100,0
44,hotels_html/agoda-0199.html,100,100,0,100,100,0
44,hotels_html/kayak-0450.html,100,100,0,0,100,0
44,hotels_html/trip-1932.html,100,100,100,100,100,100
44,hotels_html/agoda-1064.html,100,100,0,100,100,0
44,hotels_html/hotel-1222.html,100,100,100,0,100,0
44,hotels_html/kayak-1240.html,100,100,100,100,100,100
44,hotels_html/hotel-1901.html,100,100,100,100,100,100
44,hotels_html/booking-1237.html,100,100,0,100,100,0
44,hotels_html/booking-0197.html,100,100,0,100,100,0
44,hotels_html/booking-1671.html,100,100,0,100,100,0
44,hotels_html/agoda-0593.html,100,100,100,100,100,100
44,hotels_html/hotel-0575.html,100,100,100,0,100,0
44,hotels_html/kayak-1912.html,100,100,0,100,0,0
44,hotels_html/hotel-0213.html,100,100,100,100,100,100
44,hotels_html/hotel-0040.html,100,100,100,0,100,0
44,hotels_html/trip-0502.html,100,100,100,100,100,100
44,hotels_html/hotel-0121.html,100,100,0,100,100,0
44,hotels_html/kayak-0188.html,100,100,100,100,100,100
44,hotels_html/agoda-0676.html,100,100,0,100,100,0
44,hotels_html/hotel-2082.html,100,100,100,0,100,0
44,hotels_html/kayak-0539.html,100,100,100,100,100,100
44,hotels_html/hotel-1487.html,100,100,100,100,100,100
44,hotels_html/booking-0339.html,100,100,0,100,100,0
44,hotels_html/hotel-1482.html,100,100,100,100,100,100
44,hotels_html/booking-0061.html,100,100,0,100,100,0
44,hotels_html/agoda-0642.html,100,100,100,100,100,100
44,hotels_html/hotel-0574.html,100,100,100,100,100,100
44,hotels_html/trip-0761.html,100,100,100,100,100,100
44,hotels_html/hotel-0236.html,100,100,100,100,100,100
44,hotels_html/booking-0899.html,100,100,0,100,100,0
44,hotels_html/trip-0036.html,100,100,100,100,100,100
44,hotels_html/agoda-0668.html,100,100,0,100,100,0
44,hotels_html/hotel-1907.html,100,100,100,100,100,100
44,hotels_html/hotel-1662.html,100,100,100,0,100,0
44,hotels_html/kayak-0313.html,100,100,0,100,100,0
44,hotels_html/hotel-1850.html,100,100,100,100,100,100
44,hotels_html/trip-0009.html,100,100,100,100,100,100
44,hotels_html/agoda-0032.html,100,100,100,100,100,100
44,hotels_html/kayak-0764.html,100,100,100,100,100,100
44,hotels_html/hotel-1285.html,100,100,100,100,100,100
44,hotels_html/booking-1458.html,100,100,0,100,100,0
44,hotels_html/kayak-1359.html,100,100,100,100,100,100
44,hotels_html/booking-0584.html,100,100,0,100,100,0
44,hotels_html/trip-0153.html,100,100,100,100,100,100
44,hotels_html/hotel-0973.html,100,100,100,100,100,100
44,hotels_html/agoda-0029.html,100,100,100,100,100,100
44,hotels_html/hotel-0466.html,100,100,100,0,100,0
44,hotels_html/booking-1715.html,100,100,0,100,100,0
44,hotels_html/agoda-1341.html,100,100,0,100,100,0
44,hotels_html/trip-1578.html,100,100,100,100,100,100
44,hotels_html/kayak-0364.html,100,100,0,100,100,0
44,hotels_html/hotel-1111.html,100,100,100,100,100,100
44,hotels_html/trip-1749.html,100,100,100,100,100,100
44,hotels_html/trip-0100.html,100,100,100,100,100,100
44,hotels_html/booking-1140.html,100,100,0,100,100,0
44,hotels_html/kayak-1597.html,100,100,0,100,100,0
44,hotels_html/trip-0994.html,100,100,100,100,100,100
44,hotels_html/trip-1883.html,100,100,100,100,100,100
44,hotels_html/agoda-1147.html,100,100,0,100,100,0
44,hotels_html/trip-0106.html,100,100,100,100,100,100
44,hotels_html/trip-0299.html,100,100,100,100,100,100
44,hotels_html/kayak-1227.html,100,100,0,100,100,0
44,hotels_html/agoda-0217.html,100,100,100,100,100,100
44,hotels_html/agoda-0691.html,100,100,0,100,100,0
44,hotels_html/booking-0834.html,100,100,0,100,100,0
44,hotels_html/booking-0701.html,100,100,0,100,100,0
44,hotels_html/agoda-0355.html,100,100,100,100,100,100
44,hotels_html/kayak-0037.html,100,100,100,100,100,100
44,hotels_html/booking-1903.html,100,100,0,100,100,0
44,hotels_html/booking-0279.html,100,100,0,100,100,0
44,hotels_html/booking-2056.html,100,100,0,100,100,0
44,hotels_html/hotel-1566.html,100,100,0,100,100,0
44,hotels_html/agoda-1795.html,100,100,0,100,100,0
44,hotels_html/trip-0947.html,100,100,100,100,100,100
44,hotels_html/booking-1351.html,100,100,0,100,100,0
44,hotels_html/kayak-0853.html,100,100,100,100,100,100
44,hotels_html/hotel-1313.html,100,100,100,100,100,100
44,hotels_html/booking-0797.html,100,100,0,100,100,0
44,hotels_html/booking-1865.html,100,100,0,100,100,0
44,hotels_html/agoda-0722.html,100,100,0,100,100,0
44,hotels_html/kayak-0664.html,100,100,0,100,100,0
44,hotels_html/hotel-1716.html,100,100,100,0,100,0
44,hotels_html/booking-1195.html,100,100,0,100,100,0
44,hotels_html/hotel-0430.html,100,100,100,100,100,100
44,hotels_html/agoda-1211.html,100,100,0,100,100,0
44,hotels_html/hotel-0455.html,100,100,100,100,100,100
44,hotels_html/booking-1806.html,100,100,0,100,100,0
44,hotels_html/kayak-0519.html,100,100,100,100,100,100
44,hotels_html/kayak-1524.html,100,100,0,100,100,0
44,hotels_html/agoda-1222.html,100,100,0,100,100,0
44,hotels_html/booking-0167.html,100,100,0,100,100,0
44,hotels_html/trip-0270.html,100,100,100,100,100,100
44,hotels_html/booking-0850.html,100,100,0,100,100,0
44,hotels_html/kayak-1674.html,100,100,100,100,100,100
44,hotels_html/agoda-0468.html,100,100,0,100,100,0
44,hotels_html/kayak-0866.html,100,100,0,100,100,0
44,hotels_html/booking-0047.html,100,100,0,100,100,0
44,hotels_html/hotel-1617.html,100,100,100,100,100,100
44,hotels_html/trip-0192.html,100,100,100,100,100,100
44,hotels_html/trip-1857.html,100,100,100,100,100,100
44,hotels_html/booking-0341.html,100,100,0,100,100,0
44,hotels_html/agoda-1597.html,100,100,0,100,100,0
44,hotels_html/agoda-1442.html,100,100,0,100,100,0
44,hotels_html/kayak-1069.html,100,100,0,100,100,0
44,hotels_html/booking-0009.html,100,100,0,100,100,0
44,hotels_html/agoda-0224.html,100,100,0,100,100,0
44,hotels_html/hotel-0691.html,100,100,100,100,100,100
44,hotels_html/agoda-0012.html,100,100,0,100,100,0
44,hotels_html/booking-0224.html,100,100,0,100,100,0
44,hotels_html/trip-2041.html,100,100,100,100,100,100
44,hotels_html/hotel-1483.html,100,100,100,100,100,100
44,hotels_html/hotel-1776.html,100,100,100,100,100,100
44,hotels_html/kayak-0148.html,100,100,0,100,100,0
44,hotels_html/trip-0332.html,100,100,100,100,100,100
44,hotels_html/trip-0722.html,100,100,100,100,100,100
44,hotels_html/booking-1724.html,100,100,0,100,100,0
44,hotels_html/kayak-1662.html,100,100,0,100,100,0
44,hotels_html/booking-0386.html,100,100,0,100,100,0
44,hotels_html/agoda-1122.html,100,100,100,100,100,100
44,hotels_html/booking-0160.html,100,100,0,100,100,0
44,hotels_html/agoda-1873.html,100,100,0,100,100,0
44,hotels_html/kayak-0088.html,100,100,0,100,100,0
44,hotels_html/agoda-1977.html,100,100,0,100,100,0
44,hotels_html/kayak-0463.html,100,100,0,100,100,0
44,hotels_html/booking-1628.html,100,100,0,100,100,0
44,hotels_html/agoda-1528.html,100,100,0,100,100,0
44,hotels_html/trip-1279.html,100,100,100,100,100,100
44,hotels_html/agoda-1720.html,100,100,100,100,100,100
44,hotels_html/hotel-0786.html,100,100,100,100,100,100
44,hotels_html/hotel-0383.html,100,100,0,100,100,0
44,hotels_html/agoda-1318.html,100,100,0,100,100,0
44,hotels_html/hotel-2005.html,100,100,100,100,100,100
44,hotels_html/agoda-1071.html,100,100,0,100,100,0
44,hotels_html/booking-2086.html,100,100,0,100,100,0
44,hotels_html/hotel-0362.html,100,100,100,100,100,100
44,hotels_html/kayak-1998.html,100,100,100,100,100,100
44,hotels_html/hotel-1854.html,100,100,0,100,100,0
44,hotels_html/kayak-0731.html,100,100,100,100,100,100
44,hotels_html/hotel-1263.html,100,100,100,100,100,100
44,hotels_html/hotel-0865.html,100,100,100,100,100,100
44,hotels_html/hotel-0477.html,100,100,0,100,100,0
44,hotels_html/trip-1541.html,100,100,100,100,100,100
44,hotels_html/agoda-1027.html,100,100,0,100,100,0
44,hotels_html/hotel-1595.html,100,100,100,0,100,0
44,hotels_html/agoda-1514.html,100,100,0,100,100,0
44,hotels_html/booking-0189.html,100,100,0,100,100,0
44,hotels_html/trip-2029.html,100,100,100,100,100,100
44,hotels_html/booking-0491.html,100,100,0,100,100,0
44,hotels_html/kayak-0863.html,100,100,0,100,100,0
44,hotels_html/agoda-0659.html,100,100,0,100,100,0
44,hotels_html/hotel-1828.html,100,100,100,100,100,100
44,hotels_html/agoda-1815.html,100,100,0,100,100,0
44,hotels_html/trip-1663.html,100,100,100,100,100,100
44,hotels_html/trip-0904.html,100,100,100,100,100,100
44,hotels_html/kayak-1816.html,100,100,0,100,100,0
44,hotels_html/agoda-1364.html,100,100,0,100,100,0
44,hotels_html/booking-0705.html,100,100,0,100,100,0
44,hotels_html/booking-1946.html,100,100,0,100,100,0
44,hotels_html/booking-0382.html,100,100,0,100,100,0
44,hotels_html/booking-0775.html,100,100,0,100,100,0
44,hotels_html/booking-0880.html,100,100,0,100,100,0
44,hotels_html/trip-1902.html,100,100,100,100,100,100
44,hotels_html/trip-1551.html,100,100,100,100,100,100
44,hotels_html/agoda-0908.html,100,100,0,100,100,0
44,hotels_html/hotel-1434.html,100,100,100,0,100,0
44,hotels_html/kayak-1229.html,100,100,100,100,100,100
44,hotels_html/hotel-0748.html,100,100,100,100,100,100
44,hotels_html/agoda-0149.html,100,100,100,100,100,100
44,hotels_html/hotel-1106.html,100,100,100,100,100,100
44,hotels_html/hotel-0153.html,100,100,100,100,100,100
44,hotels_html/kayak-0742.html,100,100,0,100,100,0
44,hotels_html/trip-0409.html,100,100,100,100,100,100
44,hotels_html/agoda-0073.html,100,100,0,100,100,0
44,hotels_html/kayak-1923.html,100,100,0,100,100,0
44,hotels_html/hotel-1940.html,100,100,100,100,100,100
44,hotels_html/trip-0329.html,100,100,100,100,100,100
44,hotels_html/trip-1049.html,100,100,100,100,100,100
44,hotels_html/agoda-0176.html,100,100,0,100,100,0
44,hotels_html/booking-1029.html,100,100,0,100,100,0
44,hotels_html/agoda-0039.html,100,100,100,100,100,100
44,hotels_html/kayak-1692.html,100,100,0,100,100,0
44,hotels_html/agoda-0620.html,100,100,100,100,100,100
44,hotels_html/trip-1456.html,100,100,100,100,100,100
44,hotels_html/hotel-1296.html,100,100,100,100,100,100
44,hotels_html/hotel-0162.html,100,100,100,0,100,0
44,hotels_html/trip-0293.html,100,100,100,100,100,100
44,hotels_html/booking-1643.html,100,100,0,100,100,0
44,hotels_html/agoda-1963.html,100,100,0,100,100,0
44,hotels_html/kayak-1921.html,100,100,0,100,100,0
44,hotels_html/hotel-0447.html,100,100,100,100,100,100
44,hotels_html/agoda-0071.html,100,100,0,100,100,0
44,hotels_html/hotel-1433.html,100,100,100,100,100,100
44,hotels_html/trip-0811.html,100,100,100,100,100,100
44,hotels_html/trip-2116.html,100,100,100,100,100,100
44,hotels_html/hotel-1991.html,100,100,100,100,100,100
44,hotels_html/kayak-1715.html,100,100,0,100,100,0
44,hotels_html/hotel-1883.html,100,100,100,0,100,0
44,hotels_html/kayak-1980.html,100,100,100,100,100,100
44,hotels_html/booking-0608.html,100,100,0,100,100,0
44,hotels_html/trip-0921.html,100,100,100,100,100,100
44,hotels_html/agoda-1513.html,100,100,100,100,100,100
44,hotels_html/trip-1517.html,100,100,100,100,100,100
44,hotels_html/kayak-0743.html,100,100,0,100,100,0
44,hotels_html/trip-0802.html,100,100,100,100,100,100
44,hotels_html/booking-0866.html,100,100,0,100,100,0
44,hotels_html/trip-1774.html,100,100,100,100,100,100
44,hotels_html/booking-1038.html,100,100,0,100,100,0
44,hotels_html/kayak-1510.html,100,100,0,100,100,0
44,hotels_html/kayak-0746.html,100,100,0,100,100,0
44,hotels_html/hotel-1337.html,100,100,100,100,100,100
44,hotels_html/trip-1612.html,100,100,100,100,100,100
44,hotels_html/agoda-1787.html,100,100,0,100,100,0
44,hotels_html/trip-0079.html,100,100,100,100,100,100
44,hotels_html/kayak-0748.html,100,100,100,100,100,100
44,hotels_html/kayak-1169.html,100,100,100,100,100,100
44,hotels_html/kayak-1110.html,100,100,100,100,100,100
44,hotels_html/agoda-0717.html,100,100,0,100,100,0
44,hotels_html/kayak-0230.html,100,100,100,100,100,100
44,hotels_html/agoda-1359.html,100,100,100,100,100,100
44,hotels_html/trip-1254.html,100,100,0,100,100,0
44,hotels_html/hotel-1053.html,100,100,100,100,100,100
44,hotels_html/trip-0035.html,100,100,100,100,100,100
44,hotels_html/hotel-1403.html,100,100,100,0,100,0
44,hotels_html/hotel-1758.html,100,100,100,100,100,100
44,hotels_html/trip-0394.html,100,100,100,100,100,100
44,hotels_html/booking-0214.html,100,100,0,100,100,0
44,hotels_html/agoda-0019.html,100,100,0,100,100,0
44,hotels_html/trip-0134.html,100,100,100,100,100,100
44,hotels_html/booking-0285.html,100,100,0,100,100,0
44,hotels_html/hotel-1209.html,100,100,100,100,100,100
44,hotels_html/kayak-0925.html,100,100,100,100,100,100
44,hotels_html/hotel-0421.html,100,100,100,100,100,100
44,hotels_html/hotel-0157.html,100,100,100,100,100,100
44,hotels_html/trip-1964.html,100,100,100,100,100,100
44,hotels_html/booking-1822.html,100,100,0,100,100,0
44,hotels_html/booking-1979.html,100,100,0,100,100,0
44,hotels_html/agoda-0580.html,100,100,0,100,100,0
44,hotels_html/booking-0773.html,100,100,0,100,100,0
44,hotels_html/booking-0985.html,100,100,0,100,100,0
44,hotels_html/kayak-0898.html,100,100,0,100,100,0
44,hotels_html/agoda-0307.html,100,100,0,100,100,0
44,hotels_html/trip-1232.html,100,100,100,100,100,100
44,hotels_html/kayak-0834.html,100,100,0,100,100,0
44,hotels_html/booking-1505.html,100,100,0,100,100,0
44,hotels_html/booking-0746.html,100,100,0,100,100,0
44,hotels_html/kayak-1685.html,100,100,0,100,100,0
44,hotels_html/agoda-0747.html,100,100,0,100,100,0
44,hotels_html/trip-0554.html,100,100,100,100,100,100
44,hotels_html/booking-1363.html,100,100,0,100,100,0
44,hotels_html/hotel-0804.html,100,100,100,100,100,100
44,hotels_html/trip-1820.html,100,100,100,100,100,100
44,hotels_html/kayak-1864.html,100,100,100,100,100,100
44,hotels_html/trip-1173.html,100,100,100,100,100,100
44,hotels_html/hotel-0005.html,100,100,100,100,100,100
44,hotels_html/kayak-0295.html,100,100,100,100,100,100
44,hotels_html/hotel-1843.html,100,100,100,0,100,0
44,hotels_html/agoda-1856.html,100,100,0,100,100,0
44,hotels_html/agoda-1845.html,100,100,0,100,100,0
44,hotels_html/trip-1268.html,100,100,100,100,100,100
44,hotels_html/kayak-0084.html,100,100,100,100,100,100
44,hotels_html/kayak-1949.html,100,100,100,100,100,100
44,hotels_html/agoda-1599.html,100,100,0,100,100,0
44,hotels_html/kayak-1273.html,100,100,100,100,100,100
44,hotels_html/kayak-0292.html,100,100,0,100,100,0
44,hotels_html/kayak-1218.html,100,100,100,100,100,100
44,hotels_html/booking-1274.html,100,100,0,100,100,0
44,hotels_html/trip-0682.html,100,100,100,100,100,100
44,hotels_html/trip-1511.html,100,100,100,100,100,100
44,hotels_html/hotel-1219.html,100,100,100,0,100,0
44,hotels_html/trip-2138.html,100,100,100,100,100,100
44,hotels_html/hotel-1713.html,100,100,100,100,100,100
44,hotels_html/booking-0439.html,100,100,0,100,100,0
44,hotels_html/booking-0348.html,100,100,0,100,100,0
44,hotels_html/agoda-1670.html,100,100,100,100,100,100
44,hotels_html/booking-1483.html,100,100,0,100,100,0
44,hotels_html/agoda-0778.html,100,100,100,100,100,100
44,hotels_html/agoda-0830.html,100,100,0,100,100,0
44,hotels_html/hotel-1729.html,100,100,0,100,100,0
44,hotels_html/hotel-0281.html,100,100,100,100,100,100
44,hotels_html/trip-2115.html,100,100,0,100,100,0
44,hotels_html/booking-1598.html,100,100,0,100,100,0
44,hotels_html/kayak-1230.html,100,100,100,100,100,100
44,hotels_html/trip-1459.html,100,100,100,100,100,100
44,hotels_html/trip-0852.html,100,100,100,100,100,100
44,hotels_html/booking-1431.html,100,100,0,100,100,0
44,hotels_html/hotel-0613.html,100,100,100,0,100,0
44,hotels_html/trip-1767.html,100,100,100,100,100,100
44,hotels_html/hotel-1066.html,100,100,100,0,100,0
44,hotels_html/trip-0804.html,100,100,0,100,100,0
44,hotels_html/agoda-0408.html,100,100,0,100,100,0
44,hotels_html/booking-2038.html,100,100,0,100,100,0
44,hotels_html/booking-0149.html,100,100,0,100,100,0
44,hotels_html/hotel-1781.html,100,100,100,0,100,0
44,hotels_html/kayak-0516.html,100,100,0,100,100,0
44,hotels_html/agoda-1506.html,100,100,0,100,100,0
44,hotels_html/agoda-1809.html,100,100,100,100,100,100
44,hotels_html/kayak-1299.html,100,100,100,100,100,100
44,hotels_html/trip-0743.html,100,100,100,100,100,100
44,hotels_html/trip-2139.html,100,100,100,100,100,100
44,hotels_html/trip-1196.html,100,100,0,100,100,0
44,hotels_html/booking-1726.html,100,100,0,100,100,0
44,hotels_html/agoda-0806.html,100,100,0,100,100,0
44,hotels_html/agoda-1880.html,100,100,100,100,100,100
44,hotels_html/kayak-0725.html,100,100,0,100,100,0
44,hotels_html/kayak-0686.html,100,100,0,100,100,0
44,hotels_html/booking-2034.html,100,100,0,100,100,0
44,hotels_html/agoda-1377.html,100,100,0,100,100,0
44,hotels_html/agoda-1001.html,100,100,0,100,100,0
44,hotels_html/hotel-0399.html,100,100,100,100,100,100
44,hotels_html/booking-0943.html,100,100,0,100,100,0
44,hotels_html/trip-0475.html,100,100,100,100,100,100
44,hotels_html/agoda-0338.html,100,100,100,100,100,100
44,hotels_html/hotel-0762.html,100,100,100,100,100,100
44,hotels_html/agoda-0839.html,100,100,100,100,100,100
44,hotels_html/booking-0270.html,100,100,0,100,100,0
44,hotels_html/kayak-1155.html,100,100,100,100,100,100
44,hotels_html/agoda-0372.html,100,100,100,100,100,100
44,hotels_html/trip-1669.html,100,100,100,100,100,100
44,hotels_html/hotel-1591.html,100,100,100,100,100,100
44,hotels_html/trip-0393.html,100,100,100,100,100,100
44,hotels_html/kayak-1350.html,100,100,0,100,100,0
44,hotels_html/agoda-0573.html,100,100,100,100,100,100
44,hotels_html/kayak-1132.html,100,100,0,100,100,0
44,hotels_html/agoda-0880.html,100,100,100,100,100,100
44,hotels_html/hotel-1990.html,100,100,100,100,100,100
44,hotels_html/booking-1198.html,100,100,0,100,100,0
44,hotels_html/agoda-1065.html,100,100,0,100,100,0
44,hotels_html/kayak-0159.html,100,100,100,100,100,100
44,hotels_html/kayak-1911.html,100,100,100,100,100,100
44,hotels_html/agoda-1863.html,100,100,0,100,100,0
44,hotels_html/booking-0965.html,100,100,0,100,100,0
44,hotels_html/kayak-0330.html,100,100,100,100,100,100
44,hotels_html/agoda-1098.html,100,100,100,100,100,100
44,hotels_html/trip-1609.html,100,100,100,100,100,100
44,hotels_html/trip-1942.html,100,100,100,100,100,100
44,hotels_html/kayak-1754.html,100,100,0,100,100,0
44,hotels_html/kayak-0314.html,100,100,100,100,100,100
44,hotels_html/hotel-0860.html,100,100,100,100,100,100
44,hotels_html/kayak-1913.html,100,100,0,100,100,0
44,hotels_html/agoda-0981.html,100,100,0,100,100,0
44,hotels_html/agoda-0598.html,100,100,0,100,100,0
44,hotels_html/kayak-0701.html,100,100,0,100,100,0
44,hotels_html/booking-0264.html,100,100,0,100,100,0
44,hotels_html/trip-1372.html,100,100,100,100,100,100
44,hotels_html/trip-1890.html,100,100,100,100,100,100
44,hotels_html/agoda-0015.html,100,100,100,100,100,100
44,hotels_html/booking-1837.html,100,100,0,100,100,0
44,hotels_html/trip-1657.html,100,100,100,100,100,100
44,hotels_html/trip-0074.html,100,100,100,100,100,100
44,hotels_html/booking-0309.html,100,100,0,100,100,0
44,hotels_html/kayak-0425.html,100,100,0,100,100,0
44,hotels_html/hotel-0829.html,100,100,0,100,100,0
44,hotels_html/trip-1523.html,100,100,100,100,100,100
44,hotels_html/booking-0421.html,100,100,0,100,100,0
44,hotels_html/trip-0926.html,100,100,100,100,100,100
44,hotels_html/kayak-1042.html,100,100,0,100,100,0
44,hotels_html/agoda-1434.html,100,100,100,100,100,100
44,hotels_html/booking-0795.html,100,100,0,100,100,0
44,hotels_html/booking-0296.html,100,100,0,100,100,0
44,hotels_html/trip-0077.html,100,100,100,100,100,100
44,hotels_html/agoda-0219.html,100,100,0,100,100,0
44,hotels_html/agoda-1342.html,100,100,0,100,100,0
44,hotels_html/booking-0920.html,100,100,0,100,100,0
44,hotels_html/kayak-0264.html,100,100,100,100,100,100
44,hotels_html/hotel-2025.html,100,100,100,100,100,100
44,hotels_html/booking-1557.html,100,100,0,100,100,0
44,hotels_html/agoda-0250.html,100,100,0,100,100,0
44,hotels_html/booking-1844.html,100,100,0,100,100,0
44,hotels_html/trip-1966.html,100,100,100,100,100,100
44,hotels_html/kayak-1663.html,100,100,100,100,100,100
44,hotels_html/booking-0168.html,100,100,0,100,100,0
44,hotels_html/agoda-0585.html,100,100,100,100,100,100
44,hotels_html/hotel-0849.html,100,100,100,100,100,100
44,hotels_html/hotel-1055.html,100,100,100,100,100,100
44,hotels_html/kayak-0950.html,100,100,100,100,100,100
44,hotels_html/kayak-0578.html,100,100,0,100,100,0
44,hotels_html/hotel-1404.html,100,100,100,100,100,100
44,hotels_html/agoda-1926.html,100,100,0,100,100,0
44,hotels_html/trip-0756.html,100,100,100,100,100,100
44,hotels_html/booking-1706.html,100,100,0,100,100,0
44,hotels_html/hotel-1826.html,100,100,100,100,100,100
44,hotels_html/hotel-1744.html,100,100,100,0,100,0
44,hotels_html/kayak-1017.html,100,100,0,100,100,0
44,hotels_html/agoda-0924.html,100,100,100,100,100,100
44,hotels_html/hotel-1587.html,100,100,100,100,100,100
44,hotels_html/hotel-0528.html,100,100,100,0,100,0
44,hotels_html/kayak-1168.html,100,100,0,100,100,0
44,hotels_html/booking-1157.html,100,100,0,100,100,0
44,hotels_html/booking-0056.html,100,100,0,100,100,0
44,hotels_html/kayak-0070.html,100,100,100,100,100,100
44,hotels_html/kayak-0471.html,100,100,0,100,100,0
44,hotels_html/trip-0865.html,100,100,100,100,100,100
44,hotels_html/hotel-2016.html,100,100,0,100,100,0
44,hotels_html/booking-1303.html,100,100,0,100,100,0
44,hotels_html/trip-0879.html,100,100,100,100,100,100
44,hotels_html/kayak-0973.html,100,100,100,100,100,100
44,hotels_html/hotel-0312.html,100,100,100,100,100,100
44,hotels_html/agoda-1959.html,100,100,100,100,100,100
44,hotels_html/booking-0353.html,100,100,0,100,100,0
44,hotels_html/agoda-1922.html,100,100,0,100,100,0
44,hotels_html/kayak-0667.html,100,100,100,100,100,100
44,hotels_html/trip-1896.html,100,100,100,100,100,100
44,hotels_html/hotel-0983.html,100,100,100,100,100,100
44,hotels_html/kayak-1380.html,100,100,100,100,100,100
44,hotels_html/hotel-1696.html,100,100,100,100,100,100
44,hotels_html/booking-1564.html,100,100,0,100,100,0
44,hotels_html/hotel-1651.html,100,100,100,100,100,100
44,hotels_html/booking-2057.html,100,100,0,100,100,0
44,hotels_html/agoda-0041.html,100,100,0,100,100,0
44,hotels_html/trip-0742.html,100,100,100,100,100,100
44,hotels_html/kayak-1032.html,100,100,0,100,100,0
44,hotels_html/booking-1508.html,100,100,0,100,100,0
44,hotels_html/agoda-0906.html,100,100,100,100,100,100
44,hotels_html/booking-1604.html,100,100,0,100,100,0
44,hotels_html/booking-1590.html,100,100,0,100,100,0
44,hotels_html/hotel-0100.html,100,100,100,100,100,100
44,hotels_html/hotel-0621.html,100,100,100,100,100,100
44,hotels_html/kayak-0215.html,100,100,0,100,100,0
44,hotels_html/trip-0418.html,100,100,100,100,100,100
44,hotels_html/kayak-1275.html,100,100,100,100,100,100
44,hotels_html/trip-1833.html,100,100,100,100,100,100
44,hotels_html/booking-1336.html,100,100,0,100,100,0
44,hotels_html/hotel-0276.html,100,100,100,100,100,100
44,hotels_html/kayak-0375.html,100,100,0,100,100,0
44,hotels_html/kayak-0396.html,100,100,100,100,100,100
44,hotels_html/kayak-0424.html,100,100,100,100,100,100
44,hotels_html/agoda-1325.html,100,100,0,100,100,0
44,hotels_html/booking-0166.html,100,100,0,100,100,0
44,hotels_html/agoda-0332.html,100,100,0,100,100,0
44,hotels_html/agoda-0840.html,100,100,0,100,100,0
44,hotels_html/kayak-0959.html,100,100,0,100,100,0
44,hotels_html/trip-1255.html,100,100,100,100,100,100
44,hotels_html/booking-0873.html,100,100,0,100,100,0
44,hotels_html/booking-0065.html,100,100,0,100,100,0
44,hotels_html/agoda-1838.html,100,100,0,100,100,0
44,hotels_html/kayak-1194.html,100,100,100,100,100,100
44,hotels_html/trip-2117.html,100,100,100,100,100,100
44,hotels_html/kayak-0800.html,100,100,0,100,100,0
44,hotels_html/hotel-0830.html,100,100,100,100,100,100
44,hotels_html/hotel-1199.html,100,100,100,100,100,100
44,hotels_html/agoda-1719.html,100,100,100,100,100,100
44,hotels_html/hotel-0502.html,100,100,100,100,100,100
44,hotels_html/agoda-1979.html,100,100,100,100,100,100
44,hotels_html/booking-0629.html,100,100,0,100,100,0
44,hotels_html/agoda-1333.html,100,100,100,100,100,100
44,hotels_html/hotel-1060.html,100,100,100,100,100,100
44,hotels_html/booking-0301.html,100,100,0,100,100,0
44,hotels_html/trip-1789.html,100,100,100,100,100,100
44,hotels_html/hotel-0079.html,100,100,100,0,100,0
44,hotels_html/kayak-1210.html,100,100,100,100,100,100
44,hotels_html/trip-0577.html,100,100,100,100,100,100
44,hotels_html/booking-1764.html,100,100,0,100,100,0
44,hotels_html/agoda-0248.html,100,100,0,100,100,0
44,hotels_html/agoda-1589.html,100,100,0,100,100,0
44,hotels_html/agoda-0721.html,100,100,0,100,100,0
44,hotels_html/hotel-2022.html,100,100,100,100,100,100
44,hotels_html/booking-0615.html,100,100,0,100,100,0
44,hotels_html/trip-0004.html,100,100,100,100,100,100
44,hotels_html/trip-0587.html,100,100,100,100,100,100
44,hotels_html/trip-1590.html,100,100,100,100,100,100
44,hotels_html/booking-0836.html,100,100,0,100,100,0
44,hotels_html/hotel-1818.html,100,100,100,100,100,100
44,hotels_html/booking-1978.html,100,100,0,100,100,0
44,hotels_html/agoda-0849.html,100,100,100,100,100,100
44,hotels_html/kayak-1631.html,100,100,0,100,100,0
44,hotels_html/agoda-0590.html,100,100,0,100,100,0
44,hotels_html/kayak-1341.html,100,100,0,100,100,0
44,hotels_html/agoda-0934.html,100,100,0,100,100,0
44,hotels_html/agoda-1159.html,100,100,0,100,100,0
44,hotels_html/trip-0310.html,100,100,100,100,100,100
44,hotels_html/hotel-0097.html,100,100,100,100,100,100
44,hotels_html/agoda-0637.html,100,100,100,100,100,100
44,hotels_html/kayak-1903.html,100,100,0,100,100,0
44,hotels_html/booking-0482.html,100,100,0,100,100,0
44,hotels_html/hotel-1718.html,100,100,100,0,100,0
44,hotels_html/kayak-1214.html,100,100,100,100,100,100
44,hotels_html/hotel-0440.html,100,100,100,100,100,100
44,hotels_html/trip-1382.html,100,100,100,100,100,100
44,hotels_html/trip-0927.html,100,100,100,100,100,100
44,hotels_html/booking-2032.html,100,100,0,100,100,0
44,hotels_html/booking-0201.html,100,100,0,100,100,0
44,hotels_html/hotel-1319.html,100,100,100,100,100,100
44,hotels_html/agoda-0474.html,100,100,100,100,100,100
44,hotels_html/booking-0191.html,100,100,0,100,100,0
44,hotels_html/kayak-0387.html,100,100,100,100,100,100
44,hotels_html/trip-0550.html,100,100,100,100,100,100
44,hotels_html/agoda-0633.html,100,100,0,100,100,0
44,hotels_html/booking-1727.html,100,100,0,100,100,0
44,hotels_html/booking-1397.html,100,100,0,100,100,0
44,hotels_html/hotel-0434.html,100,100,100,100,100,100
44,hotels_html/agoda-1982.html,100,100,100,100,100,100
44,hotels_html/booking-0002.html,100,100,0,100,100,0
44,hotels_html/agoda-0272.html,100,100,0,100,100,0
44,hotels_html/hotel-1813.html,100,100,100,100,100,100
44,hotels_html/agoda-1908.html,100,100,100,100,100,100
44,hotels_html/hotel-0488.html,100,100,0,100,100,0
44,hotels_html/hotel-0095.html,100,100,100,100,100,100
44,hotels_html/kayak-0665.html,100,100,100,100,100,100
44,hotels_html/booking-1501.html,100,100,0,100,100,0
44,hotels_html/booking-0930.html,100,100,0,100,100,0
44,hotels_html/kayak-1733.html,100,100,0,100,100,0
44,hotels_html/trip-0519.html,100,100,100,100,100,100
44,hotels_html/trip-1450.html,100,100,100,100,100,100
44,hotels_html/booking-2084.html,100,100,0,100,100,0
44,hotels_html/agoda-1980.html,100,100,100,100,100,100
44,hotels_html/hotel-0176.html,100,100,100,100,100,100
44,hotels_html/booking-0092.html,100,100,0,100,100,0
44,hotels_html/agoda-1423.html,100,100,0,100,100,0
44,hotels_html/hotel-2083.html,100,100,100,100,100,100
44,hotels_html/hotel-0890.html,100,100,100,100,100,100
44,hotels_html/hotel-1381.html,100,100,100,0,100,0
44,hotels_html/hotel-0626.html,100,100,100,100,100,100
44,hotels_html/agoda-1929.html,100,100,100,100,100,100
44,hotels_html/kayak-0094.html,100,100,0,100,100,0
44,hotels_html/agoda-1433.html,100,100,0,100,100,0
44,hotels_html/booking-1450.html,100,100,0,100,100,0
44,hotels_html/agoda-0938.html,100,100,0,100,100,0
44,hotels_html/booking-1406.html,100,100,0,100,100,0
44,hotels_html/kayak-1865.html,100,100,100,100,100,100
44,hotels_html/kayak-1543.html,100,100,0,100,100,0
44,hotels_html/kayak-1673.html,100,100,0,100,100,0
44,hotels_html/agoda-1917.html,100,100,0,100,100,0
44,hotels_html/agoda-0944.html,100,100,0,100,100,0
44,hotels_html/trip-1907.html,100,100,100,100,100,100
44,hotels_html/trip-1350.html,100,100,100,100,100,100
44,hotels_html/hotel-1103.html,100,100,100,100,100,100
44,hotels_html/agoda-0803.html,100,100,0,100,100,0
44,hotels_html/kayak-0868.html,100,100,0,100,0,0
44,hotels_html/agoda-1931.html,100,100,0,100,100,0
44,hotels_html/agoda-0055.html,100,100,0,100,100,0
44,hotels_html/agoda-0183.html,100,100,0,100,100,0
44,hotels_html/trip-0120.html,100,100,100,100,100,100
44,hotels_html/trip-1608.html,100,100,100,100,100,100
44,hotels_html/trip-1684.html,100,100,100,100,100,100
44,hotels_html/hotel-0620.html,100,100,100,100,100,100
44,hotels_html/trip-0676.html,100,100,100,100,100,100
44,hotels_html/hotel-0389.html,100,100,100,0,100,0
44,hotels_html/booking-1982.html,100,100,0,100,100,0
44,hotels_html/hotel-1700.html,100,100,100,100,100,100
44,hotels_html/booking-1908.html,100,100,0,100,100,0
44,hotels_html/agoda-1104.html,100,100,100,100,100,100
44,hotels_html/hotel-1792.html,100,100,100,100,100,100
44,hotels_html/trip-0940.html,100,100,100,100,100,100
44,hotels_html/hotel-0576.html,100,100,100,0,100,0
44,hotels_html/agoda-1125.html,100,100,0,100,100,0
44,hotels_html/hotel-1439.html,100,100,100,100,100,100
44,hotels_html/booking-1558.html,100,100,0,100,100,0
44,hotels_html/trip-1420.html,100,100,100,100,100,100
44,hotels_html/trip-1425.html,100,100,100,100,100,100
44,hotels_html/kayak-1212.html,100,100,100,100,100,100
44,hotels_html/trip-1078.html,100,100,100,100,100,100
44,hotels_html/agoda-1195.html,100,100,0,100,100,0
44,hotels_html/booking-1404.html,100,100,0,100,100,0
44,hotels_html/trip-0360.html,100,100,100,100,100,100
44,hotels_html/hotel-1075.html,100,100,100,0,100,0
44,hotels_html/hotel-0931.html,100,100,100,100,100,100
44,hotels_html/booking-0638.html,100,100,0,100,100,0
44,hotels_html/hotel-0069.html,100,100,100,100,100,100
44,hotels_html/agoda-0911.html,100,100,100,100,100,100
44,hotels_html/booking-1033.html,100,100,0,100,100,0
44,hotels_html/trip-1606.html,100,100,100,100,100,100
44,hotels_html/trip-1265.html,100,100,100,100,100,100
44,hotels_html/hotel-1183.html,100,100,100,100,100,100
44,hotels_html/booking-1135.html,100,100,0,100,100,0
44,hotels_html/trip-0148.html,100,100,100,100,100,100
44,hotels_html/hotel-0299.html,100,100,100,100,100,100
44,hotels_html/trip-1026.html,100,100,100,100,100,100
44,hotels_html/kayak-0904.html,100,100,0,100,100,0
44,hotels_html/kayak-0287.html,100,100,100,100,100,100
44,hotels_html/agoda-1953.html,100,100,0,100,100,0
44,hotels_html/agoda-1256.html,100,100,0,100,100,0
44,hotels_html/hotel-0740.html,100,100,100,100,100,100
44,hotels_html/trip-1937.html,100,100,100,100,100,100
44,hotels_html/booking-1335.html,100,100,0,100,100,0
44,hotels_html/hotel-0042.html,100,100,100,100,100,100
44,hotels_html/kayak-0412.html,100,100,0,100,100,0
44,hotels_html/hotel-0401.html,100,100,100,0,100,0
44,hotels_html/hotel-0813.html,100,100,100,100,100,100
44,hotels_html/kayak-1790.html,100,100,100,100,100,100
44,hotels_html/trip-1135.html,100,100,100,100,100,100
44,hotels_html/kayak-0518.html,100,100,100,100,100,100
44,hotels_html/booking-1047.html,100,100,0,100,100,0
44,hotels_html/agoda-1292.html,100,100,100,100,100,100
44,hotels_html/agoda-1032.html,100,100,0,100,100,0
44,hotels_html/kayak-0190.html,100,100,100,100,100,100
44,hotels_html/agoda-1428.html,100,100,0,100,100,0
44,hotels_html/booking-1989.html,100,100,0,100,100,0
44,hotels_html/kayak-0245.html,100,100,100,100,100,100
44,hotels_html/trip-1427.html,100,100,100,100,100,100
44,hotels_html/agoda-1924.html,100,100,100,100,100,100
44,hotels_html/trip-1394.html,100,100,100,100,100,100
44,hotels_html/trip-0857.html,100,100,100,100,100,100
44,hotels_html/kayak-1936.html,100,100,0,100,100,0
44,hotels_html/hotel-1597.html,100,100,100,100,100,100
44,hotels_html/booking-0240.html,100,100,0,100,100,0
44,hotels_html/booking-1005.html,100,100,0,100,100,0
44,hotels_html/booking-1850.html,100,100,0,100,100,0
44,hotels_html/booking-0637.html,100,100,0,100,100,0
44,hotels_html/booking-1871.html,100,100,0,100,100,0
44,hotels_html/agoda-0259.html,100,100,100,100,100,100
44,hotels_html/kayak-0078.html,100,100,0,100,100,0
44,hotels_html/agoda-0316.html,100,100,100,100,100,100
44,hotels_html/agoda-0137.html,100,100,100,100,100,100
44,hotels_html/agoda-0363.html,100,100,0,100,100,0
44,hotels_html/trip-1686.html,100,100,100,100,100,100
44,hotels_html/kayak-1045.html,100,100,100,100,100,100
44,hotels_html/booking-1690.html,100,100,0,100,100,0
44,hotels_html/booking-1256.html,100,100,0,100,100,0
44,hotels_html/kayak-0217.html,100,100,0,100,100,0
44,hotels_html/kayak-1490.html,100,100,0,100,100,0
44,hotels_html/trip-1527.html,100,100,100,100,100,100
44,hotels_html/booking-0565.html,100,100,0,100,100,0
44,hotels_html/hotel-0869.html,100,100,100,100,100,100
44,hotels_html/agoda-1898.html,100,100,0,100,100,0
44,hotels_html/trip-1649.html,100,100,100,100,100,100
44,hotels_html/trip-0155.html,100,100,100,100,100,100
44,hotels_html/trip-0469.html,100,100,100,100,100,100
44,hotels_html/kayak-0705.html,100,100,100,100,100,100
44,hotels_html/kayak-0344.html,100,100,100,100,100,100
44,hotels_html/agoda-0682.html,100,100,0,100,100,0
44,hotels_html/trip-0211.html,100,100,100,100,100,100
44,hotels_html/trip-1403.html,100,100,100,100,100,100
44,hotels_html/agoda-1661.html,100,100,0,100,100,0
44,hotels_html/trip-0307.html,100,100,100,100,100,100
44,hotels_html/trip-1726.html,100,100,100,100,100,100
44,hotels_html/agoda-0835.html,100,100,0,100,100,0
44,hotels_html/trip-0967.html,100,100,100,100,100,100
44,hotels_html/hotel-1178.html,100,100,100,0,100,0
44,hotels_html/booking-0680.html,100,100,0,100,100,0
44,hotels_html/booking-0434.html,100,100,0,100,100,0
44,hotels_html/kayak-0398.html,100,100,0,100,100,0
44,hotels_html/hotel-1941.html,100,100,100,100,100,100
44,hotels_html/kayak-0475.html,100,100,0,100,100,0
44,hotels_html/hotel-1293.html,100,100,100,100,100,100
44,hotels_html/trip-1564.html,100,100,100,100,100,100
44,hotels_html/booking-0125.html,100,100,0,100,100,0
44,hotels_html/booking-1379.html,100,100,0,100,100,0
44,hotels_html/agoda-1779.html,100,100,0,100,100,0
44,hotels_html/trip-1155.html,100,100,100,100,100,100
44,hotels_html/booking-1896.html,100,100,0,100,100,0
44,hotels_html/booking-1528.html,100,100,0,100,100,0
44,hotels_html/booking-1451.html,100,100,0,100,100,0
44,hotels_html/hotel-1069.html,100,100,100,100,100,100
44,hotels_html/trip-1248.html,100,100,0,100,100,0
44,hotels_html/agoda-0285.html,100,100,100,100,100,100
44,hotels_html/trip-0046.html,100,100,100,100,100,100
44,hotels_html/kayak-1134.html,100,100,0,100,100,0
44,hotels_html/kayak-0310.html,100,100,100,100,100,100
44,hotels_html/hotel-1872.html,100,100,100,100,100,100
44,hotels_html/booking-0512.html,100,100,0,100,100,0
44,hotels_html/booking-1342.html,100,100,0,100,0,0
44,hotels_html/kayak-0851.html,100,100,0,100,100,0
44,hotels_html/agoda-1000.html,100,100,0,100,100,0
44,hotels_html/hotel-1646.html,100,100,100,100,100,100
44,hotels_html/booking-0036.html,100,100,0,100,100,0
44,hotels_html/trip-0006.html,100,100,100,100,100,100
44,hotels_html/kayak-0721.html,100,100,0,100,100,0
44,hotels_html/kayak-1435.html,100,100,100,100,100,100
44,hotels_html/hotel-2039.html,100,100,100,100,100,100
44,hotels_html/hotel-0571.html,100,100,100,100,100,100
44,hotels_html/hotel-1512.html,100,100,100,100,100,100
44,hotels_html/hotel-1673.html,100,100,100,100,100,100
44,hotels_html/agoda-0298.html,100,100,0,100,100,0
44,hotels_html/kayak-1954.html,100,100,0,100,100,0
44,hotels_html/hotel-1079.html,100,100,100,100,100,100
44,hotels_html/trip-1134.html,100,100,100,100,100,100
44,hotels_html/trip-1419.html,100,100,100,100,100,100
44,hotels_html/agoda-1656.html,100,100,100,100,100,100
44,hotels_html/booking-0779.html,100,100,0,100,100,0
44,hotels_html/trip-0808.html,100,100,100,100,100,100
44,hotels_html/hotel-0982.html,100,100,100,0,100,0
44,hotels_html/kayak-0907.html,100,100,0,100,100,0
44,hotels_html/booking-1465.html,100,100,0,100,100,0
44,hotels_html/hotel-1910.html,100,100,100,100,100,100
44,hotels_html/hotel-0333.html,100,100,100,100,100,100
44,hotels_html/trip-0773.html,100,100,100,100,100,100
44,hotels_html/kayak-0321.html,100,100,100,100,100,100
44,hotels_html/kayak-1984.html,100,100,0,100,100,0
44,hotels_html/hotel-0321.html,100,100,0,100,100,0
44,hotels_html/booking-2053.html,100,100,0,100,100,0
44,hotels_html/booking-0739.html,100,100,0,100,100,0
44,hotels_html/booking-1169.html,100,100,0,100,100,0
44,hotels_html/booking-1189.html,100,100,0,100,100,0
44,hotels_html/hotel-1092.html,100,100,100,100,100,100
44,hotels_html/kayak-0970.html,100,100,0,100,100,0
44,hotels_html/trip-2094.html,100,100,100,100,100,100
44,hotels_html/trip-1296.html,100,100,100,100,100,100
44,hotels_html/booking-1079.html,100,100,0,100,100,0
44,hotels_html/hotel-1735.html,100,100,0,100,100,0
44,hotels_html/trip-1885.html,100,100,100,100,100,100
44,hotels_html/booking-0589.html,100,100,0,100,100,0
44,hotels_html/kayak-1081.html,100,100,100,100,100,100
44,hotels_html/hotel-1652.html,100,100,100,100,100,100
44,hotels_html/trip-0557.html,100,100,100,100,100,100
44,hotels_html/trip-1067.html,100,100,100,100,100,100
44,hotels_html/hotel-2087.html,100,100,100,100,100,100
44,hotels_html/booking-1330.html,100,100,0,100,100,0
44,hotels_html/hotel-1819.html,100,100,0,100,100,0
44,hotels_html/trip-0924.html,100,100,100,100,100,100
44,hotels_html/agoda-1617.html,100,100,0,100,100,0
44,hotels_html/trip-1202.html,100,100,100,100,100,100
44,hotels_html/hotel-0955.html,100,100,100,0,100,0
44,hotels_html/kayak-0284.html,100,100,100,100,100,100
44,hotels_html/hotel-0505.html,100,100,0,100,100,0
44,hotels_html/trip-1365.html,100,100,100,100,100,100
44,hotels_html/booking-1017.html,100,100,0,100,100,0
44,hotels_html/trip-2097.html,100,100,100,100,100,100
44,hotels_html/hotel-1876.html,100,100,0,100,100,0
44,hotels_html/agoda-0377.html,100,100,0,100,100,0
44,hotels_html/trip-0777.html,100,100,100,100,100,100
44,hotels_html/agoda-0139.html,100,100,100,100,100,100
44,hotels_html/agoda-0828.html,100,100,0,100,100,0
44,hotels_html/kayak-1608.html,100,100,100,100,100,100
44,hotels_html/hotel-0716.html,100,100,100,100,100,100
44,hotels_html/hotel-1668.html,100,100,100,0,100,0
44,hotels_html/booking-0399.html,100,100,0,100,100,0
44,hotels_html/trip-0787.html,100,100,100,100,100,100
44,hotels_html/kayak-0003.html,100,100,0,100,100,0
44,hotels_html/agoda-0943.html,100,100,100,100,100,100
44,hotels_html/kayak-0458.html,100,100,100,100,100,100
44,hotels_html/agoda-1111.html,100,100,0,100,100,0
44,hotels_html/hotel-0045.html,100,100,100,0,100,0
44,hotels_html/agoda-1606.html,100,100,0,100,100,0
44,hotels_html/kayak-0707.html,100,100,0,100,100,0
44,hotels_html/kayak-0324.html,100,100,100,100,100,100
44,hotels_html/kayak-1766.html,100,100,0,100,100,0
44,hotels_html/booking-0243.html,100,100,0,100,100,0
44,hotels_html/booking-1137.html,100,100,0,100,100,0
44,hotels_html/kayak-0145.html,100,100,0,100,100,0
44,hotels_html/kayak-0063.html,100,100,0,100,100,0
44,hotels_html/hotel-1350.html,100,100,100,100,100,100
44,hotels_html/hotel-1405.html,100,100,100,100,100,100
44,hotels_html/trip-1228.html,100,100,0,100,100,0
44,hotels_html/trip-0428.html,100,100,100,100,100,100
44,hotels_html/hotel-1965.html,100,100,100,100,100,100
44,hotels_html/hotel-1563.html,100,100,100,100,100,100
44,hotels_html/trip-0013.html,100,100,100,100,100,100
44,hotels_html/kayak-1808.html,100,100,100,100,100,100
44,hotels_html/hotel-2065.html,100,100,100,100,100,100
44,hotels_html/agoda-1824.html,100,100,0,100,100,0
44,hotels_html/booking-0314.html,100,100,0,100,100,0
44,hotels_html/hotel-0184.html,100,100,100,100,100,100
44,hotels_html/booking-1835.html,100,100,0,100,100,0
44,hotels_html/hotel-1310.html,100,100,100,100,100,100
44,hotels_html/trip-0338.html,100,100,100,100,100,100
44,hotels_html/booking-1409.html,100,100,0,100,100,0
44,hotels_html/hotel-2094.html,100,100,100,100,100,100
44,hotels_html/hotel-1787.html,100,100,100,0,100,0
44,hotels_html/kayak-0207.html,100,100,100,100,100,100
44,hotels_html/booking-1067.html,100,100,0,100,100,0
44,hotels_html/trip-0261.html,100,100,100,100,100,100
44,hotels_html/hotel-1824.html,100,100,100,0,100,0
44,hotels_html/booking-0117.html,100,100,0,100,100,0
44,hotels_html/booking-1493.html,100,100,0,100,100,0
44,hotels_html/trip-1662.html,100,100,100,100,100,100
44,hotels_html/booking-0748.html,100,100,0,100,100,0
44,hotels_html/kayak-0455.html,100,100,100,100,100,100
44,hotels_html/kayak-0149.html,100,100,0,100,100,0
44,hotels_html/kayak-1447.html,100,100,100,100,100,100
44,hotels_html/trip-0316.html,100,100,100,100,100,100
44,hotels_html/booking-0815.html,100,100,0,100,100,0
44,hotels_html/booking-2089.html,100,100,0,100,100,0
44,hotels_html/booking-1454.html,100,100,0,100,100,0
44,hotels_html/kayak-0326.html,100,100,100,100,100,100
44,hotels_html/agoda-1778.html,100,100,0,100,100,0
44,hotels_html/booking-1143.html,100,100,0,100,100,0
44,hotels_html/hotel-1251.html,100,100,100,100,100,100
44,hotels_html/booking-1698.html,100,100,0,100,100,0
44,hotels_html/kayak-0945.html,100,100,0,100,100,0
44,hotels_html/agoda-0296.html,100,100,0,100,100,0
44,hotels_html/booking-1442.html,100,100,0,100,100,0
44,hotels_html/hotel-0531.html,100,100,100,100,100,100
44,hotels_html/hotel-2056.html,100,100,100,100,100,100
44,hotels_html/hotel-2027.html,100,100,100,100,100,100
44,hotels_html/kayak-1457.html,100,100,100,100,100,100
44,hotels_html/booking-0740.html,100,100,0,100,100,0
44,hotels_html/trip-0369.html,100,100,100,100,100,100
44,hotels_html/agoda-1602.html,100,100,0,100,100,0
44,hotels_html/booking-1997.html,100,100,0,100,100,0
44,hotels_html/agoda-0121.html,100,100,0,100,100,0
44,hotels_html/trip-0010.html,100,100,100,100,100,100
44,hotels_html/hotel-0268.html,100,100,0,100,100,0
44,hotels_html/hotel-0192.html,100,100,100,100,100,100
44,hotels_html/hotel-1890.html,100,100,100,0,100,0
44,hotels_html/booking-1886.html,100,100,0,100,100,0
44,hotels_html/agoda-1989.html,100,100,0,100,100,0
44,hotels_html/kayak-1575.html,100,100,0,100,100,0
44,hotels_html/kayak-0013.html,100,100,0,100,100,0
44,hotels_html/trip-0305.html,100,100,100,100,100,100
44,hotels_html/hotel-0282.html,100,100,100,100,100,100
44,hotels_html/hotel-1119.html,100,100,100,0,100,0
44,hotels_html/hotel-0611.html,100,100,100,100,100,100
44,hotels_html/trip-1558.html,100,100,100,100,100,100
44,hotels_html/agoda-1134.html,100,100,0,100,100,0
44,hotels_html/hotel-0464.html,100,100,100,100,100,100
44,hotels_html/agoda-0123.html,100,100,0,100,100,0
44,hotels_html/booking-1580.html,100,100,0,100,100,0
44,hotels_html/hotel-1987.html,100,100,100,100,100,100
44,hotels_html/kayak-1764.html,100,100,0,100,100,0
44,hotels_html/hotel-1407.html,100,100,100,100,100,100
44,hotels_html/kayak-1525.html,100,100,100,100,100,100
44,hotels_html/booking-0097.html,100,100,0,100,100,0
44,hotels_html/booking-0596.html,100,100,0,100,100,0
44,hotels_html/trip-0242.html,100,100,100,100,100,100
44,hotels_html/trip-0023.html,100,100,100,100,100,100
44,hotels_html/kayak-0242.html,100,100,0,100,100,0
44,hotels_html/booking-0517.html,100,100,0,100,100,0
44,hotels_html/kayak-0660.html,100,100,100,100,100,100
44,hotels_html/kayak-1557.html,100,100,0,100,0,0
44,hotels_html/agoda-1526.html,100,100,100,100,100,100
44,hotels_html/booking-0718.html,100,100,0,100,100,0
44,hotels_html/kayak-0642.html,100,100,100,100,100,100
44,hotels_html/booking-1131.html,100,100,0,100,100,0
44,hotels_html/hotel-0096.html,100,100,100,100,100,100
44,hotels_html/kayak-0964.html,100,100,0,100,100,0
44,hotels_html/kayak-1703.html,100,100,0,100,100,0
44,hotels_html/trip-0105.html,100,100,100,100,100,100
44,hotels_html/booking-1710.html,100,100,0,100,100,0
44,hotels_html/booking-1476.html,100,100,0,100,100,0
44,hotels_html/agoda-0218.html,100,100,100,100,100,100
44,hotels_html/hotel-2089.html,100,100,100,100,100,100
44,hotels_html/hotel-0707.html,100,100,100,100,100,100
44,hotels_html/trip-0322.html,100,100,100,100,100,100
44,hotels_html/agoda-0297.html,100,100,0,100,100,0
44,hotels_html/agoda-1831.html,100,100,0,100,100,0
44,hotels_html/booking-1466.html,100,100,0,100,100,0
44,hotels_html/hotel-0878.html,100,100,100,0,100,0
44,hotels_html/booking-1614.html,100,100,0,100,100,0
44,hotels_html/hotel-0275.html,100,100,100,100,100,100
44,hotels_html/hotel-0877.html,100,100,100,100,100,100
44,hotels_html/hotel-0243.html,100,100,0,100,100,0
44,hotels_html/kayak-0931.html,100,100,0,100,100,0
44,hotels_html/agoda-1766.html,100,100,100,100,100,100
44,hotels_html/hotel-1496.html,100,100,100,100,100,100
44,hotels_html/trip-1544.html,100,100,100,100,100,100
44,hotels_html/kayak-1056.html,100,100,0,100,100,0
44,hotels_html/agoda-0367.html,100,100,0,100,100,0
44,hotels_html/trip-1004.html,100,100,100,100,100,100
44,hotels_html/booking-0764.html,100,100,0,100,100,0
44,hotels_html/trip-0080.html,100,100,100,100,100,100
44,hotels_html/hotel-0149.html,100,100,100,100,100,100
44,hotels_html/hotel-1793.html,100,100,0,100,100,0
44,hotels_html/trip-1640.html,100,100,100,100,100,100
44,hotels_html/booking-0520.html,100,100,0,100,100,0
44,hotels_html/kayak-1632.html,100,100,0,100,100,0
44,hotels_html/agoda-0169.html,100,100,100,100,100,100
44,hotels_html/kayak-1020.html,100,100,0,100,100,0
44,hotels_html/booking-1925.html,100,100,0,100,100,0
44,hotels_html/booking-2006.html,100,100,0,100,100,0
44,hotels_html/trip-0825.html,100,100,100,100,100,100
44,hotels_html/booking-1637.html,100,100,0,100,100,0
44,hotels_html/kayak-0276.html,100,100,0,100,100,0
44,hotels_html/kayak-1693.html,100,100,0,100,100,0
44,hotels_html/booking-0794.html,100,100,0,100,100,0
44,hotels_html/agoda-0662.html,100,100,0,100,100,0
44,hotels_html/agoda-1753.html,100,100,0,100,100,0
44,hotels_html/booking-1862.html,100,100,0,100,100,0
44,hotels_html/trip-1781.html,100,100,100,100,100,100
44,hotels_html/agoda-1618.html,100,100,100,100,100,100
44,hotels_html/agoda-0063.html,100,100,0,100,100,0
44,hotels_html/booking-1187.html,100,100,0,100,100,0
44,hotels_html/agoda-1232.html,100,100,100,100,100,100
44,hotels_html/trip-1409.html,100,100,100,100,100,100
44,hotels_html/booking-1192.html,100,100,0,100,100,0
44,hotels_html/trip-2107.html,100,100,100,100,100,100
44,hotels_html/trip-0893.html,100,100,100,100,100,100
44,hotels_html/trip-1816.html,100,100,100,100,100,100
44,hotels_html/agoda-0681.html,100,100,100,100,100,100
44,hotels_html/agoda-0174.html,100,100,100,100,100,100
44,hotels_html/kayak-1783.html,100,100,0,100,100,0
44,hotels_html/booking-1509.html,100,100,0,100,100,0
44,hotels_html/booking-1300.html,100,100,0,100,100,0
44,hotels_html/trip-0732.html,100,100,100,100,100,100
44,hotels_html/trip-1217.html,100,100,0,100,100,0
44,hotels_html/booking-0785.html,100,100,0,100,100,0
44,hotels_html/trip-1235.html,100,100,0,100,100,0
44,hotels_html/kayak-0418.html,100,100,100,100,100,100
44,hotels_html/hotel-0301.html,100,100,100,100,100,100
44,hotels_html/booking-1858.html,100,100,0,100,100,0
44,hotels_html/kayak-1016.html,100,100,100,100,100,100
44,hotels_html/agoda-0997.html,100,100,0,100,100,0
44,hotels_html/agoda-0852.html,100,100,0,100,100,0
44,hotels_html/hotel-1239.html,100,100,100,100,100,100
44,hotels_html/trip-0562.html,100,100,100,100,100,100
44,hotels_html/trip-1066.html,100,100,100,100,100,100
44,hotels_html/hotel-0639.html,100,100,100,100,100,100
44,hotels_html/booking-0777.html,100,100,0,100,100,0
44,hotels_html/hotel-0688.html,100,100,100,100,100,100
44,hotels_html/hotel-1418.html,100,100,100,100,100,100
44,hotels_html/agoda-0455.html,100,100,0,100,100,0
44,hotels_html/kayak-1833.html,100,100,0,100,100,0
44,hotels_html/agoda-0308.html,100,100,0,100,100,0
44,hotels_html/trip-2111.html,100,100,100,100,100,100
44,hotels_html/trip-0567.html,100,100,100,100,100,100
44,hotels_html/hotel-0837.html,100,100,100,100,100,100
44,hotels_html/booking-0531.html,100,100,0,100,100,0
44,hotels_html/booking-2055.html,100,100,0,100,100,0
44,hotels_html/agoda-0077.html,100,100,100,100,100,100
44,hotels_html/trip-0525.html,100,100,100,100,100,100
44,hotels_html/trip-0268.html,100,100,100,100,100,100
44,hotels_html/booking-1750.html,100,100,0,100,100,0
44,hotels_html/agoda-0393.html,100,100,0,100,100,0
44,hotels_html/agoda-1010.html,100,100,100,100,100,100
44,hotels_html/trip-0902.html,100,100,100,100,100,100
44,hotels_html/booking-0578.html,100,100,0,100,100,0
44,hotels_html/kayak-0608.html,100,100,0,100,100,0
44,hotels_html/trip-1603.html,100,100,100,100,100,100
44,hotels_html/agoda-0010.html,100,100,0,100,100,0
44,hotels_html/hotel-0653.html,100,100,100,100,100,100
44,hotels_html/trip-0018.html,100,100,100,100,100,100
44,hotels_html/booking-1573.html,100,100,0,100,100,0
44,hotels_html/kayak-1428.html,100,100,100,100,100,100
44,hotels_html/kayak-0117.html,100,100,100,100,100,100
44,hotels_html/kayak-0641.html,100,100,0,100,100,0
44,hotels_html/agoda-1885.html,100,100,0,100,100,0
44,hotels_html/booking-2075.html,100,100,0,100,100,0
44,hotels_html/hotel-0522.html,100,100,100,100,100,100
44,hotels_html/trip-2008.html,100,100,100,100,100,100
44,hotels_html/booking-0310.html,100,100,0,100,100,0
44,hotels_html/booking-0757.html,100,100,0,100,100,0
44,hotels_html/booking-1694.html,100,100,0,100,100,0
44,hotels_html/booking-1378.html,100,100,0,100,100,0
44,hotels_html/hotel-0643.html,100,100,100,100,100,100
44,hotels_html/kayak-1331.html,100,100,0,100,100,0
44,hotels_html/booking-1142.html,100,100,0,100,100,0
44,hotels_html/agoda-1861.html,100,100,0,100,100,0
44,hotels_html/agoda-1276.html,100,100,0,100,100,0
44,hotels_html/trip-2114.html,100,100,100,100,100,100
44,hotels_html/kayak-1160.html,100,100,0,100,0,0
44,hotels_html/kayak-1464.html,100,100,100,100,100,100
44,hotels_html/kayak-1840.html,100,100,100,100,100,100
44,hotels_html/hotel-1547.html,100,100,100,100,100,100
44,hotels_html/trip-1152.html,100,100,100,100,100,100
44,hotels_html/hotel-1950.html,100,100,100,100,100,100
44,hotels_html/kayak-1500.html,100,100,100,100,100,100
44,hotels_html/trip-1313.html,100,100,100,100,100,100
44,hotels_html/trip-0873.html,100,100,100,100,100,100
44,hotels_html/agoda-1938.html,100,100,100,100,100,100
44,hotels_html/agoda-0074.html,100,100,0,100,100,0
44,hotels_html/trip-1874.html,100,100,100,100,100,100
44,hotels_html/booking-0241.html,100,100,0,100,100,0
44,hotels_html/agoda-0786.html,100,100,0,100,100,0
44,hotels_html/trip-0818.html,100,100,100,0,0,0
44,hotels_html/booking-1733.html,100,100,0,100,100,0
44,hotels_html/kayak-0937.html,100,100,0,100,100,0
44,hotels_html/booking-0763.html,100,100,0,100,100,0
44,hotels_html/booking-1266.html,100,100,0,100,100,0
44,hotels_html/trip-0987.html,100,100,100,100,100,100
44,hotels_html/booking-1334.html,100,100,0,100,100,0
44,hotels_html/hotel-1127.html,100,100,100,100,100,100
44,hotels_html/agoda-0283.html,100,100,100,100,100,100
44,hotels_html/booking-1555.html,100,100,0,100,100,0
44,hotels_html/agoda-0617.html,100,100,100,100,100,100
44,hotels_html/trip-0140.html,100,100,100,100,100,100
44,hotels_html/booking-0743.html,100,100,0,100,100,0
44,hotels_html/booking-0523.html,100,100,0,100,100,0
44,hotels_html/hotel-0787.html,100,100,100,100,100,100
44,hotels_html/trip-1345.html,100,100,100,100,100,100
44,hotels_html/hotel-0551.html,100,100,0,100,100,0
44,hotels_html/trip-1270.html,100,100,100,100,100,100
44,hotels_html/booking-0982.html,100,100,0,100,100,0
44,hotels_html/agoda-1686.html,100,100,0,100,100,0
44,hotels_html/agoda-0961.html,100,100,0,100,100,0
44,hotels_html/agoda-1575.html,100,100,0,100,100,0
44,hotels_html/kayak-0101.html,100,100,0,100,100,0
44,hotels_html/kayak-1047.html,100,100,0,100,100,0
44,hotels_html/hotel-1714.html,100,100,100,100,100,100
44,hotels_html/trip-1118.html,100,100,100,100,100,100
44,hotels_html/agoda-1452.html,100,100,0,100,100,0
44,hotels_html/trip-1729.html,100,100,100,100,100,100
44,hotels_html/trip-1302.html,100,100,0,100,100,0
44,hotels_html/hotel-1881.html,100,100,100,0,100,0
44,hotels_html/agoda-0335.html,100,100,100,100,100,100
44,hotels_html/booking-1228.html,100,100,0,100,100,0
44,hotels_html/booking-1830.html,100,100,0,100,100,0
44,hotels_html/kayak-1094.html,100,100,0,100,100,0
44,hotels_html/hotel-0371.html,100,100,0,100,100,0
44,hotels_html/agoda-1743.html,100,100,0,100,100,0
44,hotels_html/agoda-0158.html,100,100,0,100,100,0
44,hotels_html/trip-1643.html,100,100,100,100,100,100
44,hotels_html/booking-1666.html,100,100,0,100,100,0
44,__SUMMARY__,100.00,99.87,51.58,95.54,99.39,47.38
