file,NAME,DURATION,STOPS,PRICE,DEPARTURE_TIME,ARRIVAL_TIME,AIRLINE
flights_html/tripadvisor-0744.html,Shanghai - Seoul,6 h 55 min,1,$ 151,11:00 AM,6:55 PM,Xiamen Airlines
flights_html/gotogate-0054.html,Albany (Ny) - Liverpool,22 h 45 min,3,"US$ 2,191.99",07:40 PM,11:25 PM,Lufthansa
flights_html/kayak-1553.html,,2 h 35 min,0,"₫ 7,028,043","from 7,028",,Jeju Air
flights_html/farecompare-2179.html,Charlotte - Auckland,3 h 10 min,2,$1536,5:11 PM,12:40 PM,Spirit
flights_html/farecompare-1414.html,Austin - Sydney,15 h 10 min,2,$1402,1:36 PM,7:05 AM,Alaska
flights_html/gotogate-0311.html,Austin (Tx) - Copenhagen,15 h 5 min,1,US$ 927.84,04:05 PM,02:10 PM,Lufthansa
flights_html/kayak-0391.html,Shanghai to Tokyo,3 h 15 min,0,"₫ 12,585,881",11:35,,China Eastern
flights_html/tripadvisor-0367.html,Los Angeles - Dallas,9 h 37 min,1,$,11:47 AM,11:24 PM,Frontier
flights_html/cheapair-1987.html,"Phuquoc to Ho Chi Minh City - Sun, Jun 01",1 h 15 min,0,USD 144,6:55 AM,8:10 AM,Vietnam Airlines
flights_html/tripadvisor-0852.html,Istanbul - Tokyo,16 h,1,"$ 1,027",2:00 PM,12:00 PM,Multiple Airlines
flights_html/farecompare-1896.html,Boston - Fuzhou,2 h 35 min,2,$1773,4:30 PM,8:35 PM,Etihad
flights_html/farecompare-0042.html,New York - Paris,7 h 25 min,1 Hour 25 Minutes Layover in MUC,$ 640,5:40 PM,7:05 AM,United Airlines
flights_html/tripadvisor-0449.html,New York City - London,7 h 5 min,0,$ 600,8:05 PM,8:10 AM,Iberia
flights_html/cheapair-1444.html,"Atlanta Hartsfield Jackson International Airport to Brussels - Sun, Jun 01",14 h 40 min,1,USD 790,11:10 AM,1:22 PM,Air Canada
flights_html/gotogate-1017.html,Daytona Beach - Brasilia,15 h 14 min,2,"US$ 1,982.84",01:51 PM,06:05 AM,American Airlines
flights_html/farecompare-0709.html,Albany - Bristol,1 h 5 min,2,$1864,5:44 PM,1:05 PM,JetBlue
flights_html/gotogate-2030.html,New York - Algiers,12 h 45 min,1,"US$ 1,314.35",11:00 PM,04:45 PM,Air Algerie
flights_html/farecompare-1286.html,Atlanta - Lagos,4 h 25 min,2,$1668,5:01 AM,5:35 AM,Frontier
flights_html/farecompare-1755.html,Boston - Oslo,2 h 25 min,4 Hours 20 Minutes Layover in ZRH,$ 963,5:05 PM,1:05 PM,SWISS
flights_html/kayak-0448.html,Singapore to Bangkok,2 h 30 min,0,"₫ 3,030,311",17:55,,Scoot
flights_html/kayak-0491.html,Singapore to Bangkok,2 h 30 min,0,"₫ 3,237,565",08:20,,Scoot
flights_html/kayak-0632.html,,6 h 30 min,0,"₫ 23,994,068","from 23,994",,Etihad Airways
flights_html/tripadvisor-0926.html,Istanbul - Shanghai,22 h 10 min,2,$ 693,9:10 AM,12:20 PM,Multiple Airlines
flights_html/tripadvisor-1275.html,Rome - Seoul,16 h 5 min,1,"$ 1,027",10:50 AM,9:55 AM,Lufthansa
flights_html/kayak-1118.html,Seattle to Paris,3 h 19 min,1,"₫ 39,280,312",06:00,"Arrives Mon, 16 Jun",Delta
flights_html/cheapair-1998.html,"Phuquoc to Ho Chi Minh City - Sun, Jun 01",1 h 10 min,0,USD 154,6:50 AM,8:00 AM,Vietnam Airlines
flights_html/kayak-1675.html,Tokyo to Frankfurt am Main,3 h 40 min,1,"₫ 26,706,912",08:30,"Arrives Fri, 1 Aug",Air China
flights_html/kayak-0596.html,Abu Dhabi to Bangkok,1 h 10 min,1,"₫ 14,719,000",17:40,Arrives,Qatar Airways
flights_html/kayak-0462.html,Singapore to Bangkok,2 h 30 min,0,"₫ 3,082,125",15:30,,Scoot
flights_html/gotogate-0071.html,Albany (Ny) - Tashkent,25 h 20 min,4,"US$ 3,202.46",07:40 PM,06:00 AM,Uzbekistan Airways
flights_html/farecompare-0136.html,Tokyo - Seoul,2 h 35 min,,$ 202,7:25 PM,10:00 PM,Jeju Air
flights_html/gotogate-0004.html,Albany (Ny) - Prague,16 h 54 min,2,"US$ 2,347.48",12:16 PM,11:10 AM,American Airlines
flights_html/cheapair-0319.html,"Tokyo Narita to Beijing Capital - Sun, Jun 01",4 h 20 min,0,USD 568,5:55 PM,9:15 PM,Co. Ltd
flights_html/farecompare-0846.html,Albany - Luxembourg,1 h 5 min,2,$1546,7:40 PM,7:35 PM,Lufthansa
flights_html/tripadvisor-0194.html,Singapore - Hanoi,3 h 30 min,0,$ 365,2:55 PM,5:25 PM,JetClass
flights_html/kayak-0659.html,Abu Dhabi to Bangkok,1 h 10 min,1,"₫ 15,352,635",05:45,"Departs Fri, 1 Aug",Qatar Airways
flights_html/gotogate-0260.html,Atlanta - Liverpool,25 h 39 min,3,"US$ 1,264.73",04:46 PM,11:25 PM,Spirit Airlines
flights_html/tripadvisor-0905.html,Istanbul - Shanghai,10 h 15 min,0,"$ 1,062",2:00 PM,5:15 AM,China Eastern
flights_html/cheapair-0891.html,Review Trip Details and Book,21 h 5 min,2,USD 101,1 stop 12,,Air Macau
flights_html/kayak-0645.html,Abu Dhabi to Bangkok,1 h 10 min,1,"₫ 13,621,236",17:40,"Arrives Mon, 16 Jun",Qatar Airways
flights_html/farecompare-0947.html,Alexandria - Warsaw,1 h 50 min,2,$1567,4:51 PM,4:25 PM,KLM
flights_html/farecompare-1639.html,Boston - Prague,2 h,9 Hours 45 Minutes Layover in LHR,$ 661,8:10 PM,8:35 PM,British Airways
flights_html/tripadvisor-0621.html,Bangkok - Kuala Lumpur,2 h 15 min,0,$ 182,9:30 PM,12:45 AM,AirAsia
flights_html/cheapair-0670.html,"Sydney to Tokyo Haneda - Sun, Jun 01",10 h 5 min,0,"USD 1,206",11:05 AM,8:10 PM,Qantas Airways
flights_html/farecompare-2392.html,Charleston - Addis Ababa,4 h 5 min,2,$1651,4:55 PM,1:45 PM,Air Canada
flights_html/farecompare-1377.html,Austin - Fuzhou,2 h 30 min,2,$2090,8:30 AM,11:35 PM,Air Canada
flights_html/farecompare-0157.html,Atlanta - London,7 h 30 min,2 Hour 0 Minutes Layover in JFK,$1177,4:40 PM,10:00 AM,Virgin Atlantic
flights_html/cheapair-0771.html,"Melbourne to Jakarta - Tue, Jun 03",37 h 55 min,1,USD 477,11:35 AM,,Xiamen Airlines
flights_html/tripadvisor-0312.html,Los Angeles - Newark,9 h 59 min,1,$,10:30 AM,11:29 PM,Spirit
flights_html/cheapair-1191.html,Review Trip Details and Book,10 h 40 min,0,USD 590,"USD 1,628",,Operated by Delta Air Lines
flights_html/gotogate-1549.html,Las Vegas (NV) - Palermo,16 h 20 min,1,"US$ 1,225.21",05:55 PM,07:15 PM,Condor
flights_html/kayak-1599.html,Tokyo to Incheon,2 h 30 min,0,"₫ 6,587,588",08:55,,ZIPAIR
flights_html/gotogate-1390.html,Oahu Honolulu - Bordeaux,28 h 55 min,2,"US$ 2,410.29",05:15 PM,10:10 AM,United Airlines
flights_html/farecompare-1363.html,Austin - Glasgow,1 h 30 min,2,$1333,11:17 AM,9:45 AM,KLM
flights_html/kayak-1429.html,New York to Bangkok,13 h,1,"₫ 43,864,272",11:55,,Air India
flights_html/farecompare-2271.html,Charleston - Palermo,1 h 10 min,2,$1168,11:00 AM,9:05 AM,JetBlue
flights_html/kayak-0909.html,Atlanta to London,8 h 22 min,0,"₫ 31,398,188","from 31,398",,Air France
flights_html/farecompare-0124.html,Singapore - Seoul,3 h 35 min,10 Hours 40 Minutes Layover in SZX,$ 260,6:00 PM,1:40 PM,Shenzhen
flights_html/gotogate-2044.html,New York - Dakar,21 h 15 min,1,"US$ 1,559.06",10:50 PM,12:05 AM,Air Senegal
flights_html/kayak-1390.html,New York to Singapore,13 h 40 min,1,"₫ 41,084,928",11:55,"Arrives Mon, 16 Jun",Air India
flights_html/kayak-0497.html,Singapore to Bangkok,2 h 30 min,0,"₫ 3,259,134",15:30,,Scoot
flights_html/tripadvisor-1796.html,Jakarta - Paris,27 h 25 min,1,$ 979,9:00 AM,7:25 AM,Iberia
flights_html/cheapair-0547.html,"Singapore Changi to Sydney - Mon, Jun 02",7 h 35 min,0,USD 458,1:40 AM,11:15 AM,Scoot
flights_html/gotogate-1892.html,New York - Nairobi,30 h 10 min,3,"US$ 1,737.39",11:55 PM,01:05 PM,Norse Atlantic Airways
flights_html/cheapair-1153.html,"Seoul Incheon to Frankfurt - Sun, Jun 01",19 h 45 min,1,USD 840,12:05 AM,2:45 AM,Mongolian Airlines
flights_html/kayak-0759.html,,13 h 15 min,1,"₫ 14,458,850","from 14,458",,s Airline
flights_html/kayak-1597.html,Tokyo to Incheon,3 h 5 min,0,"₫ 6,545,309",11:30,,Eastar
flights_html/farecompare-2018.html,Charlotte - Prague,1 h 15 min,2,$1179,3:15 PM,9:05 AM,Air Canada
flights_html/kayak-0585.html,Singapore to Bangkok,2 h 25 min,0,"₫ 3,341,192",18:00,,Jetstar Asia
flights_html/farecompare-0502.html,Los Angeles - Brussels,7 h 15 min,12 Hours 49 Minutes Layover in YYZ,$1181,9:55 PM,7:50 AM,Air Canada
flights_html/cheapair-0261.html,"Los Angeles Intl to Seoul Incheon - Sun, Jun 01",13 h 20 min,0,"USD 2,052",11:00 PM,4:20 AM,Asiana Airlines
flights_html/gotogate-0483.html,Boston (Ma) - Copenhagen,7 h 25 min,,US$ 755.64,05:40 PM,07:05 AM,Scandinavian Airlines
flights_html/farecompare-0484.html,Los Angeles - Paris,9 h 55 min,1 Hour 45 Minutes Layover in SEA,$1020,2:15 PM,1:40 PM,Virgin Atlantic
flights_html/gotogate-1375.html,Hawaii Kona - Lyon,26 h 50 min,2,"US$ 2,582.51",10:50 PM,01:40 PM,Lufthansa
flights_html/farecompare-2258.html,Charleston - Lisbon,2 h 35 min,2,$1100,5:40 PM,2:50 PM,Air France
flights_html/farecompare-1664.html,Boston - Eindhoven,1 h 40 min,3,$1002,5:50 AM,4:25 PM,Air Canada
flights_html/tripadvisor-1635.html,New Delhi - Hong Kong,5 h 35 min,0,$ 554,1:00 AM,9:05 AM,Cathay Pacific
flights_html/gotogate-1983.html,New York - Palermo,12 h 50 min,1,US$ 831.28,12:30 AM,07:20 PM,Norse Atlantic Airways
flights_html/cheapair-0634.html,"Sydney to Melbourne - Sun, Jun 01",1 h 40 min,0,USD 142,6:00 AM,7:40 AM,Jetstar
flights_html/kayak-1531.html,,2 h 30 min,0,"₫ 7,474,427","from 7,474",,Korean Air
flights_html/farecompare-0358.html,London - Bangkok,4 h 25 min,3 Hours 10 Minutes Layover in PVG,$ 691,11:35 AM,12:30 PM,China Eastern
flights_html/kayak-1653.html,,2 h 30 min,0,"₫ 7,227,203","fares 7,227",,T'way Air
flights_html/farecompare-2007.html,Charlotte - Prague,3 h 50 min,2,$1029,12:03 PM,8:50 PM,Spirit
flights_html/gotogate-0294.html,Austin (Tx) - Palermo,25 h 50 min,3,"US$ 1,314.53",02:20 PM,11:10 PM,Spirit Airlines
flights_html/tripadvisor-0734.html,Shanghai - Kuala Lumpur,7 h 40 min,1,$ 319,4:10 PM,11:50 PM,Xiamen Airlines
flights_html/kayak-1868.html,Los Angeles to Singapore,1 h 33 min,1,"₫ 37,246,376",10:26,"Arrives Tue, 17 Jun",United Airlines
flights_html/kayak-0066.html,,16 h 20 min,1,"₫ 29,170,208","from 29,170",,eDreams
flights_html/tripadvisor-1310.html,Rome - New Delhi,7 h 45 min,0,$ 520,1:55 PM,1:10 AM,Alitalia
flights_html/cheapair-1967.html,"Phuquoc to Shanghai Hongqiao - Sun, Jun 01",13 h 10 min,1,USD 491,9:00 PM,1:55 AM,China Eastern
flights_html/kayak-0882.html,,13 h 40 min,0,"₫ 19,134,328","from 19,134",,Pegasus Airlines
flights_html/farecompare-0530.html,Sao Paulo - Madrid,10 h,4 Hours 15 Minutes Layover in LIS,$1049,8:30 PM,11:30 AM,Azul Linhas Aéreas
flights_html/kayak-1019.html,Atlanta to London,8 h 20 min,0,"₫ 29,403,368",22:20,"Arrives Mon, 16 Jun",British Airways
flights_html/gotogate-0580.html,Charlotte - Bremen,12 h 25 min,1,"US$ 1,910.58",06:40 PM,01:05 PM,Lufthansa
flights_html/tripadvisor-1496.html,New Delhi - Sydney,16 h 40 min,1,$ 521,1:00 PM,10:10 AM,Multiple Airlines
flights_html/kayak-0839.html,,17 h 15 min,1,"₫ 12,433,821","from 12,433",,s Airline
flights_html/gotogate-0871.html,Cleveland (Oh) - Southampton,16 h 25 min,2,"US$ 1,373.27",11:15 AM,08:40 AM,Aer Lingus
flights_html/kayak-0277.html,,15 h 55 min,1,"₫ 28,095,084","from 28,095",,Lufthansa
flights_html/kayak-0673.html,Abu Dhabi to Bangkok,3 h 30 min,1,"₫ 18,089,040",21:55,"Arrives Mon, 16 Jun",IndiGo
flights_html/cheapair-0336.html,"Tokyo Narita to Beijing Capital - Sun, Jun 01",3 h 50 min,0,USD 826,3:15 PM,6:05 PM,Air China
flights_html/farecompare-0454.html,Rome - San Francisco,11 h 20 min,1 Hour 35 Minutes Layover in FRA,$ 859,10:00 AM,3:55 PM,Lufthansa
flights_html/gotogate-1975.html,New York - Malta,15 h 15 min,1,US$ 577.68,09:10 PM,06:25 PM,ITA Airways
flights_html/gotogate-1148.html,Daytona Beach - Adelaide,30 h 6 min,3,"US$ 3,854.07",01:49 PM,09:25 AM,American Airlines
flights_html/farecompare-0483.html,Los Angeles - Paris,9 h 55 min,4 Hours 0 Minutes Layover in SEA,$1020,11:55 AM,1:40 PM,Virgin Atlantic
flights_html/tripadvisor-1748.html,Hanoi - Phu Quoc Island,2 h 10 min,0,$ 215,4:20 PM,6:30 PM,Hahn Air
flights_html/tripadvisor-0066.html,Hong Kong - Seoul,3 h 40 min,0,$ 273,10:35 AM,3:15 PM,HK Express
flights_html/cheapair-1734.html,"New Delhi IGI to London Heathrow - Sun, Jun 01",9 h 50 min,0,USD 927,10:05 AM,3:25 PM,British Airways
flights_html/tripadvisor-2001.html,Manila - Singapore,25 h 45 min,2,$ 614,6:55 AM,8:40 AM,Multiple Airlines
flights_html/cheapair-0468.html,Review Trip Details and Book,14 h 5 min,0,USD 38,"USD 1,997",,CX Airline
flights_html/gotogate-0523.html,Boston (Ma) - Prague,9 h 50 min,1,US$ 587.70,04:00 PM,07:50 AM,Condor
flights_html/gotogate-1348.html,Glasgow (Mt) - Sydney,49 h 58 min,2,"US$ 10,417.41",12:57 PM,06:55 AM,Cape Air
flights_html/cheapair-1209.html,"Seoul Incheon to Washington National - Sun, Jun 01",18 h 39 min,1,USD 970,5:25 PM,4:15 PM,American Airlines
flights_html/farecompare-1898.html,Boston - Haikou,3 h 50 min,2,$1592,10:45 PM,9:45 PM,Virgin Atlantic
flights_html/cheapair-1313.html,Review Trip Details and Book,2 h 13 min,0,USD 127,4:46 PM,,Spirit Airlines
flights_html/tripadvisor-1778.html,Jakarta - Paris,17 h 55 min,1,"$ 1,034",6:30 PM,7:25 AM,Iberia
flights_html/cheapair-1960.html,"Phuquoc to Shanghai Hongqiao - Sun, Jun 01",15 h 10 min,1,USD 491,9:00 PM,1:55 AM,China Eastern
flights_html/cheapair-1997.html,"Phuquoc to Ho Chi Minh City - Sun, Jun 01",1 h 10 min,0,USD 154,6:50 AM,8:00 AM,Vietnam Airlines
flights_html/farecompare-2236.html,Charleston - Bordeaux,1 h 45 min,2,$1603,9:35 AM,9:55 AM,JetBlue
flights_html/farecompare-1253.html,Atlanta - Sydney,4 h 45 min,4,$1250,11:00 AM,11:45 AM,Spirit
flights_html/farecompare-1998.html,Boston - Lagos,6 h 30 min,9 Hours 0 Minutes Layover in AMS,$1629,4:40 PM,8:10 PM,KLM
flights_html/tripadvisor-1285.html,Rome - Seoul,22 h 35 min,2,"$ 1,023",8:25 AM,2:00 PM,Multiple Airlines
flights_html/tripadvisor-1832.html,Hanoi - London,12 h 45 min,0,"$ 1,224",11:05 AM,5:50 PM,Vietnam Airlines
flights_html/gotogate-1228.html,Fort Myers - Palermo,17 h 56 min,2,"US$ 2,827.97",01:44 PM,01:40 PM,American Airlines
flights_html/gotogate-0450.html,Bangor - Barcelona,11 h 8 min,1,"US$ 2,329.85",03:57 PM,09:05 AM,American Airlines
flights_html/cheapair-0317.html,"Tokyo Haneda to Shanghai Hongqiao - Sun, Jun 01",3 h 50 min,0,USD 871,2:30 PM,5:20 PM,China Eastern
flights_html/tripadvisor-0236.html,Hong Kong - London,17 h,1,$ 831,10:30 AM,8:30 PM,Air China
flights_html/kayak-1849.html,Los Angeles to Singapore,1 h 38 min,1,"₫ 43,412,176",06:00,"Arrives Mon, 16 Jun",United Airlines
flights_html/kayak-1610.html,Tokyo to Incheon,2 h 40 min,0,"₫ 6,829,306",11:50,,Jeju Air
flights_html/gotogate-1180.html,Fort Myers - Sofia,23 h 52 min,2,"US$ 2,591.31",07:08 AM,02:00 PM,American Airlines
flights_html/tripadvisor-1966.html,Manila - Paris,27 h 30 min,2,$ 937,9:45 PM,7:15 PM,Multiple Airlines
flights_html/cheapair-0359.html,"Tokyo Narita to Hanoi - Sun, Jun 01",5 h 35 min,0,USD 420,4:30 PM,8:05 PM,A.P.G. Distribution System
flights_html/tripadvisor-0962.html,Brussels - Barcelona,2 h 10 min,0,$ 160,10:15 PM,12:25 AM,Vueling
flights_html/kayak-0211.html,Shanghai to Madrid,8 h 50 min,1,"₫ 19,040,674",07:15,,eDreams
flights_html/farecompare-1659.html,Boston - Bournemouth,1 h 25 min,2,$ 960,12:15 PM,11:50 AM,Porter
flights_html/cheapair-1598.html,"Dubai to Singapore Changi - Sun, Jun 01",7 h 45 min,0,USD 939,2:20 AM,2:05 PM,Emirates Airline
flights_html/cheapair-0584.html,"Singapore Changi to Jakarta - Sun, Jun 01",1 h 50 min,0,USD 279,10:20 AM,11:10 AM,Indonesia AirAsia
flights_html/farecompare-0279.html,Amsterdam - Jakarta,8 h 35 min,20 Hours 50 Minutes Layover in DOH,$ 781,10:15 PM,3:00 PM,Qatar
flights_html/kayak-0093.html,,13 h 30 min,0,"₫ 31,053,000","from 31,053",,Air France
flights_html/farecompare-1051.html,Alexandria - Cairo,4 h 20 min,2,$1536,4:51 PM,1:30 AM,Air France
flights_html/tripadvisor-1718.html,Hanoi - Phu Quoc Island,2 h 5 min,0,$ 140,5:10 PM,7:15 PM,VietJet Air
flights_html/farecompare-0652.html,Orlando - Dallas,3 h 11 min,,$ 148,4:30 PM,6:41 PM,Frontier
flights_html/kayak-0910.html,Atlanta to London,8 h 22 min,0,"₫ 31,398,188","from 31,398",,Air France
flights_html/tripadvisor-1071.html,Brussels - Berlin,7 h 50 min,1,$ 295,3:05 PM,10:55 PM,Multiple Airlines
flights_html/gotogate-2062.html,New York - Prague,9 h 45 min,1,US$ 774.60,04:05 PM,07:50 AM,Norse Atlantic Airways
flights_html/tripadvisor-2004.html,Manila - Singapore,19 h,2,$ 706,1:00 PM,8:00 AM,Multiple Airlines
flights_html/gotogate-0979.html,Daytona Beach - Turin,18 h 28 min,2,"US$ 2,249.35",07:32 PM,08:00 PM,American Airlines
flights_html/farecompare-1160.html,Atlanta - Abu Dhabi,13 h 25 min,3 Hours 33 Minutes Layover in ORD,$1366,9:02 AM,12:20 PM,Frontier
flights_html/cheapair-0946.html,"Shanghai Hongqiao to Atlanta Hartsfield Jackson International Airport - Sun, Jun 01",33 h 10 min,3,"USD 11,573",1:30 PM,3:45 PM,United Airlines
flights_html/cheapair-0085.html,"Newark Liberty to Paris - Sun, Jun 01",7 h 25 min,0,USD 996,5:40 PM,7:05 AM,Operated by United Airlines
flights_html/cheapair-1996.html,"Phuquoc to Ho Chi Minh City - Sun, Jun 01",1,0,USD 153,7:10 PM,8:15 PM,Vietravel Airlines
flights_html/cheapair-1268.html,Review Trip Details and Book,4 h 49 min,0,USD 50,4:07 PM,,Alaska Airlines
flights_html/gotogate-1142.html,Daytona Beach - Dubai,25 h 21 min,2,"US$ 2,487.32",01:49 PM,11:10 PM,American Airlines
flights_html/gotogate-0737.html,Cincinnati - Dubai,19 h 15 min,1,"US$ 1,475.36",04:30 PM,07:45 PM,Air Canada
flights_html/tripadvisor-1363.html,Rome - Mumbai,21 h 40 min,2,$ 484,1:45 PM,2:55 PM,Multiple Airlines
flights_html/gotogate-1926.html,New York - Bordeaux,21 h,3,"US$ 1,095.87",09:55 AM,12:55 PM,Porter Airlines
flights_html/tripadvisor-0307.html,Los Angeles - New York City,5 h 37 min,0,$ 280,8:53 PM,5:30 AM,Frontier
flights_html/tripadvisor-1989.html,Manila - Singapore,22 h 10 min,2,$ 617,10:30 AM,8:40 AM,Multiple Airlines
flights_html/gotogate-2083.html,New York - Ålborg,10 h 20 min,1,US$ 814.71,05:30 PM,09:50 AM,KLM
flights_html/gotogate-2157.html,New York - Abu Dhabi,20 h 50 min,2,US$ 861.91,09:10 PM,02:00 AM,ITA Airways
flights_html/kayak-0036.html,Hong Kong to Madrid,3 h 30 min,1,"₫ 19,184,000",20:15,,Air China
flights_html/gotogate-0282.html,Austin (Tx) - Moscow,29 h 40 min,3,"US$ 2,795.00",10:00 AM,11:40 PM,Air Canada
flights_html/farecompare-1102.html,Atlanta - Geneva,7 h 25 min,2,$1033,4:10 PM,9:55 AM,Air Canada
flights_html/cheapair-0178.html,"Los Angeles Intl to Paris - Sun, Jun 01",10 h 35 min,0,"USD 1,480",1:30 PM,9:05 AM,Air Tahiti Nui
flights_html/cheapair-1685.html,"Dubai to Miami Intl Airport - Sun, Jun 01",21 h 50 min,1,USD 100,12:50 AM,5:45 AM,United Airlines
flights_html/cheapair-0448.html,"Hong Kong to Singapore Changi - Sun, Jun 01",3 h 55 min,0,USD 410,8:55 PM,12:50 AM,Cathay Pacific
flights_html/kayak-1813.html,,14 h 15 min,0,"₫ 47,356,736","from 47,356",,eDreams
flights_html/gotogate-0680.html,Cincinnati - Sofia,27 h 2 min,2,"US$ 1,791.12",10:23 AM,08:25 PM,Norwegian Air Sweden
flights_html/tripadvisor-1409.html,New Delhi - Mumbai,2 h 15 min,0,$ 106,7:00 AM,9:15 AM,IndiGo
flights_html/kayak-1304.html,Newark to Tokyo,13 h 45 min,0,"₫ 52,668,652",11:45,"Arrives Mon, 16 Jun",United Airlines
flights_html/tripadvisor-1495.html,New Delhi - Sydney,17 h,1,$ 791,10:40 PM,8:10 PM,Cathay Pacific
flights_html/cheapair-0972.html,"Shanghai Hongqiao to Seoul Incheon - Sun, Jun 01",4 h 50 min,1,USD 514,7:25 AM,8:55 AM,Operated by Shanghai Airlines
flights_html/kayak-0025.html,,14 h,0,"₫ 36,031,172","from 36,031",,Gotogate
flights_html/farecompare-1352.html,Austin - Cagliari,2 h 40 min,2,$1315,6:15 PM,2:55 PM,JetBlue
flights_html/farecompare-2207.html,Charlotte - Lagos,4 h 40 min,2,$1738,3:14 PM,5:50 AM,Spirit
flights_html/farecompare-0955.html,Alexandria - Brussels,8 h 40 min,9 Hours 0 Minutes Layover in ATL,$1360,6:09 AM,8:40 AM,Virgin Atlantic
flights_html/kayak-0376.html,,3 h,0,"₫ 10,971,172","from 10,971",,Air China
flights_html/gotogate-0139.html,Alexandria (La) - Chiang Mai,33 h 47 min,3,"US$ 2,601.09",06:28 PM,04:15 PM,Qatar Airways
flights_html/tripadvisor-1740.html,Hanoi - Phu Quoc Island,2 h 10 min,0,$ 207,3:30 PM,5:40 PM,VietJet Air
flights_html/tripadvisor-1067.html,Brussels - Berlin,13 h 50 min,1,$ 215,9:10 AM,11:00 PM,Ryanair
flights_html/gotogate-1169.html,Fort Myers - Montevideo,17 h 37 min,2,"US$ 2,013.98",05:28 PM,12:05 PM,United Airlines
flights_html/gotogate-0943.html,Daytona Beach - Prague,18 h 3 min,2,"US$ 1,829.31",11:07 AM,11:10 AM,American Airlines
flights_html/cheapair-0889.html,Review Trip Details and Book,19 h 30 min,1,"USD 1,307",1 stop 12,,Cathay Pacific
flights_html/farecompare-2098.html,Charlotte - Glasgow,1 h 30 min,2,$1230,6:00 PM,1:20 PM,British Airways
flights_html/cheapair-1546.html,"ISTANBUL AIRPORT to Newark Liberty - Tue, Jun 03",10 h 40 min,0,USD 702,6:55 PM,10:35 PM,Turkish Airlines
flights_html/cheapair-0744.html,Review Trip Details and Book,23 h 5 min,1,"USD 1,809","USD 1,809",,Air India
flights_html/cheapair-1802.html,"Chicago OHare to Singapore Changi - Sun, Jun 01",22 h 30 min,1,"USD 1,766",12:30 AM,5:00 AM,EVA Air
flights_html/gotogate-0464.html,Bangor - Naples,16 h 45 min,1,"US$ 2,060.78",08:15 AM,07:00 AM,United Airlines
flights_html/farecompare-1005.html,Alexandria - Dublin,7 h 55 min,5 Hours 5 Minutes Layover in ATL,$1140,11:57 AM,8:45 AM,KLM
flights_html/gotogate-0254.html,Atlanta - Thessaloniki,23 h 59 min,3,"US$ 1,289.96",04:46 PM,11:45 PM,Spirit Airlines
flights_html/cheapair-1669.html,Review Trip Details and Book,19 h 19 min,1,USD 68,"USD 2,311",,United Airlines
flights_html/farecompare-1652.html,Boston - Nice,1 h 20 min,2,$ 931,6:50 PM,1:10 PM,Air Canada
flights_html/tripadvisor-0787.html,Shanghai - Seoul,1 h 55 min,0,$ 283,4:25 PM,7:20 PM,Asiana
flights_html/gotogate-1883.html,Milwaukee - Auckland,18 h 41 min,1,"US$ 1,997.26",05:49 PM,05:30 AM,Air New Zealand
flights_html/cheapair-1749.html,"New Delhi IGI to London Heathrow - Sun, Jun 01",9 h 20 min,0,USD 947,2:10 PM,7:00 PM,Air India
flights_html/gotogate-0717.html,Cincinnati - Naples,29 h 46 min,2,"US$ 1,632.42",09:54 PM,09:40 AM,Allegiant Air
flights_html/gotogate-0811.html,Cleveland (Oh) - Lyon,14 h,1,"US$ 1,617.41",08:10 PM,04:10 PM,Aer Lingus
flights_html/gotogate-1219.html,Oahu Honolulu - Prague,37 h 16 min,2,"US$ 1,467.31",02:34 PM,03:50 PM,Alaska Airlines
flights_html/farecompare-2068.html,Charlotte - Turin,1 h 15 min,2,$1415,7:42 PM,4:45 PM,Lufthansa
flights_html/tripadvisor-0114.html,Singapore - Hanoi,3 h 30 min,0,$ 235,2:55 PM,5:25 PM,VietJet Air
flights_html/gotogate-1669.html,Memphis - Eindhoven,19 h 37 min,3,"US$ 1,827.49",02:48 PM,05:25 PM,Air Canada
flights_html/gotogate-1714.html,Las Vegas (NV) - Santiago De Chile,14 h 29 min,1,"US$ 1,033.26",01:55 AM,07:24 PM,Copa Airlines
flights_html/kayak-0579.html,Singapore to Bangkok,2 h 30 min,0,"₫ 3,332,946",15:30,"Arrives Fri, 1 Aug",Scoot
flights_html/cheapair-1972.html,Review Trip Details and Book,12 h 30 min,2,USD 557,7:15 AM,,Vietnam Airlines
flights_html/gotogate-1457.html,Hawaii Kona - Rio De Janeiro,28 h,2,"US$ 1,641.43",01:15 PM,12:15 AM,Copa Airlines
flights_html/tripadvisor-1202.html,Rome - Hong Kong,22 h 20 min,1,$ 584,1:05 PM,5:25 PM,Sichuan
flights_html/gotogate-1243.html,Oahu Honolulu - Bremen,24 h 55 min,2,"US$ 2,102.01",10:05 PM,11:00 AM,Air Canada
flights_html/cheapair-1359.html,"Atlanta Hartsfield Jackson International Airport to Paris - Sun, Jun 01",8 h 40 min,0,"USD 1,588",9:50 PM,12:30 PM,Virgin Atlantic
flights_html/farecompare-1222.html,Atlanta - Adelaide,6 h 35 min,2,$1207,8:23 PM,11:35 AM,Fiji Airways
flights_html/gotogate-0037.html,Albany (Ny) - Glasgow,18 h 12 min,2,"US$ 1,954.76",04:23 PM,03:35 PM,British Airways
flights_html/tripadvisor-1175.html,Rome - Shanghai,10 h 55 min,0,"$ 1,004",9:10 PM,2:05 PM,China Eastern
flights_html/kayak-0627.html,Abu Dhabi to Bangkok,1 h 15 min,1,"₫ 21,157,902",19:20,"Arrives Mon, 16 Jun",Gulf Air
flights_html/farecompare-0012.html,New York - London,7 h 30 min,,$ 687,9:30 PM,10:00 AM,KLM
flights_html/farecompare-1632.html,Boston - Vienna,1 h 15 min,9 Hours 35 Minutes Layover in FRA,$ 862,4:00 PM,4:05 PM,Condor
flights_html/farecompare-2218.html,Charleston - Prague,1 h 15 min,2,$1073,7:03 AM,9:45 AM,Spirit
flights_html/kayak-1604.html,,2 h 50 min,0,"₫ 6,734,975","fares 6,734",,T'way Air
flights_html/farecompare-1565.html,Bangor - Adelaide,1 h 30 min,3,$4215,4:00 PM,6:40 AM,Qatar
flights_html/kayak-0047.html,Hong Kong to London,2 h 45 min,1,"₫ 23,937,048",07:30,"Arrives Fri, 1 Aug",China Eastern
flights_html/kayak-1489.html,Newark to Kuala Lumpur,14 h 5 min,1,"₫ 39,614,248",10:30,"Arrives Mon, 16 Jun",United Airlines
flights_html/farecompare-2335.html,Charleston - Sydney,15 h 5 min,2,$1806,6:03 PM,6:05 AM,Alaska
flights_html/cheapair-1101.html,"Seoul Incheon to Kuala Lumpur - Sun, Jun 01",6 h 35 min,0,USD 33,12:10 AM,5:45 AM,Malaysia Airlines
flights_html/cheapair-0993.html,"Beijing Capital to Seoul Incheon - Sun, Jun 01",2 h 15 min,0,USD 236,4:50 PM,8:05 PM,Asiana Airlines
flights_html/cheapair-0699.html,Review Trip Details and Book,25 h,1,USD 70,"USD 2,050",,Air India
flights_html/farecompare-0369.html,Delhi - Singapore,5 h,7 Hours 35 Minutes Layover in HYD,$ 286,11:20 PM,4:40 PM,IndiGo
flights_html/tripadvisor-1133.html,Al Ain - New York City,42 h 25 min,3,"$ 2,440",10:25 PM,8:50 AM,Multiple Airlines
flights_html/kayak-1082.html,Seattle to Paris,9 h 35 min,0,"₫ 33,496,632",13:30,"Arrives Mon, 16 Jun",Air France
flights_html/tripadvisor-0490.html,New York City - London,6 h 55 min,0,$ 618,7:50 AM,7:45 PM,Finnair
flights_html/gotogate-0047.html,Albany (Ny) - Cagliari,15 h 55 min,2,"US$ 2,286.31",07:40 PM,05:35 PM,Lufthansa
flights_html/tripadvisor-0663.html,Bangkok - Hanoi,1 h 50 min,0,$ 187,6:40 AM,8:30 AM,Thai AirAsia
flights_html/kayak-1262.html,New York to Tokyo,14 h,0,"₫ 63,475,000",02:00,"Arrives Mon, 16 Jun",United Airlines
flights_html/cheapair-1683.html,"Dubai to Miami Intl Airport - Sun, Jun 01",22 h 16 min,1,"USD 1,237",1:55 AM,8:20 AM,United Airlines
flights_html/cheapair-0789.html,"Melbourne to Manila - Sun, Jun 01",8 h 50 min,0,USD 498,8:00 AM,2:50 PM,Philippine
flights_html/gotogate-2031.html,New York - Buenos Aires,13 h 21 min,1,US$ 947.21,03:24 PM,05:45 AM,Avianca
flights_html/gotogate-0671.html,Charlotte - Porto,14 h 8 min,2,"US$ 1,153.39",11:52 AM,07:00 AM,Spirit Airlines
flights_html/cheapair-0809.html,"Melbourne to Hanoi - Sat, May 31",10 h 10 min,0,USD 434,7:30 AM,,Viet
flights_html/tripadvisor-0256.html,Los Angeles - Dallas,3 h 8 min,0,$ 53,5:30 AM,10:38 AM,Spirit
flights_html/tripadvisor-0352.html,Los Angeles - Dallas,3 h 23 min,0,$ 47,7:03 PM,12:26 AM,Frontier
flights_html/tripadvisor-1007.html,Brussels - Paris,11 h 10 min,1,$ 352,9:25 AM,8:35 PM,Alitalia
flights_html/gotogate-0490.html,Bangor - Tashkent,33 h 30 min,2,"US$ 1,674.23",08:15 AM,02:45 AM,United Airlines
flights_html/gotogate-1379.html,Hawaii Kona - Bremen,26 h 15 min,2,"US$ 2,614.01",10:50 PM,01:05 PM,Lufthansa
flights_html/gotogate-2084.html,Hong Kong Island - Geneva,22 h 40 min,1,"US$ 1,032.67",02:35 PM,07:15 AM,Air China
flights_html/farecompare-1978.html,Boston - Auckland,3 h 10 min,3,$1654,11:38 AM,12:40 PM,Sun Country
flights_html/kayak-1281.html,Newark to Tokyo,5 h 55 min,1,"₫ 52,562,436",06:00,Arrives Mon,United Airlines
flights_html/kayak-0042.html,Hong Kong to Madrid,2 h 40 min,1,"₫ 23,511,380",20:05,"Departs Mon, 16 Jun",China Eastern
flights_html/farecompare-0881.html,Albany - Athens,3 h 40 min,2,$1082,4:20 PM,12:55 AM,British Airways
flights_html/kayak-0459.html,Singapore to Bangkok,2 h 35 min,0,"₫ 3,030,311",06:30,,Scoot
flights_html/tripadvisor-0108.html,- Hanoi,3 h 30 min,0,$ 422,3:05 PM,5:35 PM,Singapore
flights_html/gotogate-1798.html,Memphis - Dakar,58 h 34 min,2,"US$ 2,232.26",03:26 PM,07:00 AM,United Airlines
flights_html/cheapair-0332.html,"Tokyo Narita to Beijing Capital - Sun, Jun 01",4 h 20 min,0,USD 50,5:55 PM,9:15 PM,Spring Airlines Japan Co. Ltd
flights_html/cheapair-1322.html,Review Trip Details and Book,2 h 13 min,0,USD 134,4:46 PM,,Spirit Airlines
flights_html/kayak-0965.html,Atlanta to Paris,8 h 30 min,0,"₫ 32,679,276","from 32,679",,Delta
flights_html/farecompare-1124.html,Atlanta - Cagliari,1 h 50 min,2,$1349,8:55 AM,5:35 PM,Air Canada
flights_html/farecompare-0517.html,Sao Paulo - Rio de Janeiro,1 h 5 min,,$ 92,8:05 AM,9:10 AM,GOL
flights_html/gotogate-1901.html,Milwaukee - Addis Ababa,28 h 46 min,1,"US$ 1,939.41",08:39 AM,09:25 PM,United Airlines
flights_html/kayak-0081.html,,17 h 5 min,1,"₫ 30,315,000","from 30,315",,Gotogate
flights_html/gotogate-1853.html,Milwaukee - Liverpool,27 h 59 min,3,"US$ 2,027.74",01:06 PM,11:05 PM,Aer Lingus
flights_html/kayak-1380.html,,21 h,1,"₫ 40,722,000","fares 40,722",,Air India
flights_html/farecompare-1240.html,Atlanta - Brisbane,4 h 20 min,2,$1763,4:34 PM,10:35 AM,Frontier
flights_html/gotogate-0833.html,Cleveland (Oh) - Moscow,24 h 50 min,3,"US$ 3,154.96",03:50 PM,11:40 PM,Air Canada
flights_html/farecompare-0263.html,Amsterdam - Bangkok,4 h 30 min,1 Hour 20 Minutes Layover in PVG,$ 634,8:15 PM,6:05 PM,China Eastern
flights_html/tripadvisor-1388.html,Rome - Mumbai,14 h 40 min,1,$ 675,10:50 AM,5:00 AM,Turkish Airlines
flights_html/gotogate-2105.html,New York - Stockholm,11 h 15 min,1,US$ 744.61,05:30 PM,10:45 AM,KLM
flights_html/cheapair-1122.html,"Seoul Incheon to Atlanta Hartsfield Jackson International Airport - Tue, Jun 03",29 h 38 min,2,"USD 1,015",5:45 PM,11:35 AM,AIR CANADA
flights_html/gotogate-1839.html,Milwaukee - Dublin,10 h 4 min,1,"US$ 1,721.31",01:06 PM,05:10 AM,American Airlines
flights_html/farecompare-2363.html,Charleston - Auckland,3 h 10 min,3,$1318,7:03 AM,12:40 PM,Spirit
flights_html/farecompare-0954.html,Alexandria - Vienna,1 h 50 min,2,$1581,4:51 PM,10:15 PM,KLM
flights_html/cheapair-0325.html,"Tokyo Narita to Beijing Capital - Sat, May 31",6 h,1,USD 472,9:00 AM,,Asiana Airlines
flights_html/gotogate-0655.html,Charleston (Sc) - Sofia,45 h 55 min,4,"US$ 1,603.34",09:35 AM,02:30 PM,Breeze Airways
flights_html/kayak-0185.html,Shanghai to London,2 h 15 min,1,"₫ 30,048,000",21:30,"Departs Mon, 16 Jun",Air China
flights_html/farecompare-1794.html,Boston - Turin,1 h 15 min,6 Hours 0 Minutes Layover in MUC,$ 885,8:05 PM,4:45 PM,Lufthansa
flights_html/farecompare-1275.html,Atlanta - Lima,4 h 15 min,3,$ 503,9:53 AM,3:25 AM,Spirit
flights_html/gotogate-1495.html,Las Vegas (NV) - Brussels,22 h 53 min,3,"US$ 1,242.91",12:42 PM,08:35 PM,Spirit Airlines
flights_html/cheapair-0262.html,"Los Angeles Intl to Seoul Incheon - Sun, Jun 01",13 h 20 min,0,"USD 2,052",11:00 PM,4:20 AM,Asiana Airlines
flights_html/farecompare-1581.html,Bangor - Auckland,14 h 35 min,2,$3280,8:15 AM,5:30 AM,United Airlines
flights_html/cheapair-1480.html,"ISTANBUL AIRPORT to Kuala Lumpur - Sun, Jun 01",13 h 45 min,1,USD 996,1:20 PM,4:55 AM,Singapore Airlines
flights_html/cheapair-0278.html,"Tokyo Narita to Seoul Incheon - Sun, Jun 01",3 h 5 min,0,USD 275,11:30 AM,2:35 PM,Eastar
flights_html/gotogate-0211.html,Atlanta - Cagliari,27 h 25 min,3,"US$ 1,197.34",09:15 AM,06:40 PM,Spirit Airlines
flights_html/farecompare-1806.html,Boston - Turin,1 h 15 min,6 Hours 0 Minutes Layover in MUC,$ 910,8:05 PM,4:45 PM,Lufthansa
flights_html/gotogate-0411.html,Austin (Tx) - Cairo,19 h 6 min,2,"US$ 1,651.64",12:09 PM,03:15 PM,Lufthansa
flights_html/kayak-1149.html,Seattle to Paris,9 h 50 min,1,"₫ 40,290,672",17:35,"Arrives Mon, 16 Jun",Delta
flights_html/tripadvisor-1295.html,Rome - New Delhi,10 h 25 min,1,$ 657,9:40 AM,11:35 PM,SWISS
flights_html/kayak-0853.html,,12 h 45 min,1,"₫ 15,557,095","from 15,557",,s Airline
flights_html/tripadvisor-1421.html,New Delhi - Mumbai,2 h 25 min,0,$ 105,12:35 PM,3:00 PM,Air India
flights_html/farecompare-1841.html,Boston - Cagliari,1 h 10 min,2,$ 811,5:05 PM,4:40 PM,Ita
flights_html/gotogate-1117.html,Fort Myers - Leipzig,12 h 45 min,1,"US$ 2,031.05",07:15 PM,02:00 PM,Lufthansa
flights_html/cheapair-1270.html,Review Trip Details and Book,4 h 49 min,0,USD 50,4:07 PM,,Operated by Alaska Airlines
flights_html/kayak-0697.html,Abu Dhabi to Bangkok,11 h 35 min,1,"₫ 24,114,828",19:20,,Gulf Air
flights_html/kayak-0543.html,Singapore to Bangkok,2 h 40 min,0,"₫ 3,358,203",14:40,,Thai AirAsia
flights_html/kayak-0252.html,Shanghai to Madrid,2 h 45 min,1,"₫ 27,131,000",18:30,"Departs Mon, 16 Jun",Air China
flights_html/tripadvisor-0931.html,Istanbul - Shanghai,15 h 15 min,1,$ 976,8:05 PM,4:20 PM,Qatar Airways
flights_html/farecompare-1510.html,Bangor - Bristol,1 h 5 min,2,$1905,5:12 PM,1:05 PM,Allegiant Air
flights_html/kayak-0754.html,,9 h 45 min,1,"₫ 15,554,484","from 15,554",,s Airline
flights_html/tripadvisor-1216.html,Rome - Hong Kong,17 h 55 min,1,$ 887,3:50 PM,3:45 PM,Lufthansa
flights_html/gotogate-0933.html,Daytona Beach - Prague,18 h 3 min,2,"US$ 1,829.31",11:07 AM,11:10 AM,American Airlines
flights_html/tripadvisor-0873.html,Istanbul - Tokyo,16 h 40 min,1,"$ 1,227",1:45 PM,12:25 PM,Qatar Airways
flights_html/gotogate-0170.html,Alexandria (La) - Brisbane,27 h 51 min,2,"US$ 2,361.39",10:34 AM,05:25 AM,American Airlines
flights_html/cheapair-1257.html,"Atlanta Hartsfield Jackson International Airport to Los Angeles Intl - Sun, Jun 01",4 h 51 min,0,USD 265,9:41 AM,11:32 AM,Spirit Airlines
flights_html/farecompare-2229.html,Charleston - Aalborg,1 h 15 min,3,$1074,9:42 AM,5:40 PM,Spirit
flights_html/cheapair-1259.html,"Atlanta Hartsfield Jackson International Airport to Los Angeles Intl - Sun, Jun 01",4 h 41 min,0,USD 285,9:58 AM,11:39 AM,Frontier Airlines
flights_html/tripadvisor-0342.html,Singapore - Hanoi,3 h 30 min,0,$ 281,2:55 PM,5:25 PM,VietJet Air
flights_html/farecompare-1931.html,Boston - Brisbane,4 h 20 min,2,$1582,10:24 AM,10:35 AM,JetBlue
flights_html/farecompare-0172.html,Atlanta - Miami,2 h 49 min,19 Hours 43 Minutes Layover in BWI,$ 157,9:54 PM,10:26 PM,Frontier
flights_html/gotogate-0112.html,Alexandria (La) - Luxembourg,17 h 31 min,2,"US$ 2,225.54",10:14 AM,10:45 AM,American Airlines
flights_html/kayak-1173.html,Seattle to Paris,3 h 17 min,1,"₫ 47,702,000",09:05,"Arrives Mon, 16 Jun",KLM
flights_html/cheapair-0167.html,"Los Angeles Intl to Paris Orly - Sun, Jun 01",10 h 50 min,0,"USD 1,059",7:45 PM,3:35 PM,Air Caraibes
flights_html/farecompare-1389.html,Austin - Tashkent,4 h 35 min,3,$1153,7:15 AM,12:50 AM,Spirit
flights_html/tripadvisor-0169.html,Hong Kong - Paris,22 h 50 min,1,$ 706,2:35 PM,7:25 AM,Air China
flights_html/cheapair-0107.html,Review Trip Details and Book,14 h 25 min,0,USD 79,2 pcs 23,,NH Airline
flights_html/cheapair-1733.html,"New Delhi IGI to Paris - Sun, Jun 01",9 h 5 min,0,USD 861,1:40 PM,7:15 PM,Air India
flights_html/farecompare-2282.html,Charleston - Leipzig - Halle,1 h,2,$1323,9:35 AM,8:05 AM,Condor
flights_html/cheapair-0194.html,Review Trip Details and Book,10 h 30 min,0,USD 115,"USD 1,254",,VS Airline
flights_html/farecompare-0293.html,London - Brussels,1 h 15 min,,$ 154,4:55 PM,7:10 PM,British Airways
flights_html/kayak-1893.html,Los Angeles to Singapore,1 h 40 min,1,"₫ 43,593,524",08:00,,United Airlines
flights_html/farecompare-1219.html,Atlanta - Tashkent,4 h 35 min,9 Hours 20 Minutes Layover in IST,$1792,3:00 PM,12:50 AM,Turkish
flights_html/cheapair-0348.html,"Tokyo Narita to Hanoi - Sun, Jun 01",5 h,0,USD 401,4:30 PM,8:05 PM,Hahn Air Systems
flights_html/cheapair-1907.html,"Chicago OHare to Mexico City - Sun, Jun 01",4 h 10 min,0,USD 45,1:40 AM,4:50 AM,Volaris
flights_html/gotogate-0085.html,Albany (Ny) - Prague,16 h 54 min,2,"US$ 2,443.52",12:16 PM,11:10 AM,American Airlines
flights_html/kayak-0422.html,Shanghai to Tokyo,(2,0,"₫ 13,365,455",09:05,,Shanghai Airlines
flights_html/gotogate-0002.html,Albany (Ny) - Vienna,14 h 55 min,2,"US$ 2,130.74",07:40 PM,04:35 PM,Lufthansa
flights_html/tripadvisor-0933.html,Istanbul - Shanghai,15 h 15 min,1,$ 939,8:05 PM,4:20 PM,Qatar Airways
flights_html/tripadvisor-1251.html,Rome - Seoul,15 h 45 min,1,"$ 1,124",9:40 AM,8:25 AM,SWISS
flights_html/cheapair-1969.html,"Phuquoc to Shanghai Hongqiao - Sun, Jun 01",18 h 25 min,1,USD 491,9:00 PM,1:55 AM,China Eastern
flights_html/cheapair-0417.html,"Hong Kong to Kuala Lumpur - Sun, Jun 01",4 h,0,USD 254,11:55 AM,3:55 PM,Philippines AirAsia
flights_html/gotogate-2050.html,New York - Prague,9 h 45 min,1,US$ 774.60,04:05 PM,07:50 AM,Norse Atlantic Airways
flights_html/gotogate-1399.html,Hawaii Kona - Oslo,19 h 25 min,2,"US$ 2,569.29",08:00 AM,03:25 PM,Alaska Airlines
flights_html/farecompare-0888.html,Albany - Newcastle,1 h 10 min,2,$1449,6:55 PM,8:25 AM,British Airways
flights_html/kayak-0774.html,,11 h 30 min,1,"₫ 15,873,869","from 15,873",,s Airline
flights_html/gotogate-1807.html,Milwaukee - Eindhoven,24 h 10 min,2,"US$ 1,789.86",07:00 AM,02:10 PM,Air France
flights_html/farecompare-0170.html,Atlanta - Miami,2 h 10 min,,$ 123,6:25 PM,8:35 PM,Frontier
flights_html/farecompare-0367.html,London - Bangkok,4 h 25 min,1 Hour 15 Minutes Layover in DEL,$ 765,8:35 PM,4:55 PM,Air India
flights_html/tripadvisor-1207.html,Rome - Hong Kong,17 h 5 min,1,$ 893,10:40 PM,9:45 PM,Qatar
flights_html/farecompare-1127.html,Atlanta - Thessaloniki,3 h 20 min,2,$1381,11:39 AM,7:55 PM,British Airways
flights_html/tripadvisor-0495.html,Singapore - Hanoi,3 h 30 min,0,$ 269,2:55 PM,5:25 PM,VietJet Air
flights_html/gotogate-0656.html,Charlotte - Bournemouth,21 h 33 min,3,"US$ 1,628.08",11:52 AM,02:25 PM,Spirit Airlines
flights_html/tripadvisor-1808.html,Jakarta - Paris,27 h 25 min,1,"$ 1,012",9:00 AM,7:25 AM,Qatar Airways
flights_html/tripadvisor-0625.html,Bangkok - Kuala Lumpur,2 h 10 min,0,$ 185,8:15 PM,11:25 PM,Malindo Air
flights_html/tripadvisor-0204.html,Hong Kong - London,15 h 40 min,1,$ 657,11:15 PM,7:55 AM,SWISS
flights_html/kayak-0137.html,Hong Kong to London,3 h 20 min,1,"₫ 24,136,752",12:55,"Departs Mon, 16 Jun",Air China
flights_html/kayak-0800.html,Abu Dhabi to London,1 h 10 min,1,"₫ 20,020,000",23:45,,Qatar Airways
flights_html/tripadvisor-1584.html,New Delhi - Shanghai,12 h 55 min,1,$ 653,1:00 AM,4:25 PM,Cathay Pacific
flights_html/tripadvisor-1683.html,Manila - London,32 h 30 min,1,"$ 1,194",3:05 PM,4:35 PM,Malaysia Airlines
flights_html/gotogate-1344.html,Glasgow (Mt) - Dubai,24 h 55 min,3,"US$ 7,969.09",07:40 AM,06:35 PM,Cape Air
flights_html/farecompare-1783.html,Boston - Luxembourg,1 h,21 Hours 45 Minutes Layover in ZRH,$ 800,9:40 PM,9:40 AM,Swiss
flights_html/tripadvisor-0107.html,Singapore - Hanoi,3 h 30 min,0,$ 240,2:55 PM,5:25 PM,VietJet Air
flights_html/gotogate-0934.html,Cincinnati - Southampton,14 h 1 min,2,"US$ 1,935.34",01:39 PM,08:40 AM,American Airlines
flights_html/cheapair-1835.html,"Chicago OHare to Par - Sun, Jun 01",22 h 46 min,7,"USD 1,280",6:30 PM,9:16 PM,Air Canada
flights_html/kayak-0441.html,Shanghai to Tokyo,2 h 50 min,0,"₫ 13,453,358",08:40,,China Eastern
flights_html/farecompare-0082.html,Singapore - Paris,9 h 5 min,1 Hour 35 Minutes Layover in DEL,$ 765,9:00 AM,7:15 PM,Air India
flights_html/farecompare-0894.html,Albany - Haikou,1 h 30 min,3,$4807,4:45 PM,6:25 PM,Air Canada
flights_html/kayak-1654.html,Tokyo to Incheon,2 h 35 min,0,"₫ 7,227,203",19:25,,Jeju Air
flights_html/farecompare-0087.html,Singapore - Paris,7 h 20 min,23 Hours 10 Minutes Layover in DXB,$ 864,1:40 AM,9:25 AM,Emirates
flights_html/tripadvisor-0937.html,Istanbul - Shanghai,26 h 25 min,1,$ 808,4:30 PM,11:55 PM,Multiple Airlines
flights_html/cheapair-1040.html,Review Trip Details and Book,4 h 5 min,0,USD 307,8:50 AM,,Air China
flights_html/gotogate-0116.html,Alexandria (La) - Helsinki,16 h 11 min,1,"US$ 1,987.51",10:34 AM,10:45 AM,American Airlines
flights_html/gotogate-0405.html,Austin (Tx) - Quito,18 h 25 min,1,US$ 410.96,05:00 AM,11:25 PM,United Airlines
flights_html/kayak-0515.html,Singapore to Bangkok,2 h 30 min,0,"₫ 3,374,482",12:10,,Thai Lion Air
flights_html/kayak-1812.html,,14 h 15 min,0,"₫ 46,893,760","from 46,893",,Lufthansa
flights_html/farecompare-0106.html,Singapore - Hanoi,3 h 30 min,4 Hours 15 Minutes Layover in SGN,$ 297,2:55 PM,5:25 PM,Vietjet
flights_html/kayak-0255.html,Shanghai to Madrid,2 h 25 min,1,"₫ 27,131,000",17:30,"Departs Mon, 16 Jun",Air China
flights_html/farecompare-1321.html,Austin - Bremen,55 min,3,$1151,7:15 AM,5:40 PM,Spirit
flights_html/tripadvisor-1327.html,Rome - New Delhi,11 h 30 min,1,$ 739,8:45 AM,11:45 PM,Multiple Airlines
flights_html/farecompare-1329.html,Austin - Eindhoven,1 h 40 min,4,$1302,7:15 AM,4:25 PM,Spirit
flights_html/kayak-0297.html,,3 h,0,"₫ 10,062,981","from 10,062",,Air China
flights_html/gotogate-1551.html,Las Vegas (NV) - Cagliari,21 h 45 min,2,"US$ 1,117.28",09:55 AM,04:40 PM,Porter Airlines
flights_html/farecompare-1839.html,Boston - Cagliari,1 h 10 min,2,$ 799,5:05 PM,4:40 PM,Ita
flights_html/tripadvisor-0896.html,Istanbul - Shanghai,10 h 15 min,0,$ 864,2:00 PM,5:15 AM,China Eastern
flights_html/farecompare-0438.html,Rome - Brussels,2 h 15 min,,$ 125,6:15 AM,8:30 AM,Ryanair
flights_html/farecompare-0056.html,New York - Sao Paulo,6 h 5 min,3,$ 677,6:55 AM,2:00 AM,Avianca
flights_html/tripadvisor-0313.html,Los Angeles - New York City,10 h 42 min,1,$,3:48 PM,5:30 AM,Frontier
flights_html/cheapair-0235.html,"Los Angeles Intl to Tokyo Haneda - Sun, Jun 01",11 h 15 min,0,"USD 1,530",12:00 PM,3:15 PM,United Airlines
flights_html/cheapair-1283.html,"Atlanta Hartsfield Jackson International Airport to San Diego - Sun, Jun 01",6 h 41 min,1,USD 286,8:05 PM,9:38 PM,Frontier Airlines
flights_html/cheapair-1212.html,"Seoul Incheon to Washington National - Sun, Jun 01",18 h 39 min,1,USD 970,5:25 PM,4:15 PM,American Airlines
flights_html/farecompare-0765.html,Albany - Madrid,8 h 26 min,3 Hours 53 Minutes Layover in ATL,$1321,12:43 PM,9:35 AM,Virgin Atlantic
flights_html/kayak-0435.html,Shanghai to Tokyo,(2,0,"₫ 13,365,455",09:05,,Shanghai Airlines
flights_html/farecompare-1747.html,Boston - Porto,3 h,11 Hours 50 Minutes Layover in MUC,$ 833,8:05 PM,11:20 PM,Lufthansa
flights_html/gotogate-0350.html,Austin (Tx) - Porto,25 h 50 min,3,"US$ 1,453.60",02:20 PM,10:10 PM,Spirit Airlines
flights_html/farecompare-0714.html,Albany - Bristol,1 h 15 min,2,$2145,1:25 PM,9:05 AM,Virgin Atlantic
flights_html/farecompare-0735.html,Albany - Geneva,1 h 40 min,2,$1269,4:20 PM,8:00 PM,British Airways
flights_html/cheapair-1249.html,Review Trip Details and Book,4 h 51 min,0,USD 221,9:41 AM,,Spirit Airlines
flights_html/cheapair-0064.html,"Nanning to Singapore Changi - Thu, Jul 31",12 h 10 min,1,USD 89,8:00 AM,10:55 AM,China Southern
flights_html/kayak-0298.html,,2 h 55 min,0,"₫ 10,062,981","from 10,062",,Air China
flights_html/farecompare-0602.html,Orlando - Boston,2 h 58 min,,$ 161,6:05 AM,9:03 AM,Spirit
flights_html/tripadvisor-0232.html,Hong Kong - London,25 h 35 min,1,$ 649,11:15 PM,5:50 PM,SWISS
flights_html/gotogate-2104.html,Hong Kong Island - Turin,29 h 25 min,2,"US$ 1,400.80",10:30 AM,09:55 AM,Air China
flights_html/cheapair-0657.html,"Sydney to Tokyo Narita - Sat, May 31",27 h 20 min,1,USD 543,11:25 AM,,Xiamen Airlines
flights_html/kayak-0190.html,Shanghai to Paris,13 h 55 min,1,"₫ 30,698,704",11:15,"Arrives Fri, 1 Aug",KLM
flights_html/tripadvisor-1703.html,Manila - London,25 h 50 min,1,"$ 1,332",10:15 PM,5:05 PM,Vietnam Airlines
flights_html/gotogate-0630.html,Charlotte - Warsaw,20 h 28 min,3,"US$ 1,116.08",11:52 AM,02:20 PM,Spirit Airlines
flights_html/farecompare-0147.html,Tokyo - Atlanta,2 h 3 min,2,$1124,10:30 AM,12:26 AM,Grozny
flights_html/tripadvisor-1148.html,Rome - Shanghai,10 h 55 min,0,$ 899,9:10 PM,2:05 PM,China Eastern
flights_html/cheapair-1903.html,Review Trip Details and Book,3 h 10 min,0,USD 480,7:25 AM,,Frontier Airlines
flights_html/cheapair-0076.html,"Newark Liberty to Paris Orly - Sun, Jun 01",7 h 15 min,0,USD 918,11:00 PM,12:15 PM,Air Caraibes
flights_html/kayak-1332.html,New York to Tokyo,1 h 42 min,1,"₫ 53,032,000",10:30,"Arrives Mon, 16 Jun",Air Canada
flights_html/gotogate-1958.html,New York - Malta,18 h 45 min,1,US$ 702.69,05:40 PM,06:25 PM,ITA Airways
flights_html/tripadvisor-1732.html,Hanoi - Phu Quoc Island,2 h 5 min,0,$ 179,12:00 PM,2:05 PM,VietJet Air
flights_html/kayak-0061.html,,16 h 50 min,1,"₫ 27,823,056","from 27,823",,Air France
flights_html/kayak-0156.html,,14 h 30 min,0,"₫ 27,202,000","from 27,202",,British Airways
flights_html/kayak-0708.html,Abu Dhabi to Bangkok,6 h 30 min,0,"₫ 27,367,624","from 27,367",,Etihad Airways
flights_html/gotogate-1544.html,Hawaii Kona - Cagliari,24 h 25 min,2,"US$ 2,670.70",08:00 AM,08:25 PM,British Airways
flights_html/farecompare-2040.html,Charlotte - Eindhoven,2 h 15 min,2,$1203,3:14 PM,6:25 PM,Spirit
flights_html/tripadvisor-1262.html,Rome - Seoul,21 h 55 min,2,$ 963,6:40 AM,11:35 AM,Multiple Airlines
flights_html/farecompare-0323.html,Amsterdam - Singapore,5 h 25 min,20 Hours 55 Minutes Layover in PVG,$ 701,8:15 PM,3:35 PM,China Eastern
flights_html/farecompare-0598.html,Orlando - Boston,3 h 5 min,,$ 161,8:42 PM,11:47 PM,Spirit
flights_html/tripadvisor-0302.html,Los Angeles - Newark,8 h 47 min,1,$,10:27 PM,10:14 AM,Frontier
flights_html/gotogate-0506.html,Bangor - Algiers,39 h 58 min,2,"US$ 2,123.41",03:57 PM,12:55 PM,Qatar Airways
flights_html/farecompare-0973.html,Alexandria - Nice,2 h,2,$1661,4:51 PM,6:30 PM,KLM
flights_html/farecompare-0490.html,Los Angeles - Paris,8 h 5 min,45 Minutes Layover in MSP,$1037,1:25 PM,10:45 AM,KLM
flights_html/gotogate-0764.html,Cincinnati - Quito,12 h 32 min,1,US$ 739.44,11:53 AM,11:25 PM,United Airlines
flights_html/gotogate-1966.html,New York - Palermo,17 h 15 min,2,"US$ 1,033.68",11:55 PM,11:10 PM,Norse Atlantic Airways
flights_html/gotogate-2136.html,Hong Kong Island - Phuket,3 h 35 min,,US$ 184.06,07:55 AM,10:30 AM,Hong Kong Express
flights_html/cheapair-0635.html,"Sydney to Melbourne - Sun, Jun 01",1 h 40 min,0,USD 12,6:00 AM,7:40 AM,Jetstar
flights_html/farecompare-2168.html,Charlotte - Christchurch,3 h 10 min,3,$2492,3:15 PM,11:05 PM,Air Canada
flights_html/gotogate-0315.html,Austin (Tx) - Chiang Mai,28 h 40 min,2,"US$ 1,726.31",07:00 AM,11:40 PM,American Airlines
flights_html/kayak-0968.html,,8 h 40 min,0,"₫ 32,679,276","from 32,679",,Delta
flights_html/gotogate-1831.html,Milwaukee - Turin,16 h 16 min,2,"US$ 1,950.39",05:29 PM,04:45 PM,Lufthansa
flights_html/kayak-0424.html,Shanghai to Tokyo,(2,0,"₫ 13,365,455",09:05,,Shanghai Airlines
flights_html/tripadvisor-1644.html,New Delhi - Hong Kong,5 h 50 min,0,$ 542,5:30 AM,1:50 PM,IndiGo
flights_html/tripadvisor-1313.html,Rome - New Delhi,12 h,1,$,6:20 PM,9:50 AM,EGYPTAIR
flights_html/tripadvisor-0952.html,Brussels - Barcelona,2 h 5 min,0,$ 147,3:10 PM,5:15 PM,Vueling
flights_html/kayak-1501.html,New York to Bangkok,15 h,1,"₫ 40,385,000",11:10,"Arrives Mon, 16 Jun",Air India
flights_html/tripadvisor-0180.html,Hong Kong - Paris,25 h 35 min,1,$ 687,11:15 PM,6:50 PM,SWISS
flights_html/tripadvisor-1215.html,Rome - Hong Kong,20 h 35 min,1,$ 752,9:10 PM,11:45 PM,China Eastern
flights_html/farecompare-1210.html,Atlanta - Tashkent,4 h 50 min,15 Hours 25 Minutes Layover in IST,$1619,9:45 PM,1:55 PM,Turkish
flights_html/kayak-1521.html,Newark to Bangkok,14 h 55 min,1,"₫ 43,767,528",09:00,"Arrives Mon, 16 Jun",Air India
flights_html/gotogate-1158.html,Daytona Beach - Montevideo,23 h 4 min,3,"US$ 2,817.66",12:01 PM,12:05 PM,American Airlines
flights_html/cheapair-0437.html,"Hong Kong to Singapore Changi - Sun, Jun 01",3 h 45 min,0,USD 24,7:20 PM,11:05 PM,Scoot
flights_html/cheapair-1036.html,Review Trip Details and Book,8 h,1,USD 264,7:00 AM,,China Eastern
flights_html/farecompare-0202.html,Miami - Mumbai,2 h 20 min,2,$1324,7:25 PM,6:15 AM,Virgin Atlantic
flights_html/farecompare-0478.html,Los Angeles - Paris,6 h 50 min,3,$ 814,9:10 PM,10:20 AM,WestJet
flights_html/farecompare-0054.html,New York - Sao Paulo,6 h 33 min,9 Hours 2 Minutes Layover in PTY,$ 672,2:17 AM,12:10 AM,Copa Airlines
flights_html/farecompare-0795.html,Albany - Porto,6 h 35 min,2,$1303,6:10 AM,9:35 AM,Air Canada
flights_html/farecompare-0750.html,Albany - Barcelona,7 h 50 min,2,$1238,4:45 PM,9:20 AM,Air Canada
flights_html/kayak-1356.html,New York to Amsterdam,1 h 21 min,1,"₫ 23,394,042",13:59,"Arrives Mon, 16 Jun",Delta
flights_html/gotogate-0772.html,Chicago - Barcelona,24 h 15 min,3,"US$ 1,722.99",09:20 AM,04:35 PM,Air Europa
flights_html/gotogate-0673.html,Chicago - Stockholm,31 h 32 min,2,US$ 979.26,09:08 PM,11:40 AM,Spirit Airlines
flights_html/gotogate-0361.html,Austin (Tx) - Palermo,27 h 35 min,3,"US$ 1,392.86",02:20 PM,12:55 AM,Spirit Airlines
flights_html/gotogate-1154.html,Daytona Beach - Quito,15 h 55 min,2,"US$ 3,789.29",06:00 AM,08:55 PM,American Airlines
flights_html/farecompare-1131.html,Atlanta - Leipzig - Halle,2 h 20 min,2,$1317,5:01 AM,7:20 AM,Frontier
flights_html/tripadvisor-0370.html,Los Angeles - Dallas,3 h 23 min,0,$,7:03 PM,12:26 AM,Frontier
flights_html/farecompare-0196.html,Miami - Mumbai,8 h 30 min,2,$1192,7:55 AM,9:45 PM,Air Canada
flights_html/kayak-1182.html,Seattle to Paris,4 h 57 min,1,"₫ 24,933,938",11:35,"Arrives Mon, 16 Jun",United Airlines
flights_html/cheapair-0775.html,"Melbourne to Jakarta - Sun, Jun 01",7 h 15 min,0,USD 684,3:30 PM,7:45 PM,Garuda Indonesia
flights_html/farecompare-0666.html,Houston - San Francisco,5 h 38 min,7 Hours 2 Minutes Layover in MCO,$ 220,8:56 PM,10:19 AM,Frontier
flights_html/kayak-0517.html,Singapore to Bangkok,2 h 30 min,0,"₫ 3,384,830",20:40,,Thai AirAsia
flights_html/cheapair-1240.html,Review Trip Details and Book,5 h 28 min,0,USD 50,7:19 PM,,Operated by Alaska Airlines
flights_html/gotogate-0136.html,Alexandria (La) - Phuket,28 h 22 min,3,"US$ 1,958.95",06:28 PM,10:50 AM,American Airlines
flights_html/gotogate-0525.html,Boston (Ma) - Brussels,10 h 40 min,1,US$ 893.82,10:25 PM,03:05 PM,TAP Portugal
flights_html/tripadvisor-0888.html,Singapore - Seoul,6 h 40 min,0,$ 565,2:15 AM,9:55 AM,T'Way Airlines
flights_html/cheapair-0248.html,"Los Angeles Intl to Tokyo Haneda - Sun, Jun 01",11 h 15 min,0,"USD 1,747",12:00 PM,3:15 PM,ANA
flights_html/farecompare-0492.html,Los Angeles - Paris,9 h 55 min,1 Hour 45 Minutes Layover in SEA,$1045,2:15 PM,1:40 PM,Virgin Atlantic
flights_html/gotogate-0010.html,Albany (Ny) - Ålborg,22 h 10 min,4,"US$ 3,482.48",07:40 PM,11:50 PM,Lot Polish Airlines
flights_html/cheapair-0331.html,"Tokyo Narita to Beijing Capital - Sun, Jun 01",4 h 20 min,0,USD 50,5:55 PM,9:15 PM,Spring Airlines Japan Co. Ltd
flights_html/kayak-0134.html,Hong Kong to London,13 h 40 min,1,"₫ 24,126,476",20:55,"Arrives Mon, 16 Jun",Finnair
flights_html/gotogate-1736.html,Las Vegas (NV) - Prague,17 h,2,US$ 939.21,01:50 PM,03:50 PM,Condor
flights_html/gotogate-0429.html,Bangor - Brussels,17 h 45 min,2,"US$ 2,041.01",08:15 AM,08:00 AM,United Airlines
flights_html/farecompare-0917.html,Albany - Brisbane,9 h 40 min,2,$2869,6:13 AM,6:45 AM,Korean Air
flights_html/kayak-1883.html,Los Angeles to Singapore,13 h 20 min,1,"₫ 42,538,084",12:30,"Arrives Mon, 16 Jun",Korean Air
flights_html/cheapair-1776.html,Review Trip Details and Book,8 h 55 min,0,"USD 1,127","USD 1,127",,Operated by Air India
flights_html/tripadvisor-0230.html,Hong Kong - London,19 h 50 min,1,$ 790,5:45 PM,6:35 AM,Air China
flights_html/kayak-0932.html,Atlanta to London,8 h 31 min,0,"₫ 29,101,000",23:59,"Arrives Mon, 16 Jun",Virgin Atlantic
flights_html/farecompare-0512.html,Sao Paulo - Rio de Janeiro,1 h 5 min,,$ 88,7:00 PM,8:05 PM,Azul Linhas Aéreas
flights_html/cheapair-0585.html,"Singapore Changi to Jakarta - Sun, Jun 01",1 h 50 min,0,USD 279,10:20 AM,11:10 AM,Indonesia AirAsia
flights_html/gotogate-0860.html,Chicago - Cape Town,34 h 10 min,3,"US$ 3,044.78",06:25 PM,11:35 AM,Air France
flights_html/cheapair-0493.html,"Hong Kong to Brussels - Sun, Jun 01",17 h,1,"USD 1,090",11:15 PM,6:15 AM,Swiss
flights_html/farecompare-1070.html,Atlanta - Vienna,8 h,6 Hours 46 Minutes Layover in YUL,$ 970,8:55 AM,8:35 AM,Air Canada
flights_html/tripadvisor-0707.html,- Kuala Lumpur,5 h 30 min,0,$ 364,12:10 AM,5:40 AM,Shanghai
flights_html/tripadvisor-0450.html,New York City - London,6 h 55 min,0,$ 604,7:50 AM,7:45 PM,British Airways
flights_html/gotogate-0763.html,Chicago - Bremen,32 h,3,"US$ 2,465.36",06:25 PM,09:25 AM,Turkish Airlines
flights_html/tripadvisor-1896.html,Frankfurt - Sao Paulo,12 h 20 min,0,"$ 1,243",9:30 PM,4:50 AM,LATAM
flights_html/tripadvisor-0728.html,Shanghai - Kuala Lumpur,5 h 35 min,0,$ 448,2:25 AM,8:00 AM,Malaysia Airlines
flights_html/tripadvisor-1158.html,Rome - Shanghai,18 h 55 min,1,$ 784,8:55 PM,9:50 PM,Air China
flights_html/cheapair-0630.html,"Singapore Changi to Melbourne - Sun, Jun 01",7 h 20 min,0,USD 245,8:15 PM,5:35 AM,Operated by Qantas Airways
flights_html/farecompare-2180.html,Charlotte - Auckland,3 h 10 min,2,$1650,5:11 PM,12:40 PM,Spirit
flights_html/cheapair-0943.html,"Shanghai Hongqiao to Atlanta Hartsfield Jackson International Airport - Sun, Jun 01",33 h 10 min,3,"USD 11,573",1:30 PM,3:45 PM,Operated by Air China
flights_html/farecompare-1008.html,Alexandria - Dublin,7 h 55 min,5 Hours 5 Minutes Layover in ATL,$1154,11:57 AM,8:45 AM,KLM
flights_html/tripadvisor-1836.html,Hanoi - London,31 h 10 min,1,$ 898,6:40 PM,7:50 PM,Shenzhen
flights_html/gotogate-1346.html,Glasgow (Mt) - Dubai,24 h 55 min,3,"US$ 7,969.09",07:40 AM,06:35 PM,Cape Air
flights_html/tripadvisor-1333.html,Rome - New Delhi,12 h 55 min,1,$ 677,9:10 PM,1:35 PM,Oman Air
flights_html/kayak-0503.html,Singapore to Bangkok,2 h 30 min,0,"₫ 3,326,614",12:10,,Thai Lion Air
flights_html/gotogate-1871.html,Milwaukee - Da Nang,27 h 17 min,2,"US$ 2,025.61",06:18 AM,09:35 PM,Hawaiian Airlines
flights_html/cheapair-0399.html,"Tokyo Haneda to Singapore Changi - Sun, Jun 01",7 h,0,USD 660,12:40 AM,6:40 AM,ANA
flights_html/tripadvisor-1579.html,New Delhi - Shanghai,10 h,1,$ 629,5:30 AM,6:00 PM,Multiple Airlines
flights_html/farecompare-0267.html,Amsterdam - Bangkok,6 h 50 min,2 Hours 55 Minutes Layover in DOH,$ 667,10:15 PM,7:20 PM,Qatar
flights_html/farecompare-0299.html,London - Brussels,1 h,,$ 166,7:45 AM,9:45 AM,Brussels
flights_html/gotogate-0009.html,Albany (Ny) - Prague,14 h 25 min,2,"US$ 2,218.91",07:40 PM,04:05 PM,Lufthansa
flights_html/farecompare-0680.html,Albany - Prague,1 h,2,$1645,7:40 PM,5:50 PM,Lufthansa
flights_html/gotogate-0206.html,Atlanta - Luxembourg,20 h 50 min,3,"US$ 1,519.20",08:05 PM,10:55 PM,Air France
flights_html/kayak-0518.html,Singapore to Bangkok,2 h 30 min,0,"₫ 3,384,830",20:40,,Thai AirAsia
flights_html/gotogate-0224.html,Atlanta - Hannover,17 h 5 min,1,"US$ 1,202.91",07:55 PM,07:00 PM,Scandinavian Airlines
flights_html/farecompare-1302.html,Austin - Sofia,3 h 40 min,4,$1238,7:15 AM,10:55 PM,Spirit
flights_html/gotogate-0142.html,Alexandria (La) - Tashkent,44 h 52 min,2,"US$ 2,299.80",06:28 PM,01:20 AM,Qatar Airways
flights_html/gotogate-1895.html,Milwaukee - Lima,10 h 55 min,1,"US$ 1,138.92",12:05 PM,11:00 PM,United Airlines
flights_html/tripadvisor-0980.html,Brussels - Barcelona,2 h 5 min,0,$ 70,9:00 AM,11:05 AM,Ryanair
flights_html/gotogate-1143.html,Fort Myers - Da Nang,34 h,3,"US$ 2,225.21",11:50 AM,08:50 AM,Air Canada
flights_html/cheapair-0243.html,"Los Angeles Intl to Tokyo Narita - Sun, Jun 01",11 h 15 min,0,USD 153,10:45 AM,2:00 PM,Operated by United Airlines
flights_html/gotogate-0165.html,Alexandria (La) - Warsaw,25 h 11 min,2,"US$ 2,966.92",10:14 AM,06:25 PM,American Airlines
flights_html/farecompare-0400.html,Delhi - Bangkok,4 h 20 min,2 Hours 40 Minutes Layover in PNQ,$ 229,3:45 AM,2:25 PM,Air India Express
flights_html/farecompare-0327.html,Amsterdam - Singapore,7 h 50 min,2,$ 938,7:15 AM,12:20 PM,KLM
flights_html/farecompare-2117.html,Charlotte - Tashkent,4 h 30 min,2,$1626,3:14 PM,12:30 PM,Spirit
flights_html/cheapair-1836.html,"Chicago OHare to Par - Sun, Jun 01",23 h,6,"USD 1,280",2:00 PM,4:42 PM,Air Canada
flights_html/kayak-0816.html,,7 h 40 min,0,"₫ 25,235,986","from 25,235",,Etihad Airways
flights_html/tripadvisor-0508.html,New York City - Paris,7 h 25 min,0,$ 754,4:30 PM,5:55 AM,Air France
flights_html/kayak-0807.html,,7 h 30 min,0,"₫ 22,097,668","from 22,097",,Etihad Airways
flights_html/kayak-0729.html,Abu Dhabi to Bangkok,6 h 30 min,0,"₫ 23,184,722","from 23,184",,Etihad Airways
flights_html/gotogate-0138.html,Alexandria (La) - Malta,33 h 20 min,2,"US$ 2,428.83",06:25 PM,10:45 AM,American Airlines
flights_html/gotogate-0573.html,Charlotte - Tallinn,16 h 9 min,2,"US$ 1,895.82",02:46 PM,01:55 PM,Lufthansa
flights_html/kayak-0796.html,,11 h 35 min,0,"₫ 19,111,700","from 19,111",,Pegasus Airlines
flights_html/farecompare-2070.html,Charlotte - Turin,1 h 15 min,6 Hours 15 Minutes Layover in MUC,$1493,6:40 PM,4:45 PM,Lufthansa
flights_html/tripadvisor-1565.html,New Delhi - Shanghai,9 h 45 min,1,$ 653,1:00 AM,1:15 PM,Cathay Pacific
flights_html/tripadvisor-1631.html,New Delhi - Hong Kong,14 h 20 min,2,$ 329,7:10 PM,12:00 PM,Multiple Airlines
flights_html/gotogate-1394.html,Oahu Honolulu - Nice,21 h 40 min,2,"US$ 2,639.32",08:30 AM,06:10 PM,United Airlines
flights_html/farecompare-0292.html,London - Brussels,1 h 15 min,,$ 154,7:00 PM,9:15 PM,British Airways
flights_html/tripadvisor-0637.html,Bangkok - Kuala Lumpur,2 h 10 min,0,$ 190,8:15 PM,11:25 PM,Malindo Air
flights_html/farecompare-0891.html,Albany - Fuzhou,3 h 5 min,2,$3575,6:13 AM,10:40 PM,Korean Air
flights_html/cheapair-0642.html,"Sydney to Melbourne - Sun, Jun 01",1 h 40 min,0,USD 162,6:00 AM,7:40 AM,Jetstar
flights_html/tripadvisor-0932.html,Istanbul - Shanghai,15 h 15 min,1,$ 976,8:05 PM,4:20 PM,Qatar Airways
flights_html/gotogate-0881.html,Cleveland (Oh) - Phuket,28 h 56 min,2,"US$ 1,969.41",03:54 PM,07:50 AM,American Airlines
flights_html/gotogate-0312.html,Austin (Tx) - Abu Dhabi,18 h 25 min,1,"US$ 1,531.76",04:05 PM,07:30 PM,Pegasus Airlines
flights_html/kayak-1433.html,New York to Bangkok,15 h 40 min,1,"₫ 44,127,488",01:30,"Arrives Mon, 16 Jun",Asiana Airlines
flights_html/farecompare-2079.html,Charlotte - Dublin,6 h 35 min,2,$ 718,12:03 PM,8:15 AM,Spirit
flights_html/gotogate-0109.html,Alexandria (La) - Oslo,23 h 21 min,2,"US$ 2,600.68",10:14 AM,04:35 PM,American Airlines
flights_html/cheapair-1441.html,"Atlanta Hartsfield Jackson International Airport to Brussels - Sun, Jun 01",14 h 40 min,1,USD 64,11:10 AM,1:22 PM,Air Canada
flights_html/farecompare-0278.html,Amsterdam - Jakarta,8 h 35 min,20 Hours 50 Minutes Layover in DOH,$ 780,10:15 PM,3:00 PM,Qatar
flights_html/farecompare-1071.html,Atlanta - Brussels,9 h 40 min,3,$1024,5:25 AM,11:35 AM,Spirit
flights_html/gotogate-1484.html,Oahu Honolulu - Dakar,45 h 35 min,2,"US$ 2,874.09",11:25 PM,07:00 AM,United Airlines
flights_html/cheapair-0192.html,"Los Angeles Intl to London Heathrow - Sun, Jun 01",10 h 30 min,0,"USD 1,184",3:30 PM,10:00 AM,Virgin Atlantic
flights_html/gotogate-1866.html,New York - Brisbane,30 h 30 min,1,"US$ 1,878.94",01:55 AM,10:25 PM,Cathay Pacific Airways
flights_html/farecompare-0909.html,Albany - Da Nang,5 h 40 min,2,$4042,1:10 PM,12:40 PM,All Nippon
flights_html/kayak-1051.html,Seattle to Paris,9 h 35 min,0,"₫ 32,563,990",13:30,"Arrives Mon, 16 Jun",Air France
flights_html/kayak-1541.html,Tokyo to Incheon,2 h 40 min,0,"₫ 6,683,161",11:30,,Air Seoul
flights_html/gotogate-0432.html,Bangor - Zagreb,24 h,2,"US$ 2,253.83",08:15 AM,02:15 PM,United Airlines
flights_html/kayak-0782.html,,10 h 35 min,1,"₫ 17,786,644","from 17,786",,ITA Airways
flights_html/farecompare-0993.html,Alexandria - Malta,3 h 20 min,2,$1713,11:57 AM,12:50 AM,Virgin Atlantic
flights_html/farecompare-0114.html,Singapore - Hangzhou,2 h 15 min,1 Hour 30 Minutes Layover in PEK,$ 278,11:25 PM,9:45 AM,Air China
flights_html/cheapair-1469.html,"ISTANBUL AIRPORT to Kuala Lumpur - Sun, Jun 01",10 h 10 min,0,USD 144,6:00 PM,9:10 AM,Operated by Turkish Airlines
flights_html/farecompare-2063.html,Charlotte - Turin,1 h 15 min,2,$1397,10:31 AM,4:45 PM,Lufthansa
flights_html/farecompare-1485.html,Bangor - Vienna,1 h 50 min,2,$1423,8:15 AM,11:45 AM,United Airlines
flights_html/cheapair-1618.html,"Dubai to Paris - Mon, Jun 02",10 h 40 min,1,USD 300,11:05 AM,,Oman Air
flights_html/kayak-1756.html,Tokyo to London,3 h 55 min,1,"₫ 32,145,284",21:10,"Arrives Mon, 16 Jun",Air China
flights_html/cheapair-1067.html,"Beijing Capital to Jakarta - Sun, Jun 01",19 h 30 min,0,USD 542,5:05 PM,9:15 PM,Thai Airways
flights_html/gotogate-2032.html,New York - Algiers,12 h 45 min,1,"US$ 1,314.35",11:00 PM,04:45 PM,Air Algerie
flights_html/farecompare-2039.html,Charlotte - Eindhoven,2 h 15 min,2,$1181,3:14 PM,6:25 PM,Spirit
flights_html/gotogate-1298.html,Fort Myers - Johannesburg,40 h 2 min,2,"US$ 2,033.35",11:33 AM,09:35 AM,American Airlines
flights_html/cheapair-0507.html,Review Trip Details and Book,15 h 40 min,1,USD 55,"USD 2,460",,Operated by Brussels Airlines
flights_html/cheapair-0545.html,"Singapore Changi to Sydney - Sun, Jun 01",7 h 40 min,0,USD 569,9:00 PM,6:40 AM,QANTAS
flights_html/gotogate-0305.html,Atlanta - Lagos,23 h 5 min,1,"US$ 2,158.45",03:00 PM,07:05 PM,Turkish Airlines
flights_html/kayak-0924.html,,8 h,0,"₫ 31,401,814","from 31,401",,Delta
flights_html/kayak-0821.html,,7 h 40 min,0,"₫ 26,252,668","from 26,252",,Etihad Airways
flights_html/cheapair-0402.html,"Tokyo Narita to Singapore Changi - Sun, Jun 01",7 h 5 min,0,USD 661,6:40 PM,12:45 AM,ANA
flights_html/farecompare-0899.html,Albany - Phuket,7 h,2,$1902,8:05 AM,7:50 AM,Qatar
flights_html/tripadvisor-1817.html,Jakarta - Paris,24 h 55 min,1,$ 991,6:30 PM,2:25 PM,Iberia
flights_html/gotogate-0693.html,Cincinnati - Bremen,14 h 35 min,2,"US$ 1,988.25",04:30 PM,01:05 PM,Air Canada
flights_html/farecompare-0095.html,Singapore - Hanoi,3 h,2 Hours 45 Minutes Layover in KUL,$ 243,2:55 PM,5:25 PM,Vietjet
flights_html/kayak-1361.html,New York to Amsterdam,1 h 21 min,1,"₫ 23,467,000",13:59,"Arrives Mon, 16 Jun",KLM
flights_html/gotogate-1877.html,Milwaukee - Brisbane,26 h 11 min,2,"US$ 2,197.68",05:49 PM,11:00 AM,Air New Zealand
flights_html/cheapair-0244.html,"Los Angeles Intl to Tokyo Haneda - Sun, Jun 01",11 h 15 min,0,USD 153,12:00 PM,3:15 PM,Operated by United Airlines
flights_html/gotogate-2106.html,Hong Kong Island - Palermo,22 h,2,US$ 990.54,06:35 PM,10:35 AM,Air China
flights_html/cheapair-1833.html,"Chicago OHare to Par - Sun, Jun 01",23 h 37 min,7,"USD 1,286",6:30 PM,9:16 PM,Air Canada
flights_html/cheapair-1336.html,Review Trip Details and Book,2 h 31 min,0,USD 151,10:14 PM,,Frontier Airlines
flights_html/cheapair-0185.html,"Los Angeles Intl to Paris - Sun, Jun 01",10 h 35 min,0,"USD 1,814",1:30 PM,9:05 AM,Air Tahiti Nui
flights_html/gotogate-1828.html,Milwaukee - Cairo,17 h 25 min,2,"US$ 1,514.73",03:45 PM,05:10 PM,United Airlines
flights_html/cheapair-0392.html,"Tokyo Haneda to Singapore Changi - Sun, Jun 01",7 h 5 min,0,USD 651,12:05 AM,6:10 AM,Japan Airlines
flights_html/tripadvisor-0915.html,Istanbul - Shanghai,10 h 15 min,0,"$ 1,066",2:00 PM,5:15 AM,China Eastern
flights_html/tripadvisor-1919.html,Frankfurt - Sao Paulo,14 h 55 min,1,"$ 1,264",7:05 AM,5:00 PM,Air France
flights_html/gotogate-1835.html,Milwaukee - Naples,35 h 41 min,2,"US$ 1,375.62",02:59 PM,09:40 AM,Spirit Airlines
flights_html/cheapair-0198.html,"Los Angeles Intl to London Heathrow - Sun, Jun 01",10 h 30 min,0,"USD 1,145",3:30 PM,10:00 AM,KLM
flights_html/tripadvisor-0317.html,Los Angeles - New York City,5 h 28 min,0,$ 473,7:00 AM,3:28 PM,American
flights_html/gotogate-1242.html,Fort Myers - Glasgow,20 h 5 min,2,"US$ 1,677.69",07:00 AM,08:05 AM,Breeze Airways
flights_html/tripadvisor-1335.html,Rome - New Delhi,11 h 30 min,1,$ 739,8:45 AM,11:45 PM,Multiple Airlines
flights_html/cheapair-1873.html,"Chicago OHare to Sao Paulo Guarulhos - Sun, Jun 01",13 h,1,USD 759,2:35 PM,8:25 PM,avianca
flights_html/tripadvisor-1999.html,Manila - Singapore,22 h 10 min,2,$ 655,10:30 AM,8:40 AM,Multiple Airlines
flights_html/kayak-0369.html,,2 h 55 min,0,"₫ 10,387,824","from 10,387",,eDreams
flights_html/farecompare-0150.html,Tokyo - Atlanta,4 h 55 min,2,$2139,2:25 PM,6:55 AM,EVA
flights_html/cheapair-1310.html,"Atlanta Hartsfield Jackson International Airport to Miami Intl Airport - Sun, Jun 01",2 h 9 min,0,USD 195,7:59 PM,10:08 PM,Frontier Airlines
flights_html/gotogate-0426.html,Bangor - Prague,16 h 49 min,2,"US$ 2,310.61",12:21 PM,11:10 AM,American Airlines
flights_html/farecompare-0887.html,Albany - Newcastle,1 h 15 min,2,$1416,6:55 PM,6:30 PM,British Airways
flights_html/farecompare-1278.html,Atlanta - Algiers,3 h 40 min,6 Hours 10 Minutes Layover in IST,$1007,9:45 PM,11:30 PM,Turkish
flights_html/gotogate-0243.html,Atlanta - Algiers,16 h 35 min,1,"US$ 1,553.24",02:10 PM,11:45 AM,Air Canada
flights_html/farecompare-1811.html,Boston - Naples,55 min,2,$ 767,6:05 AM,10:35 AM,Ita
flights_html/farecompare-0670.html,Albany - Warsaw,1 h 30 min,2,$1447,7:40 PM,10:00 PM,Lufthansa
flights_html/gotogate-0767.html,Cincinnati - Algiers,15 h 55 min,2,"US$ 1,824.89",02:10 PM,11:05 AM,Lufthansa
flights_html/gotogate-0399.html,Austin (Tx) - Buenos Aires,14 h 38 min,1,US$ 676.71,03:36 PM,08:14 AM,Copa Airlines
flights_html/cheapair-0000.html,"New York Kennedy to London Heathrow - Sun, Jun 01",7 h 15 min,0,USD 606,7:00 PM,7:15 AM,Virgin Atlantic
flights_html/farecompare-0350.html,Hangzhou - Seoul,1 h 35 min,20 Hours 0 Minutes Layover in TAO,$ 157,10:40 AM,11:00 AM,China Eastern
flights_html/farecompare-0705.html,Albany - Bremen,55 min,3,$1898,12:43 PM,9:40 AM,Virgin Atlantic
flights_html/farecompare-0935.html,Albany - Cairo,3 h 20 min,2,$1588,8:05 AM,11:50 PM,Qatar
flights_html/tripadvisor-2020.html,Manila - Singapore,26 h 50 min,2,$ 688,5:50 AM,8:40 AM,Multiple Airlines
flights_html/cheapair-0747.html,"Melbourne to Bangkok - Sat, May 31",15 h 20 min,1,USD 426,9:30 PM,3:30 AM,Scoot
flights_html/gotogate-1007.html,Daytona Beach - Adelaide,32 h 48 min,3,"US$ 3,913.67",11:07 AM,09:25 AM,American Airlines
flights_html/farecompare-2237.html,Charleston - Lyon,7 h 15 min,2,$1232,9:35 AM,10:35 AM,JetBlue
flights_html/gotogate-0128.html,Alexandria (La) - Stockholm,19 h 1 min,2,"US$ 3,005.64",10:34 AM,12:35 PM,American Airlines
flights_html/kayak-0879.html,Abu Dhabi to London,1 h 10 min,1,"₫ 19,041,602",05:45,,Qatar Airways
flights_html/gotogate-0031.html,Albany (Ny) - Dublin,9 h 7 min,1,"US$ 1,886.51",04:23 PM,06:30 AM,American Airlines
flights_html/tripadvisor-1490.html,New Delhi - Sydney,17 h 50 min,1,$ 615,12:55 PM,11:15 AM,Multiple Airlines
flights_html/cheapair-1646.html,Review Trip Details and Book,24 h 55 min,1,"USD 3,459","USD 3,459",,British Airways
flights_html/gotogate-0014.html,Albany (Ny) - Bordeaux,15 h 46 min,2,"US$ 2,199.21",12:24 PM,10:10 AM,American Airlines
flights_html/cheapair-0255.html,"Los Angeles Intl to Seoul Incheon - Fri, May 30",13 h 20 min,0,"USD 1,518","USD 1,518",,Air Premia
flights_html/farecompare-1386.html,Austin - Phuket,1 h 35 min,3,$1645,11:30 AM,10:40 AM,Air Canada
flights_html/farecompare-0353.html,London - Bangkok,4 h 25 min,3 Hours 10 Minutes Layover in PVG,$ 683,11:35 AM,12:30 PM,China Eastern
flights_html/tripadvisor-1417.html,New Delhi - Mumbai,2 h 25 min,0,$ 104,11:00 PM,1:25 AM,Air India Express
flights_html/cheapair-1866.html,Review Trip Details and Book,4 h 39 min,0,USD 40.00,"USD 1,008",,United Airlines
flights_html/tripadvisor-1170.html,Rome - Shanghai,20 h 5 min,1,$ 802,7:10 AM,9:15 AM,Multiple Airlines
flights_html/kayak-1514.html,New York to Kuala Lumpur,13 h 40 min,1,"₫ 42,593,792",11:55,"Arrives Mon, 16 Jun",Wide
flights_html/kayak-0721.html,Abu Dhabi to Bangkok,3 h 20 min,1,"₫ 20,860,632",14:40,"Departs Mon, 16 Jun",Wide
flights_html/cheapair-1958.html,"Phuquoc to Shanghai Hongqiao - Sun, Jun 01",14 h 15 min,1,USD 491,9:00 PM,1:55 AM,China Eastern
flights_html/gotogate-1392.html,Oahu Honolulu - Nice,21 h 40 min,2,"US$ 2,639.32",08:30 AM,06:10 PM,United Airlines
flights_html/kayak-0866.html,Abu Dhabi to London,1 h 10 min,1,"₫ 18,496,632",23:45,"Departs Mon, 16 Jun",Qatar Airways
flights_html/tripadvisor-1294.html,Rome - New Delhi,18 h 10 min,1,$ 738,7:00 AM,4:40 AM,Turkish Airlines
flights_html/kayak-0783.html,,11 h 50 min,1,"₫ 17,787,514","from 17,787",,ITA Airways
flights_html/cheapair-0873.html,Review Trip Details and Book,2 h 15 min,0,USD 622,9:00 AM,,China Eastern
flights_html/farecompare-1202.html,Atlanta - Chiang Mai,1 h 20 min,3,$1748,4:10 PM,8:45 AM,Air Canada
flights_html/tripadvisor-1033.html,Brussels - Berlin,1 h 25 min,0,$ 344,4:30 PM,5:55 PM,Brussels Airlines
flights_html/cheapair-1198.html,Review Trip Details and Book,18 h 32 min,1,USD 733,"USD 1,466",,American Airlines
flights_html/cheapair-1466.html,"ISTANBUL AIRPORT to Kuala Lumpur - Sun, Jun 01",10 h 10 min,0,"USD 1,385",6:00 PM,9:10 AM,Turkish Airlines
flights_html/tripadvisor-1272.html,Rome - Seoul,18 h 15 min,1,"$ 1,179",3:45 PM,5:00 PM,Emirates
flights_html/cheapair-0752.html,"Melbourne to Bangkok - Sun, Jun 01",9 h 30 min,0,USD 777,11:30 PM,6:00 AM,Thai Airways
flights_html/gotogate-1581.html,Las Vegas (NV) - Bangkok,26 h 45 min,2,"US$ 1,528.30",07:25 AM,12:10 AM,Air Canada
flights_html/kayak-0442.html,Shanghai to Tokyo,2 h 50 min,0,"₫ 13,453,358",08:40,,Shanghai Airlines
flights_html/cheapair-1612.html,"Dubai to Singapore Changi - Sun, Jun 01",7 h 45 min,0,USD 975,7:45 PM,7:30 AM,Singapore Airlines
flights_html/farecompare-0579.html,John F Kennedy - Chicago,2 h 49 min,,$ 273,8:24 AM,10:13 AM,JetBlue
flights_html/tripadvisor-0178.html,Hong Kong - Paris,17 h 10 min,1,$ 766,8:15 PM,7:25 AM,Air China
flights_html/farecompare-0860.html,Albany - Palermo,2 h 5 min,2,$1425,7:40 PM,5:25 PM,Lufthansa
flights_html/farecompare-0180.html,Atlanta - Miami,2 h 7 min,23 Hours 33 Minutes Layover in RDU,$ 207,2:24 PM,5:37 PM,Frontier
flights_html/tripadvisor-1436.html,New Delhi - Mumbai,2 h 10 min,0,$ 111,6:00 AM,8:10 AM,IndiGo
flights_html/farecompare-1965.html,Boston - Christchurch,3 h 25 min,2,$2126,4:30 PM,11:50 PM,Etihad
flights_html/tripadvisor-0851.html,Istanbul - Tokyo,16 h 50 min,1,"$ 1,030",1:35 PM,12:25 PM,Qatar Airways
flights_html/farecompare-0379.html,Delhi - Singapore,4 h 40 min,4 Hours 20 Minutes Layover in BLR,$ 308,2:15 PM,4:40 AM,IndiGo
flights_html/farecompare-0313.html,Hangzhou - Jakarta,4 h 45 min,8 Hours 25 Minutes Layover in HKG,$ 320,8:00 AM,10:50 PM,Cathay Pacific
flights_html/gotogate-0873.html,Cleveland (Oh) - Haikou (Hainan Is),31 h 59 min,2,"US$ 2,363.73",07:41 PM,03:40 PM,American Airlines
flights_html/tripadvisor-0880.html,Istanbul - Tokyo,17 h 30 min,1,"$ 1,129",2:10 PM,1:40 PM,MIAT
flights_html/tripadvisor-1825.html,Hanoi - London,12 h 45 min,0,"$ 1,223",11:05 AM,5:50 PM,Vietnam Airlines
flights_html/tripadvisor-1933.html,Manila - Paris,26 h 5 min,1,"$ 1,221",11:55 PM,8:00 PM,Emirates
flights_html/farecompare-1469.html,Austin - Addis Ababa,4 h 15 min,2,$1746,5:31 PM,12:20 AM,Frontier
flights_html/kayak-0199.html,Shanghai to London,12 h 15 min,0,"₫ 31,965,548",10:45,"Arrives Fri, 1 Aug",China Eastern
flights_html/farecompare-0135.html,Tokyo - Seoul,2 h 35 min,,$ 195,1:55 PM,4:30 PM,Jeju Air
flights_html/farecompare-0624.html,Orlando - Washington,2 h 18 min,,$ 175,10:26 AM,12:44 PM,Frontier
flights_html/gotogate-0657.html,Charlotte - Bournemouth,21 h 33 min,3,"US$ 1,628.08",11:52 AM,02:25 PM,Spirit Airlines
flights_html/cheapair-1718.html,Review Trip Details and Book,9 h 5 min,0,USD 632,1:40 PM,,Air India
flights_html/farecompare-1526.html,Bangor - Malta,3 h 15 min,2,$1931,11:04 AM,8:20 PM,Allegiant Air
flights_html/farecompare-0476.html,Los Angeles - Tokyo,8 h 30 min,2,$1012,9:30 AM,3:05 PM,Hawaiian
flights_html/farecompare-0316.html,Hangzhou - Jakarta,2 h 10 min,5 Hours 5 Minutes Layover in KUL,$ 327,11:40 PM,11:15 AM,AirAsia X
flights_html/tripadvisor-1375.html,Rome - Mumbai,13 h,1,$ 773,9:10 PM,1:40 PM,Oman Air
flights_html/tripadvisor-1005.html,Brussels - Paris,10 h 55 min,1,$ 169,9:55 AM,8:50 PM,Vueling
flights_html/cheapair-1888.html,Review Trip Details and Book,16 h 45 min,0,USD 349,5:00 AM,,American Airlines
flights_html/tripadvisor-0606.html,Bangkok - Kuala Lumpur,2 h 15 min,0,$ 160,10:05 AM,1:20 PM,AirAsia
flights_html/kayak-0142.html,Hong Kong to London,3 h 30 min,1,"₫ 24,422,588",20:15,"Departs Mon, 16 Jun",Air China
flights_html/kayak-0387.html,Shanghai to Tokyo,3 h 20 min,0,"₫ 12,422,840",11:35,,Shanghai Airlines
flights_html/cheapair-1049.html,"Beijing Capital to Jakarta - Wed, Jun 04",12 h,1,USD 388,11:30 AM,,Air Macau
flights_html/cheapair-0201.html,"Los Angeles Intl to London Heathrow - Sun, Jun 01",10 h 30 min,0,"USD 1,145",3:30 PM,10:00 AM,Air France
flights_html/gotogate-0600.html,Boston (Ma) - Brisbane,30 h 25 min,2,"US$ 1,820.52",10:20 AM,06:45 AM,Air Canada
flights_html/cheapair-0236.html,Review Trip Details and Book,11 h 15 min,0,USD 80,2 pcs 23,,Operated by United Airlines
flights_html/kayak-1334.html,New York to Tokyo,1 h 45 min,1,"₫ 53,070,000",10:30,"Arrives Mon, 16 Jun",Air Canada
flights_html/cheapair-0989.html,"Beijing Capital to Seoul Incheon - Sun, Jun 01",2 h,0,USD 218,3:30 PM,6:30 PM,Asiana Airlines
flights_html/kayak-1596.html,Tokyo to Incheon,3 h 5 min,0,"₫ 6,493,279",11:30,,Eastar
flights_html/kayak-1691.html,Tokyo to Frankfurt am Main,3 h 55 min,1,"₫ 28,439,206",21:10,"Arrives Mon, 16 Jun",Air China
flights_html/farecompare-0440.html,Rome - Brussels,2 h 15 min,,$ 135,12:15 PM,2:30 PM,Ryanair
flights_html/tripadvisor-1596.html,New Delhi - Shanghai,11 h 15 min,1,$ 652,10:10 AM,11:55 PM,Multiple Airlines
flights_html/cheapair-0372.html,"Tokyo Narita to Ho Chi Minh City - Sun, Jun 01",6 h,0,USD 337,8:55 AM,12:55 PM,Viet
flights_html/kayak-1703.html,Tokyo to Frankfurt am Main,3 h 40 min,1,"₫ 25,466,320",08:30,"Arrives Fri, 1 Aug",Air China
flights_html/cheapair-0180.html,"Los Angeles Intl to Paris - Sun, Jun 01",10 h 35 min,0,USD 132,9:25 PM,5:00 PM,A.P.G. Distribution System
flights_html/gotogate-1980.html,New York - Nottingham,24 h 40 min,2,US$ 874.54,07:15 PM,12:55 AM,Norse Atlantic Airways
flights_html/cheapair-0393.html,"Tokyo Haneda to Singapore Changi - Sun, Jun 01",7 h 5 min,0,USD 651,12:05 AM,6:10 AM,Japan Airlines
flights_html/gotogate-0522.html,Charlotte - Leipzig,13 h 45 min,2,"US$ 1,930.46",06:40 PM,02:25 PM,Air Canada
flights_html/farecompare-1922.html,Boston - Adelaide,6 h 35 min,3,$1967,6:00 AM,11:35 AM,Alaska
flights_html/farecompare-0432.html,Rome - Brussels,2,,$ 113,6:40 AM,8:50 AM,easyJet
flights_html/cheapair-0432.html,"Hong Kong to Singapore Changi - Sat, May 31",3 h 45 min,0,USD 223,7:20 PM,11:05 PM,Scoot
flights_html/kayak-0859.html,,11 h 30 min,1,"₫ 15,751,816","from 15,751",,s Airline
flights_html/kayak-1363.html,New York to Amsterdam,7 h 20 min,0,"₫ 24,222,020",17:30,"Arrives Mon, 16 Jun",KLM
flights_html/farecompare-1087.html,Atlanta - Lyon,7 h 15 min,9 Hours 31 Minutes Layover in YUL,$1263,8:55 AM,10:35 AM,Air Canada
flights_html/gotogate-2004.html,New York - Da Nang,32 h 10 min,3,"US$ 1,559.98",12:35 AM,07:45 PM,Vietnam Airlines
flights_html/gotogate-2091.html,New York - Nice,10 h 50 min,1,US$ 630.46,05:40 PM,10:30 AM,ITA Airways
flights_html/farecompare-1315.html,Austin - Bordeaux,1 h 40 min,17 Hours 5 Minutes Layover in LHR,$1597,10:10 PM,9:20 AM,British Airways
flights_html/kayak-0008.html,,14 h 5 min,0,"₫ 31,332,448","from 31,332",,Gotogate
flights_html/cheapair-0306.html,"Tokyo Haneda to Shanghai Hongqiao - Sun, Jun 01",3 h 5 min,0,USD 773,1:30 PM,3:35 PM,Operated by Shanghai Airlines
flights_html/tripadvisor-0858.html,Istanbul - Tokyo,17 h 30 min,1,$,2:10 PM,1:40 PM,MIAT
flights_html/cheapair-1238.html,Review Trip Details and Book,5 h 26 min,0,USD 50,9:30 AM,,Operated by Alaska Airlines
flights_html/gotogate-1931.html,New York - Prague,9 h 45 min,1,US$ 588.41,04:05 PM,07:50 AM,Condor
flights_html/cheapair-0838.html,Review Trip Details and Book,8 h 35 min,0,USD 531,12:30 AM,,Hahn Air Systems
flights_html/farecompare-1997.html,Boston - Lagos,6 h 30 min,2,$1464,7:15 PM,8:10 PM,KLM
flights_html/kayak-0939.html,Atlanta to London,8 h 31 min,0,"₫ 29,455,182",23:59,"Arrives Mon, 16 Jun",KLM
flights_html/tripadvisor-0000.html,Singapore - Tokyo,7 h 20 min,0,$ 296,12:30 AM,8:50 AM,Viva Macau
flights_html/gotogate-0801.html,Cleveland (Oh) - Prague,18 h 21 min,2,"US$ 1,504.44",10:49 AM,11:10 AM,American Airlines
flights_html/gotogate-0803.html,Cleveland (Oh) - Ålborg,16 h 10 min,2,"US$ 2,084.90",11:05 AM,09:15 AM,Air Canada
flights_html/gotogate-0238.html,Atlanta - Bucharest,29 h 54 min,1,"US$ 1,266.82",04:46 PM,05:40 AM,Spirit Airlines
flights_html/tripadvisor-0746.html,Shanghai - Seoul,2 h 5 min,0,$ 226,12:50 PM,3:55 PM,Spring Airlines
flights_html/farecompare-1052.html,Alexandria - Cairo,3 h 40 min,2,$2136,10:27 AM,12:10 PM,Qatar
flights_html/farecompare-0844.html,Albany - Luxembourg,50 min,2,$1375,7:40 PM,10:00 AM,Lufthansa
flights_html/gotogate-1108.html,Daytona Beach - Hannover,21 h 39 min,2,"US$ 3,309.31",05:36 PM,09:15 PM,American Airlines
flights_html/farecompare-0163.html,Atlanta - London,7 h 45 min,2 Hours 8 Minutes Layover in ORD,$1209,7:02 PM,12:15 PM,British Airways
flights_html/gotogate-0968.html,Cincinnati - Dakar,30 h 50 min,3,"US$ 3,185.44",01:15 PM,12:05 AM,Air Canada
flights_html/tripadvisor-1687.html,Manila - London,19 h 40 min,1,"$ 1,346",5:40 PM,6:20 AM,Cathay Pacific
flights_html/gotogate-1497.html,Las Vegas (NV) - Zagreb,26 h 35 min,2,"US$ 1,081.86",08:00 AM,07:35 PM,Norse Atlantic Airways
flights_html/kayak-1811.html,,16 h 45 min,0,"₫ 46,175,504","from 46,175",,Austrian Airlines
flights_html/farecompare-0508.html,Sao Paulo - Rio de Janeiro,1 h 5 min,,$ 88,7:00 PM,8:05 PM,Azul Linhas Aéreas
flights_html/tripadvisor-1321.html,Rome - New Delhi,11 h 35 min,1,$ 701,8:30 AM,11:35 PM,SWISS
flights_html/cheapair-0622.html,Review Trip Details and Book,7 h 20 min,0,USD 225,"USD 2,290",,Qantas Airways
flights_html/cheapair-1933.html,"Phuquoc to Seoul Incheon - Sun, Jun 01",5 h 15 min,0,USD 181,5:55 PM,1:10 AM,Viet
flights_html/gotogate-2000.html,New York - Bangkok,25 h 10 min,1,"US$ 1,259.82",11:45 AM,11:55 PM,United Airlines
flights_html/farecompare-0744.html,Albany - Geneva,1 h 40 min,2,$1369,4:20 PM,11:00 AM,British Airways
flights_html/gotogate-0384.html,Austin (Tx) - Thessaloniki,26 h 20 min,4,"US$ 1,433.34",02:20 PM,12:40 AM,Spirit Airlines
flights_html/cheapair-1281.html,"Atlanta Hartsfield Jackson International Airport to San Diego - Sun, Jun 01",9 h 1 min,1,USD 280,12:02 PM,1:19 PM,Spirit
flights_html/cheapair-1278.html,Review Trip Details and Book,9 h 4 min,0,USD 15,5:52 PM,,Operated by Alaska Airlines
flights_html/cheapair-0105.html,Review Trip Details and Book,14 h 5 min,0,USD 79,"USD 1,291",,United Airlines
flights_html/gotogate-0214.html,Atlanta - Thessaloniki,29 h 45 min,3,"US$ 1,187.07",07:05 AM,07:50 PM,Spirit Airlines
flights_html/gotogate-0625.html,Charleston (Sc) - Christchurch,23 h 41 min,2,"US$ 2,135.03",05:14 PM,08:55 AM,Air New Zealand
flights_html/farecompare-1140.html,Atlanta - Southampton,1 h 10 min,19 Hours 25 Minutes Layover in AMS,$1332,10:40 PM,8:45 AM,KLM
flights_html/tripadvisor-0282.html,Los Angeles - Dallas,3 h 5 min,0,$ 547,11:55 PM,5:00 AM,American
flights_html/tripadvisor-1725.html,Hanoi - Phu Quoc Island,2 h 10 min,0,$ 151,4:20 PM,6:30 PM,VietJet Air
flights_html/kayak-1103.html,Seattle to Paris,4 h 49 min,1,"₫ 39,272,540",06:00,"Arrives Mon, 16 Jun",Delta
flights_html/kayak-1782.html,Tokyo to London,3 h 40 min,1,"₫ 34,530,000",08:30,"Arrives Fri, 1 Aug",Air China
flights_html/farecompare-0591.html,Orlando - Las Vegas,4 h 56 min,1 Hour 59 Minutes Layover in DEN,$ 233,7:25 PM,9:21 PM,Frontier
flights_html/tripadvisor-1068.html,Brussels - Berlin,7 h,1,$ 301,6:30 AM,1:30 PM,Multiple Airlines
flights_html/farecompare-1119.html,Atlanta - Naples,8 h 5 min,2 Hours 40 Minutes Layover in YUL,$1111,2:10 PM,9:40 AM,Air Canada
flights_html/gotogate-0117.html,Alexandria (La) - Helsinki,16 h 11 min,1,"US$ 1,987.51",10:34 AM,10:45 AM,American Airlines
flights_html/cheapair-0295.html,"Tokyo Haneda to Shanghai Hongqiao - Sun, Jun 01",3 h 50 min,0,USD 728,2:30 PM,5:20 PM,Shanghai Airlines
flights_html/farecompare-1507.html,Bangor - Hannover,55 min,2,$2099,2:40 PM,5:45 PM,KLM
flights_html/tripadvisor-0476.html,New York City - London,7 h 10 min,0,$ 610,6:10 PM,6:20 AM,Finnair
flights_html/tripadvisor-0644.html,Singapore - Hanoi,3 h 30 min,0,$ 265,2:55 PM,5:25 PM,VietJet Air
flights_html/cheapair-0693.html,Review Trip Details and Book,10 h 30 min,0,USD 783,10:45 AM,,Jetstar
flights_html/tripadvisor-0742.html,Singapore - Seoul,11 h 50 min,1,$ 275,5:00 PM,5:50 AM,Multiple Airlines
flights_html/farecompare-1328.html,Austin - Eindhoven,2 h 15 min,2,$1252,6:15 PM,10:15 PM,JetBlue
flights_html/kayak-1421.html,New York to Bangkok,15 h,1,"₫ 40,380,000",11:10,"Arrives Mon, 16 Jun",Air India
flights_html/cheapair-0641.html,"Sydney to Melbourne - Sun, Jun 01",1 h 40 min,0,USD 162,6:00 AM,7:40 AM,Jetstar
flights_html/gotogate-0528.html,Boston (Ma) - Sofia,19 h 55 min,2,US$ 988.60,04:00 PM,06:55 PM,Wizz Air
flights_html/farecompare-0144.html,Tokyo - San Francisco,11 h 30 min,10 Hours 55 Minutes Layover in TPE,$ 982,8:40 PM,6:45 AM,EVA Air
flights_html/tripadvisor-1850.html,Hanoi - London,17 h 40 min,1,"$ 1,351",8:45 AM,8:25 PM,Qatar
flights_html/gotogate-1918.html,New York - Prague,9 h 45 min,1,US$ 774.60,04:05 PM,07:50 AM,Norse Atlantic Airways
flights_html/tripadvisor-0119.html,Singapore - Hanoi,3 h 30 min,0,$ 239,2:55 PM,5:25 PM,VietJet Air
flights_html/tripadvisor-0695.html,Shanghai - Kuala Lumpur,5 h 50 min,0,$ 306,7:05 PM,12:55 AM,China Eastern
flights_html/gotogate-1565.html,Las Vegas (NV) - Liverpool,22 h 35 min,2,"US$ 1,217.23",09:55 AM,04:30 PM,Air Transat
flights_html/tripadvisor-0406.html,Los Angeles - Newark,9 h 6 min,1,$,12:39 PM,12:45 AM,Frontier
flights_html/farecompare-0259.html,Amsterdam - Bangkok,4 h 40 min,7 Hours 45 Minutes Layover in PVG,$ 626,8:15 PM,12:40 AM,China Eastern
flights_html/cheapair-0549.html,"Singapore Changi to Sydney - Sun, Jun 01",7 h 35 min,0,USD 666,2:00 AM,11:35 AM,Scoot
flights_html/gotogate-1740.html,Las Vegas (NV) - Brussels,25 h 25 min,3,"US$ 1,505.59",08:35 AM,07:00 PM,Spirit Airlines
flights_html/gotogate-1900.html,New York - Cape Town,39 h 45 min,2,"US$ 1,422.03",04:05 PM,01:50 PM,Condor
flights_html/farecompare-1642.html,Boston - Aalborg,45 min,3,$ 815,7:15 PM,10:05 PM,Air Onix
flights_html/cheapair-0835.html,Review Trip Details and Book,8 h 35 min,0,USD 521,12:30 AM,,Operated by Viet
flights_html/tripadvisor-1178.html,Rome - Shanghai,14 h 55 min,1,$ 900,6:55 PM,3:50 PM,Lufthansa
flights_html/farecompare-0301.html,London - Brussels,1 h,,$ 166,7:45 AM,9:45 AM,Brussels
flights_html/gotogate-1159.html,Fort Myers - Rio De Janeiro,13 h 47 min,1,"US$ 1,407.67",05:28 PM,08:15 AM,United Airlines
flights_html/farecompare-0046.html,New York - Sao Paulo,6 h 5 min,2,$ 612,9:55 PM,12:40 AM,Spirit
flights_html/cheapair-1511.html,"ISTANBUL AIRPORT to Paris - Sun, Jun 01",3 h 40 min,0,USD 628,10:10 AM,12:50 PM,Turkish Airlines
flights_html/cheapair-0062.html,"Nanning to Singapore Changi - Thu, Jul 31",32 h 20 min,1,USD 40,7:15 AM,10:15 AM,Operated by Shanghai Airlines
flights_html/kayak-1869.html,Los Angeles to Singapore,13 h 20 min,1,"₫ 38,178,000",23:00,"Arrives Tue, 17 Jun",Asiana Airlines
flights_html/gotogate-0412.html,Bangor - Algiers,45 h 28 min,2,"US$ 3,208.20",05:12 PM,07:40 PM,American Airlines
flights_html/farecompare-2377.html,Charleston - Brasilia,6 h 10 min,2,$ 852,9:42 AM,12:05 AM,Spirit
flights_html/farecompare-0677.html,Albany - Prague,2 h,2,$1467,6:55 PM,8:35 PM,British Airways
flights_html/tripadvisor-0063.html,Hong Kong - Seoul,3 h 35 min,0,$ 256,7:15 AM,11:50 AM,HK Express
flights_html/farecompare-0872.html,Albany - Cagliari,2 h 5 min,2,$1796,9:35 AM,6:35 PM,Lufthansa
flights_html/farecompare-0171.html,Atlanta - Miami,2 h 7 min,,$ 156,9:21 AM,11:28 AM,Frontier
flights_html/kayak-1829.html,Los Angeles to Singapore,1 h 38 min,1,"₫ 43,331,864",06:00,"Arrives Mon, 16 Jun",United Airlines
flights_html/kayak-1324.html,New York to Tokyo,1 h 30 min,1,"₫ 52,900,000",10:15,"Arrives Mon, 16 Jun",Air Canada
flights_html/farecompare-0128.html,Tokyo - Seoul,2 h 50 min,,$ 180,6:55 PM,9:45 PM,T'Way Air
flights_html/farecompare-0925.html,Albany - Santiago,6 h 36 min,2,$1029,5:44 PM,2:47 AM,JetBlue
flights_html/kayak-0489.html,Singapore to Bangkok,2 h 30 min,0,"₫ 3,237,565",08:20,,Scoot
flights_html/kayak-1570.html,Tokyo to Incheon,2 h 30 min,0,"₫ 7,523,546",09:55,,Air Japan
flights_html/kayak-0530.html,Singapore to Bangkok,2 h 30 min,0,"₫ 3,515,000",08:20,,Scoot
flights_html/farecompare-1871.html,Boston - Athens,3 h 10 min,2,$ 879,7:15 PM,6:20 PM,Air Onix
flights_html/cheapair-1805.html,"Chicago OHare to Singapore Changi - Sun, Jun 01",24 h 27 min,1,"USD 1,731",4:48 PM,7:38 PM,United Airlines
flights_html/tripadvisor-1176.html,Rome - Shanghai,18 h 25 min,1,$ 847,2:40 PM,3:05 PM,Multiple Airlines
flights_html/cheapair-0872.html,Review Trip Details and Book,2 h 15 min,0,USD 622,9:00 AM,,China Eastern
flights_html/gotogate-1522.html,Hawaii Kona - Geneva,23 h 40 min,2,"US$ 2,627.31",10:15 PM,09:55 AM,United Airlines
flights_html/farecompare-0256.html,London - Hong Kong,2 h 45 min,4 Hours 25 Minutes Layover in PVG,$ 688,6:00 PM,7:05 PM,China Eastern
flights_html/tripadvisor-1204.html,Rome - Hong Kong,15 h 55 min,1,$ 852,9:10 PM,7:05 PM,Multiple Airlines
flights_html/tripadvisor-1955.html,Manila - Paris,24 h 15 min,1,"$ 1,169",12:55 PM,7:10 AM,Thai Airways Intl
flights_html/farecompare-0626.html,Orlando - Seattle,2 h 57 min,13 Hours 53 Minutes Layover in LAS,$ 280,7:25 PM,2:11 PM,Frontier
flights_html/farecompare-1343.html,Austin - Malta,3 h 15 min,2,$1205,3:05 PM,8:20 PM,British Airways
flights_html/farecompare-2014.html,Charlotte - Sofia,1 h 50 min,10 Hours 55 Minutes Layover in MUC,$1415,6:40 PM,11:00 PM,Lufthansa
flights_html/cheapair-0658.html,"Sydney to Tokyo Narita - Sat, May 31",27 h 20 min,1,USD 543,11:25 AM,,Xiamen Airlines
flights_html/farecompare-0685.html,Albany - Brussels,6 h 55 min,2,$1182,4:45 PM,8:00 AM,Air Canada
flights_html/kayak-1733.html,Tokyo to London,3 h 5 min,1,"₫ 29,917,700",20:00,"Departs Mon, 16 Jun",China Eastern
flights_html/tripadvisor-1867.html,Hanoi - London,23 h 50 min,1,"$ 1,324",2:10 AM,8:00 PM,Shenzhen
flights_html/gotogate-1633.html,Memphis - Warsaw,22 h 11 min,3,"US$ 1,588.29",01:14 PM,06:25 PM,Spirit Airlines
flights_html/farecompare-0276.html,Amsterdam - Jakarta,8 h 55 min,9 Hours 10 Minutes Layover in DOH,$ 777,4:15 PM,9:40 PM,Qatar
flights_html/cheapair-0860.html,Review Trip Details and Book,2 h 10 min,0,USD 622,8:00 AM,,China Eastern
flights_html/cheapair-1867.html,"Chicago OHare to San Francisco Intl Airport - Sun, Jun 01",4 h 39 min,0,USD 371,9:00 AM,11:39 AM,United Airlines
flights_html/kayak-1699.html,,14 h 55 min,0,"₫ 40,646,892","from 40,646",,Air France
flights_html/kayak-1129.html,,9 h 55 min,0,"₫ 39,813,732","from 39,813",,Delta
flights_html/cheapair-1072.html,"DAXING INTL AIRPORT to Kuala Lumpur - Sun, Jun 01",16 h 30 min,1,USD 265,9:10 PM,,Xiamen Airlines
flights_html/tripadvisor-1117.html,Al Ain - New York City,36 h 30 min,2,"$ 5,868",4:30 AM,9:00 AM,Multiple Airlines
flights_html/gotogate-2009.html,New York - Abu Dhabi,20 h 50 min,2,US$ 861.91,09:10 PM,02:00 AM,ITA Airways
flights_html/kayak-1651.html,,2 h 35 min,0,"₫ 7,217,660","from 7,217",,Jeju Air
flights_html/gotogate-0577.html,Charlotte - Lyon,24 h 50 min,2,"US$ 1,031.03",05:45 AM,12:35 PM,Spirit Airlines
flights_html/cheapair-1629.html,Review Trip Details and Book,7 h 10 min,0,"USD 1,438","USD 1,353",,Emirates Airline
flights_html/gotogate-1055.html,Fort Myers - Prague,26 h 15 min,2,"US$ 1,488.01",11:50 AM,08:05 PM,Air Canada
flights_html/tripadvisor-0986.html,Brussels - Paris,1 h 5 min,0,$ 367,6:25 AM,7:30 AM,Brussels Airlines
flights_html/kayak-0432.html,Shanghai to Tokyo,(3,0,"₫ 13,365,455",07:55,,Shanghai Airlines
flights_html/tripadvisor-0722.html,- Kuala Lumpur,5 h 15 min,0,$ 400,1:50 PM,7:05 PM,Shanghai
flights_html/kayak-1038.html,Atlanta to London,1 h 57 min,1,"₫ 29,575,388",19:19,"Arrives Mon, 16 Jun",Delta
flights_html/kayak-0657.html,Abu Dhabi to Bangkok,4 h,1,"₫ 14,987,471",22:00,"Arrives Mon, 16 Jun",Air India
flights_html/kayak-1451.html,New York to Bangkok,15 h 50 min,1,"₫ 47,511,812",01:25,"Arrives Mon, 16 Jun",EVA Air
flights_html/kayak-1909.html,Los Angeles to Singapore,13 h 55 min,1,"₫ 45,802,332",00:15,"Arrives Mon, 16 Jun",EVA Air
flights_html/farecompare-0462.html,Rome - Barcelona,1 h 50 min,,$ 119,5:10 PM,7:00 PM,Ryanair
flights_html/kayak-1681.html,Tokyo to Frankfurt am Main,3 h 50 min,1,"₫ 25,908,448",15:15,"Departs Mon, 16 Jun",Air China
flights_html/gotogate-1359.html,Hawaii Kona - Vienna,22 h 20 min,2,"US$ 2,401.21",10:15 PM,08:35 AM,Air Canada
flights_html/tripadvisor-0645.html,Singapore - Hanoi,5 h 45 min,1,$ 272,5:55 PM,10:40 PM,VietJet Air
flights_html/farecompare-0474.html,Rome - Barcelona,1 h 55 min,,$ 136,9:40 PM,11:35 PM,Vueling
flights_html/gotogate-0647.html,Charlotte - Helsinki,22 h 10 min,1,"US$ 1,095.66",06:40 PM,11:50 PM,Lufthansa
flights_html/farecompare-0723.html,Albany - Bristol,1 h 15 min,2,$3602,1:25 PM,9:05 AM,KLM
flights_html/kayak-1550.html,,2 h 35 min,0,"₫ 7,028,043","from 7,028",,Jeju Air
flights_html/cheapair-1889.html,Review Trip Details and Book,7 h 33 min,1,USD 228,1:41 PM,,American Airlines
flights_html/cheapair-0800.html,"Melbourne to Manila - Sun, Jun 01",13 h 45 min,1,USD 569,7:25 AM,2:55 PM,Cathay Pacific
flights_html/gotogate-0951.html,Daytona Beach - Lyon,23 h 3 min,2,"US$ 2,347.26",11:07 AM,04:10 PM,American Airlines
flights_html/gotogate-1181.html,Fort Myers - Lagos,22 h 45 min,2,"US$ 2,066.30",01:30 PM,05:15 PM,United Airlines
flights_html/tripadvisor-1181.html,Rome - Shanghai,14 h 55 min,1,$ 900,6:55 PM,3:50 PM,Lufthansa
flights_html/kayak-0701.html,Abu Dhabi to Bangkok,11 h 35 min,1,"₫ 25,440,004",19:20,,Gulf Air
flights_html/gotogate-0476.html,Bangor - Southampton,15 h 19 min,2,"US$ 2,284.33",12:21 PM,08:40 AM,American Airlines
flights_html/kayak-1809.html,,16 h 15 min,0,"₫ 45,931,864","from 45,931",,Air France
flights_html/cheapair-1786.html,"New Delhi IGI to Mumbai - Sun, Jun 01",2,0,USD 147,6:10 AM,8:25 AM,Spicejet Airways
flights_html/gotogate-0685.html,Chicago - Turin,23 h 40 min,3,"US$ 1,794.28",09:20 AM,04:00 PM,Air Transat
flights_html/cheapair-1190.html,Review Trip Details and Book,10 h 40 min,0,USD 590,"USD 1,628",,Korean Air
flights_html/kayak-1598.html,Tokyo to Incheon,3 h 5 min,0,"₫ 6,545,309",11:30,,Eastar
flights_html/farecompare-2021.html,Charlotte - Tallinn,2 h 20 min,2,$1095,12:03 PM,6:15 PM,Spirit
flights_html/gotogate-0675.html,Cincinnati - Vienna,16 h 50 min,1,"US$ 1,675.24",09:30 AM,08:20 AM,Air Canada
flights_html/tripadvisor-1484.html,New Delhi - Sydney,17 h 50 min,1,$ 615,12:55 PM,11:15 AM,Multiple Airlines
flights_html/tripadvisor-0837.html,Istanbul - Abu Dhabi,4 h 35 min,0,$ 326,2:10 PM,7:45 PM,Etihad
flights_html/cheapair-1282.html,Review Trip Details and Book,9 h 1 min,0,USD 55,1 stop 12,,Operated by Alaska Airlines
flights_html/cheapair-1373.html,Review Trip Details and Book,8 h 25 min,0,USD 115,"USD 3,513",,Operated by Delta Air Lines
flights_html/cheapair-1955.html,"Phuquoc to Shanghai Hongqiao - Fri, May 30",10 h 45 min,1,USD 368,9:00 PM,,China Eastern
flights_html/farecompare-1196.html,Atlanta - Chiang Mai,1 h 20 min,3,$1628,4:10 PM,8:45 AM,Air Canada
flights_html/gotogate-0768.html,Chicago - Geneva,22 h 25 min,3,"US$ 1,797.40",09:20 AM,02:45 PM,Air Transat
flights_html/kayak-0842.html,Abu Dhabi to London,1 h 15 min,1,"₫ 13,258,000",00:05,"Arrives Fri, 1 Aug",Gulf Air
flights_html/farecompare-2227.html,Charleston - Prague,1 h,2,$1063,9:35 AM,7:50 AM,JetBlue
flights_html/gotogate-1449.html,Hawaii Kona - Christchurch,25 h 25 min,2,"US$ 2,244.26",09:00 PM,08:25 PM,Alaska Airlines
flights_html/tripadvisor-1413.html,New Delhi - Mumbai,2 h 20 min,0,$ 105,1:15 PM,3:35 PM,Air India
flights_html/kayak-0259.html,Shanghai to Madrid,2 h 25 min,1,"₫ 27,131,000",17:30,"Departs Mon, 16 Jun",Air China
flights_html/gotogate-2014.html,New York - Auckland,23 h 30 min,1,"US$ 2,422.67",02:00 PM,05:30 AM,Air New Zealand
flights_html/farecompare-1957.html,Boston - Christchurch,3 h 25 min,2,$2058,4:30 PM,11:50 PM,Etihad
flights_html/kayak-0480.html,Singapore to Bangkok,2 h 25 min,0,"₫ 3,180,616",19:15,,Jetstar Asia
flights_html/gotogate-1132.html,Daytona Beach - Cagliari,24 h 36 min,2,"US$ 2,721.17",01:49 PM,08:25 PM,American Airlines
flights_html/kayak-0743.html,,10 h 50 min,1,"₫ 12,433,051","from 12,433",,s Airline
flights_html/gotogate-1630.html,Hawaii Kona - Sofia,30 h 50 min,3,"US$ 2,287.81",10:50 PM,06:40 PM,Air Canada
flights_html/gotogate-1345.html,Oahu Honolulu - Lagos,53 h 51 min,2,"US$ 2,254.81",02:34 PM,07:25 AM,Qatar Airways
flights_html/farecompare-0948.html,Alexandria - Warsaw,1 h 50 min,2,$1575,4:51 PM,4:25 PM,KLM
flights_html/farecompare-1265.html,Atlanta - Christchurch,1 h 25 min,2,$2585,4:52 PM,8:55 AM,Spirit
flights_html/cheapair-0695.html,"Sydney to London Heathrow - Sun, Jun 01",25 h,1,"USD 1,093",7:30 PM,3:55 AM,Air India
flights_html/tripadvisor-1992.html,Manila - Singapore,27 h 55 min,2,$ 597,6:55 AM,10:50 AM,Multiple Airlines
flights_html/farecompare-0457.html,Rome - San Francisco,6 h 57 min,6 Hours 5 Minutes Layover in JFK,$ 867,10:10 AM,11:52 PM,Air France
flights_html/tripadvisor-0733.html,Shanghai - Kuala Lumpur,5 h 35 min,0,$ 455,3:25 PM,9:00 PM,Malaysia Airlines
flights_html/kayak-0381.html,Shanghai to Tokyo,3 h,0,"₫ 11,683,161",09:05,,SPRING JAPAN
flights_html/gotogate-1902.html,New York - Warsaw,10 h 30 min,1,US$ 885.97,09:45 PM,02:15 PM,Austrian Airlines
flights_html/kayak-0038.html,Hong Kong to Madrid,3 h 30 min,1,"₫ 20,807,770",17:45,,Air China
flights_html/farecompare-1030.html,Alexandria - Abu Dhabi,1 h 10 min,2,$2744,10:27 AM,4:25 AM,Qatar
flights_html/gotogate-1731.html,Memphis - Tashkent,34 h 41 min,2,"US$ 2,347.64",01:14 PM,09:55 AM,Spirit Airlines
flights_html/tripadvisor-0300.html,Los Angeles - New York City,7 h 23 min,1,$ 235,11:47 AM,10:10 PM,Frontier
flights_html/farecompare-1810.html,Boston - Naples,55 min,2,$ 763,6:05 AM,10:35 AM,Ita
flights_html/gotogate-1342.html,Glasgow (Mt) - Athens,21 h 20 min,3,"US$ 6,741.56",07:40 AM,02:00 PM,Cape Air
flights_html/kayak-1686.html,Tokyo to Frankfurt am Main,3 h 45 min,1,"₫ 26,731,280",16:00,"Departs Mon, 16 Jun",Air China
flights_html/tripadvisor-0188.html,Hong Kong - Paris,29 h 25 min,1,$ 775,7:45 AM,7:10 AM,Thai Airways Intl
flights_html/cheapair-0627.html,"Singapore Changi to Melbourne - Sun, Jun 01",7 h 20 min,0,USD 245,11:30 PM,8:50 AM,Operated by Qantas Airways
flights_html/kayak-0147.html,Hong Kong to London,8 h 15 min,1,"₫ 25,684,000",01:25,,Qatar Airways
flights_html/cheapair-0403.html,"Tokyo Narita to Kuala Lumpur - Sun, Jun 01",7 h 30 min,0,USD 305,10:25 AM,4:55 PM,Batik Air Malaysia
flights_html/farecompare-0153.html,Atlanta - London,,,,,,
flights_html/kayak-1774.html,Tokyo to Paris,3 h 40 min,1,"₫ 33,779,000",08:30,"Arrives Fri, 1 Aug",Air China
flights_html/gotogate-1499.html,Las Vegas (NV) - Prague,12 h 55 min,1,US$ 873.59,05:55 PM,03:50 PM,Condor
flights_html/farecompare-0782.html,Albany - Lisbon,6 h 55 min,3 Hours 36 Minutes Layover in PHL,$1599,4:20 PM,9:05 AM,British Airways
flights_html/cheapair-1194.html,"Seoul Incheon to Washington National - Sun, Jun 01",18 h 39 min,1,USD 970,5:25 PM,4:15 PM,American Airlines
flights_html/tripadvisor-0692.html,Singapore - Hanoi,11 h,1,$ 256,4:40 AM,2:40 PM,Multiple Airlines
flights_html/kayak-1728.html,Tokyo to Paris,3 h 5 min,1,"₫ 28,878,548",08:40,"Arrives Fri, 1 Aug",China Eastern
flights_html/kayak-0824.html,,10 h 15 min,1,"₫ 8,660,848","from 8,660",,Pegasus Airlines
flights_html/gotogate-1119.html,Fort Myers - Nottingham,29 h,2,"US$ 1,486.07",11:50 AM,09:50 PM,Air Canada
flights_html/cheapair-0069.html,"New York Kennedy to Paris - Sun, Jun 01",6 h 50 min,0,USD 859,12:15 AM,1:05 PM,Norse Atlantic Airways
flights_html/gotogate-1277.html,Oahu Honolulu - Cagliari,22 h 5 min,2,"US$ 2,300.21",08:30 AM,06:35 PM,Lufthansa
flights_html/gotogate-1070.html,Cleveland (Oh) - Addis Ababa,27 h 35 min,2,"US$ 1,867.21",08:10 PM,06:45 AM,Air Canada
flights_html/cheapair-1581.html,"Dubai to London Gatwick - Sun, Jun 01",7 h 35 min,0,"USD 1,112",8:00 AM,12:35 PM,Emirates Airline
flights_html/farecompare-2354.html,Charleston - Christchurch,3 h 10 min,3,$2497,4:55 PM,2:25 PM,Air Canada
flights_html/kayak-1312.html,Newark to Tokyo,13 h 45 min,0,"₫ 52,707,512",11:45,"Arrives Mon, 16 Jun",United Airlines
flights_html/gotogate-0739.html,Cincinnati - Dubai,19 h 15 min,1,"US$ 1,475.36",04:30 PM,07:45 PM,Air Canada
flights_html/tripadvisor-0721.html,Shanghai - Kuala Lumpur,5 h 25 min,0,$ 392,9:25 AM,2:50 PM,China Eastern
flights_html/farecompare-1935.html,Boston - Brisbane,1 h 30 min,3,$1611,7:30 AM,11:35 AM,Alaska
flights_html/gotogate-1655.html,Memphis - Helsinki,18 h 56 min,2,"US$ 1,122.61",09:54 AM,12:50 PM,Lufthansa
flights_html/kayak-0213.html,Shanghai to London,10 h 10 min,1,"₫ 23,032,848",15:55,,Gulf Air
flights_html/tripadvisor-0593.html,Singapore - Hanoi,3 h 30 min,0,$ 326,1:05 PM,3:35 PM,Vietnam Airlines
flights_html/cheapair-0570.html,"Singapore Changi to Jakarta - Thu, May 29",1 h 55 min,0,USD 15,2:40 PM,,Batik Air Indonesia
flights_html/cheapair-1076.html,Review Trip Details and Book,6 h 15 min,0,USD 284,2:15 AM,,Operated by Shenzhen Airlines
flights_html/tripadvisor-1172.html,Rome - Shanghai,18 h,1,$ 839,3:50 PM,3:50 PM,Multiple Airlines
flights_html/tripadvisor-1882.html,Frankfurt - Sao Paulo,16 h 50 min,1,"$ 1,208",7:30 AM,7:20 PM,Multiple Airlines
flights_html/farecompare-0297.html,London - Brussels,1 h 10 min,,$ 166,11:05 AM,1:15 PM,Brussels
flights_html/farecompare-0607.html,Orlando - Boston,3 h 2 min,1 Hour 20 Minutes Layover in MYR,$ 180,11:18 AM,2:20 PM,Spirit
flights_html/cheapair-1018.html,"Beijing Capital to Bangkok - Sun, Jun 01",5 h 5 min,0,USD 381,8:55 AM,1:00 PM,Hainan Airlines
flights_html/tripadvisor-2016.html,Manila - Singapore,26 h 50 min,2,$ 689,5:50 AM,8:40 AM,Multiple Airlines
flights_html/cheapair-1176.html,"Seoul Incheon to San Francisco Intl Airport - Sun, Jun 01",10 h 40 min,0,USD 741,6:20 PM,1:00 PM,Air Premia
flights_html/farecompare-0808.html,Albany - Porto,2 h 25 min,2,$1703,6:55 PM,8:35 PM,British Airways
flights_html/tripadvisor-0324.html,Los Angeles - Newark,5 h 16 min,0,$ 683,9:43 PM,5:59 AM,Alaska
flights_html/kayak-1444.html,,22 h,1,"₫ 47,097,120","from 47,097",,Mytrip
flights_html/gotogate-0827.html,Cleveland (Oh) - Stockholm,18 h 35 min,1,"US$ 1,161.60",11:05 AM,11:40 AM,Air Canada
flights_html/gotogate-0431.html,Bangor - Zagreb,24 h,2,"US$ 2,253.83",08:15 AM,02:15 PM,United Airlines
flights_html/tripadvisor-1208.html,Rome - Hong Kong,15 h 55 min,1,$ 753,9:10 PM,7:05 PM,China Eastern
flights_html/tripadvisor-0544.html,Singapore - Hanoi,3 h 30 min,0,$ 255,2:55 PM,5:25 PM,VietJet Air
flights_html/gotogate-2124.html,Hong Kong Island - Newcastle Upon Tyne,24 h 5 min,1,"US$ 1,615.23",07:00 PM,12:05 PM,Emirates Airlines
flights_html/tripadvisor-1082.html,Al Ain - Rome,34 h,3,"$ 1,350",10:25 PM,6:25 AM,Multiple Airlines
flights_html/gotogate-0547.html,Boston (Ma) - Bournemouth,12 h 50 min,2,"US$ 1,443.96",05:30 PM,11:20 AM,Aer Lingus
flights_html/kayak-1732.html,Tokyo to London,3 h 20 min,1,"₫ 29,817,876",16:55,"Departs Mon, 16 Jun",China Eastern
flights_html/tripadvisor-0284.html,Los Angeles - Dallas,3 h 6 min,0,$ 547,12:20 PM,5:26 PM,American
flights_html/gotogate-2087.html,New York - Bordeaux,24 h 55 min,2,US$ 688.35,04:05 PM,11:00 PM,Norse Atlantic Airways
flights_html/kayak-0850.html,Abu Dhabi to London,4 h 50 min,1,"₫ 14,902,165",11:20,"Arrives Fri, 1 Aug",Air Arabia Abu Dhabi
flights_html/tripadvisor-0832.html,Istanbul - Abu Dhabi,4 h 25 min,0,$ 351,12:10 AM,5:35 AM,InterSky
flights_html/cheapair-0722.html,"Sydney to Paris - Sun, Jun 01",27 h 30 min,1,USD 829,1 stop 11,6,Xiamen Airlines
flights_html/gotogate-2037.html,New York - Santiago De Chile,10 h 30 min,,US$ 778.81,08:15 PM,06:45 AM,LATAM
flights_html/gotogate-0627.html,Boston (Ma) - Cape Town,18 h 46 min,1,"US$ 1,724.42",02:34 PM,03:20 PM,United Airlines
flights_html/farecompare-1403.html,Austin - Adelaide,6 h 35 min,2,$1757,4:11 PM,11:35 AM,Fiji Airways
flights_html/gotogate-1786.html,Memphis - Rio De Janeiro,32 h 36 min,2,US$ 852.08,05:14 PM,03:50 AM,Spirit Airlines
flights_html/farecompare-1033.html,Alexandria - Chiang Mai,1 h 20 min,3,$2767,6:25 PM,4:15 PM,Qatar
flights_html/gotogate-0371.html,Austin (Tx) - Glasgow,41 h 36 min,2,"US$ 1,185.46",07:14 AM,06:50 AM,Spirit Airlines
flights_html/farecompare-1023.html,Alexandria - Southampton,1 h 10 min,2,$1930,4:51 PM,8:45 AM,KLM
flights_html/kayak-1976.html,,14 h 17 min,1,"₫ 20,357,000","from 20,357",,KLM
flights_html/kayak-0746.html,,10 h 15 min,1,"₫ 15,776,425","from 15,776",,Pegasus Airlines
flights_html/gotogate-1039.html,Daytona Beach - Johannesburg,29 h 28 min,2,"US$ 6,893.84",07:32 PM,07:00 AM,American Airlines
flights_html/cheapair-1106.html,"Seoul Incheon to Kuala Lumpur - Sun, Jun 01",6 h 35 min,0,USD 38,11:00 AM,4:35 PM,Malaysia Airlines
flights_html/cheapair-1748.html,"New Delhi IGI to London Heathrow - Sun, Jun 01",9 h 45 min,0,"USD 1,014",11:15 AM,4:30 PM,Virgin Atlantic
flights_html/farecompare-1094.html,Atlanta - Hannover,1 h 40 min,2,$ 918,11:01 AM,10:45 AM,British Airways
flights_html/kayak-1843.html,Los Angeles to Singapore,1 h 40 min,1,"₫ 43,331,864",08:00,"Arrives Mon, 16 Jun",United Airlines
flights_html/farecompare-1432.html,Austin - Christchurch,3 h 10 min,2,$2094,8:30 AM,11:05 PM,Air Canada
flights_html/farecompare-1655.html,Boston - Hannover,1 h 35 min,5 Hours 30 Minutes Layover in LHR,$ 877,7:40 PM,3:25 PM,British Airways
flights_html/kayak-1160.html,Seattle to Paris,9 h 35 min,0,"₫ 40,842,228",13:30,"Arrives Mon, 16 Jun",Delta
flights_html/kayak-1578.html,Tokyo to Incheon,2 h 30 min,0,"₫ 7,809,830",08:55,,ZIPAIR
flights_html/kayak-1736.html,Tokyo to Paris,3 h 15 min,1,"₫ 30,047,706",17:10,"Departs Mon, 16 Jun",China Eastern
flights_html/kayak-1274.html,,17 h 40 min,1,"₫ 49,390,000","from 49,390",,Air Canada
flights_html/cheapair-0974.html,"Shanghai Hongqiao to Seoul Gimpo - Sun, Jun 01",1 h 50 min,0,USD 485,8:10 AM,11:00 AM,Shanghai Airlines
flights_html/cheapair-0960.html,Review Trip Details and Book,1 h 50 min,0,USD 335,8:10 AM,,Shanghai Airlines
flights_html/farecompare-1825.html,Boston - Palermo,1 h 10 min,2,$ 790,5:05 PM,5:00 PM,Ita
flights_html/cheapair-0864.html,Review Trip Details and Book,2 h 10 min,0,USD 622,8:00 AM,,China Eastern
flights_html/farecompare-1726.html,Boston - Lisbon,6 h 45 min,16 Hours 30 Minutes Layover in YUL,$ 986,5:50 AM,11:30 AM,Air Canada
flights_html/cheapair-1093.html,"Beijing Capital to Kuala Lumpur - Sun, Jun 01",10 h 10 min,1,USD 320,7:30 PM,9:55 PM,Operated by Shanghai Airlines
flights_html/tripadvisor-1980.html,Manila - Paris,17 h 30 min,1,"$ 1,582",8:20 PM,7:50 AM,Cathay Pacific
flights_html/gotogate-2113.html,New York - Bucharest,15 h 25 min,1,US$ 780.14,05:40 PM,04:05 PM,Tarom
flights_html/cheapair-0207.html,"Los Angeles Intl to Frankfurt - Sun, Jun 01",11 h 15 min,0,"USD 1,595",5:30 PM,1:45 PM,Alaska Airlines
flights_html/cheapair-1487.html,"ISTANBUL AIRPORT to Singapore Changi - Sun, Jun 01",10 h 50 min,0,"USD 1,554",2:05 AM,5:55 PM,Turkish Airlines
flights_html/gotogate-2048.html,New York - Johannesburg,23 h 55 min,1,"US$ 1,617.69",10:00 PM,03:55 AM,Ethiopian Airlines
flights_html/cheapair-1686.html,"Dubai to Miami Intl Airport - Sun, Jun 01",27 h 55 min,1,USD 969,12:40 AM,6:00 AM,Air France
flights_html/tripadvisor-0987.html,Brussels - Paris,4 h 25 min,1,$ 332,4:30 PM,8:55 PM,Multiple Airlines
flights_html/tripadvisor-1348.html,Rome - Mumbai,12 h,1,$ 697,1:45 PM,5:15 AM,Multiple Airlines
flights_html/cheapair-1418.html,"Atlanta Hartsfield Jackson International Airport to Barcelona - Sun, Jun 01",8 h 50 min,0,"USD 2,090",4:25 PM,7:15 AM,Operated by Delta Air Lines
flights_html/farecompare-1270.html,Atlanta - Santiago,6 h 36 min,2,$ 833,4:32 PM,2:47 AM,Spirit
flights_html/cheapair-0460.html,Review Trip Details and Book,14 h,0,USD 38,"USD 1,047",,CX Airline
flights_html/farecompare-0253.html,London - Shanghai,2 h 20 min,18 Hours 10 Minutes Layover in CAN,$ 807,10:10 PM,1:20 PM,China Southern
flights_html/kayak-0383.html,Shanghai to Tokyo,2 h 55 min,0,"₫ 12,021,770",08:20,,Air China
flights_html/tripadvisor-0807.html,Istanbul - Abu Dhabi,4 h 35 min,0,$ 463,2:10 PM,7:45 PM,Etihad
flights_html/tripadvisor-0646.html,Bangkok - Hanoi,1 h 50 min,0,$ 112,6:40 AM,8:30 AM,Thai AirAsia
flights_html/gotogate-1912.html,New York - Brussels,11 h,1,US$ 986.38,07:15 PM,12:50 PM,Fly Play
flights_html/farecompare-1285.html,Atlanta - Nairobi,5 h 5 min,2 Hours 45 Minutes Layover in DOH,$1590,7:30 PM,11:50 PM,Qatar
flights_html/cheapair-2000.html,"Phuquoc to Ho Chi Minh City - Sun, Jun 01",1 h 15 min,0,USD 154,6:55 AM,8:10 AM,Vietnam Airlines
flights_html/farecompare-0627.html,Orlando - Seattle,3 h 8 min,2 Hours 50 Minutes Layover in DEN,$ 280,4:30 PM,11:44 PM,Frontier
flights_html/gotogate-0716.html,Chicago - Buenos Aires,24 h 52 min,3,"US$ 1,581.41",09:59 PM,12:51 AM,Copa Airlines
flights_html/cheapair-0648.html,"Sydney to Melbourne - Sun, Jun 01",1 h 40 min,0,USD 167,7:00 AM,8:40 AM,Jetstar
flights_html/cheapair-1193.html,"Seoul Incheon to Washington Dulles - Sun, Jun 01",13 h 50 min,0,"USD 1,593",10:25 AM,11:15 AM,Korean Air
flights_html/tripadvisor-1688.html,Manila - London,17 h 40 min,1,"$ 1,247",8:20 AM,7:00 PM,China Southern
flights_html/kayak-0373.html,Shanghai to Tokyo,3 h 5 min,0,"₫ 10,748,858",14:55,,Spring Airlines
flights_html/gotogate-1726.html,Las Vegas (NV) - Dakar,35 h 30 min,2,"US$ 2,489.44",09:55 PM,04:25 PM,Spirit Airlines
flights_html/gotogate-0186.html,Alexandria (La) - Nice,17 h 46 min,2,"US$ 2,600.50",10:14 AM,11:00 AM,American Airlines
flights_html/gotogate-0422.html,Austin (Tx) - Johannesburg,32 h 15 min,2,"US$ 1,801.91",06:20 PM,09:35 AM,Qatar Airways
flights_html/kayak-1225.html,Newark to Tokyo,13 h 45 min,0,"₫ 52,707,512",11:45,"Arrives Mon, 16 Jun",United Airlines
flights_html/cheapair-0385.html,"Tokyo Narita to Singapore Changi - Sun, Jun 01",7 h 10 min,0,USD 390,8:15 AM,2:25 PM,Scoot
flights_html/gotogate-1320.html,Fort Myers - Nice,12 h 30 min,1,"US$ 2,074.04",01:30 PM,08:00 AM,United Airlines
flights_html/tripadvisor-1331.html,Rome - New Delhi,16 h 50 min,2,$ 725,1:45 PM,10:05 AM,Multiple Airlines
flights_html/tripadvisor-1569.html,New Delhi - Shanghai,12 h 35 min,1,$ 618,10:10 AM,1:15 AM,Multiple Airlines
flights_html/cheapair-1659.html,"Dubai to Denver - Sun, Jun 01",24 h 50 min,1,"USD 1,113",12:40 AM,6:00 AM,Air France
flights_html/farecompare-1212.html,Atlanta - Tashkent,4 h 50 min,22 Hours 10 Minutes Layover in IST,$1619,3:00 PM,1:55 PM,Turkish
flights_html/cheapair-1442.html,"Atlanta Hartsfield Jackson International Airport to Brussels - Sun, Jun 01",14 h 40 min,1,USD 64,11:10 AM,1:22 PM,Air Canada
flights_html/farecompare-0977.html,Alexandria - Bristol,1 h 15 min,2,$1750,4:51 PM,5:00 PM,Virgin Atlantic
flights_html/farecompare-1099.html,Atlanta - Eindhoven,1 h 40 min,3,$1174,10:41 AM,4:25 PM,Spirit
flights_html/farecompare-0445.html,Rome - San Francisco,1 h 18 min,3 Hours 12 Minutes Layover in LAX,$ 705,9:30 AM,5:45 PM,ITA
flights_html/cheapair-0472.html,"Hong Kong to London Heathrow - Sun, Jun 01",14 h 10 min,0,"USD 2,234",8:05 AM,3:15 PM,Cathay Pacific
flights_html/gotogate-1096.html,Daytona Beach - Prague,15 h 21 min,2,"US$ 1,775.38",01:49 PM,11:10 AM,American Airlines
flights_html/tripadvisor-1221.html,Rome - Hong Kong,15 h 55 min,1,$ 866,9:10 PM,7:05 PM,Multiple Airlines
flights_html/cheapair-0646.html,"Sydney to Melbourne - Sun, Jun 01",1 h 40 min,0,USD 167,7:00 AM,8:40 AM,Jetstar
flights_html/cheapair-0308.html,"Tokyo Haneda to Shanghai Hongqiao - Sun, Jun 01",3 h 50 min,0,USD 795,2:30 PM,5:20 PM,Operated by Shanghai Airlines
flights_html/gotogate-0738.html,Chicago - Johannesburg,31 h 20 min,3,"US$ 2,664.16",06:25 PM,08:45 AM,Air France
flights_html/farecompare-0816.html,Albany - Oslo,2 h 15 min,2,$1931,12:43 PM,11:50 AM,Air France
flights_html/tripadvisor-1353.html,Rome - Mumbai,20 h 25 min,2,$ 471,1:45 PM,1:40 PM,Multiple Airlines
flights_html/tripadvisor-2025.html,Manila - Singapore,22 h 30 min,2,$ 791,9:30 AM,8:00 AM,Multiple Airlines
flights_html/tripadvisor-0939.html,Brussels - Barcelona,2 h 5 min,0,$,8:20 PM,10:25 PM,Ryanair
flights_html/tripadvisor-0535.html,New York City - Paris,7 h 50 min,0,$ 788,10:20 PM,12:10 PM,Air France
flights_html/tripadvisor-1737.html,Hanoi - Phu Quoc Island,2 h 10 min,0,$ 199,4:20 PM,6:30 PM,VietJet Air
flights_html/farecompare-1078.html,Atlanta - Prague,2 h 35 min,21 Hours 55 Minutes Layover in IST,$1050,3:00 PM,8:25 AM,Turkish
flights_html/kayak-0280.html,Shanghai to Paris,3 h 20 min,1,"₫ 28,525,908",16:25,"Departs Mon, 16 Jun",Air China
flights_html/tripadvisor-1396.html,New Delhi - Mumbai,2 h 15 min,0,$ 94,4:00 AM,6:15 AM,IndiGo
flights_html/farecompare-1846.html,Boston - Cagliari,1 h 50 min,6 Hours 15 Minutes Layover in MUC,$1053,8:05 PM,5:35 PM,Lufthansa
flights_html/kayak-0977.html,,8 h 30 min,0,"₫ 32,687,048","from 32,687",,Delta
flights_html/farecompare-0658.html,Houston - Washington,1 h 49 min,4 Hours 5 Minutes Layover in ATL,$ 207,6:00 AM,3:16 PM,Frontier
flights_html/cheapair-1162.html,Review Trip Details and Book,14 h,0,USD 100,1 stop 10,,Tway Air
flights_html/cheapair-0327.html,"Tokyo Narita to Beijing Capital - Sun, Jun 01",4 h 20 min,0,USD 571,5:55 PM,9:15 PM,Spring Airlines Japan Co. Ltd
flights_html/gotogate-0421.html,Bangor - Johannesburg,40 h 58 min,2,"US$ 2,292.76",05:12 PM,04:10 PM,American Airlines
flights_html/cheapair-1777.html,Review Trip Details and Book,8 h 45 min,0,"USD 1,127","USD 1,127",,Operated by Air India
flights_html/gotogate-0121.html,Alexandria (La) - Thessaloniki,33 h 37 min,2,"US$ 2,260.23",06:28 PM,12:05 PM,American Airlines
flights_html/farecompare-0272.html,Amsterdam - Bangkok,4 h 30 min,1 Hour 20 Minutes Layover in PVG,$ 798,8:15 PM,6:05 PM,China Eastern
flights_html/tripadvisor-1894.html,Frankfurt - Sao Paulo,25 h 35 min,1,"$ 1,195",8:50 AM,5:25 AM,SWISS
flights_html/gotogate-1118.html,Daytona Beach - Porto,14 h 34 min,2,"US$ 2,893.66",12:01 PM,07:35 AM,American Airlines
flights_html/kayak-1488.html,Newark to Bangkok,14 h 55 min,1,"₫ 39,517,980",09:00,"Arrives Mon, 16 Jun",Air India
flights_html/kayak-1628.html,,2 h 45 min,0,"₫ 7,071,762","fares 7,071",,T'way Air
flights_html/cheapair-0280.html,"Tokyo Narita to Seoul Incheon - Sun, Jun 01",2 h 45 min,0,USD 277,11:10 AM,1:55 PM,Air Busan
flights_html/cheapair-1719.html,Review Trip Details and Book,9 h 5 min,0,USD 46,1:40 PM,,Air India
flights_html/cheapair-1516.html,"ISTANBUL AIRPORT to Paris - Sun, Jun 01",3 h 40 min,0,USD 676,10:10 AM,12:50 PM,Turkish Airlines
flights_html/kayak-1393.html,New York to Bangkok,15 h 45 min,1,"₫ 41,683,160",12:55,"Arrives Mon, 16 Jun",Asiana Airlines
flights_html/tripadvisor-0227.html,Hong Kong - London,17 h 20 min,1,$ 750,8:15 PM,6:35 AM,Air China
flights_html/cheapair-1051.html,"Beijing Capital to Jakarta - Tue, Jun 03",12 h,1,USD 428,11:30 AM,,Air Macau
flights_html/gotogate-1612.html,Hawaii Kona - Lagos,48 h 5 min,2,"US$ 2,350.91",08:00 AM,07:05 PM,Alaska Airlines
flights_html/gotogate-1315.html,Oahu Honolulu - Sydney,10 h 20 min,,US$ 977.81,08:20 AM,02:40 PM,Jetstar Airways
flights_html/cheapair-0197.html,"Los Angeles Intl to London Heathrow - Sun, Jun 01",10 h 25 min,0,"USD 1,184",10:50 PM,5:15 PM,Virgin Atlantic
flights_html/gotogate-0725.html,Chicago - Montevideo,28 h 20 min,3,"US$ 2,793.67",06:25 PM,12:45 AM,Air France
flights_html/gotogate-0007.html,Albany (Ny) - Bordeaux,16 h,2,"US$ 2,318.15",07:40 PM,05:40 PM,Lufthansa
flights_html/farecompare-1942.html,Boston - Sydney,15 h 10 min,2,$1758,7:30 AM,7:05 AM,Alaska
flights_html/farecompare-0154.html,Atlanta - London,3 h 55 min,5 Hours 50 Minutes Layover in IST,$1077,3:00 PM,4:40 PM,Turkish
flights_html/gotogate-0231.html,Atlanta - Bangkok,28 h 15 min,2,"US$ 1,763.03",08:55 AM,12:10 AM,Air Canada
flights_html/gotogate-0457.html,Boston (Ma) - Nottingham,26 h 15 min,2,"US$ 1,256.82",04:00 PM,11:15 PM,Condor
flights_html/tripadvisor-0175.html,Hong Kong - Paris,16 h 30 min,1,$ 867,11:25 PM,9:55 AM,Lufthansa
flights_html/tripadvisor-1834.html,Hanoi - London,12 h 45 min,0,"$ 1,459",11:05 AM,5:50 PM,Vietnam Airlines
flights_html/farecompare-0104.html,Singapore - Hanoi,2 h 10 min,7 Hours 0 Minutes Layover in SGN,$ 283,9:00 PM,7:05 AM,Vietnam
flights_html/gotogate-1946.html,New York - Madrid,7 h 10 min,,US$ 776.90,07:05 PM,08:15 AM,British Airways
flights_html/kayak-1723.html,Tokyo to Frankfurt am Main,3 h 25 min,1,"₫ 28,354,564",13:50,"Departs Mon, 16 Jun",China Eastern
flights_html/farecompare-1423.html,Austin - Sydney,15 h 10 min,3,$1553,4:11 PM,7:05 AM,Alaska
flights_html/kayak-0687.html,Abu Dhabi to Bangkok,6 h 30 min,0,"₫ 20,908,196",14:25,,Etihad Airways
flights_html/farecompare-2084.html,Charlotte - Glasgow,1 h 30 min,2 Hours 45 Minutes Layover in LHR,$1192,8:10 PM,1:20 PM,British Airways
flights_html/tripadvisor-1777.html,Jakarta - Paris,17 h 55 min,1,$ 961,6:30 PM,7:25 AM,Iberia
flights_html/kayak-1260.html,New York to Tokyo,14 h 25 min,0,"₫ 63,118,412",13:30,"Arrives Mon, 16 Jun",Gotogate
flights_html/cheapair-1447.html,"Atlanta Hartsfield Jackson International Airport to Brussels - Sun, Jun 01",14 h 40 min,1,USD 66,11:10 AM,1:22 PM,Air Canada
flights_html/gotogate-2209.html,Fukuoka - Malta,30 h 40 min,2,"US$ 6,295.13",12:20 PM,12:00 PM,Eva Airways
flights_html/gotogate-0193.html,Alexandria (La) - Lagos,31 h,2,"US$ 1,901.48",06:25 PM,07:25 AM,Qatar Airways
flights_html/tripadvisor-0461.html,New York City - London,7 h 15 min,0,$ 604,7:30 PM,7:45 AM,British
flights_html/tripadvisor-1793.html,Jakarta - Paris,24 h 50 min,1,$ 971,6:35 PM,2:25 PM,Qatar
flights_html/gotogate-1267.html,Oahu Honolulu - Malta,25 h 45 min,2,"US$ 2,301.79",10:05 PM,11:50 AM,Air Canada
flights_html/kayak-1023.html,Atlanta to London,2 h 45 min,1,"₫ 29,575,388",15:20,"Arrives Mon, 16 Jun",Delta
flights_html/gotogate-0393.html,Austin (Tx) - Sydney,19 h 14 min,1,"US$ 1,448.63",08:51 PM,07:05 AM,American Airlines
flights_html/farecompare-0637.html,Orlando - Seattle,2 h 57 min,13 Hours 53 Minutes Layover in LAS,$ 390,7:25 PM,2:11 PM,Frontier
flights_html/farecompare-0067.html,New York - Tokyo,4 h 15 min,13 Hours 35 Minutes Layover in HKG,$1356,2:50 PM,1:55 PM,Cathay Pacific
flights_html/cheapair-0036.html,"Nanning to Singapore Changi - Thu, Jul 31",23 h 55 min,1,USD 40,8:15 PM,10:55 PM,Shanghai Airlines
flights_html/tripadvisor-0587.html,New York City - Frankfurt,10 h 40 min,1,$ 786,3:30 PM,8:10 AM,Air Canada
flights_html/kayak-0334.html,Shanghai to Tokyo,3 h,0,"₫ 11,165,898",14:35,,Air China
flights_html/gotogate-1916.html,New York - Sofia,18 h 50 min,2,US$ 813.91,08:25 PM,10:15 PM,Bulgaria Air
flights_html/cheapair-1254.html,Review Trip Details and Book,4 h 51 min,0,USD 261,5:57 PM,,Spirit Airlines
flights_html/gotogate-0677.html,Cincinnati - Brussels,35 h 30 min,2,"US$ 1,155.10",04:30 PM,10:00 AM,Air Canada
flights_html/kayak-1216.html,Newark to Tokyo,13 h 45 min,0,"₫ 52,668,652",11:45,"Arrives Mon, 16 Jun",United Airlines
flights_html/farecompare-0179.html,Atlanta - Miami,2 h 7 min,3 Hours 35 Minutes Layover in LAS,$ 197,9:21 AM,11:28 AM,Frontier
flights_html/gotogate-0514.html,Bangor - Lagos,38 h 4 min,2,"US$ 2,798.81",12:21 PM,07:25 AM,Qatar Airways
flights_html/kayak-1378.html,,24 h 55 min,1,"₫ 38,617,064","from 38,617",,s Airline
flights_html/cheapair-1315.html,"Atlanta Hartsfield Jackson International Airport to Newark Liberty - Wed, Jun 04",2 h 13 min,0,USD 60,4:46 PM,,Spirit Airlines
flights_html/farecompare-0525.html,Sao Paulo - Madrid,10 h 25 min,,$1033,2:10 PM,5:35 AM,Iberia
flights_html/farecompare-1883.html,Boston - Leipzig - Halle,1 h,1 Hour 55 Minutes Layover in FRA,$1131,5:50 PM,9:50 AM,Lufthansa
flights_html/kayak-1199.html,Newark to Tokyo,13 h 45 min,0,"₫ 54,546,000",11:45,"Arrives Mon, 16 Jun",ANA
flights_html/tripadvisor-0267.html,Los Angeles - Dallas,9 h 37 min,1,$,11:47 AM,11:24 PM,Frontier
flights_html/kayak-0220.html,Shanghai to Madrid,2 h 15 min,1,"₫ 25,870,000",21:30,,Air China
flights_html/cheapair-1425.html,"Atlanta Hartsfield Jackson International Airport to Barcelona - Sun, Jun 01",8 h 35 min,0,"USD 2,116",6:45 PM,9:20 AM,KLM
flights_html/gotogate-1988.html,New York - Southampton,10 h 15 min,1,"US$ 1,701.99",05:30 PM,08:45 AM,Virgin Atlantic
flights_html/cheapair-0358.html,Review Trip Details and Book,5 h 35 min,0,USD 417,4:30 PM,,Operated by Viet
flights_html/cheapair-0713.html,Review Trip Details and Book,25 h,1,"USD 1,449","USD 1,449",,Air India
flights_html/tripadvisor-0371.html,Los Angeles - Dallas,3 h 8 min,0,$ 166,5:30 AM,10:38 AM,Spirit
flights_html/gotogate-0129.html,Alexandria (La) - Barcelona,16 h 36 min,1,"US$ 2,188.35",10:34 AM,10:10 AM,American Airlines
flights_html/cheapair-0145.html,"Los Angeles Intl to Madrid Barajas - Sun, Jun 01",11 h,0,"USD 1,499",5:50 PM,1:50 PM,American Airlines
flights_html/tripadvisor-1448.html,New Delhi - Sydney,12 h 35 min,0,$ 735,12:55 AM,6:00 PM,Air India
flights_html/kayak-1039.html,Atlanta to London,2 h 46 min,1,"₫ 29,575,388",15:08,"Arrives Mon, 16 Jun",Delta
flights_html/farecompare-1144.html,Atlanta - Haikou,1 h 20 min,2,$1555,6:19 PM,8:50 AM,Spirit
flights_html/kayak-1196.html,Newark to Tokyo,13 h 45 min,0,"₫ 53,702,332",11:45,"Arrives Mon, 16 Jun",United Airlines
flights_html/farecompare-1159.html,Atlanta - Dubai,13 h 25 min,13 Hours 43 Minutes Layover in YYZ,$1105,6:25 AM,7:45 PM,Air Canada
flights_html/tripadvisor-0085.html,Hong Kong - Seoul,3 h 40 min,0,$,4:55 PM,9:35 PM,HK Express
flights_html/gotogate-0052.html,Albany (Ny) - Tashkent,59 h 20 min,2,"US$ 2,091.32",05:00 AM,01:20 AM,Qatar Airways
flights_html/gotogate-2169.html,New York - Tashkent,15 h 15 min,1,"US$ 1,534.68",12:35 AM,12:50 AM,Turkish Airlines
flights_html/kayak-1009.html,Atlanta to Paris,8 h 45 min,0,"₫ 34,645,000",17:55,"Arrives Mon, 16 Jun",Virgin Atlantic
flights_html/gotogate-1577.html,Las Vegas (NV) - Dubai,21 h 25 min,2,"US$ 1,315.57",12:30 PM,08:55 PM,Qatar Airways
flights_html/tripadvisor-1385.html,Rome - Mumbai,17 h 30 min,1,$ 688,11:55 PM,8:55 PM,Gulf Air
flights_html/tripadvisor-0934.html,Istanbul - Shanghai,20 h 10 min,2,$ 762,9:10 AM,10:20 AM,Multiple Airlines
flights_html/kayak-0539.html,Singapore to Bangkok,2 h 40 min,0,"₫ 3,330,559",14:40,,Thai AirAsia
flights_html/tripadvisor-1390.html,Rome - Mumbai,13 h,1,$ 810,9:10 PM,1:40 PM,Oman Air
flights_html/tripadvisor-1838.html,Hanoi - London,23 h 50 min,1,$ 898,2:10 AM,8:00 PM,Shenzhen
flights_html/cheapair-0371.html,"Tokyo Narita to Ho Chi Minh City - Sun, Jun 01",6 h,0,USD 335,8:55 AM,12:55 PM,A.P.G. Distribution System
flights_html/cheapair-0344.html,"Tokyo Narita to Hanoi - Sun, Jun 01",5 h 35 min,0,USD 329,4:30 PM,8:05 PM,Viet
flights_html/kayak-0322.html,,3 h 20 min,0,"₫ 10,062,981","from 10,062",,Air China
flights_html/tripadvisor-1519.html,New Delhi - Melbourne,32 h 32 min,2,"$ 1,874",12:50 AM,11:52 PM,Air France
flights_html/farecompare-0564.html,John F Kennedy - London,7 h 30 min,,$ 634,9:30 PM,10:00 AM,Air France
flights_html/cheapair-1984.html,"Phuquoc to Ho Chi Minh City - Sun, Jun 01",1 h 10 min,0,USD 144,6:50 AM,8:00 AM,Vietnam Airlines
flights_html/kayak-1343.html,New York to Amsterdam,7 h 5 min,1,"₫ 15,713,000",19:45,"Arrives Mon, 16 Jun",2 Wide
flights_html/tripadvisor-1976.html,Manila - Paris,21 h 40 min,1,"$ 1,480",10:00 PM,1:40 PM,Kuwait
flights_html/tripadvisor-1441.html,New Delhi - Mumbai,2 h 10 min,0,$ 111,6:00 AM,8:10 AM,IndiGo
flights_html/gotogate-0289.html,Atlanta - Brasilia,21 h 56 min,2,US$ 779.80,11:39 AM,10:35 AM,American Airlines
flights_html/cheapair-0523.html,"Shanghai Pu Dong to Brussels - Sun, Jun 01",25 h 35 min,1,USD 770,11:15 AM,,Hainan Airlines
flights_html/kayak-1053.html,Seattle to Paris,9 h 45 min,1,"₫ 33,444,820",17:35,"Arrives Mon, 16 Jun",Virgin Atlantic
flights_html/farecompare-0504.html,Los Angeles - Brussels,7 h 15 min,2,$1189,11:25 PM,7:50 AM,Air Canada
flights_html/kayak-0707.html,Abu Dhabi to Bangkok,6 h 25 min,0,"₫ 26,384,148","from 26,384",,Etihad Airways
flights_html/farecompare-0403.html,Delhi - Kuala Lumpur,3 h 50 min,2 Hours 40 Minutes Layover in CMB,$ 272,6:45 PM,7:20 AM,SriLankan
flights_html/tripadvisor-0575.html,New York City - Frankfurt,7 h 40 min,0,$ 270,4:05 PM,5:45 AM,Condor
flights_html/gotogate-1109.html,Fort Myers - Dublin,15 h 25 min,1,"US$ 1,524.57",11:50 AM,08:15 AM,Air Canada
flights_html/kayak-1500.html,New York to Bangkok,15 h,1,"₫ 40,380,000",11:10,"Arrives Mon, 16 Jun",Air India
flights_html/farecompare-1735.html,Boston - Porto,2 h 25 min,10 Hours 20 Minutes Layover in LHR,$ 697,8:10 PM,8:35 PM,British Airways
flights_html/cheapair-1372.html,"Atlanta Hartsfield Jackson International Airport to London Heathrow - Sun, Jun 01",8 h 25 min,0,"USD 1,211",9:45 PM,11:10 AM,Virgin Atlantic
flights_html/gotogate-0902.html,Cincinnati - Eindhoven,24 h,3,"US$ 2,575.86",09:30 AM,03:30 PM,Air Canada
flights_html/cheapair-0277.html,"Tokyo Narita to Seoul Incheon - Sun, Jun 01",2 h 30 min,0,USD 275,8:55 AM,11:25 AM,ZIPAIR
flights_html/cheapair-1496.html,"ISTANBUL AIRPORT to Singapore Changi - Sun, Jun 01",16 h 5 min,1,USD 797,8:15 PM,5:05 AM,IndiGo Airlines
flights_html/farecompare-1220.html,Atlanta - Tashkent,4 h 35 min,9 Hours 20 Minutes Layover in IST,$1792,3:00 PM,12:50 AM,Turkish
flights_html/tripadvisor-1298.html,Rome - New Delhi,11 h 35 min,1,$ 847,11:30 AM,2:35 AM,Emirates
flights_html/cheapair-0074.html,"Newark Liberty to Paris Orly - Sun, Jun 01",7 h 15 min,0,USD 871,11:00 PM,12:15 PM,French Bee
flights_html/tripadvisor-0624.html,Bangkok - Kuala Lumpur,2 h 15 min,0,$ 182,9:30 PM,12:45 AM,AirAsia
flights_html/cheapair-0172.html,"Los Angeles Intl to Paris - Sun, Jun 01",10 h 35 min,0,USD 102,9:25 PM,5:00 PM,Norse Atlantic Airways
flights_html/farecompare-1766.html,Boston - Malta,,,,,,
flights_html/gotogate-2015.html,New York - Bangkok,23 h 55 min,1,"US$ 1,316.44",11:55 AM,10:50 PM,Air India
flights_html/kayak-0532.html,Singapore to Bangkok,2 h 30 min,0,"₫ 2,978,498",22:15,,Thai Lion Air
flights_html/farecompare-1439.html,Austin - Christchurch,1 h 25 min,2,$2201,8:45 PM,9:55 AM,Alaska
flights_html/cheapair-0515.html,"Shanghai Hongqiao to Brussels - Sun, Jun 01",24 h 40 min,1,USD 817,12:10 PM,2:20 PM,Hainan Airlines
flights_html/tripadvisor-1165.html,Rome - Shanghai,19 h 45 min,1,$ 784,8:55 PM,10:40 PM,Air China
flights_html/kayak-1139.html,Seattle to Paris,9 h 50 min,1,"₫ 40,284,196",13:55,"Arrives Mon, 16 Jun",Air France
flights_html/farecompare-1136.html,Atlanta - Liverpool,55 min,3,$1171,10:41 AM,11:50 AM,Spirit
flights_html/farecompare-0610.html,Orlando - Boston,3 h 10 min,,$ 188,5:30 AM,8:40 AM,Frontier
flights_html/kayak-0812.html,,7 h 40 min,0,"₫ 24,667,932","from 24,667",,Etihad Airways
flights_html/kayak-1749.html,Tokyo to Paris,3 h 50 min,1,"₫ 31,047,980",15:15,"Departs Mon, 16 Jun",Air China
flights_html/farecompare-2058.html,Charlotte - Turin,1 h 15 min,2,$1395,7:42 PM,4:45 PM,Lufthansa
flights_html/gotogate-0872.html,Chicago - Brussels,31 h,2,"US$ 1,521.40",05:50 PM,07:50 AM,Porter Airlines
flights_html/kayak-1687.html,Tokyo to Frankfurt am Main,3 h 55 min,1,"₫ 26,733,892",21:10,"Arrives Mon, 16 Jun",Air China
flights_html/cheapair-1458.html,"Atlanta Hartsfield Jackson International Airport to Brussels - Sun, Jun 01",19 h 25 min,1,USD 64,6:25 AM,8:37 AM,Air Canada
flights_html/farecompare-0615.html,Orlando - Washington,2 h 15 min,,$ 154,8:45 AM,11:00 AM,JetBlue
flights_html/kayak-0244.html,Shanghai to Paris,12 h 15 min,1,"₫ 26,759,050",11:05,"Arrives Fri, 1 Aug",Air China
flights_html/cheapair-1120.html,"Seoul Incheon to Atlanta Hartsfield Jackson International Airport - Sun, Jun 01",30 h 3 min,2,"USD 1,045",1:30 PM,3:20 PM,Xiamen Airlines
flights_html/kayak-1101.html,,15 h 5 min,0,"₫ 39,272,540","from 39,272",,Delta
flights_html/farecompare-1539.html,Bangor - Athens,3 h 10 min,2,$1508,3:54 PM,1:20 AM,KLM
flights_html/kayak-0064.html,,16 h 25 min,1,"₫ 28,985,000","from 28,985",,Air France
flights_html/tripadvisor-1887.html,Frankfurt - Sao Paulo,17 h 55 min,1,"$ 1,221",4:30 PM,5:25 AM,SWISS
flights_html/kayak-1940.html,,9 h 55 min,0,"₫ 22,256,000","from 22,256",,Air France
flights_html/tripadvisor-0294.html,Singapore - Hanoi,3 h 30 min,0,$ 368,1:05 PM,3:35 PM,Vietnam Airlines
flights_html/gotogate-1391.html,Hawaii Kona - Bucharest,30 h 5 min,2,"US$ 2,581.21",10:50 PM,05:55 PM,Lufthansa
flights_html/farecompare-0026.html,New York - Rome,8 h 15 min,,$ 787,4:05 PM,6:20 AM,ITA
flights_html/gotogate-1475.html,Hawaii Kona - Casablanca,22 h,2,"US$ 2,448.88",10:15 PM,07:15 AM,Air Canada
flights_html/gotogate-0638.html,Charlotte - Brussels,28 h 43 min,3,"US$ 1,077.40",11:52 AM,10:35 PM,Spirit Airlines
flights_html/cheapair-0458.html,Review Trip Details and Book,14 h 10 min,0,USD 67,"USD 1,139",,CX Airline
flights_html/cheapair-0840.html,"Melbourne to Ho Chi Minh City - Sun, Jun 01",8 h 35 min,0,USD 40,12:30 AM,6:05 AM,Viet
flights_html/farecompare-0368.html,Delhi - Singapore,1 h 10 min,2,$ 277,3:55 AM,8:30 AM,Air India
flights_html/farecompare-1338.html,Austin - Porto,7 h 5 min,2,$1274,11:19 AM,9:45 AM,United Airlines
flights_html/farecompare-1442.html,Austin - Auckland,3 h 10 min,2,$1153,8:11 PM,12:40 PM,Fiji Airways
flights_html/farecompare-2080.html,Charlotte - Athens,2 h 35 min,2,$ 987,3:14 PM,12:55 AM,Spirit
flights_html/cheapair-1846.html,Review Trip Details and Book,7 h 18 min,0,USD 190,6:00 AM,,Frontier Airlines
flights_html/gotogate-1065.html,Fort Myers - Lyon,18 h 35 min,2,"US$ 1,628.24",11:50 AM,12:25 PM,Air Canada
flights_html/tripadvisor-0215.html,Hong Kong - London,18 h 15 min,1,$ 760,11:25 PM,10:40 AM,Lufthansa
flights_html/cheapair-1207.html,"Seoul Incheon to Washington National - Sun, Jun 01",20 h 21 min,1,"USD 1,020",5:25 PM,4:15 PM,American Airlines
flights_html/farecompare-1831.html,Boston - Palermo,1 h 5 min,2,$ 859,5:05 PM,2:50 PM,Ita
flights_html/kayak-0527.html,Singapore to Bangkok,2 h 30 min,0,"₫ 3,452,373",14:05,,Scoot
flights_html/gotogate-1077.html,Fort Myers - Bournemouth,18 h 30 min,3,"US$ 1,699.13",11:50 AM,11:20 AM,Air Canada
flights_html/gotogate-1102.html,Daytona Beach - Lyon,20 h 21 min,2,"US$ 2,374.57",01:49 PM,04:10 PM,American Airlines
flights_html/kayak-0600.html,Abu Dhabi to Bangkok,1 h 10 min,1,"₫ 14,719,000",17:40,Arrives,Qatar Airways
flights_html/farecompare-0773.html,Albany - Madrid,8 h 26 min,10 Hours 25 Minutes Layover in ATL,$1432,6:13 AM,9:35 AM,KLM
flights_html/cheapair-1199.html,Review Trip Details and Book,18 h 32 min,1,USD 733,"USD 1,466",,American Airlines
flights_html/cheapair-0894.html,"Shanghai Hongqiao to San Francisco Intl Airport - Sun, Jun 01",19 h 30 min,1,"USD 1,274",1:20 PM,4:05 PM,Cathay Pacific
flights_html/tripadvisor-0341.html,Singapore - Hanoi,5 h 40 min,1,$ 291,11:15 AM,3:55 PM,VietJet Air
flights_html/cheapair-0008.html,"Nanning to Singapore Changi - Thu, Jul 31",16 h 35 min,1,USD 40,12:50 PM,4:00 PM,Shanghai Airlines
flights_html/cheapair-1420.html,"Atlanta Hartsfield Jackson International Airport to Barcelona - Sun, Jun 01",8 h 35 min,0,"USD 2,090",6:45 PM,9:20 AM,Operated by Delta Air Lines
flights_html/farecompare-0915.html,Albany - Adelaide,12 h 55 min,2,$3556,4:20 PM,3:50 PM,Qatar
flights_html/kayak-0784.html,,10 h 35 min,1,"₫ 17,971,152","from 17,971",,ITA Airways
flights_html/tripadvisor-1347.html,Rome - Mumbai,13 h 45 min,2,$ 527,9:40 AM,2:55 AM,Multiple Airlines
flights_html/kayak-0450.html,Singapore to Bangkok,2 h 30 min,0,"₫ 3,030,311",15:30,,Scoot
flights_html/kayak-1120.html,Seattle to Paris,2 h 5 min,1,"₫ 39,280,312",07:10,"Arrives Mon, 16 Jun",Delta
flights_html/gotogate-1271.html,Oahu Honolulu - Turin,21 h 30 min,2,"US$ 2,299.01",11:35 AM,09:05 PM,Lufthansa
flights_html/gotogate-1329.html,Oahu Honolulu - Quito,20 h 55 min,1,US$ 903.09,07:55 PM,09:50 PM,United Airlines
flights_html/cheapair-0922.html,"Shanghai Hongqiao to Auckland - Sun, Jun 01",21 h 45 min,1,USD 69,1:50 PM,4:00 PM,China Southern
flights_html/tripadvisor-1323.html,Rome - New Delhi,14 h 20 min,1,$ 599,10:50 AM,4:40 AM,Turkish Airlines
flights_html/cheapair-1225.html,Review Trip Details and Book,5 h 19 min,0,USD 50,7:00 AM,,Alaska Airlines
flights_html/farecompare-0983.html,Alexandria - Barcelona,8 h 55 min,3 Hours 40 Minutes Layover in ATL,$1428,11:57 AM,9:20 AM,KLM
flights_html/kayak-0340.html,,2 h 55 min,0,"₫ 11,579,534","from 11,579",,s Airline
flights_html/kayak-1401.html,New York to Bangkok,15 h 45 min,1,"₫ 35,924,000",12:55,"Arrives Mon, 16 Jun",Asiana Airlines
flights_html/cheapair-1471.html,"ISTANBUL AIRPORT to Kuala Lumpur - Sun, Jun 01",10 h 10 min,0,USD 198,6:00 PM,9:10 AM,Operated by Turkish Airlines
flights_html/gotogate-1661.html,Memphis - Nice,24 h 12 min,3,"US$ 1,852.94",11:43 AM,06:55 PM,Spirit Airlines
flights_html/kayak-1994.html,Paris to Miami,7 h 50 min,1,"₫ 22,163,656",11:45,"Arrives Fri, 1 Aug",Delta
flights_html/tripadvisor-0254.html,Los Angeles - Dallas,3 h 23 min,0,$ 150,7:03 PM,12:26 AM,Frontier
flights_html/farecompare-1188.html,Atlanta - Phuket,3 h 50 min,3,$1579,4:10 PM,11:35 AM,Air Canada
flights_html/farecompare-0737.html,Albany - Geneva,1 h 40 min,2,$1269,4:20 PM,8:00 PM,British Airways
flights_html/farecompare-0141.html,Tokyo - Bangkok,4 h 25 min,5 Hours 45 Minutes Layover in PVG,$ 249,1:15 PM,12:30 AM,Juneyao
flights_html/cheapair-1743.html,Review Trip Details and Book,9 h 15 min,0,USD 46,"USD 1,134",,Air India
flights_html/tripadvisor-1561.html,New Delhi - Shanghai,11 h 15 min,1,$ 603,10:10 AM,11:55 PM,Multiple Airlines
flights_html/cheapair-0022.html,Review Trip Details and Book,15 h 20 min,1,USD 47,1 stop 12,,Operated by Shenzhen Airlines
flights_html/kayak-0974.html,,8 h 45 min,0,"₫ 32,679,276","from 32,679",,Delta
flights_html/gotogate-1260.html,Fort Myers - Tashkent,44 h 59 min,2,"US$ 2,339.84",07:21 PM,01:20 AM,Qatar Airways
flights_html/farecompare-1601.html,Bangor - Quito,1 h 40 min,2,$1043,5:12 PM,11:20 PM,Allegiant Air
flights_html/farecompare-2064.html,Charlotte - Turin,1 h 15 min,2,$1397,10:31 AM,9:05 PM,Lufthansa
flights_html/gotogate-0241.html,Atlanta - Oslo,12 h 25 min,1,"US$ 1,076.28",07:55 PM,02:20 PM,Scandinavian Airlines
flights_html/cheapair-0882.html,Review Trip Details and Book,27 h,1,USD 55,"USD 1,722",,Air China
flights_html/kayak-0327.html,Shanghai to Tokyo,3 h,0,"₫ 10,931,866",17:35,,SPRING JAPAN
flights_html/tripadvisor-0015.html,Singapore - Tokyo,10 h 5 min,1,$ 349,9:20 PM,8:25 AM,Multiple Airlines
flights_html/gotogate-1814.html,Milwaukee - Southampton,14 h 24 min,2,"US$ 2,233.57",12:16 PM,08:40 AM,American Airlines
flights_html/farecompare-0195.html,Miami - Mumbai,9 h 20 min,2,$1155,3:08 PM,7:30 AM,British Airways
flights_html/cheapair-1246.html,"Atlanta Hartsfield Jackson International Airport to Los Angeles Intl - Tue, Jun 03",4 h 41 min,0,USD 189,9:58 AM,11:39 AM,Frontier Airlines
flights_html/tripadvisor-0197.html,Hong Kong - London,15 h 40 min,1,$ 589,11:15 PM,7:55 AM,SWISS
flights_html/tripadvisor-0628.html,Bangkok - Kuala Lumpur,2 h 15 min,0,$ 188,6:45 PM,10:00 PM,AirAsia
flights_html/tripadvisor-1530.html,New Delhi - Melbourne,32 h 32 min,2,"$ 1,966",12:50 AM,11:52 PM,Air France
flights_html/gotogate-1303.html,Oahu Honolulu - Bangkok,21 h 25 min,1,US$ 718.40,09:45 AM,12:10 AM,Thai Lion Air
flights_html/cheapair-0318.html,"Tokyo Haneda to Shanghai Hongqiao - Sun, Jun 01",3 h 50 min,0,USD 876,2:30 PM,5:20 PM,China Eastern
flights_html/farecompare-2347.html,Charleston - Sydney,15 h 40 min,2,$2662,6:30 AM,7:20 AM,Air Canada
flights_html/cheapair-0168.html,"Los Angeles Intl to Paris - Sun, Jun 01",10 h 35 min,0,"USD 1,224",9:25 PM,5:00 PM,Norse Atlantic Airways
flights_html/cheapair-1080.html,"Beijing Capital to Kuala Lumpur - Sun, Jun 01",10 h 25 min,1,USD 32,2:30 PM,4:55 PM,Shanghai Airlines
flights_html/cheapair-0416.html,"Hong Kong to Kuala Lumpur - Sun, Jun 01",4 h 5 min,0,USD 15,6:30 PM,10:35 PM,Philippines AirAsia
flights_html/gotogate-1080.html,Cleveland (Oh) - Dakar,20 h 30 min,2,"US$ 3,234.09",08:10 PM,08:40 PM,Air Canada
flights_html/farecompare-1938.html,Boston - Sydney,10 h 20 min,2,$1417,7:35 PM,2:40 PM,Hawaiian
flights_html/farecompare-0830.html,Albany - Malta,3 h 15 min,2,$1559,6:55 PM,8:20 PM,British Airways
flights_html/kayak-0985.html,Atlanta to Paris,8 h 30 min,0,"₫ 32,693,524","from 32,693",,Air France
flights_html/kayak-1801.html,,14 h 35 min,0,"₫ 40,905,960","from 40,905",,Air France
flights_html/tripadvisor-1547.html,New Delhi - Melbourne,30 h 48 min,2,"$ 2,305",1:35 AM,10:53 PM,American
flights_html/cheapair-1857.html,"Chicago OHare to San Francisco Intl Airport - Sun, Jun 01",4 h 56 min,0,USD 306,7:40 AM,10:36 AM,American Airlines
flights_html/kayak-0749.html,,7 h 20 min,0,"₫ 21,578,520","from 21,578",,Etihad Airways
flights_html/tripadvisor-0426.html,Los Angeles - Newark,5 h 34 min,0,$ 648,6:00 AM,2:34 PM,United
flights_html/cheapair-0535.html,"Singapore Changi to Kuala Lumpur - Sun, Jun 01",1,0,USD 12,9:15 PM,10:30 PM,Scoot
flights_html/cheapair-0680.html,"Sydney to Seoul Incheon - Sun, Jun 01",26 h 5 min,1,USD 467,11:25,,Xiamen Airlines
flights_html/cheapair-1631.html,Review Trip Details and Book,7 h 10 min,0,"USD 1,438","USD 1,353",,Emirates Airline
flights_html/gotogate-1774.html,Memphis - Phuket,31 h 10 min,2,"US$ 2,134.78",12:40 PM,07:50 AM,Qatar Airways
flights_html/tripadvisor-1621.html,New Delhi - Hong Kong,5 h 35 min,0,$ 441,10:10 PM,6:15 AM,Air India
flights_html/cheapair-0509.html,"Shanghai Hongqiao to Brussels - Sun, Jun 01",17 h 50 min,1,USD 817,7:00 PM,9:30 PM,Hainan Airlines
flights_html/tripadvisor-1918.html,Frankfurt - Sao Paulo,18 h 30 min,1,"$ 1,144",6:30 AM,8:00 PM,Multiple Airlines
flights_html/kayak-2007.html,Paris to San Francisco,11 h 15 min,0,"₫ 22,486,270",16:00,"Arrives Fri, 1 Aug",Air France
flights_html/farecompare-0849.html,Albany - Luxembourg,50 min,2,$1708,2:43 PM,1:50 PM,Lufthansa
flights_html/tripadvisor-1377.html,Rome - Mumbai,19 h 45 min,1,$ 641,1:45 PM,1:00 PM,Multiple Airlines
flights_html/farecompare-1742.html,Boston - Porto,7 h 5 min,1 Hour 4 Minutes Layover in EWR,$ 749,7:09 PM,9:45 AM,United Airlines
flights_html/gotogate-1189.html,Glasgow (Mt) - Copenhagen,22 h,3,"US$ 3,799.80",07:40 AM,01:40 PM,Cape Air
flights_html/kayak-1311.html,Newark to Tokyo,13 h 45 min,0,"₫ 52,668,652",11:45,"Arrives Mon, 16 Jun",United Airlines
flights_html/tripadvisor-1937.html,Manila - Paris,19 h 35 min,1,"$ 1,235",11:55 PM,1:30 PM,Emirates
flights_html/farecompare-1404.html,Austin - Adelaide,6 h 35 min,2,$1786,8:11 PM,11:35 AM,Fiji Airways
flights_html/farecompare-0117.html,Singapore - Hangzhou,2 h 5 min,5 Hours 35 Minutes Layover in SZX,$ 295,8:50 PM,9:00 AM,China Southern
flights_html/kayak-0617.html,,11 h 35 min,0,"₫ 18,428,108","from 18,428",,Gulf Air
flights_html/gotogate-1414.html,Oahu Honolulu - Lisbon,24 h 20 min,2,"US$ 2,209.16",10:00 AM,09:20 PM,Hawaiian Airlines
flights_html/gotogate-0395.html,Austin (Tx) - Dubai,29 h 25 min,2,"US$ 1,346.71",07:00 AM,09:25 PM,Qatar Airways
flights_html/tripadvisor-1614.html,New Delhi - Hong Kong,5 h 30 min,0,$ 443,10:40 PM,6:40 AM,Cathay Pacific
flights_html/farecompare-1190.html,Atlanta - Chiang Mai,5 h 50 min,2,$1272,6:19 PM,11:00 PM,Spirit
flights_html/tripadvisor-1535.html,New Delhi - Melbourne,24 h 56 min,2,"$ 2,305",1:35 AM,5:01 PM,American
flights_html/tripadvisor-1527.html,New Delhi - Melbourne,29 h 27 min,2,"$ 1,981",3:55 AM,11:52 PM,KLM
flights_html/tripadvisor-1474.html,New Delhi - Sydney,24 h,1,$ 848,5:45 AM,10:15 AM,Qantas
flights_html/farecompare-1235.html,Atlanta - Adelaide,6 h 35 min,2,$1895,8:23 PM,11:35 AM,Fiji Airways
flights_html/tripadvisor-1728.html,Hanoi - Phu Quoc Island,2 h 10 min,0,$ 163,3:30 PM,5:40 PM,VietJet Air
flights_html/kayak-0346.html,Shanghai to Tokyo,3 h 5 min,0,"₫ 12,099,029",17:15,,China Eastern
flights_html/tripadvisor-0427.html,Los Angeles - Newark,5 h 16 min,0,$ 320,9:43 PM,5:59 AM,Hawaiian Airlines
flights_html/tripadvisor-1241.html,Rome - Seoul,15 h 10 min,1,"$ 1,032",9:10 PM,7:20 PM,Multiple Airlines
flights_html/cheapair-1838.html,"Chicago OHare to Par - Sun, Jun 01",25 h,6,"USD 1,222",12:00 PM,2:38 PM,Air Canada
flights_html/gotogate-0048.html,Albany (Ny) - Dublin,9 h 40 min,1,"US$ 1,786.30",07:40 PM,10:20 AM,United Airlines
flights_html/farecompare-2240.html,Charleston - Nice,1 h 30 min,2,$1446,4:55 PM,11:25 PM,Air Canada
flights_html/gotogate-1882.html,New York - Lima,8 h 5 min,,US$ 864.17,01:55 PM,09:00 PM,LATAM
flights_html/cheapair-0759.html,"Melbourne to Bangkok - Sun, Jun 01",15 h 20 min,1,USD 436,9:30 PM,3:30 AM,Scoot
flights_html/farecompare-2122.html,Charlotte - Adelaide,2 h 10 min,2,$2019,5:11 PM,12:05 PM,Spirit
flights_html/cheapair-1703.html,"New Delhi IGI to Dubai - Sun, Jun 01",3 h 30 min,0,USD 309,5:00 PM,7:00 PM,Air India
flights_html/cheapair-1651.html,"Dubai to Denver - Sun, Jun 01",24 h 50 min,1,"USD 1,040",12:40 AM,6:00 AM,Air France
flights_html/farecompare-0752.html,Albany - Barcelona,7 h 50 min,2,$1312,6:10 AM,9:20 AM,Air Canada
flights_html/cheapair-0037.html,Review Trip Details and Book,7 h 36 min,0,USD 90,11:59 PM,,VS Airline
flights_html/tripadvisor-0161.html,Hong Kong - Paris,17 h 10 min,1,$ 803,8:15 PM,7:25 AM,Air China
flights_html/gotogate-1909.html,Milwaukee - Dakar,32 h 31 min,2,"US$ 2,375.92",05:29 PM,07:00 AM,United Airlines
flights_html/gotogate-1367.html,Hawaii Kona - Prague,30 h 6 min,2,"US$ 2,381.11",09:44 PM,03:50 PM,Alaska Airlines
flights_html/gotogate-0566.html,Boston (Ma) - Turin,17 h 50 min,1,US$ 813.18,08:10 PM,08:00 PM,British Airways
flights_html/kayak-0781.html,,11 h 50 min,1,"₫ 17,671,762","from 17,671",,ITA Airways
flights_html/tripadvisor-1354.html,Rome - Mumbai,16 h 25 min,1,$ 662,11:10 AM,7:05 AM,Etihad
flights_html/gotogate-0469.html,Boston (Ma) - Brisbane,30 h 25 min,2,"US$ 1,672.21",10:20 AM,06:45 AM,Air Canada
flights_html/kayak-1907.html,Los Angeles to Singapore,13 h 55 min,1,"₫ 45,802,332",00:15,"Arrives Mon, 16 Jun",EVA Air
flights_html/kayak-1150.html,Seattle to Paris,9 h 50 min,1,"₫ 40,290,672",17:35,"Arrives Mon, 16 Jun",Delta
flights_html/farecompare-0978.html,Alexandria - Bristol,1 h 15 min,2,$1777,4:51 PM,10:05 PM,KLM
flights_html/tripadvisor-2014.html,Manila - Singapore,26 h 10 min,2,$ 689,5:50 AM,8:00 AM,Multiple Airlines
flights_html/tripadvisor-0724.html,- Kuala Lumpur,5 h 15 min,0,$ 400,1:50 PM,7:05 PM,Shanghai
flights_html/cheapair-1338.html,"Atlanta Hartsfield Jackson International Airport to Paris - Sun, Jun 01",8 h 30 min,0,USD 939,8:05 PM,10:35 AM,Air France
flights_html/gotogate-1126.html,Daytona Beach - Naples,14 h 11 min,2,"US$ 2,649.19",01:49 PM,10:00 AM,American Airlines
flights_html/cheapair-0311.html,"Tokyo Haneda to Shanghai Hongqiao - Sun, Jun 01",3 h 5 min,0,"USD 1,062",9:20 AM,11:25 AM,Japan Airlines
flights_html/kayak-1323.html,New York to Tokyo,1 h 34 min,1,"₫ 52,900,000",09:00,"Arrives Mon, 16 Jun",Air Canada
flights_html/tripadvisor-1150.html,Rome - Shanghai,14 h 5 min,1,$ 784,8:55 PM,5:00 PM,Air China
flights_html/tripadvisor-1670.html,Manila - London,38 h 5 min,1,"$ 1,019",11:55 AM,7:00 PM,China Southern
flights_html/cheapair-0941.html,"Shanghai Hongqiao to Atlanta Hartsfield Jackson International Airport - Sun, Jun 01",32 h 38 min,3,"USD 11,573",1:30 PM,3:45 PM,Operated by Air China
flights_html/kayak-0672.html,Abu Dhabi to Bangkok,3 h,1,"₫ 16,461,296",00:15,"Departs Fri, 1 Aug",Air India
flights_html/kayak-0847.html,,13 h 15 min,1,"₫ 14,307,496","from 14,307",,s Airline
flights_html/farecompare-0289.html,London - Brussels,1 h 50 min,5 Hours 0 Minutes Layover in BTS,$ 125,5:30 AM,3:40 PM,Air Bagan
flights_html/gotogate-1255.html,Oahu Honolulu - Moscow,33 h 25 min,3,"US$ 2,694.36",11:50 AM,10:15 AM,Asiana Airlines
flights_html/farecompare-0698.html,Albany - Helsinki,2 h 50 min,2,$1082,6:55 PM,5:50 PM,British Airways
flights_html/gotogate-0802.html,Chicago - Athens,23 h 25 min,3,"US$ 1,699.35",06:25 PM,01:50 AM,Air France
flights_html/kayak-1344.html,New York to Amsterdam,7 h 25 min,1,"₫ 16,164,312",18:00,"Arrives Mon, 16 Jun",Virgin Atlantic
flights_html/gotogate-0066.html,Albany (Ny) - Phuket,26 h 35 min,2,"US$ 1,810.23",05:15 AM,06:50 PM,American Airlines
flights_html/tripadvisor-1079.html,Al Ain - Rome,46 h 10 min,3,"$ 1,168",4:30 AM,12:40 AM,Multiple Airlines
flights_html/cheapair-0114.html,"New York Kennedy to Madrid Barajas - Mon, Jun 02",7 h 15 min,0,USD 706,4:45 PM,6:00 AM,British Airways
flights_html/farecompare-1777.html,Boston - Malta,3 h 15 min,8 Hours 45 Minutes Layover in LHR,$ 934,7:40 PM,8:20 PM,British Airways
flights_html/cheapair-1588.html,"Dubai to London Gatwick - Sun, Jun 01",7 h 35 min,0,"USD 1,150",2:45 AM,7:20 AM,Emirates Airline
flights_html/farecompare-1862.html,Boston - Dublin,6 h 35 min,6 Hours 34 Minutes Layover in YYZ,$ 546,12:05 PM,8:15 AM,Air Canada
flights_html/farecompare-0482.html,Los Angeles - Paris,8 h 5 min,45 Minutes Layover in MSP,$1015,1:25 PM,10:45 AM,KLM
flights_html/gotogate-2219.html,Fukuoka - Abu Dhabi,27 h 5 min,2,US$ 797.05,08:55 AM,07:00 AM,Etihad Airways
flights_html/farecompare-1623.html,Bangor - Johannesburg,15 h 5 min,10 Hours 43 Minutes Layover in EWR,$1462,8:15 AM,5:45 PM,United Airlines
flights_html/farecompare-0906.html,Albany - Da Nang,5 h 40 min,2,$3335,6:10 AM,12:40 PM,All Nippon
flights_html/farecompare-0417.html,Istanbul - Seoul,5 h 25 min,17 Hours 30 Minutes Layover in BKK,$ 775,4:30 PM,6:35 AM,Thai
flights_html/gotogate-2122.html,Hong Kong Island - Newcastle Upon Tyne,24 h 5 min,1,"US$ 1,615.23",07:00 PM,12:05 PM,Emirates Airlines
flights_html/kayak-1178.html,Seattle to Paris,9 h 55 min,0,"₫ 48,260,000",18:45,"Arrives Mon, 16 Jun",Air France
flights_html/cheapair-0425.html,"Hong Kong to Kuala Lumpur - Sun, Jun 01",4 h,0,USD 458,11:55 AM,3:55 PM,Philippines AirAsia
flights_html/cheapair-1584.html,"Dubai to London Gatwick - Sun, Jun 01",7 h 50 min,0,"USD 1,112",2:55 PM,7:45 PM,Emirates Airline
flights_html/gotogate-2022.html,New York - Santiago De Chile,10 h 30 min,,US$ 819.18,08:15 PM,06:45 AM,LATAM
flights_html/kayak-1810.html,,14 h 15 min,0,"₫ 46,038,108","from 46,038",,Lufthansa
flights_html/farecompare-1675.html,Boston - Geneva,1 h 45 min,1 Hour 45 Minutes Layover in LHR,$ 797,7:40 PM,11:50 AM,British Airways
flights_html/cheapair-0908.html,Review Trip Details and Book,18 h 20 min,0,USD 776,1:20 PM,,Cathay Pacific
flights_html/cheapair-1478.html,"ISTANBUL AIRPORT to Kuala Lumpur - Sun, Jun 01",13 h 45 min,1,"USD 1,038",1:20 PM,4:55 AM,Singapore Airlines
flights_html/gotogate-1450.html,Oahu Honolulu - Chiang Mai,28 h 45 min,2,"US$ 1,210.13",11:35 AM,09:20 AM,All Nippon Airways
flights_html/gotogate-0163.html,Alexandria (La) - Phuket,28 h 25 min,2,"US$ 1,919.73",06:25 PM,10:50 AM,American Airlines
flights_html/kayak-1398.html,New York to Bangkok,15 h 45 min,1,"₫ 35,232,384",12:55,"Arrives Mon, 16 Jun",Asiana Airlines
flights_html/gotogate-1396.html,Oahu Honolulu - Hannover,26 h 55 min,2,"US$ 2,287.59",06:20 AM,09:15 PM,British Airways
flights_html/tripadvisor-0656.html,Bangkok - Hanoi,1 h 50 min,0,$,6:40 AM,8:30 AM,Thai AirAsia
flights_html/cheapair-1029.html,"Beijing Capital to Hanoi - Sun, Jun 01",3 h 55 min,0,USD 921,3:45 PM,6:40 PM,Operated by Vietnam Airlines
flights_html/farecompare-0035.html,New York - Paris,7 h 25 min,1 Hour 25 Minutes Layover in MUC,$ 640,5:40 PM,7:05 AM,United Airlines
flights_html/kayak-1946.html,,11 h 15 min,0,"₫ 22,548,000","from 22,548",,Air France
flights_html/tripadvisor-0234.html,Hong Kong - London,18 h 25 min,1,$ 783,7:45 AM,7:10 PM,Thai Airways Intl
flights_html/farecompare-1316.html,Austin - Lyon,7 h 15 min,2,$1278,7:00 AM,10:35 AM,Air Canada
flights_html/kayak-0267.html,Shanghai to Madrid,2 h 15 min,1,"₫ 27,754,000",08:55,"Arrives Fri, 1 Aug",Air China
flights_html/gotogate-0616.html,Charleston (Sc) - Bangkok,30 h 5 min,2,"US$ 2,974.66",09:35 AM,02:40 AM,Breeze Airways
flights_html/gotogate-2102.html,Hong Kong Island - Turin,29 h 25 min,2,"US$ 1,400.80",10:30 AM,09:55 AM,Air China
flights_html/cheapair-0444.html,"Hong Kong to Singapore Changi - Sun, Jun 01",3 h 50 min,0,USD 410,11:15 AM,3:05 PM,Cathay Pacific
flights_html/tripadvisor-1028.html,Brussels - Berlin,1 h 25 min,0,$ 219,6:20 AM,7:45 AM,Brussels Airlines
flights_html/farecompare-0688.html,Albany - Sofia,2 h 10 min,2,$1401,7:40 PM,11:15 AM,Lufthansa
flights_html/tripadvisor-0648.html,Bangkok - Hanoi,1 h 55 min,0,$ 120,6:25 PM,8:20 PM,Thai AirAsia
flights_html/cheapair-1508.html,"ISTANBUL AIRPORT to Paris - Sun, Jun 01",3 h 40 min,0,USD 628,10:10 AM,12:50 PM,Turkish Airlines
flights_html/farecompare-0086.html,Singapore - Paris,7 h 20 min,3 Hours 45 Minutes Layover in DXB,$ 853,9:00 PM,9:25 AM,Emirates
flights_html/farecompare-0527.html,Sao Paulo - Madrid,10 h,1 Hour 30 Minutes Layover in BOG,$1034,8:30 PM,11:30 AM,Azul Linhas Aéreas
flights_html/farecompare-1463.html,Austin - Montevideo,2 h 50 min,2,$ 857,6:11 PM,7:05 PM,Latam Airlines Group
flights_html/farecompare-0633.html,Orlando - Seattle,2 h 57 min,13 Hours 53 Minutes Layover in LAS,$ 378,7:25 PM,2:11 PM,Frontier
flights_html/farecompare-0918.html,Albany - Sydney,15 h 40 min,2,$2854,6:10 AM,7:20 AM,Air Canada
flights_html/kayak-0228.html,Shanghai to Madrid,2 h 15 min,1,"₫ 25,870,000",19:25,"Departs Mon, 16 Jun",Air China
flights_html/tripadvisor-0964.html,Brussels - Barcelona,2 h,0,$ 166,6:30 PM,8:30 PM,Brussels Airlines
flights_html/tripadvisor-0304.html,Los Angeles - Newark,5 h 34 min,0,$,6:00 AM,2:34 PM,United
flights_html/farecompare-2369.html,Charleston - Auckland,13 h 5 min,2,$2110,4:17 PM,7:10 AM,United Airlines
flights_html/kayak-0855.html,,10 h 25 min,1,"₫ 15,707,288","from 15,707",,s Airline
flights_html/tripadvisor-1508.html,New Delhi - Melbourne,32 h 32 min,2,"$ 1,703",12:50 AM,11:52 PM,Air France
flights_html/farecompare-0388.html,San Francisco - Delhi,14 h 20 min,2,$1079,7:10 AM,10:10 PM,Air Canada
flights_html/farecompare-0234.html,Sydney - New York,5 h 31 min,8 Hours 40 Minutes Layover in YVR,$1400,9:20 AM,11:56 PM,Air Canada
flights_html/cheapair-1601.html,"Dubai to Singapore Changi - Sun, Jun 01",7 h 55 min,0,USD 939,3:05 AM,3:00 PM,Emirates Airline
flights_html/kayak-0740.html,Abu Dhabi to Bangkok,1 h 10 min,1,"₫ 26,671,340",20:50,"Departs Mon, 16 Jun",Etihad Airways
flights_html/gotogate-1035.html,Daytona Beach - Dakar,29 h 33 min,2,"US$ 12,210.29",11:07 AM,08:40 PM,American Airlines
flights_html/gotogate-0612.html,Boston (Ma) - Lima,10 h 17 min,1,US$ 602.21,01:08 PM,10:25 PM,American Airlines
flights_html/farecompare-0566.html,John F Kennedy - Chicago,2 h 59 min,2 Hours 34 Minutes Layover in TPA,$ 210,11:30 AM,7:03 PM,Frontier
flights_html/cheapair-0362.html,"Tokyo Narita to Hanoi - Sun, Jun 01",5 h 35 min,0,USD 427,9:30 AM,1:05 PM,A.P.G. Distribution System
flights_html/farecompare-1828.html,Boston - Palermo,1 h 10 min,2,$ 808,5:05 PM,2:55 PM,Ita
flights_html/gotogate-1586.html,Hawaii Kona - Buenos Aires,26 h 59 min,2,"US$ 1,516.07",10:15 PM,08:14 AM,Copa Airlines
flights_html/cheapair-0219.html,"Los Angeles Intl to Frankfurt - Sun, Jun 01",11 h 15 min,0,USD 183,6:40 PM,2:55 PM,United Airlines
flights_html/cheapair-0286.html,"Tokyo Narita to Seoul Incheon - Sun, Jun 01",2 h 50 min,0,USD 284,6:20 PM,9:10 PM,Jeju Air
flights_html/cheapair-1758.html,Review Trip Details and Book,12 h 35 min,1,USD 57,"USD 1,183",,Gulf Air
flights_html/gotogate-1756.html,Las Vegas (NV) - Bristol,17 h 35 min,2,"US$ 1,411.91",12:35 PM,02:10 PM,Air Europa
flights_html/tripadvisor-0408.html,Los Angeles - New York City,10 h 42 min,1,$ 225,3:48 PM,5:30 AM,Frontier
flights_html/kayak-1830.html,Los Angeles to Singapore,1 h 30 min,1,"₫ 43,331,864",17:10,"Arrives Tue, 17 Jun",United Airlines
flights_html/farecompare-1860.html,Boston - Dublin,6 h 35 min,2 Hours 1 Minutes Layover in YYZ,$ 545,4:45 PM,8:15 AM,Air Canada
flights_html/farecompare-0089.html,Singapore - Paris,6 h 50 min,12 Hours 35 Minutes Layover in DOH,$ 910,10:30 AM,7:25 AM,Qatar
flights_html/cheapair-1633.html,Review Trip Details and Book,7 h 20 min,0,USD 80,"USD 1,355",,Air France
flights_html/gotogate-1373.html,Hawaii Kona - Bordeaux,31 h 5 min,2,"US$ 2,790.31",10:50 PM,05:55 PM,Lufthansa
flights_html/gotogate-0556.html,Boston (Ma) - Moscow,28 h 25 min,3,"US$ 1,889.03",12:15 PM,11:40 PM,Air Canada
flights_html/cheapair-1083.html,"Beijing Capital to Kuala Lumpur - Sun, Jun 01",10 h 25 min,1,USD 305,2:30 PM,4:55 PM,Shanghai Airlines
flights_html/cheapair-1486.html,"ISTANBUL AIRPORT to Singapore Changi - Sun, Jun 01",10 h 45 min,0,"USD 1,361",4:45 PM,8:30 AM,Turkish Airlines
flights_html/gotogate-2171.html,New York - Brisbane,30 h 15 min,1,"US$ 1,879.17",02:50 PM,11:05 AM,Cathay Pacific Airways
flights_html/farecompare-0522.html,Sao Paulo - Rio de Janeiro,1 h 5 min,,$ 92,11:45 AM,12:50 PM,GOL
flights_html/kayak-1294.html,Newark to Tokyo,13 h 45 min,0,"₫ 52,668,652",11:45,"Arrives Mon, 16 Jun",United Airlines
flights_html/gotogate-0372.html,Austin (Tx) - Lisbon,21 h 51 min,2,"US$ 1,302.99",07:14 AM,11:05 AM,Spirit Airlines
flights_html/gotogate-0021.html,Albany (Ny) - Bremen,14 h 25 min,2,"US$ 2,275.94",07:40 PM,04:05 PM,Lufthansa
flights_html/gotogate-2002.html,New York - Da Nang,32 h 10 min,3,"US$ 1,559.98",12:35 AM,07:45 PM,Vietnam Airlines
flights_html/gotogate-1395.html,Hawaii Kona - Lisbon,24 h 5 min,2,"US$ 2,217.83",10:15 PM,09:20 AM,Air Canada
flights_html/tripadvisor-0338.html,Los Angeles - Newark,5 h 26 min,0,$ 332,2:23 PM,10:49 PM,Spirit
flights_html/cheapair-1189.html,"Seoul Incheon to San Francisco Intl Airport - Sun, Jun 01",11 h,0,"USD 1,893",4:50 PM,11:50 AM,Operated by United Airlines
flights_html/cheapair-1114.html,"Seoul Incheon to Kuala Lumpur - Sun, Jun 01",6 h 35 min,0,USD 56,11:00 AM,4:35 PM,Operated by Korean Air
flights_html/kayak-1697.html,Tokyo to London,3 h 5 min,1,"₫ 31,283,264",08:40,"Arrives Fri, 1 Aug",China Eastern
flights_html/cheapair-0195.html,Review Trip Details and Book,10 h 30 min,0,USD 115,"USD 1,254",,VS Airline
flights_html/gotogate-0967.html,Daytona Beach - Bucharest,22 h 53 min,2,"US$ 2,524.99",07:32 PM,01:25 AM,American Airlines
flights_html/farecompare-2394.html,Charleston - Nairobi,5 h 5 min,2,$1633,3:55 PM,6:40 AM,Qatar
flights_html/gotogate-0246.html,Atlanta - Addis Ababa,14 h 15 min,,"US$ 1,735.37",10:35 AM,07:50 AM,Ethiopian Airlines
flights_html/gotogate-0697.html,Chicago - Glasgow,31 h,1,"US$ 1,238.55",05:50 PM,06:50 AM,Porter Airlines
flights_html/gotogate-0640.html,Charleston (Sc) - Casablanca,12 h 10 min,2,"US$ 1,584.27",04:10 PM,09:20 AM,American Airlines
flights_html/gotogate-0945.html,Daytona Beach - Prague,18 h 3 min,2,"US$ 1,829.31",11:07 AM,11:10 AM,American Airlines
flights_html/gotogate-1985.html,New York - Dublin,15 h,1,US$ 808.49,10:05 PM,06:05 PM,Norse Atlantic Airways
flights_html/farecompare-2289.html,Charleston - Southampton,1 h 10 min,3,$1066,9:42 AM,5:50 PM,Spirit
flights_html/farecompare-0668.html,Houston - Dallas,2 h 5 min,6 Hours 19 Minutes Layover in DEN,$ 180,10:04 PM,9:11 AM,Frontier
flights_html/kayak-1913.html,,21 h 5 min,1,"₫ 46,882,000","from 46,882",,s Airline
flights_html/farecompare-2348.html,Charleston - Sydney,15 h 40 min,2,$2662,6:30 AM,7:20 AM,Air Canada
flights_html/farecompare-1564.html,Bangor - Adelaide,12 h 55 min,2,$4215,4:00 PM,3:50 PM,Qatar
flights_html/tripadvisor-0520.html,New York City - Paris,10 h 20 min,1,$ 578,9:30 PM,1:50 PM,Virgin Atlantic
flights_html/farecompare-2160.html,Charlotte - Sydney,4 h 45 min,2,$2478,6:15 PM,11:45 AM,Fiji Airways
flights_html/gotogate-1018.html,Cleveland (Oh) - Oslo,23 h 55 min,2,"US$ 1,186.11",03:50 PM,09:45 PM,Norwegian Air Shuttle
flights_html/kayak-0952.html,Atlanta to London,8 h 25 min,0,"₫ 31,398,188",21:45,"Arrives Mon, 16 Jun",KLM
flights_html/kayak-0629.html,Abu Dhabi to Bangkok,1 h 10 min,1,"₫ 21,948,568",17:40,"Arrives Mon, 16 Jun",Qatar Airways
flights_html/kayak-1844.html,Los Angeles to Singapore,1 h 32 min,1,"₫ 43,331,864",19:25,"Arrives Tue, 17 Jun",United Airlines
flights_html/gotogate-1558.html,Hawaii Kona - Southampton,32 h 55 min,2,"US$ 2,689.48",07:40 PM,03:35 PM,United Airlines
flights_html/cheapair-0526.html,"Singapore Changi to Kuala Lumpur - Sun, Jun 01",1 h 15 min,0,USD 109,9:15 PM,10:30 PM,Scoot
flights_html/farecompare-0084.html,Singapore - Paris,7 h 20 min,23 Hours 10 Minutes Layover in DXB,$ 815,1:40 AM,9:25 AM,Emirates
flights_html/kayak-1568.html,Tokyo to Incheon,2 h 35 min,0,"₫ 7,495,000",12:30,,AIR PREMIA
flights_html/gotogate-2139.html,New York - Leipzig,11 h 45 min,1,US$ 881.28,04:05 PM,09:50 AM,Norse Atlantic Airways
flights_html/kayak-1353.html,New York to Amsterdam,1 h 21 min,1,"₫ 23,393,006",13:59,"Arrives Mon, 16 Jun",KLM
flights_html/gotogate-1347.html,Oahu Honolulu - Dakar,21 h 35 min,2,"US$ 2,691.04",11:25 PM,07:00 AM,United Airlines
flights_html/kayak-1176.html,Seattle to Paris,9 h 55 min,0,"₫ 48,260,000",18:45,"Arrives Mon, 16 Jun",Air France
flights_html/cheapair-0285.html,"Tokyo Narita to Seoul Incheon - Sun, Jun 01",2 h 35 min,0,USD 284,1:55 PM,4:30 PM,Jeju Air
flights_html/gotogate-2080.html,New York - Hannover,10 h,1,"US$ 1,398.47",04:05 PM,08:05 AM,Norse Atlantic Airways
flights_html/cheapair-0932.html,"Shanghai Pu Dong to Atlanta Hartsfield Jackson International Airport - Sun, Jun 01",35 h 10 min,With,"USD 1,428","USD 1,428",,Korean Air
flights_html/gotogate-2168.html,Hong Kong Island - Algiers,28 h 50 min,2,"US$ 1,401.56",03:40 PM,01:30 PM,Saudi Arabian Airlines
flights_html/cheapair-1009.html,"Beijing Capital to Bangkok - Sun, Jun 01",5 h 10 min,0,USD 339,2:00 PM,6:10 PM,Air China
flights_html/kayak-0634.html,,6 h 30 min,0,"₫ 25,214,176","from 25,214",,Etihad Airways
flights_html/gotogate-0113.html,Alexandria (La) - Zagreb,43 h 15 min,2,"US$ 2,585.97",06:25 PM,08:40 PM,American Airlines
flights_html/cheapair-1658.html,"Dubai to Denver - Sun, Jun 01",24 h 50 min,1,"USD 1,043",12:40 AM,6:00 AM,Air France
flights_html/kayak-1042.html,Seattle to Paris,9 h,1,"₫ 21,968,136",19:35,"Arrives Mon,",r Lingus
flights_html/farecompare-0393.html,San Francisco - Delhi,14 h 20 min,2 Hours 15 Minutes Layover in YUL,$1232,11:25 AM,10:10 PM,Air Canada
flights_html/cheapair-1589.html,"Dubai to London Gatwick - Sun, Jun 01",7 h 35 min,0,"USD 1,150",2:45 AM,7:20 AM,Emirates Airline
flights_html/cheapair-1837.html,"Chicago OHare to Par - Sun, Jun 01",23 h,4,"USD 1,280",3:50 PM,6:32 PM,Air Canada
flights_html/tripadvisor-1731.html,Hanoi - Phu Quoc Island,2 h 5 min,0,$ 180,8:45 AM,10:50 AM,VietJet Air
flights_html/kayak-0068.html,,16 h 40 min,1,"₫ 29,509,000","from 29,509",,Gotogate
flights_html/farecompare-0252.html,London - Shanghai,2 h 25 min,8 Hours 45 Minutes Layover in PKX,$ 782,9:00 PM,1:25 AM,China Southern
flights_html/kayak-1354.html,New York to Amsterdam,1 h 21 min,1,"₫ 23,393,006",13:59,"Arrives Mon, 16 Jun",KLM
flights_html/farecompare-1728.html,Boston - Lisbon,7 h 5 min,2 Hours 6 Minutes Layover in YYZ,$ 988,7:00 PM,11:05 AM,Air Canada
flights_html/gotogate-0569.html,Boston (Ma) - Palermo,11 h 30 min,1,US$ 823.33,05:05 PM,10:35 AM,ITA Airways
flights_html/farecompare-1591.html,Bangor - Santiago,6 h 36 min,2,$1194,5:12 PM,2:47 AM,Allegiant Air
flights_html/gotogate-2203.html,Fukuoka - Geneva,23 h 5 min,1,"US$ 1,522.08",03:10 PM,07:15 AM,Air China
flights_html/tripadvisor-0047.html,Singapore - Tokyo,9 h 10 min,1,$ 404,9:45 AM,7:55 PM,Scoot
flights_html/gotogate-1623.html,Las Vegas (NV) - Lagos,37 h 12 min,2,"US$ 1,980.81",10:13 AM,07:25 AM,Qatar Airways
flights_html/tripadvisor-0054.html,Hong Kong - Seoul,3 h 50 min,0,$ 190,12:40 AM,5:30 AM,T'Way Airlines
flights_html/gotogate-2140.html,Hong Kong Island - Chiang Mai,2 h 55 min,,US$ 196.75,07:50 AM,09:45 AM,Hong Kong Express
flights_html/cheapair-0561.html,"Singapore Changi to Sydney - Sun, Jun 01",7 h 40 min,0,USD 245,9:00 PM,6:40 AM,Operated by Qantas Airways
flights_html/farecompare-1123.html,Atlanta - Cagliari,2 h 5 min,2,$1349,8:55 AM,6:35 PM,Air Canada
flights_html/kayak-1951.html,,10 h 10 min,0,"₫ 27,020,000","from 27,020",,Air France
flights_html/kayak-0037.html,Hong Kong to Madrid,3 h 30 min,1,"₫ 20,607,000",20:15,,Air China
flights_html/cheapair-0901.html,Review Trip Details and Book,19 h 30 min,1,"USD 1,307",1 stop 12,,Cathay Pacific
flights_html/tripadvisor-0386.html,Los Angeles - Dallas,3 h 6 min,0,$ 547,4:44 PM,9:50 PM,American
flights_html/tripadvisor-0674.html,Bangkok - Hanoi,6 h 20 min,1,$ 239,9:45 AM,4:05 PM,Multiple Airlines
flights_html/cheapair-0251.html,"Los Angeles Intl to Seoul Incheon - Sun, Jun 01",18 h 10 min,1,"USD 1,665",12:50 AM,5:45 AM,EVA Air
flights_html/gotogate-0039.html,Albany (Ny) - Luxembourg,14 h 40 min,2,"US$ 2,038.73",07:40 PM,04:20 PM,Lufthansa
flights_html/farecompare-0967.html,Alexandria - Helsinki,2 h 25 min,2,$1200,4:51 PM,5:40 PM,KLM
flights_html/farecompare-1280.html,Atlanta - Cairo,4 h 15 min,3,$1127,5:25 AM,11:10 PM,Spirit
flights_html/kayak-0371.html,Shanghai to Tokyo,3 h,0,"₫ 10,449,128",17:35,,SPRING JAPAN
flights_html/farecompare-1703.html,Boston - Barcelona,7 h 50 min,6 Hours 56 Minutes Layover in YYZ,$ 768,10:40 AM,9:20 AM,Air Canada
flights_html/farecompare-1733.html,Boston - Lisbon,7 h 5 min,2 Hours 6 Minutes Layover in YYZ,$ 991,7:00 PM,11:05 AM,Air Canada
flights_html/gotogate-0779.html,Cincinnati - Lagos,25 h 52 min,2,"US$ 2,214.93",10:23 AM,05:15 PM,United Airlines
flights_html/cheapair-1585.html,"Dubai to London Gatwick - Sun, Jun 01",7 h 50 min,0,"USD 1,112",2:55 PM,7:45 PM,Emirates Airline
flights_html/farecompare-0786.html,Albany - Lisbon,2 h 50 min,2,$1705,4:20 PM,6:05 PM,British Airways
flights_html/farecompare-1269.html,Atlanta - Brasilia,6 h 10 min,2,$ 795,9:20 AM,12:05 AM,Copa Airlines
flights_html/tripadvisor-0954.html,Brussels - Barcelona,2 h 10 min,0,$ 151,6:05 PM,8:15 PM,Vueling
flights_html/farecompare-0934.html,Albany - Algiers,2 h 45 min,2,$1346,6:55 PM,6:45 PM,British Airways
flights_html/farecompare-1017.html,Alexandria - Athens,10 h 55 min,7 Hours 15 Minutes Layover in ATL,$1455,6:09 AM,10:10 AM,KLM
flights_html/gotogate-0819.html,Cleveland (Oh) - Hannover,16 h 50 min,2,"US$ 1,536.16",08:10 PM,07:00 PM,Scandinavian Airlines
flights_html/cheapair-0316.html,Review Trip Details and Book,3 h 50 min,0,USD 865,2:30 PM,,Shanghai Airlines
flights_html/tripadvisor-1387.html,Rome - Mumbai,17 h 10 min,1,$ 646,10:50 PM,7:30 PM,ETIHAD
flights_html/farecompare-1229.html,Atlanta - Adelaide,6 h 35 min,2,$1817,4:34 PM,11:35 AM,Frontier
flights_html/gotogate-0682.html,Chicago - Malta,28 h 42 min,3,"US$ 1,744.62",01:08 PM,12:50 AM,Air France
flights_html/cheapair-1323.html,Review Trip Details and Book,2 h 13 min,0,USD 134,4:46 PM,,Spirit Airlines
flights_html/farecompare-1609.html,Bangor - Montevideo,2 h 50 min,2,$2445,12:24 PM,7:05 PM,Allegiant Air
flights_html/farecompare-0407.html,Istanbul - New York,9 h 20 min,21 Hours 0 Minutes Layover in WAW,$ 465,1:55 PM,3:45 PM,LOT
flights_html/kayak-0608.html,Abu Dhabi to Bangkok,1 h 10 min,1,"₫ 15,945,897",05:45,,body
flights_html/kayak-1417.html,New York to Singapore,13 h 40 min,1,"₫ 39,141,344",11:55,"Arrives Mon, 16 Jun",Air India
flights_html/gotogate-0908.html,Cincinnati - Porto,14 h 50 min,1,"US$ 1,855.10",01:30 PM,09:20 AM,Air Canada
flights_html/gotogate-0175.html,Alexandria (La) - Auckland,23 h,2,"US$ 2,420.45",06:25 PM,10:25 AM,American Airlines
flights_html/farecompare-1145.html,Atlanta - Dubai,13 h 25 min,2,$ 874,8:55 AM,7:45 PM,Air Canada
flights_html/farecompare-1236.html,Atlanta - Brisbane,4 h 20 min,2,$1584,6:00 AM,10:35 AM,Spirit
flights_html/cheapair-1031.html,"Beijing Capital to Hanoi - Sun, Jun 01",4 h 5 min,0,USD 313,8:50 AM,11:55 AM,Air China
flights_html/gotogate-0207.html,Atlanta - Brussels,23 h 49 min,3,"US$ 1,342.45",04:46 PM,10:35 PM,Spirit Airlines
flights_html/kayak-0263.html,,18 h 55 min,1,"₫ 27,530,882","from 27,530",,Lufthansa
flights_html/gotogate-0098.html,Albany (Ny) - Dakar,31 h 20 min,1,"US$ 2,341.62",07:40 PM,07:00 AM,United Airlines
flights_html/tripadvisor-0080.html,Hong Kong - Seoul,3 h 40 min,0,$ 316,12:45 AM,5:25 AM,Korean Air
flights_html/tripadvisor-1015.html,Brussels - Paris,1 h 5 min,0,$ 444,6:25 AM,7:30 AM,Brussels Airlines
flights_html/tripadvisor-0736.html,Shanghai - Kuala Lumpur,5 h 40 min,0,$ 468,1:35 AM,7:15 AM,AirAsia X
flights_html/farecompare-0071.html,New York - Tokyo,10 h,2,$1534,8:17 PM,2:55 PM,Air Canada
flights_html/gotogate-1387.html,Hawaii Kona - Stockholm,27 h 1 min,2,"US$ 2,081.59",09:44 PM,12:45 PM,Alaska Airlines
flights_html/farecompare-0766.html,Albany - Madrid,8 h 26 min,10 Hours 25 Minutes Layover in ATL,$1321,6:13 AM,9:35 AM,Virgin Atlantic
flights_html/gotogate-1922.html,New York - Tallinn,11 h 35 min,1,US$ 960.37,11:55 PM,06:30 PM,Norse Atlantic Airways
flights_html/farecompare-0169.html,Atlanta - Miami,2 h 10 min,,$ 118,6:25 PM,8:35 PM,Frontier
flights_html/kayak-0857.html,,15 h 25 min,1,"₫ 15,710,479","from 15,710",,s Airline
flights_html/gotogate-1321.html,Oahu Honolulu - Buenos Aires,23 h 48 min,2,"US$ 1,449.87",03:20 PM,10:08 PM,Copa Airlines
flights_html/kayak-0326.html,Shanghai to Tokyo,2 h 50 min,0,"₫ 10,880,052",19:10,,Spring Airlines
flights_html/tripadvisor-0170.html,Hong Kong - Paris,15 h 40 min,1,$ 856,11:15 PM,8:55 AM,SWISS
flights_html/kayak-0884.html,Abu Dhabi to London,1 h 10 min,1,"₫ 19,351,556",12:25,,Qatar Airways
flights_html/tripadvisor-0174.html,Hong Kong - Paris,26 h 55 min,1,$ 748,10:30 AM,7:25 AM,Air China
flights_html/kayak-1973.html,,13 h 59 min,1,"₫ 20,357,000","from 20,357",,Air France
flights_html/gotogate-2001.html,New York - Southampton,15 h 50 min,2,"US$ 1,206.27",10:05 PM,06:55 PM,Norse Atlantic Airways
flights_html/farecompare-2242.html,Charleston - Bremen,55 min,3,$1074,9:42 AM,5:40 PM,Spirit
flights_html/farecompare-1578.html,Bangor - Auckland,12 h 50 min,2,$2948,8:15 AM,6:00 AM,United Airlines
flights_html/cheapair-1398.html,"Atlanta Hartsfield Jackson International Airport to Sao Paulo Guarulhos - Sun, Jun 01",16 h 5 min,1,"USD 1,401",4:10 PM,6:22 PM,Air Canada
flights_html/farecompare-1471.html,Austin - Nairobi,5 h,2,$1567,6:15 PM,12:40 PM,JetBlue
flights_html/kayak-0122.html,Hong Kong to Madrid,3 h 25 min,1,"₫ 22,542,000",10:30,"Arrives Fri, 1 Aug",Air China
flights_html/tripadvisor-1698.html,Manila - London,21 h 25 min,1,"$ 1,375",11:45 PM,2:10 PM,Qatar Airways
flights_html/gotogate-0461.html,Bangor - Luxembourg,19 h 45 min,2,"US$ 2,093.44",08:15 AM,10:00 AM,United Airlines
flights_html/gotogate-0863.html,Cleveland (Oh) - Nottingham,24 h 18 min,2,"US$ 1,295.50",04:32 PM,09:50 PM,Aer Lingus
flights_html/tripadvisor-1340.html,Rome - Mumbai,19 h 45 min,1,$ 440,1:45 PM,1:00 PM,Multiple Airlines
flights_html/gotogate-1986.html,New York - Southampton,10 h 15 min,1,"US$ 1,701.99",05:30 PM,08:45 AM,Virgin Atlantic
flights_html/farecompare-2307.html,Charleston - Adelaide,1 h 20 min,2,$2555,7:04 PM,9:25 AM,Qantas
flights_html/gotogate-0201.html,Atlanta - Prague,14 h 40 min,1,"US$ 1,451.84",09:45 PM,06:25 PM,Turkish Airlines
flights_html/farecompare-0981.html,Alexandria - Geneva,1 h 30 min,2,$1395,4:51 PM,4:30 PM,KLM
flights_html/tripadvisor-1190.html,Rome - Shanghai,14 h 5 min,1,$ 784,8:55 PM,5:00 PM,Air China
flights_html/farecompare-0181.html,Atlanta - Miami,2 h 40 min,1 Hour 26 Minutes Layover in IAH,$ 216,7:30 AM,1:48 PM,Spirit
flights_html/tripadvisor-1338.html,Rome - New Delhi,13 h 20 min,1,$ 725,10:40 PM,3:30 PM,Qatar
flights_html/kayak-0621.html,Abu Dhabi to Bangkok,1 h 10 min,1,"₫ 19,233,644",17:40,,Qatar Airways
flights_html/cheapair-1412.html,"Atlanta Hartsfield Jackson International Airport to Barcelona - Mon, Jun 02",11 h 25 min,1,USD 861,3:35 PM,,Operated by Delta Air Lines
flights_html/kayak-0194.html,Shanghai to London,2 h 15 min,1,"₫ 30,988,000",19:25,"Departs Mon, 16 Jun",Air China
flights_html/kayak-1105.html,Seattle to,16 h 45 min,0,"₫ 39,272,540","from 39,272",,Delta
flights_html/gotogate-1693.html,Memphis - Naples,23 h 26 min,2,"US$ 1,657.92",01:14 PM,07:40 PM,Spirit Airlines
flights_html/gotogate-1761.html,Memphis - Addis Ababa,31 h 7 min,2,"US$ 1,948.54",02:48 PM,05:55 AM,United Airlines
flights_html/kayak-0911.html,Atlanta to London,8 h 22 min,0,"₫ 31,398,188",17:23,"Arrives Mon, 16 Jun",KLM
flights_html/gotogate-1470.html,Oahu Honolulu - Rio De Janeiro,25 h 45 min,2,"US$ 1,394.77",03:30 PM,12:15 AM,Copa Airlines
flights_html/kayak-1201.html,Newark to Tokyo,13 h 45 min,0,"₫ 54,546,000",11:45,"Arrives Mon, 16 Jun",ANA
flights_html/tripadvisor-0686.html,Bangkok - Hanoi,1 h 45 min,0,$ 190,10:05 AM,11:50 AM,Thai AirAsia
flights_html/kayak-0905.html,Atlanta to London,8 h 22 min,0,"₫ 31,398,188",17:23,"Arrives Mon, 16 Jun",KLM
flights_html/tripadvisor-1705.html,Manila - London,20 h 35 min,1,"$ 1,401",11:45 PM,1:20 PM,Qatar Airways
flights_html/gotogate-1258.html,Fort Myers - Chiang Mai,37 h 50 min,3,"US$ 3,361.45",08:30 AM,09:20 AM,American Airlines
flights_html/kayak-0205.html,,12 h 20 min,0,"₫ 35,620,984","from 35,620",,Air France
flights_html/farecompare-0037.html,New York - Paris,7 h 25 min,2 Hours 30 Minutes Layover in MUC,$ 640,5:40 PM,7:05 AM,United Airlines
flights_html/gotogate-1707.html,Memphis - Leipzig,21 h 46 min,3,"US$ 1,858.66",01:14 PM,06:00 PM,Spirit Airlines
flights_html/cheapair-1218.html,Review Trip Details and Book,5 h 19 min,0,USD 50,7:00 AM,,Alaska Airlines
flights_html/gotogate-1057.html,Fort Myers - Prague,26 h 15 min,2,"US$ 1,488.01",11:50 AM,08:05 PM,Air Canada
flights_html/farecompare-2022.html,Charlotte - Tallinn,2 h 20 min,2,$1119,9:55 AM,6:15 PM,Frontier
flights_html/cheapair-0957.html,"Shanghai Pu Dong to Seoul Incheon - Sun, Jun 01",2 h 5 min,0,USD 202,12:50 PM,3:55 PM,Spring Airlines
flights_html/farecompare-2285.html,Charleston - Liverpool,55 min,2,$1325,11:00 AM,11:50 AM,JetBlue
flights_html/kayak-0017.html,Hong Kong to London,3 h 25 min,1,"₫ 24,715,000",10:30,"Arrives Fri, 1 Aug",Air China
flights_html/tripadvisor-1136.html,Al Ain - New York City,42 h 25 min,3,"$ 2,440",10:25 PM,8:50 AM,Multiple Airlines
flights_html/kayak-1594.html,,2 h 50 min,0,"₫ 6,450,000","fares 6,450",,T'way Air
flights_html/cheapair-1747.html,"New Delhi IGI to London Heathrow - Sun, Jun 01",9 h 45 min,0,"USD 1,014",11:15 AM,4:30 PM,Virgin Atlantic
flights_html/cheapair-1912.html,"Phuquoc to Singapore Changi - Sun, Jun 01",1 h 45 min,0,USD 168,3:45 PM,6:30 PM,Viet
flights_html/cheapair-1326.html,Review Trip Details and Book,2 h 28 min,0,USD 136,5:01 AM,,Frontier Airlines
flights_html/cheapair-0188.html,Review Trip Details and Book,10 h 25 min,0,"USD 1,439","USD 1,140",,Operated by American Airlines
flights_html/tripadvisor-1232.html,Rome - Seoul,11 h 55 min,0,"$ 1,005",9:15 PM,4:10 PM,T'Way Airlines
flights_html/gotogate-0437.html,Bangor - Helsinki,21 h 35 min,2,"US$ 1,432.09",08:15 AM,12:50 PM,United Airlines
flights_html/kayak-1049.html,Seattle to Paris,9 h 55 min,0,"₫ 39,170,208","from 39,170",,Air France
flights_html/kayak-1420.html,Newark to Bangkok,14 h,1,"₫ 39,466,052",09:00,,Air India
flights_html/kayak-1555.html,Tokyo to Incheon,2 h 40 min,0,"₫ 7,078,572",11:30,,Air Seoul
flights_html/cheapair-1081.html,"Beijing Capital to Kuala Lumpur - Sun, Jun 01",6 h 40 min,0,USD 346,4:20 PM,11:00 PM,Air China
flights_html/farecompare-1347.html,Austin - Turin,1 h 20 min,2,$1215,8:30 AM,6:15 PM,Air Canada
flights_html/kayak-0815.html,,7 h 40 min,0,"₫ 25,235,986","from 25,235",,Etihad Airways
flights_html/cheapair-1970.html,"Phuquoc to Shanghai Hongqiao - Sun, Jun 01",15 h 10 min,1,USD 491,9:00 PM,1:55 AM,China Eastern
flights_html/gotogate-1237.html,Oahu Honolulu - Bordeaux,23 h 45 min,2,"US$ 2,648.41",07:00 AM,06:45 PM,Air Canada
flights_html/tripadvisor-0374.html,Los Angeles - Dallas,3 h 23 min,0,$,7:03 PM,12:26 AM,Frontier
flights_html/farecompare-1808.html,Boston - Naples,1 h,2,$ 762,6:05 AM,2:20 PM,Ita
flights_html/gotogate-1427.html,Hawaii Kona - Fuzhou,17 h 22 min,2,"US$ 1,803.65",11:18 AM,10:40 PM,Hawaiian Airlines
flights_html/tripadvisor-0730.html,Shanghai - Kuala Lumpur,5 h 35 min,0,$ 448,2:25 AM,8:00 AM,Malaysia Airlines
flights_html/cheapair-1746.html,"New Delhi IGI to London Heathrow - Sun, Jun 01",9 h 15 min,0,"USD 1,000",2:45 AM,7:30 AM,Air India
flights_html/kayak-1242.html,New York to Incheon,15 h 45 min,0,"₫ 54,674,000",12:55,"Arrives Mon, 16 Jun",Asiana Airlines
flights_html/farecompare-0740.html,Albany - Geneva,1 h 40 min,2,$1269,6:55 PM,8:00 PM,British Airways
flights_html/cheapair-0360.html,"Tokyo Narita to Hanoi - Sun, Jun 01",5 h 35 min,0,USD 422,9:30 AM,1:05 PM,Viet
flights_html/kayak-0854.html,,11 h 30 min,1,"₫ 15,560,286","from 15,560",,s Airline
flights_html/tripadvisor-0796.html,Istanbul - Abu Dhabi,4 h 30 min,0,$ 273,10:25 PM,3:55 AM,Pegasus
flights_html/farecompare-0572.html,John F Kennedy - Chicago,3 h 8 min,19 Hours 2 Minutes Layover in MCO,$ 230,6:59 AM,7:09 AM,Frontier
flights_html/gotogate-1837.html,Milwaukee - Cagliari,25 h 41 min,3,"US$ 1,473.27",02:59 PM,11:40 PM,Spirit Airlines
flights_html/farecompare-0027.html,New York - Rome,1 h 30 min,1 Hour 10 Minutes Layover in ZRH,$ 828,9:50 PM,2:15 PM,Swiss
flights_html/gotogate-2189.html,New York - Lima,10 h 11 min,1,US$ 547.67,03:24 PM,12:35 AM,Avianca
flights_html/gotogate-0237.html,Atlanta - Buenos Aires,33 h 29 min,2,US$ 956.20,07:16 PM,05:45 AM,Spirit Airlines
flights_html/gotogate-0965.html,Daytona Beach - Madrid,17 h 15 min,1,"US$ 1,099.67",06:15 AM,05:30 AM,American Airlines
flights_html/cheapair-0576.html,"Singapore Changi to Jakarta - Sun, Jun 01",1 h 55 min,0,USD 266,9:20 PM,10:15 PM,Batik Air Indonesia
flights_html/gotogate-1464.html,Oahu Honolulu - Buenos Aires,23 h 38 min,2,"US$ 1,406.35",03:30 PM,10:08 PM,Copa Airlines
flights_html/kayak-0955.html,Atlanta to London,8 h 25 min,0,"₫ 31,398,188",21:45,"Arrives Mon, 16 Jun",KLM
flights_html/tripadvisor-1240.html,Rome - Seoul,18 h 10 min,2,$ 841,9:10 PM,10:20 PM,Multiple Airlines
flights_html/farecompare-1661.html,Boston - Eindhoven,2 h 15 min,3,$ 962,10:40 AM,10:40 PM,Air Canada
flights_html/farecompare-0979.html,Alexandria - Eindhoven,1 h 40 min,2,$3075,4:51 PM,10:10 PM,KLM
flights_html/gotogate-1514.html,Oahu Honolulu - Nice,21 h 40 min,2,"US$ 2,639.32",08:30 AM,06:10 PM,United Airlines
flights_html/kayak-0938.html,Atlanta to London,8 h 31 min,0,"₫ 29,455,182",23:59,"Arrives Mon, 16 Jun",Air France
flights_html/kayak-0903.html,Atlanta to London,8 h 22 min,0,"₫ 31,398,188","from 31,398",,Air France
flights_html/kayak-0838.html,,14 h,1,"₫ 12,295,812","from 12,295",,s Airline
flights_html/gotogate-0427.html,Bangor - Vienna,23 h 23 min,2,"US$ 2,782.84",05:12 PM,10:35 PM,American Airlines
flights_html/cheapair-0334.html,"Tokyo Narita to Beijing Capital - Sun, Jun 01",3 h 50 min,0,USD 826,3:15 PM,6:05 PM,Air China
flights_html/farecompare-2351.html,Charleston - Christchurch,3 h 10 min,3,$2342,4:55 PM,2:25 PM,Air Canada
flights_html/gotogate-0143.html,Alexandria (La) - Naples,16 h 26 min,2,"US$ 2,300.86",10:34 AM,10:00 AM,American Airlines
flights_html/farecompare-1132.html,Atlanta - Leipzig - Halle,1 h,2,$1364,8:55 AM,9:50 AM,Air Canada
flights_html/tripadvisor-0977.html,Brussels - Barcelona,2 h,0,$ 205,6:30 PM,8:30 PM,Brussels Airlines
flights_html/kayak-0948.html,,8 h 30 min,0,"₫ 31,391,710","from 31,391",,Delta
flights_html/kayak-1678.html,,14 h 35 min,0,"₫ 37,175,388","from 37,175",,Air France
flights_html/gotogate-1887.html,Milwaukee - Rio De Janeiro,18 h 10 min,1,"US$ 1,340.73",12:05 PM,08:15 AM,United Airlines
flights_html/cheapair-0813.html,"Melbourne to Hanoi - Sat, May 31",30 h 5 min,1,USD 437,11:35 AM,,Xiamen Airlines
flights_html/kayak-1210.html,,14 h,0,"₫ 57,105,000","from 57,105",,s Airline
flights_html/gotogate-1878.html,New York - Santiago De Chile,10 h 30 min,,US$ 819.18,08:15 PM,06:45 AM,LATAM
flights_html/kayak-1835.html,Los Angeles to Singapore,1 h 29 min,1,"₫ 46,803,368",18:40,"Arrives Tue, 17 Jun",United Airlines
flights_html/kayak-1619.html,,2 h 50 min,0,"₫ 6,940,842","from 6,940",,T'way Air
flights_html/cheapair-1123.html,"Seoul Incheon to Atlanta Hartsfield Jackson International Airport - Tue, Jun 03",29 h 38 min,2,"USD 1,015",5:45 PM,11:35 AM,AIR CANADA
flights_html/tripadvisor-0892.html,Singapore - Seoul,6 h 40 min,0,$ 374,2:15 AM,9:55 AM,T'Way Airlines
flights_html/farecompare-0119.html,Singapore - Hangzhou,2 h 25 min,2 Hours 35 Minutes Layover in HKG,$ 316,1:25 PM,10:35 PM,Cathay Pacific
flights_html/gotogate-2126.html,Hong Kong Island - Fuzhou,1 h 50 min,,US$ 382.60,08:30 AM,10:20 AM,Cathay Pacific Airways
flights_html/gotogate-1292.html,Fort Myers - Lagos,31 h 4 min,2,"US$ 2,565.81",07:21 PM,07:25 AM,Qatar Airways
flights_html/gotogate-0858.html,Chicago - Lagos,31 h,3,"US$ 3,597.57",06:25 PM,07:25 AM,Qatar Airways
flights_html/kayak-0455.html,Singapore to Bangkok,2 h 30 min,0,"₫ 3,030,311",17:55,,Scoot
flights_html/tripadvisor-0057.html,Hong Kong - Seoul,3 h 55 min,0,$ 226,8:55 AM,1:50 PM,Hong Kong Air
flights_html/farecompare-2082.html,Charlotte - Leipzig - Halle,1 h,3,$1171,9:04 AM,9:50 AM,Spirit
flights_html/gotogate-0137.html,Alexandria (La) - Malta,33 h 20 min,2,"US$ 2,428.83",06:25 PM,10:45 AM,American Airlines
flights_html/kayak-0370.html,Shanghai to Tokyo,2 h 55 min,0,"₫ 10,449,128",02:25,,SPRING JAPAN
flights_html/farecompare-1765.html,Boston - Malta,1 h 30 min,2,$ 803,5:05 PM,4:55 PM,Ita
flights_html/kayak-0104.html,,14 h 5 min,0,33,"from 33,828",,British Airways
flights_html/gotogate-1767.html,Memphis - Lagos,29 h 52 min,2,"US$ 1,958.81",07:33 PM,07:25 AM,Qatar Airways
flights_html/kayak-0674.html,Abu Dhabi to Bangkok,3 h 55 min,1,"₫ 19,664,084",18:25,,IndiGo
flights_html/farecompare-0122.html,Singapore - Hangzhou,2 h,2,$ 350,9:20 PM,12:05 AM,AirAsia
flights_html/farecompare-0708.html,Albany - Hannover,1 h 40 min,2,$1447,4:20 PM,10:45 AM,British Airways
flights_html/gotogate-2207.html,Fukuoka - Lisbon,18 h 5 min,1,"US$ 1,964.37",10:15 AM,08:20 PM,Korean Air
flights_html/tripadvisor-1890.html,Frankfurt - Sao Paulo,21 h 15 min,1,"$ 1,215",1:10 PM,5:25 AM,SWISS
flights_html/farecompare-1951.html,Boston - Sydney,15 h 10 min,2,$1911,6:00 AM,7:05 AM,Alaska
flights_html/tripadvisor-0801.html,Istanbul - Abu Dhabi,4 h 30 min,0,$ 326,10:25 PM,3:55 AM,Pegasus
flights_html/farecompare-1398.html,Austin - Adelaide,6 h 35 min,2,$1729,2:00 PM,11:35 AM,Alaska
flights_html/farecompare-0644.html,Orlando - Dallas,3 h 1 min,,$ 124,7:20 AM,9:21 AM,Spirit
flights_html/tripadvisor-0096.html,Singapore - Hanoi,3 h 30 min,0,$ 360,2:55 PM,5:25 PM,VietJet Air
flights_html/gotogate-2164.html,Hong Kong Island - Quito,54 h 45 min,2,"US$ 3,421.43",01:00 PM,06:45 AM,Asiana Airlines
flights_html/tripadvisor-0459.html,New York City - London,7 h 15 min,0,$ 604,7:30 PM,7:45 AM,British Airways
flights_html/kayak-1432.html,New York to Bangkok,15 h 30 min,1,"₫ 44,044,300",13:20,Arrives,Korean Air
flights_html/tripadvisor-0682.html,Bangkok - Hanoi,9 h 15 min,1,$ 224,3:55 PM,1:10 AM,Multiple Airlines
flights_html/tripadvisor-0202.html,Hong Kong - London,17 h 15 min,1,$ 760,11:25 PM,9:40 AM,Lufthansa
flights_html/cheapair-1941.html,"Phuquoc to Seoul Incheon - Sun, Jun 01",5 h 15 min,0,USD 212,5:55 PM,1:10 AM,Viet
flights_html/farecompare-2078.html,Charlotte - Dublin,6 h 35 min,2,$ 711,12:03 PM,8:15 AM,Spirit
flights_html/gotogate-0599.html,Boston (Ma) - Adelaide,27 h 48 min,2,"US$ 2,158.81",06:17 PM,11:35 AM,Fiji Airways
flights_html/kayak-0457.html,Singapore to Bangkok,2 h 30 min,0,"₫ 3,030,311",15:30,,Scoot
flights_html/farecompare-1848.html,Boston - Cagliari,2 h 5 min,5 Hours 10 Minutes Layover in FRA,$1082,10:00 PM,6:35 PM,Lufthansa
flights_html/tripadvisor-0084.html,Hong Kong - Seoul,3 h 40 min,0,$ 324,12:30 AM,5:10 AM,Asiana
flights_html/kayak-0324.html,Shanghai to Tokyo,3 h,0,"₫ 10,473,701",09:05,,SPRING JAPAN
flights_html/gotogate-1763.html,Memphis - Casablanca,12 h 36 min,1,"US$ 1,720.11",05:19 AM,11:55 PM,American Airlines
flights_html/gotogate-1311.html,Oahu Honolulu - Adelaide,18 h 10 min,1,"US$ 1,102.26",08:20 AM,10:00 PM,Jetstar Airways
flights_html/farecompare-1815.html,Boston - Naples,55 min,2,$ 798,5:05 PM,10:40 PM,Ita
flights_html/gotogate-0960.html,Cincinnati - Addis Ababa,27 h 20 min,2,"US$ 1,951.05",09:30 AM,07:50 PM,Air Canada
flights_html/cheapair-0230.html,"Los Angeles Intl to Tokyo Narita - Fri, May 30",11 h 15 min,0,"USD 1,190",10:45 AM,2:00 PM,United Airlines
flights_html/kayak-0993.html,Atlanta to Paris,8 h 40 min,0,"₫ 32,693,524","from 32,693",,Air France
flights_html/gotogate-0146.html,Alexandria (La) - Cagliari,18 h 10 min,2,"US$ 2,913.02",06:25 PM,07:35 PM,American Airlines
flights_html/gotogate-1239.html,Oahu Honolulu - Nice,35 h 50 min,3,"US$ 2,052.86",09:45 AM,09:35 AM,Thai Airways
flights_html/tripadvisor-0889.html,Singapore - Seoul,20 h 45 min,1,$ 241,9:20 PM,7:05 PM,Multiple Airlines
flights_html/farecompare-2329.html,Charleston - Brisbane,14 h 45 min,2,$3116,4:55 PM,7:05 AM,Air Canada
flights_html/tripadvisor-1222.html,Rome - Hong Kong,15 h 25 min,1,"$ 1,099",9:40 AM,7:05 AM,SWISS
flights_html/farecompare-0029.html,New York - Rome,1 h 30 min,1 Hour 10 Minutes Layover in ZRH,$ 828,9:50 PM,2:15 PM,Swiss
flights_html/kayak-1696.html,Tokyo to Frankfurt am Main,3 h 5 min,1,"₫ 30,905,960",20:00,"Departs Mon, 16 Jun",China Eastern
flights_html/gotogate-1388.html,Oahu Honolulu - Bordeaux,28 h 55 min,2,"US$ 2,410.29",05:15 PM,10:10 AM,United Airlines
flights_html/tripadvisor-1040.html,Brussels - Berlin,1 h 25 min,0,$ 268,6:20 AM,7:45 AM,Brussels Airlines
flights_html/gotogate-0674.html,Cincinnati - Prague,17 h 20 min,2,"US$ 1,767.15",04:30 PM,03:50 PM,Air Canada
flights_html/kayak-0431.html,Shanghai to Tokyo,(3,0,"₫ 13,365,455",07:55,,Shanghai Airlines
flights_html/gotogate-1800.html,Milwaukee - Brussels,13 h 50 min,2,"US$ 1,701.72",11:00 AM,07:50 AM,Air Canada
flights_html/farecompare-0363.html,London - Bangkok,4 h 20 min,5 Hours 45 Minutes Layover in BOM,$ 788,12:30 PM,1:35 PM,Air India
flights_html/cheapair-0597.html,"Singapore Changi to Dallas Fort Worth - Sun, Jun 01",21 h 5 min,1,"USD 1,283",8:05 AM,4:10 PM,Operated by Japan Airlines
flights_html/cheapair-1088.html,"Beijing Capital to Kuala Lumpur - Sun, Jun 01",10 h 10 min,1,USD 29,7:30 PM,9:55 PM,Operated by Shanghai Airlines
flights_html/kayak-0018.html,,16 h 40 min,0,27,"from 27,049",,Air France
flights_html/cheapair-1097.html,"Seoul Incheon to Kuala Lumpur - Thu, May 29",6 h 40 min,0,USD 250,6:50 AM,,Batik Air Malaysia
flights_html/gotogate-1114.html,Daytona Beach - Madrid,11 h 29 min,1,"US$ 2,779.08",12:01 PM,05:30 AM,American Airlines
flights_html/kayak-1255.html,New York to Tokyo,14 h,0,"₫ 62,769,688",02:00,"Arrives Mon, 16 Jun",United Airlines
flights_html/tripadvisor-0750.html,Shanghai - Seoul,2 h,0,$ 229,12:30 AM,3:30 AM,Eastar
flights_html/tripadvisor-1364.html,Rome - Mumbai,22 h 25 min,2,$ 482,6:45 AM,8:40 AM,Multiple Airlines
flights_html/tripadvisor-1279.html,Rome - Seoul,11 h 55 min,0,"$ 1,124",9:15 PM,4:10 PM,T'Way Airlines
