seed,file,name_presence,duration_presence,stops_presence,price_presence,departure_time_presence,arrival_time_presence,airline_presence,all7_presence
42,flights_html/tripadvisor-1856.html,100,100,100,100,100,100,100,100
42,flights_html/kayak-0351.html,100,100,100,100,100,100,100,100
42,flights_html/tripadvisor-0870.html,100,100,100,100,100,100,100,100
42,flights_html/kayak-1186.html,0,100,100,100,100,0,100,0
42,flights_html/gotogate-0726.html,100,100,100,100,100,100,100,100
42,flights_html/cheapair-1786.html,100,100,100,100,100,100,100,100
42,flights_html/tripadvisor-2033.html,100,100,100,100,100,100,100,100
42,flights_html/kayak-1108.html,100,100,100,100,100,100,100,100
42,flights_html/gotogate-0487.html,100,100,100,100,100,100,100,100
42,flights_html/cheapair-1577.html,100,100,100,100,100,100,100,100
42,flights_html/tripadvisor-1062.html,100,100,100,100,100,100,100,100
42,flights_html/tripadvisor-0498.html,100,100,100,100,100,100,100,100
42,flights_html/kayak-1810.html,0,100,100,100,100,0,100,0
42,flights_html/farecompare-0119.html,100,100,100,100,100,100,100,100
42,flights_html/cheapair-0002.html,100,100,100,100,100,0,100,0
42,flights_html/cheapair-0743.html,100,100,100,100,100,0,100,0
42,flights_html/farecompare-1957.html,100,100,100,100,100,100,100,100
42,flights_html/gotogate-0565.html,100,100,100,100,100,100,100,100
42,flights_html/kayak-1336.html,100,100,100,100,100,100,100,100
42,flights_html/gotogate-1827.html,100,100,100,100,100,100,100,100
42,flights_html/tripadvisor-0475.html,100,100,100,0,100,100,100,0
42,flights_html/kayak-0658.html,100,100,100,100,100,100,100,100
42,flights_html/cheapair-1489.html,100,100,100,100,100,100,100,100
42,flights_html/farecompare-0381.html,100,100,100,100,100,100,100,100
42,flights_html/tripadvisor-0988.html,100,100,100,100,100,100,100,100
42,flights_html/farecompare-0849.html,100,100,100,100,100,100,100,100
42,flights_html/farecompare-1324.html,100,100,100,100,100,100,100,100
42,flights_html/tripadvisor-0406.html,100,100,100,0,100,100,100,0
42,flights_html/tripadvisor-0671.html,100,100,100,100,100,100,100,100
42,flights_html/gotogate-0608.html,100,100,100,100,100,100,100,100
42,flights_html/cheapair-1527.html,100,100,100,100,100,100,100,100
42,flights_html/cheapair-1452.html,100,100,100,100,100,100,100,100
42,flights_html/gotogate-1431.html,100,100,100,100,100,100,100,100
42,flights_html/cheapair-0804.html,100,100,100,100,100,100,100,100
42,flights_html/farecompare-1232.html,100,100,100,100,100,100,100,100
42,flights_html/cheapair-1053.html,100,100,100,100,100,0,100,0
42,flights_html/kayak-0550.html,100,100,100,100,100,100,100,100
42,flights_html/tripadvisor-0616.html,100,100,100,100,100,100,100,100
42,flights_html/farecompare-2204.html,100,100,100,100,100,100,100,100
42,flights_html/farecompare-1981.html,100,100,100,100,100,100,100,100
42,flights_html/tripadvisor-1371.html,100,100,100,100,100,100,100,100
42,flights_html/farecompare-2135.html,100,100,100,100,100,100,100,100
42,flights_html/gotogate-2085.html,100,100,100,100,100,100,100,100
42,flights_html/cheapair-1879.html,100,100,100,100,100,100,100,100
42,flights_html/farecompare-1065.html,100,100,100,100,100,100,100,100
42,flights_html/gotogate-1594.html,100,100,100,100,100,100,100,100
42,flights_html/cheapair-0712.html,100,100,100,100,100,0,100,0
42,flights_html/gotogate-0270.html,100,100,100,100,100,100,100,100
42,flights_html/farecompare-1646.html,100,100,100,100,100,100,100,100
42,flights_html/kayak-1226.html,100,100,100,100,100,100,100,100
42,flights_html/gotogate-2201.html,100,100,100,100,100,100,100,100
42,flights_html/tripadvisor-1180.html,100,100,100,100,100,100,100,100
42,flights_html/tripadvisor-0726.html,100,100,100,100,100,100,100,100
42,flights_html/gotogate-0705.html,100,100,100,100,100,100,100,100
42,flights_html/tripadvisor-0691.html,100,100,100,100,100,100,100,100
42,flights_html/gotogate-1874.html,100,100,100,100,100,100,100,100
42,flights_html/tripadvisor-0565.html,100,100,100,0,100,100,100,0
42,flights_html/gotogate-1676.html,100,100,100,100,100,100,100,100
42,flights_html/kayak-1818.html,100,100,100,100,100,100,100,100
42,flights_html/farecompare-0054.html,100,100,100,100,100,100,100,100
42,flights_html/gotogate-1413.html,100,100,100,100,100,100,100,100
42,flights_html/farecompare-0451.html,100,100,100,100,100,100,100,100
42,flights_html/gotogate-0441.html,100,100,100,100,100,100,100,100
42,flights_html/gotogate-1036.html,100,100,100,100,100,100,100,100
42,flights_html/farecompare-1874.html,100,100,100,100,100,100,100,100
42,flights_html/kayak-1364.html,100,100,100,100,100,100,100,100
42,flights_html/kayak-1503.html,0,100,100,100,100,0,100,0
42,flights_html/kayak-1154.html,100,100,100,100,100,100,100,100
42,flights_html/farecompare-2287.html,100,100,100,100,100,100,100,100
42,flights_html/farecompare-0155.html,100,100,100,100,100,100,100,100
42,flights_html/cheapair-1295.html,100,100,100,100,100,0,100,0
42,flights_html/tripadvisor-1554.html,100,100,100,0,100,100,100,0
42,flights_html/gotogate-0704.html,100,100,100,100,100,100,100,100
42,flights_html/kayak-1856.html,0,100,100,100,100,0,100,0
42,flights_html/farecompare-1184.html,100,100,100,100,100,100,100,100
42,flights_html/kayak-1376.html,100,100,100,100,100,100,100,100
42,flights_html/cheapair-0691.html,100,100,100,100,100,100,100,100
42,flights_html/tripadvisor-1571.html,100,100,100,100,100,100,100,100
42,flights_html/tripadvisor-0762.html,100,100,100,100,100,100,100,100
42,flights_html/farecompare-1609.html,100,100,100,100,100,100,100,100
42,flights_html/cheapair-1380.html,100,100,100,100,100,100,100,100
42,flights_html/tripadvisor-0407.html,100,100,100,0,100,100,100,0
42,flights_html/tripadvisor-0221.html,100,100,100,100,100,100,100,100
42,flights_html/gotogate-0267.html,100,100,100,100,100,100,100,100
42,flights_html/gotogate-1417.html,100,100,100,100,100,100,100,100
42,flights_html/farecompare-2202.html,100,100,100,100,100,100,100,100
42,flights_html/farecompare-1948.html,100,100,100,100,100,100,100,100
42,flights_html/kayak-1241.html,100,100,100,100,100,100,100,100
42,flights_html/farecompare-1457.html,100,100,100,100,100,100,100,100
42,flights_html/farecompare-1638.html,100,100,100,100,100,100,100,100
42,flights_html/farecompare-0267.html,100,100,100,100,100,100,100,100
42,flights_html/farecompare-2010.html,100,100,100,100,100,100,100,100
42,flights_html/cheapair-0511.html,100,100,100,100,100,0,100,0
42,flights_html/gotogate-1884.html,100,100,100,100,100,100,100,100
42,flights_html/tripadvisor-0930.html,100,100,100,100,100,100,100,100
42,flights_html/cheapair-1939.html,100,100,100,100,100,100,100,100
42,flights_html/cheapair-0747.html,100,100,100,100,100,100,100,100
42,flights_html/farecompare-0570.html,100,100,100,100,100,100,100,100
42,flights_html/gotogate-0133.html,100,100,100,100,100,100,100,100
42,flights_html/cheapair-1953.html,100,100,100,100,100,0,100,0
42,flights_html/gotogate-1557.html,100,100,100,100,100,100,100,100
42,flights_html/gotogate-2015.html,100,100,100,100,100,100,100,100
42,flights_html/kayak-0882.html,0,100,100,100,100,0,100,0
42,flights_html/farecompare-1571.html,100,100,100,100,100,100,100,100
42,flights_html/gotogate-0420.html,100,100,100,100,100,100,100,100
42,flights_html/gotogate-2172.html,100,100,100,100,100,100,100,100
42,flights_html/farecompare-0036.html,100,100,100,100,100,100,100,100
42,flights_html/gotogate-1009.html,100,100,100,100,100,100,100,100
42,flights_html/farecompare-1552.html,100,100,100,100,100,100,100,100
42,flights_html/farecompare-1101.html,100,100,100,100,100,100,100,100
42,flights_html/cheapair-1716.html,100,100,100,100,100,100,100,100
42,flights_html/gotogate-0891.html,100,100,100,100,100,100,100,100
42,flights_html/gotogate-0714.html,100,100,100,100,100,100,100,100
42,flights_html/kayak-1905.html,100,100,100,100,100,100,100,100
42,flights_html/kayak-1527.html,100,100,100,100,100,100,100,100
42,flights_html/kayak-1554.html,100,100,100,100,100,100,100,100
42,flights_html/farecompare-1037.html,100,100,100,100,100,100,100,100
42,flights_html/cheapair-0050.html,100,100,100,100,100,100,100,100
42,flights_html/cheapair-1497.html,100,100,100,100,100,100,100,100
42,flights_html/cheapair-0832.html,100,100,100,100,100,100,100,100
42,flights_html/tripadvisor-0382.html,100,100,100,0,100,100,100,0
42,flights_html/tripadvisor-1840.html,100,100,100,100,100,100,100,100
42,flights_html/kayak-0666.html,100,100,100,100,100,100,100,100
42,flights_html/cheapair-0867.html,100,100,100,100,100,0,100,0
42,flights_html/gotogate-0751.html,100,100,100,100,100,100,100,100
42,flights_html/cheapair-0572.html,100,100,100,100,100,0,100,0
42,flights_html/farecompare-0432.html,100,100,100,100,100,100,100,100
42,flights_html/gotogate-0118.html,100,100,100,100,100,100,100,100
42,flights_html/tripadvisor-1814.html,100,100,100,100,100,100,100,100
42,flights_html/tripadvisor-1952.html,100,100,100,100,100,100,100,100
42,flights_html/farecompare-1605.html,100,100,100,100,100,100,100,100
42,flights_html/kayak-0559.html,100,100,100,100,100,100,100,100
42,flights_html/kayak-0701.html,100,100,100,100,100,0,100,0
42,flights_html/tripadvisor-0978.html,100,100,100,100,100,100,100,100
42,flights_html/tripadvisor-0079.html,100,100,100,100,100,100,100,100
42,flights_html/cheapair-1477.html,100,100,100,100,100,100,100,100
42,flights_html/farecompare-1390.html,100,100,100,100,100,100,100,100
42,flights_html/gotogate-1393.html,100,100,100,100,100,100,100,100
42,flights_html/tripadvisor-1308.html,100,100,100,100,100,100,100,100
42,flights_html/farecompare-1098.html,100,100,100,100,100,100,100,100
42,flights_html/kayak-1684.html,100,100,100,100,100,100,100,100
42,flights_html/gotogate-1495.html,100,100,100,100,100,100,100,100
42,flights_html/kayak-1380.html,0,100,100,100,100,0,100,0
42,flights_html/tripadvisor-1312.html,100,100,100,100,100,100,100,100
42,flights_html/kayak-1899.html,100,100,100,100,100,100,100,100
42,flights_html/farecompare-1751.html,100,100,100,100,100,100,100,100
42,flights_html/farecompare-0722.html,100,100,100,100,100,100,100,100
42,flights_html/tripadvisor-0781.html,100,100,100,100,100,100,100,100
42,flights_html/cheapair-1932.html,100,100,100,100,100,100,100,100
42,flights_html/tripadvisor-1433.html,100,100,100,100,100,100,100,100
42,flights_html/farecompare-1413.html,100,100,100,100,100,100,100,100
42,flights_html/tripadvisor-0837.html,100,100,100,100,100,100,100,100
42,flights_html/cheapair-1356.html,100,100,100,100,100,100,100,100
42,flights_html/gotogate-0341.html,100,100,100,100,100,100,100,100
42,flights_html/kayak-1627.html,0,100,100,100,100,100,100,0
42,flights_html/farecompare-0837.html,100,100,100,100,100,100,100,100
42,flights_html/gotogate-0055.html,100,100,100,100,100,100,100,100
42,flights_html/tripadvisor-0586.html,100,100,100,0,100,100,100,0
42,flights_html/tripadvisor-0765.html,100,100,100,100,100,100,100,100
42,flights_html/kayak-1529.html,100,100,100,100,100,100,100,100
42,flights_html/cheapair-1867.html,100,100,100,100,100,100,100,100
42,flights_html/kayak-1979.html,100,100,100,100,100,100,100,100
42,flights_html/farecompare-1102.html,100,100,100,100,100,100,100,100
42,flights_html/kayak-0537.html,100,100,100,100,100,100,100,100
42,flights_html/cheapair-0069.html,100,100,100,100,100,100,100,100
42,flights_html/tripadvisor-1219.html,100,100,100,100,100,100,100,100
42,flights_html/cheapair-0186.html,100,100,100,100,100,100,100,100
42,flights_html/gotogate-0440.html,100,100,100,100,100,100,100,100
42,flights_html/cheapair-0241.html,100,100,100,100,100,100,100,100
42,flights_html/kayak-1084.html,100,100,100,100,100,100,100,100
42,flights_html/kayak-0146.html,100,100,100,100,100,100,100,100
42,flights_html/tripadvisor-1815.html,100,100,100,100,100,100,100,100
42,flights_html/gotogate-1380.html,100,100,100,100,100,100,100,100
42,flights_html/kayak-1553.html,0,100,100,100,100,100,100,0
42,flights_html/gotogate-1923.html,100,100,100,100,100,100,100,100
42,flights_html/cheapair-0386.html,100,100,100,100,100,100,100,100
42,flights_html/tripadvisor-0344.html,100,100,100,100,100,100,100,100
42,flights_html/farecompare-2027.html,100,100,100,100,100,100,100,100
42,flights_html/gotogate-0986.html,100,100,100,100,100,100,100,100
42,flights_html/kayak-1223.html,100,100,100,100,100,100,100,100
42,flights_html/kayak-1301.html,100,100,100,100,100,100,100,100
42,flights_html/gotogate-1219.html,100,100,100,100,100,100,100,100
42,flights_html/kayak-0586.html,100,100,100,100,100,100,100,100
42,flights_html/cheapair-0079.html,100,100,100,100,100,100,100,100
42,flights_html/gotogate-2030.html,100,100,100,100,100,100,100,100
42,flights_html/kayak-1011.html,100,100,100,100,100,100,100,100
42,flights_html/cheapair-1020.html,100,100,100,100,100,0,100,0
42,flights_html/kayak-0529.html,100,100,100,100,100,100,100,100
42,flights_html/gotogate-0623.html,100,100,100,100,100,100,100,100
42,flights_html/cheapair-1172.html,100,100,100,100,100,0,100,0
42,flights_html/kayak-1316.html,100,100,100,100,100,100,100,100
42,flights_html/farecompare-0709.html,100,100,100,100,100,100,100,100
42,flights_html/farecompare-1934.html,100,100,100,100,100,100,100,100
42,flights_html/gotogate-2173.html,100,100,100,100,100,100,100,100
42,flights_html/tripadvisor-1438.html,100,100,100,100,100,100,100,100
42,flights_html/tripadvisor-1150.html,100,100,100,100,100,100,100,100
42,flights_html/tripadvisor-1892.html,100,100,100,100,100,100,100,100
42,flights_html/kayak-1446.html,100,100,100,100,100,100,100,100
42,flights_html/kayak-1585.html,100,100,100,100,100,100,100,100
42,flights_html/gotogate-0504.html,100,100,100,100,100,100,100,100
42,flights_html/gotogate-1653.html,100,100,100,100,100,100,100,100
42,flights_html/farecompare-2067.html,100,100,100,100,100,100,100,100
42,flights_html/tripadvisor-1962.html,100,100,100,100,100,100,100,100
42,flights_html/kayak-0723.html,100,100,100,100,100,100,100,100
42,flights_html/farecompare-1195.html,100,100,100,100,100,100,100,100
42,flights_html/tripadvisor-0241.html,100,100,100,100,100,100,100,100
42,flights_html/cheapair-1227.html,100,100,100,100,100,0,100,0
42,flights_html/cheapair-0135.html,100,100,100,100,100,100,100,100
42,flights_html/kayak-0945.html,100,100,100,100,100,100,100,100
42,flights_html/cheapair-0249.html,100,100,100,100,100,100,100,100
42,flights_html/farecompare-0940.html,100,100,100,100,100,100,100,100
42,flights_html/gotogate-1455.html,100,100,100,100,100,100,100,100
42,flights_html/tripadvisor-1336.html,100,100,100,100,100,100,100,100
42,flights_html/farecompare-1094.html,100,100,100,100,100,100,100,100
42,flights_html/farecompare-0396.html,100,100,100,100,100,100,100,100
42,flights_html/farecompare-0485.html,100,100,100,100,100,100,0,0
42,flights_html/kayak-0680.html,100,100,100,100,100,0,100,0
42,flights_html/cheapair-0451.html,100,100,100,100,100,100,100,100
42,flights_html/kayak-1493.html,100,100,100,100,100,100,100,100
42,flights_html/tripadvisor-0847.html,100,100,100,100,100,100,100,100
42,flights_html/kayak-1101.html,0,100,100,100,100,0,100,0
42,flights_html/farecompare-1238.html,100,100,100,100,100,100,100,100
42,flights_html/gotogate-1119.html,100,100,100,100,100,100,100,100
42,flights_html/farecompare-0414.html,100,100,100,100,100,100,100,100
42,flights_html/farecompare-0638.html,100,100,100,100,100,100,100,100
42,flights_html/cheapair-0657.html,100,100,100,100,100,0,100,0
42,flights_html/gotogate-0094.html,100,100,100,100,100,100,100,100
42,flights_html/gotogate-1388.html,100,100,100,100,100,100,100,100
42,flights_html/tripadvisor-1991.html,100,100,100,100,100,100,100,100
42,flights_html/tripadvisor-0059.html,100,100,100,100,100,100,100,100
42,flights_html/gotogate-2206.html,100,100,100,100,100,100,100,100
42,flights_html/gotogate-0821.html,100,100,100,100,100,100,100,100
42,flights_html/kayak-1471.html,100,100,100,100,100,100,100,100
42,flights_html/gotogate-1427.html,100,100,100,100,100,100,100,100
42,flights_html/kayak-1681.html,100,100,100,100,100,100,100,100
42,flights_html/gotogate-2157.html,100,100,100,100,100,100,100,100
42,flights_html/tripadvisor-0606.html,100,100,100,100,100,100,100,100
42,flights_html/cheapair-1344.html,100,100,100,100,100,100,100,100
42,flights_html/farecompare-0655.html,100,100,100,100,100,100,100,100
42,flights_html/gotogate-1462.html,100,100,100,100,100,100,100,100
42,flights_html/farecompare-0354.html,100,100,100,100,100,100,100,100
42,flights_html/kayak-0011.html,0,100,100,100,100,0,100,0
42,flights_html/tripadvisor-1319.html,100,100,100,100,100,100,100,100
42,flights_html/tripadvisor-1765.html,100,100,100,100,100,100,100,100
42,flights_html/farecompare-0423.html,100,100,100,100,100,100,100,100
42,flights_html/cheapair-0605.html,100,100,100,100,100,100,100,100
42,flights_html/gotogate-1237.html,100,100,100,100,100,100,100,100
42,flights_html/gotogate-1698.html,100,100,100,100,100,100,100,100
42,flights_html/tripadvisor-1313.html,100,100,100,100,100,100,100,100
42,flights_html/gotogate-2147.html,100,100,100,100,100,100,100,100
42,flights_html/gotogate-1432.html,100,100,100,100,100,100,100,100
42,flights_html/kayak-0452.html,100,100,100,100,100,100,100,100
42,flights_html/cheapair-1906.html,100,100,100,100,100,0,100,0
42,flights_html/tripadvisor-0415.html,100,100,100,100,100,100,100,100
42,flights_html/tripadvisor-0425.html,100,100,100,0,100,100,100,0
42,flights_html/gotogate-1724.html,100,100,100,100,100,100,100,100
42,flights_html/cheapair-0047.html,100,100,100,100,100,100,100,100
42,flights_html/gotogate-0234.html,100,100,100,100,100,100,100,100
42,flights_html/tripadvisor-0286.html,100,100,100,0,100,100,100,0
42,flights_html/tripadvisor-1761.html,100,100,100,100,100,100,100,100
42,flights_html/tripadvisor-1713.html,100,100,100,100,100,100,100,100
42,flights_html/gotogate-1083.html,100,100,100,100,100,100,100,100
42,flights_html/farecompare-2045.html,100,100,100,100,100,100,100,100
42,flights_html/gotogate-1608.html,100,100,100,100,100,100,100,100
42,flights_html/gotogate-1128.html,100,100,100,100,100,100,100,100
42,flights_html/tripadvisor-1102.html,100,100,100,100,100,100,100,100
42,flights_html/kayak-0762.html,0,100,100,100,100,0,100,0
42,flights_html/farecompare-0350.html,100,100,100,100,100,100,100,100
42,flights_html/cheapair-0275.html,100,100,100,100,100,100,100,100
42,flights_html/kayak-1123.html,100,100,100,100,100,0,100,0
42,flights_html/kayak-1365.html,100,100,100,100,100,100,100,100
42,flights_html/kayak-0311.html,100,100,100,100,100,100,100,100
42,flights_html/farecompare-0992.html,100,100,100,100,100,100,100,100
42,flights_html/gotogate-1451.html,100,100,100,100,100,100,100,100
42,flights_html/cheapair-1821.html,100,100,100,100,100,100,100,100
42,flights_html/cheapair-0103.html,100,100,100,100,100,0,100,0
42,flights_html/kayak-1064.html,100,100,100,100,100,100,100,100
42,flights_html/farecompare-0147.html,100,100,100,100,100,100,100,100
42,flights_html/farecompare-0586.html,100,100,100,100,100,100,100,100
42,flights_html/cheapair-1470.html,100,100,100,100,100,100,100,100
42,flights_html/cheapair-0030.html,100,100,100,100,100,0,100,0
42,flights_html/farecompare-1863.html,100,100,100,100,100,100,100,100
42,flights_html/tripadvisor-1838.html,100,100,100,100,100,100,100,100
42,flights_html/farecompare-1234.html,100,100,100,100,100,100,100,100
42,flights_html/cheapair-0140.html,100,100,100,100,100,0,100,0
42,flights_html/farecompare-1585.html,100,100,100,100,100,100,100,100
42,flights_html/farecompare-1575.html,100,100,100,100,100,100,100,100
42,flights_html/gotogate-0501.html,100,100,100,100,100,100,100,100
42,flights_html/gotogate-1706.html,100,100,100,100,100,100,100,100
42,flights_html/kayak-1781.html,100,100,100,100,100,100,100,100
42,flights_html/tripadvisor-0530.html,100,100,100,0,100,100,100,0
42,flights_html/gotogate-2040.html,100,100,100,100,100,100,100,100
42,flights_html/tripadvisor-1354.html,100,100,100,100,100,100,100,100
42,flights_html/farecompare-0157.html,100,100,100,100,100,100,100,100
42,flights_html/kayak-1090.html,100,100,100,100,100,100,100,100
42,flights_html/kayak-0808.html,0,100,100,100,100,100,100,0
42,flights_html/kayak-1630.html,100,100,100,100,100,100,100,100
42,flights_html/farecompare-0495.html,100,100,100,100,100,100,100,100
42,flights_html/gotogate-0639.html,100,100,100,100,100,100,100,100
42,flights_html/kayak-0718.html,100,100,100,100,100,100,100,100
42,flights_html/kayak-1109.html,100,100,100,100,100,100,100,100
42,flights_html/tripadvisor-1660.html,100,100,100,100,100,100,100,100
42,flights_html/cheapair-1522.html,100,100,100,100,100,100,100,100
42,flights_html/farecompare-2332.html,100,100,100,100,100,100,100,100
42,flights_html/tripadvisor-0158.html,100,100,100,100,100,100,100,100
42,flights_html/cheapair-0697.html,100,100,100,100,100,0,100,0
42,flights_html/kayak-0905.html,100,100,100,100,100,100,100,100
42,flights_html/kayak-0323.html,100,100,100,100,100,100,100,100
42,flights_html/tripadvisor-2024.html,100,100,100,100,100,100,100,100
42,flights_html/kayak-1940.html,0,100,100,100,100,0,100,0
42,flights_html/cheapair-1586.html,100,100,100,100,100,100,100,100
42,flights_html/tripadvisor-0753.html,100,100,100,100,100,100,100,100
42,flights_html/cheapair-0062.html,100,100,100,100,100,100,100,100
42,flights_html/cheapair-0416.html,100,100,100,100,100,100,100,100
42,flights_html/kayak-1487.html,100,100,100,100,100,100,100,100
42,flights_html/farecompare-1951.html,100,100,100,100,100,100,100,100
42,flights_html/cheapair-0040.html,100,100,100,100,100,100,100,100
42,flights_html/gotogate-0553.html,100,100,100,100,100,100,100,100
42,flights_html/farecompare-2293.html,100,100,100,100,100,100,100,100
42,flights_html/farecompare-1387.html,100,100,100,100,100,100,100,100
42,flights_html/tripadvisor-0082.html,100,100,100,100,100,100,100,100
42,flights_html/farecompare-2003.html,100,100,100,100,100,100,100,100
42,flights_html/tripadvisor-0139.html,100,100,100,100,100,100,100,100
42,flights_html/farecompare-0851.html,100,100,100,100,100,100,100,100
42,flights_html/gotogate-1824.html,100,100,100,100,100,100,100,100
42,flights_html/kayak-0371.html,100,100,100,100,100,100,100,100
42,flights_html/farecompare-1454.html,100,100,100,100,100,100,100,100
42,flights_html/kayak-0306.html,100,100,100,100,100,100,100,100
42,flights_html/gotogate-1273.html,100,100,100,100,100,100,100,100
42,flights_html/kayak-0352.html,100,100,100,100,100,100,100,100
42,flights_html/gotogate-0817.html,100,100,100,100,100,100,100,100
42,flights_html/farecompare-1633.html,100,100,100,100,100,100,100,100
42,flights_html/farecompare-1456.html,100,100,100,100,100,100,100,100
42,flights_html/cheapair-1565.html,100,100,100,100,100,100,100,100
42,flights_html/kayak-0870.html,100,100,100,100,100,100,100,100
42,flights_html/farecompare-0978.html,100,100,100,100,100,100,100,100
42,flights_html/farecompare-1794.html,100,100,100,100,100,100,100,100
42,flights_html/tripadvisor-1093.html,100,100,100,100,100,100,100,100
42,flights_html/tripadvisor-1712.html,100,100,100,100,100,100,100,100
42,flights_html/tripadvisor-0581.html,100,100,100,0,100,100,100,0
42,flights_html/farecompare-1851.html,100,100,100,100,100,100,100,100
42,flights_html/gotogate-0906.html,100,100,100,100,100,100,100,100
42,flights_html/tripadvisor-1489.html,100,100,100,100,100,100,100,100
42,flights_html/farecompare-1588.html,100,100,100,100,100,100,100,100
42,flights_html/cheapair-0969.html,100,100,100,100,100,100,100,100
42,flights_html/kayak-1721.html,100,100,100,100,100,100,100,100
42,flights_html/tripadvisor-1849.html,100,100,100,100,100,100,100,100
42,flights_html/gotogate-0769.html,100,100,100,100,100,100,100,100
42,flights_html/farecompare-0730.html,100,100,100,100,100,100,100,100
42,flights_html/gotogate-1075.html,100,100,100,100,100,100,100,100
42,flights_html/farecompare-0852.html,100,100,100,100,100,100,100,100
42,flights_html/gotogate-1865.html,100,100,100,100,100,100,100,100
42,flights_html/kayak-1400.html,100,100,100,100,100,100,100,100
42,flights_html/tripadvisor-1344.html,100,100,100,100,100,100,100,100
42,flights_html/tripadvisor-0260.html,100,100,100,100,100,100,100,100
42,flights_html/farecompare-0193.html,100,100,100,100,100,100,100,100
42,flights_html/tripadvisor-0655.html,100,100,100,100,100,100,100,100
42,flights_html/gotogate-1958.html,100,100,100,100,100,100,100,100
42,flights_html/kayak-0554.html,100,100,100,100,100,100,100,100
42,flights_html/farecompare-0862.html,100,100,100,100,100,100,100,100
42,flights_html/tripadvisor-0913.html,100,100,100,100,100,100,100,100
42,flights_html/kayak-0166.html,100,100,100,100,100,0,100,0
42,flights_html/gotogate-1064.html,100,100,100,100,100,100,100,100
42,flights_html/gotogate-0082.html,100,100,100,100,100,100,100,100
42,flights_html/gotogate-0135.html,100,100,100,100,100,100,100,100
42,flights_html/tripadvisor-0056.html,100,100,100,100,100,100,100,100
42,flights_html/kayak-0107.html,100,100,100,100,100,0,100,0
42,flights_html/kayak-1366.html,100,100,100,100,100,100,100,100
42,flights_html/tripadvisor-1304.html,100,100,100,100,100,100,100,100
42,flights_html/kayak-0068.html,0,100,100,100,100,0,100,0
42,flights_html/gotogate-1361.html,100,100,100,100,100,100,100,100
42,flights_html/farecompare-0920.html,100,100,100,100,100,100,100,100
42,flights_html/gotogate-0256.html,100,100,100,100,100,100,100,100
42,flights_html/kayak-1709.html,100,100,100,100,100,100,100,100
42,flights_html/farecompare-1084.html,100,100,100,100,100,100,100,100
42,flights_html/gotogate-1619.html,100,100,100,100,100,100,100,100
42,flights_html/tripadvisor-1119.html,100,100,100,100,100,100,100,100
42,flights_html/tripadvisor-1094.html,100,100,100,100,100,100,100,100
42,flights_html/tripadvisor-0323.html,100,100,100,0,100,100,100,0
42,flights_html/farecompare-0121.html,100,100,100,100,100,100,100,100
42,flights_html/cheapair-1151.html,100,100,100,100,100,0,100,0
42,flights_html/farecompare-0111.html,100,100,100,100,100,100,100,100
42,flights_html/cheapair-0963.html,100,100,100,100,100,0,100,0
42,flights_html/gotogate-0206.html,100,100,100,100,100,100,100,100
42,flights_html/farecompare-1829.html,100,100,100,100,100,100,100,100
42,flights_html/cheapair-0098.html,100,100,100,100,100,100,100,100
42,flights_html/cheapair-1665.html,100,100,100,100,100,0,100,0
42,flights_html/kayak-1232.html,100,100,100,100,100,0,100,0
42,flights_html/cheapair-1048.html,100,100,100,100,100,0,100,0
42,flights_html/cheapair-1570.html,100,100,100,100,100,0,100,0
42,flights_html/farecompare-1556.html,100,100,100,100,100,100,100,100
42,flights_html/tripadvisor-0674.html,100,100,100,100,100,100,100,100
42,flights_html/tripadvisor-1316.html,100,100,100,100,100,100,100,100
42,flights_html/kayak-0182.html,100,100,100,100,100,100,100,100
42,flights_html/cheapair-0203.html,100,100,100,100,100,100,100,100
42,flights_html/cheapair-1837.html,100,100,100,100,100,100,100,100
42,flights_html/cheapair-1339.html,100,100,100,100,100,0,100,0
42,flights_html/farecompare-0808.html,100,100,100,100,100,100,100,100
42,flights_html/farecompare-1001.html,100,100,100,100,100,100,100,100
42,flights_html/tripadvisor-0527.html,100,100,100,100,100,100,100,100
42,flights_html/farecompare-0736.html,100,100,100,100,100,100,100,100
42,flights_html/cheapair-0136.html,100,100,100,100,100,0,100,0
42,flights_html/kayak-0362.html,100,100,100,100,100,100,100,100
42,flights_html/farecompare-1654.html,100,100,100,100,100,100,100,100
42,flights_html/farecompare-0255.html,100,100,100,100,100,100,100,100
42,flights_html/gotogate-0673.html,100,100,100,100,100,100,100,100
42,flights_html/tripadvisor-1361.html,100,100,100,100,100,100,100,100
42,flights_html/kayak-1007.html,100,100,100,100,100,0,100,0
42,flights_html/farecompare-0103.html,100,100,100,100,100,100,100,100
42,flights_html/tripadvisor-1117.html,100,100,100,100,100,100,100,100
42,flights_html/farecompare-0029.html,100,100,100,100,100,100,100,100
42,flights_html/tripadvisor-1832.html,100,100,100,100,100,100,100,100
42,flights_html/gotogate-0017.html,100,100,100,100,100,100,100,100
42,flights_html/gotogate-0993.html,100,100,100,100,100,100,100,100
42,flights_html/farecompare-2385.html,100,100,100,100,100,100,100,100
42,flights_html/gotogate-0803.html,100,100,100,100,100,100,100,100
42,flights_html/gotogate-1720.html,100,100,100,100,100,100,100,100
42,flights_html/gotogate-0994.html,100,100,100,100,100,100,100,100
42,flights_html/kayak-1883.html,100,100,100,100,100,100,100,100
42,flights_html/cheapair-0799.html,100,100,100,100,100,0,100,0
42,flights_html/farecompare-1871.html,100,100,100,100,100,100,100,100
42,flights_html/gotogate-0636.html,100,100,100,100,100,100,100,100
42,flights_html/cheapair-0474.html,100,100,100,100,100,0,100,0
42,flights_html/kayak-0012.html,100,100,100,100,100,0,100,0
42,flights_html/kayak-1738.html,100,100,100,100,100,100,100,100
42,flights_html/tripadvisor-1389.html,100,100,100,100,100,100,100,100
42,flights_html/tripadvisor-0146.html,100,100,100,0,100,100,100,0
42,flights_html/farecompare-2323.html,100,100,100,100,100,100,100,100
42,flights_html/gotogate-0814.html,100,100,100,100,100,100,100,100
42,flights_html/tripadvisor-1982.html,100,100,100,100,100,100,100,100
42,flights_html/gotogate-1286.html,100,100,100,100,100,100,100,100
42,flights_html/farecompare-2270.html,100,100,100,100,100,100,100,100
42,flights_html/farecompare-1043.html,100,100,100,100,100,100,100,100
42,flights_html/tripadvisor-1455.html,100,100,100,100,100,100,100,100
42,flights_html/farecompare-0204.html,100,100,100,100,100,100,100,100
42,flights_html/farecompare-1773.html,100,100,100,100,100,100,100,100
42,flights_html/kayak-1826.html,0,100,100,100,100,0,100,0
42,flights_html/farecompare-0245.html,100,100,100,100,100,100,100,100
42,flights_html/gotogate-1977.html,100,100,100,100,100,100,100,100
42,flights_html/kayak-1151.html,100,100,100,100,100,100,100,100
42,flights_html/farecompare-1121.html,100,100,100,100,100,100,100,100
42,flights_html/farecompare-1229.html,100,100,100,100,100,100,100,100
42,flights_html/kayak-1603.html,100,100,100,100,100,100,100,100
42,flights_html/tripadvisor-1427.html,100,100,100,100,100,100,100,100
42,flights_html/kayak-1207.html,100,100,100,100,100,100,100,100
42,flights_html/gotogate-2091.html,100,100,100,100,100,100,100,100
42,flights_html/kayak-1432.html,100,100,100,100,100,100,100,100
42,flights_html/cheapair-0708.html,100,100,100,100,100,0,100,0
42,flights_html/cheapair-0620.html,100,100,100,100,100,100,100,100
42,flights_html/cheapair-1060.html,100,100,100,100,100,0,100,0
42,flights_html/farecompare-0995.html,100,100,100,100,100,100,100,100
42,flights_html/tripadvisor-1993.html,100,100,100,100,100,100,100,100
42,flights_html/farecompare-1544.html,100,100,100,100,100,100,100,100
42,flights_html/tripadvisor-0940.html,100,100,100,100,100,100,100,100
42,flights_html/cheapair-1917.html,100,100,100,100,100,100,100,100
42,flights_html/cheapair-1412.html,100,100,100,100,100,0,100,0
42,flights_html/cheapair-0752.html,100,100,100,100,100,100,100,100
42,flights_html/kayak-0366.html,100,100,100,100,100,100,100,100
42,flights_html/gotogate-0027.html,100,100,100,100,100,100,100,100
42,flights_html/kayak-0567.html,100,100,100,100,100,100,100,100
42,flights_html/farecompare-1781.html,100,100,100,100,100,100,100,100
42,flights_html/cheapair-0483.html,100,100,100,100,100,100,100,100
42,flights_html/farecompare-0870.html,100,100,100,100,100,100,100,100
42,flights_html/cheapair-1822.html,100,100,100,100,100,0,100,0
42,flights_html/farecompare-0707.html,100,100,100,100,100,100,100,100
42,flights_html/gotogate-0887.html,100,100,100,100,100,100,100,100
42,flights_html/farecompare-2199.html,100,100,100,100,100,100,100,100
42,flights_html/tripadvisor-2011.html,100,100,100,100,100,100,100,100
42,flights_html/kayak-0589.html,100,100,100,100,100,100,100,100
42,flights_html/cheapair-0575.html,100,100,100,100,100,100,100,100
42,flights_html/farecompare-1259.html,100,100,100,100,100,100,100,100
42,flights_html/cheapair-1828.html,100,100,100,100,100,100,100,100
42,flights_html/cheapair-0585.html,100,100,100,100,100,100,100,100
42,flights_html/gotogate-1269.html,100,100,100,100,100,100,100,100
42,flights_html/cheapair-1645.html,100,100,100,100,100,0,100,0
42,flights_html/kayak-0967.html,100,100,100,100,100,0,100,0
42,flights_html/kayak-0145.html,100,100,100,100,100,100,100,100
42,flights_html/tripadvisor-1223.html,100,100,100,100,100,100,100,100
42,flights_html/kayak-1306.html,100,100,100,100,100,100,100,100
42,flights_html/farecompare-2294.html,100,100,100,100,100,100,100,100
42,flights_html/farecompare-0071.html,100,100,100,100,100,100,100,100
42,flights_html/gotogate-0686.html,100,100,100,100,100,100,100,100
42,flights_html/farecompare-1173.html,100,100,100,100,100,100,100,100
42,flights_html/gotogate-1517.html,100,100,100,100,100,100,100,100
42,flights_html/gotogate-0294.html,100,100,100,100,100,100,100,100
42,flights_html/gotogate-1682.html,100,100,100,100,100,100,100,100
42,flights_html/farecompare-1632.html,100,100,100,100,100,100,100,100
42,flights_html/farecompare-2022.html,100,100,100,100,100,100,100,100
42,flights_html/gotogate-0215.html,100,100,100,100,100,100,100,100
42,flights_html/farecompare-1862.html,100,100,100,100,100,100,100,100
42,flights_html/tripadvisor-1717.html,100,100,100,100,100,100,100,100
42,flights_html/farecompare-0774.html,100,100,100,100,100,100,100,100
42,flights_html/tripadvisor-0907.html,100,100,100,100,100,100,100,100
42,flights_html/cheapair-1288.html,100,100,100,100,100,0,100,0
42,flights_html/tripadvisor-1607.html,100,100,100,100,100,100,100,100
42,flights_html/farecompare-0559.html,100,100,100,100,100,100,100,100
42,flights_html/tripadvisor-0281.html,100,100,100,0,100,100,100,0
42,flights_html/gotogate-1051.html,100,100,100,100,100,100,100,100
42,flights_html/farecompare-1900.html,100,100,100,100,100,100,100,100
42,flights_html/farecompare-1852.html,100,100,100,100,100,100,100,100
42,flights_html/tripadvisor-1990.html,100,100,100,100,100,100,100,100
42,flights_html/farecompare-2212.html,100,100,100,100,100,100,100,100
42,flights_html/farecompare-2113.html,100,100,100,100,100,100,100,100
42,flights_html/kayak-0931.html,100,100,100,100,100,100,100,100
42,flights_html/farecompare-1867.html,100,100,100,100,100,100,100,100
42,flights_html/kayak-0801.html,100,100,100,100,100,0,100,0
42,flights_html/kayak-0232.html,100,100,100,100,100,100,100,100
42,flights_html/cheapair-0591.html,100,100,100,100,100,0,100,0
42,flights_html/farecompare-2178.html,100,100,100,100,100,100,100,100
42,flights_html/farecompare-1354.html,100,100,100,100,100,100,100,100
42,flights_html/farecompare-0719.html,100,100,100,100,100,100,100,100
42,flights_html/cheapair-1098.html,100,100,100,100,100,0,100,0
42,flights_html/gotogate-1527.html,100,100,100,100,100,100,100,100
42,flights_html/tripadvisor-1321.html,100,100,100,100,100,100,100,100
42,flights_html/kayak-0167.html,100,100,100,100,100,100,100,100
42,flights_html/gotogate-1592.html,100,100,100,100,100,100,100,100
42,flights_html/cheapair-1166.html,100,100,100,100,100,0,100,0
42,flights_html/farecompare-1960.html,100,100,100,100,100,100,100,100
42,flights_html/gotogate-0625.html,100,100,100,100,100,100,100,100
42,flights_html/cheapair-0608.html,100,100,100,100,100,100,100,100
42,flights_html/gotogate-0000.html,100,100,100,100,100,100,100,100
42,flights_html/cheapair-0523.html,100,100,100,100,100,0,100,0
42,flights_html/kayak-1261.html,100,100,100,100,100,100,100,100
42,flights_html/farecompare-1188.html,100,100,100,100,100,100,100,100
42,flights_html/cheapair-0489.html,100,100,100,100,100,100,100,100
42,flights_html/gotogate-1931.html,100,100,100,100,100,100,100,100
42,flights_html/cheapair-0185.html,100,100,100,100,100,100,100,100
42,flights_html/gotogate-0646.html,100,100,100,100,100,100,100,100
42,flights_html/cheapair-1818.html,100,100,100,100,100,0,100,0
42,flights_html/farecompare-0845.html,100,100,100,100,100,100,100,100
42,flights_html/kayak-1267.html,100,100,100,100,100,100,100,100
42,flights_html/farecompare-1730.html,100,100,100,100,100,100,100,100
42,flights_html/kayak-0788.html,100,100,100,100,100,100,100,100
42,flights_html/tripadvisor-0491.html,100,100,100,100,100,100,100,100
42,flights_html/farecompare-1896.html,100,100,100,100,100,100,100,100
42,flights_html/cheapair-0415.html,100,100,100,100,100,100,100,100
42,flights_html/tripadvisor-0957.html,100,100,100,100,100,100,100,100
42,flights_html/gotogate-1864.html,100,100,100,100,100,100,100,100
42,flights_html/farecompare-1937.html,100,100,100,100,100,100,100,100
42,flights_html/kayak-0223.html,100,100,100,100,100,100,100,100
42,flights_html/kayak-1411.html,100,100,100,100,100,100,100,100
42,flights_html/gotogate-0923.html,100,100,100,100,100,100,100,100
42,flights_html/gotogate-1741.html,100,100,100,100,100,100,100,100
42,flights_html/cheapair-1458.html,100,100,100,100,100,100,100,100
42,flights_html/tripadvisor-1400.html,100,100,100,100,100,100,100,100
42,flights_html/cheapair-0061.html,100,100,100,100,100,0,100,0
42,flights_html/tripadvisor-0098.html,100,100,100,100,100,100,100,100
42,flights_html/kayak-1704.html,100,100,100,100,100,100,100,100
42,flights_html/gotogate-1651.html,100,100,100,100,100,100,100,100
42,flights_html/gotogate-0985.html,100,100,100,100,100,100,100,100
42,flights_html/farecompare-0368.html,100,100,100,100,100,100,100,100
42,flights_html/kayak-1438.html,100,100,100,100,100,100,100,100
42,flights_html/kayak-1984.html,100,100,100,100,100,100,100,100
42,flights_html/tripadvisor-1047.html,100,100,100,100,100,100,100,100
42,flights_html/gotogate-0047.html,100,100,100,100,100,100,100,100
42,flights_html/farecompare-1864.html,100,100,100,100,100,100,100,100
42,flights_html/tripadvisor-1309.html,100,100,100,100,100,100,100,100
42,flights_html/gotogate-1448.html,100,100,100,100,100,100,100,100
42,flights_html/gotogate-1465.html,100,100,100,100,100,100,100,100
42,flights_html/cheapair-1150.html,100,100,100,100,100,100,100,100
42,flights_html/tripadvisor-1794.html,100,100,100,100,100,100,100,100
42,flights_html/tripadvisor-1475.html,100,100,100,100,100,100,100,100
42,flights_html/farecompare-0351.html,100,100,100,100,100,100,100,100
42,flights_html/cheapair-0078.html,100,100,100,100,100,0,100,0
42,flights_html/farecompare-2107.html,100,100,100,100,100,100,100,100
42,flights_html/kayak-0787.html,100,100,100,100,100,0,100,0
42,flights_html/cheapair-0204.html,100,100,100,100,100,100,100,100
42,flights_html/cheapair-1392.html,100,100,100,100,100,100,100,100
42,flights_html/farecompare-1542.html,100,100,100,100,100,100,100,100
42,flights_html/gotogate-0462.html,100,100,100,100,100,100,100,100
42,flights_html/tripadvisor-1134.html,100,100,100,100,100,100,100,100
42,flights_html/gotogate-0753.html,100,100,100,100,100,100,100,100
42,flights_html/kayak-1265.html,100,100,100,100,100,100,100,100
42,flights_html/cheapair-0551.html,100,100,100,100,100,100,100,100
42,flights_html/kayak-0561.html,100,100,100,100,100,100,100,100
42,flights_html/kayak-0389.html,100,100,100,100,100,100,100,100
42,flights_html/cheapair-1983.html,100,100,100,100,100,100,100,100
42,flights_html/cheapair-0233.html,100,100,100,100,100,100,100,100
42,flights_html/kayak-0300.html,0,100,100,100,100,100,100,0
42,flights_html/cheapair-0074.html,100,100,100,100,100,100,100,100
42,flights_html/tripadvisor-1095.html,100,100,100,100,100,100,100,100
42,flights_html/gotogate-1086.html,100,100,100,100,100,100,100,100
42,flights_html/kayak-1128.html,0,100,100,100,100,0,100,0
42,flights_html/kayak-1561.html,0,100,100,100,100,100,100,0
42,flights_html/farecompare-1369.html,100,100,100,100,100,100,100,100
42,flights_html/tripadvisor-0793.html,100,100,100,100,100,100,100,100
42,flights_html/gotogate-1415.html,100,100,100,100,100,100,100,100
42,flights_html/farecompare-0118.html,100,100,100,100,100,100,100,100
42,flights_html/tripadvisor-1916.html,100,100,100,100,100,100,100,100
42,flights_html/tripadvisor-0271.html,100,100,100,100,100,100,100,100
42,flights_html/kayak-0373.html,100,100,100,100,100,100,100,100
42,flights_html/gotogate-1683.html,100,100,100,100,100,100,100,100
42,flights_html/cheapair-1746.html,100,100,100,100,100,100,100,100
42,flights_html/cheapair-1134.html,100,100,100,100,100,100,100,100
42,flights_html/farecompare-2171.html,100,100,100,100,100,100,100,100
42,flights_html/tripadvisor-0725.html,100,100,100,100,100,100,100,100
42,flights_html/cheapair-0788.html,100,100,100,100,100,100,100,100
42,flights_html/kayak-1987.html,100,100,100,100,100,100,100,100
42,flights_html/kayak-0480.html,100,100,100,100,100,100,100,100
42,flights_html/kayak-1524.html,100,100,100,100,100,100,100,100
42,flights_html/gotogate-1918.html,100,100,100,100,100,100,100,100
42,flights_html/tripadvisor-0108.html,100,100,100,100,100,100,100,100
42,flights_html/kayak-1273.html,0,100,100,100,100,0,100,0
42,flights_html/kayak-0845.html,100,100,100,100,100,100,100,100
42,flights_html/cheapair-1893.html,100,100,100,100,100,0,100,0
42,flights_html/farecompare-1984.html,100,100,100,100,100,100,100,100
42,flights_html/tripadvisor-0788.html,100,100,100,100,100,100,100,100
42,flights_html/kayak-0208.html,100,100,100,100,100,100,100,100
42,flights_html/cheapair-0004.html,100,100,100,100,100,0,100,0
42,flights_html/tripadvisor-1080.html,100,100,100,100,100,100,100,100
42,flights_html/tripadvisor-0488.html,100,100,100,100,100,100,100,100
42,flights_html/cheapair-1436.html,100,100,100,100,100,100,100,100
42,flights_html/tripadvisor-0205.html,100,100,100,100,100,100,100,100
42,flights_html/farecompare-1573.html,100,100,100,100,100,100,100,100
42,flights_html/tripadvisor-0220.html,100,100,100,100,100,100,100,100
42,flights_html/gotogate-1916.html,100,100,100,100,100,100,100,100
42,flights_html/gotogate-1754.html,100,100,100,100,100,100,100,100
42,flights_html/tripadvisor-1964.html,100,100,100,100,100,100,100,100
42,flights_html/cheapair-0599.html,100,100,100,100,100,100,100,100
42,flights_html/tripadvisor-1868.html,100,100,100,100,100,100,100,100
42,flights_html/gotogate-1826.html,100,100,100,100,100,100,100,100
42,flights_html/gotogate-1245.html,100,100,100,100,100,100,100,100
42,flights_html/farecompare-1529.html,100,100,100,100,100,100,100,100
42,flights_html/farecompare-0336.html,100,100,100,100,100,100,100,100
42,flights_html/tripadvisor-1329.html,100,100,100,100,100,100,100,100
42,flights_html/cheapair-0987.html,100,100,100,100,100,100,100,100
42,flights_html/tripadvisor-0842.html,100,100,100,100,100,100,100,100
42,flights_html/farecompare-2396.html,100,100,100,100,100,100,100,100
42,flights_html/kayak-1239.html,100,100,100,100,100,100,100,100
42,flights_html/farecompare-0406.html,100,100,100,100,100,100,100,100
42,flights_html/kayak-0065.html,0,100,100,100,100,0,100,0
42,flights_html/gotogate-0823.html,100,100,100,100,100,100,100,100
42,flights_html/cheapair-1369.html,100,100,100,100,100,100,100,100
42,flights_html/cheapair-1109.html,100,100,100,100,100,100,100,100
42,flights_html/farecompare-0604.html,100,100,100,100,100,100,100,100
42,flights_html/cheapair-1108.html,100,100,100,100,100,0,100,0
42,flights_html/gotogate-2004.html,100,100,100,100,100,100,100,100
42,flights_html/tripadvisor-1912.html,100,100,100,100,100,100,100,100
42,flights_html/cheapair-1846.html,100,100,100,100,100,0,100,0
42,flights_html/tripadvisor-0517.html,100,100,100,100,100,100,100,100
42,flights_html/kayak-1735.html,100,100,100,100,100,100,100,100
42,flights_html/kayak-0409.html,100,100,100,100,100,100,100,100
42,flights_html/kayak-1566.html,100,100,100,100,100,100,100,100
42,flights_html/farecompare-1833.html,100,100,100,100,100,100,100,100
42,flights_html/gotogate-1713.html,100,100,100,100,100,100,100,100
42,flights_html/kayak-1202.html,100,100,100,100,100,100,100,100
42,flights_html/cheapair-1406.html,100,100,100,100,100,100,100,100
42,flights_html/tripadvisor-1516.html,100,100,100,0,100,100,100,0
42,flights_html/cheapair-1468.html,100,100,100,100,100,100,100,100
42,flights_html/kayak-0150.html,0,100,100,100,100,0,100,0
42,flights_html/gotogate-2193.html,100,100,100,100,100,100,100,100
42,flights_html/farecompare-1130.html,100,100,100,100,100,100,100,100
42,flights_html/kayak-0600.html,100,100,100,100,100,0,100,0
42,flights_html/gotogate-0990.html,100,100,100,100,100,100,100,100
42,flights_html/tripadvisor-1919.html,100,100,100,0,100,100,100,0
42,flights_html/gotogate-1802.html,100,100,100,100,100,100,100,100
42,flights_html/cheapair-1189.html,100,100,100,100,100,100,100,100
42,flights_html/farecompare-0778.html,100,100,100,100,100,100,100,100
42,flights_html/gotogate-1177.html,100,100,100,100,100,100,100,100
42,flights_html/gotogate-1542.html,100,100,100,100,100,100,100,100
42,flights_html/kayak-1370.html,0,100,100,100,100,0,100,0
42,flights_html/kayak-0888.html,100,100,100,100,100,100,100,100
42,flights_html/gotogate-1833.html,100,100,100,100,100,100,100,100
42,flights_html/cheapair-0243.html,100,100,100,100,100,100,100,100
42,flights_html/kayak-1441.html,100,100,100,100,100,100,100,100
42,flights_html/tripadvisor-1039.html,100,100,100,100,100,100,100,100
42,flights_html/kayak-1407.html,100,100,100,100,100,100,100,100
42,flights_html/kayak-1696.html,100,100,100,100,100,100,100,100
42,flights_html/cheapair-0905.html,100,100,100,100,100,0,100,0
42,flights_html/farecompare-1648.html,100,100,100,100,100,100,100,100
42,flights_html/tripadvisor-0354.html,100,100,100,100,100,100,100,100
42,flights_html/tripadvisor-1470.html,100,100,100,100,100,100,100,100
42,flights_html/farecompare-1865.html,100,100,100,100,100,100,100,100
42,flights_html/kayak-0514.html,100,100,100,100,100,100,100,100
42,flights_html/kayak-0007.html,0,100,100,100,100,0,100,0
42,flights_html/gotogate-2161.html,100,100,100,100,100,100,100,100
42,flights_html/tripadvisor-0204.html,100,100,100,100,100,100,100,100
42,flights_html/gotogate-0586.html,100,100,100,100,100,100,100,100
42,flights_html/gotogate-1357.html,100,100,100,100,100,100,100,100
42,flights_html/farecompare-0356.html,100,100,100,100,100,100,100,100
42,flights_html/cheapair-0137.html,100,100,100,100,100,100,100,100
42,flights_html/cheapair-1823.html,100,100,100,100,100,100,100,100
42,flights_html/tripadvisor-0625.html,100,100,100,100,100,100,100,100
42,flights_html/kayak-1679.html,100,100,100,100,100,100,100,100
42,flights_html/kayak-1178.html,100,100,100,100,100,100,100,100
42,flights_html/gotogate-1549.html,100,100,100,100,100,100,100,100
42,flights_html/tripadvisor-1270.html,100,100,100,100,100,100,100,100
42,flights_html/gotogate-1140.html,100,100,100,100,100,100,100,100
42,flights_html/tripadvisor-0317.html,100,100,100,0,100,100,100,0
42,flights_html/tripadvisor-0045.html,100,100,100,100,100,100,100,100
42,flights_html/gotogate-1456.html,100,100,100,100,100,100,100,100
42,flights_html/cheapair-1057.html,100,100,100,100,100,100,100,100
42,flights_html/gotogate-0052.html,100,100,100,100,100,100,100,100
42,flights_html/tripadvisor-1663.html,100,100,100,100,100,100,100,100
42,flights_html/gotogate-2149.html,100,100,100,100,100,100,100,100
42,flights_html/cheapair-0059.html,100,100,100,100,100,100,100,100
42,flights_html/kayak-0593.html,100,100,100,100,100,100,100,100
42,flights_html/cheapair-1100.html,100,100,100,100,100,0,100,0
42,flights_html/kayak-0936.html,100,100,100,100,100,100,100,100
42,flights_html/cheapair-1659.html,100,100,100,100,100,100,100,100
42,flights_html/gotogate-0235.html,100,100,100,100,100,100,100,100
42,flights_html/gotogate-0484.html,100,100,100,100,100,100,100,100
42,flights_html/farecompare-1142.html,100,100,100,100,100,100,100,100
42,flights_html/kayak-0244.html,100,100,100,100,100,100,100,100
42,flights_html/kayak-1146.html,100,100,100,100,100,100,100,100
42,flights_html/tripadvisor-0369.html,100,100,100,100,100,100,100,100
42,flights_html/tripadvisor-0161.html,100,100,100,100,100,100,100,100
42,flights_html/tripadvisor-1482.html,100,100,100,100,100,100,100,100
42,flights_html/farecompare-0904.html,100,100,100,100,100,100,100,100
42,flights_html/gotogate-0975.html,100,100,100,100,100,100,100,100
42,flights_html/tripadvisor-1903.html,100,100,100,100,100,100,100,100
42,flights_html/tripadvisor-0773.html,100,100,100,100,100,100,100,100
42,flights_html/farecompare-0098.html,100,100,100,100,100,100,100,100
42,flights_html/farecompare-0169.html,100,100,100,100,100,100,100,100
42,flights_html/tripadvisor-0949.html,100,100,100,100,100,100,100,100
42,flights_html/kayak-1706.html,100,100,100,100,100,100,100,100
42,flights_html/kayak-1806.html,0,100,100,100,100,0,100,0
42,flights_html/cheapair-1401.html,100,100,100,100,100,100,100,100
42,flights_html/farecompare-1903.html,100,100,100,100,100,100,100,100
42,flights_html/tripadvisor-0430.html,100,100,100,100,100,100,100,100
42,flights_html/kayak-0347.html,100,100,100,100,100,100,100,100
42,flights_html/cheapair-1014.html,100,100,100,100,100,0,100,0
42,flights_html/cheapair-0817.html,100,100,100,100,100,100,100,100
42,flights_html/farecompare-1128.html,100,100,100,100,100,100,100,100
42,flights_html/tripadvisor-1194.html,100,100,100,100,100,100,100,100
42,flights_html/cheapair-0113.html,100,100,100,100,100,100,100,100
42,flights_html/gotogate-1055.html,100,100,100,100,100,100,100,100
42,flights_html/tripadvisor-1397.html,100,100,100,100,100,100,100,100
42,flights_html/tripadvisor-0331.html,100,100,100,100,100,100,100,100
42,flights_html/gotogate-1540.html,100,100,100,100,100,100,100,100
42,flights_html/kayak-0429.html,100,100,100,100,100,100,100,100
42,flights_html/tripadvisor-1973.html,100,100,100,100,100,100,100,100
42,flights_html/gotogate-1130.html,100,100,100,100,100,100,100,100
42,flights_html/gotogate-1582.html,100,100,100,100,100,100,100,100
42,flights_html/cheapair-1141.html,100,100,100,100,100,100,100,100
42,flights_html/cheapair-1446.html,100,100,100,100,100,100,100,100
42,flights_html/tripadvisor-0213.html,100,100,100,100,100,100,100,100
42,flights_html/gotogate-2114.html,100,100,100,100,100,100,100,100
42,flights_html/tripadvisor-0987.html,100,100,100,100,100,100,100,100
42,flights_html/farecompare-0318.html,100,100,100,100,100,100,100,100
42,flights_html/kayak-1619.html,0,100,100,100,100,100,100,0
42,flights_html/tripadvisor-1979.html,100,100,100,100,100,100,100,100
42,flights_html/kayak-1937.html,100,100,100,100,100,100,100,100
42,flights_html/farecompare-2057.html,100,100,100,100,100,100,100,100
42,flights_html/farecompare-1768.html,100,100,100,100,100,100,100,100
42,flights_html/gotogate-1892.html,100,100,100,100,100,100,100,100
42,flights_html/gotogate-1705.html,100,100,100,100,100,100,100,100
42,flights_html/gotogate-1610.html,100,100,100,100,100,100,100,100
42,flights_html/gotogate-0185.html,100,100,100,100,100,100,100,100
42,flights_html/gotogate-0598.html,100,100,100,100,100,100,100,100
42,flights_html/gotogate-1308.html,100,100,100,100,100,100,100,100
42,flights_html/kayak-0856.html,0,100,100,100,100,0,100,0
42,flights_html/farecompare-1192.html,100,100,100,100,100,100,100,100
42,flights_html/cheapair-0018.html,100,100,100,100,100,100,100,100
42,flights_html/kayak-1237.html,100,100,100,100,100,100,100,100
42,flights_html/farecompare-2042.html,100,100,100,100,100,100,100,100
42,flights_html/farecompare-0282.html,100,100,100,100,100,100,100,100
42,flights_html/gotogate-0051.html,100,100,100,100,100,100,100,100
42,flights_html/kayak-0737.html,100,100,100,100,100,100,100,100
42,flights_html/kayak-0884.html,100,100,100,100,100,0,100,0
42,flights_html/cheapair-0643.html,100,100,100,100,100,100,100,100
42,flights_html/cheapair-0753.html,100,100,100,100,100,100,100,100
42,flights_html/kayak-0985.html,100,100,100,100,100,0,100,0
42,flights_html/cheapair-0621.html,100,100,100,100,100,0,100,0
42,flights_html/kayak-1375.html,0,100,100,100,100,0,100,0
42,flights_html/kayak-1952.html,100,100,100,100,100,0,100,0
42,flights_html/farecompare-1889.html,100,100,100,100,100,100,100,100
42,flights_html/farecompare-1329.html,100,100,100,100,100,100,100,100
42,flights_html/tripadvisor-1883.html,100,100,100,100,100,100,100,100
42,flights_html/cheapair-0075.html,100,100,100,100,100,0,100,0
42,flights_html/kayak-0369.html,0,100,100,100,100,100,100,0
42,flights_html/tripadvisor-1478.html,100,100,100,100,100,100,100,100
42,flights_html/cheapair-0423.html,100,100,100,100,100,100,100,100
42,flights_html/tripadvisor-1502.html,100,100,100,0,100,100,100,0
42,flights_html/tripadvisor-0768.html,100,100,100,100,100,100,100,100
42,flights_html/tripadvisor-0232.html,100,100,100,100,100,100,100,100
42,flights_html/farecompare-0252.html,100,100,100,100,100,100,100,100
42,flights_html/farecompare-1126.html,100,100,100,100,100,100,100,100
42,flights_html/farecompare-1835.html,100,100,100,100,100,100,100,100
42,flights_html/gotogate-0328.html,100,100,100,100,100,100,100,100
42,flights_html/gotogate-0613.html,100,100,100,100,100,100,100,100
42,flights_html/cheapair-1217.html,100,100,100,100,100,100,100,100
42,flights_html/farecompare-1577.html,100,100,100,100,100,100,100,100
42,flights_html/farecompare-0285.html,100,100,100,100,100,100,100,100
42,flights_html/kayak-1208.html,100,100,100,100,100,100,100,100
42,flights_html/gotogate-0372.html,100,100,100,100,100,100,100,100
42,flights_html/tripadvisor-1275.html,100,100,100,100,100,100,100,100
42,flights_html/farecompare-1860.html,100,100,100,100,100,100,100,100
42,flights_html/kayak-1701.html,100,100,100,100,100,100,100,100
42,flights_html/gotogate-0039.html,100,100,100,100,100,100,100,100
42,flights_html/gotogate-0557.html,100,100,100,100,100,100,100,100
42,flights_html/farecompare-1732.html,100,100,100,100,100,100,100,100
42,flights_html/farecompare-0938.html,100,100,100,100,100,100,100,100
42,flights_html/farecompare-0467.html,100,100,100,100,100,100,100,100
42,flights_html/cheapair-1708.html,100,100,100,100,100,0,100,0
42,flights_html/kayak-1004.html,100,100,100,100,100,100,100,100
42,flights_html/farecompare-0520.html,100,100,100,100,100,100,100,100
42,flights_html/gotogate-0909.html,100,100,100,100,100,100,100,100
42,flights_html/tripadvisor-2001.html,100,100,100,100,100,100,100,100
42,flights_html/gotogate-2036.html,100,100,100,100,100,100,100,100
42,flights_html/farecompare-0436.html,100,100,100,100,100,100,100,100
42,flights_html/cheapair-1680.html,100,100,100,100,100,0,100,0
42,flights_html/farecompare-0878.html,100,100,100,100,100,100,100,100
42,flights_html/tripadvisor-1899.html,100,100,100,100,100,100,100,100
42,flights_html/kayak-0015.html,100,100,100,100,100,100,100,100
42,flights_html/farecompare-0206.html,100,100,100,100,100,100,100,100
42,flights_html/cheapair-1556.html,100,100,100,100,100,100,100,100
42,flights_html/farecompare-2305.html,100,100,100,100,100,100,100,100
42,flights_html/cheapair-0479.html,100,100,100,100,100,100,100,100
42,flights_html/farecompare-2023.html,100,100,100,100,100,100,100,100
42,flights_html/gotogate-0637.html,100,100,100,100,100,100,100,100
42,flights_html/tripadvisor-0922.html,100,100,100,100,100,100,100,100
42,flights_html/kayak-1325.html,100,100,100,100,100,100,100,100
42,flights_html/gotogate-0597.html,100,100,100,100,100,100,100,100
42,flights_html/tripadvisor-0895.html,100,100,100,100,100,100,100,100
42,flights_html/gotogate-2150.html,100,100,100,100,100,100,100,100
42,flights_html/kayak-1220.html,100,100,100,100,100,100,100,100
42,flights_html/farecompare-0015.html,100,100,100,100,100,100,100,100
42,flights_html/kayak-1257.html,100,100,100,100,100,100,100,100
42,flights_html/cheapair-0248.html,100,100,100,100,100,100,100,100
42,flights_html/farecompare-0159.html,100,100,100,100,100,100,100,100
42,flights_html/farecompare-0021.html,100,100,100,100,100,100,100,100
42,flights_html/gotogate-1920.html,100,100,100,100,100,100,100,100
42,flights_html/farecompare-0876.html,100,100,100,100,100,100,100,100
42,flights_html/farecompare-1541.html,100,100,100,100,100,100,100,100
42,flights_html/farecompare-1550.html,100,100,100,100,100,100,100,100
42,flights_html/farecompare-0687.html,100,100,100,100,100,100,100,100
42,flights_html/gotogate-2155.html,100,100,100,100,100,100,100,100
42,flights_html/farecompare-2295.html,100,100,100,100,100,100,100,100
42,flights_html/cheapair-0582.html,100,100,100,100,100,100,100,100
42,flights_html/farecompare-0224.html,100,100,100,100,100,100,100,100
42,flights_html/tripadvisor-1507.html,100,100,100,0,100,100,100,0
42,flights_html/tripadvisor-1576.html,100,100,100,100,100,100,100,100
42,flights_html/kayak-1169.html,100,100,100,100,100,100,100,100
42,flights_html/kayak-1536.html,0,100,100,100,100,100,100,0
42,flights_html/cheapair-1016.html,100,100,100,100,100,0,100,0
42,flights_html/farecompare-1018.html,100,100,100,100,100,100,100,100
42,flights_html/tripadvisor-1531.html,100,100,100,0,100,100,100,0
42,flights_html/gotogate-1377.html,100,100,100,100,100,100,100,100
42,flights_html/gotogate-2057.html,100,100,100,100,100,100,100,100
42,flights_html/farecompare-1814.html,100,100,100,100,100,100,100,100
42,flights_html/cheapair-1122.html,100,100,100,100,100,100,100,100
42,flights_html/farecompare-1443.html,100,100,100,100,100,100,100,100
42,flights_html/tripadvisor-1147.html,100,100,100,100,100,100,100,100
42,flights_html/tripadvisor-1000.html,100,100,100,100,100,100,100,100
42,flights_html/gotogate-0607.html,100,100,100,100,100,100,100,100
42,flights_html/gotogate-2208.html,100,100,100,100,100,100,100,100
42,flights_html/cheapair-0661.html,100,100,100,100,100,0,100,0
42,flights_html/gotogate-0913.html,100,100,100,100,100,100,100,100
42,flights_html/cheapair-1924.html,100,100,100,100,100,100,100,100
42,flights_html/cheapair-1851.html,100,100,100,100,100,0,100,0
42,flights_html/farecompare-0130.html,100,100,100,100,100,100,100,100
42,flights_html/kayak-1318.html,100,100,100,100,100,100,100,100
42,flights_html/tripadvisor-1633.html,100,100,100,100,100,100,100,100
42,flights_html/kayak-0385.html,100,100,100,100,100,100,100,100
42,flights_html/cheapair-0995.html,100,100,100,100,100,100,100,100
42,flights_html/cheapair-1957.html,100,100,100,100,100,100,100,100
42,flights_html/gotogate-1649.html,100,100,100,100,100,100,100,100
42,flights_html/farecompare-1756.html,100,100,100,100,100,100,100,100
42,flights_html/tripadvisor-0634.html,100,100,100,100,100,100,100,100
42,flights_html/gotogate-0288.html,100,100,100,100,100,100,100,100
42,flights_html/farecompare-0452.html,100,100,100,100,100,100,100,100
42,flights_html/tripadvisor-1790.html,100,100,100,100,100,100,100,100
42,flights_html/farecompare-1441.html,100,100,100,100,100,100,100,100
42,flights_html/tripadvisor-1396.html,100,100,100,100,100,100,100,100
42,flights_html/farecompare-0809.html,100,100,100,100,100,100,100,100
42,flights_html/farecompare-1002.html,100,100,100,100,100,100,100,100
42,flights_html/kayak-0900.html,100,100,100,100,100,100,100,100
42,flights_html/tripadvisor-0002.html,100,100,100,100,100,100,100,100
42,flights_html/tripadvisor-1662.html,100,100,100,100,100,100,100,100
42,flights_html/kayak-1530.html,0,100,100,100,100,100,100,0
42,flights_html/farecompare-1966.html,100,100,100,100,100,100,100,100
42,flights_html/farecompare-1281.html,100,100,100,100,100,100,100,100
42,flights_html/gotogate-0207.html,100,100,100,100,100,100,100,100
42,flights_html/gotogate-2119.html,100,100,100,100,100,100,100,100
42,flights_html/farecompare-0104.html,100,100,100,100,100,100,100,100
42,flights_html/cheapair-1722.html,100,100,100,100,100,100,100,100
42,flights_html/tripadvisor-1284.html,100,100,100,100,100,100,100,100
42,flights_html/gotogate-0795.html,100,100,100,100,100,100,100,100
42,flights_html/farecompare-0588.html,100,100,100,100,100,100,100,100
42,flights_html/gotogate-1488.html,100,100,100,100,100,100,100,100
42,flights_html/kayak-0414.html,100,100,100,100,100,100,100,100
42,flights_html/farecompare-1913.html,100,100,100,100,100,100,100,100
42,flights_html/cheapair-1842.html,100,100,100,100,100,100,100,100
42,flights_html/kayak-0659.html,100,100,100,100,100,100,100,100
42,flights_html/tripadvisor-1331.html,100,100,100,100,100,100,100,100
42,flights_html/tripadvisor-1784.html,100,100,100,100,100,100,100,100
42,flights_html/farecompare-0931.html,100,100,100,100,100,100,100,100
42,flights_html/gotogate-0837.html,100,100,100,100,100,100,100,100
42,flights_html/farecompare-0689.html,100,100,100,100,100,100,100,100
42,flights_html/tripadvisor-0831.html,100,100,100,100,100,100,100,100
42,flights_html/gotogate-1615.html,100,100,100,100,100,100,100,100
42,flights_html/kayak-0727.html,100,100,100,100,100,0,100,0
42,flights_html/tripadvisor-1448.html,100,100,100,100,100,100,100,100
42,flights_html/farecompare-1701.html,100,100,100,100,100,100,100,100
42,flights_html/gotogate-0516.html,100,100,100,100,100,100,100,100
42,flights_html/gotogate-1283.html,100,100,100,100,100,100,100,100
42,flights_html/cheapair-0766.html,100,100,100,100,100,100,100,100
42,flights_html/gotogate-0734.html,100,100,100,100,100,100,100,100
42,flights_html/tripadvisor-1496.html,100,100,100,100,100,100,100,100
42,flights_html/cheapair-1783.html,100,100,100,100,100,100,100,100
42,flights_html/farecompare-1135.html,100,100,100,100,100,100,100,100
42,flights_html/kayak-0403.html,100,100,100,100,100,100,100,100
42,flights_html/kayak-0325.html,100,100,100,100,100,100,100,100
42,flights_html/gotogate-0870.html,100,100,100,100,100,100,100,100
42,flights_html/farecompare-0093.html,100,100,100,100,100,100,100,100
42,flights_html/gotogate-0435.html,100,100,100,100,100,100,100,100
42,flights_html/cheapair-1512.html,100,100,100,100,100,100,100,100
42,flights_html/farecompare-0208.html,100,100,100,100,100,100,100,100
42,flights_html/cheapair-0872.html,100,100,100,100,100,0,100,0
42,flights_html/gotogate-0556.html,100,100,100,100,100,100,100,100
42,flights_html/tripadvisor-1537.html,100,100,100,0,100,100,100,0
42,flights_html/farecompare-1666.html,100,100,100,100,100,100,100,100
42,flights_html/tripadvisor-1019.html,100,100,100,0,100,100,100,0
42,flights_html/cheapair-0129.html,100,100,100,100,100,100,100,100
42,flights_html/farecompare-1854.html,100,100,100,100,100,100,100,100
42,flights_html/gotogate-1196.html,100,100,100,100,100,100,100,100
42,flights_html/gotogate-2207.html,100,100,100,100,100,100,100,100
42,flights_html/farecompare-1519.html,100,100,100,100,100,100,100,100
42,flights_html/farecompare-2279.html,100,100,100,100,100,100,100,100
42,flights_html/tripadvisor-0604.html,100,100,100,100,100,100,100,100
42,flights_html/farecompare-2146.html,100,100,100,100,100,100,100,100
42,flights_html/cheapair-1776.html,100,100,100,100,100,0,100,0
42,flights_html/cheapair-0052.html,100,100,100,100,100,100,100,100
42,flights_html/cheapair-0041.html,100,100,100,100,100,0,100,0
42,flights_html/gotogate-1809.html,100,100,100,100,100,100,100,100
42,flights_html/farecompare-0703.html,100,100,100,100,100,100,100,100
42,flights_html/farecompare-1945.html,100,100,100,100,100,100,100,100
42,flights_html/gotogate-0068.html,100,100,100,100,100,100,100,100
42,flights_html/kayak-0160.html,100,100,100,100,100,100,100,100
42,flights_html/gotogate-0230.html,100,100,100,100,100,100,100,100
42,flights_html/farecompare-0674.html,100,100,100,100,100,100,100,100
42,flights_html/tripadvisor-0336.html,100,100,100,100,100,100,100,100
42,flights_html/kayak-0374.html,100,100,100,100,100,100,100,100
42,flights_html/kayak-1036.html,100,100,100,100,100,100,100,100
42,flights_html/cheapair-0992.html,100,100,100,100,100,100,100,100
42,flights_html/tripadvisor-1215.html,100,100,100,100,100,100,100,100
42,flights_html/cheapair-0112.html,100,100,100,100,100,100,100,100
42,flights_html/farecompare-1346.html,100,100,100,100,100,100,100,100
42,flights_html/gotogate-1660.html,100,100,100,100,100,100,100,100
42,flights_html/kayak-0580.html,100,100,100,100,100,100,100,100
42,flights_html/cheapair-1466.html,100,100,100,100,100,100,100,100
42,flights_html/kayak-0710.html,100,100,100,100,100,100,100,100
42,flights_html/kayak-1008.html,100,100,100,100,100,100,100,100
42,flights_html/farecompare-0052.html,100,100,100,100,100,100,100,100
42,flights_html/farecompare-0188.html,100,100,100,100,100,100,100,100
42,flights_html/farecompare-0720.html,100,100,100,100,100,100,100,100
42,flights_html/farecompare-1435.html,100,100,100,100,100,100,100,100
42,flights_html/kayak-0532.html,100,100,100,100,100,100,100,100
42,flights_html/gotogate-2195.html,100,100,100,100,100,100,100,100
42,flights_html/kayak-0731.html,100,100,100,100,100,0,100,0
42,flights_html/farecompare-1522.html,100,100,100,100,100,100,100,100
42,flights_html/farecompare-1743.html,100,100,100,100,100,100,100,100
42,flights_html/gotogate-0240.html,100,100,100,100,100,100,100,100
42,flights_html/tripadvisor-1966.html,100,100,100,100,100,100,100,100
42,flights_html/kayak-1381.html,100,100,100,100,100,100,100,100
42,flights_html/kayak-0864.html,0,100,100,100,100,0,100,0
42,flights_html/gotogate-0101.html,100,100,100,100,100,100,100,100
42,flights_html/gotogate-1764.html,100,100,100,100,100,100,100,100
42,flights_html/cheapair-1832.html,100,100,100,100,100,100,100,100
42,flights_html/kayak-0039.html,100,100,100,100,100,0,100,0
42,flights_html/gotogate-0332.html,100,100,100,100,100,100,100,100
42,flights_html/kayak-1764.html,100,100,100,100,100,100,100,100
42,flights_html/kayak-0240.html,100,100,100,100,100,100,100,100
42,flights_html/farecompare-2255.html,100,100,100,100,100,100,100,100
42,flights_html/farecompare-2173.html,100,100,100,100,100,100,100,100
42,flights_html/gotogate-1420.html,100,100,100,100,100,100,100,100
42,flights_html/cheapair-1764.html,100,100,100,100,100,100,100,100
42,flights_html/tripadvisor-0195.html,100,100,100,100,100,100,100,100
42,flights_html/tripadvisor-1461.html,100,100,100,100,100,100,100,100
42,flights_html/tripadvisor-0996.html,100,100,100,100,100,100,100,100
42,flights_html/farecompare-0725.html,100,100,100,100,100,100,100,100
42,flights_html/kayak-1135.html,100,100,100,100,100,100,100,100
42,flights_html/cheapair-1580.html,100,100,100,100,100,100,100,100
42,flights_html/kayak-1436.html,100,100,100,100,100,100,100,100
42,flights_html/cheapair-1394.html,100,100,100,100,100,100,100,100
42,flights_html/cheapair-0852.html,100,100,100,100,100,0,100,0
42,flights_html/farecompare-1004.html,100,100,100,100,100,100,100,100
42,flights_html/farecompare-1879.html,100,100,100,100,100,100,100,100
42,flights_html/gotogate-1565.html,100,100,100,100,100,100,100,100
42,flights_html/cheapair-0276.html,100,100,100,100,100,100,100,100
42,flights_html/farecompare-0259.html,100,100,100,100,100,100,100,100
42,flights_html/farecompare-0395.html,100,100,100,100,100,100,100,100
42,flights_html/farecompare-0320.html,100,100,100,100,100,100,100,100
42,flights_html/kayak-1658.html,0,100,100,100,100,100,100,0
42,flights_html/kayak-1280.html,0,100,100,100,100,0,100,0
42,flights_html/kayak-0799.html,100,100,100,100,100,100,100,100
42,flights_html/cheapair-1179.html,100,100,100,100,100,100,100,100
42,flights_html/farecompare-0068.html,100,100,100,100,100,100,100,100
42,flights_html/kayak-1601.html,100,100,100,100,100,100,100,100
42,flights_html/kayak-0235.html,100,100,100,100,100,100,100,100
42,flights_html/gotogate-0148.html,100,100,100,100,100,100,100,100
42,flights_html/kayak-2006.html,0,100,100,100,100,0,100,0
42,flights_html/cheapair-1264.html,100,100,100,100,100,100,100,100
42,flights_html/gotogate-0513.html,100,100,100,100,100,100,100,100
42,flights_html/gotogate-0175.html,100,100,100,100,100,100,100,100
42,flights_html/tripadvisor-0944.html,100,100,100,100,100,100,100,100
42,flights_html/gotogate-1775.html,100,100,100,100,100,100,100,100
42,flights_html/cheapair-0813.html,100,100,100,100,100,0,100,0
42,flights_html/gotogate-1841.html,100,100,100,100,100,100,100,100
42,flights_html/gotogate-1163.html,100,100,100,100,100,100,100,100
42,flights_html/tripadvisor-1911.html,100,100,100,100,100,100,100,100
42,flights_html/cheapair-0579.html,100,100,100,100,100,100,100,100
42,flights_html/tripadvisor-0233.html,100,100,100,100,100,100,100,100
42,flights_html/farecompare-0505.html,100,100,100,100,100,100,100,100
42,flights_html/kayak-0423.html,100,100,100,100,100,100,100,100
42,flights_html/gotogate-0977.html,100,100,100,100,100,100,100,100
42,flights_html/cheapair-0063.html,100,100,100,100,100,100,100,100
42,flights_html/tripadvisor-0590.html,100,100,100,100,100,100,100,100
42,flights_html/farecompare-1474.html,100,100,100,100,100,100,100,100
42,flights_html/tripadvisor-0337.html,100,100,100,100,100,100,100,100
42,flights_html/gotogate-1090.html,100,100,100,100,100,100,100,100
42,flights_html/kayak-1130.html,100,100,100,100,100,100,100,100
42,flights_html/kayak-0893.html,100,100,100,100,100,100,100,100
42,flights_html/farecompare-1850.html,100,100,100,100,100,100,100,100
42,flights_html/cheapair-0857.html,100,100,100,100,100,0,100,0
42,flights_html/cheapair-1101.html,100,100,100,100,100,100,100,100
42,flights_html/farecompare-1223.html,100,100,100,100,100,100,100,100
42,flights_html/farecompare-1185.html,100,100,100,100,100,100,100,100
42,flights_html/gotogate-1118.html,100,100,100,100,100,100,100,100
42,flights_html/farecompare-1745.html,100,100,100,100,100,100,100,100
42,flights_html/tripadvisor-0965.html,100,100,100,100,100,100,100,100
42,flights_html/gotogate-0696.html,100,100,100,100,100,100,100,100
42,flights_html/cheapair-0940.html,100,100,100,100,100,100,100,100
42,flights_html/kayak-1991.html,100,100,100,100,100,100,100,100
42,flights_html/kayak-1798.html,100,100,100,100,100,100,100,100
42,flights_html/tripadvisor-1618.html,100,100,100,100,100,100,100,100
42,flights_html/kayak-2001.html,100,100,100,100,100,100,100,100
42,flights_html/cheapair-0296.html,100,100,100,100,100,100,100,100
42,flights_html/cheapair-0126.html,100,100,100,100,100,100,100,100
42,flights_html/tripadvisor-0763.html,100,100,100,100,100,100,100,100
42,flights_html/kayak-0938.html,100,100,100,100,100,100,100,100
42,flights_html/kayak-1882.html,100,100,100,100,100,100,100,100
42,flights_html/tripadvisor-1652.html,100,100,100,100,100,100,100,100
42,flights_html/kayak-0200.html,100,100,100,100,100,100,100,100
42,flights_html/farecompare-1902.html,100,100,100,100,100,100,100,100
42,flights_html/cheapair-0974.html,100,100,100,100,100,100,100,100
42,flights_html/farecompare-2012.html,100,100,100,100,100,100,100,100
42,flights_html/kayak-0906.html,0,100,100,100,100,0,100,0
42,flights_html/cheapair-0162.html,100,100,100,100,100,0,100,0
42,flights_html/gotogate-2145.html,100,100,100,100,100,100,100,100
42,flights_html/farecompare-0934.html,100,100,100,100,100,100,100,100
42,flights_html/tripadvisor-1850.html,100,100,100,100,100,100,100,100
42,flights_html/cheapair-0715.html,100,100,100,100,100,0,100,0
42,flights_html/tripadvisor-0572.html,100,100,100,100,100,100,100,100
42,flights_html/gotogate-1235.html,100,100,100,100,100,100,100,100
42,flights_html/gotogate-1949.html,100,100,100,100,100,100,100,100
42,flights_html/farecompare-1256.html,100,100,100,100,100,100,100,100
42,flights_html/farecompare-2002.html,100,100,100,100,100,100,100,100
42,flights_html/tripadvisor-0255.html,100,100,100,100,100,100,100,100
42,flights_html/tripadvisor-0746.html,100,100,100,100,100,100,100,100
42,flights_html/cheapair-0814.html,100,100,100,100,100,100,100,100
42,flights_html/gotogate-1786.html,100,100,100,100,100,100,100,100
42,flights_html/farecompare-0460.html,100,100,100,100,100,100,100,100
42,flights_html/tripadvisor-0754.html,100,100,100,100,100,100,100,100
42,flights_html/cheapair-0273.html,100,100,100,100,100,0,100,0
42,flights_html/kayak-0310.html,100,100,100,100,100,100,100,100
42,flights_html/gotogate-1580.html,100,100,100,100,100,100,100,100
42,flights_html/farecompare-1778.html,100,100,100,100,100,100,100,100
42,flights_html/cheapair-1121.html,100,100,100,100,100,100,100,100
42,flights_html/cheapair-1195.html,100,100,100,100,100,100,100,100
42,flights_html/cheapair-0232.html,100,100,100,100,100,100,100,100
42,flights_html/cheapair-0592.html,100,100,100,100,100,0,100,0
42,flights_html/gotogate-0076.html,100,100,100,100,100,100,100,100
42,flights_html/gotogate-2131.html,100,100,100,100,100,100,100,100
42,flights_html/kayak-0720.html,100,100,100,100,100,100,100,100
42,flights_html/kayak-1356.html,100,100,100,100,100,100,100,100
42,flights_html/kayak-0693.html,100,100,100,100,100,100,100,100
42,flights_html/kayak-1807.html,0,100,100,100,100,0,100,0
42,flights_html/tripadvisor-1599.html,100,100,100,100,100,100,100,100
42,flights_html/farecompare-0932.html,100,100,100,100,100,100,100,100
42,flights_html/kayak-1512.html,100,100,100,100,100,100,100,100
42,flights_html/gotogate-1108.html,100,100,100,100,100,100,100,100
42,flights_html/tripadvisor-1126.html,100,100,100,100,100,100,100,100
42,flights_html/gotogate-1680.html,100,100,100,100,100,100,100,100
42,flights_html/gotogate-0292.html,100,100,100,100,100,100,100,100
42,flights_html/tripadvisor-0019.html,100,100,100,100,100,100,100,100
42,flights_html/kayak-0511.html,100,100,100,100,100,100,100,100
42,flights_html/gotogate-0220.html,100,100,100,100,100,100,100,100
42,flights_html/tripadvisor-0128.html,100,100,100,100,100,100,100,100
42,flights_html/cheapair-1502.html,100,100,100,100,100,100,100,100
42,flights_html/gotogate-1373.html,100,100,100,100,100,100,100,100
42,flights_html/cheapair-0793.html,100,100,100,100,100,100,100,100
42,flights_html/farecompare-2306.html,100,100,100,100,100,100,100,100
42,flights_html/tripadvisor-0511.html,100,100,100,100,100,100,100,100
42,flights_html/tripadvisor-1445.html,100,100,100,100,100,100,100,100
42,flights_html/cheapair-1234.html,100,100,100,100,100,0,100,0
42,flights_html/kayak-1473.html,100,100,100,100,100,100,100,100
42,flights_html/tripadvisor-0717.html,100,100,100,100,100,100,100,100
42,flights_html/cheapair-1434.html,100,100,100,100,100,0,100,0
42,flights_html/tripadvisor-1154.html,100,100,100,100,100,100,100,100
42,flights_html/gotogate-0728.html,100,100,100,100,100,100,100,100
42,flights_html/kayak-1502.html,100,100,100,100,100,100,100,100
42,flights_html/gotogate-0827.html,100,100,100,100,100,100,100,100
42,flights_html/kayak-0688.html,100,100,100,100,100,100,100,100
42,flights_html/farecompare-2170.html,100,100,100,100,100,100,100,100
42,flights_html/cheapair-2000.html,100,100,100,100,100,100,100,100
42,flights_html/kayak-0719.html,100,100,100,100,100,100,100,100
42,flights_html/gotogate-0863.html,100,100,100,100,100,100,100,100
42,flights_html/tripadvisor-0179.html,100,100,100,100,100,100,100,100
42,flights_html/tripadvisor-0618.html,100,100,100,100,100,100,100,100
42,flights_html/farecompare-1160.html,100,100,100,100,100,100,100,100
42,flights_html/tripadvisor-1399.html,100,100,100,100,100,100,100,100
42,flights_html/cheapair-1875.html,100,100,100,100,100,0,100,0
42,flights_html/cheapair-0759.html,100,100,100,100,100,100,100,100
42,flights_html/tripadvisor-1494.html,100,100,100,100,100,100,100,100
42,flights_html/gotogate-0474.html,100,100,100,100,100,100,100,100
42,flights_html/tripadvisor-1777.html,100,100,100,100,100,100,100,100
42,flights_html/tripadvisor-0454.html,100,100,100,100,100,100,100,100
42,flights_html/tripadvisor-0522.html,100,100,100,0,100,100,100,0
42,flights_html/tripadvisor-1543.html,100,100,100,0,100,100,100,0
42,flights_html/cheapair-0401.html,100,100,100,100,100,100,100,100
42,flights_html/cheapair-1424.html,100,100,100,100,100,100,100,100
42,flights_html/tripadvisor-1122.html,100,100,100,100,100,100,100,100
42,flights_html/kayak-1541.html,100,100,100,100,100,100,100,100
42,flights_html/kayak-1649.html,100,100,100,100,100,100,100,100
42,flights_html/gotogate-0150.html,100,100,100,100,100,100,100,100
42,flights_html/farecompare-0527.html,100,100,100,100,100,100,100,100
42,flights_html/cheapair-0299.html,100,100,100,100,100,100,100,100
42,flights_html/gotogate-1601.html,100,100,100,100,100,100,100,100
42,flights_html/tripadvisor-2016.html,100,100,100,100,100,100,100,100
42,flights_html/tripadvisor-0309.html,100,100,100,100,100,100,100,100
42,flights_html/farecompare-0373.html,100,100,100,100,100,100,100,100
42,flights_html/cheapair-0602.html,100,100,100,100,100,100,100,100
42,flights_html/gotogate-0676.html,100,100,100,100,100,100,100,100
42,flights_html/farecompare-1302.html,100,100,100,100,100,100,100,100
42,flights_html/cheapair-0032.html,100,100,100,100,100,0,100,0
42,flights_html/farecompare-0128.html,100,100,100,100,100,100,100,100
42,flights_html/tripadvisor-1098.html,100,100,100,100,100,100,100,100
42,flights_html/cheapair-0528.html,100,100,100,100,100,100,100,100
42,flights_html/kayak-0609.html,100,100,100,100,100,100,100,100
42,flights_html/cheapair-0332.html,100,100,100,100,100,100,100,100
42,flights_html/gotogate-0540.html,100,100,100,100,100,100,100,100
42,flights_html/cheapair-1510.html,100,100,100,100,100,100,100,100
42,flights_html/tripadvisor-0810.html,100,100,100,100,100,100,100,100
42,flights_html/farecompare-0639.html,100,100,100,100,100,100,100,100
42,flights_html/kayak-0813.html,0,100,100,100,100,0,100,0
42,flights_html/gotogate-1678.html,100,100,100,100,100,100,100,100
42,flights_html/farecompare-1589.html,100,100,100,100,100,100,100,100
42,flights_html/cheapair-1566.html,100,100,100,100,100,100,100,100
42,flights_html/farecompare-1315.html,100,100,100,100,100,100,100,100
42,flights_html/cheapair-0726.html,100,100,100,100,100,0,100,0
42,flights_html/cheapair-0142.html,100,100,100,100,100,0,100,0
42,flights_html/kayak-1957.html,100,100,100,100,100,0,100,0
42,flights_html/tripadvisor-0951.html,100,100,100,100,100,100,100,100
42,flights_html/gotogate-1637.html,100,100,100,100,100,100,100,100
42,flights_html/kayak-1096.html,100,100,100,100,100,100,100,100
42,flights_html/tripadvisor-0402.html,100,100,100,0,100,100,100,0
42,flights_html/cheapair-0518.html,100,100,100,100,100,100,100,100
42,flights_html/tripadvisor-0252.html,100,100,100,0,100,100,100,0
42,flights_html/farecompare-1391.html,100,100,100,100,100,100,100,100
42,flights_html/cheapair-0564.html,100,100,100,100,100,100,100,100
42,flights_html/gotogate-0876.html,100,100,100,100,100,100,100,100
42,flights_html/farecompare-0523.html,100,100,100,100,100,100,100,100
42,flights_html/tripadvisor-0117.html,100,100,100,100,100,100,100,100
42,flights_html/kayak-1313.html,100,100,100,100,100,100,100,100
42,flights_html/cheapair-0622.html,100,100,100,100,100,0,100,0
42,flights_html/farecompare-2158.html,100,100,100,100,100,100,100,100
42,flights_html/tripadvisor-1228.html,100,100,100,100,100,100,100,100
42,flights_html/cheapair-0443.html,100,100,100,100,100,100,100,100
42,flights_html/cheapair-1936.html,100,100,100,100,100,100,100,100
42,flights_html/farecompare-2048.html,100,100,100,100,100,100,100,100
42,flights_html/gotogate-1815.html,100,100,100,100,100,100,100,100
42,flights_html/tripadvisor-1244.html,100,100,100,100,100,100,100,100
42,flights_html/kayak-0863.html,0,100,100,100,100,0,100,0
42,flights_html/cheapair-1988.html,100,100,100,100,100,100,100,100
42,flights_html/tripadvisor-0500.html,100,100,100,100,100,100,100,100
42,flights_html/gotogate-0954.html,100,100,100,100,100,100,100,100
42,flights_html/farecompare-1636.html,100,100,100,100,100,100,100,100
42,flights_html/kayak-0933.html,100,100,100,100,100,100,100,100
42,flights_html/tripadvisor-0071.html,100,100,100,100,100,100,100,100
42,flights_html/farecompare-1938.html,100,100,100,100,100,100,100,100
42,flights_html/cheapair-1587.html,100,100,100,100,100,100,100,100
42,flights_html/kayak-0410.html,100,100,100,100,100,100,100,100
42,flights_html/gotogate-0182.html,100,100,100,100,100,100,100,100
42,flights_html/farecompare-0642.html,100,100,100,100,100,100,100,100
42,flights_html/tripadvisor-1278.html,100,100,100,100,100,100,100,100
42,flights_html/kayak-0606.html,100,100,100,100,100,100,100,100
42,flights_html/tripadvisor-0553.html,100,100,100,100,100,100,100,100
42,flights_html/kayak-1580.html,100,100,100,100,100,100,100,100
42,flights_html/cheapair-1626.html,100,100,100,100,100,0,100,0
42,flights_html/tripadvisor-0693.html,100,100,100,100,100,100,100,100
42,flights_html/gotogate-0653.html,100,100,100,100,100,100,100,100
42,flights_html/tripadvisor-1953.html,100,100,100,100,100,100,100,100
42,flights_html/cheapair-0158.html,100,100,100,100,100,0,100,0
42,flights_html/tripadvisor-1282.html,100,100,100,100,100,100,100,100
42,flights_html/tripadvisor-0711.html,100,100,100,100,100,100,100,100
42,flights_html/tripadvisor-0290.html,100,100,100,0,100,100,100,0
42,flights_html/tripadvisor-1479.html,100,100,100,100,100,100,100,100
42,flights_html/tripadvisor-0189.html,100,100,100,100,100,100,100,100
42,flights_html/kayak-1817.html,100,100,100,100,100,100,100,100
42,flights_html/kayak-1187.html,100,100,100,100,100,100,100,100
42,flights_html/tripadvisor-1521.html,100,100,100,0,100,100,100,0
42,flights_html/kayak-1742.html,100,100,100,100,100,100,100,100
42,flights_html/tripadvisor-0848.html,100,100,100,100,100,100,100,100
42,flights_html/gotogate-1148.html,100,100,100,100,100,100,100,100
42,flights_html/gotogate-1259.html,100,100,100,100,100,100,100,100
42,flights_html/kayak-1126.html,100,100,100,100,100,0,100,0
42,flights_html/farecompare-0136.html,100,100,100,100,100,100,100,100
42,flights_html/gotogate-1855.html,100,100,100,100,100,100,100,100
42,flights_html/cheapair-1093.html,100,100,100,100,100,100,100,100
42,flights_html/cheapair-1410.html,100,100,100,100,100,0,100,0
42,flights_html/cheapair-0719.html,100,100,100,100,100,0,100,0
42,flights_html/kayak-0867.html,100,100,100,100,100,100,100,100
42,flights_html/cheapair-1286.html,100,100,100,100,100,0,100,0
42,flights_html/farecompare-0456.html,100,100,100,100,100,100,100,100
42,flights_html/cheapair-1258.html,100,100,100,100,100,100,100,100
42,flights_html/tripadvisor-1052.html,100,100,100,100,100,100,100,100
42,flights_html/cheapair-1554.html,100,100,100,100,100,100,100,100
42,flights_html/kayak-1068.html,100,100,100,100,100,100,100,100
42,flights_html/farecompare-0215.html,100,100,100,100,100,100,100,100
42,flights_html/farecompare-1877.html,100,100,100,100,100,100,100,100
42,flights_html/farecompare-1724.html,100,100,100,100,100,100,100,100
42,flights_html/farecompare-0863.html,100,100,100,100,100,100,100,100
42,flights_html/cheapair-0542.html,100,100,100,100,100,100,100,100
42,flights_html/gotogate-0793.html,100,100,100,100,100,100,100,100
42,flights_html/kayak-1815.html,0,100,100,100,100,0,100,0
42,flights_html/farecompare-0319.html,100,100,100,100,100,100,100,100
42,flights_html/farecompare-0984.html,100,100,100,100,100,100,100,100
42,flights_html/tripadvisor-1545.html,100,100,100,0,100,100,100,0
42,flights_html/farecompare-0116.html,100,100,100,100,100,100,100,100
42,flights_html/gotogate-1330.html,100,100,100,100,100,100,100,100
42,flights_html/tripadvisor-1701.html,100,100,100,100,100,100,100,100
42,flights_html/kayak-1505.html,100,100,100,100,100,100,100,100
42,flights_html/tripadvisor-0207.html,100,100,100,100,100,100,100,100
42,flights_html/tripadvisor-0738.html,100,100,100,100,100,100,100,100
42,flights_html/kayak-1076.html,100,100,100,100,100,100,100,100
42,flights_html/tripadvisor-1078.html,100,100,100,100,100,100,100,100
42,flights_html/farecompare-0682.html,100,100,100,100,100,100,100,100
42,flights_html/tripadvisor-1326.html,100,100,100,100,100,100,100,100
42,flights_html/tripadvisor-1022.html,100,100,100,0,100,100,100,0
42,flights_html/tripadvisor-0889.html,100,100,100,100,100,100,100,100
42,flights_html/farecompare-0547.html,100,100,100,100,100,100,100,100
42,flights_html/tripadvisor-0042.html,100,100,100,100,100,100,100,100
42,flights_html/gotogate-1794.html,100,100,100,100,100,100,100,100
42,flights_html/tripadvisor-1143.html,100,100,100,100,100,100,100,100
42,flights_html/kayak-0263.html,0,100,100,100,100,0,100,0
42,flights_html/tripadvisor-0021.html,100,100,100,100,100,100,100,100
42,flights_html/kayak-1514.html,100,100,100,100,100,100,100,100
42,flights_html/tripadvisor-1645.html,100,100,100,100,100,100,100,100
42,flights_html/farecompare-0283.html,100,100,100,100,100,100,100,100
42,flights_html/tripadvisor-0507.html,100,100,100,100,100,100,100,100
42,flights_html/farecompare-0632.html,100,100,100,100,100,100,100,100
42,flights_html/tripadvisor-1803.html,100,100,100,100,100,100,100,100
42,flights_html/tripadvisor-0341.html,100,100,100,100,100,100,100,100
42,flights_html/farecompare-0402.html,100,100,0,100,100,100,100,0
42,flights_html/farecompare-0551.html,100,100,100,100,100,100,100,100
42,flights_html/kayak-1501.html,100,100,100,100,100,100,100,100
42,flights_html/gotogate-0818.html,100,100,100,100,100,100,100,100
42,flights_html/kayak-0233.html,100,100,100,100,100,100,100,100
42,flights_html/tripadvisor-1476.html,100,100,100,100,100,100,100,100
42,flights_html/cheapair-1290.html,100,100,100,100,100,0,100,0
42,flights_html/gotogate-1885.html,100,100,100,100,100,100,100,100
42,flights_html/gotogate-1908.html,100,100,100,100,100,100,100,100
42,flights_html/tripadvisor-0632.html,100,100,100,100,100,100,100,100
42,flights_html/farecompare-0958.html,100,100,100,100,100,100,100,100
42,flights_html/farecompare-1338.html,100,100,100,100,100,100,100,100
42,flights_html/gotogate-0883.html,100,100,100,100,100,100,100,100
42,flights_html/cheapair-1149.html,100,100,100,100,100,0,100,0
42,flights_html/cheapair-1138.html,100,100,100,100,100,100,100,100
42,flights_html/tripadvisor-0560.html,100,100,100,0,100,100,100,0
42,flights_html/cheapair-0444.html,100,100,100,100,100,100,100,100
42,flights_html/cheapair-0812.html,100,100,100,100,100,0,100,0
42,flights_html/tripadvisor-0070.html,100,100,100,100,100,100,100,100
42,flights_html/cheapair-0208.html,100,100,100,100,100,0,100,0
42,flights_html/kayak-0751.html,0,100,100,100,100,0,100,0
42,flights_html/cheapair-0895.html,100,100,100,100,100,0,100,0
42,flights_html/farecompare-1208.html,100,100,100,100,100,100,100,100
42,flights_html/farecompare-1757.html,100,100,100,100,100,100,100,100
42,flights_html/kayak-0388.html,100,100,100,100,100,100,100,100
42,flights_html/kayak-0805.html,0,100,100,100,100,100,100,0
42,flights_html/farecompare-0236.html,100,100,100,100,100,100,100,100
42,flights_html/farecompare-0710.html,100,100,100,100,100,100,100,100
42,flights_html/gotogate-0329.html,100,100,100,100,100,100,100,100
42,flights_html/kayak-1419.html,0,100,100,100,100,0,100,0
42,flights_html/gotogate-0369.html,100,100,100,100,100,100,100,100
42,flights_html/tripadvisor-2018.html,100,100,100,100,100,100,100,100
42,flights_html/gotogate-1139.html,100,100,100,100,100,100,100,100
42,flights_html/farecompare-0196.html,100,100,100,100,100,100,100,100
42,flights_html/kayak-0835.html,0,100,100,100,100,0,100,0
42,flights_html/farecompare-1759.html,100,100,100,100,100,100,100,100
42,flights_html/farecompare-1923.html,100,100,100,100,100,100,100,100
42,flights_html/kayak-0595.html,100,100,100,100,100,100,100,100
42,flights_html/farecompare-0408.html,100,100,100,100,100,100,100,100
42,flights_html/tripadvisor-0896.html,100,100,100,100,100,100,100,100
42,flights_html/kayak-0850.html,100,100,100,100,100,100,100,100
42,flights_html/tripadvisor-1185.html,100,100,100,100,100,100,100,100
42,flights_html/tripadvisor-1456.html,100,100,100,100,100,100,100,100
42,flights_html/cheapair-1919.html,100,100,100,100,100,0,100,0
42,flights_html/gotogate-0049.html,100,100,100,100,100,100,100,100
42,flights_html/farecompare-1674.html,100,100,100,100,100,100,100,100
42,flights_html/cheapair-1963.html,100,100,100,100,100,0,100,0
42,flights_html/gotogate-2217.html,100,100,100,100,100,100,100,100
42,flights_html/cheapair-0714.html,100,100,100,100,100,0,100,0
42,flights_html/tripadvisor-0384.html,100,100,100,0,100,100,100,0
42,flights_html/gotogate-1723.html,100,100,100,100,100,100,100,100
42,flights_html/gotogate-2082.html,100,100,100,100,100,100,100,100
42,flights_html/tripadvisor-1368.html,100,100,100,100,100,100,100,100
42,flights_html/kayak-0350.html,100,100,100,100,100,100,100,100
42,flights_html/gotogate-0448.html,100,100,100,100,100,100,100,100
42,flights_html/gotogate-1039.html,100,100,100,100,100,100,100,100
42,flights_html/tripadvisor-1105.html,100,100,100,100,100,100,100,100
42,flights_html/farecompare-1175.html,100,100,100,100,100,100,100,100
42,flights_html/cheapair-1298.html,100,100,100,100,100,0,100,0
42,flights_html/farecompare-1189.html,100,100,100,100,100,100,100,100
42,flights_html/kayak-0837.html,100,100,100,100,100,100,100,100
42,flights_html/farecompare-1634.html,100,100,100,100,100,100,100,100
42,flights_html/gotogate-0203.html,100,100,100,100,100,100,100,100
42,flights_html/cheapair-1757.html,100,100,100,100,100,0,100,0
42,flights_html/farecompare-0666.html,100,100,100,100,100,100,100,100
42,flights_html/tripadvisor-0888.html,100,100,100,100,100,100,100,100
42,flights_html/tripadvisor-1530.html,100,100,100,0,100,100,100,0
42,flights_html/kayak-0080.html,0,100,100,100,100,0,100,0
42,flights_html/gotogate-2045.html,100,100,100,100,100,100,100,100
42,flights_html/cheapair-0684.html,100,100,100,100,100,100,100,100
42,flights_html/farecompare-1819.html,100,100,100,100,100,100,100,100
42,flights_html/farecompare-2377.html,100,100,100,100,100,100,100,100
42,flights_html/gotogate-1218.html,100,100,100,100,100,100,100,100
42,flights_html/gotogate-0073.html,100,100,100,100,100,100,100,100
42,flights_html/gotogate-0361.html,100,100,100,100,100,100,100,100
42,flights_html/kayak-0051.html,100,100,100,100,100,100,100,100
42,flights_html/cheapair-0507.html,100,100,100,100,100,0,100,0
42,flights_html/farecompare-0925.html,100,100,100,100,100,100,100,100
42,flights_html/cheapair-1391.html,100,100,100,100,100,0,100,0
42,flights_html/kayak-0405.html,100,100,100,100,100,100,100,100
42,flights_html/farecompare-0957.html,100,100,100,100,100,100,100,100
42,flights_html/gotogate-0018.html,100,100,100,100,100,100,100,100
42,flights_html/gotogate-1659.html,100,100,100,100,100,100,100,100
42,flights_html/gotogate-1182.html,100,100,100,100,100,100,100,100
42,flights_html/cheapair-0950.html,100,100,100,100,100,100,100,100
42,flights_html/gotogate-1687.html,100,100,100,100,100,100,100,100
42,flights_html/cheapair-0654.html,100,100,100,100,100,0,100,0
42,flights_html/farecompare-0760.html,100,100,100,100,100,100,100,100
42,flights_html/cheapair-0053.html,100,100,100,100,100,100,100,100
42,flights_html/farecompare-1143.html,100,100,100,100,100,100,100,100
42,flights_html/cheapair-0777.html,100,100,100,100,100,100,100,100
42,flights_html/farecompare-1442.html,100,100,100,100,100,100,100,100
42,flights_html/kayak-0907.html,100,100,100,100,100,100,100,100
42,flights_html/tripadvisor-1027.html,100,100,100,0,100,100,100,0
42,flights_html/cheapair-1273.html,100,100,100,100,100,100,100,100
42,flights_html/kayak-1444.html,0,100,100,100,100,0,100,0
42,flights_html/tripadvisor-1104.html,100,100,100,100,100,100,100,100
42,flights_html/cheapair-1769.html,100,100,100,100,100,0,100,0
42,flights_html/tripadvisor-1472.html,100,100,100,100,100,100,100,100
42,flights_html/kayak-0111.html,100,100,100,100,100,100,100,100
42,flights_html/farecompare-1261.html,100,100,100,100,100,100,100,100
42,flights_html/tripadvisor-0157.html,100,100,100,100,100,100,100,100
42,flights_html/kayak-0158.html,100,100,100,100,100,100,100,100
42,flights_html/tripadvisor-1130.html,100,100,100,100,100,100,100,100
42,flights_html/kayak-1015.html,100,100,100,100,100,100,100,100
42,flights_html/gotogate-0506.html,100,100,100,100,100,100,100,100
42,flights_html/farecompare-1477.html,100,100,100,100,100,100,100,100
42,flights_html/farecompare-1927.html,100,100,100,100,100,100,100,100
42,flights_html/tripadvisor-1875.html,100,100,100,100,100,100,100,100
42,flights_html/tripadvisor-0945.html,100,100,100,100,100,100,100,100
42,flights_html/farecompare-0028.html,100,100,100,100,100,100,100,100
42,flights_html/farecompare-0882.html,100,100,100,100,100,100,100,100
42,flights_html/cheapair-1133.html,100,100,100,100,100,100,100,100
42,flights_html/gotogate-1476.html,100,100,100,100,100,100,100,100
42,flights_html/farecompare-0146.html,100,100,100,100,100,100,100,100
42,flights_html/tripadvisor-0964.html,100,100,100,100,100,100,100,100
42,flights_html/farecompare-1673.html,100,100,100,100,100,100,100,100
42,flights_html/cheapair-0450.html,100,100,100,100,100,100,100,100
42,flights_html/cheapair-1949.html,100,100,100,100,100,100,100,100
42,flights_html/farecompare-0544.html,100,100,100,100,100,100,100,100
42,flights_html/cheapair-0253.html,100,100,100,100,100,0,100,0
42,flights_html/cheapair-0099.html,100,100,100,100,100,0,100,0
42,flights_html/cheapair-0678.html,100,100,100,100,100,100,100,100
42,flights_html/farecompare-1488.html,100,100,100,100,100,100,100,100
42,flights_html/kayak-1705.html,100,100,100,100,100,100,100,100
42,flights_html/gotogate-1856.html,100,100,100,100,100,100,100,100
42,flights_html/gotogate-1919.html,100,100,100,100,100,100,100,100
42,flights_html/cheapair-0144.html,100,100,100,100,100,100,100,100
42,flights_html/farecompare-0231.html,100,100,100,100,100,100,100,100
42,flights_html/gotogate-1270.html,100,100,100,100,100,100,100,100
42,flights_html/gotogate-1201.html,100,100,100,100,100,100,100,100
42,flights_html/kayak-1727.html,100,100,100,100,100,100,100,100
42,flights_html/kayak-1144.html,100,100,100,100,100,100,100,100
42,flights_html/farecompare-2359.html,100,100,100,100,100,100,100,100
42,flights_html/farecompare-2011.html,100,100,100,100,100,100,100,100
42,flights_html/gotogate-0354.html,100,100,100,100,100,100,100,100
42,flights_html/farecompare-0173.html,100,100,100,100,100,100,100,100
42,flights_html/farecompare-2043.html,100,100,100,100,100,100,100,100
42,flights_html/cheapair-1908.html,100,100,100,100,100,0,100,0
42,flights_html/cheapair-0037.html,100,100,100,100,100,0,100,0
42,flights_html/cheapair-1374.html,100,100,100,100,100,0,100,0
42,flights_html/cheapair-1501.html,100,100,100,100,100,100,100,100
42,flights_html/cheapair-1066.html,100,100,100,100,100,0,100,0
42,flights_html/farecompare-0058.html,100,100,100,100,100,100,100,100
42,flights_html/farecompare-0175.html,100,100,100,100,100,100,100,100
42,flights_html/farecompare-1782.html,100,100,100,100,100,100,100,100
42,flights_html/cheapair-0522.html,100,100,100,100,100,100,100,100
42,flights_html/cheapair-0634.html,100,100,100,100,100,100,100,100
42,flights_html/gotogate-1412.html,100,100,100,100,100,100,100,100
42,flights_html/farecompare-2115.html,100,100,100,100,100,100,100,100
42,flights_html/tripadvisor-0267.html,100,100,100,100,100,100,100,100
42,flights_html/kayak-0557.html,100,100,100,100,100,100,100,100
42,flights_html/farecompare-1531.html,100,100,100,100,100,100,100,100
42,flights_html/kayak-1888.html,100,100,100,100,100,100,100,100
42,flights_html/farecompare-0550.html,100,100,100,100,100,100,100,100
42,flights_html/gotogate-0396.html,100,100,100,100,100,100,100,100
42,flights_html/kayak-1626.html,100,100,100,100,100,100,100,100
42,flights_html/kayak-0549.html,100,100,100,100,100,100,100,100
42,flights_html/gotogate-0524.html,100,100,100,100,100,100,100,100
42,flights_html/cheapair-1941.html,100,100,100,100,100,100,100,100
42,flights_html/tripadvisor-0627.html,100,100,100,100,100,100,100,100
42,flights_html/farecompare-0857.html,100,100,100,100,100,100,100,100
42,flights_html/kayak-1124.html,100,100,100,100,100,100,100,100
42,flights_html/kayak-1713.html,100,100,100,100,100,100,100,100
42,flights_html/gotogate-1485.html,100,100,100,100,100,100,100,100
42,flights_html/farecompare-0056.html,100,100,100,100,100,100,100,100
42,flights_html/kayak-1800.html,0,100,100,100,100,0,100,0
42,flights_html/tripadvisor-1205.html,100,100,100,100,100,100,100,100
42,flights_html/gotogate-2215.html,100,100,100,100,100,100,100,100
42,flights_html/kayak-0305.html,0,100,100,100,100,100,100,0
42,flights_html/tripadvisor-0750.html,100,100,100,100,100,100,100,100
42,flights_html/cheapair-1911.html,100,100,100,100,100,0,100,0
42,flights_html/cheapair-0948.html,100,100,100,100,100,100,100,100
42,flights_html/kayak-1112.html,100,100,100,100,100,100,100,100
42,flights_html/cheapair-0692.html,100,100,100,100,100,0,100,0
42,flights_html/cheapair-1385.html,100,100,100,100,100,100,100,100
42,flights_html/cheapair-1602.html,100,100,100,100,100,100,100,100
42,flights_html/farecompare-1944.html,100,100,100,100,100,100,100,100
42,flights_html/tripadvisor-1604.html,100,100,100,100,100,100,100,100
42,flights_html/kayak-0798.html,0,100,100,100,100,100,100,0
42,flights_html/farecompare-0153.html,100,100,100,100,100,100,100,100
42,flights_html/farecompare-1169.html,100,100,100,100,100,100,100,100
42,flights_html/farecompare-1880.html,100,100,100,100,100,100,100,100
42,flights_html/tripadvisor-0007.html,100,100,100,100,100,100,100,100
42,flights_html/gotogate-1383.html,100,100,100,100,100,100,100,100
42,flights_html/farecompare-0393.html,100,100,100,100,100,100,100,100
42,flights_html/kayak-1946.html,0,100,100,100,100,0,100,0
42,flights_html/tripadvisor-1710.html,100,100,100,100,100,100,100,100
42,flights_html/gotogate-0558.html,100,100,100,100,100,100,100,100
42,flights_html/tripadvisor-1294.html,100,100,100,100,100,100,100,100
42,flights_html/farecompare-0179.html,100,100,100,100,100,100,100,100
42,flights_html/farecompare-1483.html,100,100,100,100,100,100,100,100
42,flights_html/cheapair-0363.html,100,100,100,100,100,100,100,100
42,flights_html/kayak-0705.html,100,100,100,100,100,100,100,100
42,flights_html/gotogate-0605.html,100,100,100,100,100,100,100,100
42,flights_html/cheapair-0827.html,100,100,100,100,100,100,100,100
42,flights_html/gotogate-0102.html,100,100,100,100,100,100,100,100
42,flights_html/gotogate-0179.html,100,100,100,100,100,100,100,100
42,flights_html/kayak-1960.html,100,100,100,100,100,100,100,100
42,flights_html/gotogate-1023.html,100,100,100,100,100,100,100,100
42,flights_html/farecompare-0875.html,100,100,100,100,100,100,100,100
42,flights_html/kayak-1657.html,0,100,100,100,100,100,100,0
42,flights_html/gotogate-2000.html,100,100,100,100,100,100,100,100
42,flights_html/kayak-0899.html,100,100,100,100,100,100,100,100
42,flights_html/cheapair-1029.html,100,100,100,100,100,100,100,100
42,flights_html/cheapair-0111.html,100,100,100,100,100,100,100,100
42,flights_html/cheapair-1588.html,100,100,100,100,100,100,100,100
42,flights_html/tripadvisor-1012.html,100,100,100,100,100,100,100,100
42,flights_html/tripadvisor-0261.html,100,100,100,100,100,100,100,100
42,flights_html/kayak-0724.html,100,100,100,100,100,100,100,100
42,flights_html/farecompare-2086.html,100,100,100,100,100,100,100,100
42,flights_html/farecompare-1042.html,100,100,100,100,100,100,100,100
42,flights_html/tripadvisor-1249.html,100,100,100,100,100,100,100,100
42,flights_html/cheapair-1772.html,100,100,100,100,100,100,100,100
42,flights_html/gotogate-1262.html,100,100,100,100,100,100,100,100
42,flights_html/tripadvisor-0541.html,100,100,100,100,100,100,100,100
42,flights_html/cheapair-0088.html,100,100,100,100,100,0,100,0
42,flights_html/gotogate-1692.html,100,100,100,100,100,100,100,100
42,flights_html/tripadvisor-1878.html,100,100,100,100,100,100,100,100
42,flights_html/tripadvisor-0551.html,100,100,100,100,100,100,100,100
42,flights_html/farecompare-1071.html,100,100,100,100,100,100,100,100
42,flights_html/gotogate-0840.html,100,100,100,100,100,100,100,100
42,flights_html/gotogate-2200.html,100,100,100,100,100,100,100,100
42,flights_html/gotogate-1300.html,100,100,100,100,100,100,100,100
42,flights_html/farecompare-0125.html,100,100,100,100,100,100,100,100
42,flights_html/tripadvisor-0266.html,100,100,100,100,100,100,100,100
42,flights_html/gotogate-1965.html,100,100,100,100,100,100,100,100
42,flights_html/farecompare-2244.html,100,100,100,100,100,100,100,100
42,flights_html/gotogate-0138.html,100,100,100,100,100,100,100,100
42,flights_html/cheapair-1188.html,100,100,100,100,100,100,100,100
42,flights_html/farecompare-1274.html,100,100,100,100,100,100,100,100
42,flights_html/farecompare-2312.html,100,100,100,100,100,100,100,100
42,flights_html/cheapair-1535.html,100,100,100,100,100,0,100,0
42,flights_html/cheapair-0257.html,100,100,100,100,100,0,100,0
42,flights_html/tripadvisor-0398.html,100,100,100,100,100,100,100,100
42,flights_html/kayak-0703.html,100,100,100,100,100,100,100,100
42,flights_html/cheapair-0408.html,100,100,100,100,100,100,100,100
42,flights_html/farecompare-0107.html,100,100,100,100,100,100,100,100
42,flights_html/farecompare-1760.html,100,100,100,100,100,100,100,100
42,flights_html/cheapair-0628.html,100,100,100,100,100,100,100,100
42,flights_html/farecompare-0308.html,100,100,100,100,100,100,100,100
42,flights_html/farecompare-1533.html,100,100,100,100,100,100,100,100
42,flights_html/cheapair-1733.html,100,100,100,100,100,100,100,100
42,flights_html/gotogate-1873.html,100,100,100,100,100,100,100,100
42,flights_html/gotogate-1374.html,100,100,100,100,100,100,100,100
42,flights_html/kayak-0250.html,100,100,100,100,100,100,100,100
42,flights_html/cheapair-1979.html,100,100,100,100,100,0,100,0
42,flights_html/cheapair-0653.html,100,100,100,100,100,100,100,100
42,flights_html/gotogate-1992.html,100,100,100,100,100,100,100,100
42,flights_html/gotogate-2050.html,100,100,100,100,100,100,100,100
42,flights_html/tripadvisor-1487.html,100,100,100,100,100,100,100,100
42,flights_html/kayak-0137.html,100,100,100,100,100,100,100,100
42,flights_html/cheapair-0389.html,100,100,100,100,100,100,100,100
42,flights_html/cheapair-1260.html,100,100,100,100,100,100,100,100
42,flights_html/farecompare-2373.html,100,100,100,100,100,100,100,100
42,flights_html/kayak-0280.html,100,100,100,100,100,100,100,100
42,flights_html/tripadvisor-0796.html,100,100,100,100,100,100,100,100
42,flights_html/cheapair-0017.html,100,100,100,100,100,0,100,0
42,flights_html/tripadvisor-0982.html,100,100,100,100,100,100,100,100
42,flights_html/kayak-0789.html,100,100,100,100,100,100,100,100
42,flights_html/cheapair-1210.html,100,100,100,100,100,100,100,100
42,flights_html/gotogate-1104.html,100,100,100,100,100,100,100,100
42,flights_html/kayak-1079.html,100,100,100,100,100,100,100,100
42,flights_html/kayak-1390.html,100,100,100,100,100,100,100,100
42,flights_html/tripadvisor-0441.html,100,100,100,100,100,100,100,100
42,flights_html/farecompare-2262.html,100,100,100,100,100,100,100,100
42,flights_html/tripadvisor-0025.html,100,100,100,0,100,100,100,0
42,flights_html/kayak-0021.html,0,100,100,100,100,0,100,0
42,flights_html/tripadvisor-0378.html,100,100,100,100,100,100,100,100
42,flights_html/gotogate-1192.html,100,100,100,100,100,100,100,100
42,flights_html/cheapair-0668.html,100,100,100,100,100,100,100,100
42,flights_html/gotogate-0508.html,100,100,100,100,100,100,100,100
42,flights_html/cheapair-0763.html,100,100,100,100,100,100,100,100
42,flights_html/kayak-0129.html,100,100,100,100,100,100,100,100
42,flights_html/tripadvisor-1942.html,100,100,100,100,100,100,100,100
42,flights_html/cheapair-0689.html,100,100,100,100,100,100,100,100
42,flights_html/cheapair-0180.html,100,100,100,100,100,100,100,100
42,flights_html/kayak-1448.html,0,100,100,100,100,0,100,0
42,flights_html/tripadvisor-1213.html,100,100,100,100,100,100,100,100
42,flights_html/tripadvisor-1469.html,100,100,100,100,100,100,100,100
42,flights_html/kayak-0965.html,100,100,100,100,100,0,100,0
42,flights_html/gotogate-0680.html,100,100,100,100,100,100,100,100
42,flights_html/kayak-0995.html,100,100,100,100,100,100,100,100
42,flights_html/kayak-1058.html,100,100,100,100,100,100,100,100
42,flights_html/farecompare-2367.html,100,100,100,100,100,100,100,100
42,flights_html/kayak-1508.html,100,100,100,100,100,100,100,100
42,flights_html/tripadvisor-0136.html,100,100,100,100,100,100,100,100
42,flights_html/tripadvisor-1939.html,100,100,100,100,100,100,100,100
42,flights_html/farecompare-0679.html,100,100,100,100,100,100,100,100
42,flights_html/tripadvisor-1786.html,100,100,100,100,100,100,100,100
42,flights_html/kayak-1327.html,100,100,100,100,100,100,100,100
42,flights_html/farecompare-1077.html,100,100,100,100,100,100,100,100
42,flights_html/farecompare-1120.html,100,100,100,100,100,100,100,100
42,flights_html/kayak-0265.html,100,100,100,100,100,100,100,100
42,flights_html/kayak-1814.html,0,100,100,100,100,0,100,0
42,flights_html/cheapair-1883.html,100,100,100,100,100,100,100,100
42,flights_html/kayak-1700.html,0,100,100,100,100,0,100,0
42,flights_html/gotogate-1044.html,100,100,100,100,100,100,100,100
42,flights_html/gotogate-2075.html,100,100,100,100,100,100,100,100
42,flights_html/gotogate-2108.html,100,100,100,100,100,100,100,100
42,flights_html/kayak-0413.html,100,100,100,100,100,100,100,100
42,flights_html/kayak-1676.html,100,100,100,100,100,100,100,100
42,flights_html/tripadvisor-0692.html,100,100,100,100,100,100,100,100
42,flights_html/cheapair-1506.html,100,100,100,100,100,100,100,100
42,flights_html/tripadvisor-0595.html,100,100,100,100,100,100,100,100
42,flights_html/cheapair-0286.html,100,100,100,100,100,100,100,100
42,flights_html/tripadvisor-0678.html,100,100,100,100,100,100,100,100
42,flights_html/cheapair-1241.html,100,100,100,100,100,0,100,0
42,flights_html/cheapair-0357.html,100,100,100,100,100,100,100,100
42,flights_html/tripadvisor-0127.html,100,100,100,100,100,100,100,100
42,flights_html/gotogate-1996.html,100,100,100,100,100,100,100,100
42,flights_html/cheapair-1281.html,100,100,100,100,100,100,100,100
42,flights_html/kayak-0197.html,100,100,100,100,100,100,100,100
42,flights_html/gotogate-0281.html,100,100,100,100,100,100,100,100
42,flights_html/kayak-1911.html,100,100,100,100,100,100,100,100
42,flights_html/gotogate-1073.html,100,100,100,100,100,100,100,100
42,flights_html/kayak-1482.html,0,100,100,100,100,0,100,0
42,flights_html/gotogate-1285.html,100,100,100,100,100,100,100,100
42,flights_html/farecompare-0240.html,100,100,100,100,100,100,100,100
42,flights_html/farecompare-1677.html,100,100,100,100,100,100,100,100
42,flights_html/cheapair-0635.html,100,100,100,100,100,100,100,100
42,flights_html/farecompare-0237.html,100,100,100,100,100,100,100,100
42,flights_html/cheapair-1536.html,100,100,100,100,100,0,100,0
42,flights_html/kayak-0562.html,100,100,100,100,100,100,100,100
42,flights_html/farecompare-0010.html,100,100,100,100,100,100,100,100
42,flights_html/gotogate-1002.html,100,100,100,100,100,100,100,100
42,flights_html/gotogate-0719.html,100,100,100,100,100,100,100,100
42,flights_html/cheapair-0212.html,100,100,100,100,100,0,100,0
42,flights_html/tripadvisor-0005.html,100,100,100,100,100,100,100,100
42,flights_html/cheapair-0831.html,100,100,100,100,100,100,100,100
42,flights_html/kayak-1714.html,100,100,100,100,100,100,100,100
42,flights_html/tripadvisor-0429.html,100,100,100,100,100,100,100,100
42,flights_html/gotogate-1169.html,100,100,100,100,100,100,100,100
42,flights_html/gotogate-1691.html,100,100,100,100,100,100,100,100
42,flights_html/tripadvisor-1084.html,100,100,100,100,100,100,100,100
42,flights_html/gotogate-0350.html,100,100,100,100,100,100,100,100
42,flights_html/farecompare-2368.html,100,100,100,100,100,100,100,100
42,flights_html/gotogate-1788.html,100,100,100,100,100,100,100,100
42,flights_html/farecompare-2331.html,100,100,100,100,100,100,100,100
42,flights_html/cheapair-0879.html,100,100,100,100,100,100,100,100
42,flights_html/cheapair-0721.html,100,100,100,100,100,0,100,0
42,flights_html/kayak-0684.html,100,100,100,100,100,100,100,100
42,flights_html/kayak-1785.html,100,100,100,100,100,100,100,100
42,flights_html/farecompare-0672.html,100,100,100,100,100,100,100,100
42,flights_html/kayak-1849.html,100,100,100,100,100,100,100,100
42,flights_html/cheapair-1430.html,100,100,100,100,100,100,100,100
42,flights_html/farecompare-0840.html,100,100,100,100,100,100,100,100
42,flights_html/gotogate-0538.html,100,100,100,100,100,100,100,100
42,flights_html/tripadvisor-1746.html,100,100,100,100,100,100,100,100
42,flights_html/kayak-0629.html,100,100,100,100,100,100,100,100
42,flights_html/kayak-0418.html,0,100,100,100,100,100,100,0
42,flights_html/farecompare-0468.html,100,100,100,100,100,100,100,100
42,flights_html/kayak-1879.html,100,100,100,100,100,100,100,100
42,flights_html/gotogate-0446.html,100,100,100,100,100,100,100,100
42,flights_html/kayak-0226.html,100,100,100,100,100,100,100,100
42,flights_html/gotogate-0159.html,100,100,100,100,100,100,100,100
42,flights_html/gotogate-0401.html,100,100,100,100,100,100,100,100
42,__SUMMARY__,96.44,100.00,99.94,97.82,100.00,89.39,99.94,86.14
