seed,file,name_presence,duration_presence,stops_presence,price_presence,departure_time_presence,arrival_time_presence,airline_presence,all7_presence
44,flights_html/gotogate-1801.html,100,100,100,100,100,100,100,100
44,flights_html/farecompare-0237.html,100,100,100,100,100,100,100,100
44,flights_html/kayak-0157.html,100,100,100,100,100,100,100,100
44,flights_html/farecompare-1262.html,100,100,100,100,100,100,100,100
44,flights_html/tripadvisor-0470.html,100,100,100,100,100,100,100,100
44,flights_html/gotogate-1003.html,100,100,100,100,100,100,100,100
44,flights_html/farecompare-1256.html,100,100,100,100,100,100,100,100
44,flights_html/tripadvisor-2031.html,100,100,100,100,100,100,100,100
44,flights_html/kayak-0735.html,100,100,100,100,100,100,100,100
44,flights_html/farecompare-1203.html,100,100,100,100,100,100,100,100
44,flights_html/kayak-0647.html,100,100,100,100,100,100,100,100
44,flights_html/cheapair-0220.html,100,100,100,100,100,100,100,100
44,flights_html/farecompare-1308.html,100,100,100,100,100,100,100,100
44,flights_html/kayak-1696.html,100,100,100,100,100,100,100,100
44,flights_html/cheapair-0930.html,100,100,100,100,100,0,100,0
44,flights_html/kayak-0634.html,0,100,100,100,100,0,100,0
44,flights_html/cheapair-0350.html,100,100,100,100,100,100,100,100
44,flights_html/cheapair-0377.html,100,100,100,100,100,100,100,100
44,flights_html/cheapair-0365.html,100,100,100,100,100,100,100,100
44,flights_html/kayak-0562.html,100,100,100,100,100,100,100,100
44,flights_html/farecompare-1435.html,100,100,100,100,100,100,100,100
44,flights_html/tripadvisor-1055.html,100,100,100,100,100,100,100,100
44,flights_html/farecompare-0867.html,100,100,100,100,100,100,100,100
44,flights_html/gotogate-0986.html,100,100,100,100,100,100,100,100
44,flights_html/tripadvisor-0955.html,100,100,100,100,100,100,100,100
44,flights_html/kayak-0250.html,100,100,100,100,100,100,100,100
44,flights_html/gotogate-2034.html,100,100,100,100,100,100,100,100
44,flights_html/farecompare-0921.html,100,100,100,100,100,100,100,100
44,flights_html/gotogate-1405.html,100,100,100,100,100,100,100,100
44,flights_html/kayak-0489.html,100,100,100,100,100,100,100,100
44,flights_html/tripadvisor-0658.html,100,100,100,100,100,100,100,100
44,flights_html/tripadvisor-0017.html,100,100,100,100,100,100,100,100
44,flights_html/farecompare-1135.html,100,100,100,100,100,100,100,100
44,flights_html/gotogate-1049.html,100,100,100,100,100,100,100,100
44,flights_html/cheapair-1338.html,100,100,100,100,100,100,100,100
44,flights_html/farecompare-1105.html,100,100,100,100,100,100,100,100
44,flights_html/gotogate-0698.html,100,100,100,100,100,100,100,100
44,flights_html/gotogate-2225.html,100,100,100,100,100,100,100,100
44,flights_html/cheapair-1270.html,100,100,100,100,100,0,100,0
44,flights_html/tripadvisor-0802.html,100,100,100,100,100,100,100,100
44,flights_html/kayak-0156.html,0,100,100,100,100,0,100,0
44,flights_html/kayak-0022.html,0,100,100,100,100,0,100,0
44,flights_html/gotogate-1328.html,100,100,100,100,100,100,100,100
44,flights_html/cheapair-0576.html,100,100,100,100,100,100,100,100
44,flights_html/tripadvisor-0827.html,100,100,100,100,100,100,100,100
44,flights_html/tripadvisor-1413.html,100,100,100,100,100,100,100,100
44,flights_html/kayak-0547.html,100,100,100,100,100,100,100,100
44,flights_html/kayak-0129.html,100,100,100,100,100,100,100,100
44,flights_html/farecompare-1195.html,100,100,100,100,100,100,100,100
44,flights_html/kayak-1587.html,0,100,100,100,100,100,100,0
44,flights_html/farecompare-0674.html,100,100,100,100,100,100,100,100
44,flights_html/gotogate-1064.html,100,100,100,100,100,100,100,100
44,flights_html/farecompare-1229.html,100,100,100,100,100,100,100,100
44,flights_html/farecompare-1231.html,100,100,100,100,100,100,100,100
44,flights_html/gotogate-1033.html,100,100,100,100,100,100,100,100
44,flights_html/tripadvisor-0933.html,100,100,100,100,100,100,100,100
44,flights_html/farecompare-1847.html,100,100,100,100,100,100,100,100
44,flights_html/gotogate-1863.html,100,100,100,100,100,100,100,100
44,flights_html/tripadvisor-0682.html,100,100,100,100,100,100,100,100
44,flights_html/kayak-1148.html,100,100,100,100,100,100,100,100
44,flights_html/gotogate-0828.html,100,100,100,100,100,100,100,100
44,flights_html/cheapair-0520.html,100,100,100,100,100,100,100,100
44,flights_html/gotogate-1390.html,100,100,100,100,100,100,100,100
44,flights_html/kayak-1721.html,100,100,100,100,100,100,100,100
44,flights_html/tripadvisor-0166.html,100,100,100,100,100,100,100,100
44,flights_html/farecompare-0694.html,100,100,100,100,100,100,100,100
44,flights_html/farecompare-1583.html,100,100,100,100,100,100,100,100
44,flights_html/kayak-1144.html,100,100,100,100,100,100,100,100
44,flights_html/cheapair-0827.html,100,100,100,100,100,100,100,100
44,flights_html/cheapair-0566.html,100,100,100,100,100,100,100,100
44,flights_html/cheapair-0020.html,100,100,100,100,100,100,100,100
44,flights_html/gotogate-1701.html,100,100,100,100,100,100,100,100
44,flights_html/farecompare-0055.html,100,100,100,100,100,100,100,100
44,flights_html/farecompare-0963.html,100,100,100,100,100,100,100,100
44,flights_html/kayak-0358.html,100,100,100,100,100,100,100,100
44,flights_html/farecompare-1004.html,100,100,100,100,100,100,100,100
44,flights_html/tripadvisor-1632.html,100,100,100,100,100,100,100,100
44,flights_html/farecompare-1810.html,100,100,100,100,100,100,100,100
44,flights_html/farecompare-1396.html,100,100,100,100,100,100,100,100
44,flights_html/gotogate-1635.html,100,100,100,100,100,100,100,100
44,flights_html/farecompare-2177.html,100,100,100,100,100,100,100,100
44,flights_html/gotogate-1661.html,100,100,100,100,100,100,100,100
44,flights_html/tripadvisor-0147.html,100,100,100,100,100,100,100,100
44,flights_html/farecompare-2400.html,100,100,100,100,100,100,100,100
44,flights_html/gotogate-0284.html,100,100,100,100,100,100,100,100
44,flights_html/kayak-1246.html,0,100,100,100,100,0,100,0
44,flights_html/kayak-1970.html,0,100,100,100,100,0,100,0
44,flights_html/kayak-0563.html,100,100,100,100,100,100,100,100
44,flights_html/farecompare-1235.html,100,100,100,100,100,100,100,100
44,flights_html/farecompare-0879.html,100,100,100,100,100,100,100,100
44,flights_html/farecompare-1763.html,100,100,100,100,100,100,100,100
44,flights_html/farecompare-2019.html,100,100,100,100,100,100,100,100
44,flights_html/kayak-0942.html,0,100,100,100,100,0,100,0
44,flights_html/tripadvisor-1608.html,100,100,100,100,100,100,100,100
44,flights_html/tripadvisor-1897.html,100,100,100,100,100,100,100,100
44,flights_html/farecompare-1405.html,100,100,100,100,100,100,100,100
44,flights_html/tripadvisor-1603.html,100,100,100,100,100,100,100,100
44,flights_html/cheapair-1770.html,100,100,100,100,100,100,100,100
44,flights_html/farecompare-0449.html,100,100,100,100,100,100,100,100
44,flights_html/kayak-1329.html,100,100,100,100,100,100,100,100
44,flights_html/farecompare-1025.html,100,100,100,100,100,100,100,100
44,flights_html/cheapair-1208.html,100,100,100,100,100,100,100,100
44,flights_html/farecompare-1707.html,100,100,100,100,100,100,100,100
44,flights_html/cheapair-0343.html,100,100,100,100,100,100,100,100
44,flights_html/cheapair-1672.html,100,100,100,100,100,0,100,0
44,flights_html/tripadvisor-1892.html,100,100,100,100,100,100,100,100
44,flights_html/kayak-0901.html,100,100,100,100,100,100,100,100
44,flights_html/cheapair-1682.html,100,100,100,100,100,0,100,0
44,flights_html/cheapair-0678.html,100,100,100,100,100,100,100,100
44,flights_html/farecompare-0992.html,100,100,100,100,100,100,100,100
44,flights_html/gotogate-2095.html,100,100,100,100,100,100,100,100
44,flights_html/farecompare-0711.html,100,100,100,100,100,100,100,100
44,flights_html/cheapair-1224.html,100,100,100,100,100,100,100,100
44,flights_html/farecompare-1735.html,100,100,100,100,100,100,100,100
44,flights_html/kayak-1139.html,100,100,100,100,100,100,100,100
44,flights_html/farecompare-1360.html,100,100,100,100,100,100,100,100
44,flights_html/kayak-1602.html,100,100,100,100,100,100,100,100
44,flights_html/gotogate-2118.html,100,100,100,100,100,100,100,100
44,flights_html/cheapair-0482.html,100,100,100,100,100,100,100,100
44,flights_html/gotogate-0848.html,100,100,100,100,100,100,100,100
44,flights_html/gotogate-1212.html,100,100,100,100,100,100,100,100
44,flights_html/cheapair-1549.html,100,100,100,100,100,100,100,100
44,flights_html/gotogate-1052.html,100,100,100,100,100,100,100,100
44,flights_html/kayak-0866.html,100,100,100,100,100,100,100,100
44,flights_html/tripadvisor-0661.html,100,100,100,100,100,100,100,100
44,flights_html/gotogate-1601.html,100,100,100,100,100,100,100,100
44,flights_html/cheapair-0491.html,100,100,100,100,100,100,100,100
44,flights_html/farecompare-0733.html,100,100,100,100,100,100,100,100
44,flights_html/farecompare-1727.html,100,100,100,100,100,100,100,100
44,flights_html/farecompare-2161.html,100,100,100,100,100,100,100,100
44,flights_html/gotogate-0349.html,100,100,100,100,100,100,100,100
44,flights_html/cheapair-0913.html,100,100,100,100,100,100,100,100
44,flights_html/tripadvisor-1696.html,100,100,100,100,100,100,100,100
44,flights_html/gotogate-1061.html,100,100,100,100,100,100,100,100
44,flights_html/kayak-1359.html,100,100,100,100,100,100,100,100
44,flights_html/cheapair-1441.html,100,100,100,100,100,100,100,100
44,flights_html/tripadvisor-1333.html,100,100,100,100,100,100,100,100
44,flights_html/cheapair-1233.html,100,100,100,100,100,0,100,0
44,flights_html/tripadvisor-1218.html,100,100,100,100,100,100,100,100
44,flights_html/farecompare-2112.html,100,100,100,100,100,100,100,100
44,flights_html/kayak-0839.html,0,100,100,100,100,0,100,0
44,flights_html/kayak-1376.html,100,100,100,100,100,100,100,100
44,flights_html/tripadvisor-1750.html,100,100,100,100,100,100,100,100
44,flights_html/cheapair-1631.html,100,100,100,100,100,0,100,0
44,flights_html/kayak-0228.html,100,100,100,100,100,100,100,100
44,flights_html/kayak-1715.html,100,100,100,100,100,100,100,100
44,flights_html/gotogate-2104.html,100,100,100,100,100,100,100,100
44,flights_html/cheapair-1541.html,100,100,100,100,100,100,100,100
44,flights_html/farecompare-1129.html,100,100,100,100,100,100,100,100
44,flights_html/gotogate-1584.html,100,100,100,100,100,100,100,100
44,flights_html/gotogate-1302.html,100,100,100,100,100,100,100,100
44,flights_html/farecompare-1639.html,100,100,100,100,100,100,100,100
44,flights_html/kayak-1725.html,100,100,100,100,100,100,100,100
44,flights_html/cheapair-0447.html,100,100,100,100,100,100,100,100
44,flights_html/gotogate-1113.html,100,100,100,100,100,100,100,100
44,flights_html/farecompare-1715.html,100,100,100,100,100,100,100,100
44,flights_html/cheapair-0503.html,100,100,100,100,100,0,100,0
44,flights_html/cheapair-0990.html,100,100,100,100,100,100,100,100
44,flights_html/cheapair-1856.html,100,100,100,100,100,0,100,0
44,flights_html/gotogate-1614.html,100,100,100,100,100,100,100,100
44,flights_html/cheapair-1837.html,100,100,100,100,100,100,100,100
44,flights_html/cheapair-0316.html,100,100,100,100,100,0,100,0
44,flights_html/cheapair-0573.html,100,100,100,100,100,100,100,100
44,flights_html/farecompare-1293.html,100,100,100,100,100,100,100,100
44,flights_html/tripadvisor-0670.html,100,100,100,100,100,100,100,100
44,flights_html/cheapair-0953.html,100,100,100,100,100,100,100,100
44,flights_html/gotogate-1769.html,100,100,100,100,100,100,100,100
44,flights_html/gotogate-0020.html,100,100,100,100,100,100,100,100
44,flights_html/cheapair-1256.html,100,100,100,100,100,100,100,100
44,flights_html/tripadvisor-0116.html,100,100,100,100,100,100,100,100
44,flights_html/gotogate-1558.html,100,100,100,100,100,100,100,100
44,flights_html/farecompare-1651.html,100,100,100,100,100,100,100,100
44,flights_html/kayak-0633.html,0,100,100,100,100,100,100,0
44,flights_html/cheapair-1991.html,100,100,100,100,100,100,100,100
44,flights_html/cheapair-1812.html,100,100,100,100,100,0,100,0
44,flights_html/gotogate-1196.html,100,100,100,100,100,100,100,100
44,flights_html/cheapair-0777.html,100,100,100,100,100,100,100,100
44,flights_html/cheapair-1009.html,100,100,100,100,100,100,100,100
44,flights_html/kayak-1458.html,100,100,100,100,100,100,100,100
44,flights_html/kayak-1468.html,100,100,100,100,100,100,100,100
44,flights_html/kayak-2004.html,100,100,100,100,100,100,100,100
44,flights_html/tripadvisor-2015.html,100,100,100,100,100,100,100,100
44,flights_html/gotogate-0902.html,100,100,100,100,100,100,100,100
44,flights_html/cheapair-0236.html,100,100,100,100,100,0,100,0
44,flights_html/cheapair-1394.html,100,100,100,100,100,100,100,100
44,flights_html/tripadvisor-1531.html,100,100,100,0,100,100,100,0
44,flights_html/farecompare-1320.html,100,100,100,100,100,100,100,100
44,flights_html/tripadvisor-1078.html,100,100,100,100,100,100,100,100
44,flights_html/kayak-1281.html,100,100,100,100,100,100,100,100
44,flights_html/gotogate-2169.html,100,100,100,100,100,100,100,100
44,flights_html/gotogate-1367.html,100,100,100,100,100,100,100,100
44,flights_html/farecompare-2273.html,100,100,100,100,100,100,100,100
44,flights_html/kayak-0726.html,100,100,100,100,100,0,100,0
44,flights_html/tripadvisor-1034.html,100,100,100,100,100,100,100,100
44,flights_html/farecompare-1370.html,100,100,100,100,100,100,100,100
44,flights_html/gotogate-0885.html,100,100,100,100,100,100,100,100
44,flights_html/tripadvisor-0744.html,100,100,100,100,100,100,100,100
44,flights_html/kayak-1480.html,100,100,100,100,100,100,100,100
44,flights_html/farecompare-0762.html,100,100,100,100,100,100,100,100
44,flights_html/farecompare-1040.html,100,100,100,100,100,100,100,100
44,flights_html/gotogate-0452.html,100,100,100,100,100,100,100,100
44,flights_html/gotogate-1794.html,100,100,100,100,100,100,100,100
44,flights_html/farecompare-0231.html,100,100,100,100,100,100,100,100
44,flights_html/gotogate-1423.html,100,100,100,100,100,100,100,100
44,flights_html/cheapair-0452.html,100,100,100,100,100,0,100,0
44,flights_html/tripadvisor-1822.html,100,100,100,100,100,100,100,100
44,flights_html/cheapair-1872.html,100,100,100,100,100,100,100,100
44,flights_html/farecompare-0392.html,100,100,100,100,100,100,100,100
44,flights_html/farecompare-2216.html,100,100,100,100,100,100,100,100
44,flights_html/farecompare-1699.html,100,100,100,100,100,100,100,100
44,flights_html/tripadvisor-0267.html,100,100,100,100,100,100,100,100
44,flights_html/kayak-0237.html,100,100,100,100,100,100,100,100
44,flights_html/gotogate-0766.html,100,100,100,100,100,100,100,100
44,flights_html/farecompare-0603.html,100,100,100,100,100,100,100,100
44,flights_html/gotogate-0481.html,100,100,100,100,100,100,100,100
44,flights_html/cheapair-0478.html,100,100,100,100,100,0,100,0
44,flights_html/cheapair-1092.html,100,100,100,100,100,100,100,100
44,flights_html/cheapair-1544.html,100,100,100,100,100,100,100,100
44,flights_html/farecompare-0293.html,100,100,100,100,100,100,100,100
44,flights_html/farecompare-0577.html,100,100,100,100,100,100,100,100
44,flights_html/kayak-1812.html,0,100,100,100,100,0,100,0
44,flights_html/tripadvisor-1320.html,100,100,100,100,100,100,100,100
44,flights_html/kayak-1485.html,100,100,100,100,100,100,100,100
44,flights_html/tripadvisor-0200.html,100,100,100,100,100,100,100,100
44,flights_html/farecompare-0365.html,100,100,100,100,100,100,100,100
44,flights_html/kayak-1836.html,100,100,100,100,100,100,100,100
44,flights_html/gotogate-0654.html,100,100,100,100,100,100,100,100
44,flights_html/cheapair-0837.html,100,100,100,100,100,100,100,100
44,flights_html/farecompare-0203.html,100,100,100,100,100,100,100,100
44,flights_html/cheapair-0015.html,100,100,100,100,100,0,100,0
44,flights_html/farecompare-1807.html,100,100,100,100,100,100,100,100
44,flights_html/kayak-1138.html,100,100,100,100,100,100,100,100
44,flights_html/farecompare-1244.html,100,100,100,100,100,100,100,100
44,flights_html/farecompare-0968.html,100,100,100,100,100,100,100,100
44,flights_html/cheapair-1851.html,100,100,100,100,100,0,100,0
44,flights_html/gotogate-1996.html,100,100,100,100,100,100,100,100
44,flights_html/cheapair-0502.html,100,100,100,100,100,100,100,100
44,flights_html/kayak-1079.html,100,100,100,100,100,100,100,100
44,flights_html/farecompare-2080.html,100,100,100,100,100,100,100,100
44,flights_html/gotogate-1651.html,100,100,100,100,100,100,100,100
44,flights_html/farecompare-2127.html,100,100,100,100,100,100,100,100
44,flights_html/gotogate-2047.html,100,100,100,100,100,100,100,100
44,flights_html/gotogate-0840.html,100,100,100,100,100,100,100,100
44,flights_html/tripadvisor-1767.html,100,100,100,100,100,100,100,100
44,flights_html/tripadvisor-1624.html,100,100,100,100,100,100,100,100
44,flights_html/tripadvisor-1485.html,100,100,100,100,100,100,100,100
44,flights_html/farecompare-0282.html,100,100,100,100,100,100,100,100
44,flights_html/cheapair-0920.html,100,100,100,100,100,100,100,100
44,flights_html/tripadvisor-0328.html,100,100,100,100,100,100,100,100
44,flights_html/tripadvisor-0289.html,100,100,100,0,100,100,100,0
44,flights_html/kayak-0686.html,100,100,100,100,100,100,100,100
44,flights_html/cheapair-0575.html,100,100,100,100,100,100,100,100
44,flights_html/cheapair-1703.html,100,100,100,100,100,100,100,100
44,flights_html/kayak-1161.html,100,100,100,100,100,100,100,100
44,flights_html/cheapair-1751.html,100,100,100,100,100,100,100,100
44,flights_html/tripadvisor-0969.html,100,100,100,100,100,100,100,100
44,flights_html/kayak-1502.html,100,100,100,100,100,100,100,100
44,flights_html/farecompare-1986.html,100,100,100,100,100,100,100,100
44,flights_html/cheapair-1296.html,100,100,100,100,100,0,100,0
44,flights_html/cheapair-0842.html,100,100,100,100,100,100,100,100
44,flights_html/tripadvisor-1521.html,100,100,100,0,100,100,100,0
44,flights_html/farecompare-0892.html,100,100,100,100,100,100,100,100
44,flights_html/tripadvisor-0213.html,100,100,100,100,100,100,100,100
44,flights_html/gotogate-2184.html,100,100,100,100,100,100,100,100
44,flights_html/cheapair-1345.html,100,100,100,100,100,100,100,100
44,flights_html/kayak-1695.html,100,100,100,100,100,100,100,100
44,flights_html/farecompare-1934.html,100,100,100,100,100,100,100,100
44,flights_html/gotogate-0102.html,100,100,100,100,100,100,100,100
44,flights_html/tripadvisor-1602.html,100,100,100,100,100,100,100,100
44,flights_html/farecompare-0113.html,100,100,100,100,100,100,100,100
44,flights_html/kayak-1866.html,100,100,100,100,100,100,100,100
44,flights_html/farecompare-0134.html,100,100,100,100,100,100,100,100
44,flights_html/kayak-0177.html,100,100,100,100,100,100,100,100
44,flights_html/kayak-0760.html,0,100,100,100,100,0,100,0
44,flights_html/cheapair-1494.html,100,100,100,100,100,100,100,100
44,flights_html/kayak-1215.html,100,100,100,100,100,0,100,0
44,flights_html/cheapair-1564.html,100,100,100,100,100,100,100,100
44,flights_html/kayak-1030.html,100,100,100,100,100,100,100,100
44,flights_html/farecompare-1559.html,100,100,100,100,100,100,100,100
44,flights_html/farecompare-0290.html,100,100,100,100,100,100,100,100
44,flights_html/gotogate-0589.html,100,100,100,100,100,100,100,100
44,flights_html/tripadvisor-1607.html,100,100,100,100,100,100,100,100
44,flights_html/kayak-1882.html,100,100,100,100,100,100,100,100
44,flights_html/cheapair-1627.html,100,100,100,100,100,100,100,100
44,flights_html/gotogate-1265.html,100,100,100,100,100,100,100,100
44,flights_html/kayak-0607.html,100,100,100,100,100,100,100,100
44,flights_html/tripadvisor-0668.html,100,100,100,100,100,100,100,100
44,flights_html/farecompare-2396.html,100,100,100,100,100,100,100,100
44,flights_html/tripadvisor-1185.html,100,100,100,100,100,100,100,100
44,flights_html/gotogate-1074.html,100,100,100,100,100,100,100,100
44,flights_html/tripadvisor-1817.html,100,100,100,100,100,100,100,100
44,flights_html/gotogate-2152.html,100,100,100,100,100,100,100,100
44,flights_html/tripadvisor-0288.html,100,100,100,0,100,100,100,0
44,flights_html/farecompare-0782.html,100,100,100,100,100,100,100,100
44,flights_html/gotogate-1930.html,100,100,100,100,100,100,100,100
44,flights_html/cheapair-0052.html,100,100,100,100,100,100,100,100
44,flights_html/cheapair-1195.html,100,100,100,100,100,100,100,100
44,flights_html/farecompare-0477.html,100,100,100,100,100,100,100,100
44,flights_html/cheapair-0741.html,100,100,100,100,100,0,100,0
44,flights_html/farecompare-0820.html,100,100,100,100,100,100,100,100
44,flights_html/farecompare-0794.html,100,100,100,100,100,100,100,100
44,flights_html/kayak-0223.html,100,100,100,100,100,100,100,100
44,flights_html/gotogate-0252.html,100,100,100,100,100,100,100,100
44,flights_html/kayak-0321.html,0,100,100,100,100,100,100,0
44,flights_html/cheapair-1008.html,100,100,100,100,100,100,100,100
44,flights_html/tripadvisor-0144.html,100,100,100,100,100,100,100,100
44,flights_html/cheapair-0493.html,100,100,100,100,100,100,100,100
44,flights_html/kayak-0771.html,100,100,100,100,100,100,100,100
44,flights_html/farecompare-0064.html,100,100,100,100,100,100,100,100
44,flights_html/kayak-0505.html,100,100,100,100,100,100,100,100
44,flights_html/kayak-1838.html,100,100,100,100,100,100,100,100
44,flights_html/tripadvisor-1039.html,100,100,100,100,100,100,100,100
44,flights_html/farecompare-1884.html,100,100,100,100,100,100,100,100
44,flights_html/gotogate-0794.html,100,100,100,100,100,100,100,100
44,flights_html/tripadvisor-1570.html,100,100,100,100,100,100,100,100
44,flights_html/farecompare-0020.html,100,100,100,100,100,100,100,100
44,flights_html/cheapair-0593.html,100,100,100,100,100,0,100,0
44,flights_html/farecompare-1640.html,100,100,100,100,100,100,100,100
44,flights_html/gotogate-0772.html,100,100,100,100,100,100,100,100
44,flights_html/cheapair-0471.html,100,100,100,100,100,0,100,0
44,flights_html/farecompare-1828.html,100,100,100,100,100,100,100,100
44,flights_html/farecompare-0549.html,100,100,100,100,100,100,100,100
44,flights_html/gotogate-1334.html,100,100,100,100,100,100,100,100
44,flights_html/kayak-0636.html,0,100,100,100,100,100,100,0
44,flights_html/cheapair-1765.html,100,100,100,100,100,100,100,100
44,flights_html/tripadvisor-0652.html,100,100,100,100,100,100,100,100
44,flights_html/gotogate-0660.html,100,100,100,100,100,100,100,100
44,flights_html/tripadvisor-1865.html,100,100,100,100,100,100,100,100
44,flights_html/gotogate-0341.html,100,100,100,100,100,100,100,100
44,flights_html/tripadvisor-1988.html,100,100,100,100,100,100,100,100
44,flights_html/kayak-1639.html,100,100,100,100,100,100,100,100
44,flights_html/tripadvisor-0878.html,100,100,100,100,100,100,100,100
44,flights_html/cheapair-0876.html,100,100,100,100,100,0,100,0
44,flights_html/cheapair-1019.html,100,100,100,100,100,100,100,100
44,flights_html/tripadvisor-1139.html,100,100,100,100,100,100,100,100
44,flights_html/farecompare-0586.html,100,100,100,100,100,100,100,100
44,flights_html/gotogate-0627.html,100,100,100,100,100,100,100,100
44,flights_html/cheapair-1215.html,100,100,100,100,100,100,100,100
44,flights_html/tripadvisor-1424.html,100,100,100,100,100,100,100,100
44,flights_html/tripadvisor-0261.html,100,100,100,100,100,100,100,100
44,flights_html/farecompare-2103.html,100,100,100,100,100,100,100,100
44,flights_html/gotogate-1283.html,100,100,100,100,100,100,100,100
44,flights_html/kayak-0107.html,100,100,100,100,100,0,100,0
44,flights_html/kayak-0438.html,100,100,100,100,100,100,100,100
44,flights_html/gotogate-1469.html,100,100,100,100,100,100,100,100
44,flights_html/kayak-1752.html,100,100,100,100,100,100,100,100
44,flights_html/gotogate-1831.html,100,100,100,100,100,100,100,100
44,flights_html/kayak-1518.html,0,100,100,100,100,0,100,0
44,flights_html/kayak-0532.html,100,100,100,100,100,100,100,100
44,flights_html/tripadvisor-1243.html,100,100,100,100,100,100,100,100
44,flights_html/cheapair-0345.html,100,100,100,100,100,100,100,100
44,flights_html/kayak-0817.html,0,100,100,100,100,100,100,0
44,flights_html/tripadvisor-0958.html,100,100,100,100,100,100,100,100
44,flights_html/tripadvisor-0651.html,100,100,100,100,100,100,100,100
44,flights_html/kayak-1062.html,100,100,100,100,100,100,100,100
44,flights_html/kayak-1749.html,100,100,100,100,100,100,100,100
44,flights_html/tripadvisor-1369.html,100,100,100,100,100,100,100,100
44,flights_html/farecompare-1503.html,100,100,100,100,100,100,100,100
44,flights_html/gotogate-0655.html,100,100,100,100,100,100,100,100
44,flights_html/gotogate-1821.html,100,100,100,100,100,100,100,100
44,flights_html/tripadvisor-1386.html,100,100,100,100,100,100,100,100
44,flights_html/farecompare-1390.html,100,100,100,100,100,100,100,100
44,flights_html/farecompare-1546.html,100,100,100,100,100,100,100,100
44,flights_html/cheapair-1332.html,100,100,100,100,100,0,100,0
44,flights_html/tripadvisor-0890.html,100,100,100,100,100,100,100,100
44,flights_html/farecompare-2306.html,100,100,100,100,100,100,100,100
44,flights_html/kayak-0591.html,100,100,100,100,100,100,100,100
44,flights_html/tripadvisor-2007.html,100,100,100,100,100,100,100,100
44,flights_html/cheapair-0919.html,100,100,100,100,100,100,100,100
44,flights_html/cheapair-1169.html,100,100,100,100,100,0,100,0
44,flights_html/cheapair-1331.html,100,100,100,100,100,0,100,0
44,flights_html/tripadvisor-0733.html,100,100,100,100,100,100,100,100
44,flights_html/tripadvisor-1230.html,100,100,100,100,100,100,100,100
44,flights_html/tripadvisor-0993.html,100,100,100,100,100,100,100,100
44,flights_html/gotogate-1995.html,100,100,100,100,100,100,100,100
44,flights_html/cheapair-1248.html,100,100,100,100,100,100,100,100
44,flights_html/kayak-0845.html,100,100,100,100,100,100,100,100
44,flights_html/cheapair-0056.html,100,100,100,100,100,100,100,100
44,flights_html/kayak-1756.html,100,100,100,100,100,100,100,100
44,flights_html/farecompare-1573.html,100,100,100,100,100,100,100,100
44,flights_html/kayak-0595.html,100,100,100,100,100,100,100,100
44,flights_html/gotogate-0995.html,100,100,100,100,100,100,100,100
44,flights_html/gotogate-0657.html,100,100,100,100,100,100,100,100
44,flights_html/gotogate-1039.html,100,100,100,100,100,100,100,100
44,flights_html/cheapair-1004.html,100,100,100,100,100,100,100,100
44,flights_html/farecompare-1268.html,100,100,100,100,100,100,100,100
44,flights_html/tripadvisor-1911.html,100,100,100,100,100,100,100,100
44,flights_html/tripadvisor-1030.html,100,100,100,100,100,100,100,100
44,flights_html/tripadvisor-0587.html,100,100,100,100,100,100,100,100
44,flights_html/farecompare-1598.html,100,100,100,100,100,100,100,100
44,flights_html/kayak-0293.html,100,100,100,100,100,100,100,100
44,flights_html/kayak-1680.html,100,100,100,100,100,100,100,100
44,flights_html/gotogate-1378.html,100,100,100,100,100,100,100,100
44,flights_html/tripadvisor-1609.html,100,100,100,100,100,100,100,100
44,flights_html/farecompare-2166.html,100,100,100,100,100,100,100,100
44,flights_html/cheapair-1705.html,100,100,100,100,100,0,100,0
44,flights_html/kayak-1063.html,100,100,100,100,100,100,100,100
44,flights_html/cheapair-1183.html,100,100,100,100,100,0,100,0
44,flights_html/tripadvisor-0063.html,100,100,100,100,100,100,100,100
44,flights_html/farecompare-0507.html,100,100,100,100,100,100,100,100
44,flights_html/cheapair-0902.html,100,100,100,100,100,100,100,100
44,flights_html/tripadvisor-1025.html,100,100,100,100,100,100,100,100
44,flights_html/farecompare-2133.html,100,100,100,100,100,100,100,100
44,flights_html/gotogate-1907.html,100,100,100,100,100,100,100,100
44,flights_html/kayak-0005.html,0,100,100,100,100,0,100,0
44,flights_html/kayak-1939.html,100,100,100,100,100,100,100,100
44,flights_html/kayak-0937.html,100,100,100,100,100,100,100,100
44,flights_html/kayak-1109.html,100,100,100,100,100,100,100,100
44,flights_html/kayak-1620.html,100,100,100,100,100,100,100,100
44,flights_html/kayak-1827.html,100,100,100,100,100,100,100,100
44,flights_html/farecompare-1974.html,100,100,100,100,100,100,100,100
44,flights_html/tripadvisor-2019.html,100,100,100,100,100,100,100,100
44,flights_html/farecompare-1895.html,100,100,100,100,100,100,100,100
44,flights_html/cheapair-1479.html,100,100,100,100,100,100,100,100
44,flights_html/cheapair-0259.html,100,100,100,100,100,100,100,100
44,flights_html/tripadvisor-1853.html,100,100,100,100,100,100,100,100
44,flights_html/gotogate-1181.html,100,100,100,100,100,100,100,100
44,flights_html/gotogate-0756.html,100,100,100,100,100,100,100,100
44,flights_html/gotogate-1454.html,100,100,100,100,100,100,100,100
44,flights_html/cheapair-0022.html,100,100,100,100,100,0,100,0
44,flights_html/kayak-1249.html,0,100,100,100,100,0,100,0
44,flights_html/gotogate-1374.html,100,100,100,100,100,100,100,100
44,flights_html/farecompare-1964.html,100,100,100,100,100,100,100,100
44,flights_html/tripadvisor-1958.html,100,100,100,100,100,100,100,100
44,flights_html/cheapair-1602.html,100,100,100,100,100,100,100,100
44,flights_html/kayak-0211.html,100,100,100,100,100,0,100,0
44,flights_html/farecompare-0593.html,100,100,100,100,100,100,100,100
44,flights_html/kayak-0008.html,0,100,100,100,100,0,100,0
44,flights_html/gotogate-1977.html,100,100,100,100,100,100,100,100
44,flights_html/kayak-0069.html,100,100,100,100,100,100,100,100
44,flights_html/farecompare-0383.html,100,100,100,100,100,100,100,100
44,flights_html/tripadvisor-1613.html,100,100,100,100,100,100,100,100
44,flights_html/gotogate-1179.html,100,100,100,100,100,100,100,100
44,flights_html/cheapair-1473.html,100,100,100,100,100,100,100,100
44,flights_html/kayak-1286.html,100,100,100,100,100,100,100,100
44,flights_html/kayak-0765.html,0,100,100,100,100,0,100,0
44,flights_html/tripadvisor-1191.html,100,100,100,100,100,100,100,100
44,flights_html/gotogate-0446.html,100,100,100,100,100,100,100,100
44,flights_html/tripadvisor-0533.html,100,100,100,0,100,100,100,0
44,flights_html/farecompare-0033.html,100,100,100,100,100,100,100,100
44,flights_html/farecompare-1728.html,100,100,100,100,100,100,100,100
44,flights_html/tripadvisor-1317.html,100,100,100,100,100,100,100,100
44,flights_html/cheapair-0610.html,100,100,100,100,100,100,100,100
44,flights_html/kayak-0802.html,100,100,100,100,100,100,100,100
44,flights_html/farecompare-1439.html,100,100,100,100,100,100,100,100
44,flights_html/cheapair-0702.html,100,100,100,100,100,100,100,100
44,flights_html/cheapair-0416.html,100,100,100,100,100,100,100,100
44,flights_html/tripadvisor-1510.html,100,100,100,0,100,100,100,0
44,flights_html/cheapair-0617.html,100,100,100,100,100,100,100,100
44,flights_html/farecompare-1430.html,100,100,100,100,100,100,100,100
44,flights_html/gotogate-1425.html,100,100,100,100,100,100,100,100
44,flights_html/cheapair-1246.html,100,100,100,100,100,100,100,100
44,flights_html/cheapair-1980.html,100,100,100,100,100,0,100,0
44,flights_html/tripadvisor-0629.html,100,100,100,100,100,100,100,100
44,flights_html/farecompare-1982.html,100,100,100,100,100,100,100,100
44,flights_html/gotogate-1248.html,100,100,100,100,100,100,100,100
44,flights_html/cheapair-0415.html,100,100,100,100,100,100,100,100
44,flights_html/gotogate-2013.html,100,100,100,100,100,100,100,100
44,flights_html/gotogate-1864.html,100,100,100,100,100,100,100,100
44,flights_html/farecompare-2051.html,100,100,100,100,100,100,100,100
44,flights_html/farecompare-0075.html,100,100,100,100,100,100,100,100
44,flights_html/cheapair-0141.html,100,100,100,100,100,0,100,0
44,flights_html/kayak-0579.html,100,100,100,100,100,100,100,100
44,flights_html/kayak-0501.html,100,100,100,100,100,100,100,100
44,flights_html/kayak-1199.html,100,100,100,100,100,100,100,100
44,flights_html/kayak-1469.html,100,100,100,100,100,100,100,100
44,flights_html/tripadvisor-0718.html,100,100,100,100,100,100,100,100
44,flights_html/gotogate-1198.html,100,100,100,100,100,100,100,100
44,flights_html/cheapair-0400.html,100,100,100,100,100,100,100,100
44,flights_html/farecompare-1517.html,100,100,100,100,100,100,100,100
44,flights_html/gotogate-1400.html,100,100,100,100,100,100,100,100
44,flights_html/tripadvisor-0607.html,100,100,100,100,100,100,100,100
44,flights_html/farecompare-1692.html,100,100,100,100,100,100,100,100
44,flights_html/tripadvisor-0137.html,100,100,100,100,100,100,100,100
44,flights_html/cheapair-1339.html,100,100,100,100,100,0,100,0
44,flights_html/cheapair-0367.html,100,100,100,100,100,100,100,100
44,flights_html/gotogate-0625.html,100,100,100,100,100,100,100,100
44,flights_html/gotogate-1234.html,100,100,100,100,100,100,100,100
44,flights_html/farecompare-1752.html,100,100,100,100,100,100,100,100
44,flights_html/farecompare-1224.html,100,100,100,100,100,100,100,100
44,flights_html/tripadvisor-0085.html,100,100,100,100,100,100,100,100
44,flights_html/gotogate-2128.html,100,100,100,100,100,100,100,100
44,flights_html/farecompare-0274.html,100,100,100,100,100,100,100,100
44,flights_html/gotogate-1743.html,100,100,100,100,100,100,100,100
44,flights_html/gotogate-1260.html,100,100,100,100,100,100,100,100
44,flights_html/farecompare-1395.html,100,100,100,100,100,100,100,100
44,flights_html/gotogate-2195.html,100,100,100,100,100,100,100,100
44,flights_html/gotogate-0687.html,100,100,100,100,100,100,100,100
44,flights_html/tripadvisor-1621.html,100,100,100,100,100,100,100,100
44,flights_html/farecompare-0589.html,100,100,100,100,100,100,100,100
44,flights_html/gotogate-0874.html,100,100,100,100,100,100,100,100
44,flights_html/cheapair-1363.html,100,100,100,100,100,0,100,0
44,flights_html/tripadvisor-0769.html,100,100,100,100,100,100,100,100
44,flights_html/kayak-0122.html,100,100,100,100,100,100,100,100
44,flights_html/kayak-0546.html,100,100,100,100,100,100,100,100
44,flights_html/gotogate-1308.html,100,100,100,100,100,100,100,100
44,flights_html/gotogate-0455.html,100,100,100,100,100,100,100,100
44,flights_html/gotogate-0132.html,100,100,100,100,100,100,100,100
44,flights_html/farecompare-2047.html,100,100,100,100,100,100,100,100
44,flights_html/kayak-0801.html,100,100,100,100,100,0,100,0
44,flights_html/farecompare-0137.html,100,100,100,100,100,100,100,100
44,flights_html/kayak-1691.html,100,100,100,100,100,100,100,100
44,flights_html/tripadvisor-1153.html,100,100,100,100,100,100,100,100
44,flights_html/gotogate-1877.html,100,100,100,100,100,100,100,100
44,flights_html/kayak-0850.html,100,100,100,100,100,100,100,100
44,flights_html/farecompare-0405.html,100,100,100,100,100,100,100,100
44,flights_html/farecompare-0571.html,100,100,100,100,100,100,100,100
44,flights_html/farecompare-0812.html,100,100,100,100,100,100,100,100
44,flights_html/kayak-1253.html,100,100,100,100,100,100,100,100
44,flights_html/tripadvisor-1856.html,100,100,100,100,100,100,100,100
44,flights_html/tripadvisor-0503.html,100,100,100,100,100,100,100,100
44,flights_html/tripadvisor-1809.html,100,100,100,100,100,100,100,100
44,flights_html/kayak-1442.html,100,100,100,100,100,100,100,100
44,flights_html/cheapair-1035.html,100,100,100,100,100,0,100,0
44,flights_html/farecompare-0526.html,100,100,100,100,100,100,100,100
44,flights_html/kayak-0737.html,100,100,100,100,100,100,100,100
44,flights_html/kayak-1268.html,100,100,100,100,100,100,100,100
44,flights_html/farecompare-0195.html,100,100,100,100,100,100,100,100
44,flights_html/gotogate-2173.html,100,100,100,100,100,100,100,100
44,flights_html/cheapair-1148.html,100,100,100,100,100,0,100,0
44,flights_html/farecompare-0869.html,100,100,100,100,100,100,100,100
44,flights_html/cheapair-1696.html,100,100,100,100,100,0,100,0
44,flights_html/farecompare-0614.html,100,100,100,100,100,100,100,100
44,flights_html/farecompare-1528.html,100,100,100,100,100,100,100,100
44,flights_html/tripadvisor-0698.html,100,100,100,100,100,100,100,100
44,flights_html/gotogate-1730.html,100,100,100,100,100,100,100,100
44,flights_html/kayak-1573.html,100,100,100,100,100,100,100,100
44,flights_html/tripadvisor-1012.html,100,100,100,100,100,100,100,100
44,flights_html/tripadvisor-1403.html,100,100,100,100,100,100,100,100
44,flights_html/tripadvisor-0138.html,100,100,100,100,100,100,100,100
44,flights_html/cheapair-1789.html,100,100,100,100,100,100,100,100
44,flights_html/kayak-1818.html,100,100,100,100,100,100,100,100
44,flights_html/farecompare-2358.html,100,100,100,100,100,100,100,100
44,flights_html/cheapair-1890.html,100,100,100,100,100,0,100,0
44,flights_html/tripadvisor-2004.html,100,100,100,100,100,100,100,100
44,flights_html/gotogate-0792.html,100,100,100,100,100,100,100,100
44,flights_html/cheapair-1033.html,100,100,100,100,100,0,100,0
44,flights_html/kayak-1786.html,100,100,100,100,100,100,100,100
44,flights_html/kayak-1352.html,100,100,100,100,100,100,100,100
44,flights_html/farecompare-1062.html,100,100,100,100,100,100,100,100
44,flights_html/farecompare-1300.html,100,100,100,100,100,100,100,100
44,flights_html/tripadvisor-0290.html,100,100,100,0,100,100,100,0
44,flights_html/cheapair-0828.html,100,100,100,100,100,0,100,0
44,flights_html/tripadvisor-1042.html,100,100,100,100,100,100,100,100
44,flights_html/tripadvisor-1420.html,100,100,100,100,100,100,100,100
44,flights_html/kayak-1960.html,100,100,100,100,100,100,100,100
44,flights_html/tripadvisor-1539.html,100,100,100,0,100,100,100,0
44,flights_html/kayak-0631.html,100,100,100,100,100,100,100,100
44,flights_html/kayak-0848.html,0,100,100,100,100,0,100,0
44,flights_html/kayak-0931.html,100,100,100,100,100,100,100,100
44,flights_html/gotogate-0355.html,100,100,100,100,100,100,100,100
44,flights_html/tripadvisor-0069.html,100,100,100,100,100,100,100,100
44,flights_html/cheapair-1417.html,100,100,100,100,100,100,100,100
44,flights_html/farecompare-1242.html,100,100,100,100,100,100,100,100
44,flights_html/farecompare-0458.html,100,100,100,100,100,100,100,100
44,flights_html/farecompare-2000.html,100,100,100,100,100,100,100,100
44,flights_html/gotogate-1377.html,100,100,100,100,100,100,100,100
44,flights_html/farecompare-0034.html,100,100,100,100,100,100,100,100
44,flights_html/tripadvisor-1664.html,100,100,100,100,100,100,100,100
44,flights_html/gotogate-1477.html,100,100,100,100,100,100,100,100
44,flights_html/farecompare-0676.html,100,100,100,100,100,100,100,100
44,flights_html/tripadvisor-0461.html,100,100,100,100,100,100,100,100
44,flights_html/gotogate-0628.html,100,100,100,100,100,100,100,100
44,flights_html/cheapair-0339.html,100,100,100,100,100,100,100,100
44,flights_html/gotogate-0672.html,100,100,100,100,100,100,100,100
44,flights_html/kayak-1491.html,100,100,100,100,100,100,100,100
44,flights_html/cheapair-0693.html,100,100,100,100,100,0,100,0
44,flights_html/kayak-0968.html,0,100,100,100,100,0,100,0
44,flights_html/cheapair-1620.html,100,100,100,100,100,0,100,0
44,flights_html/farecompare-1676.html,100,100,100,100,100,100,100,100
44,flights_html/cheapair-0391.html,100,100,100,100,100,100,100,100
44,flights_html/gotogate-1394.html,100,100,100,100,100,100,100,100
44,flights_html/gotogate-1571.html,100,100,100,100,100,100,100,100
44,flights_html/cheapair-1616.html,100,100,100,100,100,100,100,100
44,flights_html/kayak-0080.html,0,100,100,100,100,0,100,0
44,flights_html/cheapair-1149.html,100,100,100,100,100,0,100,0
44,flights_html/gotogate-0903.html,100,100,100,100,100,100,100,100
44,flights_html/farecompare-1865.html,100,100,100,100,100,100,100,100
44,flights_html/gotogate-1375.html,100,100,100,100,100,100,100,100
44,flights_html/kayak-1045.html,100,100,100,100,100,0,100,0
44,flights_html/gotogate-0493.html,100,100,100,100,100,100,100,100
44,flights_html/cheapair-1899.html,100,100,100,100,100,0,100,0
44,flights_html/cheapair-1176.html,100,100,100,100,100,100,100,100
44,flights_html/gotogate-0679.html,100,100,100,100,100,100,100,100
44,flights_html/tripadvisor-0776.html,100,100,100,100,100,100,100,100
44,flights_html/farecompare-1919.html,100,100,100,100,100,100,100,100
44,flights_html/kayak-0052.html,100,100,100,100,100,100,100,100
44,flights_html/tripadvisor-1439.html,100,100,100,100,100,100,100,100
44,flights_html/tripadvisor-1699.html,100,100,100,100,100,100,100,100
44,flights_html/tripadvisor-1635.html,100,100,100,100,100,100,100,100
44,flights_html/gotogate-1169.html,100,100,100,100,100,100,100,100
44,flights_html/cheapair-0582.html,100,100,100,100,100,100,100,100
44,flights_html/cheapair-0706.html,100,100,100,100,100,0,100,0
44,flights_html/cheapair-0361.html,100,100,100,100,100,100,100,100
44,flights_html/gotogate-0068.html,100,100,100,100,100,100,100,100
44,flights_html/cheapair-0940.html,100,100,100,100,100,100,100,100
44,flights_html/cheapair-0875.html,100,100,100,100,100,0,100,0
44,flights_html/farecompare-2355.html,100,100,100,100,100,100,100,100
44,flights_html/kayak-1085.html,100,100,100,100,100,100,100,100
44,flights_html/gotogate-1449.html,100,100,100,100,100,100,100,100
44,flights_html/tripadvisor-1792.html,100,100,100,100,100,100,100,100
44,flights_html/gotogate-0973.html,100,100,100,100,100,100,100,100
44,flights_html/cheapair-0671.html,100,100,100,100,100,100,100,100
44,flights_html/gotogate-0707.html,100,100,100,100,100,100,100,100
44,flights_html/gotogate-0197.html,100,100,100,100,100,100,100,100
44,flights_html/gotogate-1051.html,100,100,100,100,100,100,100,100
44,flights_html/farecompare-2230.html,100,100,100,100,100,100,100,100
44,flights_html/gotogate-0317.html,100,100,100,100,100,100,100,100
44,flights_html/gotogate-0381.html,100,100,100,100,100,100,100,100
44,flights_html/kayak-0815.html,0,100,100,100,100,0,100,0
44,flights_html/tripadvisor-1207.html,100,100,100,100,100,100,100,100
44,flights_html/farecompare-2203.html,100,100,100,100,100,100,100,100
44,flights_html/tripadvisor-0494.html,100,100,100,100,100,100,100,100
44,flights_html/tripadvisor-0524.html,100,100,100,0,100,100,100,0
44,flights_html/tripadvisor-0370.html,100,100,100,100,100,100,100,100
44,flights_html/farecompare-0737.html,100,100,100,100,100,100,100,100
44,flights_html/tripadvisor-0715.html,100,100,100,100,100,100,100,100
44,flights_html/farecompare-0100.html,100,100,100,100,100,100,100,100
44,flights_html/gotogate-1789.html,100,100,100,100,100,100,100,100
44,flights_html/kayak-1741.html,100,100,100,100,100,100,100,100
44,flights_html/tripadvisor-1896.html,100,100,100,100,100,100,100,100
44,flights_html/farecompare-0465.html,100,100,100,100,100,100,100,100
44,flights_html/farecompare-0094.html,100,100,100,100,100,100,100,100
44,flights_html/tripadvisor-1160.html,100,100,100,100,100,100,100,100
44,flights_html/kayak-0950.html,100,100,100,100,100,0,100,0
44,flights_html/farecompare-2279.html,100,100,100,100,100,100,100,100
44,flights_html/gotogate-0423.html,100,100,100,100,100,100,100,100
44,flights_html/tripadvisor-0279.html,100,100,100,100,100,100,100,100
44,flights_html/cheapair-0404.html,100,100,100,100,100,100,100,100
44,flights_html/gotogate-1127.html,100,100,100,100,100,100,100,100
44,flights_html/farecompare-0857.html,100,100,100,100,100,100,100,100
44,flights_html/cheapair-0073.html,100,100,100,100,100,100,100,100
44,flights_html/cheapair-0232.html,100,100,100,100,100,100,100,100
44,flights_html/kayak-1098.html,100,100,100,100,100,0,100,0
44,flights_html/kayak-1959.html,100,100,100,100,100,100,100,100
44,flights_html/kayak-0521.html,100,100,100,100,100,100,100,100
44,flights_html/farecompare-1949.html,100,100,100,100,100,100,100,100
44,flights_html/farecompare-0447.html,100,100,100,100,100,100,100,100
44,flights_html/cheapair-1540.html,100,100,100,100,100,100,100,100
44,flights_html/kayak-1799.html,0,100,100,100,100,0,100,0
44,flights_html/kayak-1964.html,100,100,100,100,100,0,100,0
44,flights_html/kayak-0628.html,100,100,100,100,100,100,100,100
44,flights_html/tripadvisor-1553.html,100,100,100,0,100,100,100,0
44,flights_html/gotogate-2200.html,100,100,100,100,100,100,100,100
44,flights_html/tripadvisor-0985.html,100,100,100,100,100,100,100,100
44,flights_html/kayak-0284.html,100,100,100,100,100,100,100,100
44,flights_html/cheapair-1596.html,100,100,100,100,100,100,100,100
44,flights_html/farecompare-0854.html,100,100,100,100,100,100,100,100
44,flights_html/kayak-0541.html,100,100,100,100,100,100,100,100
44,flights_html/tripadvisor-1364.html,100,100,100,100,100,100,100,100
44,flights_html/gotogate-0938.html,100,100,100,100,100,100,100,100
44,flights_html/gotogate-0396.html,100,100,100,100,100,100,100,100
44,flights_html/farecompare-1745.html,100,100,100,100,100,100,100,100
44,flights_html/cheapair-0696.html,100,100,100,100,100,100,100,100
44,flights_html/cheapair-0007.html,100,100,100,100,100,100,100,100
44,flights_html/farecompare-1006.html,100,100,100,100,100,100,100,100
44,flights_html/gotogate-2048.html,100,100,100,100,100,100,100,100
44,flights_html/cheapair-1584.html,100,100,100,100,100,100,100,100
44,flights_html/gotogate-1153.html,100,100,100,100,100,100,100,100
44,flights_html/farecompare-2013.html,100,100,100,100,100,100,100,100
44,flights_html/cheapair-0668.html,100,100,100,100,100,100,100,100
44,flights_html/kayak-1273.html,0,100,100,100,100,0,100,0
44,flights_html/kayak-1907.html,100,100,100,100,100,100,100,100
44,flights_html/cheapair-0830.html,100,100,100,100,100,100,100,100
44,flights_html/tripadvisor-1713.html,100,100,100,100,100,100,100,100
44,flights_html/farecompare-1667.html,100,100,100,100,100,100,100,100
44,flights_html/farecompare-1189.html,100,100,100,100,100,100,100,100
44,flights_html/cheapair-1267.html,100,100,100,100,100,100,100,100
44,flights_html/gotogate-2213.html,100,100,100,100,100,100,100,100
44,flights_html/gotogate-0362.html,100,100,100,100,100,100,100,100
44,flights_html/farecompare-2246.html,100,100,100,100,100,100,100,100
44,flights_html/farecompare-0009.html,100,100,100,100,100,100,100,100
44,flights_html/gotogate-1387.html,100,100,100,100,100,100,100,100
44,flights_html/tripadvisor-1504.html,100,100,100,0,100,100,100,0
44,flights_html/tripadvisor-0822.html,100,100,100,100,100,100,100,100
44,flights_html/tripadvisor-1718.html,100,100,100,100,100,100,100,100
44,flights_html/kayak-1276.html,0,100,100,100,100,0,100,0
44,flights_html/cheapair-1995.html,100,100,100,100,100,100,100,100
44,flights_html/cheapair-0976.html,100,100,100,100,100,100,100,100
44,flights_html/gotogate-0605.html,100,100,100,100,100,100,100,100
44,flights_html/farecompare-1217.html,100,100,100,100,100,100,100,100
44,flights_html/kayak-0778.html,0,100,100,100,100,0,100,0
44,flights_html/tripadvisor-0151.html,100,100,100,100,100,100,100,100
44,flights_html/kayak-0890.html,100,100,100,100,100,100,100,100
44,flights_html/farecompare-1721.html,100,100,100,100,100,100,100,100
44,flights_html/gotogate-1289.html,100,100,100,100,100,100,100,100
44,flights_html/gotogate-0331.html,100,100,100,100,100,100,100,100
44,flights_html/kayak-1641.html,100,100,100,100,100,100,100,100
44,flights_html/farecompare-0400.html,100,100,100,100,100,100,100,100
44,flights_html/farecompare-2241.html,100,100,100,100,100,100,100,100
44,flights_html/cheapair-0217.html,100,100,100,100,100,100,100,100
44,flights_html/gotogate-1893.html,100,100,100,100,100,100,100,100
44,flights_html/tripadvisor-1416.html,100,100,100,100,100,100,100,100
44,flights_html/cheapair-1750.html,100,100,100,100,100,0,100,0
44,flights_html/cheapair-0512.html,100,100,100,100,100,100,100,100
44,flights_html/farecompare-0352.html,100,100,100,100,100,100,100,100
44,flights_html/farecompare-1625.html,100,100,100,100,100,100,100,100
44,flights_html/kayak-0969.html,100,100,100,100,100,100,100,100
44,flights_html/kayak-0457.html,100,100,100,100,100,100,100,100
44,flights_html/cheapair-1318.html,100,100,100,100,100,0,100,0
44,flights_html/farecompare-2132.html,100,100,100,100,100,100,100,100
44,flights_html/kayak-0329.html,0,100,100,100,100,100,100,0
44,flights_html/farecompare-0118.html,100,100,100,100,100,100,100,100
44,flights_html/gotogate-0093.html,100,100,100,100,100,100,100,100
44,flights_html/tripadvisor-0765.html,100,100,100,100,100,100,100,100
44,flights_html/kayak-0846.html,100,100,100,100,100,100,100,100
44,flights_html/farecompare-1389.html,100,100,100,100,100,100,100,100
44,flights_html/farecompare-1931.html,100,100,100,100,100,100,100,100
44,flights_html/kayak-0978.html,0,100,100,100,100,0,100,0
44,flights_html/kayak-1572.html,100,100,100,100,100,100,100,100
44,flights_html/tripadvisor-1638.html,100,100,100,100,100,100,100,100
44,flights_html/gotogate-0898.html,100,100,100,100,100,100,100,100
44,flights_html/tripadvisor-1885.html,100,100,100,100,100,100,100,100
44,flights_html/gotogate-0565.html,100,100,100,100,100,100,100,100
44,flights_html/kayak-1579.html,0,100,100,100,100,100,100,0
44,flights_html/tripadvisor-0551.html,100,100,100,100,100,100,100,100
44,flights_html/farecompare-1656.html,100,100,100,100,100,100,100,100
44,flights_html/gotogate-0664.html,100,100,100,100,100,100,100,100
44,flights_html/cheapair-0516.html,100,100,100,100,100,100,100,100
44,flights_html/tripadvisor-1689.html,100,100,100,100,100,100,100,100
44,flights_html/tripadvisor-0229.html,100,100,100,100,100,100,100,100
44,flights_html/farecompare-1012.html,100,100,100,100,100,100,100,100
44,flights_html/farecompare-0463.html,100,100,100,100,100,100,100,100
44,flights_html/tripadvisor-1081.html,100,100,100,100,100,100,100,100
44,flights_html/farecompare-2227.html,100,100,100,100,100,100,100,100
44,flights_html/farecompare-0363.html,100,100,100,100,100,100,100,100
44,flights_html/farecompare-0641.html,100,100,100,100,100,100,100,100
44,flights_html/gotogate-0747.html,100,100,100,100,100,100,100,100
44,flights_html/gotogate-2056.html,100,100,100,100,100,100,100,100
44,flights_html/cheapair-1903.html,100,100,100,100,100,0,100,0
44,flights_html/gotogate-2098.html,100,100,100,100,100,100,100,100
44,flights_html/tripadvisor-1458.html,100,100,100,100,100,100,100,100
44,flights_html/farecompare-1083.html,100,100,100,100,100,100,100,100
44,flights_html/farecompare-2351.html,100,100,100,100,100,100,100,100
44,flights_html/kayak-1889.html,100,100,100,100,100,100,100,100
44,flights_html/kayak-0742.html,100,100,100,100,100,100,100,100
44,flights_html/farecompare-1511.html,100,100,100,100,100,100,100,100
44,flights_html/gotogate-1546.html,100,100,100,100,100,100,100,100
44,flights_html/cheapair-0067.html,100,100,100,100,100,100,100,100
44,flights_html/kayak-1927.html,100,100,100,100,100,100,100,100
44,flights_html/farecompare-0277.html,100,100,100,100,100,100,100,100
44,flights_html/kayak-1375.html,0,100,100,100,100,0,100,0
44,flights_html/gotogate-1296.html,100,100,100,100,100,100,100,100
44,flights_html/tripadvisor-0081.html,100,100,100,100,100,100,100,100
44,flights_html/tripadvisor-1512.html,100,100,100,0,100,100,100,0
44,flights_html/kayak-1619.html,0,100,100,100,100,100,100,0
44,flights_html/tripadvisor-1070.html,100,100,100,100,100,100,100,100
44,flights_html/gotogate-1820.html,100,100,100,100,100,100,100,100
44,flights_html/gotogate-0569.html,100,100,100,100,100,100,100,100
44,flights_html/kayak-0404.html,100,100,100,100,100,100,100,100
44,flights_html/gotogate-0105.html,100,100,100,100,100,100,100,100
44,flights_html/kayak-0159.html,100,100,100,100,100,100,100,100
44,flights_html/gotogate-0993.html,100,100,100,100,100,100,100,100
44,flights_html/gotogate-1116.html,100,100,100,100,100,100,100,100
44,flights_html/cheapair-0439.html,100,100,100,100,100,100,100,100
44,flights_html/gotogate-1279.html,100,100,100,100,100,100,100,100
44,flights_html/tripadvisor-1121.html,100,100,100,100,100,100,100,100
44,flights_html/cheapair-0014.html,100,100,100,100,100,0,100,0
44,flights_html/cheapair-1656.html,100,100,100,100,100,0,100,0
44,flights_html/gotogate-1258.html,100,100,100,100,100,100,100,100
44,flights_html/cheapair-1701.html,100,100,100,100,100,0,100,0
44,flights_html/tripadvisor-1175.html,100,100,100,100,100,100,100,100
44,flights_html/gotogate-1925.html,100,100,100,100,100,100,100,100
44,flights_html/gotogate-0510.html,100,100,100,100,100,100,100,100
44,flights_html/kayak-1356.html,100,100,100,100,100,100,100,100
44,flights_html/farecompare-1024.html,100,100,100,100,100,100,100,100
44,flights_html/cheapair-0951.html,100,100,100,100,100,100,100,100
44,flights_html/cheapair-0096.html,100,100,100,100,100,100,100,100
44,flights_html/cheapair-0843.html,100,100,100,100,100,0,100,0
44,flights_html/kayak-1767.html,0,100,100,100,100,0,100,0
44,flights_html/kayak-0266.html,100,100,100,100,100,100,100,100
44,flights_html/tripadvisor-1084.html,100,100,100,100,100,100,100,100
44,flights_html/tripadvisor-0295.html,100,100,100,100,100,100,100,100
44,flights_html/kayak-0511.html,100,100,100,100,100,100,100,100
44,flights_html/cheapair-1626.html,100,100,100,100,100,0,100,0
44,flights_html/tripadvisor-0996.html,100,100,100,100,100,100,100,100
44,flights_html/farecompare-1448.html,100,100,100,100,100,100,100,100
44,flights_html/cheapair-0029.html,100,100,100,100,100,0,100,0
44,flights_html/kayak-1733.html,100,100,100,100,100,100,100,100
44,flights_html/cheapair-1200.html,100,100,100,100,100,100,100,100
44,flights_html/gotogate-1257.html,100,100,100,100,100,100,100,100
44,flights_html/farecompare-0927.html,100,100,100,100,100,100,100,100
44,flights_html/tripadvisor-0064.html,100,100,100,100,100,100,100,100
44,flights_html/gotogate-1329.html,100,100,100,100,100,100,100,100
44,flights_html/tripadvisor-1018.html,100,100,100,100,100,100,100,100
44,flights_html/tripadvisor-1162.html,100,100,100,100,100,100,100,100
44,flights_html/cheapair-1333.html,100,100,100,100,100,100,100,100
44,flights_html/cheapair-0334.html,100,100,100,100,100,100,100,100
44,flights_html/tripadvisor-1931.html,100,100,100,100,100,100,100,100
44,flights_html/tripadvisor-0065.html,100,100,100,100,100,100,100,100
44,flights_html/tripadvisor-0940.html,100,100,100,100,100,100,100,100
44,flights_html/farecompare-0506.html,100,100,100,100,100,100,100,100
44,flights_html/cheapair-1027.html,100,100,100,100,100,100,100,100
44,flights_html/cheapair-0924.html,100,100,100,100,100,100,100,100
44,flights_html/tripadvisor-1340.html,100,100,100,100,100,100,100,100
44,flights_html/cheapair-1151.html,100,100,100,100,100,0,100,0
44,flights_html/kayak-0561.html,100,100,100,100,100,100,100,100
44,flights_html/farecompare-0115.html,100,100,100,100,100,100,100,100
44,flights_html/cheapair-1461.html,100,100,100,100,100,0,100,0
44,flights_html/gotogate-0971.html,100,100,100,100,100,100,100,100
44,flights_html/farecompare-2143.html,100,100,100,100,100,100,100,100
44,flights_html/farecompare-1851.html,100,100,100,100,100,100,100,100
44,flights_html/kayak-0570.html,100,100,100,100,100,100,100,100
44,flights_html/tripadvisor-0208.html,100,100,100,100,100,100,100,100
44,flights_html/kayak-0917.html,100,100,100,100,100,0,100,0
44,flights_html/kayak-1398.html,100,100,100,100,100,100,100,100
44,flights_html/farecompare-2119.html,100,100,100,100,100,100,100,100
44,flights_html/farecompare-0486.html,100,100,100,100,100,100,100,100
44,flights_html/tripadvisor-1541.html,100,100,100,0,100,100,100,0
44,flights_html/gotogate-0695.html,100,100,100,100,100,100,100,100
44,flights_html/farecompare-1368.html,100,100,100,100,100,100,100,100
44,flights_html/gotogate-1636.html,100,100,100,100,100,100,100,100
44,flights_html/cheapair-1911.html,100,100,100,100,100,0,100,0
44,flights_html/cheapair-1997.html,100,100,100,100,100,100,100,100
44,flights_html/cheapair-1523.html,100,100,100,100,100,0,100,0
44,flights_html/kayak-1748.html,100,100,100,100,100,100,100,100
44,flights_html/farecompare-1125.html,100,100,100,100,100,100,100,100
44,flights_html/farecompare-0901.html,100,100,100,100,100,100,100,100
44,flights_html/kayak-0824.html,0,100,100,100,100,0,100,0
44,flights_html/gotogate-1087.html,100,100,100,100,100,100,100,100
44,flights_html/farecompare-1701.html,100,100,100,100,100,100,100,100
44,flights_html/kayak-0405.html,100,100,100,100,100,100,100,100
44,flights_html/gotogate-1353.html,100,100,100,100,100,100,100,100
44,flights_html/farecompare-1407.html,100,100,100,100,100,100,100,100
44,flights_html/farecompare-1490.html,100,100,100,100,100,100,100,100
44,flights_html/kayak-0853.html,0,100,100,100,100,0,100,0
44,flights_html/gotogate-1011.html,100,100,100,100,100,100,100,100
44,flights_html/farecompare-0673.html,100,100,100,100,100,100,100,100
44,flights_html/farecompare-0775.html,100,100,100,100,100,100,100,100
44,flights_html/farecompare-0847.html,100,100,100,100,100,100,100,100
44,flights_html/tripadvisor-1048.html,100,100,100,100,100,100,100,100
44,flights_html/gotogate-1814.html,100,100,100,100,100,100,100,100
44,flights_html/cheapair-1368.html,100,100,100,100,100,0,100,0
44,flights_html/gotogate-1486.html,100,100,100,100,100,100,100,100
44,flights_html/cheapair-1044.html,100,100,100,100,100,100,100,100
44,flights_html/tripadvisor-0840.html,100,100,100,100,100,100,100,100
44,flights_html/cheapair-0908.html,100,100,100,100,100,0,100,0
44,flights_html/kayak-1535.html,0,100,100,100,100,100,100,0
44,flights_html/cheapair-0457.html,100,100,100,100,100,0,100,0
44,flights_html/cheapair-1646.html,100,100,100,100,100,0,100,0
44,flights_html/gotogate-1682.html,100,100,100,100,100,100,100,100
44,flights_html/gotogate-0400.html,100,100,100,100,100,100,100,100
44,flights_html/farecompare-1805.html,100,100,100,100,100,100,100,100
44,flights_html/farecompare-2145.html,100,100,100,100,100,100,100,100
44,flights_html/gotogate-0356.html,100,100,100,100,100,100,100,100
44,flights_html/tripadvisor-1005.html,100,100,100,0,100,100,100,0
44,flights_html/kayak-1258.html,100,100,100,100,100,100,100,100
44,flights_html/farecompare-1675.html,100,100,100,100,100,100,100,100
44,flights_html/gotogate-1869.html,100,100,100,100,100,100,100,100
44,flights_html/kayak-1661.html,100,100,100,100,100,100,100,100
44,flights_html/cheapair-0458.html,100,100,100,100,100,0,100,0
44,flights_html/gotogate-0253.html,100,100,100,100,100,100,100,100
44,flights_html/farecompare-1950.html,100,100,100,100,100,100,100,100
44,flights_html/kayak-1270.html,0,100,100,100,100,0,100,0
44,flights_html/gotogate-0203.html,100,100,100,100,100,100,100,100
44,flights_html/cheapair-1518.html,100,100,100,100,100,100,100,100
44,flights_html/farecompare-2342.html,100,100,100,100,100,100,100,100
44,flights_html/farecompare-1180.html,100,100,100,100,100,100,100,100
44,flights_html/cheapair-1304.html,100,100,100,100,100,100,100,100
44,flights_html/kayak-0897.html,100,100,100,100,100,100,100,100
44,flights_html/farecompare-1436.html,100,100,100,100,100,100,100,100
44,flights_html/kayak-0333.html,100,100,100,100,100,100,100,100
44,flights_html/farecompare-0336.html,100,100,100,100,100,100,100,100
44,flights_html/tripadvisor-0095.html,100,100,100,100,100,100,100,100
44,flights_html/gotogate-0478.html,100,100,100,100,100,100,100,100
44,flights_html/cheapair-0102.html,100,100,100,100,100,0,100,0
44,flights_html/kayak-0027.html,0,100,100,100,100,0,100,0
44,flights_html/gotogate-0803.html,100,100,100,100,100,100,100,100
44,flights_html/farecompare-1399.html,100,100,100,100,100,100,100,100
44,flights_html/kayak-0231.html,100,100,100,100,100,100,100,100
44,flights_html/gotogate-1315.html,100,100,100,100,100,100,100,100
44,flights_html/kayak-0807.html,0,100,100,100,100,0,100,0
44,flights_html/tripadvisor-1564.html,100,100,100,100,100,100,100,100
44,flights_html/farecompare-0508.html,100,100,100,100,100,100,100,100
44,flights_html/cheapair-1361.html,100,100,100,100,100,100,100,100
44,flights_html/gotogate-0999.html,100,100,100,100,100,100,100,100
44,flights_html/gotogate-1269.html,100,100,100,100,100,100,100,100
44,flights_html/tripadvisor-0850.html,100,100,100,100,100,100,100,100
44,flights_html/kayak-1723.html,100,100,100,100,100,100,100,100
44,flights_html/farecompare-1688.html,100,100,100,100,100,100,100,100
44,flights_html/kayak-0368.html,100,100,100,100,100,100,100,100
44,flights_html/gotogate-0909.html,100,100,100,100,100,100,100,100
44,flights_html/gotogate-0553.html,100,100,100,100,100,100,100,100
44,flights_html/kayak-1395.html,100,100,100,100,100,100,100,100
44,flights_html/cheapair-1005.html,100,100,100,100,100,100,100,100
44,flights_html/farecompare-2153.html,100,100,100,100,100,100,100,100
44,flights_html/cheapair-0766.html,100,100,100,100,100,100,100,100
44,flights_html/tripadvisor-1590.html,100,100,100,100,100,100,100,100
44,flights_html/tripadvisor-1077.html,100,100,100,100,100,100,100,100
44,flights_html/tripadvisor-1049.html,100,100,100,100,100,100,100,100
44,flights_html/tripadvisor-0240.html,100,100,100,100,100,100,100,100
44,flights_html/gotogate-0291.html,100,100,100,100,100,100,100,100
44,flights_html/cheapair-1502.html,100,100,100,100,100,100,100,100
44,flights_html/cheapair-0966.html,100,100,100,100,100,100,100,100
44,flights_html/kayak-0067.html,0,100,100,100,100,0,100,0
44,flights_html/kayak-0938.html,100,100,100,100,100,100,100,100
44,flights_html/gotogate-1969.html,100,100,100,100,100,100,100,100
44,flights_html/farecompare-0281.html,100,100,100,100,100,100,100,100
44,flights_html/cheapair-0403.html,100,100,100,100,100,100,100,100
44,flights_html/tripadvisor-1960.html,100,100,100,100,100,100,100,100
44,flights_html/cheapair-0657.html,100,100,100,100,100,0,100,0
44,flights_html/cheapair-1740.html,100,100,100,100,100,0,100,0
44,flights_html/kayak-0782.html,0,100,100,100,100,0,100,0
44,flights_html/cheapair-0053.html,100,100,100,100,100,100,100,100
44,flights_html/kayak-1982.html,100,100,100,100,100,100,100,100
44,flights_html/tripadvisor-1345.html,100,100,100,100,100,100,100,100
44,flights_html/farecompare-2137.html,100,100,100,100,100,100,100,100
44,flights_html/cheapair-0884.html,100,100,100,100,100,0,100,0
44,flights_html/kayak-0914.html,0,100,100,100,100,0,100,0
44,flights_html/farecompare-0460.html,100,100,100,100,100,100,100,100
44,flights_html/gotogate-0586.html,100,100,100,100,100,100,100,100
44,flights_html/gotogate-0904.html,100,100,100,100,100,100,100,100
44,flights_html/farecompare-1527.html,100,100,100,100,100,100,100,100
44,flights_html/kayak-1493.html,100,100,100,100,100,100,100,100
44,flights_html/kayak-1507.html,0,100,100,100,100,0,100,0
44,flights_html/farecompare-0679.html,100,100,100,100,100,100,100,100
44,flights_html/farecompare-0054.html,100,100,100,100,100,100,100,100
44,flights_html/farecompare-0063.html,100,100,100,100,100,100,100,100
44,flights_html/kayak-0596.html,100,100,100,100,100,100,100,100
44,flights_html/tripadvisor-1235.html,100,100,100,100,100,100,100,100
44,flights_html/farecompare-1364.html,100,100,100,100,100,100,100,100
44,flights_html/farecompare-1258.html,100,100,100,100,100,100,100,100
44,flights_html/farecompare-1414.html,100,100,100,100,100,100,100,100
44,flights_html/tripadvisor-0293.html,100,100,100,100,100,100,100,100
44,flights_html/cheapair-1045.html,100,100,100,100,100,100,100,100
44,flights_html/tripadvisor-1204.html,100,100,100,100,100,100,100,100
44,flights_html/kayak-1154.html,100,100,100,100,100,100,100,100
44,flights_html/gotogate-0981.html,100,100,100,100,100,100,100,100
44,flights_html/gotogate-0178.html,100,100,100,100,100,100,100,100
44,flights_html/tripadvisor-1101.html,100,100,100,100,100,100,100,100
44,flights_html/gotogate-1658.html,100,100,100,100,100,100,100,100
44,flights_html/tripadvisor-1941.html,100,100,100,100,100,100,100,100
44,flights_html/kayak-1240.html,100,100,100,100,100,100,100,100
44,flights_html/kayak-1457.html,100,100,100,100,100,100,100,100
44,flights_html/gotogate-2099.html,100,100,100,100,100,100,100,100
44,flights_html/gotogate-1465.html,100,100,100,100,100,100,100,100
44,flights_html/kayak-0913.html,0,100,100,100,100,0,100,0
44,flights_html/farecompare-1642.html,100,100,100,100,100,100,100,100
44,flights_html/farecompare-0305.html,100,100,100,100,100,100,100,100
44,flights_html/kayak-1420.html,100,100,100,100,100,0,100,0
44,flights_html/tripadvisor-0572.html,100,100,100,100,100,100,100,100
44,flights_html/farecompare-0835.html,100,100,100,100,100,100,100,100
44,flights_html/cheapair-1427.html,100,100,100,100,100,100,100,100
44,flights_html/tripadvisor-0855.html,100,100,100,100,100,100,100,100
44,flights_html/cheapair-1324.html,100,100,100,100,100,0,100,0
44,flights_html/tripadvisor-0090.html,100,100,100,100,100,100,100,100
44,flights_html/farecompare-2141.html,100,100,100,100,100,100,100,100
44,flights_html/kayak-0068.html,0,100,100,100,100,0,100,0
44,flights_html/tripadvisor-1137.html,100,100,100,100,100,100,100,100
44,flights_html/farecompare-0207.html,100,100,100,100,100,100,100,100
44,flights_html/farecompare-1362.html,100,100,100,100,100,100,100,100
44,flights_html/gotogate-0421.html,100,100,100,100,100,100,100,100
44,flights_html/cheapair-1954.html,100,100,100,100,100,0,100,0
44,flights_html/gotogate-0084.html,100,100,100,100,100,100,100,100
44,flights_html/tripadvisor-0037.html,100,100,100,100,100,100,100,100
44,flights_html/tripadvisor-0243.html,100,100,100,100,100,100,100,100
44,flights_html/kayak-1413.html,0,100,100,100,100,0,100,0
44,flights_html/gotogate-1700.html,100,100,100,100,100,100,100,100
44,flights_html/cheapair-1747.html,100,100,100,100,100,100,100,100
44,flights_html/gotogate-0512.html,100,100,100,100,100,100,100,100
44,flights_html/farecompare-0925.html,100,100,100,100,100,100,100,100
44,flights_html/tripadvisor-0326.html,100,100,100,100,100,100,100,100
44,flights_html/tripadvisor-1904.html,100,100,100,100,100,100,100,100
44,flights_html/tripadvisor-1477.html,100,100,100,100,100,100,100,100
44,flights_html/kayak-1479.html,100,100,100,100,100,100,100,100
44,flights_html/kayak-1972.html,0,100,100,100,100,0,100,0
44,flights_html/kayak-0032.html,0,100,100,100,100,0,100,0
44,flights_html/gotogate-1256.html,100,100,100,100,100,100,100,100
44,flights_html/cheapair-1859.html,100,100,100,100,100,0,100,0
44,flights_html/cheapair-0054.html,100,100,100,100,100,100,100,100
44,flights_html/tripadvisor-0294.html,100,100,100,100,100,100,100,100
44,flights_html/cheapair-0181.html,100,100,100,100,100,0,100,0
44,flights_html/kayak-1291.html,100,100,100,100,100,100,100,100
44,flights_html/kayak-1996.html,100,100,100,100,100,100,100,100
44,flights_html/kayak-1817.html,100,100,100,100,100,100,100,100
44,flights_html/tripadvisor-0462.html,100,100,100,100,100,100,100,100
44,flights_html/gotogate-2080.html,100,100,100,100,100,100,100,100
44,flights_html/tripadvisor-0121.html,100,100,100,100,100,100,100,100
44,flights_html/cheapair-1133.html,100,100,100,100,100,100,100,100
44,flights_html/kayak-0696.html,0,100,100,100,100,0,100,0
44,flights_html/gotogate-2079.html,100,100,100,100,100,100,100,100
44,flights_html/gotogate-0348.html,100,100,100,100,100,100,100,100
44,flights_html/farecompare-0783.html,100,100,100,100,100,100,100,100
44,flights_html/kayak-1720.html,100,100,100,100,100,100,100,100
44,flights_html/farecompare-1313.html,100,100,100,100,100,100,100,100
44,flights_html/gotogate-1215.html,100,100,100,100,100,100,100,100
44,flights_html/farecompare-1758.html,100,100,100,100,100,100,100,100
44,flights_html/cheapair-1922.html,100,100,100,100,100,100,100,100
44,flights_html/farecompare-1726.html,100,100,100,100,100,100,100,100
44,flights_html/kayak-1698.html,100,100,100,100,100,100,100,100
44,flights_html/kayak-0064.html,0,100,100,100,100,0,100,0
44,flights_html/tripadvisor-1463.html,100,100,100,100,100,100,100,100
44,flights_html/cheapair-1534.html,100,100,100,100,100,100,100,100
44,flights_html/gotogate-1370.html,100,100,100,100,100,100,100,100
44,flights_html/gotogate-2038.html,100,100,100,100,100,100,100,100
44,flights_html/kayak-0279.html,0,100,100,100,100,0,100,0
44,flights_html/kayak-0493.html,100,100,100,100,100,100,100,100
44,flights_html/farecompare-0894.html,100,100,100,100,100,100,100,100
44,flights_html/tripadvisor-0576.html,100,100,100,100,100,100,100,100
44,flights_html/farecompare-0088.html,100,100,100,100,100,100,100,100
44,flights_html/tripadvisor-0515.html,100,100,100,100,100,100,100,100
44,flights_html/gotogate-2108.html,100,100,100,100,100,100,100,100
44,flights_html/farecompare-1772.html,100,100,100,100,100,100,100,100
44,flights_html/cheapair-1280.html,100,100,100,100,100,100,100,100
44,flights_html/farecompare-1210.html,100,100,100,100,100,100,100,100
44,flights_html/cheapair-0311.html,100,100,100,100,100,100,100,100
44,flights_html/tripadvisor-0655.html,100,100,100,100,100,100,100,100
44,flights_html/gotogate-1326.html,100,100,100,100,100,100,100,100
44,flights_html/kayak-1177.html,100,100,100,100,100,100,100,100
44,flights_html/kayak-0248.html,100,100,100,100,100,100,100,100
44,flights_html/tripadvisor-0477.html,100,100,100,100,100,100,100,100
44,flights_html/farecompare-0082.html,100,100,100,100,100,100,100,100
44,flights_html/tripadvisor-0298.html,100,100,100,100,100,100,100,100
44,flights_html/farecompare-0389.html,100,100,100,100,100,100,100,100
44,flights_html/cheapair-1964.html,100,100,100,100,100,100,100,100
44,flights_html/kayak-1879.html,100,100,100,100,100,100,100,100
44,flights_html/tripadvisor-0392.html,100,100,100,100,100,100,100,100
44,flights_html/cheapair-0418.html,100,100,100,100,100,100,100,100
44,flights_html/farecompare-0980.html,100,100,100,100,100,100,100,100
44,flights_html/cheapair-1878.html,100,100,100,100,100,0,100,0
44,flights_html/kayak-0180.html,100,100,100,100,100,100,100,100
44,flights_html/farecompare-1306.html,100,100,100,100,100,100,100,100
44,flights_html/gotogate-2183.html,100,100,100,100,100,100,100,100
44,flights_html/cheapair-1570.html,100,100,100,100,100,0,100,0
44,flights_html/farecompare-1977.html,100,100,100,100,100,100,100,100
44,flights_html/kayak-0241.html,100,100,100,100,100,100,100,100
44,flights_html/tripadvisor-0965.html,100,100,100,100,100,100,100,100
44,flights_html/tripadvisor-0941.html,100,100,100,100,100,100,100,100
44,flights_html/kayak-1165.html,100,100,100,100,100,100,100,100
44,flights_html/tripadvisor-1267.html,100,100,100,100,100,100,100,100
44,flights_html/kayak-0196.html,100,100,100,100,100,100,100,100
44,flights_html/cheapair-1030.html,100,100,100,100,100,0,100,0
44,flights_html/kayak-1067.html,0,100,100,100,100,0,100,0
44,flights_html/kayak-1731.html,100,100,100,100,100,100,100,100
44,flights_html/gotogate-2016.html,100,100,100,100,100,100,100,100
44,flights_html/tripadvisor-1707.html,100,100,100,100,100,100,100,100
44,flights_html/cheapair-1700.html,100,100,100,100,100,0,100,0
44,flights_html/gotogate-0031.html,100,100,100,100,100,100,100,100
44,flights_html/cheapair-0224.html,100,100,100,100,100,100,100,100
44,flights_html/tripadvisor-0743.html,100,100,100,100,100,100,100,100
44,flights_html/kayak-0341.html,100,100,100,100,100,100,100,100
44,flights_html/cheapair-1957.html,100,100,100,100,100,100,100,100
44,flights_html/tripadvisor-1835.html,100,100,100,100,100,100,100,100
44,flights_html/kayak-1845.html,100,100,100,100,100,100,100,100
44,flights_html/tripadvisor-0571.html,100,100,100,100,100,100,100,100
44,flights_html/farecompare-0906.html,100,100,100,100,100,100,100,100
44,flights_html/cheapair-0522.html,100,100,100,100,100,100,100,100
44,flights_html/kayak-1102.html,100,100,100,100,100,100,100,100
44,flights_html/tripadvisor-0476.html,100,100,100,100,100,100,100,100
44,flights_html/gotogate-0618.html,100,100,100,100,100,100,100,100
44,flights_html/farecompare-2343.html,100,100,100,100,100,100,100,100
44,flights_html/gotogate-1830.html,100,100,100,100,100,100,100,100
44,flights_html/kayak-1456.html,100,100,100,100,100,100,100,100
44,flights_html/tripadvisor-0836.html,100,100,100,100,100,100,100,100
44,flights_html/kayak-1648.html,100,100,100,100,100,100,100,100
44,flights_html/gotogate-1548.html,100,100,100,100,100,100,100,100
44,flights_html/farecompare-1748.html,100,100,100,100,100,100,100,100
44,flights_html/tripadvisor-0160.html,100,100,100,100,100,100,100,100
44,flights_html/kayak-1805.html,0,100,100,100,100,0,100,0
44,flights_html/gotogate-0940.html,100,100,100,100,100,100,100,100
44,flights_html/gotogate-1549.html,100,100,100,100,100,100,100,100
44,flights_html/tripadvisor-0013.html,100,100,100,100,100,100,100,100
44,flights_html/kayak-1201.html,100,100,100,100,100,100,100,100
44,flights_html/tripadvisor-1134.html,100,100,100,100,100,100,100,100
44,flights_html/farecompare-1328.html,100,100,100,100,100,100,100,100
44,flights_html/gotogate-0249.html,100,100,100,100,100,100,100,100
44,flights_html/cheapair-0183.html,100,100,100,100,100,100,100,100
44,flights_html/tripadvisor-0723.html,100,100,100,100,100,100,100,100
44,flights_html/cheapair-1393.html,100,100,100,100,100,100,100,100
44,flights_html/gotogate-0235.html,100,100,100,100,100,100,100,100
44,flights_html/gotogate-0360.html,100,100,100,100,100,100,100,100
44,flights_html/gotogate-1940.html,100,100,100,100,100,100,100,100
44,flights_html/cheapair-1819.html,100,100,100,100,100,0,100,0
44,flights_html/gotogate-1624.html,100,100,100,100,100,100,100,100
44,flights_html/gotogate-1857.html,100,100,100,100,100,100,100,100
44,flights_html/tripadvisor-1203.html,100,100,100,100,100,100,100,100
44,flights_html/cheapair-1785.html,100,100,100,100,100,100,100,100
44,flights_html/gotogate-0985.html,100,100,100,100,100,100,100,100
44,flights_html/farecompare-0071.html,100,100,100,100,100,100,100,100
44,flights_html/tripadvisor-0853.html,100,100,100,100,100,100,100,100
44,flights_html/tripadvisor-1011.html,100,100,100,100,100,100,100,100
44,flights_html/tripadvisor-1459.html,100,100,100,100,100,100,100,100
44,flights_html/tripadvisor-0753.html,100,100,100,100,100,100,100,100
44,flights_html/kayak-1105.html,100,100,100,100,100,0,100,0
44,flights_html/tripadvisor-1344.html,100,100,100,100,100,100,100,100
44,flights_html/cheapair-1706.html,100,100,100,100,100,0,100,0
44,flights_html/gotogate-0472.html,100,100,100,100,100,100,100,100
44,flights_html/tripadvisor-1782.html,100,100,100,100,100,100,100,100
44,flights_html/farecompare-0053.html,100,100,100,100,100,100,100,100
44,flights_html/kayak-0915.html,100,100,100,100,100,100,100,100
44,flights_html/farecompare-0106.html,100,100,100,100,100,100,100,100
44,flights_html/farecompare-0528.html,100,100,100,100,100,100,100,100
44,flights_html/gotogate-1177.html,100,100,100,100,100,100,100,100
44,flights_html/farecompare-0876.html,100,100,100,100,100,100,100,100
44,flights_html/kayak-1126.html,0,100,100,100,100,0,100,0
44,flights_html/kayak-1448.html,0,100,100,100,100,0,100,0
44,flights_html/gotogate-0323.html,100,100,100,100,100,100,100,100
44,flights_html/farecompare-1556.html,100,100,100,100,100,100,100,100
44,flights_html/kayak-0427.html,100,100,100,100,100,100,100,100
44,flights_html/kayak-1539.html,0,100,100,100,100,100,100,0
44,flights_html/kayak-1262.html,100,100,100,100,100,100,100,100
44,flights_html/farecompare-0717.html,100,100,100,100,100,100,100,100
44,flights_html/cheapair-1207.html,100,100,100,100,100,100,100,100
44,flights_html/farecompare-1817.html,100,100,100,100,100,100,100,100
44,flights_html/gotogate-1895.html,100,100,100,100,100,100,100,100
44,flights_html/tripadvisor-1390.html,100,100,100,100,100,100,100,100
44,flights_html/cheapair-0999.html,100,100,100,100,100,100,100,100
44,flights_html/kayak-0021.html,0,100,100,100,100,0,100,0
44,flights_html/tripadvisor-1156.html,100,100,100,100,100,100,100,100
44,flights_html/farecompare-0818.html,100,100,100,100,100,100,100,100
44,flights_html/gotogate-1920.html,100,100,100,100,100,100,100,100
44,flights_html/farecompare-1526.html,100,100,100,100,100,100,100,100
44,flights_html/gotogate-1862.html,100,100,100,100,100,100,100,100
44,flights_html/tripadvisor-1356.html,100,100,100,100,100,100,100,100
44,flights_html/cheapair-0967.html,100,100,100,100,100,100,100,100
44,flights_html/cheapair-0100.html,100,100,100,100,100,100,100,100
44,flights_html/cheapair-0083.html,100,100,100,100,100,100,100,100
44,flights_html/kayak-0093.html,0,100,100,100,100,0,100,0
44,flights_html/farecompare-0157.html,100,100,100,100,100,100,100,100
44,flights_html/gotogate-1294.html,100,100,100,100,100,100,100,100
44,flights_html/farecompare-0915.html,100,100,100,100,100,100,100,100
44,flights_html/kayak-1760.html,100,100,100,100,100,100,100,100
44,flights_html/gotogate-0914.html,100,100,100,100,100,100,100,100
44,flights_html/farecompare-1769.html,100,100,100,100,100,100,100,100
44,flights_html/farecompare-1467.html,100,100,100,100,100,100,100,100
44,flights_html/farecompare-2357.html,100,100,100,100,100,100,100,100
44,flights_html/farecompare-1733.html,100,100,100,100,100,100,100,100
44,flights_html/kayak-1110.html,100,100,100,100,100,100,100,100
44,flights_html/cheapair-1798.html,100,100,100,100,100,100,100,100
44,flights_html/tripadvisor-0967.html,100,100,100,100,100,100,100,100
44,flights_html/gotogate-1575.html,100,100,100,100,100,100,100,100
44,flights_html/cheapair-1424.html,100,100,100,100,100,100,100,100
44,flights_html/cheapair-1028.html,100,100,100,100,100,100,100,100
44,flights_html/farecompare-1470.html,100,100,100,100,100,100,100,100
44,flights_html/farecompare-0565.html,100,100,100,100,100,100,100,100
44,flights_html/gotogate-1094.html,100,100,100,100,100,100,100,100
44,flights_html/tripadvisor-0277.html,100,100,100,0,100,100,100,0
44,flights_html/farecompare-1831.html,100,100,100,100,100,100,100,100
44,flights_html/gotogate-0168.html,100,100,100,100,100,100,100,100
44,flights_html/gotogate-1607.html,100,100,100,100,100,100,100,100
44,flights_html/tripadvisor-1864.html,100,100,100,100,100,100,100,100
44,flights_html/gotogate-0804.html,100,100,100,100,100,100,100,100
44,flights_html/farecompare-1367.html,100,100,100,100,100,100,100,100
44,flights_html/kayak-0160.html,100,100,100,100,100,100,100,100
44,flights_html/gotogate-0563.html,100,100,100,100,100,100,100,100
44,flights_html/farecompare-1207.html,100,100,100,100,100,100,100,100
44,flights_html/tripadvisor-1893.html,100,100,100,100,100,100,100,100
44,flights_html/kayak-1979.html,100,100,100,100,100,100,100,100
44,flights_html/farecompare-1753.html,100,100,100,100,100,100,100,100
44,flights_html/tripadvisor-1398.html,100,100,100,100,100,100,100,100
44,flights_html/tripadvisor-1428.html,100,100,100,100,100,100,100,100
44,flights_html/tripadvisor-0379.html,100,100,100,100,100,100,100,100
44,flights_html/tripadvisor-1937.html,100,100,100,100,100,100,100,100
44,flights_html/kayak-0963.html,100,100,100,100,100,100,100,100
44,flights_html/gotogate-0134.html,100,100,100,100,100,100,100,100
44,flights_html/gotogate-1079.html,100,100,100,100,100,100,100,100
44,flights_html/kayak-0873.html,100,100,100,100,100,100,100,100
44,flights_html/farecompare-0649.html,100,100,100,100,100,100,100,100
44,flights_html/cheapair-0845.html,100,100,100,100,100,100,100,100
44,flights_html/tripadvisor-1766.html,100,100,100,100,100,100,100,100
44,flights_html/cheapair-1281.html,100,100,100,100,100,100,100,100
44,flights_html/cheapair-1983.html,100,100,100,100,100,100,100,100
44,flights_html/tripadvisor-0713.html,100,100,100,100,100,100,100,100
44,flights_html/tripadvisor-1183.html,100,100,100,100,100,100,100,100
44,flights_html/cheapair-0691.html,100,100,100,100,100,100,100,100
44,flights_html/tripadvisor-0691.html,100,100,100,100,100,100,100,100
44,flights_html/tripadvisor-0929.html,100,100,100,100,100,100,100,100
44,flights_html/kayak-0673.html,100,100,100,100,100,100,100,100
44,flights_html/farecompare-1887.html,100,100,100,100,100,100,100,100
44,flights_html/gotogate-2112.html,100,100,100,100,100,100,100,100
44,flights_html/tripadvisor-1466.html,100,100,100,100,100,100,100,100
44,flights_html/cheapair-0793.html,100,100,100,100,100,100,100,100
44,flights_html/tripadvisor-1768.html,100,100,100,100,100,100,100,100
44,flights_html/cheapair-1897.html,100,100,100,100,100,0,100,0
44,flights_html/gotogate-0500.html,100,100,100,100,100,100,100,100
44,flights_html/farecompare-0213.html,100,100,100,100,100,100,100,100
44,flights_html/tripadvisor-0356.html,100,100,100,0,100,100,100,0
44,flights_html/gotogate-0491.html,100,100,100,100,100,100,100,100
44,flights_html/gotogate-0726.html,100,100,100,100,100,100,100,100
44,flights_html/tripadvisor-0699.html,100,100,100,100,100,100,100,100
44,flights_html/cheapair-1805.html,100,100,100,100,100,100,100,100
44,flights_html/cheapair-0305.html,100,100,100,100,100,100,100,100
44,flights_html/kayak-0910.html,100,100,100,100,100,0,100,0
44,flights_html/tripadvisor-0694.html,100,100,100,100,100,100,100,100
44,flights_html/gotogate-0748.html,100,100,100,100,100,100,100,100
44,flights_html/gotogate-0691.html,100,100,100,100,100,100,100,100
44,flights_html/farecompare-1909.html,100,100,100,100,100,100,100,100
44,flights_html/tripadvisor-1482.html,100,100,100,100,100,100,100,100
44,flights_html/gotogate-1790.html,100,100,100,100,100,100,100,100
44,flights_html/cheapair-0211.html,100,100,100,100,100,100,100,100
44,flights_html/cheapair-1730.html,100,100,100,100,100,100,100,100
44,flights_html/kayak-1983.html,100,100,100,100,100,100,100,100
44,flights_html/gotogate-1967.html,100,100,100,100,100,100,100,100
44,flights_html/farecompare-2158.html,100,100,100,100,100,100,100,100
44,flights_html/kayak-0572.html,100,100,100,100,100,100,100,100
44,flights_html/gotogate-1640.html,100,100,100,100,100,100,100,100
44,flights_html/farecompare-1708.html,100,100,100,100,100,100,100,100
44,flights_html/cheapair-1971.html,100,100,100,100,100,100,100,100
44,flights_html/kayak-1966.html,0,100,100,100,100,0,100,0
44,flights_html/gotogate-0739.html,100,100,100,100,100,100,100,100
44,flights_html/farecompare-1047.html,100,100,100,100,100,100,100,100
44,flights_html/farecompare-0108.html,100,100,100,100,100,100,100,100
44,flights_html/kayak-0367.html,100,100,100,100,100,100,100,100
44,flights_html/gotogate-0911.html,100,100,100,100,100,100,100,100
44,flights_html/gotogate-0392.html,100,100,100,100,100,100,100,100
44,flights_html/gotogate-2111.html,100,100,100,100,100,100,100,100
44,flights_html/gotogate-0697.html,100,100,100,100,100,100,100,100
44,flights_html/kayak-1319.html,100,100,100,100,100,100,100,100
44,flights_html/kayak-0948.html,0,100,100,100,100,0,100,0
44,flights_html/cheapair-0179.html,100,100,100,100,100,100,100,100
44,flights_html/kayak-0207.html,100,100,100,100,100,100,100,100
44,flights_html/farecompare-0960.html,100,100,100,100,100,100,100,100
44,flights_html/farecompare-2039.html,100,100,100,100,100,100,100,100
44,flights_html/farecompare-2390.html,100,100,100,100,100,100,100,100
44,flights_html/gotogate-1188.html,100,100,100,100,100,100,100,100
44,flights_html/gotogate-2151.html,100,100,100,100,100,100,100,100
44,flights_html/farecompare-1440.html,100,100,100,100,100,100,100,100
44,flights_html/gotogate-0527.html,100,100,100,100,100,100,100,100
44,flights_html/tripadvisor-1098.html,100,100,100,100,100,100,100,100
44,flights_html/farecompare-0888.html,100,100,100,100,100,100,100,100
44,flights_html/gotogate-0649.html,100,100,100,100,100,100,100,100
44,flights_html/farecompare-1023.html,100,100,100,100,100,100,100,100
44,flights_html/farecompare-1988.html,100,100,100,100,100,100,100,100
44,flights_html/kayak-1000.html,100,100,100,100,100,100,100,100
44,flights_html/tripadvisor-0481.html,100,100,100,100,100,100,100,100
44,flights_html/cheapair-1667.html,100,100,100,100,100,100,100,100
44,flights_html/kayak-0150.html,0,100,100,100,100,0,100,0
44,flights_html/tripadvisor-1138.html,100,100,100,100,100,100,100,100
44,flights_html/tripadvisor-1736.html,100,100,100,100,100,100,100,100
44,flights_html/farecompare-1327.html,100,100,100,100,100,100,100,100
44,flights_html/cheapair-1982.html,100,100,100,100,100,0,100,0
44,flights_html/gotogate-1007.html,100,100,100,100,100,100,100,100
44,flights_html/farecompare-1923.html,100,100,100,100,100,100,100,100
44,flights_html/kayak-1091.html,100,100,100,100,100,100,100,100
44,flights_html/cheapair-1833.html,100,100,100,100,100,100,100,100
44,flights_html/cheapair-0998.html,100,100,100,100,100,100,100,100
44,flights_html/tripadvisor-0746.html,100,100,100,100,100,100,100,100
44,flights_html/cheapair-0287.html,100,100,100,100,100,100,100,100
44,flights_html/gotogate-2196.html,100,100,100,100,100,100,100,100
44,flights_html/gotogate-0256.html,100,100,100,100,100,100,100,100
44,flights_html/kayak-1271.html,0,100,100,100,100,0,100,0
44,flights_html/gotogate-2029.html,100,100,100,100,100,100,100,100
44,flights_html/gotogate-0729.html,100,100,100,100,100,100,100,100
44,flights_html/cheapair-1088.html,100,100,100,100,100,100,100,100
44,flights_html/cheapair-1912.html,100,100,100,100,100,100,100,100
44,flights_html/kayak-0870.html,100,100,100,100,100,100,100,100
44,flights_html/tripadvisor-0438.html,100,100,100,100,100,100,100,100
44,flights_html/gotogate-0018.html,100,100,100,100,100,100,100,100
44,flights_html/kayak-0545.html,100,100,100,100,100,100,100,100
44,flights_html/tripadvisor-0569.html,100,100,100,100,100,100,100,100
44,flights_html/kayak-0302.html,0,100,100,100,100,100,100,0
44,flights_html/farecompare-2056.html,100,100,100,100,100,100,100,100
44,flights_html/farecompare-2026.html,100,100,100,100,100,100,100,100
44,flights_html/cheapair-1882.html,100,100,100,100,100,0,100,0
44,flights_html/cheapair-1988.html,100,100,100,100,100,100,100,100
44,flights_html/farecompare-0109.html,100,100,100,100,100,100,100,100
44,flights_html/tripadvisor-1968.html,100,100,100,100,100,100,100,100
44,flights_html/farecompare-1660.html,100,100,100,100,100,100,100,100
44,flights_html/gotogate-0958.html,100,100,100,100,100,100,100,100
44,flights_html/tripadvisor-1845.html,100,100,100,100,100,100,100,100
44,flights_html/kayak-1274.html,0,100,100,100,100,0,100,0
44,flights_html/tripadvisor-0398.html,100,100,100,100,100,100,100,100
44,flights_html/farecompare-0747.html,100,100,100,100,100,100,100,100
44,flights_html/tripadvisor-1213.html,100,100,100,100,100,100,100,100
44,flights_html/kayak-0644.html,100,100,100,100,100,100,100,100
44,flights_html/tripadvisor-1860.html,100,100,100,100,100,100,100,100
44,flights_html/farecompare-0095.html,100,100,100,100,100,100,100,100
44,flights_html/tripadvisor-0441.html,100,100,100,100,100,100,100,100
44,flights_html/kayak-1179.html,100,100,100,100,100,100,100,100
44,flights_html/kayak-1028.html,100,100,100,100,100,100,100,100
44,flights_html/gotogate-1120.html,100,100,100,100,100,100,100,100
44,flights_html/kayak-1652.html,0,100,100,100,100,100,100,0
44,flights_html/kayak-0315.html,0,100,100,100,100,100,100,0
44,flights_html/tripadvisor-0109.html,100,100,100,100,100,100,100,100
44,flights_html/gotogate-0140.html,100,100,100,100,100,100,100,100
44,flights_html/gotogate-1759.html,100,100,100,100,100,100,100,100
44,flights_html/kayak-1551.html,0,100,100,100,100,100,100,0
44,flights_html/farecompare-2368.html,100,100,100,100,100,100,100,100
44,flights_html/tripadvisor-1365.html,100,100,100,100,100,100,100,100
44,flights_html/cheapair-0050.html,100,100,100,100,100,100,100,100
44,flights_html/tripadvisor-0296.html,100,100,100,100,100,100,100,100
44,flights_html/farecompare-2326.html,100,100,100,100,100,100,100,100
44,flights_html/kayak-1195.html,100,100,100,100,100,100,100,100
44,flights_html/gotogate-0405.html,100,100,100,100,100,100,100,100
44,flights_html/farecompare-1123.html,100,100,100,100,100,100,100,100
44,flights_html/tripadvisor-0175.html,100,100,100,100,100,100,100,100
44,flights_html/tripadvisor-0283.html,100,100,100,0,100,100,100,0
44,flights_html/gotogate-0566.html,100,100,100,100,100,100,100,100
44,flights_html/gotogate-1542.html,100,100,100,100,100,100,100,100
44,flights_html/gotogate-1058.html,100,100,100,100,100,100,100,100
44,flights_html/cheapair-0705.html,100,100,100,100,100,0,100,0
44,flights_html/gotogate-2049.html,100,100,100,100,100,100,100,100
44,flights_html/tripadvisor-1355.html,100,100,100,100,100,100,100,100
44,flights_html/tripadvisor-1321.html,100,100,100,100,100,100,100,100
44,flights_html/farecompare-0005.html,100,100,100,100,100,100,100,100
44,flights_html/farecompare-1061.html,100,100,100,100,100,100,100,100
44,flights_html/gotogate-1703.html,100,100,100,100,100,100,100,100
44,flights_html/cheapair-0530.html,100,100,100,100,100,100,100,100
44,flights_html/cheapair-1218.html,100,100,100,100,100,0,100,0
44,flights_html/cheapair-1688.html,100,100,100,100,100,0,100,0
44,flights_html/cheapair-1653.html,100,100,100,100,100,100,100,100
44,flights_html/gotogate-1579.html,100,100,100,100,100,100,100,100
44,flights_html/kayak-0170.html,100,100,100,100,100,100,100,100
44,flights_html/cheapair-1353.html,100,100,100,100,100,100,100,100
44,flights_html/farecompare-0904.html,100,100,100,100,100,100,100,100
44,flights_html/farecompare-1283.html,100,100,100,100,100,100,100,100
44,flights_html/cheapair-0859.html,100,100,100,100,100,0,100,0
44,flights_html/kayak-1762.html,100,100,100,100,100,100,100,100
44,flights_html/cheapair-0867.html,100,100,100,100,100,0,100,0
44,flights_html/farecompare-0684.html,100,100,100,100,100,100,100,100
44,flights_html/cheapair-1110.html,100,100,100,100,100,100,100,100
44,flights_html/tripadvisor-0005.html,100,100,100,100,100,100,100,100
44,flights_html/cheapair-0272.html,100,100,100,100,100,0,100,0
44,flights_html/farecompare-2305.html,100,100,100,100,100,100,100,100
44,flights_html/cheapair-0669.html,100,100,100,100,100,100,100,100
44,flights_html/tripadvisor-0206.html,100,100,100,100,100,100,100,100
44,flights_html/gotogate-2142.html,100,100,100,100,100,100,100,100
44,flights_html/cheapair-1515.html,100,100,100,100,100,100,100,100
44,flights_html/farecompare-2395.html,100,100,100,100,100,100,100,100
44,flights_html/tripadvisor-1370.html,100,100,100,100,100,100,100,100
44,flights_html/cheapair-0728.html,100,100,100,100,100,0,100,0
44,flights_html/gotogate-1528.html,100,100,100,100,100,100,100,100
44,flights_html/cheapair-0831.html,100,100,100,100,100,100,100,100
44,flights_html/cheapair-0537.html,100,100,100,100,100,100,100,100
44,flights_html/gotogate-1259.html,100,100,100,100,100,100,100,100
44,flights_html/farecompare-1966.html,100,100,100,100,100,100,100,100
44,flights_html/farecompare-1548.html,100,100,100,100,100,100,100,100
44,flights_html/cheapair-0686.html,100,100,100,100,100,100,100,100
44,flights_html/kayak-0599.html,100,100,100,100,100,100,100,100
44,flights_html/tripadvisor-0110.html,100,100,100,100,100,100,100,100
44,flights_html/tripadvisor-0258.html,100,100,100,100,100,100,100,100
44,flights_html/kayak-0190.html,100,100,100,100,100,100,100,100
44,flights_html/kayak-0262.html,100,100,100,100,100,100,100,100
44,flights_html/tripadvisor-1037.html,100,100,100,100,100,100,100,100
44,flights_html/farecompare-2271.html,100,100,100,100,100,100,100,100
44,flights_html/cheapair-0023.html,100,100,100,100,100,0,100,0
44,flights_html/gotogate-0614.html,100,100,100,100,100,100,100,100
44,flights_html/cheapair-0467.html,100,100,100,100,100,0,100,0
44,flights_html/cheapair-1914.html,100,100,100,100,100,100,100,100
44,flights_html/gotogate-1316.html,100,100,100,100,100,100,100,100
44,flights_html/cheapair-0699.html,100,100,100,100,100,0,100,0
44,flights_html/cheapair-1300.html,100,100,100,100,100,0,100,0
44,flights_html/tripadvisor-0115.html,100,100,100,100,100,100,100,100
44,flights_html/tripadvisor-0402.html,100,100,100,0,100,100,100,0
44,flights_html/gotogate-0176.html,100,100,100,100,100,100,100,100
44,flights_html/tripadvisor-1314.html,100,100,100,100,100,100,100,100
44,flights_html/kayak-1664.html,0,100,100,100,100,100,100,0
44,flights_html/tripadvisor-1790.html,100,100,100,100,100,100,100,100
44,flights_html/kayak-1235.html,100,100,100,100,100,100,100,100
44,flights_html/gotogate-1293.html,100,100,100,100,100,100,100,100
44,flights_html/kayak-1397.html,0,100,100,100,100,0,100,0
44,flights_html/cheapair-0065.html,100,100,100,100,100,100,100,100
44,flights_html/farecompare-1979.html,100,100,100,100,100,100,100,100
44,flights_html/gotogate-0778.html,100,100,100,100,100,100,100,100
44,flights_html/gotogate-0322.html,100,100,100,100,100,100,100,100
44,flights_html/farecompare-0407.html,100,100,100,100,100,100,100,100
44,flights_html/kayak-1073.html,100,100,100,100,100,100,100,100
44,flights_html/tripadvisor-0136.html,100,100,100,100,100,100,100,100
44,flights_html/tripadvisor-1578.html,100,100,100,100,100,100,100,100
44,flights_html/kayak-0991.html,100,100,100,100,100,0,100,0
44,flights_html/kayak-1384.html,0,100,100,100,100,0,100,0
44,flights_html/kayak-1997.html,100,100,100,100,100,100,100,100
44,flights_html/cheapair-0720.html,100,100,100,100,100,100,100,100
44,flights_html/tripadvisor-1225.html,100,100,100,100,100,100,100,100
44,flights_html/farecompare-0817.html,100,100,100,100,100,100,100,100
44,flights_html/farecompare-1894.html,100,100,100,100,100,100,100,100
44,flights_html/cheapair-1087.html,100,100,100,100,100,0,100,0
44,flights_html/farecompare-1266.html,100,100,100,100,100,100,100,100
44,flights_html/cheapair-0855.html,100,100,100,100,100,0,100,0
44,flights_html/farecompare-1822.html,100,100,100,100,100,100,100,100
44,flights_html/tripadvisor-0498.html,100,100,100,100,100,100,100,100
44,flights_html/farecompare-0459.html,100,100,100,100,100,100,100,100
44,flights_html/farecompare-0497.html,100,100,100,100,100,100,100,100
44,flights_html/farecompare-0982.html,100,100,100,100,100,100,100,100
44,flights_html/kayak-1123.html,100,100,100,100,100,0,100,0
44,flights_html/kayak-0322.html,0,100,100,100,100,100,100,0
44,flights_html/farecompare-2113.html,100,100,100,100,100,100,100,100
44,flights_html/tripadvisor-1246.html,100,100,100,100,100,100,100,100
44,flights_html/tripadvisor-0544.html,100,100,100,100,100,100,100,100
44,flights_html/farecompare-0808.html,100,100,100,100,100,100,100,100
44,flights_html/farecompare-0191.html,100,100,100,100,100,100,100,100
44,flights_html/farecompare-0875.html,100,100,100,100,100,100,100,100
44,flights_html/tripadvisor-1152.html,100,100,100,100,100,100,100,100
44,flights_html/tripadvisor-0156.html,100,100,100,100,100,100,100,100
44,flights_html/cheapair-1495.html,100,100,100,100,100,100,100,100
44,flights_html/cheapair-1412.html,100,100,100,100,100,0,100,0
44,flights_html/cheapair-0734.html,100,100,100,100,100,0,100,0
44,flights_html/farecompare-1710.html,100,100,100,100,100,100,100,100
44,flights_html/gotogate-0251.html,100,100,100,100,100,100,100,100
44,flights_html/tripadvisor-0558.html,100,100,100,0,100,100,100,0
44,flights_html/farecompare-0397.html,100,100,100,100,100,100,100,100
44,flights_html/gotogate-1261.html,100,100,100,100,100,100,100,100
44,flights_html/gotogate-1053.html,100,100,100,100,100,100,100,100
44,flights_html/farecompare-1028.html,100,100,100,100,100,100,100,100
44,flights_html/gotogate-1189.html,100,100,100,100,100,100,100,100
44,flights_html/tripadvisor-0970.html,100,100,100,100,100,100,100,100
44,flights_html/gotogate-1101.html,100,100,100,100,100,100,100,100
44,flights_html/farecompare-1128.html,100,100,100,100,100,100,100,100
44,flights_html/tripadvisor-0284.html,100,100,100,0,100,100,100,0
44,flights_html/tripadvisor-1722.html,100,100,100,100,100,100,100,100
44,flights_html/tripadvisor-0565.html,100,100,100,0,100,100,100,0
44,flights_html/gotogate-1128.html,100,100,100,100,100,100,100,100
44,flights_html/farecompare-0540.html,100,100,100,100,100,100,100,100
44,flights_html/tripadvisor-1269.html,100,100,100,100,100,100,100,100
44,flights_html/tripadvisor-1677.html,100,100,100,100,100,100,100,100
44,flights_html/gotogate-1104.html,100,100,100,100,100,100,100,100
44,flights_html/gotogate-0227.html,100,100,100,100,100,100,100,100
44,flights_html/tripadvisor-0887.html,100,100,100,100,100,100,100,100
44,flights_html/kayak-0091.html,0,100,100,100,100,0,100,0
44,flights_html/tripadvisor-1601.html,100,100,100,100,100,100,100,100
44,flights_html/kayak-0374.html,100,100,100,100,100,100,100,100
44,flights_html/kayak-1484.html,0,100,100,100,100,0,100,0
44,flights_html/gotogate-0254.html,100,100,100,100,100,100,100,100
44,flights_html/kayak-0525.html,100,100,100,100,100,100,100,100
44,flights_html/farecompare-1796.html,100,100,100,100,100,100,100,100
44,flights_html/kayak-1486.html,0,100,100,100,100,0,100,0
44,flights_html/tripadvisor-0412.html,100,100,100,100,100,100,100,100
44,flights_html/farecompare-2071.html,100,100,100,100,100,100,100,100
44,flights_html/tripadvisor-1814.html,100,100,100,100,100,100,100,100
44,flights_html/tripadvisor-1100.html,100,100,100,100,100,100,100,100
44,flights_html/kayak-1410.html,100,100,100,100,100,100,100,100
44,flights_html/gotogate-1389.html,100,100,100,100,100,100,100,100
44,flights_html/kayak-1202.html,100,100,100,100,100,100,100,100
44,flights_html/farecompare-0378.html,100,100,100,100,100,100,100,100
44,flights_html/kayak-0646.html,100,100,100,100,100,100,100,100
44,flights_html/farecompare-0568.html,100,100,100,100,100,100,100,100
44,flights_html/tripadvisor-0871.html,100,100,100,100,100,100,100,100
44,flights_html/kayak-0641.html,100,100,100,100,100,100,100,100
44,flights_html/gotogate-0734.html,100,100,100,100,100,100,100,100
44,flights_html/farecompare-0014.html,100,100,100,100,100,100,100,100
44,flights_html/kayak-0137.html,100,100,100,100,100,100,100,100
44,flights_html/farecompare-0912.html,100,100,100,100,100,100,100,100
44,flights_html/kayak-1007.html,100,100,100,100,100,0,100,0
44,flights_html/tripadvisor-1617.html,100,100,100,100,100,100,100,100
44,flights_html/farecompare-1145.html,100,100,100,100,100,100,100,100
44,flights_html/gotogate-1361.html,100,100,100,100,100,100,100,100
44,flights_html/tripadvisor-1549.html,100,100,100,0,100,100,100,0
44,flights_html/farecompare-0217.html,100,100,100,100,100,100,100,100
44,flights_html/gotogate-0936.html,100,100,100,100,100,100,100,100
44,flights_html/tripadvisor-0393.html,100,100,100,100,100,100,100,100
44,flights_html/farecompare-0736.html,100,100,100,100,100,100,100,100
44,flights_html/farecompare-2031.html,100,100,100,100,100,100,100,100
44,flights_html/gotogate-0581.html,100,100,100,100,100,100,100,100
44,flights_html/cheapair-0868.html,100,100,100,100,100,0,100,0
44,flights_html/gotogate-0924.html,100,100,100,100,100,100,100,100
44,flights_html/tripadvisor-1319.html,100,100,100,100,100,100,100,100
44,flights_html/gotogate-0525.html,100,100,100,100,100,100,100,100
44,flights_html/tripadvisor-1791.html,100,100,100,100,100,100,100,100
44,flights_html/gotogate-0006.html,100,100,100,100,100,100,100,100
44,flights_html/cheapair-1346.html,100,100,100,100,100,100,100,100
44,flights_html/farecompare-1239.html,100,100,100,100,100,100,100,100
44,flights_html/farecompare-1015.html,100,100,100,100,100,100,100,100
44,flights_html/cheapair-0095.html,100,100,100,100,100,0,100,0
44,flights_html/kayak-0665.html,100,100,100,100,100,100,100,100
44,flights_html/gotogate-2148.html,100,100,100,100,100,100,100,100
44,flights_html/tripadvisor-1597.html,100,100,100,100,100,100,100,100
44,flights_html/kayak-1450.html,0,100,100,100,100,0,100,0
44,flights_html/cheapair-1202.html,100,100,100,100,100,100,100,100
44,flights_html/gotogate-1952.html,100,100,100,100,100,100,100,100
44,flights_html/tripadvisor-1023.html,100,100,100,0,100,100,100,0
44,flights_html/kayak-0756.html,0,100,100,100,100,0,100,0
44,flights_html/cheapair-0923.html,100,100,100,100,100,100,100,100
44,flights_html/kayak-0773.html,0,100,100,100,100,0,100,0
44,flights_html/gotogate-0164.html,100,100,100,100,100,100,100,100
44,flights_html/gotogate-1850.html,100,100,100,100,100,100,100,100
44,flights_html/tripadvisor-0314.html,100,100,100,0,100,100,100,0
44,flights_html/kayak-0381.html,100,100,100,100,100,100,100,100
44,flights_html/farecompare-0563.html,100,100,100,100,100,100,100,100
44,flights_html/cheapair-1996.html,100,100,100,100,100,100,100,100
44,flights_html/tripadvisor-1996.html,100,100,100,100,100,100,100,100
44,flights_html/farecompare-0421.html,100,100,100,100,100,100,100,100
44,flights_html/kayak-1646.html,100,100,100,100,100,100,100,100
44,flights_html/farecompare-0537.html,100,100,100,100,100,100,100,100
44,flights_html/farecompare-0354.html,100,100,100,100,100,100,100,100
44,flights_html/gotogate-1855.html,100,100,100,100,100,100,100,100
44,flights_html/kayak-1074.html,100,100,100,100,100,100,100,100
44,flights_html/kayak-1378.html,0,100,100,100,100,0,100,0
44,flights_html/gotogate-1184.html,100,100,100,100,100,100,100,100
44,flights_html/gotogate-1600.html,100,100,100,100,100,100,100,100
44,flights_html/kayak-1773.html,0,100,100,100,100,0,100,0
44,flights_html/cheapair-1220.html,100,100,100,100,100,0,100,0
44,flights_html/gotogate-0004.html,100,100,100,100,100,100,100,100
44,flights_html/cheapair-0429.html,100,100,100,100,100,100,100,100
44,flights_html/farecompare-2339.html,100,100,100,100,100,100,100,100
44,flights_html/tripadvisor-0381.html,100,100,100,0,100,100,100,0
44,flights_html/farecompare-0369.html,100,100,100,100,100,100,100,100
44,flights_html/tripadvisor-0053.html,100,100,100,100,100,100,100,100
44,flights_html/farecompare-1102.html,100,100,100,100,100,100,100,100
44,flights_html/kayak-1758.html,100,100,100,100,100,100,100,100
44,flights_html/farecompare-1985.html,100,100,100,100,100,100,100,100
44,flights_html/tripadvisor-0234.html,100,100,100,100,100,100,100,100
44,flights_html/farecompare-0140.html,100,100,100,100,100,100,100,100
44,flights_html/cheapair-1574.html,100,100,100,100,100,100,100,100
44,flights_html/cheapair-1137.html,100,100,100,100,100,100,100,100
44,flights_html/farecompare-1764.html,100,100,100,100,100,100,100,100
44,flights_html/cheapair-1714.html,100,100,100,100,100,0,100,0
44,flights_html/farecompare-0364.html,100,100,100,100,100,100,100,100
44,flights_html/farecompare-1892.html,100,100,100,100,100,100,100,100
44,flights_html/tripadvisor-1256.html,100,100,100,100,100,100,100,100
44,flights_html/kayak-1925.html,0,100,100,100,100,0,100,0
44,flights_html/cheapair-1129.html,100,100,100,100,100,100,100,100
44,flights_html/cheapair-0880.html,100,100,100,100,100,0,100,0
44,flights_html/farecompare-0403.html,100,100,100,100,100,100,100,100
44,flights_html/kayak-0654.html,100,100,100,100,100,100,100,100
44,flights_html/gotogate-1593.html,100,100,100,100,100,100,100,100
44,flights_html/gotogate-2022.html,100,100,100,100,100,100,100,100
44,flights_html/cheapair-1636.html,100,100,100,100,100,100,100,100
44,flights_html/farecompare-0599.html,100,100,100,100,100,100,100,100
44,flights_html/gotogate-1467.html,100,100,100,100,100,100,100,100
44,flights_html/gotogate-1692.html,100,100,100,100,100,100,100,100
44,flights_html/tripadvisor-1392.html,100,100,100,100,100,100,100,100
44,flights_html/cheapair-0750.html,100,100,100,100,100,100,100,100
44,flights_html/cheapair-1774.html,100,100,100,100,100,0,100,0
44,flights_html/farecompare-0409.html,100,100,100,100,100,100,100,100
44,flights_html/gotogate-1187.html,100,100,100,100,100,100,100,100
44,flights_html/farecompare-0575.html,100,100,100,100,100,100,100,100
44,flights_html/gotogate-0554.html,100,100,100,100,100,100,100,100
44,flights_html/farecompare-0366.html,100,100,100,100,100,100,100,100
44,flights_html/tripadvisor-1490.html,100,100,100,100,100,100,100,100
44,flights_html/farecompare-1564.html,100,100,100,100,100,100,100,100
44,flights_html/farecompare-0035.html,100,100,100,100,100,100,100,100
44,flights_html/kayak-0435.html,100,100,100,100,100,100,100,100
44,flights_html/kayak-1558.html,100,100,100,100,100,100,100,100
44,flights_html/cheapair-0116.html,100,100,100,100,100,100,100,100
44,flights_html/kayak-1675.html,100,100,100,100,100,100,100,100
44,flights_html/gotogate-1485.html,100,100,100,100,100,100,100,100
44,flights_html/gotogate-2176.html,100,100,100,100,100,100,100,100
44,flights_html/cheapair-1853.html,100,100,100,100,100,0,100,0
44,flights_html/kayak-0911.html,100,100,100,100,100,100,100,100
44,flights_html/kayak-0238.html,100,100,100,100,100,100,100,100
44,flights_html/gotogate-1774.html,100,100,100,100,100,100,100,100
44,flights_html/cheapair-0132.html,100,100,100,100,100,100,100,100
44,flights_html/cheapair-0462.html,100,100,100,100,100,0,100,0
44,flights_html/gotogate-1858.html,100,100,100,100,100,100,100,100
44,flights_html/cheapair-0633.html,100,100,100,100,100,100,100,100
44,flights_html/farecompare-1152.html,100,100,100,100,100,100,100,100
44,flights_html/gotogate-1489.html,100,100,100,100,100,100,100,100
44,flights_html/tripadvisor-1149.html,100,100,100,100,100,100,100,100
44,flights_html/tripadvisor-1524.html,100,100,100,0,100,100,100,0
44,flights_html/cheapair-1814.html,100,100,100,100,100,100,100,100
44,flights_html/kayak-1926.html,0,100,100,100,100,0,100,0
44,flights_html/farecompare-1287.html,100,100,100,100,100,100,100,100
44,flights_html/gotogate-0067.html,100,100,100,100,100,100,100,100
44,flights_html/cheapair-1302.html,100,100,100,100,100,100,100,100
44,flights_html/cheapair-1585.html,100,100,100,100,100,100,100,100
44,flights_html/kayak-0961.html,100,100,100,100,100,100,100,100
44,flights_html/kayak-1859.html,100,100,100,100,100,100,100,100
44,flights_html/tripadvisor-1748.html,100,100,100,100,100,100,100,100
44,flights_html/gotogate-0636.html,100,100,100,100,100,100,100,100
44,flights_html/gotogate-1008.html,100,100,100,100,100,100,100,100
44,flights_html/tripadvisor-1444.html,100,100,100,100,100,100,100,100
44,flights_html/farecompare-2083.html,100,100,100,100,100,100,100,100
44,flights_html/kayak-1984.html,100,100,100,100,100,100,100,100
44,flights_html/tripadvisor-0254.html,100,100,100,100,100,100,100,100
44,flights_html/farecompare-2160.html,100,100,100,100,100,100,100,100
44,flights_html/farecompare-1369.html,100,100,100,100,100,100,100,100
44,flights_html/cheapair-0454.html,100,100,100,100,100,100,100,100
44,flights_html/tripadvisor-0643.html,100,100,100,100,100,100,100,100
44,flights_html/cheapair-1994.html,100,100,100,100,100,100,100,100
44,flights_html/tripadvisor-0795.html,100,100,100,100,100,100,100,100
44,flights_html/farecompare-0021.html,100,100,100,100,100,100,100,100
44,flights_html/tripadvisor-0006.html,100,100,100,100,100,100,100,100
44,flights_html/cheapair-1607.html,100,100,100,100,100,100,100,100
44,flights_html/farecompare-1264.html,100,100,100,100,100,100,100,100
44,flights_html/kayak-0017.html,100,100,100,100,100,100,100,100
44,flights_html/cheapair-1032.html,100,100,100,100,100,0,100,0
44,flights_html/tripadvisor-0341.html,100,100,100,100,100,100,100,100
44,flights_html/cheapair-0568.html,100,100,100,100,100,0,100,0
44,flights_html/gotogate-0154.html,100,100,100,100,100,100,100,100
44,flights_html/cheapair-0427.html,100,100,100,100,100,100,100,100
44,flights_html/kayak-1443.html,0,100,100,100,100,0,100,0
44,flights_html/cheapair-0373.html,100,100,100,100,100,100,100,100
44,flights_html/cheapair-0201.html,100,100,100,100,100,100,100,100
44,flights_html/kayak-0236.html,100,100,100,100,100,100,100,100
44,flights_html/farecompare-0356.html,100,100,100,100,100,100,100,100
44,flights_html/gotogate-0547.html,100,100,100,100,100,100,100,100
44,flights_html/tripadvisor-1836.html,100,100,100,100,100,100,100,100
44,flights_html/tripadvisor-0760.html,100,100,100,0,100,100,100,0
44,flights_html/kayak-0922.html,100,100,100,100,100,0,100,0
44,flights_html/farecompare-1834.html,100,100,100,100,100,100,100,100
44,flights_html/farecompare-1382.html,100,100,100,100,100,100,100,100
44,flights_html/tripadvisor-1668.html,100,100,100,100,100,100,100,100
44,flights_html/gotogate-0465.html,100,100,100,100,100,100,100,100
44,flights_html/farecompare-1085.html,100,100,100,100,100,100,100,100
44,flights_html/cheapair-0435.html,100,100,100,100,100,100,100,100
44,flights_html/cheapair-0256.html,100,100,100,100,100,0,100,0
44,flights_html/cheapair-0838.html,100,100,100,100,100,0,100,0
44,flights_html/kayak-1227.html,100,100,100,100,100,100,100,100
44,flights_html/cheapair-1147.html,100,100,100,100,100,0,100,0
44,flights_html/kayak-1488.html,100,100,100,100,100,100,100,100
44,flights_html/tripadvisor-0611.html,100,100,100,100,100,100,100,100
44,flights_html/tripadvisor-1550.html,100,100,100,0,100,100,100,0
44,flights_html/kayak-1650.html,100,100,100,100,100,100,100,100
44,flights_html/gotogate-0505.html,100,100,100,100,100,100,100,100
44,flights_html/cheapair-1082.html,100,100,100,100,100,100,100,100
44,flights_html/kayak-0446.html,100,100,100,100,100,100,100,100
44,flights_html/kayak-0509.html,100,100,100,100,100,100,100,100
44,flights_html/kayak-1876.html,100,100,100,100,100,100,100,100
44,flights_html/gotogate-0674.html,100,100,100,100,100,100,100,100
44,flights_html/cheapair-0763.html,100,100,100,100,100,100,100,100
44,flights_html/kayak-1612.html,100,100,100,100,100,100,100,100
44,flights_html/kayak-1180.html,100,100,100,100,100,100,100,100
44,__SUMMARY__,94.88,100.00,100.00,98.25,100.00,88.26,100.00,85.52
