file,NAME,RATING,CATEGORY,DEVELOPER,OS
app_html/apkpure-1315.html,Taskbar,3,UtilitiesApplication,Braden Farmer,Android
app_html/apkpure-1312.html,Tiny Auto Shop: Car Wash Game,5.4,GameApplication,Aliens L.L.C-F.Z,Android
app_html/cnet-0524.html,"Adobe Acrobat Reader: PDF Viewer, Editor & Creator",User Rating,Management Software,Adobe,Android
app_html/appagg-1983.html,Ladderhead,0,Action & Adventure,Karolis Dikcius,Games
app_html/appagg-1618.html,Pilie Pals,0,Classics,Keyreal,Games
app_html/cnet-1457.html,SilverDaddies - for mature men and their,User Rating,Social Networking Software,Dennis Andersen,iOS
app_html/apkpure-2164.html,CRY BABIES,0,GameApplication,IMC Toys,Android
app_html/cnet-0334.html,Shinobu - Sweet time APK for,User Rating,Games,Sarah Marie Hill,Android
app_html/aptoide-1506.html,Chess for,4.8,Board,Aart Bik,Android
app_html/aptoide-0304.html,Eyes Scary Thriller - Creepy Horror Game,4.3,ADVENTURE,Fearless Games sp. j.,Android
app_html/appagg-0920.html,Paper.io 2,54,Arcade,VOODOO,Android
app_html/cnet-0362.html,Spider-Man Ultimate Power APK for,User Rating,Action Games,gameloft,Android
app_html/appagg-1717.html,The Elder Scrolls V: Skyrim Special Edition,4,Role Playing,Bethes,Steam
app_html/appagg-1188.html,Arena of Valor,395,Action,Level Infinite,Android
app_html/aptoide-1989.html,Advanced Download Manager & Torrent downloader,4.6,Tools,admtorrent,Android
app_html/apkpure-1962.html,Cute Calendar Schedule Planner,,UtilitiesApplication,Starnest JSC,Android
app_html/apkpure-1524.html,ScreenXperience,,Free Video Players & Editors App,ScreenDeveloper,Android
app_html/appbrain-1207.html,GPS,4.84,Maps & Navigation,Morkam 88,Apps
app_html/aptoide-1126.html,Zombie Survival,4.46,Racing,DogByte Games,Android
app_html/appbrain-1393.html,Mehendi Designs Henna Tattoos,4.75,Art & Design,Happy-verse,Android
app_html/appagg-1139.html,Clumsy Ninja,395,Adventure,Zynga,Android
app_html/aptoide-0951.html,Racing 3D,5,Simulation,Artoon,Android
app_html/cnet-0277.html,Yandere Simulator APK for,User Rating,Entertainment Software,Kawfight,Android
app_html/appagg-0271.html,Hot,0,Productivity,Degoo Backup AB - Cloud,Android
app_html/aptoide-1346.html,Just Dance Controller,4.4,Music,Ubisoft,Android
app_html/apkpure-0650.html,AI Video Editor - VivaCut,8.6,MultimediaApplication,VivaCut,Android
app_html/appagg-0220.html,Grubhub: Food Delivery,0,Food & Drink,Grub,Android
app_html/cnet-0037.html,Ze,User Rating,Business Applications,Early Warning Services,Android
app_html/appagg-0451.html,Vivo - Telefónica,1,Tools,VIVO S.A.,Android
app_html/appagg-1201.html,Doodle Jump,395,Arcade,Lima Sky LLC,Android
app_html/cnet-0098.html,Fans,User Rating,Communications,onlyfans app,Android
app_html/appbrain-1250.html,Mod Bussid Karnataka KSRTC,5,Art & Design,HWSDeveloper,Apps
app_html/appbrain-1843.html,Callpe - Video calling app,4.91,Social,CallPe Apps,Android
app_html/apkpure-0217.html,L1,,SportsApplication,Fanatiz,Android
app_html/appagg-0167.html,"WPS Office-PDF,Word,Sheet,PPT",5,Productivity,WPS SOFTWARE PTE. LTD.,Android
app_html/aptoide-1574.html,Lite,4.4,SOCIAL,Instagram,Android
app_html/cnet-0267.html,Mods for Rusted Warfare,User Rating,Entertainment Software,Scorobo,Android
app_html/cnet-0783.html,Perfect Applock Pro for,User Rating,Security Software,Morrison Smart Software,Android
app_html/aptoide-0807.html,Cat Jump,4.17,Arcade,Seeplay,Android
app_html/apkpure-1295.html,Eventos REMAX,,Free Events App,mobLee,Android
app_html/cnet-2040.html,Apple Bluetooth for,User Rating,Calendar & Time Management Software,Apple,Mac
app_html/apkpure-1428.html,GoreBox,8.6,GameApplication,F²Games,Android
app_html/aptoide-1101.html,CarGames,3,Racing,Dreamlandapps,Android
app_html/appbrain-1286.html,Poster Maker - Flyer Maker,4.88,Art & Design,Maxlabs Graphic Design Tools,Apps
app_html/apkpure-0049.html,Brainrot Merge - Drop,,Puzzle,Bravestars Publishing,Android
app_html/appbrain-0230.html,Google Docs,4.16,Productivity,Google LLC,Apps
app_html/apkpure-1910.html,Lynx - Hospitality TV Software,,TravelApplication,Lynx,Android
app_html/cnet-0752.html,APK for,User Rating,Security Software,Jailbreak VPN,Android
app_html/apkpure-1688.html,Carrom Pool: Disc Game,0,GameApplication,Miniclip.com,Android
app_html/aptoide-0237.html,Tic Tac,5,STRATEGY,pink tufts,Android
app_html/cnet-0195.html,Toca Kitchen Sushi Restaurant for,User Rating,Educational,To,Android
app_html/apkpure-2066.html,OldReel Vintage Camcorder,,DesignApplication,changpeng,Android
app_html/appbrain-1428.html,Markamama,5,Shopping,T-Soft Mobile,Android
app_html/aptoide-1124.html,Tom Driving Hill Climb,2.5,Racing,dev apps,Android
app_html/appbrain-0299.html,MayPera-Online Peso Cash Loan,5,Finance,"LUCKY SHELL FINTECH LENDING, INC.",Android
app_html/aptoide-0896.html,Pro MineCraft Exploration lite,3.88,Simulation,Younes Lamdoun,Android
app_html/aptoide-0635.html,Spotlight Room Escape,4.6,Puzzle,Javelin Ltd.,Android
app_html/aptoide-0399.html,Block Granny Horror,5,ADVENTURE,Poltro,Android
app_html/appbrain-0537.html,The Conjuring Coffin,5,Adventure,PapaBox,Apps
app_html/appagg-0706.html,Clash Royale,5,STRATEGY,Supercell,Android
app_html/cnet-0292.html,Hot Blue Films for,User Rating,Entertainment Software,Naz Studio,Android
app_html/aptoide-0351.html,Wallpapers For FF HD,2.3,ADVENTURE,Satria Tama,Android
app_html/appbrain-0543.html,Farouq Masters Of Archery,5,Adventure,Arabic Call Team,Android
app_html/appagg-0802.html,Avatar World,54,Role Playing,Pazu Games,Android
app_html/aptoide-1182.html,Lucky Card - Free Daily Scratch Cards Real Rewards,-,Casino,cloutdev,Android
app_html/cnet-0290.html,SSJ - Social Signal Jammer,User Rating,Entertainment Software,VikingSource,Android
app_html/cnet-0695.html,Blue Skies Live Wallpaper APK for,User Rating,Screensavers & Wallpaper,Kittehface Software,Android
app_html/appagg-0560.html,Samsung Members,50,Tools,"Samsung Electronics Co., Ltd.",Android
app_html/apkpure-1507.html,lla Shoot Live Scores,8.7,Free Sports App,Yalla Group,Android
app_html/appagg-1268.html,Shooting Ball,54,Sports,7788`s,Android
app_html/cnet-0309.html,Free Followers & Likes,User Rating,Entertainment Software,TikisApp,Android
app_html/appagg-0333.html,FGTS,50,Finance,Caixa Econômica Federal,Android
app_html/aptoide-0180.html,Clash of Queens Light or Dark,4.3,STRATEGY,Elex Wireless,Android
app_html/appagg-1458.html,Zombie Rollerz: Pin,5,Action & Adventure,Daedalic Entertainment,Steam Games
app_html/appbrain-1566.html,Butterfly,5,Photography,App Bites,Apps
app_html/cnet-0451.html,"hi5 - meet, chat & flirt for",User Rating,Social Networking Software,Tagged,Android
app_html/appbrain-1678.html,Train wash,4.88,Racing,YovoGames,Android
app_html/apkpure-0474.html,Mirror Plus HD Mirror app,8.8,LifestyleApplication,"Digitalchemy, LLC",Android
app_html/appbrain-0102.html,Remote Control for TV: All TV,4.08,Tools,JP Software Studio,Apps
app_html/aptoide-0066.html,Anger,4.4,ACTION,BLUE GNC Inc.,Android
app_html/aptoide-1337.html,Music Piano Tiles Roses,4.3,Music,skander ben salah,Android
app_html/apkpure-1039.html,Microsoft Copilot,4.8,UtilitiesApplication,Microsoft Corporation,Android
app_html/cnet-1347.html,FURBY CONNECT World for,User Rating,Kids Games,Hasbro,iOS
app_html/appbrain-0064.html,VPN - fast secure vpn proxy,4.79,Tools,TOPAPPS TECH PTE LTD,Apps
app_html/aptoide-2050.html,Samsung Cloud for Wear OS,4.5,Books & Reference,"Samsung Electronics Co., Ltd.",Android
app_html/appbrain-1225.html,Egypt Transport,4.83,Maps & Navigation,megahed,Android
app_html/appbrain-0180.html,Google Assistant,3.78,Productivity,Google LLC,Apps
app_html/cnet-0281.html,H,User Rating,Entertainment,BARAJAS ANAYA,Android
app_html/aptoide-2082.html,Google Go,4.7,Productivity,Google LLC,Android
app_html/aptoide-1617.html,Club,3.6,SOCIAL,Infinix Mobile,Android
app_html/cnet-0335.html,Mugen Anime Fight APK for,User Rating,Action Games,CH757,Android
app_html/appagg-1808.html,Milk inside a bag of milk inside a bag of milk,5,Action & Adventure,Missing Calm,Steam Games
app_html/appbrain-1392.html,Cute Blue,4.74,Art & Design,REVALIA STUDIO,Android
app_html/appbrain-1157.html,Fleet,5,Maps & Navigation,Scania Group,Apps
app_html/appbrain-0037.html,!,0.8,Puzzle,Supersonic Studios LTD,Android
app_html/appbrain-1745.html,Hill climb car race,3.3,Racing,Puzzles and Games for Everybody,Apps
app_html/apkpure-0944.html,Mo,0,Free Simulation Game,Anderson Horita,Android
app_html/aptoide-0790.html,Red,4,Arcade,SoHDev,Android
app_html/apkpure-0852.html,POS360,,BusinessApplication,Engaged Support,Android
app_html/aptoide-2305.html,PDF,-,Business,bhagattv@gmail.com,Android
app_html/appbrain-1177.html,ULYS,4.93,Maps & Navigation,VINCI AUTOROUTES,Android
app_html/appagg-1041.html,House of Fun™ - Casino Slots,5,Casino,Playtika,Android
app_html/cnet-1042.html,Cute Pangolin Emoji Sticker for,User Rating,Chat,Quang Tran Vinh,iOS
app_html/appagg-0558.html,Galaxy Wearable,54,Tools,"Samsung Electronics Co., Ltd.",Android
app_html/appbrain-1612.html,Love,4.89,Photography,Video Mixer Video Editor,Apps
app_html/cnet-1836.html,A Date with Death - Beyond the Bet,User Rating,Simulation,Two and a Half Studios,Mac
app_html/apkpure-1068.html,Live Football Tv : Live Score,,Free Events App,Cricim world,Android
app_html/appbrain-1365.html,T Shirt Design - T Shirts Art,4.77,Art & Design,o16i Apps,Android
app_html/aptoide-2034.html,Instabridge - Free WiFi,4.2,Tools,Degoo Backup AB - Cloud,Android
app_html/appbrain-0765.html,Kids Coloring Pages For Boys,4.76,Educational,Piggy Panda Inc,Android
app_html/appbrain-1027.html,Sanidad,5,Health & Fitness,Federación de Asoc. de Trab. de la Sanidad Arg.,Apps
app_html/appbrain-1663.html,#NAME?,5,Racing,Games For Fun Studios,Android
app_html/appbrain-1015.html,- Giảm cân Healthy,5,Health & Fitness,Eatsy Health,Android
app_html/cnet-0629.html,Cyberpu,User Rating,Screensavers & Wallpaper,Gaslight Heroes,Android
app_html/appagg-0864.html,Asphalt Legends - Racing Game,5,Racing,Gameloft SE,Android
app_html/aptoide-1869.html,Kore Official Remote for Kodi,4.5,MEDIA & VIDEO,Kodi Foundation Official,Android
app_html/appbrain-1996.html,Schumacher. The Official App,4.97,Sports,Keep Fighting Foundation,Apps
app_html/appbrain-0026.html,"Photo Recovery, All Restore",4.75,Tools,Techverse LTD,Apps
app_html/appagg-0065.html,Shazam: Find Music & Concerts,5,Music & Audio,Apple Inc.,Android
app_html/cnet-1494.html,for,User Rating,Business Applications,Capitec,iOS
app_html/appagg-0350.html,The Home Depot,50,Shopping,"The Home Depot, Inc.",Android
app_html/aptoide-0973.html,Alphard Car Game Simulator 3D,-,Simulation,Nit'X Games,Android
app_html/appagg-1137.html,King of Thieves,395,Strategy,Nazara Publishing,Android
app_html/appbrain-2016.html,Cronulla Sharks,5,Sports,NRL Digital,Android
app_html/appagg-1025.html,Basketball Stars: Multiplayer,395,Sports,Miniclip.com,Android
app_html/cnet-2013.html,CalcTape for,User Rating,Calculators,Schoettler Software,Mac
app_html/appagg-0775.html,Temple Run,5,Arcade,Imangi Studios,Android
app_html/appbrain-1122.html,Sofía for Android - Free App Download,5,Health & Fitness,Sofía,Apps
app_html/apkpure-1539.html,Motivation Daily quotes,.,HealthApplication,Monkey Taps LLC,Android
app_html/apkpure-0687.html,Bible,0,EducationalApplication,SOFTCRAFT,Android
app_html/aptoide-1923.html,Khmer TV,4.67,MEDIA & VIDEO,YaSolution,Android
app_html/cnet-1916.html,iPlayer Downloader for,User Rating,Download Managers,Math Campbell,Mac
app_html/appagg-1021.html,PPSSPP - PSP emulator,395,Action,Henrik Rydgård,Android
app_html/appagg-0390.html,SONIC Drive-In - Order Online,50,Food & Drink,SONIC,Android
app_html/apkpure-0298.html,AI Dress up-Try Clothes Design,0,LifestyleApplication,Bizo Mobile,Android
app_html/appbrain-0704.html,Toddler Games:ABC&Animals 1-6Y,4.88,Educational,irsaGame,Android
app_html/appagg-2031.html,Our world has not decayed,1,Action & Adventure,lamb of game,Games
app_html/aptoide-0393.html,Eerskraft,4.7,ADVENTURE,Gooogame,Android
app_html/cnet-1640.html,OLM Converter Pro for,User Rating,E-mail Software,Gladwev Software,Mac
app_html/appagg-1492.html,HOT WHEELS UNLEASHED™ 2 - Turbocharged - Legendary Edition,3.2,Racing & Flying,Milestone S.r.l.,Games
app_html/appbrain-0885.html,Full Screen Video Status,5,Entertainment,videostatus studio,Apps
app_html/cnet-2183.html,Bitlocker Loader,User Rating,Encryption Software,M3 Technic,Mac
app_html/appagg-1704.html,Find Girl | 发现女孩,0,Action & Adventure,Old Driver Studio,Games
app_html/aptoide-1375.html,Marshmello Piano Tiles 2,1,Music,Mr Panda,Android
app_html/apkpure-0409.html,Cellfie,8.8,Free Business App,Cellfie Mobile LLC,Android
app_html/apkpure-1612.html,8bit Painter,9.8,DesignApplication,OneTap Japan,Android
app_html/appbrain-0650.html,TRT İbi: Matematik Yolculuğu,5,Educational,Türkiye Radyo ve Televizyon Kurumu,Android
app_html/appagg-2053.html,Particle Wars,0,Action & Adventure,HaDe Games,Steam Games
app_html/apkpure-0618.html,Fairy Tales Children’s Books,0,GameApplication,Asa Gu,Android
app_html/apkpure-1919.html,Rade,,Free Tools App,QUARTA-RAD,.
app_html/apkpure-0754.html,Immovlan,,HomeApplication,Immovlan IT,Android
app_html/aptoide-2397.html,imagin More than mobile bank,4.4,Finance,Caixa,Android
app_html/appbrain-0066.html,.,1.48,Adventure,E,Apps
app_html/apkpure-0295.html,Legendary Tournament,,Free Casual Game,NikaruFL,Android
app_html/cnet-0390.html,Frontline Commando APK for,User Rating,Action Games,Glu Mobile,Android
app_html/appagg-1278.html,Family Guy The Quest for Stuff,3.7,Adventure,"Jam City, Inc.",Android
app_html/appagg-1940.html,Hasfax,0,Other,HorseGames,Steam Games
app_html/aptoide-2333.html,Easy,5,Business,technokeet,Android
app_html/appbrain-1216.html,Fasten: Safarlar va yetkazish,4.83,Maps & Navigation,Micromobility LLP,Android
app_html/aptoide-1266.html,Games Online,-,Casino,Permissions : 2 Name : Stargames Casino Size : 2.5 MB Downloads : 1.5K Version :,Android
app_html/appbrain-1728.html,Mega Car Stunts Race Car Games,4.73,Racing,Fun Games Zones,Apps
app_html/apkpure-1179.html,Paradot Personal AI chat,,SocialNetworkingApplication,FEELING.AI,Android
app_html/appbrain-1271.html,BuddyColo for Android - Free App Download,5,Art & Design,BuddyColo,Apps
app_html/cnet-2211.html,VirusBarrier X9 for,User Rating,Antivirus Software,Intego,Mac
app_html/appagg-1628.html,Pawnbarian,4,Other,j4nw,Games
app_html/apkpure-1252.html,Winners Circle 2024,,Free Social App,SAP,Android
app_html/aptoide-1070.html,Game - vr games,-,Racing,Games Gear Studio Limited,Android
app_html/apkpure-0613.html,Dexcom G7 APK for Android Download,,HealthApplication,Dexcom,Android
app_html/appbrain-0961.html,Liverpool Stickers Unofficial,5,Entertainment,Ant Space,Android
app_html/appbrain-0089.html,Live Cricket TV Streaming,4.03,Sports,Photostick,Android
app_html/apkpure-1961.html,Fruit Ninja®,3,GameApplication,Halfbrick Studios,Android
app_html/apkpure-2269.html,SHAREit Lite - Fast File Share,0,UtilitiesApplication,Partner Developer,Android
app_html/aptoide-1072.html,Go,4.5,Racing,Speed Thrills,Android
app_html/appbrain-0860.html,Temas Biblicos para Pregar,5,Books & Reference,Bible Studies Inc Apps,Apps
app_html/appbrain-1668.html,DATA WING,4.88,Racing,Dan Vogt,Android
app_html/cnet-1911.html,Video Downloader for,User Rating,Download Managers,Video Downloader,Mac
app_html/cnet-0438.html,Datally APK for,User Rating,Internet Software,Google LLC,Android
app_html/aptoide-1275.html,Lua Bingo Live Tombola online,4.4,Board,Xalera.cat,Android
app_html/appbrain-1650.html,Military,5,Racing,Army Truck Driving Army Games,Android
app_html/appagg-1829.html,Motor Mash,0,Action & Adventure,Piko,Steam Games
app_html/appagg-1168.html,Cooking Diary® Restaurant Game,50,Simulation,Mytona,Android
app_html/apkpure-1373.html,Premier League - Official App,8.9,SportsApplication,Premier League Ltd v,Android
app_html/cnet-1837.html,Angry,User Rating,Crossword & Puzzle Games,Rovio,Mac
app_html/apkpure-1698.html,PAULINI APK for Android Download,,Free House & Home App,PAULINI,Android
app_html/appagg-1894.html,Wintermoor Tactics Club,5,Action & Adventure,Versus Evil,Steam Games
app_html/apkpure-0587.html,Garten of Banban,0,GameApplication,Euphoric Brothers Games,Android
app_html/apkpure-1088.html,HeeSay: LGBTQ+ Community,7.7,SocialNetworkingApplication,"Blue City Holdings Co., Ltd.",Android
app_html/aptoide-0586.html,MARBLE MASTER,5,Puzzle,TEEWEE LIMITED,Android
app_html/appagg-1760.html,Ocean's Heart,1,Action & Adventure,Nordcurrent Labs,Games
app_html/appagg-1343.html,aa,395,Strategy,General Adaptive Apps Pty Ltd,Android
app_html/aptoide-1523.html,Flag Quiz,5,Brain & Puzzle,Julianinho,Android
app_html/appbrain-0883.html,Live Result,5,Entertainment,SATTA-KING,Apps
app_html/cnet-1439.html,Jackd - Gay Chat & Dating for,User Rating,Social Networking Software,Gage Diell,iOS
app_html/apkpure-1849.html,Rabota.ru: Job search app,8.9,BusinessApplication,Работа.ру — поиск,Android
app_html/appbrain-0618.html,Star Girl: Love Story,4.83,Adventure,MegaJoy Games Studio,Apps
app_html/apkpure-1980.html,Basketball Stars: Multiplayer,8.8,GameApplication,Miniclip.com,Android
app_html/appagg-1280.html,Robbery Bob 2: Double Trouble,395,Action,Deca_Games,Android
app_html/apkpure-1293.html,Drag Racing,8.6,GameApplication,Creative Mobile Games,Android
app_html/appbrain-1670.html,Blast,5,Racing,virtualinfocom,Apps
app_html/appagg-1379.html,Candy Manor - Home Design,3,Casual,Tengame19,Android
app_html/appagg-0525.html,HP Smart,5,Utilities & Tools,HP Inc.,Android
app_html/aptoide-0027.html,Hills of Steel,4.1,ACTION,Superplus Games,Android
app_html/aptoide-0463.html,8ball King Billiards Snooker,-,SPORTS GAMES,Bithku Games,Android
app_html/cnet-1956.html,iGetter for,User Rating,Download Managers,Presenta,Mac
app_html/cnet-0861.html,Flat Earth Pro for,User Rating,Maps,OProjects,Android
app_html/cnet-0501.html,FancyU Pro - Video Dating App for,User Rating,Social Networking Software,F&W Team,Android
app_html/aptoide-1962.html,В,0,MEDIA & VIDEO,#NAME?,Android
app_html/apkpure-0484.html,KaseyaO,,Free Productivity App,Kaseya,Android
app_html/aptoide-1036.html,European Luxury Cars,4.2,Racing,DMNK Studio,Android
app_html/apkpure-1027.html,VoVoo Q Live Video Chat,,SocialNetworkingApplication,DuoYo Team,Android
app_html/aptoide-2288.html,Computrabajo Ofertas de Empleo,4.5,Business,DGNET LTD.,Android
app_html/apkpure-0382.html,SCHOOLBOY RUNAWAY - STEALTH,8.8,Free Arcade Game,Linked Squad,Android
app_html/aptoide-2257.html,Google Chat,4.3,Business,Google LLC,Android
app_html/appagg-1713.html,Call of Duty®,4,Action & Adventure,Activision,Games
app_html/appbrain-0422.html,Camouflage Attack: Sniper Game,4.9,Action,Mil Yazilim,Android
app_html/aptoide-2415.html,Trade,5,Finance,Broker & Bank,Android
app_html/apkpure-0318.html,Aerial Freedom,,Free Simulation Game,KAY,Android
app_html/aptoide-1074.html,3D,4,Racing,khajamohammed,Android
app_html/cnet-2093.html,HiddenMe for,User Rating,Screensavers & Wallpaper,Appersian,Mac
app_html/appbrain-0224.html,Samsung Notes,4.79,Productivity,"Samsung Electronics Co., Ltd.",Apps
app_html/apkpure-0549.html,Yr,0,UtilitiesApplication,Meteorological Institute,Android
app_html/appbrain-1780.html,Coin Network,5,Social,Tik Coin Network,Apps
app_html/aptoide-1829.html,Downloader,4.3,MEDIA & VIDEO,videoder11,Android
app_html/appbrain-0638.html,Car Stunt Ramp Race: Car Games,4.8,Adventure,Zamsolutions,Android
app_html/cnet-1915.html,VideoDL,User Rating,Download Managers,mametunes,Mac
app_html/appbrain-1067.html,Modern Health,4.96,Health & Fitness,"Modern Health, Inc.",Android
app_html/appbrain-0185.html,Device Care,4.07,Tools,Samsung Electronics,Android
app_html/apkpure-1268.html,Lotus The Rabbit,,GameApplication,CHARRUA GAMES STUDIO,Android
app_html/appbrain-1913.html,Boca Socios,5,Sports,Club Atlético Boca Juniors,Apps
app_html/apkpure-1777.html,Fever: Moto,3,GameApplication,Gameguru Advertisement FZC,Android
app_html/apkpure-1160.html,Boca Jr,8.7,GameApplication,Piknik,Android
app_html/aptoide-0203.html,Doomsday Last Survivors,4.8,STRATEGY,SkyRise Digital Pte. Ltd.,Android
app_html/appagg-1780.html,Kin,0,Other,Chump Squad,Steam Games
app_html/aptoide-1740.html,Daman Club,3,COMMUNICATION,vipdamangames@gmail.com,1
app_html/appagg-0260.html,Calendar,375,Productivity,Google LLC,Android
app_html/aptoide-1176.html,Slot Machine Seven,4,Casino,Tidda Games,Android
app_html/appbrain-0204.html,Microsoft Word: Edit Documents,4.77,Productivity,Microsoft Corporation,Android
app_html/appagg-1215.html,Pyramid Solitaire Saga,395,Card,King,Android
app_html/apkpure-1693.html,USDT Miner,,UtilitiesApplication,Rio Crypto Devlopers,Android
app_html/appbrain-1944.html,SurfView for Android - Free App Download,5,Sports,SurfView,Apps
app_html/appbrain-1687.html,Toon Chase - Run away,4.8,Racing,Prado Studios,Android
app_html/cnet-1762.html,Graph,User Rating,Software,VoiceSync,Mac
app_html/appagg-1378.html,DEAD AHEAD: ZOMBIE WARFARE,54,Strategy,Mobirate,Android
app_html/appagg-0625.html,: Languages for life,5,Education,Memrise,Android
app_html/aptoide-0862.html,Rope Escape,3.1,Arcade,Deemedya INC,Android
app_html/appagg-0123.html,Apps,5,Productivity,Google,Android
app_html/aptoide-2407.html,Banxo,3.9,Business,monabanq,Android
app_html/aptoide-1915.html,TV Chile En Vivo,3.4,MEDIA & VIDEO,VXV Software,Android
app_html/appagg-1864.html,Flying Red Barrel - The Diary of a Little Aviator,0,Action & Adventure,Fruitbat Factory,Steam Games
app_html/cnet-0822.html,FindElfI APK for,User Rating,Itineraries & Schedules,Brian Zeng,Android
app_html/aptoide-0312.html,Pokemon Red,3.49,ADVENTURE,Antonio Rubira Marin,Android
app_html/appagg-1134.html,4 Pics 1 Word,395,Word,Lotum GmbH,Android
app_html/apkpure-1154.html,Skin for MCPE: Minecraft Skins,,UtilitiesApplication,PA Technologies,Android
app_html/cnet-0305.html,New Damon Ps2 Pro Emulator APK for,User Rating,Entertainment Software,ProLabs Inc,Android
app_html/apkpure-2237.html,Shorts VotTak: Short Video App,0,MultimediaApplication,OM NEWGEN TECHNOLOGIES PTE. LTD.,Android
app_html/aptoide-1028.html,Car,3.7,Racing,Rebecca Manfredini,Android
app_html/appagg-0809.html,Plague,417,Simulation,Ndemic Creations,Android
app_html/appbrain-1366.html,X,4.77,Art & Design,Launcher Developer,Apps
app_html/aptoide-0264.html,World War Commando Shooter - New Army Games 2021,-,STRATEGY,Top Arcade Games,Android
app_html/appbrain-1746.html,: Drive Simulator 3D,4.79,Racing,Club Team Caliente Mx Sports e Casino,Android
app_html/appagg-0954.html,Sol,4.7,Card,Supertreat - A Playtika Studio,Android
app_html/cnet-0681.html,Computer Launcher 2 for,User Rating,Screensavers & Wallpaper,Al-Mansi Studio,Android
app_html/apkpure-1745.html,No Wifi-Mini Games,,GameApplication,JMGame,Android
app_html/appagg-0866.html,Episode - Choose Your Story,5,Role Playing,Episode Interactive,Games
app_html/appagg-1331.html,Moto,395,Racing,DroidHen,Android
app_html/appagg-1451.html,Wayfinder,4.2,Role Playing,Airship Syndicate,Xbox Games
app_html/apkpure-2088.html,Weather,2,UtilitiesApplication,TOH Talent Team,Android
app_html/appbrain-0382.html,ZdrowApp,5,Health & Fitness,Benefit Systems SA,Android
app_html/aptoide-1592.html,Whats Tools For Wat,3.5,SOCIAL,Brent Inc LLC.,Android
app_html/apkpure-0150.html,Weather,,UtilitiesApplication,AMOBEAR TECHNOLOGY GROUP,Android
app_html/cnet-1499.html,Cash App,User Rating,Business Applications,Square,iOS
app_html/appbrain-0592.html,EscapeGame Fireworks,4.88,Adventure,ArayashikiGame,Android
app_html/cnet-0725.html,Keylogger for,User Rating,Security Software,7tech,Android
app_html/cnet-1716.html,TeXShop for,User Rating,Educational,Richard Koch,Mac
app_html/appbrain-0590.html,Hotel Diary - Grand doorman,4.86,Adventure,CSCMobi Studios,Android
app_html/apkpure-0418.html,ArtFlow Paint Draw Sketchbook,7.9,DesignApplication,Artflow Studio,Android
app_html/apkpure-0199.html,Hedge,2,GameApplication,SEGA,Android
app_html/apkpure-1188.html,ReadNest – Explore eBooks,,EducationalApplication,DreamTech Design & Studio,Android
app_html/cnet-1235.html,for,User Rating,Entertainment Software,Ticketmaster,iOS
app_html/aptoide-0043.html,Blood Rivals - Survival Battleground FPS Shooter,4.5,ACTION,Phoenix Games Team,Android
app_html/aptoide-1014.html,OTR Offroad Car Driving Game,4.6,Racing,DogByte Games,Android
app_html/appbrain-0518.html,Polygun Arena: Online Shooter,4.8,Action,Sirius Games Yazılım Anonim Şirketi,Android
app_html/aptoide-1614.html,DeviantArt,4.48,SOCIAL,"DeviantArt, Inc.",Android
app_html/appagg-1153.html,LINE：ディズニー ツムツム,395,Puzzle,LINE (LY Corporation),Android
app_html/aptoide-0727.html,Dominoes,5,Puzzle,cantinsoft,Android
app_html/apkpure-1159.html,Minecraft Mod - Servers Master,1,UtilitiesApplication,XenonStudio,Android
app_html/cnet-1095.html,Happy Birthday CUstom FONt for,User Rating,Chat,Sunhee Choi,iOS
app_html/appagg-0769.html,Plants vs. Zombies™,5,Strategy,ELECTRONIC ARTS,Android
app_html/apkpure-0249.html,Elite Auto Brazil - Wheelie,,Free Simulation Game,Solty Games Studio,Android
app_html/aptoide-1191.html,Diamond Dog Cherry,-,Casino,R7 Developers,Android
app_html/aptoide-2440.html,Taptap Send Send money abroad,5,Finance,"Taptap Send, Inc.",Android
app_html/appbrain-0666.html,Birdie Memory,5,Educational,Merle Blanc,Apps
app_html/aptoide-0782.html,Plinko,-,Arcade,Yevhenii,Android
app_html/aptoide-2430.html,ر,-,Finance,fouzia mouaouine Official,Android
app_html/cnet-1848.html,Frostpunk for,User Rating,Arcade Games,11 bit studios,Mac
app_html/appbrain-0025.html,Tip Tap Challenge: Mini Games,3,Casual,Think Different FC.,Android
app_html/apkpure-0826.html,Island Saver,0,Free Educational Game,National Westminster Bank PLC,Android
app_html/appagg-1056.html,ASolver>,5,Puzzle,B-nice soft,Android
app_html/cnet-1674.html,Messenger for,User Rating,Chat,Mercury,Mac
app_html/apkpure-0320.html,Live Sports Scores,4,SportsApplication,Sofascore,Android
app_html/aptoide-0500.html,Soccer 2020 - World football league 3D,5,SPORTS GAMES,Jianpuina Khumba Phaomei,Android
app_html/cnet-2036.html,CopyClip - Clipboard History Manager for,User Rating,Productivity Software,FIPLAB,Mac
app_html/appbrain-1112.html,SwaRaj Kriya,5,Health & Fitness,GURU,Apps
app_html/aptoide-0752.html,العاب سيارات,1,Arcade,Dev-YouNess,Android
app_html/aptoide-0488.html,EA SPORTS™ UFC® Mobile 2,3.9,SPORTS GAMES,ELECTRONIC ARTS,Android
app_html/cnet-0208.html,SDA Hymn Books Collection APK for,User Rating,Educational,Triyasha,Android
app_html/appbrain-1013.html,Calmio for Android - Free App Download,5,Health & Fitness,Calmio,Apps
app_html/apkpure-1457.html,Blurrr Capcut pro video editor,2,MultimediaApplication,PINGUO TECHNOLOGY HK CO LIMITED,Android
app_html/cnet-1750.html,Graphviz for,User Rating,Educational,Pixelglow Software,Mac
app_html/appagg-0374.html,"CRED: UPI, Credit Cards, Bills",4.8,Finance,Dreamplug Technologies Private Limited,Android
app_html/apkpure-1918.html,Fubo: Watch Live TV & Sports,8.7,SportsApplication,fuboTV,Android
app_html/appbrain-1742.html,CarX Highway,4.7,RACING,CarX Technologies,Apps
app_html/aptoide-2197.html,ben sport live-HD✔,4.8,Entertainment,zoOm creative,Android
app_html/appbrain-1688.html,Racing Xtreme 2: Monster Truck,4.79,Racing,T-Bull S A,Android
app_html/cnet-1780.html,MoleculeSketch for,User Rating,Educational,Stefan Dolder,Mac
app_html/appbrain-1434.html,Medical Supplies,5,Shopping,Medikabazaar,Apps
app_html/appbrain-1504.html,Blur Photo Auto - Blur Image,5,Photography,TextSoft.Studio,Apps
app_html/cnet-1258.html,Procreate Pocket for,User Rating,Entertainment Software,Savage Interactive Pty Ltd,iOS
app_html/cnet-2071.html,Afloat for,User Rating,Screensavers & Wallpaper,Infinite Labs,Mac
app_html/appbrain-0700.html,Math Games: Math Practice,5,Educational,TRQ Ltd.,Android
app_html/appbrain-0366.html,O Trabalhador for Android - Free App Download,5,News & Magazines,Jornal,Android
app_html/appagg-1113.html,Crafting and Building,50,Adventure,GeneRe,Android
app_html/aptoide-2144.html,PlayStation,4.3,Entertainment,Schtruck &amp; LDchen,Android
app_html/cnet-1320.html,Temple Run Oz for,User Rating,Action Games,Disney,iOS
app_html/appagg-0269.html,Bitmoji (by Bitmoji) - (Android Apps) — AppAgg,375,Entertainment,Bitmoji,Android
app_html/appbrain-0970.html,Powervision TV for Android - Free App Download,5,Entertainment,POWERVISION TV,Android
app_html/appagg-1577.html,WFP 129 Military watch face,4.3,Personalization,WFProduction by Alexandr Kovalev,Android
app_html/appbrain-0681.html,ABC Djeca,5,Educational,Abeceda LLC,Apps
app_html/cnet-1799.html,Beats,User Rating,Action Games,Berzerk Studio,Mac
app_html/appagg-0485.html,Private Photo Vault - Keepsafe,460,Photography,Keepsafe,Android
app_html/aptoide-1513.html,Dream,-,Brain & Puzzle,Nelvin Reyes Santana,Android
app_html/cnet-1615.html,Warcraft III: Reforged for,User Rating,Strategy Games,Blizzard,Mac
app_html/appagg-2058.html,Hentai: Memory leak,0,Classics,Crew Lab,Games
app_html/aptoide-2004.html,Browser,4.4,Books & Reference,DuckDuckGo,Android
app_html/apkpure-0977.html,Sketchbook APK for Android Download,3,DesignApplication,Sketchbook,Android
app_html/aptoide-2434.html,VR Banking - einfach sicher,1,Finance,Fiducia & GAD IT AG,Android
app_html/aptoide-1446.html,Hack It,5,Brain & Puzzle,GevTech Apps,Android
app_html/aptoide-1566.html,Facebook,3.8,SOCIAL,Facebook,Android
app_html/apkpure-1094.html,Football Strike Online,8.8,GameApplication,Miniclip.com,Android
app_html/apkpure-0927.html,BY,0,Free Auto & Vehicles App,BYD Auto Industry Company Limited,Android
app_html/appagg-0178.html,"Vi: Recharge, Payments & Games",5,Productivity,Vodafone Idea Ltd.,Android
app_html/cnet-0296.html,Girls,User Rating,Entertainment Software,Coke Studio Apps,Android
app_html/cnet-1366.html,Max Payne Mobile for,User Rating,Games,Rockstar Games,iOS
app_html/appbrain-0973.html,Bigrigio - Telefono anni 70,5,Entertainment,Luciano Colosio,Android
app_html/aptoide-1894.html,"Online TV, Movies",3.7,VIDEO PLAYERS & EDITORS,MEG,Android
app_html/cnet-1833.html,Angry Birds Star Wars for,User Rating,Arcade Games,Rovio,Mac
app_html/appbrain-0054.html,Conduit: Share Internet Access,4.36,Communication,Psi,Apps
app_html/cnet-0765.html,Poster,User Rating,Security Software,Postern Software,Android
app_html/cnet-0188.html,Klistu Mu,User Rating,Reference Software,Kazi Apps,Android
app_html/apkpure-0949.html,o,,Free Auto & Vehicles App,YD Rastreamento,Android
app_html/apkpure-1075.html,SimuDrone Drone Simulator,,Free Educational Game,Akkuzu Games,Android
app_html/aptoide-0729.html,Bus Rush 2,3.1,Arcade,Play365,Android
app_html/appagg-0894.html,Cover Fire: Offline Shooting,417,Action,Viva Games Studios,Android
app_html/apkpure-1032.html,Toontastic,1,GameApplication,Common Sense Media,Android
app_html/aptoide-2105.html,Mi Video - Video player,4,& VIDEO,Xiaomi Inc.,Android
app_html/appbrain-0436.html,Gente Color Cartón,4.88,Action,Kuri Creativity,Apps
app_html/appagg-0566.html,PowerDirector - Video Editor,5,Video Players & Editors,Cyberlink Corp,Android
app_html/cnet-0925.html,Wireless IMU APK for,User Rating,Utilities & Tools,yakgg,Android
app_html/appbrain-0892.html,Hajduk Digital TV,5,Entertainment,HNK Hajduk Split,Android
app_html/apkpure-0724.html,Fergus,,BusinessApplication,Fergus Software Ltd.,Android
app_html/appagg-2010.html,Diesel Attack,0,Action & Adventure,Mates in Space,Games
app_html/aptoide-1996.html,"Zapya (Connect,Share,Transfer)",4.8,Tools,"Dewmobile USA, Inc.",Android
app_html/appagg-0234.html,SimSimi,375,Entertainment,SimSimi Inc.,Android
app_html/appbrain-0851.html,English Vietnamese Dictionary,5,Books & Reference,NDT,Apps
app_html/apkpure-0897.html,ShareMe File sharing,0,UtilitiesApplication,Xiaomi Inc.,Android
app_html/apkpure-0420.html,Weather Accurate Weather App,9.8,UtilitiesApplication,Coocent,Android
app_html/cnet-0704.html,Security APK for,User Rating,Security,Xiaomi Inc.,Android
app_html/cnet-1781.html,MathTools for,User Rating,Educational,BlacksSoftware,Mac
app_html/appagg-0495.html,+,5,Entertainment,Disney,Android
app_html/appagg-1047.html,QuizzLand. Quiz & Trivia game,4.8,Trivia,Quiz & Trivia Games by Mno Go Apps,Android
app_html/appagg-0181.html,"Bradesco: Conta, Cartão e Pix!",5,Finance,Banco Bradesco SA,Android
app_html/apkpure-0250.html,Room GPT AI - Interior Design,,DesignApplication,Evolution Games - Idle Merge,Android
app_html/appbrain-1351.html,Esport Logo Maker,4.78,Art & Design,Nilesh Jain,Android
app_html/cnet-0057.html,#NAME?,User Rating,Chat,AntiChat by,Android
app_html/apkpure-2198.html,Ball,,Free Entertainment App,Ragendom,Android
app_html/appbrain-0917.html,Celular,5,Entertainment,vapuru,Apps
app_html/cnet-1081.html,Comic,User Rating,Chat,Cool,iOS
app_html/appbrain-0399.html,Machacando Vegetales,5,Action,Loquendero Dev,Apps
app_html/appbrain-1037.html,TGYM for Android - Free App Download,5,Health & Fitness,TGYM,Apps
app_html/appagg-1127.html,Water Sort,50,Puzzle,IEC Global Pty Ltd,Android
app_html/apkpure-1917.html,Voila AI Artist Cartoon Filter,6,DesignApplication,Wemagine.AI,Android
app_html/appagg-0779.html,Castle Clash: World Ruler,125,Strategy,IGG.COM,Android
app_html/apkpure-0035.html,Creator,,DesignApplication,Quote Writer Vikrams,Android
app_html/cnet-1560.html,Endless Paper for,User Rating,Productivity Software,Epiphanie,iOS
app_html/cnet-0064.html,K Lite Codec APK for,User Rating,Chat,Meet Hundal,Android
app_html/appbrain-1605.html,PicSquarify,5,Photography,Creativity Unlimited,Apps
app_html/appbrain-0598.html,BRE Rincón de Aventuras,5,Adventure,GioRoblesC,Apps
app_html/cnet-0383.html,Iron Man 3 APK for,User Rating,Arcade Games,gameloft,Android
app_html/appagg-1266.html,Shooting World - Gun Fire,395,Sports,Gun Fire Studio,Android
app_html/appbrain-0937.html,Vettri Theatres,5,Entertainment,TicketNew,Android
app_html/cnet-0570.html,SureShot Buy Sell Signals APK for,User Rating,Business Applications,STPL Devlopers,Android
app_html/aptoide-2388.html,Dana Berkah - Cara Pinjaman Online,5,Finance,Hidmun Apps,Android
app_html/appbrain-1209.html,POP move,4.83,Maps & Navigation,POP MOVE DO BRASIL,Apps
app_html/appbrain-1800.html,Ganpati: Sukh Karta Dukh Harta,.,Social,Spiritual Studio,Android
app_html/aptoide-1682.html,Clubhouse,3.3,SOCIAL,Alpha Exploration Co.,Android
app_html/appbrain-0388.html,Al Qur,5,Books & Reference,Muslim Media,Apps
app_html/apkpure-1770.html,NEOS 2 Go,,Free Events App,Das Neue Österreich,Android
app_html/appagg-2030.html,SushiParty2,0,Action & Adventure,Anela,Games
app_html/appbrain-0275.html,SmartThings,4.57,Lifestyle,"Samsung Electronics Co., Ltd.",Android
app_html/cnet-1984.html,Adobe Acrobat Reader DC for,User Rating,Database Management Software,Adobe Systems,Android
app_html/apkpure-2033.html,Football streaming app,0,SportsApplication,FIFA,Android
app_html/appbrain-0802.html,Actif Solat Lite,5,Books & Reference,Abu Bakar Hj Hasan,Apps
app_html/cnet-0012.html,TrapCall: Unmask Blocked & Private Numbers APK for,User Rating,Chat,TelTech Systems Inc,Android
app_html/apkpure-1257.html,Paper.io 2,2,GameApplication,Paper.io 2,Android
app_html/aptoide-0421.html,Build & Craft Game,4.6,ADVENTURE,Caffetteria dev.,Android
app_html/aptoide-0634.html,Jigsawscapes - Jigsaw,4.3,Puzzle,Banana Games LLC,Android
app_html/appagg-0318.html,ze Navigation & Live Traffic,375,Navigation,Waze Inc.,Android
app_html/appagg-0814.html,Gacha,54,Casual,Lunime,Android
app_html/aptoide-1696.html,ر في,-,SOCIAL,hadiasiri,Android
app_html/cnet-1385.html,JAM by EA SPORTS for,User Rating,Sports Games,Electronic Arts,iOS
app_html/appagg-0564.html,: Buy & Sell Used Stuff,5,Shopping,letgo,Android
app_html/cnet-1872.html,VCE Exam Simulator for,User Rating,Games,Global Simulators Ltd,Mac
app_html/appbrain-1634.html,Hoarding Photo Frame - Hoardin,4.9,Photography,Ai Photo Labs,Android
app_html/aptoide-2316.html,Clear Scan - PDF Scanner App,4.5,Business,Indy Mobile App,Android
app_html/appbrain-0670.html,Princess fairytale castle game,5,Educational,Ginchu Games,Android
app_html/appbrain-0034.html,V2,4.45,Tools,Gungun Baby,Android
app_html/aptoide-0436.html,Soccer Star 23 Top Leagues,4.7,SPORTS GAMES,Viva Games Studios,Android
app_html/apkpure-0302.html,Master-Of-Regularity,5,SportsApplication,Filippo-Software,Android
app_html/apkpure-0907.html,McDo+,0,Free Food & Drink App,McDo+ McDonald's France,Android
app_html/appbrain-1479.html,Discount and tax percentage ca,4.97,Shopping,"Digitalchemy, LLC",Android
app_html/appagg-0163.html,: Shopping & Savings,5,Shopping,Walmart,Android
app_html/aptoide-1990.html,Amazon,3.6,Music & Audio,Amazon Mobile LLC,Android
app_html/apkpure-2253.html,City Smash 2,9.9,Free Simulation Game,Paradyme Games,Android
app_html/aptoide-0103.html,Super Saiyan Goku Battle,4.17,ACTION,games ads,Android
app_html/appbrain-0431.html,Infinity Square,5,Action,SPLABS,Apps
app_html/aptoide-1234.html,Cherry Slot,-,Casino,Tidda Games,Android
app_html/cnet-0329.html,Tekken 6 APK for,User Rating,Arcade Games,Bandai Namco Entertainment Inc.,Android
app_html/apkpure-1601.html,DroidCam Webcam (Classic),3,UtilitiesApplication,Dev47Apps,Android
app_html/appbrain-0279.html,POU,4.37,Casual,Zakeh,Android
app_html/aptoide-1282.html,Tattoo Slot,-,Casino,Mikhail Trishin,Android
app_html/apkpure-1893.html,المد,0,EducationalApplication,Madar Software,Android
app_html/appagg-0388.html,": Fast, Private",375,Communication,Browser,Android
app_html/appagg-0967.html,CALL OF DUTY,5,Action,"Activision Publishing, Inc.",iOS
app_html/appbrain-0462.html,ZOMBIE HUNTER: Fighting Games,4.89,Action,Meher Mobile Games,Android
app_html/apkpure-1144.html,Home Workout : No Equipment,,SportsApplication,Rstream Labs,Android
app_html/cnet-0650.html,Advice,User Rating,Screensavers & Wallpaper,Precise App Inc,Android
app_html/appbrain-1821.html,App,,,,Android
app_html/appbrain-1623.html,Flip Image - Mirror Photos,4.85,Photography,Double Ape,Android
app_html/apkpure-0857.html,Ovulation & Period Tracker,0,HealthApplication,Leap Fitness Group,Android
app_html/apkpure-1389.html,i Motion & Avatar Maker,,SocialNetworkingApplication,XRSPACE,Android
app_html/aptoide-0687.html,اسئل اسئلة عامة بدون نت - لعبة اسئل,-,Puzzle,Marzouk Ali Eltwansy,Android
app_html/appagg-1226.html,Survivor.io,50,Adventure,Habby,Android
app_html/appagg-2039.html,Felix The Reaper,1,Action & Adventure,Daedalic Entertainment,Games
app_html/cnet-1452.html,Itsme: Make New Friends for,User Rating,Social Networking Software,Natural,iOS
app_html/appbrain-1214.html,Oman Taxi: Otaxi,4.83,Maps & Navigation,GoUp LLC,Apps
app_html/cnet-0969.html,IP Changer History APK for,User Rating,Utilities & Tools,mnbit,Android
app_html/apkpure-0004.html,What Type of Girl Are You,5,LifestyleApplication,BuzzForFun,Android
app_html/aptoide-1747.html,Yandex Mail,4.6,COMMUNICATION,"CloudMagic, Inc.",Android
app_html/appbrain-0889.html,Muzzo Sound and Music effects,5,Entertainment,Zuzu Apps LTD,Apps
app_html/apkpure-1506.html,Digital Binoculars Pro,,Free Photography App,BG Studio,Android
app_html/apkpure-0946.html,r Gay Dating & Chat,6.7,social,Grindr LLC,Android
app_html/cnet-0302.html,HD,User Rating,Entertainment Software,Developer st,Android
app_html/apkpure-0564.html,Food & Shopping,5.5,ShoppingApplication,Deliveroo,Android
app_html/aptoide-2193.html,Mega Flix +,5,Entertainment,Wak Projects,Android
app_html/aptoide-0889.html,2,3.5,Simulation,Cristian Pinto,Android
app_html/appbrain-1399.html,Pulsalapak - Agen Pulsa Murah,5,Shopping,Amerta Developer,Android
app_html/appbrain-1339.html,Differences,4.8,Art & Design,IEC Games Australia,Apps
app_html/aptoide-2244.html,Polar,4.6,Business,"INFRAWARE, INC.",Android
app_html/apkpure-2262.html,Word Tag,,GameApplication,Mrs. Wordsmith,Android
app_html/apkpure-2000.html,Sandbox Powder Alchemy Element,,GameApplication,INWAVE GLOBAL,Android
app_html/appagg-0103.html,Microsoft Outlook,5,Productivity,Microsoft Corporation,Android
app_html/appbrain-0753.html,Słowo Mania po polsku,4.78,Educational,Simplicity Games,Android
app_html/cnet-1074.html,Speaking Email for,User Rating,E-mail Software,Beweb,iOS
app_html/aptoide-0490.html,Striker Soccer Euro,4,SPORTS GAMES,U-Play online,Android
app_html/appagg-0338.html,"Adobe Scan AI PDF Scanner, OCR",50,Business,Adobe,Android
app_html/aptoide-2464.html,Citibanamex Móvil,2.2,Finance,BANCO AZTECA,Android
app_html/cnet-2258.html,Apple Maps for,User Rating,Maps,Apple,Mac
app_html/aptoide-1355.html,GIVE IT UP,4.38,Music,Invictus Games Ltd.,Android
app_html/appagg-0851.html,MARVEL Future Fight,417,Role Playing,Netmarble,Android
app_html/aptoide-0306.html,Pokemon Emerald,3.79,ADVENTURE,wendy tukimin,Android
app_html/appagg-0475.html,Easycash - Kredit Dana Online,5,Finance,PT. Indonesia Fintopia Technology,Android
app_html/appbrain-0169.html,Google Calendar,4.55,Productivity,Google LLC,Apps
app_html/apkpure-1166.html,Backrooms,,Free Adventure Game,PlayFusionSys,Android
app_html/apkpure-0096.html,Maze Runner,,Free Arcade Game,iwco international winners company,Android
app_html/appagg-1236.html,Wood Screw,50,Puzzle,iKame Games - Zego Studio,Android
app_html/aptoide-1858.html,Video Editor & Maker VideoShow,4.3,VIDEO PLAYERS & EDITORS,X-Video Studio,Android
app_html/appbrain-1287.html,Cat Vacation Theme,5,Art & Design,#NAME?,Android
app_html/appbrain-1683.html,Moto Rider,4.83,Racing,Sims Puzzle Games,Android
app_html/apkpure-0110.html,Spin The Wheel,9.7,EntertainmentApplication,Random Picker,Android
app_html/aptoide-1641.html,Video Downloader for Likee - without Watermark,-,SOCIAL,Candy Group,Android
app_html/aptoide-2240.html,Kamai,5,Business,Kamai,Android
app_html/appbrain-1451.html,DRSB Express for Android - Free App Download,5,Shopping,DRSB,Apps
app_html/apkpure-1781.html,3D Sculptor,4,DesignApplication,3D modeling,Android
app_html/appbrain-0246.html,Samsung Smart Switch Mobile,3.98,Tools,"Samsung Electronics Co., Ltd.",Android
app_html/cnet-0483.html,Houseparty APK for,User Rating,Social Networking Software,Her,Android
app_html/appagg-0678.html,Adobe Scan: PDF & OCR Scanner,54,Business,Adobe Inc.,Android
app_html/cnet-1017.html,Dance Party Animated Stickers for,User Rating,Chat,Gazi Ahmed,iOS
app_html/apkpure-1660.html,Survival,1,GameApplication,ProGames3D,Android
app_html/appbrain-2008.html,Manly-Warringah Sea Eagles,5,Sports,NRL Digital,Android
app_html/aptoide-1792.html,Email - All Mailboxes,3.4,COMMUNICATION,"BTB Tech, Inc",Android
app_html/aptoide-1194.html,Dream JackPot,3,Casino,Dream-Up,Android
app_html/appbrain-0074.html,CITIZEN,4.38,Tools,Divine Softech,Apps
app_html/appagg-0154.html,Video Editor & Maker VideoShow,5,Editor,VIDEOSHOW Video Editor & Maker & AI Chat Generator,Android
app_html/apkpure-1899.html,Code,,UtilitiesApplication,Digital Work India,Android
app_html/apkpure-1717.html,EasyAccess 2.0,,UtilitiesApplication,"Weintek Labs., Inc.",Android
app_html/apkpure-0758.html,Wedding Invitation Card Maker,,UtilitiesApplication,Celebrare Invitations,Android
app_html/appagg-1765.html,Gin Rummy 3D Premium,0,Classics,BufoProject,Games
app_html/apkpure-0014.html,Sea Temperature,,Free Weather App,Georgiy Gorokhov,Android
app_html/aptoide-2358.html,LG Su,5,Business,LG Electronics Brasil,Android
app_html/aptoide-1618.html,Facelite for Facebook Lite FB,4.3,SOCIAL,Ezequiel Martinez,Android
app_html/aptoide-1180.html,World Roulette King,4.5,Casino,mobirixsub,Android
app_html/appbrain-0637.html,Animal Master: Hardcore Safari,4.8,Adventure,CASUAL AZUR GAMES,Apps
app_html/appagg-1050.html,Real Drum electronic drums set,395,Music,Kolb Apps,Android
app_html/appbrain-0913.html,Ucomi,5,Entertainment,Hwenjie,Apps
app_html/cnet-0747.html,AndroVPN APK for,User Rating,Security Software,AndroBranch,Android
app_html/aptoide-1951.html,AIO Video Downloader,4.4,MEDIA & VIDEO,Michael Liu,Android
app_html/appagg-1365.html,My Singing Monsters,5,Music,Big Blue Bubble,Android
app_html/appbrain-1426.html,Animale - Moda Feminina,5,Shopping,Grupo SOMA,Apps
app_html/cnet-0204.html,PSP GAME: EMULATOR AND ROMS for,User Rating,Educational,ChabCorps,Android
app_html/appagg-0277.html,: Music & Podcast Player,375,Music & Audio,Deezer Music,Android
app_html/appagg-0436.html,.6 Lagi Murah,50,Shopping,Lagi Murah,Android
app_html/apkpure-1733.html,Battery 100% Alarm,,UtilitiesApplication,EAGLE APPS,Android
app_html/aptoide-1818.html,VPN Finder,3.86,COMMUNICATION,Blueapple,Android
app_html/aptoide-1216.html,Free Slots India Slot Machine,-,Casino,Infiapps Ltd,Android
app_html/appagg-0623.html,edjing Mix - Music DJ app,49,Music & Audio,MWM - AI Music and Creative Apps,Android
app_html/appbrain-1161.html,eu - Mersul Trenurilor,5,Maps & Navigation,Tre,Apps
app_html/cnet-2121.html,Snap for,User Rating,Screensavers & Wallpaper,Indragie Karunaratne and Tyler Murphy,Mac
app_html/appbrain-1252.html,Festivals Poster Maker-BizzAds,5,Art & Design,Quality App Inc.,Android
app_html/apkpure-0760.html,Baby Name Together,,EducationalApplication,Linkinet,Android
app_html/cnet-0388.html,Dragon Mania APK for,User Rating,Games,gameloft,Android
app_html/aptoide-2400.html,"FGTS Saque - Consulta Saldo, Datas, Calcular Saldo",-,Finance,L2S Web Digital,Android
app_html/appagg-0228.html,VN - Video Editor & Maker,0,Video Players & Editors,"Ubiquiti Labs, LLC",Android
app_html/appagg-1467.html,Parking Tycoon: Business Simulator,0,Simulation,Great Escape Games Publishing,Nintendo Games
app_html/apkpure-1853.html,Medarot Survivors,,Free Action Game,"Imagineer Co.,Ltd.",Android
app_html/apkpure-0994.html,QR & Barcode Reader,8.8,UtilitiesApplication,TeaCapps,Android
app_html/cnet-0034.html,mada Pay for,User Rating,Business Applications,mada Payment System,Android
app_html/cnet-1652.html,Sonik OLM Converter Tool,User Rating,E-mail Software,Sonik Software,Mac
app_html/aptoide-0438.html,Free FiFa 18 Guide,3.2,SPORTS GAMES,Smart CUBE,Android
app_html/cnet-0106.html,GB TELEGRAM APK for,User Rating,Communications,superb IT,Android
app_html/cnet-0937.html,App Freezer No Root APK for,User Rating,Utilities & Tools,Real Zhang,Android
app_html/appbrain-0160.html,Android Switch,3.87,Tools,Google LLC,Android
app_html/aptoide-0049.html,Mission IGI Fps Shooting Game,3.7,ACTION,9 Pixels,Android
app_html/aptoide-0020.html,Dead Trigger 2 FPS Zombie Game,4.4,ACTION,MADFINGER Games,Android
app_html/cnet-1993.html,FormulatePro for,User Rating,Office Suites,Andrew de los Reyes,Mac
app_html/aptoide-1386.html,Dancing Line Original,-,Music,Collide Pixel Studio,Android
app_html/appbrain-1417.html,Aktionen und Weinshop,5,Shopping,Ak,Android
app_html/aptoide-1457.html,Games for Children,2,Brain & Puzzle,Dzoni,Android
app_html/apkpure-2071.html,Livetopia: Party!,0,GameApplication,Century Games PTE. LTD.,Android
app_html/cnet-1651.html,SunFlower for,User Rating,Web Phones & VoIP Software,Preen and Prune Group,Mac
app_html/appbrain-0776.html,Find numbers: 1 to 100,5,Educational,Eggies,Android
app_html/apkpure-0588.html,Jobs & Business News,2,BusinessApplication,LinkedIn,Android
app_html/appagg-0546.html,ESPN Fantasy Sports & More,5,Sports,Disney,Android
app_html/appbrain-1818.html,Alfa,5,Social,"Alfafaa, LLC",Apps
app_html/apkpure-2270.html,New Star Soccer,4,GameApplication,Five Aces Publishing Ltd.,Android
app_html/cnet-1203.html,Liv,User Rating,Entertainment Software,Clash Arts HK,iOS
app_html/aptoide-0221.html,Tower Defense,5,STRATEGY,xuannguyen92,Android
app_html/aptoide-0069.html,Game,5,ACTION,DMCC,Android
app_html/appagg-0934.html,Games,4.4,Casino,Playtika,Android
app_html/aptoide-2264.html,La,4.5,Business,Lazada Mobile,Android
app_html/apkpure-1680.html,Forecast,0,UtilitiesApplication,-,Android
app_html/cnet-1051.html,Disney Stickers,User Rating,Chat,Disney,iOS
app_html/cnet-1834.html,Monopoly,User Rating,Board Games,gamestore,Mac
app_html/appagg-1030.html,Shadow Fight 4: Arena,395,Role Playing,NEKKI,Android
app_html/appagg-0306.html,Video Downloader For Facebook,375,Tools,FastVid,Android
app_html/aptoide-2065.html,AdGuard VPN — private proxy,4.4,Tools,AdGuard Software Limited,Android
app_html/appbrain-0797.html,Bíblia Sagrada e Devocional,5,Books & Reference,Fernanda B. Santos,Apps
app_html/aptoide-1068.html,Car Race,-,Racing,Zego Global Publishing,Android
app_html/appagg-1062.html,Dead Trigger: Survival Shooter,395,Action,Deca_Games,Android
app_html/cnet-0990.html,12 Beta,User Rating,Utilities & Tools,google,Android
app_html/appagg-1650.html,inbento,1,Classics,Afterburn,Games
app_html/apkpure-0566.html,Social,,Free Social App,SocialPubli Internet República,Android
app_html/apkpure-1296.html,Αθλητικές Ειδήσεις,,SportsApplication,Νέα Gryphu Lord,Android
app_html/appagg-0605.html,PedidosYa - Delivery Online,0,Food & Drink,PedidosYa S.A,Android
app_html/apkpure-1672.html,AWEKAS Stationsweb,,Free Weather App,AWEKAS GmbH,Android
app_html/appagg-0711.html,EA SPORTS FC™ Mobile Soccer,4,Sports,ELECTRONIC ARTS,Android
app_html/appagg-0115.html,Avast Antivirus & Security,5,Tools,Avast Software,Android
app_html/aptoide-2204.html,WIFI Hacker Professional,3.78,Entertainment,HackerTools,Android
app_html/aptoide-1699.html,Free Snapchat Social Chat Tips,-,SOCIAL,Permissions : 5 Name : Free Snapchat Social Chat Tips Size : 3.5 MB Downloads :,Android
app_html/appagg-0567.html,#NAME?,54,Finance,JazzCash,Android
app_html/apkpure-1079.html,Add,0,Free Entertainment App,Kayen Works,Android
app_html/apkpure-1988.html,Wetherspoon,3,Free Food & Drink App,J D,Android
app_html/appagg-0335.html,"GO SMS Pro - Messenger, Free T",375,Communication,Video Editor & Video Maker Dev,Android
app_html/appbrain-1748.html,Driving Real Race Open City 3D,4.69,Racing,KRTLAPPS,Apps
app_html/appagg-0420.html,: Carpooling and Bus,375,Travel & Local,BlaBlaCar,Android
app_html/aptoide-0345.html,Amazing,-,ADVENTURE,Zohal Studios,Android
app_html/aptoide-2278.html,Xiao,-,Business,Xiaomi Technology India Private Limited,Android
app_html/appagg-1507.html,HITMAN World of Assassination,3,Action & Adventure,IO Interactive,Games
app_html/appagg-0190.html,#NAME?,5,Shopping,Mynt,Android
app_html/apkpure-1438.html,ESPN,8.6,SportsApplication,Disney,Android
app_html/cnet-1672.html,LiSA for,User Rating,E-mail Software,The Liquid Information Company Limited,Mac
app_html/aptoide-0887.html,Prison Empire Tycoon－Idle Game,4.2,Simulation,Codigames,Android
app_html/aptoide-0607.html,Modern Craft,5,Adventure,evogames,Android
app_html/appbrain-0706.html,Remote Viewing RV Tournament,4.87,Educational,IronZog LLC,Apps
app_html/appagg-1640.html,Captures,0,Sports,cosmic_dust,Games
app_html/apkpure-0157.html,Video Player,9.6,Free Video Players & Editors App,Accountlab,Android
app_html/appbrain-1499.html,Women Bridal Saree,5,Photography,Munwar Apps,Android
app_html/appagg-0785.html,Smash Hit,5,Arcade,Mediocre,Android
app_html/appagg-1444.html,Sudocats,1,Classics,Devcats,Steam Games
app_html/cnet-1795.html,Call of Duty: Black Ops for,User Rating,Action Games,Aspyr,Mac
app_html/apkpure-1673.html,Holy,0,EducationalApplication,Mobidic,Android
app_html/appbrain-0140.html,Indian Cargo Truck Simulator,4.31,Strategy,Florenti,Android
app_html/appagg-0888.html,Brawl Stars,54,Casual,Supercell,Games
app_html/apkpure-0548.html,Weather,,UtilitiesApplication,Diavostar PTE. LTD,Android
app_html/appbrain-0858.html,Hinário,5,Books & Reference,Esdras Degaspari Leite,Android
app_html/cnet-1463.html,& jock guys chat,User Rating,Social Networking Software,Byte Factory LLC,iOS
app_html/cnet-0948.html,Files Download,User Rating,Utilities & Tools,Custom Roms Nation,Android
app_html/apkpure-1322.html,Yana Your emotional companion,9.9,HealthApplication,YANA APP S.A.P.I. de C.V.,Android
app_html/apkpure-0984.html,"Cloud: Video, photo storage",3,UtilitiesApplication,VK.com,Android
app_html/aptoide-0417.html,Deer Hunting - Sniper Shooter,5,ADVENTURE,Switch Play,Android
app_html/apkpure-0131.html,GRAPPLE HOOK HERO,,Free Action Game,KAYAC Inc.,Android
app_html/apkpure-1197.html,Ninja warrior: legend of adven,2,GameApplication,TOH Games,Android
app_html/appagg-1408.html,Shuffle,0,Puzzle,wind,Android
app_html/aptoide-1221.html,Texas,1,Casino,Andrei Yankovsky,Android
app_html/cnet-2051.html,eDOC for,User Rating,Office Suites,alone,Mac
app_html/appbrain-1507.html,Cutout Pro Background Removal,5,Photography,DreamSpot,Android
app_html/cnet-1562.html,Creator Studio from Facebook for,User Rating,Business Applications,Creator,iOS
app_html/cnet-0659.html,Lollipop Launcher Plus APK for,User Rating,Screensavers & Wallpaper,Mobint Software,Android
app_html/aptoide-0477.html,EA SPORTS,4.4,SPORTS GAMES,ELECTRONIC ARTS,Android
app_html/appbrain-0625.html,Kids birthday party,4.82,Adventure,HIPPO KIDS GAMES,Android
app_html/cnet-0304.html,Little Stars APK for,User Rating,Entertainment Software,JXL,Android
app_html/appagg-2073.html,Penguins vs. Bugs,0,Action & Adventure,Rootton Endeavours,Games
app_html/appagg-1750.html,RED RONIN,4,Action & Adventure,Wired Dreams Studio,Steam Games
app_html/cnet-0090.html,Admin Hands: SSH/FTP/SFTP/,User Rating,Chat,ARPAplus,Android
app_html/apkpure-1605.html,DEEEER Simulator,1,Free Action Game,Modern World,Android
app_html/appbrain-1192.html,Taxi Verbita,5,Maps & Navigation,PRObyte creative developers,Apps
app_html/cnet-0400.html,: Jackpot,User Rating,Games,WF SLOTS,Android
app_html/cnet-0079.html,Verizon Visual Voicemail APK for,User Rating,Chat,Motorola Mobility LLC,Android
app_html/apkpure-1346.html,Randonautica,7.7,TravelApplication,Randonauts Co.,Android
app_html/appagg-1813.html,Chrono Trooper: Tactical Squad,0,Action,Umut Karakoc,iOS
app_html/appagg-0582.html,#NAME?,0,Shopping,NYKAA,Android
app_html/cnet-0936.html,-,User Rating,Utilities & Tools,tytydraco,Android
app_html/apkpure-0535.html,Baby In Yellow,7.9,GameApplication,Team Terrible,Android
app_html/appbrain-0792.html,Islampedia Quran Belajar,5,Books & Reference,alQosbah Hafalan Mudah,Android
app_html/apkpure-1168.html,Reboot,,Free Health & Fitness App,rebootsystem,Android
app_html/appbrain-0123.html,EraShort,4.83,Entertainment,Xsinxizhao,Apps
app_html/appagg-0292.html,Make Money: Play & Earn Cash,0,Personalization,Mode Mobile: Make Money On Earn App,Android
app_html/apkpure-1562.html,Baja Gas Pedidos,,Free Productivity App,Baja Gas and Oil,Android
app_html/appagg-1074.html,Hooked Inc: Fishing Games,205,Simulation,Lion Studios,Android
app_html/appagg-1792.html,When The Past Was Around,3,Action & Adventure,Toge Productions,Games
app_html/aptoide-0167.html,of Kings Skyward Battle,4.29,STRATEGY,Elex,Android
app_html/aptoide-1005.html,Box Simulator for Brawl Stars,4,Simulation,YouKo,Android
app_html/aptoide-1960.html,BitTorrent®- Torrent Downloads,4.4,& VIDEO,"BitTorrent, Inc.",Android
app_html/aptoide-1308.html,Free Mp3 Music Downloader,1,Music,Flyer,Android
app_html/cnet-0886.html,AllMyTribe for,User Rating,Maps,MGM Wireless,Android
app_html/apkpure-1435.html,.de,5,ShoppingApplication,Takeaway.com,Android
app_html/appbrain-0589.html,Escape Game Christmas House,4.88,Adventure,Mitchell Room,Apps
app_html/apkpure-0436.html,BEYBLADE,1,GameApplication,Hasbro Inc.,Android
app_html/aptoide-1047.html,Drive Zone Car Simulator Game,4.8,Racing,FZ-LLC,Android
app_html/apkpure-1600.html,Fantasy Photo Frames,,Free Photography App,Sonatta,Android
app_html/aptoide-0239.html,حرب البوارج,4.2,STRATEGY,Machine Of War,Android
app_html/apkpure-0958.html,OBD2 ELM Scanner,2,UtilitiesApplication,"Infocar Co., Ltd.",Android
app_html/appbrain-0923.html,Shraddha - Stotras & Mantras,5,Entertainment,Sonic Octaves,Apps
app_html/appagg-1152.html,Brain Test: Tricky,50,Family,UNICO STUDIO,Games
app_html/cnet-1680.html,PST Convert,User Rating,E-mail Software,Gladwev Software,Mac
app_html/aptoide-0822.html,Subway Endless - Run Game,-,Arcade,Games Skills,Android
app_html/apkpure-0385.html,Driving Zone: Offroad Lite,5,GameApplication,AveCreation,Android
app_html/appagg-0966.html,Dan The Man: Action Platformer,5,Arcade,Halfbrick Studios,Android
app_html/appbrain-0880.html,Las Tipas Cinema,5,Entertainment,Nexo soluciones,Android
app_html/apkpure-1284.html,Hero Soldier,,Free Arcade Game,Trust,Android
app_html/appbrain-0437.html,Sniper Destiny: Lone Wolf,4.87,Action,Mil Yazilim,Apps
app_html/appbrain-1806.html,Mytypes,3.34,Social,Woot,Android
app_html/cnet-0548.html,Scratch Cash - Earn Real money,User Rating,Business Applications,ARAppsLt,Android
app_html/cnet-0430.html,Blued - Gay Video Chat & Live Stream APK for,User Rating,Social Networking Software,Blue City Holdings,Android
app_html/aptoide-0663.html,Rescue,2,Puzzle,ArmNomads LLC,Android
app_html/cnet-1930.html,KeepVid Pro for,User Rating,Download Managers,Wondershare,Mac
app_html/appagg-0792.html,World of Tanks Blitz,47,Action,Wargaming Group,Android
app_html/cnet-1273.html,CINEMOOD for,User Rating,Entertainment Software,CINEMOOD Trendsetters,iOS
app_html/cnet-0169.html,APK for,User Rating,E-book Software,AnyBooks,Android
app_html/cnet-0089.html,Browser + Ad Blocker (Beta) for,User Rating,Chat,Tenta Browser,Android
app_html/apkpure-2240.html,Magic:,,UtilitiesApplication,Wizards of the Coast LLC,Android
app_html/apkpure-1977.html,League,0,GameApplication,Rooster Games,Android
app_html/appbrain-0560.html,Blossom,4.89,Adventure,Rusty Lake,Apps
app_html/appagg-0850.html,SAKURA School Simulator,5,Simulation,Garusoft LLC,Android
app_html/appagg-0343.html,Google Play Books & Audiobooks,375,Books & Reference,Google LLC,Android
app_html/apkpure-0637.html,y for Customers,4,LifestyleApplication,Booksy International sp. z o.o.,Android
app_html/aptoide-0578.html,Table Tennis 3D Live Ping Pong,5,SPORTS GAMES,The App Guruz.,Android
app_html/appagg-0897.html,CSR,417,RACING,Zynga,Android
app_html/cnet-0342.html,F,User Rating,Action Games,Inna Step,Android
app_html/cnet-0054.html,Tiki - Short Video Community,User Rating,Communications,DOL TECHNOLOGY PTE.LTD.,Android
app_html/cnet-0369.html,Sons of The Forest APK for,User Rating,Action Games,LazemXakhsya,Android
app_html/appagg-0112.html,Chase Mobile®: Bank & Invest,500,Finance,JPMorgan Chase & Co.,Android
app_html/cnet-0108.html,Id,User Rating,Chat,MyPhoneRobot,Android
app_html/appbrain-1278.html,Persian Buttercup Theme,5,Art & Design,#NAME?,Android
app_html/appagg-1601.html,Boxes: Lost Fragments,2,Action & Adventure,Snapbreak,Games
app_html/apkpure-0180.html,Nusuk,,Free Travel & Local App,نسك Ministry of Hajj and Umra,Android
app_html/cnet-0069.html,2nr premium for,User Rating,Communications,MobileLabs,Android
app_html/appagg-1666.html,Tennis Elbow 4,4,Other,Mana Games,Games
app_html/appbrain-1019.html,Safewheel for Android - Free App Download,5,Health & Fitness,Safewheel,Apps
app_html/appbrain-0109.html,"Projector - TV Cast,",4.04,Productivity,One Music Player,Apps
app_html/aptoide-0528.html,Terminator,2,SPORTS GAMES,Kyle,Android
app_html/cnet-0229.html,ALTBalaji APK for,User Rating,Entertainment Software,ALT Digital Media,Android
app_html/cnet-1151.html,2KMTCentral for,User Rating,Educational,Nebojsa Cvetkovic,iOS
app_html/apkpure-0432.html,Police Photo Suit 2025 Editor,.,DesignApplication,Appwallet Technologies,Android
app_html/apkpure-0594.html,All Language Translator,,UtilitiesApplication,Infotech Apps,Android
app_html/appbrain-0493.html,Nerd,4.9,Action,Heartbit Interactive Games,Apps
app_html/cnet-1940.html,Apple Ethernet Driver for,User Rating,Internet Software,Apple,Mac
app_html/cnet-0269.html,Burmese TV Pro for,User Rating,Entertainment,Leonardo Bill Gate,Android
app_html/apkpure-1755.html,Archery Battle,4,Free Sports Game,3D,Android
app_html/cnet-1210.html,iScoot for,User Rating,Entertainment,bojamal7,iOS
app_html/cnet-0239.html,Filmy wap Movies And Web Series APK for,User Rating,Entertainment Software,EVERMART,Android
app_html/aptoide-2108.html,"JioTV Live TV, Catch-Up & OTT",4.3,Entertainment,Jio Platforms Limited,Android
app_html/aptoide-0335.html,Kirby Mobile,4,ADVENTURE,cpp,Android
app_html/cnet-2146.html,8 Pichon for,User Rating,Screensavers & Wallpaper,Icons8,Mac
app_html/appagg-0033.html,ChatGPT,50,Productivity,OpenAI,Android
app_html/appagg-1149.html,Football League 2025,50,Sports,MOBILE SOCCER,Android
app_html/apkpure-0068.html,Hide photos & videos,0,MultimediaApplication,App,Android
app_html/cnet-1147.html,NCERT Books and Solutions for,User Rating,Educational,Amit Sharma,iOS
app_html/aptoide-1142.html,-acceleration 3D Car,-,Racing,Imants,Android
app_html/cnet-1868.html,Factorio for,User Rating,Strategy Games,Wube Software LTD.,Mac
app_html/apkpure-1591.html,#NAME?,8.7,TravelApplication,infoRoad GmbH,Android
app_html/appbrain-1132.html,", Autos & Bikes",5,Maps & Navigation,Novo Cabs,Android
app_html/apkpure-2046.html,TikTok (Asia),5,MultimediaApplication,TikTok Pte. Ltd.,Android
app_html/appbrain-1006.html,SCA Aluno,5,Health & Fitness,ProSistemas Tecnologia em Software,Apps
app_html/apkpure-0684.html,INVITATION MAKER,,UtilitiesApplication,Desygner Pty Ltd,Android
app_html/apkpure-0322.html,Tayasui Sketches APK for Android Download,8.9,DesignApplication,Sketches,Android
app_html/apkpure-1069.html,Indian Bus Mod Tamilnadu,,UtilitiesApplication,Telolet Basuri,Android
app_html/cnet-0132.html,Aim Trainer - 8 Pool Master of Training APK for,User Rating,Educational,Clarissa Ives,Android
app_html/cnet-0967.html,Good Guardians APK for,User Rating,Utilities & Tools,Samsung Electronics,Android
app_html/aptoide-0226.html,2,-,STRATEGY,Sergey Smirnov,Android
app_html/appagg-2065.html,Human: Fall Flat,0,Action & Adventure,Curve Digital,Nintendo Games
app_html/cnet-1403.html,Line,User Rating,Social Networking Software,NAVER Japan Corporation,iOS
app_html/appagg-0155.html,KineMaster - Video Editor,500,Video Players & Editors,"KineMaster, Video Editor Experts Group",Android
app_html/aptoide-0109.html,Hammer 3D San Andreas,3.76,ACTION,Truls Kenneth,Android
app_html/appagg-0323.html,QR & Barcode Reader,375,Productivity,TeaCapps,Android
app_html/appagg-0429.html,Photo Editor Collage: Picsa,50,Photography,Prometheus Interactive LLC,Android
app_html/appagg-1740.html,Vampire: The Masquerade,4,Action & Adventure,Activision,Steam Games
app_html/appbrain-0994.html,Vigilantes do Sono for Android - Free App Download,5,Health & Fitness,Vigilantes do,Android
app_html/apkpure-0867.html,VLC Media Player,1,MultimediaApplication,Videolabs,Android
app_html/aptoide-1557.html,Baby Play - Games for children,-,Brain & Puzzle,Developer,Android
app_html/cnet-2061.html,FormatMatch for,User Rating,Office Suites,Dutch:Apps,Mac
app_html/cnet-0612.html,Genie Locker-Screen Lock & Applock for,User Rating,Screensavers & Wallpaper,PIN GENIE LIMITED,Android
app_html/appagg-0099.html,: Shop Like a Billionaire,50,Shopping,Temu,Android
app_html/cnet-0573.html,-,User Rating,Productivity Software,17HubLabs,Android
app_html/appagg-1599.html,Botany Manor,2,Action & Adventure,Whitethorn Games,Games
app_html/appagg-1040.html,Crowd City,3.9,Arcade,VOODOO,Android
app_html/cnet-0589.html,(RDP & V,User Rating,Business Applications,PhaseFive Systems,Android
app_html/cnet-0113.html,MangaZone APK for,User Rating,E-book Software,WSV studio,Android
app_html/appbrain-0522.html,Zombeast: FPS Zombie Shooter,4.8,ACTION,AKPublish pty ltd,Android
app_html/appagg-1031.html,AdVenture Capitalist,395,Simulation,Hyper Hippo,Android
app_html/appbrain-0391.html,Disputazo Político,5,Action,SDPlay,Android
app_html/aptoide-2419.html,Touch 'n Go eWallet,4.5,Finance,TNG Digital Sdn Bhd,Android
app_html/appbrain-1919.html,HC SKA,5,Sports,ХК СКА,Android
app_html/cnet-1821.html,Zuma for,User Rating,Action Games,PopCap,Mac
app_html/appbrain-1056.html,),5,Health & Fitness,Alberta Health Services,Android
app_html/aptoide-0813.html,Stickman Party 234 MiniGames,4.8,Arcade,Playmax Game Studio,Android
app_html/cnet-1533.html,DWG Fast,User Rating,Calendar & Time Management Software,Gstarsoft,iOS
app_html/appagg-1182.html,My Story: Choose Your Own Path,54,Role Playing,NANOBIT,Android
app_html/appagg-0289.html,#NAME?,375,Music & Audio,Pandora,Android
app_html/apkpure-0060.html,Blox World,0,GameApplication,Thinkplay,Android
app_html/appagg-0740.html,Royal Match,54,Puzzle,"Dream Games, Ltd.",Android
app_html/cnet-0852.html,Bite & Bites for,User Rating,Maps,onCloud Technologies,Android
app_html/appbrain-1308.html,Invitation Maker + RSVP,4.83,Art & Design,Photo Studio & Picture Editor Lab,Android
app_html/apkpure-0805.html,Sweet Chocolate Bar Desserts,,Free Educational Game,Kid Kitchen Fun Media,Android
app_html/cnet-1755.html,TopCalculette Pro for,User Rating,Reference Software,Rubensoft,Mac
app_html/apkpure-1497.html,Burgh,,Free Health & Fitness App,Xoda,Android
app_html/aptoide-1030.html,Car Game,3,Racing,SweetAppsStudio,Android
app_html/appbrain-0577.html,Do You Really Want to Know?,4.89,Adventure,Gamtropy,Apps
app_html/appagg-0405.html,Sweatcoin・Walking Step Counter,375,Health & Fitness,Sweatco Ltd,Android
app_html/appbrain-1749.html,Carreras a Patas,4.71,Racing,Loquendero Dev,Apps
app_html/cnet-0653.html,Touch,User Rating,Screensavers & Wallpaper,Team Obake Biz,Android
app_html/apkpure-2036.html,Geometry Arrow,,Free Arcade Game,City,Android
app_html/appagg-0849.html,Dragon Mania Legends,417,Adventure,Gameloft SE,Android
app_html/appbrain-0636.html,Survival RPG: Pirate Adventure,4.81,Adventure,Bew Games inc.,Apps
app_html/apkpure-0841.html,TapTap GameLand,,GameApplication,DY CONTENT,Android
app_html/aptoide-0859.html,MOD-MASTER for Minecraft PE,4.3,Arcade,Block Games,Android
app_html/appbrain-1344.html,Magic Diamond Painting－Gem Art,4.79,Art & Design,ZiMAD,Android
app_html/apkpure-0417.html,Johnny Trigger - Sniper Game,6.9,GameApplication,SayGames Ltd,Android
app_html/aptoide-2329.html,V38,4.1,Business,0technical,Android
app_html/cnet-0987.html,Free,User Rating,Utilities & Tools,Prixel.Studio,Android
app_html/appbrain-1262.html,Apples & Gingham Check Theme,5,Art & Design,#NAME?,Android
app_html/cnet-0753.html,Lookout Security & Antivirus for,User Rating,Antivirus Software,Lookout,Android
app_html/appbrain-0834.html,Meal,5,Books & Reference,Tevhid Dergisi,Android
app_html/aptoide-0352.html,Car wash,4.6,ADVENTURE,YovoGames,Android
app_html/aptoide-1594.html,Snapcha,1,SOCIAL,NTIC LLC,.4+
app_html/appbrain-0104.html,Pixel Demolish,3.91,Arcade,Rollic Games,Android
app_html/cnet-1111.html,Learning English for,User Rating,Educational,BBC,iOS
app_html/appagg-1731.html,Call of Duty®: Ghosts,4,Action & Adventure,Activision,Games
app_html/aptoide-2207.html,Home,4.4,Lifestyle,Xiaomi,Android
app_html/appbrain-0364.html,Lex Driver,5,Tools,Lazada Mobile,Android
app_html/appagg-1930.html,Retrowave,3,Action & Adventure,RewindApp,Steam Games
app_html/aptoide-2229.html,WPS Office,4.4,Business,WPS SOFTWARE PTE. LTD.,Android
app_html/cnet-0397.html,60 Seconds! Re,User Rating,Adventure Games,Robot Gentleman,Android
app_html/aptoide-0582.html,Real Boxing 2,4.3,SPORTS GAMES,VIVID GAMES S.A.,Android
app_html/appagg-1992.html,ClickCells: Office Lady,0,Classics,Crew Lab,Games
app_html/aptoide-0493.html,Real Cricket™ 17,4.4,SPORTS GAMES,Nautilus Mobile,Android
app_html/appagg-1804.html,Drive or Die,0,Action & Adventure,Sergey Mezhakov,Games
app_html/apkpure-0469.html,Nothing,,Free Weather App,NOTHING TECHNOLOGY LIMITED,Android
app_html/apkpure-1441.html,Djakarta Mining Club,,Free Events App,PT MEDIA MITRAKARYA INDONESIA,Android
app_html/cnet-1835.html,Binding,User Rating,Action Games,"Nicalis, Inc.",Mac
app_html/aptoide-1076.html,Ultimate MotoCross 4,4.67,Racing,Dream-Up,Android
app_html/cnet-2240.html,Free Website Blocker for,User Rating,Parental Control,BlazingTools Software,Mac
app_html/appagg-0332.html,Zoom Workplace,5,Business,"Zoom Communications, Inc.",Android
app_html/appbrain-0474.html,Medina Defender: Survival Game,5,Action,Anglerfish Productions,Android
app_html/appagg-0578.html,App,0,Finance,National Payments Corporation of India (NPCI),Android
app_html/aptoide-1160.html,Teen Patti,4,Casino,Rummy Ludo by Banyan,Android
app_html/aptoide-1454.html,Pirate Crystals,-,Brain & Puzzle,Vtim Games,Android
app_html/appagg-1364.html,#NAME?,47,Strategy,Interesting Game Network Limited,Android
app_html/aptoide-2078.html,TP-Link Tether,4.6,Libraries & Demo,"TP-LINK Technologies Co., Ltd.",Android
app_html/aptoide-0045.html,FNaF World,4.1,Others,Permissions : 30 Name : FNaF World Size : 10 MB Downloads : 143K Version : 199.9,Android
app_html/aptoide-1287.html,Blackjack,-,Casino,Yoheved Cohen,Android
app_html/aptoide-2112.html,Prime Video,3.6,Entertainment,Amazon,Android
app_html/apkpure-1225.html,Mein o2,3,UtilitiesApplication,Telefónica Germany GmbH & Co. OHG,Android
app_html/cnet-1758.html,for,User Rating,Reference Software,Stellarium,Mac
app_html/aptoide-2429.html,Papara - APK Download for Android,3.9,Finance,PAPARA,Android
app_html/aptoide-2138.html,Weather - By Xiaomi,3.3,Weather,Xiaomi Inc.,Android
app_html/apkpure-0043.html,Play,0.9,GameApplication,"HAEGIN Co., Ltd.",Android
app_html/appagg-1546.html,10 Seconds to Win!,3,Action & Adventure,Vergiu,Games
app_html/aptoide-1465.html,Fruit Team,-,Brain & Puzzle,Vtim Games,Android
app_html/cnet-2074.html,Marine Aquarium,User Rating,Screensavers,Prolific Publishing,Mac
app_html/aptoide-1424.html,Baby Piano,5,Educational,Bi,Android
app_html/appbrain-1575.html,Garden,4.89,Photography,Onexlabs365,Android
app_html/apkpure-0056.html,G Cleaner – Storage Cleaner,9.7,UtilitiesApplication,AVG Mobile,Android
app_html/appbrain-1875.html,XBrowser,4.88,Social,Lndlark Lemon,Android
app_html/appagg-2043.html,Active Neurons - Puzzle game,0,Classics,USANIK STD,Games
app_html/appagg-1176.html,Granny: Chapter Two,395,Arcade,DVloper,Android
app_html/cnet-1030.html,Messenger for,User Rating,Social Networking Software,Facebook,iOS
app_html/aptoide-2325.html,Letter Maker,5,Business,Blitzsoft,Android
app_html/appagg-0760.html,Angry Birds,5,Casual,Rovio Entertainment Oy,Android
app_html/apkpure-0859.html,Buy Power Pass Security,,Free House & Home App,Buypower Inc.,Android
app_html/appagg-0091.html,Bible Offline-KJV Holy Bible,500,Books & Reference,Bíblia Offline,Android
app_html/apkpure-2097.html,Off Road 4x4 Driving Simulator,8.7,racing,Azur Interactive Games Limited,Android
app_html/appagg-1759.html,AS,4,Classics,Armor Games Studios,Games
app_html/apkpure-0967.html,Um,,GameApplication,Metroidvania (Beta),Android
app_html/appagg-0056.html,JioHotstar,5,Entertainment,STAR INDIA PRIVATE LIMITED,Android
app_html/appbrain-1046.html,ЗОЖНИК,5,Health & Fitness,Ядров Сергей,Android
app_html/appbrain-0252.html,Lock Screen Magazine,3.74,Tools,HeyTap,Android
app_html/cnet-1460.html,Dating App - YoCutie - Flirt & Chat,User Rating,Social Networking Software,Gorilla Gaming Gmbh,iOS
app_html/apkpure-2101.html,90,,SocialNetworkingApplication,Konstantin Dubnack,Android
app_html/aptoide-1749.html,Chat,4.1,COMMUNICATION,WECHAT,Android
app_html/aptoide-1956.html,YI Home,3.7,VIDEO PLAYERS & EDITORS,Xiaoyi Technology Co. LTD,Android
app_html/cnet-1552.html,Astrill VPN Client for,User Rating,Productivity Software,As,iOS
app_html/aptoide-0507.html,King Of Cricket Games,-,SPORTS GAMES,Full Enjoy Games,Android
app_html/apkpure-1325.html,Super Dog Run Jungle Adventure,,GameApplication,Playful Pixel Studio,Android
app_html/appagg-0787.html,Extreme Car Driving Simulator,417,Racing,AxesInMotion Racing,Android
app_html/appagg-0360.html,ibis Paint,375,Art & Design,ibis inc.,Android
app_html/aptoide-0530.html,Club PvP Multiplayer,4.2,Arcade,BoomBit Games,Android
app_html/appagg-1654.html,Mines & Dragons,0,Action & Adventure,Sinned Games,Steam Games
app_html/apkpure-0220.html,AMS Connect,,HealthApplication,American Messaging Services,Android
app_html/appbrain-1784.html,Byoh Rishta -Uttrakhand Matrim,5,Social,ByohRishta,Apps
app_html/cnet-1142.html,Math Solver for,User Rating,Educational,Microsoft,iOS
app_html/appagg-0372.html,PDF Scanner app - TapScanner,50,Business,Tap AI,Android
app_html/appbrain-1540.html,Happy birthday photo frame,4.92,Photography,"Collage Maker - Photo Editor, Photo Frames",Apps
app_html/aptoide-2383.html,HiCredit - Get Instant Loan & Card Credit Score,-,Finance,FULLERTON FINANCLAL SERVICES LIMITED,Android
app_html/appbrain-1487.html,Kids toys online shopping app,5,Shopping,All in One Studio,Apps
app_html/aptoide-1283.html,Teen Patti Royal - 3 Patti,5,Casino,ZMist Inc,Android
app_html/aptoide-0894.html,Real Gangsters Auto Theft,4,Simulation,Lobster Game Studios,Android
app_html/aptoide-2439.html,t Crypto & Bitcoin,4.6,Finance,TokenPocket Foundation,Android
app_html/cnet-0644.html,Poweramp v3 skin gold APK for,User Rating,Screensavers & Wallpaper,Andrew G,Android
app_html/appbrain-1804.html,Anand Sahib,5,Social,Bit Art,Apps
app_html/aptoide-0864.html,Geometry,4.4,Arcade,RobTop Games,Android
app_html/aptoide-2285.html,MDScan,3.3,Business,Forbes,Android
app_html/aptoide-0593.html,Magic Circus,3.9,Puzzle,Anima_Games,Android
app_html/apkpure-0335.html,C6,,simulation,Apaydın Games,Android
app_html/cnet-0686.html,Organizer,User Rating,Screensavers & Wallpaper,Smart Launcher Team,Android
app_html/apkpure-1297.html,Microsoft Teams,5,BusinessApplication,6,Android
app_html/aptoide-0111.html,3D,5,ACTION,Ninetytwo Gamer,Android
app_html/apkpure-1305.html,Alien,3,GameApplication,Sigma Team Inc.,Android
app_html/apkpure-0137.html,Quiniela escrutinio automático,,Free Sports Game,Orestes,Android
app_html/cnet-1873.html,or,User Rating,P2P & File-Sharing Software,BitTorrent,Mac
app_html/appagg-1925.html,Tower of the Approval,0,Action & Adventure,AnelaGamesStudio,Games
app_html/appagg-0749.html,A Soccer Manager,5,Sports,Nordeus,Android
app_html/cnet-0769.html,Zillya Antivirus APK for,User Rating,Security Software,Allit Service,Android
app_html/aptoide-0852.html,Master,-,Arcade,ZoomApps,Android
app_html/appagg-0876.html,Swamp Attack,5,Action,Moving Eye,Android
app_html/apkpure-1431.html,ArtistA,0,DesignApplication,Cartoon Photo Editor Cards,Android
app_html/appbrain-1497.html,Policer - Men Women Police pho,5,Photography,Pixel Force Pvt Ltd,Apps
app_html/appbrain-0962.html,Frases Para Toda Ocasión,5,Entertainment,AMOR APPS,Apps
app_html/apkpure-1424.html,Add Timestamp Manual on Photos,,Free Art & Design App,Appnovasi Studio,Android
app_html/aptoide-1865.html,Downloader,2,MEDIA & VIDEO,john tanko,Android
app_html/aptoide-0854.html,Tanks Crazy War,5,Arcade,Stickman,Android
app_html/appagg-1834.html,Wings Of Legends,0,Action & Adventure,VR Studio Games,Games
app_html/appbrain-0912.html,Ayame Noises,5,Entertainment,YuzuMin,Android
app_html/aptoide-0789.html,Apikman Craft 2 Building,2,Arcade,Skycraft Game Dev Ltd,Android
app_html/appagg-1749.html,EG Jackal,4,Utilities,Pavel Kosykh,Android
app_html/appagg-0526.html,Ibotta: Save & Earn Cash Back,1,Shopping,"Ibotta, Inc.",Android
app_html/appbrain-0691.html,Home & Room Design,4.9,Educational,Ti,Android
app_html/appagg-2017.html,Exile Squadron,0,Action & Adventure,One Bit Studio,Steam Games
app_html/apkpure-0680.html,Racing,2,GameApplication,SayGames Ltd,Android
app_html/appagg-0575.html,"Nike: Shoes, Apparel, Stories",4,Shopping,"Nike, Inc",Android
app_html/appbrain-0401.html,Zombie Loop - Shooter survival,5,Action,Super UwU,Apps
app_html/appbrain-0482.html,Pose Fight 3D,4.83,Action,Green Bean Studio,Android
app_html/appagg-0858.html,MONOPOLY,5,Board,Scopely,Android
app_html/cnet-0981.html,Catch cheating lover for,User Rating,Utilities & Tools,HindiTreading Apps,Android
app_html/appagg-0673.html,AppLock,50,Tools,PIPS Tech,Android
app_html/appbrain-0595.html,Toilet Monster - Cameraman,5,Adventure,Control INC,Android
app_html/aptoide-0197.html,FLAPPY BIRD,2.2,STRATEGY,AdibSheikh,Android
app_html/appbrain-0384.html,Детмир (Беларусь,.,Shopping,ДМ-Тех,Apps
app_html/aptoide-1307.html,Piano,2.5,Music,newtechnolux,Android
app_html/cnet-1306.html,Geometry Dash for,User Rating,Arcade Games,Robert Topala,iOS
app_html/apkpure-1371.html,Movie,3,EntertainmentApplication,GhostWare,Android
app_html/apkpure-1405.html,Photo Text On Photo Editor -Add,5,DesignApplication,Devabits Inc,Android
app_html/cnet-1675.html,Kerio Connect for,User Rating,E-mail Software,Kerio Technologies,Mac
app_html/appbrain-1193.html,Explore Taipei Metro map,5,Maps & Navigation,Matthew Mayer,Apps
app_html/appagg-0150.html,.6 Liquida do Meio do Ano,500,Shopping,Shopee,Android
app_html/cnet-0231.html,& TV,User Rating,Entertainment Software,KunKunSoft,Android
app_html/apkpure-0058.html,OmeTV APK for Android Download,7.8,SocialNetworkingApplication,60,Android
app_html/appbrain-0112.html,Call,4.12,Communication,BitWarp,Android
app_html/aptoide-1582.html,QR Code Reader &,1.8,SOCIAL,devsin hanta,Android
app_html/appbrain-1958.html,Vin Cycling Workouts&Plans,5,Sports,xProject,Android
app_html/aptoide-1729.html,free video calls,4.26,COMMUNICATION,imo.im,Android
app_html/aptoide-2462.html,expenses,4.3,Finance,Splitwise,Android
app_html/apkpure-1233.html,DJEZZY,9.8,Free Tools App,Developper,Android
app_html/aptoide-1198.html,Roulette Predictor & Calculator,-,Casino,White Simplicity LLC,Android
app_html/aptoide-1653.html,Video Downloader,-,SOCIAL,Candy Group,Android
app_html/aptoide-1186.html,Earn,5,Casino,itaouri.com,Android
app_html/apkpure-1650.html,Bible,,EducationalApplication,petraapps,Android
app_html/apkpure-1731.html,HungerStation,6.9,Free Food & Drink App,HungerStation Care,Android
app_html/appagg-0843.html,Minecraft Trial,50,Arcade,Mojang,Android
app_html/appbrain-0767.html,Reaction Training,4.76,Educational,nixGames,Apps
app_html/apkpure-0900.html,ZEFOY,4,social,HaianAPPS,Android
app_html/appagg-1370.html,: No Man’s Land,4.5,Strategy,Deca Games,Android
app_html/appbrain-1731.html,Car Real Simulator,4.71,Racing,Cerebellium Apps,Apps
app_html/appagg-1857.html,Screentik - Screenshot Tool,3,Utilities & Tools,Mehrzad Chehraz,Apps
app_html/aptoide-2256.html,دولار - سعر الدو,-,Business,KingApps,4.4 - 4.4.4+
app_html/appagg-0893.html,INJUSTICE: GODS AMONG US,5,Action,Warner Bros. International Enterprises,Android
app_html/apkpure-0847.html,Dianping,2,Free Food & Drink App,Dianping,Android
app_html/appagg-1645.html,Glitchpunk,0,Action & Adventure,Daedalic Entertainment,Games
app_html/aptoide-1975.html,Reminder,4.07,Productivity,Permissions : 145 Name : Reminder Size : 62 MB Downloads : 3.5M Version : 12.7.0,Android
app_html/cnet-2133.html,Turn Off the Lights for Desktop for,User Rating,Screensavers & Wallpaper,Stefan VD,Mac
app_html/aptoide-1589.html,PENUP – Drawing-sharing SNS,4.7,Art & Design,"Samsung Electronics Co., Ltd.",Android
app_html/cnet-0584.html,(iLO 3/4/,User Rating,Business Applications,Hewlett Packard Development Company,Android
app_html/appbrain-1880.html,Ne,4.86,Social,MLIMA NETWORK,Apps
app_html/apkpure-0078.html,Truck,8.9,GameApplication,Ovidiu Pop,Android
app_html/aptoide-1652.html,My Love,-,SOCIAL,wannes,Android
app_html/cnet-0136.html,Video Star APK for,User Rating,Multimedia,Dashuai,Android
app_html/aptoide-0884.html,Pizza,5,Simulation,Supercent,Android
app_html/cnet-0874.html,CamSam PLUS for,User Rating,Maps,Eifrig Media,Android
app_html/appagg-1269.html,Jellipop Match,395,Puzzle,Microfun Limited,Android
app_html/cnet-1171.html,Wind Tunnel Free for,User Rating,Educational,A & G,iOS
app_html/apkpure-0806.html,Skate,8.8,GameApplication,TRUE,7
app_html/appbrain-1462.html,Gas,5,Shopping,IST-Development,Android
app_html/cnet-0470.html,App,User Rating,Social Networking Software,Cupid Media Pty Ltd,Android
app_html/cnet-0247.html,Punjabi Movies Mela APK for,User Rating,Entertainment Software,HighEnd IOT Solutions,Android
app_html/aptoide-1394.html,Crazy Maestro,-,Music,AMORAESDEV.COM,Android
app_html/cnet-0145.html,How To Get Call History of Any,User Rating,Reference Software,Fast Forward Apps,Android
app_html/apkpure-1648.html,: Learn to Draw,0,DesignApplication,APSOFT HKT,Android
app_html/appbrain-1452.html,Moje Kartice -kartice zvestobe,5,Shopping,4pi.si - mobile application development,Apps
app_html/appbrain-0867.html,202,5,Books & Reference,Joseph Mazala,Apps
app_html/aptoide-0811.html,Payback 2 - The Battle Sandbox,4.6,Arcade,Apex Designs Entertainment Ltd,Android
app_html/apkpure-1822.html,Faye Travel Insurance,,TravelApplication,"Zenner, Inc.",Android
app_html/aptoide-0641.html,Water Sort,3.07,Puzzle,Global Mobi App LC,Android
app_html/aptoide-2457.html,ING Home'Bank,4.2,Finance,BANK N.V. AMSTERDAM SUCURSALA BUCURESTI,Android
app_html/aptoide-2100.html,Assistant TODAY,3.6,games,Permissions : 93 Name : Assistant·TODAY Size : 55 MB Downloads : 625.5K Version,Android
app_html/cnet-1728.html,Edition,User Rating,Reference Software,InfoLogic,Mac
app_html/apkpure-0160.html,Fantastic Archer-Rouge Dungeon,,Free Adventure Game,BussGara Tech,Android
app_html/appbrain-0173.html,Instagram for Android - Free App Download,3.94,Social,Insta,Apps
app_html/cnet-2166.html,.1.1.1 w/ WARP 1.1.1.1 w/ WARP for,User Rating,Anti-Spyware,Cloudflare Inc.,Mac
app_html/aptoide-2322.html,Master on Facebook,5,Business,Marina,Android
app_html/appbrain-1955.html,Association-UAEFA,.,Sports,UAE Football Association,Android
app_html/appbrain-1505.html,GlitterEditor Lite,5,Photography,kenji hara,Android
app_html/apkpure-0081.html,REMKO SmartCon,,Free Tools App,REMKO GmbH & Co. KG,15
app_html/apkpure-0608.html,Sea battle 2: Warship Online,5,GameApplication,Byril,Android
app_html/aptoide-0835.html,2 3 4 Player Party MiniGames,-,Simulation,MalyaWka,Android
app_html/appbrain-0693.html,Inglés Fácil,4.9,Educational,"EducUp, Inc.",Apps
app_html/appbrain-1891.html,GoodHood.SG for Android - Free App Download,4.86,Social,GoodHood,Apps
app_html/aptoide-1166.html,Re,5,Casino,Jarrol,Android
app_html/cnet-1525.html,for,User Rating,Business Applications,Bitget,iOS
app_html/apkpure-1874.html,es Cricket Scoring App,5,SportsApplication,Cr,Android
app_html/aptoide-2209.html,JOYit - Play to earn rewards,3.5,Action,Good Game Matrix,Android
app_html/apkpure-1551.html,Timestamp Camera,0,DesignApplication,Bian Di,Android
app_html/appagg-0789.html,MORTAL KOMBAT,5,Action,Warner Bros. International Enterprises,Android
app_html/appbrain-1778.html,App,5,Social,Marriagewale.com,Android
app_html/cnet-0561.html,#NAME?,User Rating,Business Applications,PhonePe,Android
app_html/aptoide-2002.html,Mi Browser,4.2,Tools,Xiao,Android
app_html/aptoide-2296.html,Scanner Pro,5,Business,LineApps,Android
app_html/aptoide-0737.html,AHA Games - APK Download for Android,5,Arcade,AHA Games,Android
app_html/cnet-1817.html,Craft:,User Rating,Entertainment,Blizzard Entertainment,Mac
app_html/appagg-1083.html,Word Connect,35,Puzzle,ZenLife Games Pte. Ltd.,iOS
app_html/aptoide-1449.html,AI Factory,4.5,Board,AI Factory Limited,Android
app_html/apkpure-1376.html,Image Compressor - Converter,,DesignApplication,"Code Craft, Inc.",Android
app_html/cnet-0566.html,P6SPro APK for,User Rating,Productivity Software,ZHANG Lin,Android
app_html/aptoide-2421.html,Free,2.3,Finance,PureGoldApps,Android
app_html/cnet-1720.html,iBooks Author for,User Rating,Educational,Apple,Mac
app_html/appbrain-0872.html,Green Water Live Wallpaper,5,Entertainment,Wasabi,Android
app_html/cnet-0787.html,WooGamble VPN Easy to Play for,User Rating,Encryption Software,Globus Partners,Android
app_html/cnet-2266.html,: Travel Planner for,User Rating,Maps,Organizer,Mac
app_html/aptoide-0679.html,Train,5,Puzzle,Brain Training Games,Android
app_html/cnet-2201.html,9,User Rating,Security Software,Int,Mac
app_html/appagg-0055.html,Shopping App - Flipkart,50,Shopping,Flipkart,Android
app_html/aptoide-2340.html,Bit,3.75,Business,RainbowDays,Android
app_html/apkpure-1695.html,Radar Omega - Live Weather,,UtilitiesApplication,Digital Edge Creations,Android
app_html/aptoide-0205.html,My,5,STRATEGY,Tapps - Top Apps and Games,Android
app_html/aptoide-2438.html,OPay,3.8,Finance,OPay Digital Services Limited,Android
app_html/cnet-2268.html,DePN Manager for,User Rating,Maps,nestyra.dev,Mac
app_html/apkpure-1573.html,Racing in Highway Car 3D Games,,GameApplication,Blue Mount Studio,Android
app_html/appagg-2044.html,Detective Solitaire. Butler Story,0,Classics,8floor,Games
app_html/cnet-1272.html,Coach's Eye - Video Analysis for,User Rating,Entertainment,TechSmith,iOS
app_html/appbrain-0058.html,Milap -,4.86,Social,Calensa Social,Apps
app_html/appbrain-0896.html,Event Cinemas,.,Entertainment,EVT - Entertainment | Ventures | Travel,Android
app_html/appagg-0298.html,Meu INSS – Central de Serviços,0,Productivity,Serviços e Informações do Brasil,Android
app_html/apkpure-0713.html,Gallery Vault-Hide Photo Video,5,MultimediaApplication,GalleryVault Developer Team,Android
app_html/appbrain-1215.html,GPS Emulator,0.01,Maps & Navigation,Digitools UY,Android
app_html/appagg-0944.html,Bridge Race,54,Casual,Supersonic Studios LTD,Android
app_html/cnet-0703.html,Turbo VPN APK for,User Rating,Security Software,Innovative Connecting,Android
app_html/appbrain-1876.html,Story,4.88,Social,ARK Dev,Apps
app_html/aptoide-0512.html,Real Cricket™ 20,4.3,SPORTS GAMES,Nautilus Mobile,Android
app_html/apkpure-0287.html,Major League Paintball +,,SportsApplication,Go Sports Media LLC,Android
app_html/apkpure-0715.html,Games No WiFi Fun,.,GameApplication,Offline Games,Android
app_html/cnet-1828.html,Bloons TD 6 for,User Rating,Strategy Games,Ninja Kiwi,Mac
app_html/appbrain-0720.html,EducUp - Aprende fácil,4.83,Educational,"EducUp, Inc.",Android
app_html/aptoide-1856.html,Video and Music Downloader 🎬,3.68,MEDIA & VIDEO,Miranaga LTD,Android
app_html/apkpure-2162.html,Just a Baby: Become a parent,,EducationalApplication,Just a Baby Inc.,Android
app_html/appbrain-0926.html,Reward Karo - Online Data Work,5,Entertainment,Mobbizz Team,Apps
app_html/appbrain-1601.html,Nostalgic Camera,3,Photography,Nos,Android
app_html/cnet-1747.html,TypeTrainer4Mac,User Rating,Teaching Tools,Valentin Vassilevski,Mac
app_html/apkpure-0869.html,SKY SPORTS,10,SportsApplication,Sky UK Limited,Android
app_html/apkpure-0623.html,Franco Colapinto,,Free Sports App,FanCapital,Android
app_html/cnet-1709.html,KeyBlaze Free,User Rating,Teaching Tools,NCH Software,Mac
app_html/appagg-1366.html,Flippy Knife: 3D flipping game,5,Arcade,Beresnev Games,Android
app_html/cnet-1703.html,Adobe Captivate for,User Rating,Teaching Tools,Adobe,Mac
app_html/aptoide-0008.html,Left to Survive Zombie Games,4.2,ACTION,MYGAMES MENA FZ LLC,Android
app_html/apkpure-2215.html,Car Games Dubai Van Simulator,7.8,GameApplication,ANL Games Developer 14,Android
app_html/appbrain-1596.html,Photo Quote: Text Creator,5,Photography,AwpSpace,Apps
app_html/appbrain-0113.html,Monster Horde: Hide and Seek,3.41,Arcade,CASUAL AZUR GAMES,Apps
app_html/appbrain-0861.html,Vissengids,5,Books & Reference,Sportvisserij Nederland,Android
app_html/apkpure-1407.html,Pro League Soccer,8.8,GameApplication,Rasu Games,Android
app_html/cnet-1039.html,Sentimoji by NAMI for,User Rating,Chat,Mango Concept LLC,iOS
app_html/aptoide-1369.html,Beatstar - Touch Your Music,4.5,Music,Space Ape,Android
app_html/apkpure-0094.html,Smart,2,UtilitiesApplication,Car Check,Android
app_html/apkpure-1700.html,Scooter FE3D 2,0,GameApplication,EnJen Games,Android
app_html/aptoide-2487.html,", Hotels, Travel",4.5,Travel & Local,We,Android
app_html/appagg-0152.html,Walgreens,5,Shopping,Walgreen Co.,Android
app_html/apkpure-1692.html,Car Parking 3D Online Drift,8.7,GameApplication,FGAMES,Android
app_html/apkpure-0189.html,Love and Deepspace,3.6,GameApplication,InFold Pte. Ltd.,Android
app_html/appbrain-1168.html,Paris ci la Sortie du Métro,5,Maps & Navigation,P UNG,Apps
app_html/cnet-2160.html,AntiRSI for,User Rating,Screensavers & Wallpaper,Anti,Mac
app_html/apkpure-0120.html,Mirror,,LifestyleApplication,App Studio 360 Apps,Android
app_html/aptoide-0194.html,PojavLau,4.28,STRATEGY,artdeell,Android
app_html/cnet-1505.html,Banking,User Rating,Business Applications,Capite,iOS
app_html/apkpure-1334.html,Family Simulator Life Game,,Free Simulation Game,Family Simulator Life Game 爱游工作室 (爱游科技),Android
app_html/appbrain-1224.html,TQL Carrier Dashboard,4.82,Maps & Navigation,"Total Quality Logistics, LLC",Apps
app_html/aptoide-2228.html,FX File Explorer,4.6,Business,"NextApp, Inc.",Android
app_html/appbrain-1782.html,Acharya Shree Vidyasagar (Jain,5,Social,Saurabh-Jain,Apps
app_html/appbrain-1721.html,Car,4.75,Racing,Abuzz,Android
app_html/appbrain-1934.html,Fodbold,5,Sports,Dansk Boldspil-Union,Apps
app_html/apkpure-0599.html,Superfoot,,Free Sports Game,FiDiGames,Android
app_html/apkpure-0770.html,Zoom Earth Live Weather Map,0,UtilitiesApplication,Neave Interactive,Android
app_html/appagg-1730.html,Shelter 2,4,Action & Adventure,Might and Delight,Steam Games
app_html/apkpure-2047.html,Crafting and Building,3,GameApplication,GeneRe,Android
app_html/appagg-0045.html,Netflix,5,Entertainment,"Netflix, Inc.",Android
app_html/cnet-1034.html,Ohio State Emojis for,User Rating,Chat,"FOTOBOM MEDIA, INC",iOS
app_html/apkpure-0349.html,She,,Free Travel & Local App,Shebas Taxi,Android
app_html/aptoide-0004.html,NEW ERA OF,3.4,ACTION,"BR KRAFTON, Inc.",Android
app_html/aptoide-2412.html,#NAME?,3,Finance,Bitget pte ltd.,Android
app_html/appbrain-1938.html,Botec,5,Sports,Contém Tecnologia,Apps
app_html/cnet-0870.html,GPS Map Camera APK for,User Rating,City Guides,JK.Fantasy,Android
app_html/appbrain-0326.html,Liraka - Para Kazan,5,Business,Liraka Web Ltd.,Android
app_html/appagg-0139.html,JOOX Music,50,Music & Audio,Tencent Mobility Limited,Android
app_html/apkpure-0106.html,9292 APK for Android Download,,TravelApplication,9292,Android
app_html/apkpure-1888.html,Quran,9.7,Free Books & Reference App,quran.com,Android
app_html/cnet-1055.html,Merry,User Rating,Chat,Damien Ramsawak,iOS
app_html/aptoide-2381.html,Nara,3.8,Finance,Billetera Virtual,Android
app_html/apkpure-0348.html,Hoogo stranger video chat,0,SocialNetworkingApplication,Talaga Team,Android
app_html/apkpure-0712.html,Days AI,,DesignApplication,Anime Art & Chat,Android
app_html/aptoide-1246.html,Video Poker Game - Royal Flush,5,Casino,Satyadev Mahalingashetty,Android
app_html/appbrain-0779.html,Chinese Cuisine：DuDu Food Game,4.78,Educational,DuDu Kids,Android
app_html/aptoide-1815.html,K-9,4.1,COMMUNICATION,Dog Walkers,Android
app_html/aptoide-1980.html,Autofill with Samsung Pass,3.8,Tools,Permissions : 39 Name : Autofill with Samsung Pass Size : 9.5 MB Downloads : 5.5,Android
app_html/apkpure-0183.html,Plants vs. Zombies™ 2,7.6,GameApplication,ELECTRONIC ARTS,Android
app_html/appbrain-1888.html,نزدیک,5,Social,Mary Jessa,Apps
app_html/appbrain-0539.html,Dinosaur Games: Dino Zoo Games,5,Adventure,PlayTrends,Android
app_html/aptoide-2391.html,easypaisa - Payments Made Easy,4.3,Finance,TelenorPakistan,Android
app_html/appagg-0871.html,101 Okey Plus Rummy Board Game,4.3,Board,Zynga,Android
app_html/appbrain-1424.html,Optik Seis for Android - Free App Download,5,Shopping,Optik Seis,Android
app_html/cnet-2222.html,BitLocker Reader for,User Rating,Password Managers,Lock,Mac
app_html/apkpure-0815.html,Weather,,Free Weather App,Gustav Lindberg,Android
app_html/aptoide-1533.html,أسئلة ثقافیة,4.2,Trivia,BY Digits,Android
app_html/aptoide-0259.html,Dawn of Titans - Epic War,4,STRATEGY,NaturalMotionGames Ltd,Android
app_html/aptoide-0382.html,Lucky block mod for mcpe,3.8,ADVENTURE,Vcraftmodsstudio,Android
app_html/aptoide-1907.html,TV,2.3,MEDIA & VIDEO,Spin,Android
app_html/apkpure-0296.html,Whoosh,3.7,UtilitiesApplication,WSH MOBILITY,Android
app_html/cnet-0167.html,Aldiko Classic APK for,User Rating,Educational,Feedbooks,Android
app_html/aptoide-1525.html,Fun Snow Adventure Bubble,-,Brain & Puzzle,Vtim Games,Android
app_html/appagg-0946.html,Gacha,5,Casual,Lunime,Android
app_html/appbrain-0449.html,Zombie alphabet: 3D online,4.9,Action,Snow Bat,Android
app_html/apkpure-0658.html,"Status, Sticker Saver",0,UtilitiesApplication,Lazy Geniouz Pvt. Ltd.,Android
app_html/aptoide-0549.html,3D Tennis,4.27,SPORTS GAMES,Mouse Games,Android
app_html/apkpure-0752.html,Racing in Car 2,8.9,Free Racing Game,ckgames,Android
app_html/apkpure-1023.html,Book Tracker - Vitaliber,,EducationalApplication,Nyoar Games,Android
app_html/cnet-0508.html,GO ROBUX: EARN RBX for,User Rating,Business Applications,SANA BEN KHALI,Android
app_html/aptoide-0189.html,State.io — Conquer the World,5,STRATEGY,cpp,Android
app_html/appagg-1494.html,HOT WHEELS UNLEASHED™ 2 - Turbocharged - Deluxe Edition,3.5,Racing & Flying,Milestone S.r.l.,Games
app_html/cnet-0533.html,Paysera Mobile Wallet APK for,User Rating,Business Applications,Pays,Android
app_html/appagg-0818.html,Candy Crush Saga,134,Puzzle,King,Games
app_html/appagg-1054.html,Basketball,54,Sports,2K,Games
app_html/appagg-1000.html,PARKING JAM 3D,50,Puzzle,Popcore Games,Android
app_html/appagg-1875.html,Lotion samurai,0,Action & Adventure,Retsu Teikoku,Games
app_html/apkpure-0085.html,One State RP - Role Play Life,3,GameApplication,ChillBase,Android
app_html/aptoide-0266.html,The Bonfire Forsaken Lands,3.3,STRATEGY,FICCI,Android
app_html/aptoide-0295.html,Games,-,STRATEGY,GamePark,Android
app_html/aptoide-1709.html,Google Chrome,4.3,COMMUNICATION,Google,Android
app_html/appagg-0607.html,CallApp: Caller ID & Block,5,Communication,"CallApp Caller ID, Call Recorder & Spam Blocker",Android
app_html/appbrain-1822.html,Gadi,5,Social,Maninagar,Android
app_html/aptoide-0766.html,ePSXe openGL Plugin,4,Arcade,epsxe software s.l.,Android
app_html/aptoide-0006.html,Free Fire,3.9,ACTION,GARENA INTERNATIONAL I PRIVATE LIMITED,Android
app_html/appbrain-0429.html,Sheep War (WarSheep) - ONLINE,5,Action,Board Games Online,Android
app_html/cnet-1575.html,UCO mBanking Plus for,User Rating,Business Applications,UCO BANK,iOS
app_html/apkpure-0831.html,VibeOn Vibrator Massage App,,EntertainmentApplication,Gamostar,Android
app_html/appagg-1971.html,Knighty Chess,0,Puzzle,Krishna Sangeeth KS,iOS
app_html/aptoide-2263.html,JioPOS Lite,3,Business,Jio Platforms Limited,Android
app_html/apkpure-0986.html,Gigabit Off-Road,5,GameApplication,Gigabit Games,Android
app_html/aptoide-1830.html,YouTube,4.2,VIDEO PLAYERS & EDITORS,Google Inc.,Android
app_html/apkpure-2042.html,Vlad & Niki Car Games for Kids,0.88,GameApplication,Azon Games,Android
app_html/appbrain-0038.html,N,4.44,Tools,Voya Studio,Apps
app_html/appagg-0465.html,Microsoft Authenticator,50,Business,Microsoft Corporation,Android
app_html/cnet-2179.html,Hotspot Shield for,User Rating,Encryption Software,AnchorFree,Android
app_html/appagg-0224.html,AI Keyboard,375,Personalization,Key,Android
app_html/cnet-1464.html,C,User Rating,Social Networking Software,Interdate SA,iOS
app_html/apkpure-0140.html,Do Not Disturb Funny Prankster,5,GameApplication,Tapps Games,Android
app_html/appagg-0713.html,Sniper 3D：Gun Shooting Games,5,Action,Wildlife Studios,Android
app_html/cnet-1087.html,Disney Stickers: Gravity Falls for,User Rating,Chat,Disney,iOS
app_html/appagg-0732.html,Temple Run 2: Endless Escape,5,Action,Imangi Studios,Android
app_html/aptoide-0459.html,Pro League Soccer,5,SPORTS GAMES,Rasu Games,Android
app_html/apkpure-0703.html,Camera,5,LifestyleApplication,Heart Camera,Android
app_html/aptoide-0201.html,Frost,-,STRATEGY,IGG.COM,Android
app_html/appagg-1805.html,Balconing,0,Classics,Fancy + Punk,Games
app_html/apkpure-1036.html,1945,8.7,GameApplication,1SOFT,Android
app_html/apkpure-1651.html,Instabridge WiFi Hotspot Map,3,UtilitiesApplication,Degoo Backup AB - Cloud,Android
app_html/appagg-0470.html,"JioCinema-Shows, Movies & More",5,Entertainment,STAR INDIA PRIVATE LIMITED,Android
app_html/appbrain-1153.html,Metro,5,Maps & Navigation,BW Design,Apps
app_html/appagg-1974.html,BARRICADEZ,4,Other,Fly Penguin inc.,Games
app_html/appbrain-1695.html,Race Max Pro - Car,4.77,Racing,Revani,Android
app_html/appagg-0516.html,Google Docs,5,Productivity,Google LLC,Android
app_html/appagg-0394.html,Microsoft Word,375,Productivity,Microsoft Corporation,Android
app_html/appbrain-0649.html,Escape Game - Kanio Donut,4.83,Adventure,Johnkichi,Android
app_html/appbrain-0172.html,00,4.26,Communication,Google LLC,Android
app_html/apkpure-1639.html,Puzzle,7.7,GameApplication,Pixel Federation Games,Android
app_html/apkpure-1157.html,Get,,Free Parenting App,Connected Media Pte Ltd,Android
app_html/apkpure-1061.html,Ediag,,Free Auto & Vehicles App,"THINKCAR TECH CO., LTD,",Android
app_html/appbrain-1565.html,CB Background Lyrical Editor,4.9,Photography,Benzyl Labs,Apps
app_html/appbrain-0290.html,Uber - Request a ride,4.47,Maps & Navigation,"Uber Technologies, Inc.",Apps
app_html/aptoide-0060.html,Santa Christmas Escape Mission,3.5,ACTION,GENtertainment Studios,Android
app_html/appagg-0007.html,Google Photos,5,Photography,Google LLC,Android
app_html/aptoide-1270.html,#NAME?,-,Casino,Club Vulcan,Android
app_html/aptoide-2300.html,Power Apps,5,Business,Microsoft Corporation,Android
app_html/cnet-2175.html,ShredIt X for,User Rating,Security Software,Mireth Technology,Mac
app_html/aptoide-1899.html,Podcast,4.3,MEDIA & VIDEO,Xavier Guillemane - Podcast & Radio Addict,Android
app_html/apkpure-0427.html,MINI SOCCER STAR,4.5,GameApplication,Viva Games Studios,Android
app_html/apkpure-0464.html,Access,,Free Events App,Access to,Android
app_html/appagg-0124.html,Southwest Airlines: Travel App,5,Travel,Southwest Airlines Co.,Android
app_html/cnet-0818.html,VoiceTra(Voice Translator) APK for,User Rating,City Guides,NICT,Android
app_html/appbrain-0848.html,-Buy Used | New Books,5,Books & Reference,MyPustak,Android
app_html/appagg-0510.html,GOAT – Sneakers & Apparel,54,Shopping,"1661, Inc.",Android
app_html/appbrain-0202.html,Google One,4.15,Productivity,Google LLC,Android
app_html/aptoide-0946.html,iranchess بازی شطرنج,4.5,Simulation,apk4phone,Android
app_html/appbrain-1003.html,RISHI PRASAD - Satsang - Books,5,Health & Fitness,Sant Shri,Android
app_html/aptoide-1255.html,Cherry Fun,-,Casino,Appteez,Android
app_html/apkpure-2275.html,Erase,,DesignApplication,Background),Android
app_html/appagg-1937.html,Qbik,0,Action & Adventure,Forever Entertainment S. A.,Games
app_html/appagg-0918.html,Hide Online - Prop Hunt,4.5,Action,Hitrock,Android
app_html/apkpure-0367.html,The Real Jug,7.9,Free Sports Game,Lion Studios,Android
app_html/cnet-1650.html,Call,User Rating,Phones & VoIP Software,DIDWW,Mac
app_html/apkpure-0819.html,HM,,Free Social App,AaNeel Infotech,Android
app_html/appbrain-0951.html,Dark Wallpaper HD,5,Entertainment,Premium Dev,Apps
app_html/cnet-1622.html,Messenger for,User Rating,Chat,Microsoft,Mac
app_html/appagg-0633.html,Samsung Health,5,Health & Fitness,"Samsung Electronics Co., Ltd.",Android
app_html/apkpure-0153.html,Deer,,Free Simulation Game,Wild Life,Android
app_html/apkpure-0694.html,8 Ball Pool,8.6,Free Sports Game,Miniclip.com,Android
app_html/apkpure-1049.html,My Perfect Hotel,8.6,GameApplication,SayGames Ltd,Android
app_html/appagg-1235.html,Cash Frenzy™ - Casino Slots,50,Casino,SpinX Games Limited,Android
app_html/cnet-0620.html,Legacy Launcher for,User Rating,Screensavers & Wallpaper,Chislon Chow,Android
app_html/cnet-2259.html,Aiseesoft AnyCoord for,User Rating,Maps,Aiseesoft Studio,Mac
app_html/aptoide-2272.html,Checker,4,Business,bhagat,Android
app_html/appagg-1726.html,Core Keeper,4,Action & Adventure,Fireshine Games,Steam Games
app_html/cnet-1157.html,Tusi Pese for,User Rating,Educational,Love Muese Ioane,iOS
app_html/cnet-1001.html,Client,User Rating,Web Phones & VoIP Software,Adore Infotech,iOS
app_html/appagg-0030.html,Google Maps,5,Travel & Local,Google LLC,Android
app_html/cnet-2065.html,Tex-Edit Plus for,User Rating,Office Suites,Trans-Tex Software,Mac
app_html/appagg-0598.html,JW Library,5,Books & Reference,Jehovah's Witnesses,Android
app_html/cnet-1832.html,2,User Rating,Utilities & Editors,N3V Games,Mac
app_html/cnet-1604.html,Zoom,User Rating,Chat,zoom.us,Mac
app_html/aptoide-1892.html,Watch classic movies MP4,-,MEDIA & VIDEO,Jack Rose,Android
app_html/appbrain-1945.html,LaPreferente for Android - Free App Download,5,Sports,LaPreferente,0
app_html/cnet-1951.html,YouTube Zilla for,User Rating,Download Managers,Video Downloader,Mac
app_html/appbrain-0874.html,Netzkino - Filme für Alle,5,Entertainment,PLAION PICTURES GmbH,Android
app_html/appbrain-0418.html,Retro Abyss : Game's Last Wish,4.93,Action,Ben Big Game Studio,Android
app_html/aptoide-2361.html,Apt,3.9,Finance,Catappult io,Android
app_html/appbrain-0229.html,Android,2.82,Tools,Google LLC,Android
app_html/cnet-1011.html,Fun,User Rating,Chat,Jadon Barnes,iOS
app_html/cnet-0210.html,Total,User Rating,Entertainment Software,Total Apps Secure,Android
app_html/apkpure-2217.html,Best,2,GameApplication,Playtika,Android
app_html/appbrain-0134.html,SimCity BuildIt,4.27,Simulation,ELECTRONIC ARTS,Android
app_html/apkpure-1272.html,Bully Anniversary Edition,7.6,GameApplication,Rockstar Games,Android
app_html/appagg-0502.html,hort - Movies & Dramas,50,Entertainment,GoodNovel,Android
app_html/aptoide-0325.html,Island Is Home 2 Survival Simulator Game,4.6,ADVENTURE,survivalgamesmobile,Android
app_html/appagg-1754.html,appagg.com,,,Microsoft,
app_html/appagg-0088.html,Google Translate,5,Tools,Google LLC,Android
app_html/cnet-0350.html,Aiming Master for 8 Ball Pool,User Rating,Role-Playing,Aiming Master Team,Android
app_html/appbrain-1398.html,Christmas Snowman Theme +HOME,4.83,Art & Design,#NAME?,Android
app_html/aptoide-1280.html,American Vegas Roulette,1,Casino,Asaf Cohen,Android
app_html/appbrain-1660.html,Car,5,Racing,TouchTao,Android
app_html/aptoide-0796.html,الكرة المرحة 2020,-,Arcade,wiiwii,Android
app_html/appagg-1915.html,Iron Danger,5,Action & Adventure,Daedalic Entertainment,Steam Games
app_html/appagg-1986.html,Bikerz,0,Action & Adventure,Forever Young Games,Steam Games
app_html/aptoide-2485.html,Uber Eats,4,Food & Drink,"Uber Technologies, Inc.",Android
app_html/appbrain-1059.html,Gmate® ON,5,Health & Fitness,GB Lifecare,Android
app_html/cnet-1135.html,Classroom for,User Rating,Educational,Google,iOS
app_html/appbrain-0612.html,Meridian 157: Chapter 3,4.85,Adventure,NovaSoft Interactive,Apps
app_html/appagg-0604.html,Disneyland®,50,Travel,Disney,Android
app_html/apkpure-1037.html,Mr D Groceries & Takeaway,7.6,ShoppingApplication,Mr Delivery (Pty) Ltd Play Store,Android
app_html/aptoide-0206.html,عبة السكين,-,STRATEGY,Naeem YA,Android
app_html/aptoide-0698.html,Ball Sort - Color Puz Game,-,Puzzle,Infinite Joy Ltd.,Android
app_html/cnet-2235.html,iLock for,User Rating,Security Software,OSX Bytes,Mac
app_html/apkpure-0765.html,Anime: The Last Battle,4,GameApplication,Room Studios,Android
app_html/appagg-1498.html,RIDE 5,3.6,Racing & Flying,Milestone S.r.l.,Games
app_html/cnet-0310.html,100K Like - Free Followers Likes,User Rating,Entertainment Software,Ha Xinh Gai,Android
app_html/apkpure-0673.html,Mivi Music & AI Video Maker,5,MultimediaApplication,AI Dreamweaver,Android
app_html/aptoide-0764.html,Death Park Scary Clown Horror,4.8,Arcade,Euphoria Games,Android
app_html/appbrain-1635.html,Name Photo On Birthday Cake,4.84,Photography,DOSA Apps,Apps
app_html/appagg-1406.html,Weather Live: Weather Forecast,0,Weather,KUCO Apps,Android
app_html/appagg-1080.html,Hustle Castle: Medieval games,395,Role Playing,MYGAMES MENA FZ LLC,Android
app_html/appagg-0583.html,Aarogya Setu,0,Health & Fitness,National Informatics Centre.,Android
app_html/cnet-1422.html,Al,User Rating,Social Networking Software,"Beijing iRainbow Technology Co., Ltd.",iOS
app_html/apkpure-0934.html,Bad Cat | Chaos Simulator,,GameApplication,Go Dreams,Android
app_html/appbrain-1995.html,Royal Betting Tips,5,Sports,Planet Sports,Apps
app_html/appbrain-0855.html,Holy Bible for Woman,5,Books & Reference,Aleluiah Apps,Android
app_html/appbrain-1887.html,Lookup People Search,4.88,Social,Reverse Phone Number Search,Apps
app_html/apkpure-0473.html,craft Block RPG World,2,GameApplication,Milkcraft Studio,Android
app_html/aptoide-0610.html,Woodoku - Wood Block,4.57,Puzzle,Tripledot Studios Limited,Android
app_html/cnet-0139.html,Friend,User Rating,Educational,Schindler Techsol,Android
app_html/appagg-0237.html,Mail,375,Productivity,Yahoo,Android
app_html/apkpure-0992.html,AR Drawing: Sketch & Paint,,DesignApplication,Easy to use apps,Android
app_html/appagg-0928.html,Yu-Gi-Oh!,417,Card,KONAMI,Android
app_html/apkpure-1811.html,Slack,7.8,BusinessApplication,SLACK TECHNOLOGIES L.L.C.,Android
app_html/appbrain-1727.html,Line Race: Police Pursuit,4.72,Racing,CASUAL AZUR GAMES,Apps
app_html/aptoide-0081.html,Among Us,4,ACTION,InnerSloth LLC,Android
app_html/apkpure-0894.html,Mockup,,DesignApplication,Mockup Design,Android
app_html/cnet-1149.html,(,User Rating,Health & Fitness Software,MedHand Mobile Libraries,iOS
app_html/cnet-0709.html,Ava,User Rating,Security Software,Ava,Android
app_html/aptoide-1378.html,Sweet Candy Fever,5,Music,cpp,Android
app_html/cnet-1677.html,CallControl Aster,User Rating,Web Phones & VoIP Software,CallControl Dev,Mac
app_html/appbrain-0958.html,African,5,Entertainment,Lade Apps,Android
app_html/cnet-2066.html,Screen Crosshair for,User Rating,Screensavers & Wallpaper,Artis,Mac
app_html/cnet-1913.html,App,User Rating,Internet Software,BEETmobile Hotsp,Mac
app_html/appbrain-1918.html,Göztepe,5,Sports,Goztepe Sports Club,Android
app_html/cnet-1598.html,Desktop,User Rating,Chat,Facebook,Mac
app_html/appbrain-1476.html,: Smarter Bulk Buying,5,Shopping,Farmsell,Android
app_html/appagg-1140.html,DRAGON BALL Z DOKKAN BATTLE,395,Action,Bandai Namco Entertainment Inc.,Android
app_html/apkpure-0353.html,Kabbee+,,Free Entertainment App,Kabbee Corp,Android
app_html/aptoide-0379.html,العاب رعب مخيفه 2023,-,ADVENTURE,GamesNewGuru,Android
app_html/appagg-1787.html,Cats Organized Neatly,4,Classics,DU&I,Games
app_html/appagg-0413.html,Video Downloader,50,Video Players & Editors,InShot Inc.,Android
app_html/apkpure-2092.html,Video Background Remover,0,LifestyleApplication,MARC APPS,Android
app_html/cnet-0550.html,PS5 Emulator APK for,User Rating,Productivity Software,BordjouaTime,Android
app_html/apkpure-0117.html,Machinarium,2,Free Adventure Game,Amani,Android
app_html/aptoide-0992.html,3D Airplane Flight Simulator,4,Simulation,webgames,Android
app_html/aptoide-1734.html,Call Recorder,3.7,COMMUNICATION,C Mobile,Android
app_html/aptoide-2036.html,Huawei Mobile Services,4.45,Tools,南京超创信息科技有限公司,Android
app_html/aptoide-2177.html,TV Online - Watch series & Live,.,Entertainment,Omega Media Streaming,Android
app_html/aptoide-0778.html,Roro Craft Vegas Mini Craft & Building Craftsman,-,Arcade,Skycraft Game Dev Ltd,Android
app_html/cnet-0028.html,Gmail,User Rating,Chat,Google,Android
app_html/appagg-2049.html,Rugby 25,2,Sports,Nacon,Games
app_html/cnet-1522.html,Meet for,User Rating,Business Applications,Google,iOS
app_html/appagg-1294.html,Grand Theft Auto: San Andreas,395,Action,Rockstar Games,Android
app_html/appbrain-0959.html,Vocal Shift Voice Change,5,Entertainment,KOTOMENA,Apps
app_html/aptoide-1326.html,Magic Tiles 5,4,Music,Claudia Ludwina,Android
app_html/appagg-0794.html,Criminal Case,35,Adventure,Pretty Simple,Android
app_html/appagg-0214.html,.com: Hotels & Travel,375,Travel & Local,Booking,Android
app_html/aptoide-1673.html,SKY,1,Audio & Video entertainment,SKYRAS Private Limited,Android
app_html/appagg-0095.html,Shazam: Find Music & Concerts,5,Music,Apple,Android
app_html/apkpure-2169.html,Kindred Home Swapping,,Free Travel & Local App,Kindred Concepts,Android
app_html/aptoide-0595.html,Collection,4.1,Puzzle,Collection App Holdings,Android
app_html/cnet-0958.html,Kitsunebi APK for,User Rating,Utilities & Tools,Kits Labs,Android
app_html/cnet-1213.html,Dating,User Rating,Entertainment Software,Cleod9,iOS
app_html/appbrain-1073.html,Interval Timer,4.94,Health & Fitness,dreamspark,Android
app_html/appagg-1016.html,BitLife - Life Simulator,54,Role Playing,"Candywriter, LLC",Games
app_html/appagg-0309.html,Pregnancy + | Tracker App,375,Parenting,Philips Electronics UK Limited,Android
app_html/apkpure-1479.html,Soap Cutting Satisfying ASMR,5,GameApplication,Coco Play By TabTale,Android
app_html/appbrain-2000.html,Sydney Roosters,5,Sports,NRL Digital,Android
app_html/appbrain-1692.html,Snai,4.82,Racing,TinKubic Inc,Apps
app_html/cnet-1175.html,Fit2live for,User Rating,Educational,Bernard Sebat,iOS
app_html/aptoide-0753.html,1,3.67,Arcade,TURKOBEST STUDIO,Android
app_html/aptoide-1959.html,KeepVid - Video Downloader,4.56,Download,Keep,Android
app_html/appbrain-1865.html,Convose for Android - Free App Download,4.88,Social,Convose,Android
app_html/apkpure-0639.html,Calorie Counter - MyNetDiary,2,HealthApplication,MyNetDiary.com,Android
app_html/apkpure-0729.html,Microsoft Lens - PDF Scanner,3,UtilitiesApplication,Microsoft Corporation,Android
app_html/apkpure-1552.html,Close Co-Parent Essentials,0,EducationalApplication,"AppClose, Inc",Android
app_html/appbrain-0372.html,Belajar Mengaji Al-Qur'an,5,Books & Reference,iMajlis Mobile,Apps
app_html/aptoide-1189.html,Titan Slots™,5,Casino,PlayStudios,Android
app_html/apkpure-0206.html,Block Craft 3D Building Game,8.7,GameApplication,Wildlife Studios,Android
app_html/appagg-1470.html,18 in 1: Family Games,0,Other,RuWaMo Games,Nintendo Games
app_html/cnet-1046.html,Kannada Stickers New Pack for,User Rating,Chat,Lahcen Jeddour,iOS
app_html/appbrain-1967.html,Earning,5,Sports,Dallas Entertainment Media,Android
app_html/appbrain-1581.html,Photo Frames Collage Maker,4.89,Photography,Tri Core,Apps
app_html/appagg-1198.html,Lep's World,395,Arcade,ne,Android
app_html/aptoide-1616.html,Zapya Go - Share File with Tho,-,SOCIAL,"Dewmobile USA, Inc.",Android
app_html/cnet-1118.html,French dictionary DIXEL Mobile for,User Rating,Educational,Diagonal,iOS
app_html/aptoide-2186.html,SSIPTV PREMIUM,5,Entertainment,King Gyn,Android
app_html/aptoide-0400.html,Herobrine Mod for MCPE,4.3,ADVENTURE,Максим,Android
app_html/appbrain-0171.html,Messenger,4.66,Communication,"Meta Platforms, Inc.",Apps
app_html/appagg-0865.html,Cut the Rope,417,Puzzle,ZeptoLab,Android
app_html/appbrain-0151.html,Recognition & Synthesis,4,Speech Recognition & Synthesis,Google LLC,Apps
app_html/appbrain-0355.html,レシート読み取り・家計簿アプリでお金管理,5,Finance,BearTail X Inc.,Android
app_html/appbrain-1578.html,Frames,5,Photography,App Bucket Photo Video maker,Apps
app_html/apkpure-1074.html,XRecorder - Screen Recorder,,Players,Smart Utilities Hub,Android
app_html/appbrain-1333.html,Vancouver Mural Festival for Android - Free App Download,4.89,Art & Design,Vancouver Mural Festival,Apps
app_html/cnet-0282.html,Sakura Show,User Rating,Entertainment Software,Angela M Jacobs,Android
app_html/cnet-1653.html,PostCard for,User Rating,Web Phones & VoIP Software,Steve Dekorte,Mac
app_html/aptoide-1530.html,pipe head water game gears,-,Brain & Puzzle,Abode-Games,Android
app_html/aptoide-0644.html,Sudoku,4.38,Puzzle,Alcamasoft,Android
app_html/appagg-1869.html,DAB ON DARKNESS!,0,Classics,Sigyaad Team,Games
app_html/aptoide-0225.html,DU Recorder � Screen Recorder & Video Editor,4.5,VIDEO PLAYERS & EDITORS,DU Recorder,Android
app_html/apkpure-1095.html,Azadea Connect +,,Free Business App,Azadea Group Holding,Android
app_html/apkpure-0922.html,3D Skins Maker for Minecraft,8.7,UtilitiesApplication,Pixelvoid Games Ltd,Android
app_html/appbrain-1422.html,I SHOPPY,5,Shopping,Kumari Shoppy,Android
app_html/apkpure-1938.html,Universal Truck Simulator,2,GameApplication,Interactive 360,Android
app_html/appagg-1757.html,Learning Factory,4,Other,Luden.io,Games
app_html/apkpure-0286.html,Rainbow,5,GameApplication,Ubisoft Entertainment,Android
app_html/appagg-0032.html,"TikTok - Videos, Shop & LIVE",5,Entertainment,TikTok Ltd.,Android
app_html/apkpure-1987.html,Basita Virtual,,UtilitiesApplication,basita.com,Android
app_html/apkpure-0640.html,Director Video Editor,0,MultimediaApplication,Cyberlink Corp,Android
app_html/appagg-1563.html,Pixel Heroes: Mega Byte & Magic,0,Action & Adventure,Headup Games,Nintendo Games
app_html/cnet-0123.html,SIGMA BATTLE ROYALE APK for,User Rating,eBooks,studio slani,Android
app_html/aptoide-1526.html,Tetris Vector,2,Brain & Puzzle,Sas Games,Android
app_html/appbrain-0435.html,Metal Hero Man,4.91,Action,4 Bro's Gamez,Android
app_html/aptoide-1426.html,Magic,-,MUSIC,PHY STUDIO,Android
app_html/appagg-0183.html,"Gaana: Music App, MP3 Songs",5,Music,Entertainment Network (India) Ltd,Android
app_html/cnet-1798.html,Age of Empires II: The,User Rating,Strategy Games,Ensemble Studios,Mac
app_html/appbrain-1655.html,Car Traffic Racer,5,Racing,Game Pickle,Apps
app_html/cnet-1022.html,YouTube,User Rating,Multimedia,Google,iOS
app_html/cnet-0505.html,App,User Rating,Social Networking Software,Cupid Media Pty Ltd,Android
app_html/apkpure-0219.html,"u Real Chats, Real People",0,SocialNetworkingApplication,BV,Android
app_html/appagg-0757.html,My Talking Tom 2,54,Casual,Outfit7 Limited,Android
app_html/apkpure-2032.html,Little Panda,3,GameApplication,BabyBus,Android
app_html/appbrain-0879.html,ARASHI Widget,5,Entertainment,FAMILY CLUB INC.,Apps
app_html/aptoide-1571.html,X,4.1,SOCIAL,"Twitter, Inc.",Android
app_html/appbrain-1126.html,Omnicomm Online for Android - Free App Download,5,Maps & Navigation,Omnicomm,Android
app_html/apkpure-0830.html,Maker Dress up for kids,4,GameApplication,Pazu Games,Android
app_html/aptoide-1031.html,SuperBikers,-,Racing,Dream-Up,Android
app_html/apkpure-0641.html,The Girl in the Window,5,GameApplication,Dark,Android
app_html/aptoide-0630.html,إك,5,Puzzle,Moath Bahar,Android
app_html/appagg-0640.html,Calendar,50,Productivity,Apple,Android
app_html/apkpure-1489.html,#NAME?,7.8,UtilitiesApplication,Free Connected Limited.,Android
app_html/apkpure-0064.html,Coach Tactic Board: Futsal,,SportsApplication,BLUELINDEN,Android
app_html/aptoide-2024.html,Voice Recorder,4.5,Multimedia,"Samsung Electronics Co., Ltd.",Android
app_html/appagg-0499.html,#NAME?,0,Tools,Hik-,Android
app_html/apkpure-1344.html,QDLink,,Free Auto & Vehicles App,do Barwari Jr,Android
app_html/appbrain-1783.html,#NAME?,5,Social,Smart,Apps
app_html/appagg-1177.html,Knife Hit,50,Arcade,Ketchapp,Android
app_html/appagg-0040.html,WhatsApp,5,Social Networking,WhatsApp Inc.,Android
app_html/cnet-1789.html,Farming Simulator 25 for,User Rating,Simulation,Giants Software,Mac
app_html/cnet-0682.html,Pip-Boy 3000 Live Wallpaper for,User Rating,Screensavers & Wallpaper,kopirat,Android
app_html/appagg-0041.html,Telegram,5,Communication,Telegram FZ-LLC,Android
app_html/aptoide-0218.html,Modern Car Parking,4.2,STRATEGY,The Knights Pvt Ltd,Android
app_html/apkpure-0404.html,Kegel Men Men's Pelvic Health,2,HealthApplication,MoovBuddy,Android
app_html/appagg-1763.html,Papa's Quiz,4,Classics,Old Apes,Steam Games
app_html/cnet-1126.html,Theory Of Acutes for,User Rating,Educational,.Vijayakar,iOS
app_html/appagg-0698.html,: Homes For Sale & Rent,5,House & Home,Zillow,Android
app_html/apkpure-0363.html,Holy Bible Offline NIV KJV App,0,EducationalApplication,Life.Church,Android
app_html/cnet-0142.html,English 5000 Words with Pictures APK for,User Rating,Educational,KevinSmith_software,Android
app_html/aptoide-0961.html,Melon Sandbox,4.3,Simulation,27 Studio,Android
app_html/apkpure-1616.html,OPPO Clone Phone,4,Free Productivity App,ColorOS,Android
app_html/apkpure-1153.html,Legend Mini 4WD Racing,5,GameApplication,Twitchy Finger Ltd.,Android
app_html/cnet-1739.html,QXScope for,User Rating,Educational,EdH Software,Mac
app_html/apkpure-1418.html,RED,4,social,吟信息科技(上海)有限公司,Android
app_html/cnet-0519.html,YONO SBI: The Mobile,User Rating,Business Applications,State Bank of India,Android
app_html/cnet-0692.html,Bubble Cash for,User Rating,Screensavers & Wallpaper,wazifa Live Tv,Android
app_html/apkpure-1764.html,Toca Boca World APK for Android Download,3,GameApplication,Toca,Android
app_html/cnet-0905.html,Sim,User Rating,Utilities & Tools,Tech Zillo,Android
app_html/aptoide-1920.html,FLV Video Player,3.2,MEDIA & VIDEO,Jose Adenaldo Santos Bittencourt Junior,2.3
app_html/apkpure-1861.html,GOAL Football News & Scores,3,SportsApplication,FootballCo Media Limited,Android
app_html/cnet-2276.html,Topos West Virginia,User Rating,Maps,James Associates,Mac
app_html/appagg-0319.html,"Rapido: Bike-Taxi, Auto & Cabs",0,Maps & Navigation,Rapido Bike Taxi,Android
app_html/appagg-0264.html,Google Opinion Rewards,375,Tools,Google LLC,Android
app_html/apkpure-1799.html,Car Parking Multiplayer,.,GameApplication,"Olzhass,",Android
app_html/cnet-2031.html,iF,User Rating,Database Management Software,Earthrise Software,Mac
app_html/aptoide-0033.html,Galaxy Themes,3.75,Art & Design,Samsung,Android
app_html/appagg-0587.html,MICROSOFT LAUNCHER,5,Personalization,Microsoft Corporation,Android
app_html/aptoide-0978.html,Infinite,4.2,Simulation,Infinite Flight LLC,Android
app_html/apkpure-0442.html,ci Your AI assistant,5,UtilitiesApplication,SPRING (SG) PTE. LTD.,Android
app_html/appbrain-0187.html,"TikTok - Videos, Shop & LIVE",4.11,Social,TikTok Pte. Ltd.,Android
app_html/apkpure-1416.html,Weather,,UtilitiesApplication,SailGrib,Android
app_html/cnet-0486.html,Indian Aunty Chat Meet for,User Rating,Social Networking Software,ApnaSolution App,Android
app_html/cnet-0082.html,Chat Message Tracker - Remote for,User Rating,Chat,TrackerApps,Android
app_html/aptoide-0396.html,Which Stall? (Horror Game,4.09,ADVENTURE,ZeoWorks,Android
app_html/appbrain-0480.html,Legend Of Maratha Warriors,4.83,Action,KROMN Studios,Android
app_html/cnet-1472.html,#NAME?,User Rating,Social Networking Software,Fongo,iOS
app_html/appbrain-1144.html,SYTADIN for Android - Free App Download,5,Maps & Navigation,DiRIF-SYTADIN,Apps
app_html/appagg-0199.html,UC Mini-Download Video Status,375,Communication,UCWeb Singapore Pte. Ltd.,Android
app_html/apkpure-0065.html,Keeta - Food Delivery,,Free Food & Drink App,Delivery,Android
app_html/appagg-1092.html,Rise Up: Balloon Game,54,Arcade,CASUAL AZUR GAMES,Android
app_html/cnet-0128.html,App,User Rating,Educational,HT 254,Android
app_html/apkpure-2081.html,MYKOREK,0,Free Business App,Korek,Android
app_html/cnet-0110.html,JMComic2 APK for,User Rating,E-book Software,fanxianlong,Android
app_html/apkpure-1954.html,Macedonian,,Free Travel & Local App,Macedonian phrasebook,Android
app_html/appbrain-1537.html,Coffee Photo Frame,5,Photography,Ai Photo Labs,Apps
app_html/cnet-2228.html,PDF Password Recovery Analyzer for,User Rating,Password Managers,PDF Password Recovery Online,Mac
app_html/cnet-1941.html,Free Deezer Music Downloader,User Rating,Download Managers,Deezer-Music-Downloader,Mac
app_html/apkpure-1425.html,EPUB Reader for all books,0,EducationalApplication,Librera,Android
app_html/apkpure-0393.html,Efiko APK for Android Download,0,DesignApplication,Eff,Android
app_html/aptoide-0684.html,لعبة المشاهير,-,Puzzle,tamer,Android
app_html/aptoide-0252.html,#NAME?,4.45,games.role-playing-games,Power,Android
app_html/cnet-2286.html,Travel PackList for,User Rating,City Guides,Rene Rosendahl Software,Mac
app_html/aptoide-1235.html,Shadow Fight Nightfall Combat,2.3,Casino,Gametechnos,Android
app_html/apkpure-0423.html,Yaelo,,DesignApplication,MayZing Tech,Android
app_html/appagg-2060.html,Zero Caliber,3,Action & Adventure,XREAL Games,Games
app_html/appagg-0334.html,Video Editor,50,Video Players & Editors,InShot Video Editor,Android
app_html/appbrain-0814.html,Al Mulk,5,Books & Reference,jalan hijrah,Apps
app_html/cnet-0829.html,OpenCPN for,User Rating,Maps,Dave Register,Android
app_html/appagg-1947.html,Apple Slash,5,Action & Adventure,Agelvik,Steam Games
app_html/cnet-0663.html,SystemUI Tuner APK for,User Rating,Screensavers & Wallpaper,Zachary Wander,Android
app_html/cnet-1298.html,Angry Birds Star Wars II for,User Rating,Arcade Games,Rovio Mobile,iOS
app_html/cnet-1264.html,Fake GPS Joystick & Location for,User Rating,Entertainment Software,studio minihanh,iOS
app_html/appagg-0611.html,Minha Claro Móvel,54,Business,Claro Brasil,Android
app_html/cnet-1476.html,"Xmeets , Social sexy, meetups,",User Rating,Security,Rock5,iOS
app_html/cnet-1354.html,iConnect Game for,User Rating,Games,Oleksandr Nikolaienko,iOS
app_html/cnet-0749.html,#NAME?,User Rating,Security Software,Quester,Android
app_html/apkpure-1140.html,SecurityPal,,Free Productivity App,HNH,Android
app_html/apkpure-2028.html,Screen Recorder - XRecorder,8.7,MultimediaApplication,InShot Inc.,Android
app_html/appagg-0442.html,: Free Movies & Live TV,50,Entertainment,Tubi TV,Android
app_html/appbrain-0903.html,NT Play,5,Entertainment,Novo,Android
app_html/appagg-0741.html,E,3.7,Action,Level Infinite,Android
app_html/cnet-1741.html,Desktop for,User Rating,Reference Software,Mendeley,Mac
app_html/apkpure-1310.html,Domino's Pizza USA,3,ShoppingApplication,Domino's Pizza LLC,Android
app_html/cnet-0809.html,#NAME?,User Rating,Maps,DiDi,Android
app_html/appagg-0068.html,Samsung Notes,50,Productivity,"Samsung Electronics Co., Ltd.",Android
app_html/apkpure-0100.html,Sky Force Reloaded,3,GameApplication,Infinite Dreams,Android
app_html/appagg-0329.html,"WiFi Map・Internet, eSIM Travel",375,Travel & Local,WiFi Map LLC,Android
app_html/apkpure-2113.html,happe crowdsourced happenings,,Free Events App,".Live, LLC",Android
app_html/cnet-0577.html,Email Password Recovery Help APK for,User Rating,Productivity Software,GreatPasswordTools,Android
app_html/apkpure-0551.html,"Mods, Maps for Minecraft PE",1,EntertainmentApplication,Lyxoto Studios,Android
app_html/appagg-1024.html,Johnny Trigger: Action Shooter,54,Action,SayGames Ltd,Android
app_html/cnet-1508.html,Microsoft Teams for,User Rating,Business Applications,Microsoft,iOS
app_html/apkpure-0895.html,AMA,5.3,Free Travel & Local App,高德地,Android
app_html/cnet-1421.html,Er,User Rating,Social Networking Software,mingyao she,iOS
app_html/cnet-0551.html,Pakistan Sim Owner Detail 2022 for,User Rating,Productivity Software,Sim Database Online,Android
app_html/appagg-1089.html,Choices: Stories You Play,395,Simulation,Pixelberry,Android
app_html/appagg-0107.html,Wildberries,50,Shopping,Wildberries LLC,Android
app_html/appbrain-1801.html,ting,5,Social,MLBPark @ noonting,Android
app_html/appbrain-1556.html,Photo Collage Maker,4.9,Photography,Pony Inc.,Apps
app_html/cnet-0865.html,Manasikana for,User Rating,City Guides,Ministry of Hajj and Umrah,Android
app_html/cnet-0927.html,GFX TOOL FOR COD,User Rating,Utilities & Tools,Gamer Wise,Android
app_html/aptoide-0932.html,Train Sim,4.3,Simulation,Adam Berent,Android
app_html/aptoide-0901.html,Digging Holes Simulator,-,Simulation,Youngster Studio,Android
app_html/aptoide-1644.html,Smart Browser - All,3,SOCIAL,alps studio,Android
app_html/apkpure-1332.html,SN video MAKER,,Free Video Players & Editors App,MAKER,Android
app_html/apkpure-1978.html,bird Monthly Perfume Box,3.5,LifestyleApplication,"Scentbird, Inc.",Android
app_html/appagg-0543.html,صلاتك Salatuk (Prayer time),5,Lifestyle,Masarat App,Android
app_html/apkpure-1358.html,Puppet Soccer - Football,3,GameApplication,NOXGAMES,Android
app_html/appbrain-0873.html,모바일 B tv,5,Entertainment,SK broadband,Apps
app_html/cnet-1059.html,Pride Gay Couple Stickers for,User Rating,Chat,Kai Huei Leow,iOS
app_html/appbrain-0458.html,Megalodon Fights Sea Monsters,4.88,Action,Dexus Dinosaur,Android
app_html/cnet-2059.html,for,User Rating,Office Suites,Sublime Text,Mac
app_html/aptoide-2210.html,Nonton TV Indonesia,2.3,Entertainment,davin,Android
app_html/appbrain-0984.html,Mi Dorama Favorito 2 for Android - Free App Download,5,Entertainment,Mi Dorama Favorito,Apps
app_html/appagg-1336.html,Slap King,50,Action,Lion Studios,Android
app_html/apkpure-1108.html,Porch,,HomeApplication,Porch,Android
app_html/cnet-0253.html,~ Movies from North East India for,User Rating,Entertainment Software,70mmFlix,Android
app_html/aptoide-0603.html,Bus Frenzy - Traffic Jam,-,Puzzle,Life Coloring,Android
app_html/appagg-1352.html,KRITIKA: The White Knights,47,Role Playing,Com2uS Holdings,Android
app_html/appbrain-1874.html,Glitchy Digital Marketing,5,Social,Glitchy Co,Apps
app_html/appbrain-1030.html,Musculação Online,5,Health & Fitness,Virtuagym Professional,Apps
app_html/aptoide-1930.html,Pe,-,MEDIA & VIDEO,AR Media,Android
app_html/apkpure-1012.html,GetCode Virtual Number,0,BusinessApplication,SMS MIA DIGITAL SOLUTIONS,Android
app_html/aptoide-1459.html,Chess online,1.67,Brain & Puzzle,keyja,Android
app_html/appbrain-1070.html,HealthCare by,5,Health & Fitness,Heartfulness,Android
app_html/appbrain-1933.html,VERDÃO PLAY,5,Sports,Willian Pessoa,Android
app_html/aptoide-0336.html,Giratina's Legend,3.9,ADVENTURE,Antonio Rubira Marin,Android
app_html/cnet-0083.html,#NAME?,User Rating,Communications,mCent,Android
app_html/cnet-0199.html,Telugu Bhagavatam for,User Rating,Educational,Fani Kiran Vulapalli,Android
app_html/apkpure-0534.html,Shape Shift Shape Deform Race,,GameApplication,DeepTech Studio,Android
app_html/aptoide-1811.html,Aon Adblock mini browser,4.9,COMMUNICATION,TARIK SUCU,Android
app_html/appagg-1345.html,ONE PIECE Bounty Rush,4.2,ACTION,Bandai Namco Entertainment Inc.,Android
app_html/cnet-2191.html,Ad,User Rating,Security Software,Insoft,Mac
app_html/apkpure-0906.html,Merge Brainrot: Puzzle Mania,,puzzle,Hohama Studio,Android
app_html/aptoide-1401.html,Rainbow Piano Tiles,-,Music,Claudia Ludwina,Android
app_html/appagg-1751.html,Altered,4,Other,Rooftop Panda,Steam Games
app_html/aptoide-2359.html,Tele Store,-,Business,RVTS PVT LTD,Android
app_html/appbrain-1120.html,MTNTO,4.93,Health & Fitness,MTNTOUGH,Apps
app_html/apkpure-0714.html,3D,1,Free Sports Game,Mouse Games,Android
app_html/cnet-0044.html,Bypasser SSL VPN APK for,User Rating,Communications,TheHoster,Android
app_html/apkpure-0460.html,Pick Live Event Tickets,,UtilitiesApplication,TickPick LLC,Android
app_html/cnet-1905.html,Messenger for,User Rating,Social Networking Software,Facebook,Mac
app_html/cnet-2255.html,Safelock for,User Rating,Encryption Software,FQM,Mac
app_html/apkpure-1323.html,Baseball,,GameApplication,Wild Caly PTE. LTD.,Android
app_html/appbrain-0789.html,Alkitab,5,Books & Reference,Igor Apps,Android
app_html/aptoide-2113.html,Smart IPTV PRO,4.2,Entertainment,King Gyn,Android
app_html/cnet-0415.html,Dating App:,User Rating,Social Networking Software,Zoosk,Android
app_html/appbrain-1182.html,Uber Russia — order taxis,4.91,Maps & Navigation,"KRONOS, LLC",Android
app_html/appagg-0296.html,Microsoft Teams,375,Business,Microsoft Corporation,Android
app_html/apkpure-0784.html,AI logo generator,,DesignApplication,VideoRey,Android
app_html/cnet-0896.html,Cam - Vintage,User Rating,Utilities & Tools,Euro PVR Ltd,Android
app_html/aptoide-1508.html,Barbie Style Dress Up Games,3.8,Brain & Puzzle,Barbie Style Dress Up Games,Android
app_html/apkpure-1909.html,AI Wallpaper Generator,,DesignApplication,Rstream Labs,Android
app_html/appagg-1394.html,BlockPuz: Block,4.8,Puzzle,Gametertain,Android
app_html/aptoide-0515.html,Table Tennis,4.59,SPORTS GAMES,Giraffe Games Limited,Android
app_html/cnet-1406.html,Messenger,User Rating,Social Networking Software,Open Whisper Systems,iOS
app_html/cnet-0988.html,TV Remote Control For All TV APK for,User Rating,Utilities & Tools,TV Remote Tools Shop,Android
app_html/aptoide-0839.html,Bendy in Nightmare Run,4.2,Arcade,Joey Drew Studios,Android
app_html/appbrain-1503.html,Photo Editor & Collage Maker,5,Photography,Acar Mobile,Apps
app_html/apkpure-1110.html,Highway Racer Pro,,racing,Spektra Games,Android
app_html/appagg-0177.html,Audible: Audio Entertainment,5,Books,"Audible, Inc.",Android
app_html/appbrain-0599.html,Escape from P-BOX,4.86,Adventure,TOKI GAMES,Apps
app_html/apkpure-0354.html,Paint,0,DesignApplication,ng-labs,Android
app_html/appagg-1877.html,FM,0,Other,Jordan B Cutler,Steam Games
app_html/cnet-0207.html,MAX FF OUTILS HEADSHOT APK for,User Rating,Educational,IMADOX,Android
app_html/apkpure-1241.html,Coromon Test Global,2,GameApplication,Coromon,Android
app_html/appbrain-1222.html,Madrid Metro,4.82,Maps & Navigation,Bidea Digital Services,Apps
app_html/appbrain-1324.html,Faune,5,Art & Design,Adrien M & Claire B,Apps
app_html/apkpure-1240.html,Mini,0,GameApplication,StartourMobs,Android
app_html/appbrain-0082.html,Turret Escape,4.79,Arcade,Parker Burton,Apps
app_html/aptoide-1750.html,Gaming Browser,5,COMMUNICATION,Opera,Android
app_html/cnet-1192.html,English Spanish Dictionary Unabridged for,User Rating,Educational,Word Magic Software,iOS
app_html/cnet-0820.html,UV Light APK for,User Rating,Maps,Chic Apps,Android
app_html/aptoide-2293.html,Amazon,4.6,Business,Amazon,Android
app_html/cnet-0336.html,for,User Rating,Adventure Games,Roblox,Android
app_html/apkpure-1766.html,Kwai Kwai Short Video Community,1,MultimediaApplication,Joyo Technology Pte Ltd,Android
app_html/appbrain-0176.html,Files by Google,4.54,Tools,Google LLC,Apps
app_html/appagg-1578.html,WFP 308 Business watch face,3.8,Personalization,WFProduction by Alexandr Kovalev,Android
app_html/appbrain-1816.html,: Create & Share Lists,4.97,Social,Hypelist,Apps
app_html/appagg-1191.html,Score! Match - PvP Soccer,4.1,Sports,First Touch Games Ltd.,Android
app_html/appagg-1871.html,SKYHILL: Black Mist,5,Action & Adventure,Mandragora,Games
app_html/apkpure-0155.html,Cryptomania —Trading Simulator,8.8,GameApplication,Edusystems OU,Android
app_html/aptoide-0030.html,Angry Gran Run - Running Game,4.4,ACTION,Ace Viral,Android
app_html/aptoide-0817.html,Geometry Dash,4.49,Arcade,RobTop Games,Android
app_html/aptoide-0715.html,أربع صور كلمة واحدة - ألغاز,4.6,Puzzle,Mob Tech,Android
app_html/appbrain-0952.html,Parkour Maps for Minecraft PE,5,Entertainment,GellyApps,Android
app_html/appagg-1604.html,After the Fall,2,Action & Adventure,Vertigo Games,Games
app_html/cnet-1691.html,Mercury for,User Rating,Reference Software,Cambridge Crystallographic Data Centre,Mac
app_html/apkpure-0434.html,Vactidy,,UtilitiesApplication,"Shenzhen Ultenic Technology Co., Ltd.",Android
app_html/cnet-1669.html,QuickCam for,User Rating,Chat,Cam,Mac
app_html/aptoide-0873.html,I Am Cat,4,Simulation,NEW FOLDER GAMES,Android
app_html/aptoide-0718.html,Sherlock・Hidden Object・Match-3,4.9,ADVENTURE,G5 Entertainment,Android
app_html/aptoide-2053.html,Google,4.2,Tools,Google LLC,Android
app_html/appbrain-1842.html,CDA Dubai,5,Social,Community Development Authority,Android
app_html/appagg-0158.html,Carteira Digital de Trânsito,500,Tools,Serviços e Informações do Brasil,Android
app_html/aptoide-0390.html,Amazing Spider Fight Hero Power man,3.3,ADVENTURE,Dker2020,Android
app_html/cnet-1503.html,: Sell Online,User Rating,Business Applications,Shopify,iOS
app_html/aptoide-0183.html,Tower Defense - War Strategy,4,STRATEGY,Bamgru,Android
app_html/apkpure-0125.html,Recorder,,MultimediaApplication,AZ Mobile Software,Android
app_html/appagg-0120.html,Real Estate & Rentals,5,Lifestyle,Z,Android
app_html/appbrain-0633.html,Paint Room Escape,4.82,Adventure,masasgames,Apps
app_html/cnet-0428.html,APK for,User Rating,Social Networking Software,Facebook,Android
app_html/appagg-0874.html,Flight Pilot Simulator 3D,417,Role Playing,Wildlife Studios,Android
app_html/appagg-0020.html,Jio,5,Productivity,Jio Platforms Limited,Android
app_html/aptoide-2486.html,Google Maps Go,4,Travel & Local,Google,Android
app_html/apkpure-1067.html,World of Peppa Pig: Kids Games,0,GameApplication,Find Your Fun,Android
app_html/apkpure-0813.html,Boyuna Tower,,Free Casual Game,The New Team Games,Android
app_html/appbrain-0031.html,Rolling Icon: App Icon Changer,4.34,Entertainment,DUC PHU THAI BUILDING AND INVESTMENT .JSC,Android
app_html/appagg-1397.html,Stupid Zombies,5,Arcade,GameResort,Android
app_html/appbrain-1532.html,GoSelfie,5,Photography,Must Have Apps SRL,Android
app_html/appagg-0570.html,": Funny GIF, Meme & Video",5,Entertainment,9GAG,Android
app_html/appbrain-1829.html,Bocchi the rock stickers,5,Social,Kircher,Android
app_html/cnet-0213.html,MOOD X : Motion Pictures for,User Rating,Entertainment Software,Mood TV,Android
app_html/aptoide-0691.html,Nonogram Jigsaw - Color Pixel,5,Puzzle,Albayoo,Android
app_html/apkpure-1349.html,SportEasy APK for Android Download,,SportsApplication,SportEasy,Android
app_html/cnet-0498.html,A APK for,User Rating,Social Networking Software,A4A Network,Android
app_html/apkpure-0443.html,Project Drift 2.0 : Online,8.9,GameApplication,By,Android
app_html/appbrain-1041.html,The Fast 800 for Android - Free App Download,5,Health & Fitness,Dr Michael Mosley,Apps
app_html/appbrain-0055.html,SMART UDP PRO,4.85,Tools,SecuredNet,Apps
app_html/apkpure-0336.html,Mole,,HomeApplication,"MKUL, Inc.",Android
app_html/appbrain-1518.html,Lovely Photo Frames,5,Photography,RamkumarApps,Apps
app_html/appagg-0305.html,KakaoTalk : Messenger,375,Communication,Kakao Corp.,Android
app_html/appagg-0663.html,Yahoo Weather,45,Weather,Yahoo,Android
app_html/cnet-0613.html,Pip,User Rating,Screensavers & Wallpaper,Minara,Android
app_html/aptoide-0381.html,Castle Mod for Minecraft,5,ADVENTURE,androappid,Android
app_html/cnet-0119.html,MSG Shabad-Vani for,User Rating,Educational,DSS IT Wing,Android
app_html/cnet-1009.html,Brawl Stars Animated Emojis for,User Rating,Chat,Supercell,iOS
app_html/cnet-1784.html,Minecraft for,User Rating,Games,Mojang,Android
app_html/apkpure-0743.html,KFC,5,Free Food & Drink App,KFC Germany,Android
app_html/aptoide-0947.html,Driving Simulator,5,Simulation,Altivasoft,Android
app_html/appbrain-1854.html,mixi2,4.89,Social,"MIXI, Inc.",Android
app_html/appbrain-1868.html,Kirtan Sohila Path,4.88,Social,Bit Art,Android
app_html/apkpure-1741.html,AUTODOC: buy car parts online,2,UtilitiesApplication,AUTODOC SE - Auto Parts Online Store,Android
app_html/apkpure-1269.html,T Shirt Design Maker – YoShirt,,DesignApplication,MaveenLabStudio,Android
app_html/apkpure-1710.html,GirlsConnect APK for Android Download,,Free Social App,GirlsConnect,Android
app_html/apkpure-1708.html,We Are Sunderland,,Free Sports App,Newsquest Media Group Ltd,Android
app_html/appagg-0890.html,OSM 24/25 Soccer Manager Game,5,Sports,Gamebasics BV,Android
app_html/appagg-0697.html,My e&,50,Productivity,e& Egypt,Android
app_html/appagg-1588.html,The Talos Principle 2,2,Action & Adventure,Devolver Digital,Games
app_html/appbrain-1756.html,#Rekt 420 MLG Fast Jump,5,Racing,Furfel,Android
app_html/appbrain-1543.html,Baby,4.92,Photography,Simply Entertaining Apps,Apps
app_html/cnet-0052.html,Mo,User Rating,Communications,Datafree Technologies,Android
app_html/appagg-0962.html,Candy Crush Friends Saga,54,Casual,King,Android
app_html/appagg-1360.html,Game,54,Word,Blackout Lab,Android
app_html/apkpure-0557.html,Marble Match,0,Free Casual Game,LeisureLab Studios,Android
app_html/cnet-1896.html,Windscribe VPN for,User Rating,FTP Software,Windscribe Limited,Mac
app_html/appbrain-1395.html,Emoji Love Theme +HOME,4.77,Art & Design,#NAME?,Android
app_html/aptoide-0640.html,Royal Kingdom,5,PUZZLE,"Dream Games, Ltd.",Android
app_html/apkpure-2257.html,Doodle Jump,9.7,GameApplication,Lima Sky LLC,Android
app_html/aptoide-1260.html,Bingo Pop Play Live Online,4.5,Board,Uken Games,Android
app_html/cnet-0306.html,Followers,User Rating,Entertainment Software,Ryhan Game,Android
app_html/cnet-0985.html,Quick,User Rating,Utilities & Tools,Phone Phreak Software,Android
app_html/appagg-2011.html,Zombie Road Rider,0,Action & Adventure,Devdan Games,Steam Games
app_html/appagg-0592.html,Calculator₊,5,Utilities,Impala Studios,Android
app_html/appbrain-0653.html,60,5,Educational,Opendream,Apps
app_html/aptoide-2310.html,BITCOIN Cloud Mining EASY 101,3,Business,DieselPunk,Android
app_html/appagg-0591.html,Google,50,Tools,Google LLC,Android
app_html/appbrain-1733.html,Civic Driving Games,4.71,Racing,Barbeque Games,Apps
app_html/appagg-0588.html,FaceApp: Perfect Face Editor,5,Photo & Video,FaceApp Technology Limited,Android
app_html/apkpure-0899.html,Dog,,EntertainmentApplication,Ai Apps SRL,Android
app_html/cnet-1586.html,Colloquy for,User Rating,Chat,Colloquy Project,Mac
app_html/aptoide-0865.html,Paper.io 2,4.2,Arcade,VOODOO Privacy Policy : http://www.voodoo.io Permissions : 19 Name : Paper.io 2,Android
app_html/appagg-0028.html,Facebook,44,Social Networking,"Meta Platforms, Inc.",Android
app_html/appbrain-1719.html,Spiral Race: Build and Run!,4.73,Racing,SamusevichGames,Apps
app_html/apkpure-0314.html,Krita,7.9,DesignApplication,Krita Foundation,Android
app_html/cnet-1715.html,DeltaGraph for,User Rating,Reference Software,Red Rock Software,Mac
app_html/appagg-1210.html,Call of Duty®: Modern Warfare®,54,Shooter,Activision,PlayStation Games
app_html/appbrain-1423.html,Pulsapedia - TV Voucher Murah,5,Shopping,PT. Khiran Kania Media,Android
app_html/appbrain-1032.html,Nirmala Vidya,5,Health & Fitness,Nirmala Vidya llc,Android
app_html/appbrain-1519.html,Maker & Channel Art,5,Photography,PICCHAT,Android
app_html/apkpure-1299.html,GG Game Space,,Free Entertainment App,G Mouse Pro,Android
app_html/cnet-1360.html,Generation,User Rating,Games,Konami Digital Entertainment,iOS
app_html/cnet-1391.html,Dual Messenger for WhatsA,User Rating,Social Networking Software,Vijay Hirpara,iOS
app_html/apkpure-0810.html,Game,0,Free Tools App,GFX- Fix Lag TOLAN 88,Android
app_html/appbrain-1194.html,Div,4.88,Maps & Navigation,"Lyft, Inc.",Apps
app_html/appagg-1944.html,Boris and the Dark Survival,3,Action & Adventure,Joey Drew Studios,Games
app_html/apkpure-0890.html,Labo Construction Truck-Kids,,GameApplication,"Labo Lado Co., Ltd.",Android
app_html/apkpure-2080.html,zly Creative Network & Jobs,,SocialNetworkingApplication,Biz Technologies LLC,Android
app_html/cnet-0732.html,Best Free VPN Proxy for Secure WiFi Hotspot for,User Rating,Security Software,SkyVPN,Android
app_html/apkpure-0377.html,All Invitation Card Maker App,,UtilitiesApplication,Fast Video Downloader & Story Saver - DevBay,Android
app_html/appbrain-0459.html,Wild Battle Arena Beast War,5,Action,Dexus Wild,Android
app_html/apkpure-0736.html,Dan The Man: Action Platformer,5,Action,Halfbrick Studios,Android
app_html/apkpure-1148.html,Geometry Dash Meltdown,8.6,Free Arcade Game,RobTop Games,Android
app_html/aptoide-0744.html,Zombie Tsunami,4.5,Arcade,Mobigame S.A.R.L.,Android
app_html/aptoide-0097.html,崩壞3rd,4,ACTION,COGNOSPHERE PTE. LTD.,Android
app_html/appbrain-0149.html,Google Play services,4.26,Tools,Google LLC,Android
app_html/appbrain-0203.html,: Music and Podcasts,4.31,Music & Audio,SPOT,Apps
app_html/aptoide-0779.html,Stack Ball - Crash Platforms,4.65,Arcade,AI GAMES FZ,Android
app_html/appagg-0906.html,New Star Games,395,New,Five Aces Publishing Ltd.,Android
app_html/apkpure-0196.html,Soccer Games: Soccer Stars,2,GameApplication,Miniclip.com,Android
app_html/aptoide-0128.html,Talking Tom Hero Dash,4.3,ACTION,Outfit7 Limited,Android
app_html/aptoide-0614.html,Match Masters,4.4,Puzzle,Candivore,Android
app_html/appagg-0166.html,Twitch: Live Streaming,441,Entertainment,"Twitch Interactive, Inc.",Android
app_html/aptoide-0253.html,Kingdom Guard Tower Defense TD,3.8,STRATEGY,cpp,Android
app_html/apkpure-1413.html,Perfectme: AI Photo Enhancer,,LifestyleApplication,LevaiX Lab,Android
app_html/apkpure-2214.html,Accounting App - Zoho Books,,BusinessApplication,Zoho Corporation,Android
app_html/aptoide-1919.html,VidMix,4.9,MEDIA & VIDEO,jakey zhou,Android
app_html/apkpure-2045.html,MX Player,4,MultimediaApplication,Amazon India.,Android
app_html/appagg-1582.html,ARK: Survival Evolved,0,Action & Adventure,Snail Games USA,Games
app_html/appagg-0634.html,"Food, Delivery & Reviews",45,Food & Drink,Yelp,Android
app_html/apkpure-0292.html,Soccer Star,3,Sports,Viva Games Studios,Android
app_html/cnet-1091.html,Dancing Monkey Stickers for,User Rating,Chat,Phuong Ho,iOS
app_html/cnet-2278.html,WPS,User Rating,Maps,Tension Software,Mac
app_html/aptoide-0612.html,Zen Tile - Relaxing Match,4,Puzzle,Albayoo,Android
app_html/apkpure-1491.html,Widgetable Besties & Couples,7.7,SocialNetworkingApplication,Happeny Technology Pte. Ltd.,Android
app_html/apkpure-0028.html,IK AI Photo & Video Editor,8.6,DesignApplication,SNOW Corporation,Android
app_html/aptoide-0267.html,METAL SLUG DEFENSE,4.5,STRATEGY,SNK PLAYMORE,Android
app_html/appagg-1708.html,Union of Gnomes,4,Action & Adventure,HeroCraft PC,Games
app_html/cnet-0233.html,APK,User Rating,Entertainment Software,Castle Team,Android
app_html/apkpure-1044.html,Mod Motor Drag Full Modif,,UtilitiesApplication,Mobile logy,Android
app_html/appbrain-1303.html,Mehndi Designs Offline,4.91,Art & Design,Wiki Tech,Apps
app_html/cnet-1811.html,2,User Rating,Simulation,SCS Software,Mac
app_html/aptoide-2237.html,Intune Company Portal,4,Business,Microsoft Corporation,Android
app_html/apkpure-1896.html,Icon Group,,Free Events App,Lot,Android
app_html/cnet-2204.html,AdBlock One for,User Rating,Popup Blocker Software,Trend Micro,Mac
app_html/aptoide-2253.html,PDF Scanner,5,Business,bhagattv@gmail.com,Android
app_html/aptoide-1357.html,Musical Pad,3.8,Music,Luca,Android
app_html/aptoide-1360.html,Green Magic Tiles 3,3.5,Music,Ama Zonz,Android
app_html/apkpure-1253.html,HybridAF,,Free Health & Fitness App,True IP Solutions,Android
app_html/appagg-0951.html,Drift Max Pro Car,417,Racing,Tiramisu,Android
app_html/cnet-2124.html,for,User Rating,Screensavers & Wallpaper,ColorfulSidebar,Mac
app_html/aptoide-1250.html,Roulette,-,Casino,DroidVeda LLP,Android
app_html/aptoide-1687.html,Guide for Whatsapp Messenger,1,SOCIAL,AliDeals,Android
app_html/appbrain-0000.html,Offroad League Online,4.54,Racing,Rooster Games,Android
app_html/appbrain-0818.html,Kamus Pro Malay-English Dict,5,Books & Reference,The Name Technology Sdn. Bhd.,Apps
app_html/aptoide-0434.html,Comes Again Alive Mod for MCPE,4,ADVENTURE,Seven,Android
app_html/appagg-0989.html,CarX Highway,50,Racing,CarX Technologies,Android
app_html/appbrain-0017.html,Simulator 3D,4.08,Simulation,JLabs Games,Apps
app_html/apkpure-0762.html,& Player,,Free Video Players & Editors App,Blockbuster Appclube,Android
app_html/apkpure-0493.html,Google Earth,8.7,Free Travel & Local App,Google LLC,Android
app_html/appbrain-1300.html,Pop Popsicles Theme,4.87,Art & Design,#NAME?,Android
app_html/appagg-1972.html,Reunionbysat,4,News,Christophe Georget,Android
app_html/appagg-0125.html,Google Maps,5,Navigation,Google,Android
app_html/cnet-0077.html,Live Mobile Number Tracker for,User Rating,Chat,Zinn App Studio,Android
app_html/appbrain-0895.html,#NAME?,5,Entertainment,Jeja.pl,Android
app_html/appagg-0075.html,Microsoft Outlook,345,Productivity,Microsoft Corporation,Android
app_html/cnet-1370.html,Battle Of Chepauk 2 for,User Rating,Sports Games,NextWave Multimedia,iOS
app_html/apkpure-0902.html,Women,0,HealthApplication,Leap Fitness Group,Android
app_html/appbrain-0519.html,1,4.82,Action,Secret,Apps
app_html/cnet-1080.html,Independence Day Emojis for,User Rating,Chat,Ashley Cole,iOS
app_html/aptoide-0227.html,Games,-,Games,HUYMCTGI,Android
app_html/appagg-1761.html,Race To Sanity,0,Action & Adventure,Sinned Games,Steam Games
app_html/appbrain-2007.html,Hockey,5,Sports,SpeedyMarks,Apps
app_html/cnet-1411.html,Ti,User Rating,Social Networking Software,Andi Muco,iOS
app_html/cnet-1579.html,Callboy for,User Rating,Calendar & Time Management Software,Bureau Q GmbH Business Event Solutions,iOS
app_html/aptoide-1981.html,Gboard - the Google Keyboard,4.3,Tools,Google Inc.,Android
app_html/aptoide-1111.html,Симулятор машины Лада в городе,-,Racing,SBlazer,Android
app_html/apkpure-1529.html,EVENTIM APK for Android Download,,UtilitiesApplication,CTS,Android
app_html/apkpure-0079.html,Prayers for everyday. Devotion,,EducationalApplication,Zinnwaldite Tuxedo,Android
app_html/appbrain-0029.html,LED Running Text - LED Banner,4.59,Tools,Infinity Technologies Global,Android
app_html/apkpure-1469.html,Gangstar Vegas: World of Crime,3,GameApplication,Gameloft SE,Android
app_html/appagg-1208.html,bbu – My Virtual Pet Cat,395,Casual,Bubadu,Android
app_html/appbrain-1456.html,Bigmais,5,Shopping,Regex Solutions,Apps
app_html/apkpure-0935.html,Wikipedia,4,EducationalApplication,Wikimedia Foundation,Android
app_html/appbrain-1498.html,Waterfall photo editor frames,5,Photography,Voolen Studios Pvt Ltd,Apps
app_html/appagg-1768.html,Call of the Sea,3,Action & Adventure,Raw Fury,Games
app_html/cnet-1259.html,Lincoln Play for,User Rating,Entertainment Software,Lincoln Motor Company Inc.,iOS
app_html/aptoide-2441.html,Credit Card Payoff,4.2,Finance,TSoftOne,Android
app_html/appagg-1594.html,Tactical Breach Wizards,0,Action & Adventure,Suspicious Developments,Games
app_html/aptoide-0370.html,Granny Grandpa House Horror,3,ADVENTURE,Sync Games,Android
app_html/cnet-0913.html,Free VPN APK for,User Rating,Utilities & Tools,Emoji Studio -,Android
app_html/appbrain-1942.html,Betting,5,Sports,Uber Applications,Android
app_html/appbrain-0121.html,Ludo Party : Dice Board Game,4.36,Board,Miniclip.com,Android
app_html/apkpure-1982.html,Pet Rescue Saga,2,GameApplication,King,Android
app_html/appagg-1584.html,2064: Read Only Memories INTEGRAL,0,Action & Adventure,Chorus Worldwide Games,Nintendo Games
app_html/appbrain-1629.html,Ultimate Photo Blender / Mixer,4.84,Photography,Iris Studios and Services,Apps
app_html/appbrain-0428.html,Air Shooter: Girl Got Gun,4.9,Action,Vira Games Inc.,Android
app_html/cnet-1196.html,Tubi TV - Watch Movies & TV Shows for,User Rating,Entertainment Software,adRise,iOS
app_html/cnet-2243.html,VPN Unlimited for,User Rating,Security Software,KeepSolid,Mac
app_html/appagg-0295.html,Akulaku —Online Shopping,5,Shopping,PT. Akulaku Silvrr Indonesia,Android
app_html/apkpure-1078.html,Benime Whiteboard Video Maker,5,Free Art & Design App,Benzveen,Android
app_html/appagg-1459.html,Bomb,0,Classics,Lozange Lab,Games
app_html/apkpure-1721.html,Colors & Shapes: Coloring game,0,GameApplication,RV AppStudios,Android
app_html/appagg-1145.html,Word Connect,395,Word,ZenLife Games Ltd,Android
app_html/appagg-0034.html,Rakuten Viber Messenger,5,Communication,Viber Media,Android
app_html/appbrain-0622.html,Can you escape Hidden Ryokan,4.83,Adventure,ArtDigic,Android
app_html/apkpure-0598.html,Activ,,Free Productivity App,Bundesamt für Zoll und Grenzsicherheit BAZG,Android
app_html/cnet-2153.html,Sunset ScreenSaver for,User Rating,Screensavers,Onemac.net,Mac
app_html/aptoide-0210.html,Camelot,4,STRATEGY,CAMELOT,Android
app_html/appbrain-0800.html,Tamil Bible Rc (Offline),5,Books & Reference,Startappsolution,Android
app_html/cnet-0773.html,WinSpyMobile Mobile Spy and PC Spy for,User Rating,Parental Control,Solaris IT Solutions,Android
app_html/aptoide-1630.html,Zello PTT Walkie Talkie,4.5,COMMUNICATION,Ze,Android
app_html/appagg-0474.html,#NAME?,0,Tools,VPNIFY,Android
app_html/appagg-1549.html,New Tales from the Borderlands,0,Action & Adventure,Take-Two Interactive,Games
app_html/aptoide-0268.html,Arma Tactics,4.5,STRATEGY,Witching Hour Studios,Android
app_html/aptoide-0117.html,Vice Island Crime Auto,-,ACTION,survivalgamesmobile,Android
app_html/appbrain-0533.html,Stickman Fun Club Obby Parkour,4.88,Action,anrum.com,Apps
app_html/apkpure-0475.html,&E TV Shows That Matter,5,EntertainmentApplication,A+E Global Media,Android
app_html/cnet-1467.html,"Tagged - Meet New People, Chat, Flirt and Match for",User Rating,Social Networking Software,Tagged,iOS
app_html/appagg-0693.html,Freecharge UPI & Bill Payments,0,Finance,Freecharge - An Axis Bank Subsidiary,Android
app_html/appbrain-1199.html,A & B Taxi for Android - Free App Download,4.91,Maps & Navigation,A & B Taxi,Android
app_html/cnet-1409.html,Hornet - The Gay Social Network for,User Rating,Social Networking Software,Hornet Networks Limited,iOS
app_html/apkpure-0530.html,Beauty,,Free Beauty App,Beauty Care Iraq,Android
app_html/appagg-1964.html,Toasterball,2,Other,Les Crafteurs,Games
app_html/apkpure-0104.html,mom,,EducationalApplication,для мам и пап Dmitrii Chetovanov,Android
app_html/cnet-1888.html,for,User Rating,P2P & File-Sharing Software,BitTorrent,Android
app_html/appagg-0744.html,Geometry,5,Arcade,RobTop Games,Android
app_html/appagg-1634.html,Remo - Photo Cleaner,5,New,Cedric Fonsat,Android
app_html/appbrain-1693.html,E500 Mercedes: City & Parking,4.8,Racing,"Cars Simulator: Racing, Parking, Drag & Drift",Android
app_html/appagg-1611.html,Roll The Cat,0,Other,LeJunesArt,Games
app_html/appbrain-0262.html,My Talking,4.24,Casual,7,Apps
app_html/appbrain-0966.html,Builder,5,Entertainment,adlahas,Apps
app_html/aptoide-2380.html,Ma Banque,4.1,Finance,Toshl Inc.,Android
app_html/apkpure-0893.html,Soctrip,,SocialNetworkingApplication,HAHALOLO of USA Social Network and Travel Inc.,Android
app_html/appbrain-0702.html,My Tizi Town Daycare Baby Game,4.87,Educational,Tizi Town Games,Android
app_html/apkpure-0308.html,Lime,3.6,TravelApplication,"Neutron Holdings, Inc.",Android
app_html/appbrain-0235.html,Cleaner,4.55,Tools,Xiaomi Inc.,Android
app_html/appbrain-1220.html,Parking Spot,4.82,Maps & Navigation,TPS Parking Management LLC,Apps
app_html/appagg-1440.html,Spirit of the Island,1,Action & Adventure,META Publishing,Steam Games
app_html/cnet-1971.html,Office 2024 for,User Rating,Office Suites,Microsoft,Mac
app_html/apkpure-0657.html,المصحف المعلم,,Free Parenting App,Al-Maher,Android
app_html/appagg-0940.html,RAID: Shadow Legends,4.6,#NAME?,Plarium Global Ltd,Android
app_html/appbrain-1372.html,Stylish Theme Galaxy Butterfly,4.79,Art & Design,#NAME?,Android
app_html/cnet-2014.html,Office 2019 for,User Rating,Office Suites,Microsoft,Mac
app_html/appagg-0266.html,"Max: Stream HBO, TV, & Movies",5,Entertainment,"WarnerMedia Global Digital Services, LLC",Android
app_html/appbrain-1370.html,HD Wallpapers,4.77,Art & Design,Leo messi,Apps
app_html/apkpure-0912.html,Infinite,1,DesignApplication,Infinite Studio LLC,Android
app_html/cnet-0764.html,NetAddictMobile APK for,User Rating,Control,NetaddictSoft,Android
app_html/appagg-1552.html,Ramp Bike Jumping,0,Action & Adventure,BoomBit Games,Nintendo Games
app_html/aptoide-1240.html,#NAME?,-,Casino,RWdesenv,Android
app_html/appagg-0210.html,Akinator,375,Entertainment,Elokence SAS,Android
app_html/aptoide-2467.html,ABB - Mobile,5,Finance,IBAR,Android
app_html/appagg-0291.html,TeraBox: 1TB Cloud & AI Space,50,Tools,Flextech Inc.,Android
app_html/appbrain-1815.html,Naara E Haider,5,Social,iLogcreations,Android
app_html/apkpure-0087.html,tower :stack games,,Free Casual Game,ja,Android
app_html/appbrain-0869.html,English Portuguese Dictionary,5,Books & Reference,"Inbook Co., Ltd.",Apps
app_html/apkpure-0271.html,", Great",1,GameApplication,TapBlaze,Android
app_html/appbrain-0276.html,EasyShare,4.65,Tools,PT vivo mobile Indonesia,Apps
app_html/aptoide-1017.html,Race the Traffic,4,Racing,Play365,Android
app_html/appagg-0528.html,Naukri - Job Search App,5,Business,infoedge.com,Android
app_html/apkpure-0051.html,Cat,,Free Travel & Local App,Cathay Pacific Airways Ltd,Android
app_html/apkpure-0559.html,Weather,0,Free Weather App,ColorOS,Android
app_html/apkpure-0939.html,Baby Sleep & Parenting,,EducationalApplication,Napper,Android
app_html/aptoide-1917.html,AnyVid - HD Video Download,1,MEDIA & VIDEO,AmoyShare,Android
app_html/aptoide-0283.html,Alien Creeps TD,4.4,STRATEGY,Outplay Entertainment Ltd,Android
app_html/cnet-0328.html,Dragon Ball Z : Shin Budokai 2,User Rating,Action Games,APKFlash Uploader,Android
app_html/aptoide-1048.html,Simulator,5,Racing,foosegames,Android
app_html/aptoide-0675.html,!,-,Puzzle,Agave Games,Android
app_html/apkpure-2054.html,Lj Video Downloader,0,MultimediaApplication,Leav Jenn,Android
app_html/cnet-0932.html,Drongscreen APK for,User Rating,Utilities & Tools,APKFlash Uploader,Android
app_html/appagg-0975.html,Game,54,Word,Panda Daily Puzzles,Android
app_html/cnet-2220.html,Free Antivirus for,User Rating,Antivirus Software,Anti,Mac
app_html/apkpure-1055.html,Woola APK for Android Download,,DesignApplication,XL Mobile,Android
app_html/cnet-1684.html,Matlab for,User Rating,Reference Software,The MathWorks,Mac
app_html/cnet-0046.html,Howdy Trojan VPN APK for,User Rating,Communications,TheHoster,Android
app_html/apkpure-0820.html,Pixel Car Racer,4,GameApplication,Pixel Car Racer Studio Furukawa,Android
app_html/appbrain-0045.html,Property Brothers Home Design,4.58,Simulation,Storm8 Studios,Android
app_html/apkpure-0009.html,MooneyGo (myCicero),,TravelApplication,myCicero Srl,Android
app_html/apkpure-0785.html,YTV,4,Free Video Players & Editors App,AFTVnews,Android
app_html/appbrain-0557.html,Jigoman,4.91,Adventure,Gurami Mamaladze,Apps
app_html/aptoide-1645.html,"BiP - Messenger, Video Call",4.2,SOCIAL,Turkcell,Android
app_html/aptoide-2277.html,#NAME?,3.8,Business,Five,Android
app_html/aptoide-1717.html,"Email, Cloud, Calendar",4.2,COMMUNICATION,Mail.Ru Group,Android
app_html/appbrain-1035.html,Meditaciones guiadas y yoga,5,Health & Fitness,CreativeCodeApps,Apps
app_html/appbrain-0071.html,"Save Money: Budget, Expense",4.58,Tools,Now Developer,Apps
app_html/appbrain-0206.html,Telegram,4.15,Communication,Telegram FZ-LLC,Apps
app_html/aptoide-2180.html,Movies & TV,3.9,Entertainment,IMDb,Android
app_html/cnet-1814.html,City,User Rating,Simulation,Electronic Arts,Mac
app_html/cnet-2221.html,(,User Rating,Password Managers,iToolab,Android
app_html/cnet-0171.html,Solar Panel and UPS Guide in,User Rating,Reference Software,Malik Developer,Android
app_html/aptoide-0735.html,Subway escape casual surfers,2.7,Arcade,felinalab98@gmail.com,Android
app_html/apkpure-2025.html,Car Simulator 2,1,GameApplication,OppanaGames FZC LLC,Android
app_html/aptoide-0509.html,Penalty Shootout,-,SPORTS GAMES,Alper Arabacı,Android
app_html/aptoide-0420.html,Nerd Craft 2 addon for MCPE,3.9,ADVENTURE,Максим,Android
app_html/aptoide-1822.html,Gmail,3.29,COMMUNICATION,Google LLC,Android
app_html/appbrain-0989.html,Skyfit,5,Health & Fitness,W12 EVO,Android
app_html/appbrain-0773.html,Vlad,4.76,Educational,Hippo Kids Games,Android
app_html/appbrain-0886.html,Cat Motchi Stickers en37,00,Entertainment,ArtsPlanet,Android
app_html/appbrain-0696.html,DLR Cube Rotate,5,Educational,Mincho Kolev,Apps
app_html/aptoide-0519.html,Golf Rival - Multiplayer Game,3.6,SPORTS GAMES,Pool Games Studio,Android
app_html/apkpure-2107.html,D,0,Free Sports App,DFL Deutsche Fußball Liga GmbH,Android
app_html/cnet-1822.html,Trackline Express for,User Rating,Strategy Games,Bubblebird Studio,Mac
app_html/apkpure-0312.html,Wrestling Revolution 3D,2,GameApplication,MDickie,Android
app_html/apkpure-1151.html,Nutrium,,HealthApplication,"Healthium - Healthcare Software Solutions, SA",Android
app_html/appagg-1653.html,Serious Sam: Kamikaze Attack!,4,Action & Adventure,Devolver Digital,Steam Games
app_html/apkpure-1158.html,World of Cricket :Championship,2,GameApplication,AppOn Innovate,Android
app_html/appagg-0297.html,WiFi Master: WiFi Auto Connect,375,Tools,LINKSURE NETWORK HOLDING,Android
app_html/appbrain-0806.html,Psaltirea proorocului David,5,Books & Reference,Valer BOCAN,Apps
app_html/appbrain-1555.html,Women Long,5,Photography,sknapps,Apps
app_html/aptoide-0786.html,Geometry Dash Lite,4,Arcade,RobTop Games,Android
app_html/aptoide-0413.html,OZY In Mario World,3.1,ADVENTURE,ODVgroup,Android
app_html/aptoide-2084.html,Certificate Manager,4,Tools,JoshTheMan,Android
app_html/aptoide-1413.html,Savage Love - BTS Piano Tiles,-,Music,RC Official,Android
app_html/apkpure-2059.html,Hapunan Horror Game,4,GameApplication,2002 Studio,Android
app_html/apkpure-2049.html,Microsoft OneDrive,3,UtilitiesApplication,Microsoft Corporation,Android
app_html/cnet-0902.html,Sensi x FF APK for,User Rating,Utilities & Tools,Dourado Studios,Android
app_html/appagg-1519.html,MeteoPace,1,Health & Fitness,Philip Richardson,Android
app_html/appbrain-0581.html,BAD END THEATER,4.87,Adventure,NomnomNami,Apps
app_html/appagg-0062.html,Google Meet,435,Communication,Google LLC,Android
app_html/cnet-1816.html,Darkness,User Rating,Strategy,Blizzard Demo,Mac
app_html/aptoide-1146.html,VR Traffic Car Simulator,1,Racing,Endless Car,Android
app_html/cnet-0724.html,OI Safe APK for,User Rating,Encryption Software,OpenIntents,Android
app_html/aptoide-1686.html,SMS,3,SOCIAL,Jignesh,Android
app_html/cnet-0153.html,Karin's Weight Diary for,User Rating,Educational,Daily anime news,Android
app_html/aptoide-1390.html,Stars!!,5,Music,Happy Elements,Android
app_html/cnet-0384.html,Terraria APK for,User Rating,Adventure Games,505 Games Srl,Android
app_html/cnet-2056.html,Apple iWork for,User Rating,Office Suites,Apple,Mac
app_html/appagg-0718.html,Roblox,5,Action,Roblox Corporation,Games
app_html/cnet-1521.html,Miter Calculator for,User Rating,Productivity Software,Snappy Appz,iOS
app_html/cnet-0904.html,Janitor AI APK for,User Rating,Utilities & Tools,GPT DEV,Android
app_html/apkpure-2103.html,AI Cartoon Generator-Art Maker,,DesignApplication,Rstream Labs,Android
app_html/aptoide-2366.html,#NAME?,4.1,Finance,Bitcoin,Android
app_html/aptoide-1642.html,Dolphin Zero Incognito Browser,4.5,SOCIAL,Dolphin,Android
app_html/cnet-1374.html,Editor - Unlocked Skin and Mod Game,User Rating,Games,Duy Khanh,iOS
app_html/appagg-1616.html,Howling Village: Echoes,0,Action & Adventure,"Churapps Co.,Ltd.",Steam Games
app_html/aptoide-1006.html,City Island 5 - Building Sim,4.6,Simulation,City Building Games,Android
app_html/cnet-0741.html,AMC Security APK for,User Rating,Security Software,IObit,Android
app_html/appbrain-0300.html,Aurum,5,Business,Creative Labs LK,Apps
app_html/apkpure-1618.html,Squad Busters,1,GameApplication,Super,Android
app_html/cnet-1232.html,KING365TV for,User Rating,Entertainment Software,Kamel Zakaria ALIMAZIGHI,iOS
app_html/appbrain-1666.html,Lamb Escape: Jam Animal Farm,4.91,Racing,EasyFun Puzzle Game Studio,Android
app_html/appbrain-0141.html,Movie Trailers,4.08,Entertainment,PBL Orange,Android
app_html/apkpure-2258.html,CarWebGuru,0,UtilitiesApplication,Car Launcher,Android
app_html/cnet-1591.html,Apple Messages for,User Rating,Chat,Apple,Mac
app_html/appagg-0950.html,Payback 2 - The Battle Sandbox,5,Arcade,Apex Designs Games LLP,Android
app_html/aptoide-1144.html,Thomas & Friends,4.5,Racing,Thomas Budge Studios,Android
app_html/appbrain-1057.html,Daily Motivational Quotes,5,Health & Fitness,IT Solutions Hub,Apps
app_html/appbrain-1896.html,EonNet Community,4.83,Social,Syscom Entertainment & Leisure Limited,Apps
app_html/aptoide-0054.html,Shooting,4.2,ACTION,divmob games,Android
app_html/aptoide-1015.html,FR LEGENDS,4.3,Racing,TWIN TURBO GAMES,Android
app_html/cnet-1515.html,PayPig for,User Rating,Business Applications,Westpac Banking Corporation,iOS
app_html/cnet-0867.html,myPAL Player for,User Rating,City Guides,Zodiac Inflight Innovations,Android
app_html/appagg-0278.html,"－Buy, Sell Tickets",375,Entertainment,Ticketmaster,Android
app_html/cnet-1197.html,#NAME?,User Rating,Entertainment Software,Crackle,iOS
app_html/cnet-1430.html,Live Video Chat Japan for,User Rating,Social Networking Software,YUTAKA HORIUCHI,iOS
app_html/appbrain-1998.html,EntrenaAPP-Personal Trainer,5,Sports,carlos10medina,Android
app_html/apkpure-0620.html,Growth - Dieta e Treino,,HealthApplication,Growth Supplements,Android
app_html/apkpure-0999.html,NPT SafeKids,,EducationalApplication,VNPT Group,Android
app_html/aptoide-1065.html,15,3.6,Racing,Parrot SA,Android
app_html/aptoide-1138.html,Dr. Parking,4.17,Racing,SUD Inc.,Android
app_html/apkpure-0617.html,Slice It All!,7.6,Free Action Game,Slice It All!,Android
app_html/appbrain-0521.html,TERASENE The Light of Her Life,4.8,Action,SleepingMuseum,Android
app_html/appbrain-0308.html,Wiom: Affordable Hi-Speed WiFi,5,Tools,सपनों से ज्यादा इंटरनेट,Android
app_html/apkpure-1226.html,Car Driving Online,9.6,GameApplication,Maleo,Android
app_html/cnet-1383.html,14,User Rating,Simulation,GIANTS Software,iOS
app_html/appagg-1052.html,Flow Free,395,Puzzle,Big Duck Games LLC,Android
app_html/cnet-1898.html,Apple Configurator for,User Rating,Software,Apple,Mac
app_html/appbrain-1136.html,PinnAR,5,Maps & Navigation,micware,Android
app_html/aptoide-0516.html,Elifoot 98,4.18,SPORTS GAMES,Elidreams,Android
app_html/aptoide-0977.html,Ice Cream Fever Cooking Game,-,Simulation,magic game studio,Android
app_html/appbrain-0147.html,Pop,3.54,Simulation,CDT Puzzle Games,Android
app_html/apkpure-0791.html,ARTA: AI Art & Photo Generator,4,DesignApplication,AIBY Inc.,Android
app_html/appbrain-1352.html,Add text on photo,4.78,Art & Design,alpaca,Apps
app_html/cnet-1918.html,US Video Downloader for,User Rating,Download Managers,EaseUS,Mac
app_html/appbrain-0183.html,Android System Intelligence,3.88,Tools,Google LLC,Android
app_html/appagg-1716.html,Baba Is You,4,Other,Hempuli Oy,Games
app_html/appagg-1803.html,The Moon Relax,0,Action & Adventure,VikTor,Steam Games
app_html/aptoide-1895.html,IPTV,5,MEDIA & VIDEO,Iptvbin,Android
app_html/appbrain-0756.html,'s Child,5,Educational,Absolutist Ltd,Android
app_html/appagg-1095.html,Run Race 3D — Fun Parkour Game,4.4,Sports,CASUAL AZUR GAMES,Android
app_html/aptoide-0228.html,Avatar Realms Collide,-,STRATEGY,Tilting Point,Android
app_html/appbrain-0376.html,LUDUS - Мерж Арена PvP,5,Strategy,"LLC ""Smart Telecom",Apps
app_html/aptoide-1479.html,Plague Inc.,4.2,Simulation,Miniclip.com,Android
app_html/aptoide-1038.html,Drag Rivals 3D Fast Cars & Street Battle Racing,3.5,Racing,T-Bull,Android
app_html/appagg-1506.html,"SOL CRESTA ""Legendary Fighters"" DLC Set",0,Other,PlatinumGames,Nintendo Games
app_html/cnet-1891.html,Free Video Downloader for,User Rating,Download Managers,Downloader43,Mac
app_html/appagg-0133.html,Uber Eats: Food Delivery,50,Food & Drink,"Uber Technologies, Inc.",Android
app_html/apkpure-0067.html,Food Delivery,4,ShoppingApplication,Grubhub,Android
app_html/cnet-0740.html,APK for,User Rating,Security Software,Revenssis,Android
app_html/apkpure-0492.html,Snake Clash!,4,GameApplication,"Supercent, Inc.",Android
app_html/aptoide-0262.html,Games,5,STRATEGY,Tap 2 Simulate - Wild Animals Simulators,Android
app_html/appagg-1181.html,Blockudoku®: Block,4.3,Puzzle,Easybrain,Android
app_html/appagg-1523.html,El Hijo - A Wild West Tale,0,Action & Adventure,HandyGames,Nintendo Games
app_html/apkpure-1000.html,SnackVideo,9.6,Free Video Players & Editors App,Joyo Technology Pte. Ltd.,Android
app_html/appbrain-1329.html,T Shirt Design - T Shirts Art,4.94,Art & Design,-,Android
app_html/appbrain-1992.html,The Fantasy Footballers for Android - Free App Download,4.97,Sports,Fantasy,Apps
app_html/appagg-0172.html,Pinterest (by Pinterest) - (iOS Apps) — AppAgg,5,Lifestyle,Pinterest,Android
app_html/cnet-0124.html,#NAME?,User Rating,Educational,Kazi Apps,Android
app_html/cnet-1082.html,Hijab Muslimah Stickers for,User Rating,Chat,Faissal Frith,iOS
app_html/appbrain-1347.html,Magic,4.83,Art & Design,Meta Sol,Android
app_html/cnet-0567.html,JazzCash for,User Rating,Business Applications,Mobilink Pakistan,Android
app_html/cnet-0539.html,ST Selfcare APK for,User Rating,Productivity Software,Syrian telecom,Android
app_html/cnet-1616.html,Five Nights at Freddy's,User Rating,Action Games,Taaryn,Mac
app_html/cnet-0711.html,Applock&Vault -,User Rating,Security Software,Alibaba,Android
app_html/cnet-1444.html,WebChat - Chat,User Rating,Social Networking Software,Claudio Santonastaso,iOS
app_html/aptoide-2031.html,"Adblock Browser, Video & Torrent Downloader",4.6,Tools,Vicky Bonick,Android
app_html/aptoide-1338.html,Pocoyo Tap Tap Dance,-,Music,Knexis,Android
app_html/apkpure-0489.html,Windy.com - Weather Forecast,1,UtilitiesApplication,Windyty SE,Android
app_html/appbrain-0570.html,Simulator Perang Sarung 3D,4.88,Adventure,LemauDev,Android
app_html/aptoide-1212.html,Dlilek Mlak - دليلك ملك,5,Casino,pickurAPPS,Android
app_html/apkpure-0233.html,Smart Traveller,,TravelApplication,Arrture Group Limited,Android
app_html/cnet-1113.html,AutoZoners for,User Rating,Health & Fitness Software,SIMPLE,iOS
app_html/appbrain-1465.html,Golden Discount for Android - Free App Download,5,Shopping,Golden Discount,Android
app_html/aptoide-0848.html,Alien,5,Arcade,Idle Space,Android
app_html/appbrain-1458.html,jualBuy for Android - Free App Download,5,Shopping,by,Apps
app_html/appagg-0371.html,Boo: Dating. Friends. Chat.,0,Dating,"Boo Enterprises, Inc.",Android
app_html/cnet-0605.html,Launcher - iPhone Themes APK for,User Rating,Screensavers & Wallpaper,Ios Launcher,Android
app_html/appagg-1180.html,Snake .io Games,4.3,Action,Kooapps Games | Fun Arcade and Casual Action Games,Android
app_html/aptoide-1220.html,Tipico Classic,5,Casino,Thomas Louis,Android
app_html/cnet-1253.html,ClipClaps for,User Rating,Entertainment Software,GRAND CHANNEL ENTERTAINMENT,iOS
app_html/appbrain-1508.html,Background Remover - Bg Eraser,5,Photography,Rosy Apps Studio,Android
app_html/appbrain-1828.html,FCPM,.,Social,Alrayes,Android
app_html/cnet-2063.html,Cash Register for,User Rating,Software,99 Animations,Mac
app_html/appbrain-1103.html,"Buttocks Workout - Hips, Butt",4.92,Health & Fitness,Leap Fitness Group,Android
app_html/appagg-0901.html,Soccer Games: Soccer Stars,5,Sports,Miniclip.com,Android
app_html/appbrain-0634.html,Peek a Phone - Detective Game,4.8,Adventure,"FaintLines, Inc.",Apps
app_html/appbrain-1082.html,AppBrain,,,,Android
app_html/aptoide-0238.html,Castle Crush：Epic Battle,4.3,STRATEGY,Fun Games For Free,Android
app_html/appagg-0141.html,Microsoft OneDrive,49,Productivity,Microsoft Corporation,Android
app_html/cnet-1284.html,illumiShine for,User Rating,Entertainment Software,Oregon Scientific,iOS
app_html/appagg-1212.html,Forge of,395,Strategy,InnoGames GmbH,Android
app_html/cnet-0133.html,Star Sports Live,User Rating,Educational,Padariya Developer,Android
app_html/apkpure-1946.html,Zuu Courier,,ShoppingApplication,Zuu Delivery,Android
app_html/aptoide-0202.html,Defense King,4.26,STRATEGY,Tower,Android
app_html/cnet-0587.html,Big,User Rating,Productivity Software,Chicago Logic,Android
app_html/appagg-1013.html,Pokémon UNITE,50,Action,The Pokémon Company,Android
app_html/appagg-0594.html,Remind: School Communication,54,Education,ParentSquare,Apps
app_html/cnet-0802.html,Boat,User Rating,Maps,Navico GoFree,Android
app_html/apkpure-2193.html,Food Driver,0,Free Travel & Local App,Shopee,Android
app_html/appagg-0243.html,Android Accessibility Suite,375,Tools,Google LLC,Android
app_html/cnet-1619.html,Resident Evil 4 for,User Rating,Action Games,Capcom,Mac
app_html/aptoide-1164.html,Burger Win Slots,-,Casino,power creations,Android
app_html/appbrain-0226.html,Google Assistant,4.29,Tools,Google LLC,Android
app_html/apkpure-1180.html,Warehouse App,,Free Productivity App,Segari,Android
app_html/appagg-0247.html,Recognition & Synthesis,375,Speech Recognition & Synthesis,Google LLC,Android
app_html/appbrain-0075.html,Master Cleaner : Phone Clean,4.28,Tools,Aynan Club,Apps
app_html/apkpure-2018.html,5,,UtilitiesApplication,Joyn experiences Inc,Android
app_html/aptoide-1703.html,Дія,2,SOCIAL,Ministry of Digital Transformation of Ukraine,Android
app_html/appagg-1273.html,RPG Toram Online - MMORPG,395,Role Playing,"Asobimo, Inc.",Android
app_html/aptoide-1742.html,Google Messages,3.9,COMMUNICATION,Google Inc.,Android
app_html/apkpure-0663.html,Coffin Nails - Nail Art,,LifestyleApplication,Zhenkolist,Android
app_html/apkpure-1621.html,Pomodoro Productivity Timer,,UtilitiesApplication,Riafy Technologies,Android
app_html/aptoide-1786.html,Browser,4.38,COMMUNICATION,SK0RPI0NHD,Android
app_html/apkpure-1903.html,Hudl,,Free Sports,Agile Sports,Android
app_html/apkpure-0119.html,Shift Work Calendar (FlexR),,UtilitiesApplication,Klwinkel.com,Android
app_html/appagg-1231.html,Paper Fold,54,Puzzle,CASUAL AZUR GAMES,Android
app_html/apkpure-0095.html,NIU,,Free Auto & Vehicles App,NIU Technologies,Android
app_html/appbrain-1541.html,Light Glow Film Cam - Camera,4.95,Photography,"BitDance AI Studio - Fun, Creative & Smart Tools",Android
app_html/apkpure-1527.html,MY ALVA,,Free Auto & Vehicles App,Electra Mobilitas Indonesia,Android
app_html/cnet-0177.html,Arduino Bluetooth RC Car APK for,User Rating,Educational,Andi.Co,Android
app_html/apkpure-0456.html,30 Day Plank Workout Challenge,,HealthApplication,Riafy Technologies,Android
app_html/appbrain-0322.html,Clube Stok Center,5,Shopping,Mercafacil,Apps
app_html/aptoide-0305.html,F,4.2,ACTION,FPS Shooter & Action Game,Android
app_html/cnet-0317.html,Grand Theft,User Rating,Action Games,APKFlash Uploader,Android
app_html/appagg-0204.html,OpenTable,50,Food & Drink,"OpenTable, Inc.",Apps
app_html/aptoide-0702.html,Big,-,Puzzle,sbitsoft.com,Android
app_html/aptoide-2235.html,Windows,4,Business,Microsoft Corporation,Android
app_html/apkpure-0466.html,Z,,GameApplication,Real Cool Apps,Android
app_html/cnet-1581.html,CashNetUSA for,User Rating,Business Applications,"CashEuroNetUK, LLC",iOS
app_html/aptoide-0525.html,LALIGA 24/25,4.4,SPORTS GAMES,LAL,Android
app_html/cnet-1064.html,Pagan Symbols for,User Rating,Chat,Nicholas MacCloy,Mac
app_html/appagg-1033.html,Brain Test 2: Tricky Stories,54,Trivia,Unico Studio,Android
app_html/cnet-1988.html,Adobe Creative Suite Master Collection for,User Rating,Office Suites,Adobe,Mac
app_html/aptoide-1171.html,Slots™ - Pharaoh's Journey,5,Casino,ZENTERTAIN LTD,Android
app_html/apkpure-2229.html,Live Scores & News,2,SportsApplication,365Scores LTD,Android
app_html/appbrain-0588.html,Santa Run 2D Xmas Santa Runner,5,ADVENTURE,ThunderClap,Apps
app_html/aptoide-1502.html,Tiki Towers,5,Brain & Puzzle,Game House,Android
app_html/appagg-1282.html,Garry's Mod,395,Classics,Valve,Steam Games
app_html/apkpure-2044.html,Cash: Play and Earn,5,EntertainmentApplication,MISTPLAY,Android
app_html/appagg-0279.html,JMO (Jamsostek Mobile),0,Finance,BP,Android
app_html/appbrain-2015.html,#NAME?,4.94,Sports,Squabbit Golf,Android
app_html/aptoide-1265.html,Casino Slots - Slot Machines,4.75,Casino,Infiapps Ltd,Android
app_html/cnet-0373.html,Cuphead APK for,User Rating,Action Games,Studio MDHR,Android
app_html/apkpure-1258.html,oMe,5,Free Social App,NektoMe,Android
app_html/aptoide-1778.html,Japan VPN Pro,-,COMMUNICATION,Kohat Developer,Android
app_html/appbrain-1357.html,Emoji Letter Maker & Converter,4.82,Art & Design,Marble Apps,Apps
app_html/appbrain-0531.html,Stick of Titan,4.79,Action,s_Mine,Apps
app_html/appbrain-0615.html,Shadow War: Idle RPG Survival,4.83,Adventure,ZITGA,Apps
app_html/aptoide-1201.html,Hi Poker 3D,5,Casino,Texas Holdem JOY DANCE,Android
app_html/apkpure-1204.html,"AR Drawing: Sketch, Paint",,DesignApplication,Antares App,Android
app_html/appbrain-0115.html,Yummy Blitz: Food Link,1.17,Puzzle,salah boudejlal,Apps
app_html/apkpure-2213.html,Enerpize POS - Point Of Sales,,BusinessApplication,IZAM,Android
app_html/aptoide-0443.html,FIFA 16 UT,4.1,SPORTS GAMES,ELECTRONIC ARTS,Android
app_html/aptoide-0812.html,Bottle Jump 3D,4,Arcade,AZUR GAMES,Android
app_html/apkpure-2248.html,Unlock-,4.7,Free Tools App,RoadPass Trading LTD.,Android
app_html/appbrain-1004.html,TOTALL Touch,5,Health & Fitness,TOTALL Diabetes Hormone Institute,Android
app_html/apkpure-1817.html,Builder Game,9.7,GameApplication,Bubadu,Android
app_html/appbrain-0901.html,Gideões Missionários,5,Entertainment,Zasmedia,Android
app_html/apkpure-1017.html,Fly GPS Location fake/Fake GPS,8.9,Free Travel & Local App,SAMBOKING,Android
app_html/appbrain-1788.html,Meeya Lite:Video Chat & Social,5,Social,Double private video Group,Apps
app_html/aptoide-1669.html,Second Number for Call & Text,4.5,SOCIAL,Vistasia Pte Ltd,Android
app_html/appagg-0813.html,Call of Duty: Mobile,4.1,Action,Garena Mobile Private,Android
app_html/appagg-1706.html,Marvel's Midnight Suns,2,Role Playing,2K,Games
app_html/appbrain-1927.html,Bayern Live – Football News,5,Sports,TRIBUNA TRADING LTD,Android
app_html/appagg-1909.html,Ultimate Ski Jumping 2020,0,Action & Adventure,Forever Entertainment S. A.,Games
app_html/cnet-1023.html,for,User Rating,Digital Photo Tools,Instagram,iOS
app_html/appbrain-1377.html,Draw Anime Girls,4.86,Art & Design,Rstream Labs,Android
app_html/aptoide-2404.html,Uang bahagia - Pinjam,5,Finance,SunGo-Jek,Android
app_html/aptoide-2212.html,"Dramas, TV Shows & Movies",4.2,Drama,Vuclip Mobile Video,Android
app_html/apkpure-1484.html,Lagride,,Free Auto & Vehicles App,Lagride 泰基网络,Android
app_html/apkpure-1613.html,Asphalt 8 Car Racing Game,.,GameApplication,Gameloft SE,Android
app_html/apkpure-1087.html,Parenting,,EducationalApplication,Good Inside,Android
app_html/aptoide-2385.html,Nagad,5,Finance,Bangladesh Post Office,Android
app_html/apkpure-2039.html,Vertical Player,,MultimediaApplication,Codes AndMe,Android
app_html/cnet-1748.html,for,User Rating,Reference Software,Khan Academy,Mac
app_html/aptoide-2376.html,Easy Loan,5,Finance,codetrix,Android
app_html/aptoide-0127.html,Free Terrorism Fire Free - Fire FPS Battleground,-,ACTION,DX Entertainment Studio,Android
app_html/aptoide-2254.html,N_eye,4,Business,Longterm,Android
app_html/cnet-2079.html,Exif Untrasher for,User Rating,Screensavers & Wallpaper,Carsten Bluem,Mac
app_html/cnet-2186.html,Phantom VPN for,User Rating,Security Software,Avira,Mac
app_html/apkpure-0699.html,Герой VPN,9.8,Free Tools App,luongque,Android
app_html/apkpure-1383.html,Bubble Level Spirit Level App,,UtilitiesApplication,Phone Lock & Utilities Apps,Android
app_html/cnet-1261.html,Hello Kitty Beauty Salon for,User Rating,Entertainment Software,Sanrio Digital,iOS
app_html/appbrain-0508.html,Monster Mix and Match ASMR,4.81,Action,AppVillage Global,Android
app_html/apkpure-0165.html,Chatruletka – Video Chat,5.2,SocialNetworkingApplication,603089,Android
app_html/aptoide-1018.html,Game,-,Racing,Zoodiac Game,Android
app_html/aptoide-0875.html,Advance Multi_level Prado Parking Game,4.1,Simulation,HATCOM Inc.,Android
app_html/appagg-0648.html,Apple TV,5,Entertainment,Apple,Android
app_html/cnet-1543.html,Amazon Flex for,User Rating,Business Applications,Amazon,iOS
app_html/cnet-1544.html,Pinoy Peso for,User Rating,Business Applications,Inclusive Credit Lending,iOS
app_html/aptoide-0609.html,Animal Link-Connect,5,Puzzle,Albayoo,Android
app_html/appbrain-1236.html,Circuit for Teams,4.81,Maps & Navigation,Circuit Routing Limited,Apps
app_html/aptoide-1366.html,PIANO Magic Tiles 2018,3.7,Music,Med Dev,Android
app_html/cnet-1658.html,MailSteward for,User Rating,E-mail Software,pubblog.com,Mac
app_html/apkpure-1757.html,CHAGEE,2,Free Food & Drink App,CHAGEE's APAC,Android
app_html/aptoide-1335.html,Electronic Drums Game,3,Music,Netigen,Android
app_html/apkpure-0908.html,3,0,GameApplication,CarX Technologies,Android
app_html/appagg-1615.html,Coffin Mall,0,Action & Adventure,OKSoft,Games
app_html/aptoide-2239.html,Honor Store,5,Business,Honor,Android
app_html/appbrain-1090.html,Leader Of Nutrition,5,Health & Fitness,Mahmoud Fathy,Apps
app_html/apkpure-0223.html,Smart Door,,Free House & Home App,SMART DOOR TECHNOLOGIES PRIVATE LIMITED,Android
app_html/appbrain-1570.html,1 bit pixels,4.92,Photography,mp4android,Android
app_html/appagg-1043.html,Cartola: Jogo do Brasileirão,5,Sports,Globo Comunicação e Participações S.A.,Android
app_html/appagg-0688.html,Poweramp Music Player,5,Music & Audio,Poweramp Software Design (Max MP),Android
app_html/cnet-1195.html,Social Maker for,User Rating,Entertainment Software,Matteo D'Ignazio,iOS
app_html/cnet-0405.html,Cricket Career 2016 APK for,User Rating,Sports Games,Zealcity Studios,Android
app_html/aptoide-1228.html,Video Poker Slot Machine.,5,Casino,Toftwood Games,Android
app_html/appbrain-0648.html,Fran Bow Chapter 4,4.81,Adventure,Killmonday Games,Apps
app_html/appbrain-0510.html,Major Militia - War Mayhem,4.81,Action,Rendered Ideas,Apps
app_html/cnet-0016.html,arachakra Tamil Keyboard APK for,User Rating,Chat,"Swarachakra Team, IDC, IIT Bombay",Android
app_html/aptoide-2372.html,Bitcoin Server Mining,4.5,Finance,Максим,Android
app_html/appbrain-1007.html,Mali Pregnancy & Parenting,5,Health & Fitness,"Mali Family Health Co.,Ltd.",Android
app_html/appbrain-1606.html,15 Pro,4.87,Photography,Lock Screen Team,Apps
app_html/aptoide-1314.html,Hop Endless Music Jumping Ball,2.4,Music,New,Android
app_html/cnet-0241.html,Aviator Hack - Aviator Signal for,User Rating,Entertainment Software,Activ Bob,Android
app_html/appagg-1886.html,.,5,Classics,Annapurna Interactive,Steam Games
app_html/apkpure-0029.html,Fever Fever Events & Tickets,,UtilitiesApplication,Fever Labs,Android
app_html/cnet-1330.html,Miscrits: World of Creatures for,User Rating,Games,Tree Room,iOS
app_html/appagg-0242.html,: Pickup & Delivery,54,Shopping,Sam,Android
app_html/apkpure-2037.html,Demolition Derby 3,5,Free Racing Game,Beer Money Games!,Android
app_html/cnet-1305.html,WST Snooker for,User Rating,Sports Games,Lab42 Limited,iOS
app_html/appagg-1340.html,CS,395,RACING,Zynga,Android
app_html/apkpure-1622.html,V380,2,BusinessApplication,"Guangzhou Hongshi information Technology Co., Ltd",Android
app_html/aptoide-0079.html,Sniper Special Blood Killer,4.1,ACTION,RAY3D,Android
app_html/cnet-0835.html,Living Wine Labels APK for,User Rating,Maps,Treasury Wine Estates Vintner,Android
app_html/appagg-2007.html,Typing Hero,0,Action & Adventure,Risen Realms,Steam Games
app_html/appagg-1967.html,Pixly - Icon Pack,5,Personalization,Cris87,Android
app_html/cnet-0833.html,GeoFlyer Europe 3D - Offline,User Rating,Travel Maps,GeoMind,Android
app_html/apkpure-0947.html,Autowini,,Free Auto & Vehicles App,Autowini.com,Android
app_html/appbrain-1174.html,Fuel Fare,5,Maps & Navigation,RESDAC,Android
app_html/apkpure-1298.html,Stick,0,GameApplication,Stick Sports Ltd,Android
app_html/apkpure-0571.html,Clover.Space,3,Free Social App,NextGen Community,Android
app_html/apkpure-0198.html,Tap Dash,0,Free Arcade Game,Rosati,Android
app_html/cnet-0649.html,Latest,User Rating,Screensavers & Wallpaper,Launcher 2020 - Themes & Keyboard Apps,Android
app_html/appagg-1405.html,Dropicon - Icon Pack,5,Personalization,GomoTheGom,Android
app_html/apkpure-1858.html,Chrome,8.7,Free Productivity App,Google LLC,Android
app_html/cnet-1040.html,Woman,User Rating,Chat,Bare Tree Media Inc,iOS
app_html/cnet-1227.html,Movie,User Rating,Entertainment Software,We,iOS
app_html/appbrain-0515.html,Portal,0,Action,MordeS,Apps
app_html/appagg-0595.html,: Offline map & navigation,4.7,Maps & Navigation,2GIS,Android
app_html/aptoide-1986.html,Clean Master- Space Cleaner & Antivirus & Free Ram,4.3,Tools,Cheetah Mobile,Android
app_html/apkpure-1827.html,Clip Studio Paint,7.6,DesignApplication,"CELSYS,Inc.",Android
app_html/apkpure-0128.html,Legend of Slime: Idle RPG,8.7,GameApplication,AppQuantum,Android
app_html/cnet-2072.html,Save,User Rating,Screensavers,Killer Robots,Mac
app_html/appagg-1528.html,Sifu,4.2,Action & Adventure,SLOCLAP S.A.S,Games
app_html/apkpure-1577.html,Volley Predictor,,Free Sports Game,Fantaking,Android
app_html/appbrain-0319.html,ほしの島のにゃんこ,5,Educational,"COLOPL, Inc.",Apps
app_html/cnet-0812.html,SMOKE,User Rating,Maps,t2Fi,Android
app_html/appbrain-1758.html,Car Factory Parking Simulator,4.77,Racing,Play With Games,Apps
app_html/apkpure-1300.html,Image Generator,,DesignApplication,Leonardo,Android
app_html/aptoide-0179.html,Toy Wars Army Men Strike,4.4,STRATEGY,Volcano Force,Android
app_html/appagg-0398.html,Twitch: Live Streaming,375,Photo & Video,"Twitch Interactive, Inc.",Android
app_html/apkpure-2062.html,Floor Plan Creator,3,DesignApplication,Marcin Lewandowski,Android
app_html/appbrain-1631.html,Collage Maker - Photo Editor,4.84,Photography,A Photo Studio,Apps
app_html/aptoide-2428.html,Revolut - Mobile,4.3,Finance,Revolut Technologies,Android
app_html/apkpure-0459.html,DAILY SHOPPING STORIES,9.7,GameApplication,SUBARA,Android
app_html/appagg-1097.html,Dragon City: Battle Adventure!,395,Simulation,Socialpoint,Android
app_html/cnet-1877.html,Total Video Downloader for,User Rating,Download Managers,eTinysoft,Mac
app_html/apkpure-0669.html,Google’s Find Hub,3,Free Tools App,Google LLC,Android
app_html/aptoide-2297.html,Tiny Scanner - PDF Scanner App,4.8,Business,Appxy,Android
app_html/aptoide-1407.html,Dancing Cats - Cute,-,Music,Cobby Labs,Android
app_html/appbrain-0309.html,: Best Priced Grocery,5,Food & Drink,KPN,Android
app_html/aptoide-1868.html,DixMax,4.37,MEDIA & VIDEO,Shufflex,Android
app_html/apkpure-0361.html,Real Moto,4,GameApplication,Dreamplay Games,Android
app_html/apkpure-1400.html,Hard Time,2,GameApplication,MDickie,Android
app_html/apkpure-1146.html,GAMES,5,GameApplication,My Town Games Ltd,Android
app_html/apkpure-0007.html,Freeshort:Dramas and Movies,,EntertainmentApplication,FreeShort Studio,Android
app_html/appbrain-0081.html,Truck Game 2025 - Truck Driver,4,Role Playing,S & U Games,Android
app_html/aptoide-0427.html,🐲 Super Goku - APK Download for Android,3.8,ADVENTURE,Battle games ads,Android
app_html/cnet-1800.html,Age of Empires III for,User Rating,Strategy Games,Ensemblestudios,Mac
app_html/appbrain-1656.html,Delivery Jet Ski Games,5,Racing,Pizza,Android
app_html/apkpure-0816.html,PPSSPP APK for Android Download,8.9,GameApplication,Henrik Rydgård,Android
app_html/cnet-2118.html,SecondBar for,User Rating,Screensavers & Wallpaper,Andreas Hegenberg,Mac
app_html/cnet-1414.html,Prankgram for Instagram Prank Message for,User Rating,Social Networking Software,Emre Gidis,iOS
app_html/aptoide-1524.html,Vulnerable Вalls,-,Brain & Puzzle,Vtim Games,Android
app_html/apkpure-0369.html,Football Live Scores,8.7,SportsApplication,Football Soccer Scores,Android
app_html/aptoide-2189.html,Online TV,3.3,Entertainment,Antonio Rubira Marin,Android
app_html/aptoide-1849.html,IP,3.7,VIDEO PLAYERS & EDITORS,Maxim Vasilchuk,Android
app_html/cnet-1633.html,TorChat for,User Rating,Chat,SourceMac,Mac
app_html/cnet-1943.html,SurFast Video Downloader for,User Rating,Download Managers,Nabla Mind,Mac
app_html/appagg-1954.html,Herbalist Simulator,0,Action & Adventure,EJRGames,Steam Games
app_html/cnet-0774.html,Protect Your Kid for,User Rating,Parental Control,Netcos,Android
app_html/aptoide-1134.html,Gadi Wala Game Truck Driving,-,Racing,Yassine Sdw,Android
app_html/aptoide-0573.html,Pool,-,SPORTS GAMES,Yuliya Taranava,Android
app_html/cnet-0431.html,Yestube APK for,User Rating,Download Managers,Incubator Dynamic Limited,Android
app_html/aptoide-0518.html,FTS 20 MOD GFX,3.1,SPORTS GAMES,FT,Android
app_html/aptoide-0809.html,mortal street fighting game,4,Arcade,Akash Maheshwari Games,Android
app_html/cnet-1447.html,Hangouts for,User Rating,Social Networking Software,Google,iOS
app_html/apkpure-0591.html,OJV!,,Free Photography App,ARProduction,Android
app_html/appagg-0932.html,ضربة معلم - لعبة الغاز مسلية,5,Puzzle,Zytoona,Android
app_html/cnet-0641.html,Driver License Generator APK for,User Rating,Screensavers & Wallpaper,Filip Voss Åkerström,Android
app_html/appbrain-0620.html,"Adventure Isles: Farm, Explore",4.83,Adventure,Sphinx Entertainment.,Android
app_html/cnet-0116.html,Candy AI App Info for,User Rating,Educational,aleamobilelnc,Android
app_html/cnet-2263.html,MobiGo for,User Rating,Maps,Aimer,Mac
app_html/apkpure-0686.html,Grok - AI Assistant,0,UtilitiesApplication,xAI,Android
app_html/appagg-0192.html,#NAME?,5,Books & Reference,Watt,Android
app_html/appagg-0738.html,Traffic Rider,5,Racing,skgames,Android
app_html/appagg-1432.html,Lines Watch Face,4.8,Lifestyle,amoledwatchfaces™,Android
app_html/aptoide-2187.html,In-Game Guide all platforms,3.3,Entertainment,BeshevGames,Android
app_html/appbrain-1460.html,AfterMarket Philippines,5,Shopping,Gelo Maribbay,Android
app_html/appagg-0912.html,Empires & Puzzles: Dragon Dawn,3,Puzzle,Small Giant Games,Android
app_html/appbrain-1217.html,"Yango: taxi, food, delivery",4.83,Maps & Navigation,Y Hub Zaf,Apps
app_html/apkpure-1563.html,TOOL,3,UtilitiesApplication,BGM GFX,Android
app_html/aptoide-1165.html,3D,-,Casino,Nit'X Games,Android
app_html/aptoide-0437.html,Football Strike,4.4,SPORTS GAMES,Miniclip,Android
app_html/aptoide-1718.html,Carrier Services,4.5,COMMUNICATION,Google Inc.,Android
app_html/appbrain-1323.html,AI Photo & Video Editor,4.81,Art & Design,Canva,Apps
app_html/appbrain-1083.html,Plank,4.93,Health & Fitness,Leap Fitness Group,Android
app_html/appagg-0432.html,#NAME?,375,Entertainment,FANDANGO,Android
app_html/cnet-0996.html,#NAME?,User Rating,Web Phones & VoIP Software,Dingtone,iOS
app_html/appbrain-0616.html,EscapeGame Enigmatic Ruins,4.89,Adventure,SquareHeadFactory,Android
app_html/apkpure-1684.html,#NAME?,,GameApplication,VicarelCO,Android
app_html/cnet-1997.html,NTFS for,User Rating,Productivity Software,Tuxera,Mac
app_html/appbrain-0133.html,Takbeers for Eid and Hajj,4.64,Music & Audio,Miraa,Apps
app_html/cnet-0497.html,APK for,User Rating,Social Networking Software,TopFollow,Android
app_html/cnet-0295.html,Wombo APK for,User Rating,Entertainment Software,Wombo Studios Inc.,Android
app_html/appbrain-1598.html,AI Photo Editor Blender : BOOM,4.94,Photography,Appwallet Technologies,Apps
app_html/appbrain-1877.html,1551,4.86,Social,Municipal Main Information and Computing Center,Apps
app_html/aptoide-0150.html,MARVEL SNAP,3.5,STRATEGY,Nuverse,Android
app_html/cnet-1987.html,Pad,User Rating,Productivity Software,Studiojeroen,Mac
app_html/apkpure-1502.html,Pure IPTV,,Free Video Players & Editors App,PureIPTV,Android
app_html/apkpure-1968.html,Jurassic World™: The Game,3,GameApplication,Ludia Inc.,Android
app_html/apkpure-1594.html,Zombie Offroad Safari,5,GameApplication,DogByte Games,Android
app_html/aptoide-0055.html,City – Miami Vice City,-,ACTION,Exacron,Android
app_html/cnet-1344.html,Zombie Cafe for,User Rating,Adventure Games,Capcom Interactive,iOS
app_html/aptoide-1239.html,Slots & Wild Win,5,Casino,Stepgame,Android
app_html/appbrain-0144.html,Sellers,4.17,Business,Dukan,Android
app_html/cnet-1511.html,Pro Bank for,User Rating,Business Applications,ICBM Team,iOS
app_html/appagg-1284.html,Geometry Dash,0.99,Arcade,RobTop Games,Android
app_html/appbrain-1230.html,GPS Phone Location Tracker,4.81,Maps & Navigation,Lydon Soft.,Apps
app_html/cnet-0552.html,DingTalk Lite APK for,User Rating,Productivity Software,Alibaba Group,Android
app_html/apkpure-2168.html,"K XD Fun, friends & games",.,GameApplication,Afterverse Games,Android
app_html/appbrain-1740.html,Motocross Dirt Bike Champions,4.71,Racing,Tapivator Games Studio,Android
app_html/appagg-0191.html,: Online Shopping App,5,Shopping,Meesho,Android
app_html/apkpure-0671.html,Framely AI Video Generator,,DesignApplication,Dundun Studio,Android
app_html/apkpure-1931.html,MapChart,9.6,DesignApplication,whidev,Android
app_html/cnet-0755.html,AirDroid Parental Control for,User Rating,Parental Control,Sand Studio,Android
app_html/aptoide-0960.html,Craft,5,Simulation,Cristian Pinto,Android
app_html/apkpure-1567.html,Brainzot Monster Transformer,,GameApplication,Quick Tap Labs,Android
app_html/aptoide-0506.html,Anime Soccer,2,SPORTS GAMES,Zarapps Games,Android
app_html/appagg-1051.html,Sea battle 2: Warship Online,395,Action,Byril,Android
app_html/apkpure-1803.html,Little Panda's Ice Cream Game,9.6,GameApplication,BabyBus,Android
app_html/appagg-1571.html,Gnosia,0,Action & Adventure,PLAYISM,Nintendo Games
app_html/aptoide-1661.html,Lomotif Social Video Platform,3.5,MEDIA & VIDEO,Lomotif Pte Ltd,Android
app_html/appagg-1118.html,FLICK SHOOT 2,4.6,Sports,Gameguru Advertisement FZC,Android
app_html/appagg-1723.html,Grim Dawn,4,Action & Adventure,Crate Entertainment,Steam Games
app_html/appbrain-1862.html,The Grid 2.0,.,Social,dionsegijn,Android
app_html/appagg-1695.html,Portal,3,Action & Adventure,Valve,Steam Games
app_html/appagg-0848.html,Parchis,54,Board,Gameberry Labs,Android
app_html/appagg-2027.html,Warplanes: WW2,0,Other,7Levels,Nintendo Games
app_html/apkpure-1276.html,BReader Favorite Book Reader,0,EducationalApplication,FBReader.ORG Limited,Android
app_html/apkpure-0980.html,Beach Buggy Racing 2,5,GameApplication,Vector Unit,Android
app_html/apkpure-2206.html,Now VPN Fast Secure Proxy,8.9,UtilitiesApplication,Star VPN Team,Android
app_html/appagg-1165.html,Cat Escape,50,Casual,Sunday.gg,Android
app_html/aptoide-0211.html,Heroes of the Dark Squad RPG,3.8,games.role-playing-games,Gameloft SE,Android
app_html/appagg-0263.html,HP Smart,375,Productivity,HP Inc.,Android
app_html/cnet-1862.html,Hades for,User Rating,Action Games,Supergiant Games,Mac
app_html/aptoide-0136.html,diep.io,4.49,ACTION,VexxusArts,Android
app_html/appagg-1545.html,Frank and Drake,0,Action & Adventure,Chorus Worldwide Games,Games
app_html/aptoide-0354.html,Teaching Feeling,4.1,ADVENTURE,Permissions : 7 Name : Teaching Feeling Size : 92.5 MB Downloads : 253K Version,Android
app_html/aptoide-1501.html,Hangman – Word Guessing Game,4.7,Brain & Puzzle,Dzoni,Android
app_html/appbrain-1529.html,New Year Photo Frame,5,Photography,M-,Apps
app_html/cnet-2047.html,for,User Rating,Database Management Software,TrialSmart,Mac
app_html/appbrain-1569.html,InFrame - Photo Editor & Frame,4.89,Photography,"INFRAME CO., LIMITED",Apps
app_html/appagg-0321.html,HP Print Service Plugin,375,Productivity,HP Inc.,Android
app_html/apkpure-0872.html,0,,Free Arcade Game,Delon Studio Ltd.,Android
app_html/appagg-0106.html,YouCut - Video Editor & Maker,50,Editor,InShot Video Editor,Android
app_html/cnet-1373.html,JUMP: Assemble for,User Rating,Action Games,Program Twenty Three,Android
app_html/appbrain-1513.html,Eid Mubarak Photo Frame 2025,5,Photography,SM,Android
app_html/appagg-0675.html,Eventbrite (by Eventbrite) - (iOS Apps) — AppAgg,50,Entertainment,Eventbrite,Android
app_html/appbrain-1954.html,Programme Foot,5,Sports,Adversport.,Apps
app_html/aptoide-0550.html,Duck Life Retro Pack Free,5,SPORTS GAMES,MoFunZone.com,Android
app_html/apkpure-0728.html,"master－Buy, Sell Tickets",0,UtilitiesApplication,Ticketmaster L.L.C.,Android
app_html/appagg-0734.html,LUDO KING®,4.5,Board,Gametion,Android
app_html/apkpure-1995.html,Tukan,,Free House & Home App,JV Partner,Android
app_html/appbrain-1116.html,Dumbbell Workout at Home,4.91,Health & Fitness,Leap Fitness Group,Android
app_html/apkpure-0780.html,Bosquejos Cristianos,,EducationalApplication,Biblia Reina Estudios Teología Cristiana Apps,Android
app_html/appagg-0770.html,Words of Wonders,50,Word,Fugo Games,Android
app_html/cnet-2139.html,After Dark Classic Set,User Rating,Screensavers,Infinisys,Mac
app_html/cnet-1244.html,Vi,User Rating,Entertainment Software,PCCW Media,iOS
app_html/aptoide-1498.html,Pixel Dungeon,3.8,Role Playing,watabou,Android
app_html/appbrain-1524.html,Pic Grid: Collage Maker,4.95,Photography,A Photo Studio,Apps
app_html/apkpure-1085.html,AI Photo Editor: Phota,0,DesignApplication,Beat.ly music video maker with effects,Android
app_html/aptoide-2453.html,XM - Trading & Investment,5,Finance,Trading Point of Financial Instruments,Android
app_html/apkpure-2076.html,"Monitor Heart, Stress & Breath",,UtilitiesApplication,Monitoring & Care,Android
app_html/appbrain-0135.html,Perfect Fit,4.09,Strategy,KODD Yazilim,Apps
app_html/apkpure-1133.html,taxinvoice,,Free Business App,INFOXOROS SOFTWARE,Android
app_html/aptoide-2159.html,Live TV,5,Entertainment,Muhammad Naveed,Android
app_html/aptoide-2016.html,Device Care,4.2,Productivity,Samsung Electronics,Android
app_html/appbrain-0775.html,Piano,4.82,Educational,Animaj Investment SPV,Android
app_html/apkpure-0388.html,InboxDollars,5,Free Entertainment App,Prodege,Android
app_html/appbrain-0211.html,"SHAREit: Transfer, Share Files",4.32,Tools,Smart Media4U Technology Pte.Ltd.,Apps
app_html/aptoide-1145.html,Fever,-,Racing,cpp,Android
app_html/appbrain-1166.html,HKiPort,5,Maps & Navigation,OnePort,Android
app_html/apkpure-1122.html,Hinário CCB Nº 05,,Free Books & Reference App,CCS Developer,Android
app_html/appagg-1045.html,Scatter Slots - Slot Machines,395,Casino,Murka Games Limited,Android
app_html/appagg-0259.html,StarMaker: Sing Karaoke Songs,375,Music & Audio,SKYWORK AI PTE. LTD.,Android
app_html/apkpure-2030.html,Crypto Mining,5,Free Business App,PRODAXER,Android
app_html/aptoide-1833.html,"AZ Screen Recorder - Video Recorder, Livestream",4.2,MEDIA & VIDEO,AZ,Android
app_html/cnet-1250.html,Pokemon TV for,User Rating,Entertainment Software,"THE POKEMON COMPANY INTERNATIONAL, INC.",iOS
app_html/aptoide-0583.html,91 Club,5,Puzzle,DEV WU,Android
app_html/appbrain-0746.html,Countries of Africa Quiz,4.81,Educational,Atlas Educational Software,Android
app_html/cnet-1302.html,CUPHEAD MOBILE for,User Rating,Role-Playing,GAMES WORLD,iOS
app_html/aptoide-0321.html,Na,3.2,ADVENTURE,devloper,Android
app_html/cnet-1376.html,Hockey,User Rating,Sports Games,Robert Szeleney,iOS
app_html/cnet-1803.html,for,User Rating,Simulation,Ryujinx,Mac
app_html/aptoide-1897.html,Status & YT - Status Saver & Youtube Downloader,-,MEDIA & VIDEO,Musi,Android
app_html/apkpure-0185.html,Mobile Inventory,,UtilitiesApplication,Bino Solutions,Android
app_html/aptoide-0867.html,Truck Simulator Europe,4.3,Simulation,Zuuks Games,Android
app_html/apkpure-0008.html,en Password Manager,3,UtilitiesApplication,Bitwarden Inc.,Android
app_html/aptoide-0158.html,Age of Apes,3.5,STRATEGY,Tap4fun(Hong Kong)Limited,Android
app_html/appbrain-1509.html,Collage Maker - Photo Collage,5,Photography,Col,Apps
app_html/cnet-0701.html,zANTI APK for,User Rating,Security Software,Zimperium,Android
app_html/appbrain-1883.html,LoveYou Stickers WAStickerApps,4.85,Social,bringsgame,Apps
app_html/apkpure-1839.html,Real Driving School,2,Free Racing Game,Qizz,Android
app_html/appagg-0772.html,Fruit,5,Arcade,Halfbrick Studios,Android
app_html/cnet-0796.html,for,User Rating,Security Software,SpyToApp,Android
app_html/cnet-0148.html,6.0.,User Rating,Educational,Maxis Soft,Android
app_html/cnet-2119.html,Suitcase,User Rating,Font Tools,Extensis,Mac
app_html/apkpure-1152.html,Tower War Tactical Conquest,4,GameApplication,SayGames Ltd,Android
app_html/appbrain-1885.html,Hanuman Chalisa,4.85,Social,Spiritual Studio,Android
app_html/aptoide-2468.html,#NAME?,4.3,Finance,ExpertOption,Android
app_html/appbrain-0545.html,Dinosaur Hunter Classic Games,5,Adventure,Gamers Trend,Android
app_html/appagg-1880.html,FLY PUNCH BOOM!,5,Action & Adventure,Jollypunch Games,Games
app_html/appagg-1824.html,Ever Forward,5,Action & Adventure,Pathea Games,Games
app_html/aptoide-0858.html,My,4.5,Arcade,gameone,Android
app_html/apkpure-1825.html,Knife Hit,3,Free Arcade Game,Ketchapp,Android
app_html/aptoide-0344.html,Pokemon Dark Rising 3,3.4,ADVENTURE,Antonio Rubira Marin,Android
app_html/aptoide-2019.html,Samsung My Files,4,Books & Reference,"Samsung Electronics Co., Ltd.",Android
app_html/appagg-0941.html,Golf Clash - Golfing Simulator,417,Sports,ELECTRONIC ARTS,Android
app_html/appbrain-0594.html,Car Stunt Games,4.86,Adventure,Rise Games,Android
app_html/cnet-1189.html,Cheats Ultimate for Xbox One Games,User Rating,Software,SchroederDev,iOS
app_html/apkpure-1730.html,Draw Anime AR Drawing Sketch,,DesignApplication,Braly JSC,Android
app_html/cnet-2029.html,for,User Rating,Software,Sleek Bill,Mac
app_html/aptoide-1801.html,beta -video calls and chat,4.2,COMMUNICATION,im,Android
app_html/appbrain-0393.html,Bruno And Arishnev,5,Action,Green Blue Interactive,Apps
app_html/appagg-0171.html,"OZON: товары, одежда, билеты",50,Shopping,Internet Solutions LLC,Android
app_html/apkpure-0573.html,Cool Scene Drama - Shorts,,Free Entertainment App,Felix Mogaka,Android
app_html/apkpure-1729.html,Crazy Pizza Dash-Bike Race,,GameApplication,XGAME STUDIO,Android
app_html/apkpure-0625.html,Whip,,EntertainmentApplication,App Original,Android
app_html/apkpure-0304.html,#NAME?,9.7,UtilitiesApplication,Weather & Widget - Weawow,Android
app_html/appagg-2005.html,Lilinor,0,Action & Adventure,Hiyori Inc.,Steam Games
app_html/aptoide-0322.html,Survivalcraft 2 Day One,3.6,ADVENTURE,Candy Rufus Games,Android
app_html/apkpure-0218.html,Angry Birds Blast,4,GameApplication,Rovio Entertainment Oy,Android
app_html/aptoide-0533.html,Trial Moto X,4.3,SPORTS GAMES,Deemedya,Android
app_html/aptoide-0552.html,Champion of the Field,4.5,SPORTS GAMES,FIF,Android
app_html/aptoide-0853.html,Cat Run - My Tom Subway Surf & Cat Talking,-,Arcade,G-Game,Android
app_html/apkpure-0677.html,Weather Forecast,,UtilitiesApplication,Met Office,Android
app_html/aptoide-1519.html,Mahjong,4,Puzzle,1bsyl,Android
app_html/appagg-0825.html,Football,49,Sports,Miniclip,Android
app_html/aptoide-2432.html,Privat24 – mobile bank,4.7,Finance,PrivatBank,Android
app_html/appbrain-0654.html,Well-fed farm (for kids),5,Educational,ANGames,Android
app_html/appagg-1288.html,Lotsa Slots - Casino Games,54,Casino,SpinX Games Limited,Android
app_html/apkpure-0471.html,: Friends & Languages,2,Free Social App,InterPals,Android
app_html/appbrain-0188.html,Google Play Books & Audiobooks,4.69,Books & Reference,Google LLC,Apps
app_html/appbrain-0256.html,Workplace,4.12,Business,Zoom Workplace,Apps
app_html/cnet-0494.html,#NAME?,User Rating,Social Networking Software,Waka Voice Group Chat Studio,Android
app_html/cnet-1202.html,Cheats,User Rating,Entertainment Software,An Ha Thi Pham,iOS
app_html/appbrain-0323.html,Benz Korea,5,Lifestyle,Mercedes-Benz,Android
app_html/cnet-1145.html,CHAPS Connected for,User Rating,Educational,Fossil,iOS
app_html/cnet-0671.html,Cute Christmas,User Rating,Screensavers & Wallpaper,Live Wallpapers 3D,Android
app_html/appbrain-0190.html,Samsung,",",Communication,"Samsung Electronics Co., Ltd.",Android
app_html/appbrain-1856.html,Soulout: Mental Health Network,4.91,Social,Bogdan Natakhin,Apps
app_html/apkpure-0082.html,Real Oper City,2,Free Simulation Game,Dag Art Games,Android
app_html/apkpure-1175.html,superFB - Fenerbahçe haberleri,,SportsApplication,Maksimum İletişim Hizmetleri A.Ş.,Android
app_html/cnet-1846.html,60 Seconds! Reatomized for,User Rating,Strategy Games,Robot Gentleman,Android
app_html/appbrain-0051.html,PDF Reader & PDF Editor,4.55,Tools,SolaraSoft,Apps
app_html/appbrain-1371.html,Logo Esport Maker: Gaming Logo,4.77,Art & Design,Mobile worlds,Android
app_html/apkpure-1294.html,Laxmi Door Screen Lock Opener,,Free Arcade Game,Coysun 26,Android
app_html/appbrain-0897.html,Bioscoopagenda,5,Entertainment,Boydroid,Apps
app_html/apkpure-0561.html,Poki Games,,GameApplication,Loytus Enterprises,Android
app_html/aptoide-0909.html,New Farming Simulator 19 ofline Farming Simulation,4,Simulation,Showa Games Zone,Android
app_html/aptoide-1881.html,TV,2.69,MEDIA & VIDEO,Watch TV,Android
app_html/apkpure-1884.html,POLAROID,,Free Photography App,Polaroid International,Android
app_html/apkpure-1466.html,Trading for Beginners,0.98,EducationalApplication,Fore,Android
app_html/aptoide-1455.html,Shoot Billiard Balls,-,Brain & Puzzle,Vtim Games,Android
app_html/apkpure-0960.html,Go Escape! - Casual Ball Games,2,GameApplication,CASUAL AZUR GAMES,Android
app_html/appagg-1202.html,Cryptomania —Trading Simulator,0,Simulation,Edusystems OU,Android
app_html/cnet-2003.html,Trello for,User Rating,Project Management Software,Atlassian,Mac
app_html/cnet-0603.html,Fake,User Rating,Screensavers & Wallpaper,Apps House Solutions,Android
app_html/apkpure-1829.html,Central Hospital Stories,8.7,GameApplication,SUBARA,Android
app_html/apkpure-1597.html,HairSwap: AI Hairstyle Try-On,,LifestyleApplication,Bitpepper B.V.,Android
app_html/apkpure-1771.html,Tape measure Measurement ruler,3,BusinessApplication,Tasmanic Editions,Android
app_html/cnet-0580.html,Wells Fargo Mobile for,User Rating,Business Applications,Wells,Android
app_html/appbrain-1790.html,VMOMENT,5,Social,Tiens Group,Android
app_html/cnet-1566.html,MEGA,User Rating,Calendar & Time Management Software,MEGA,iOS
app_html/cnet-0528.html,Alldata APK for,User Rating,Business Applications,"ALLDATA, LLC",Android
app_html/aptoide-1909.html,Descargar Videos facebook,5,MEDIA & VIDEO,mochiba,Android
app_html/aptoide-0728.html,Master for Minecraft- Launcher,4.4,Arcade,MCPE Master,Android
app_html/aptoide-1262.html,Book of Stars,-,Casino,Cyber010 Games,Android
app_html/appbrain-0369.html,虹色カノジョ２d,5,Simulation,"Ambition co., ltd.",Apps
app_html/apkpure-0311.html,", Poster Maker, Design",2,BusinessApplication,Apps You Love,Android
app_html/aptoide-0163.html,Megapolis City Building Sim,4.4,SOCIAL,Social Quantum Ltd,Android
app_html/apkpure-0968.html,RealVNC Viewer: Remote Desktop,9.8,UtilitiesApplication,RealVNC Limited,Android
app_html/appbrain-0996.html,Saúde Diária | Aurélio Alfieri,5,Health & Fitness,Saúde Diária Soluções Digitais,Apps
app_html/aptoide-1768.html,"Anka Browser -Video Download, Private & Fast",4,COMMUNICATION,jjhappyforever,Android
app_html/cnet-1143.html,Yo Gabba Gabba! Babies for,User Rating,Educational,Cupcake Digital,iOS
app_html/appbrain-0282.html,TikTok,4.49,Video Players & Editors,TikTok Pte. Ltd.,Apps
app_html/appbrain-0784.html,Al Quran and Translation,5,Books & Reference,Za,Android
app_html/cnet-2101.html,Control Center for,User Rating,Control Center,Cindori,Mac
app_html/aptoide-1200.html,Sevens Slot,-,Casino,Tidda Games,Android
app_html/appbrain-1757.html,Classics PRO: Drag Race,4.67,RACING,T-Bull S A,Apps
app_html/cnet-0299.html,Core,User Rating,Entertainment Software,Empretus,Android
app_html/aptoide-1037.html,Hill Climb,4.4,Racing,Fingersoft,Android
app_html/appagg-1570.html,Cow Girls,3,Classics,Hunny Bunny Studio,Games
app_html/appbrain-0888.html,"Filmstarts: Kino, Film, Serien",5,Entertainment,AlloCiné,Android
app_html/apkpure-1883.html,Capybara Line: Puzzle Game,,puzzle,PT. Ibunda Digital Indonesia,Android
app_html/cnet-1551.html,Gringo VPN - Network Security for,User Rating,Productivity Software,Andrei Zubarev,iOS
app_html/appagg-0626.html,GroupMe,5,Social Networking,Skype Communications S.a.r.l,Android
app_html/appbrain-1143.html,Rejsekort,5,Maps & Navigation,"BangBits, Casper Bang",Android
app_html/cnet-0131.html,iB,User Rating,Software,Paul Leung,Android
app_html/appbrain-1148.html,BeTrains,5,Maps & Navigation,B,Apps
app_html/appbrain-1970.html,Cricket Quiz,5,Sports,Purple Dot Digital Limited,Android
app_html/appagg-1418.html,VELONE,0,Other,Daeda,Steam Games
app_html/cnet-0633.html,Mia Khalifa Video for,User Rating,Screensavers & Wallpaper,AVP 11 Wallpapers,Android
app_html/aptoide-0456.html,Pooking - Billiards City,4.2,SPORTS GAMES,MOUNTAIN GAME,Android
app_html/aptoide-0398.html,School,4.8,ADVENTURE,Candy Room Games,Android
app_html/appagg-1755.html,Mice and Moggies,0,Other,Bippinbits,Games
app_html/appagg-0500.html,"Sony LIV: Series, Shows, Movie",5,Entertainment,Culver Max Entertainment Private Limited,Android
app_html/apkpure-1864.html,PPChat Live Video Chat,,Free Social App,Gamaa Studio,Android
app_html/apkpure-1765.html,AI,0,Free Art & Design App,AI Trends: Images & Video,Android
app_html/aptoide-0007.html,Creative Destruction,4.19,ACTION,HONG KONG,Android
app_html/aptoide-0299.html,Bed,4.1,ADVENTURE,Blockman Multiplayer,Android
app_html/cnet-1032.html,Photo Lab,User Rating,Photo Tools,VicMan,iOS
app_html/appbrain-0783.html,#NAME?,4.75,Educational,SunScool.org,Android
app_html/appbrain-0182.html,Contacts,4.35,Communication,Google LLC,Android
app_html/appagg-1184.html,Coin Master,5,Adventure,Moon Active,Games
app_html/cnet-2232.html,Safe Plus for,User Rating,Password Managers,Brian Saydak,Mac
app_html/cnet-0240.html,APK for,User Rating,Entertainment Software,Web Liker,Android
app_html/appbrain-0640.html,Jig Ruviuss Saw Trap,.,Adventure,Mazniac,Apps
app_html/aptoide-0639.html,Color Water Sort,5,Puzzle,Playspare,Android
app_html/apkpure-1939.html,100,,EntertainmentApplication,IT Khazana,Android
app_html/appagg-1326.html,Archers Online: PvP,50,Action,Byril,Android
app_html/aptoide-0741.html,My Boy! Lite,4.2,Arcade,Fast Emulator,Android
app_html/appbrain-0975.html,BTS V Fake Call Fake Chat,5,Entertainment,WinongDev,Apps
app_html/cnet-1436.html,ASKfm - Ask Me Anonymous Questions for,User Rating,Social Networking Software,Ask.fm,iOS
app_html/apkpure-1758.html,CookieRun: OvenBreak,.,GameApplication,Devsisters Corporation,Android
app_html/cnet-0952.html,#NAME?,User Rating,Management,ZuQ,Android
app_html/aptoide-0116.html,Temple Run,4.4,ACTION,Imangi Studios,Android
app_html/aptoide-0169.html,Dark War Survival,3,STRATEGY,Florere Game,Android
app_html/appagg-0873.html,Block Craft 3D：Building Game,417,Arcade,Wildlife Studios,Android
app_html/appbrain-1628.html,Newyear Card Maker,5,Photography,RamkumarApps,Apps
app_html/cnet-0099.html,Chat,User Rating,Communications,Team Sweety,Android
app_html/appagg-0506.html,VPN - Super Unlimited Proxy,4,Productivity,Mobile Jump Pte Ltd,Android
app_html/apkpure-1394.html,Books,8.7,EducationalApplication,Google LLC,Android
app_html/appagg-1214.html,From Zero to Hero Life,4.7,Simulation,Heatherglade Publishing,Android
app_html/appagg-1586.html,The Walking Dead: The Complete First Season,0,Action & Adventure,Skybound Games,Nintendo Games
app_html/apkpure-0337.html,DU National Convention,,Free Sports App,Ducks Unlimited,Android
app_html/appbrain-1448.html,Accsys,5,Shopping,ACCSYS DOT COM STORE PRIVATE LIMITED,Android
app_html/apkpure-1112.html,Meridian Carz APK for Android Download,,Free Travel & Local App,Meridian Carz,Android
app_html/appbrain-1139.html,幸福公路,5,Maps & Navigation,交,Android
app_html/appagg-0778.html,Banana Kong,42,Action,FDG Entertainment GmbH & Co.KG,Android
app_html/aptoide-1380.html,Guess your own Songs,-,Music,Christian Fourie,Android
app_html/apkpure-0527.html,IM3 EasyView,,&,Safire Labs,Android
app_html/appagg-1567.html,& Adventure Pinball,0,Simulation,SuperPowerUpGames,Nintendo Games
app_html/apkpure-1388.html,App,9.8,GameApplication,Ferrero Trading Lux S.A.,Android
app_html/cnet-1446.html,": Kinky, Fe",User Rating,Social Networking Software,KINKY DATING APP,iOS
app_html/aptoide-1470.html,Classic Euro Balls,5,Brain & Puzzle,Vtim Games,Android
app_html/appbrain-0259.html,LUDO,4.22,Board,Gametion,Android
app_html/cnet-1139.html,Toca House for,User Rating,Educational,Toca Boca,iOS
app_html/appbrain-0676.html,Airplanes & Jets Coloring Book,5,Educational,TeachersParadise.com,Android
app_html/aptoide-2134.html,"LK21 XXI - Live TV, Movie & Drama HD Sub Indo",3,Entertainment,logersaya,Android
app_html/appbrain-1264.html,Paradise Theme,5,Art & Design,#NAME?,Android
app_html/aptoide-2292.html,One Drive,4.3,Business,Filexpert,Android
app_html/apkpure-1041.html,WESLAMIC,,Free Tools App,Smartagedevelop,Android
app_html/aptoide-1100.html,Monkey,4,Racing,Crescent Moon Games,Android
app_html/aptoide-0577.html,Champions,-,SPORTS GAMES,Real Mobile Games,Android
app_html/appbrain-1289.html,Maker & Banner Maker,4.88,Art & Design,"Digital Marketing Tool - Flyer Maker, Poster Maker",Android
app_html/aptoide-1177.html,Roulette,2.3,Casino,Dumadu Studios,Android
app_html/appagg-1476.html,Funk,4,Action & Adventure,10:10 Games,Xbox Games
app_html/appagg-0492.html,Talking Ben the Dog,5,Entertainment,Outfit7 Limited,Android
app_html/aptoide-0272.html,Army Transport Helicopter Game,-,STRATEGY,Fazbro,Android
app_html/apkpure-1498.html,Url Video Player,4,Free Video Players & Editors App,Hossam Tameem,Android
app_html/cnet-0232.html,M4uHD - Movies and,User Rating,Entertainment Software,Chappell95,Android
app_html/appagg-1193.html,Two Dots: Connect the dots,395,Board,PlayDots,Android
app_html/cnet-0654.html,Christmas HD for,User Rating,Screensavers & Wallpaper,DualBoot Games,Android
app_html/appbrain-0464.html,PewDiePie: Legend of Brofist,4.84,Action,Outerminds Inc.,Apps
app_html/aptoide-0160.html,Epic Games,3.4,STRATEGY,Epic Games,Android
app_html/appbrain-1956.html,Eisbären Berlin,5,Sports,EHC Eisbären Management GmbH,Android
app_html/aptoide-2405.html,Cartão de crédito Samsung Itaú,-,Finance,Itaucard,Android
app_html/aptoide-0631.html,501 Free New Room Escape Game 2 - unlock door,4.6,Puzzle,Hidden Fun Games,Android
app_html/appagg-0542.html,Mercari: Buying & Selling App,0,Shopping,"Mercari, Inc.",Android
app_html/appbrain-1311.html,Cute Graffiti Theme,4.92,Art & Design,#NAME?,Android
app_html/aptoide-0023.html,Zombie Fire,4.2,ACTION,mobirix,Android
app_html/cnet-2229.html,Security,User Rating,Antivirus Software,eScan (MicroWorld Technologies),Mac
app_html/cnet-2107.html,SleepWatcher for,User Rating,Screensavers & Wallpaper,Bernhard Baehr,Mac
app_html/appagg-0636.html,PayRupik Instant Personal Loan,5,Finance,Sayyam Investments Pvt Ltd,Android
app_html/apkpure-1426.html,318 Sports,,Free Sports App,FiTech Sports Technology LLC,Android
app_html/appbrain-0979.html,X-Mutant Creatures Mod,5,Entertainment,GG Craft,Android
app_html/aptoide-1685.html,We,3.9,SOCIAL,"beNX CO., LTD",Android
app_html/appagg-1642.html,Fling to the Finish,0,Action & Adventure,Daedalic Entertainment,Games
app_html/appbrain-1950.html,West Coast Eagles Official,5,Sports,Telstra Ltd,Apps
app_html/appagg-1984.html,Seven Days,5,Action & Adventure,Fruitbat Factory,Steam Games
app_html/apkpure-1392.html,Casual Pursuit,,Free Action Game,Curious Dog Games,Android
app_html/aptoide-1976.html,Smart Call,3.3,Tools,Permissions : 11 Name : Smart Call Size : 3 MB Downloads : 7M Version : 15.0.01.,Android
app_html/appagg-0198.html,Amazon Alexa,375,Lifestyle,Amazon Mobile LLC,Android
app_html/apkpure-0044.html,MINICRAFT,7.7,Free Simulation Game,Casual Game Center,Android
app_html/cnet-1168.html,Toca Train for,User Rating,Educational,Toca Boca,iOS
app_html/aptoide-1264.html,Double Diamond Slot Machine,-,Casino,topbug,Android
app_html/appagg-1873.html,Shoot. Push. Repeat.,0,Classics,CrewLab,Games
app_html/apkpure-1176.html,Fonts Aa Keyboard,3,DesignApplication,Fonts Art,Android
app_html/appagg-1076.html,Manor Cafe - Match 3,395,Puzzle,GAMEGOS,Android
app_html/cnet-2250.html,OneSafe for,User Rating,Password Managers,Lunabee,Mac
app_html/appagg-1541.html,Masky,0,Action & Adventure,Forever Entertainment,Nintendo Games
app_html/appbrain-0960.html,Xem tử vi,5,Entertainment,X,Apps
app_html/appbrain-0774.html,Art Salon for Kids Game,4.83,Educational,TapJoy,Android
app_html/appbrain-0688.html,123 Numbers Games For Kids,5,Educational,sbitsoft.com,Apps
app_html/appagg-0377.html,AliExpress: интернет-магазин,50,Shopping,ALIEXPRESS CIS HOLDING PTE. LTD,Android
app_html/cnet-2033.html,Growly Calculator for,User Rating,Productivity Software,GrowlyBird Software,Mac
app_html/appagg-1158.html,Frost & Flame: King of Avalon,395,Strategy,FunPlus International AG,Android
app_html/appagg-0366.html,Google TV,375,Video Players & Editors,Google LLC,Android
app_html/appbrain-1361.html,Paper Snowflake Making Ideas,4.82,Art & Design,Jeindevica,Apps
app_html/appbrain-1649.html,": drift, police",5,Racing,Planegg Mobile Entertainments,12+
app_html/appagg-0599.html,Contacts,50,Communication,Google LLC,Android
app_html/appagg-0589.html,"Thunder VPN - Fast, Safe VPN",5,Tools,Secure Signal Inc.,Android
app_html/appagg-1301.html,Play Together VNG,0,Casual,VNG Corporation,Android
app_html/aptoide-2111.html,Y2Mate YouTube Videos Downloader,3.3,& VIDEO,Tranquil,Android
app_html/apkpure-2085.html,E-,,Free Books & Reference App,Kansalliskirjasto,Android
app_html/aptoide-0326.html,The Amazing Spiderman FlahsCheats,3.2,ADVENTURE,default,Android
app_html/apkpure-1608.html,R.E.K.O Haunted House Escape,,Free Casual Game,MegaGamez,Android
app_html/appagg-1872.html,shapez,5,Classics,tobspr Games,Games
app_html/cnet-0536.html,AdWallet APK for,User Rating,Productivity Software,Ingenious Apps Studio,Android
app_html/apkpure-1033.html,Castle Make and Pla‪y,3,Free Art & Design App,"Monterey's Coast, Inc.",Android
app_html/cnet-1840.html,for,User Rating,Adventure Games,Roblox,Mac
app_html/aptoide-1952.html,SWF Player,3.17,MEDIA & VIDEO,Jose Adenaldo Santos Bittencourt Junior,Android
app_html/cnet-2224.html,ZoogVPN for,User Rating,Security Software,Zoog Services,Mac
app_html/appbrain-0356.html,MyTopDeals | Schnäppchen,5,Shopping,Monkey Businezz GmbH,Apps
app_html/cnet-2213.html,Keyboard And Mouse Recorder for,User Rating,Keyboard And Mouse Recorder,AlphaOmega Software,Mac
app_html/appagg-1881.html,Tree Simulator 2021,0,Action & Adventure,Revmatek,Steam Games
app_html/appagg-1320.html,Zombie Smasher,395,Arcade,Italic Games,Android
app_html/cnet-2187.html,PRS Password Recovery Software for,User Rating,Password Managers,Nsasoft,MAC
app_html/cnet-0801.html,VIVID Car Launcher APK for,User Rating,Itineraries & Schedules,VIVIDTeam,Android
app_html/appagg-0378.html,BookMyShow | Movies & Events,375,Entertainment,Bigtree Entertainment Pvt. Ltd.,Android
app_html/appbrain-1579.html,Keepsake,4,Photography,Keepsake Inc,Android
app_html/aptoide-1230.html,Blackjack,2,Casino,Shamanth,Android
app_html/appbrain-0120.html,Messages,2.19,Communication,Bridgefy,Apps
app_html/apkpure-1245.html,Mightier APK for Android Download,,GameApplication,Boston,Android
app_html/cnet-1894.html,Facebook,User Rating,Social Networking Software,Facebook Pro,Mac
app_html/appagg-1131.html,Klondike Adventures: Farm Game,4.6,Simulation,VIZOR APPS LTD.,Android
app_html/apkpure-0685.html,Google,8.9,Free Business App,Google LLC,Android
app_html/apkpure-2128.html,DJ Pickup Mod Bus Simulator,,UtilitiesApplication,Livery Dot,Android
app_html/apkpure-0911.html,Cartoon Network GameBox,2,GameApplication,EMEA,Android
app_html/apkpure-1558.html,Assoluto Racing,7.7,GameApplication,Infinity Vector LLC,Android
app_html/apkpure-1929.html,LAOLA1,,Free Sports App,Sportradar Mobile,Android
app_html/cnet-0023.html,Infinity4Uv2 APK for,User Rating,Communications,Navarino Telecom SA,Android
app_html/aptoide-2245.html,"Vault-Hide Pics & Videos,App Lock, Free backup",4.5,Business,NQ Mobile Security (NYSE:NQ),Android
app_html/cnet-2231.html,Phantom VPN Pro for,User Rating,Encryption Software,Avira,Mac
app_html/cnet-0728.html,AVG AntiVirus 2021,User Rating,Security Software,AVG Technologies,Android
app_html/appagg-1334.html,Rally Fury - Extreme,54,Racing,Refuel Games Pty Ltd,Android
app_html/cnet-1100.html,Toca Band for,User Rating,Educational,Toca Boca,iOS
app_html/apkpure-0982.html,24,0,UtilitiesApplication,AutoScout24 GmbH,Android
app_html/cnet-1983.html,Office 2004 for,User Rating,Office Suites,Microsoft,Mac
app_html/appbrain-1754.html,Triple Throne Horse,4.71,Racing,Area 2 Games,Android
app_html/apkpure-1486.html,Knowz APK for Android Download,,UtilitiesApplication,Knowz,Android
app_html/appbrain-0214.html,Microsoft Excel: Spreadsheets,4.79,Productivity,Microsoft Corporation,Apps
app_html/appbrain-2028.html,Bianconeri Live: Soccer App,4.92,Sports,TRIBUNA TRADING LTD,Android
app_html/appagg-0239.html,File Manager,50,Tools,Xiaomi Inc.,Android
app_html/cnet-0086.html,Walla - Gay chat for,User Rating,Communications,Catch Me LLC,Android
app_html/appbrain-1149.html,"MochiMochi - Navigation, Pay",5,Maps & Navigation,Autopass,Apps
app_html/apkpure-1876.html,Tripadvisor APK for Android Download,4,TravelApplication,Tripadvisor,Android
app_html/appbrain-1539.html,photo blender - Blend Pictures,4.95,Photography,disco ningo,Android
app_html/cnet-1998.html,Google Workspace for,User Rating,Office Suites,Google,Mac
app_html/aptoide-1143.html,Moto Madness Stunt,3,Racing,Games Gear Studio Limited,Android
app_html/appagg-1190.html,Project Makeover,5,Casual,"Magic Tavern, Inc.",Android
app_html/apkpure-1885.html,Super Bear Adventure,5,GameApplication,Earthkwak Games,Android
app_html/cnet-0482.html,Grams,User Rating,Social Networking Software,TrueLab,Android
app_html/appbrain-0559.html,Doomdark's Revenge,5,Adventure,Chilli Hugger Software Limited,Android
app_html/appbrain-1429.html,SHOPGEN,5,Shopping,Shopgenix Company Limited,Apps
app_html/appbrain-0795.html,Jesus Telugu Songs Book,5,Books & Reference,Charvika Technologies,Android
app_html/cnet-0921.html,Cider APK for,User Rating,Utilities & Tools,"Columbia University, CSE Dept.",Android
app_html/appbrain-1072.html,1 Rep Max Calculator and Log,4.94,Health & Fitness,Code Gardener LLC,Apps
app_html/aptoide-0075.html,Supreme Duelist,4.6,ACTION,Neron's Brother,Android
app_html/appbrain-0660.html,E. Learning Japan Map Quiz,5,Educational,Digital Gene,Android
app_html/aptoide-0223.html,Five Nights at Freddy's 2 Demo,4.1,STRATEGY,Scott Cawthon,Android
app_html/aptoide-0541.html,Real Wrestling Fight - Bodybuilder Fighting Games,-,SPORTS GAMES,Top Arcade Games,Android
app_html/appbrain-1764.html,Taiwan Driver-Car,4.67,Racing,ChiGames,Android
app_html/appbrain-1330.html,How To Draw Cute,4.82,Art & Design,Tip-Tap Games,Android
app_html/aptoide-2279.html,Google Meet,3.5,Business,Google Inc.,Android
app_html/cnet-0070.html,Open,User Rating,Communications Chat,Winterfell Applab - Clone App & Status Downloader,Android
app_html/appbrain-0667.html,Addition and Subtraction,5,Educational,DVP Games,Android
app_html/appagg-0096.html,Mail,5,Communication,Yahoo,Android
app_html/aptoide-1309.html,Dancing Cube Magic Dance Line,-,Music,AimLab,Android
app_html/appagg-2069.html,Silver Chains,0,Action & Adventure,Headup Games,Games
app_html/appagg-1513.html,Dropicon Cut - Icon Pack,5,Personalization,GomoTheGom,Android
app_html/apkpure-1242.html,REALITY Become an Anime Avatar,7.9,SocialNetworkingApplication,"REALITY, Inc.",Android
app_html/aptoide-1383.html,Inc,5,Music,eVaultCloud,Android
app_html/cnet-1572.html,Phone Clone - Migrate your Data for,User Rating,Calendar & Time Management Software,Huawei Technologies,iOS
app_html/appbrain-1791.html,Ardas Sahib: Audio & Text,5,Social,Ar,Apps
app_html/appbrain-1522.html,Men Formal Shirt Photo Editor,5,Photography,Allsuitmaster,Apps
app_html/appbrain-0001.html,e-Halsangandn,3.77,Education,SoftMax Company,Android
app_html/aptoide-0861.html,VGBAnext - Universal Console Emulator,3,Arcade,Garage Research Emulators,Android
app_html/apkpure-1908.html,Fishing : Angler Guide TIFNIT,,UtilitiesApplication,Spotic,Android
app_html/apkpure-0411.html,Camo Assassin,,Free Action Game,TiNg Games,Android
app_html/appbrain-0725.html,Shapes Painting Learning Games,5,Educational,Girls Fashion Entertainment,Apps
app_html/appagg-0759.html,Boom Beach: War Strategy Game,5,Strategy,Supercell,Android
app_html/appbrain-1924.html,First Germany,5,Sports,EGYM,Apps
app_html/aptoide-2251.html,"Universal Audio register Spy, recording by timer, Automatic call recording, hidden mode",3.67,Business,app developer,Android
app_html/cnet-1136.html,PCB Droid for,User Rating,Educational,PCB Droid Kft,iOS
app_html/appbrain-1191.html,GPS Speedometer Odometer (Pro),4.88,Maps & Navigation,COOL NIKS,Apps
app_html/cnet-0222.html,Dev IPTV Player Pro for,User Rating,Entertainment Software,Devcoder,Android
app_html/apkpure-1981.html,Baby Panda World APK for Android Download,1,GameApplication,BabyBus,Android
app_html/appbrain-0832.html,Allstats BPS,5,Books & Reference,Badan Pusat Statistik,Apps
app_html/appbrain-1319.html,Teen,4.83,Art & Design,KAWAII WALLPAPER,Android
app_html/cnet-0476.html,Booster for tiktok for,User Rating,Social Networking Software,Cross Bits Communication,Android
app_html/aptoide-1824.html,Netflix,3.7,MEDIA & VIDEO,"Netflix, Inc.",Android
app_html/apkpure-1916.html,Face,7.9,DesignApplication,FaceApp Technology Ltd,Android
app_html/appagg-0768.html,3D - FPS Shooter,417,Action,Pixel Gun,Android
app_html/appbrain-0142.html,Brainroot Merge Battle,4.85,Casual,YoB,Android
app_html/apkpure-2029.html,Zombie ON,,Free Action Game,WS LTD,Android
app_html/apkpure-0586.html,Frizz - Hair Forecast,,UtilitiesApplication,Wirl Inc,Android
app_html/apkpure-0997.html,MACRO MSI - SENSIBILIDAD PRO,1,Free Entertainment App,Yeudi Developer,Android
app_html/aptoide-1181.html,Teen Patti,-,Casino,DroidVeda LLP,Android
app_html/appbrain-1000.html,Holmes,5,Health & Fitness,Virtuagym Professional,Android
app_html/appagg-0203.html,& selling,150,Shopping,eBay Inc.,Android
app_html/apkpure-1642.html,Kinzy APK for Android Download,,Free Parenting App,Kinzy,Android
app_html/cnet-1682.html,for,User Rating,Chat,LimeChat,Mac
app_html/aptoide-0376.html,tom Hil lCar,5,ADVENTURE,top android,Android
app_html/apkpure-0941.html,Holland,,TravelApplication,Holland America Group,Android
app_html/apkpure-0305.html,E88,,Free Casual Game,Room Games Inc,Android
app_html/appagg-0801.html,Helix Jump,5,Action,VOODOO,Android
app_html/cnet-0111.html,dFast App Apk Games,User Rating,Educational,Sydney Abuya,Android
app_html/appbrain-1594.html,Photo Mirror Photo Editor Pro,4.86,Photography,Pic Artist Pro,Apps
app_html/appbrain-1729.html,以全碳,4.71,Racing,LongE Play,Apps
app_html/appbrain-0593.html,Beyond the Room,4.85,Adventure,Beyond,Apps
app_html/cnet-0174.html,Super English Shona Bible for,User Rating,Educational,Super Bible Zone,Android
app_html/appbrain-1101.html,& Gym Workouts,4.93,Health & Fitness,Nüli,Apps
app_html/appbrain-1762.html,Drift Bar,4.8,Racing,MordeSu Studlo,Apps
app_html/aptoide-0415.html,MiniCraft X,1,ADVENTURE,matengsetengah,Android
app_html/apkpure-1667.html,Woodturning,2,Free Simulation Game,VOODOO,Android
app_html/aptoide-0017.html,Free,5,ACTION,111dots Studio,Android
app_html/apkpure-1313.html,Pocket Love,1,GameApplication,HyperBeard,Android
app_html/aptoide-0035.html,Granny Grandpa 2,2.2,ACTION,Sync Games,Android
app_html/apkpure-1902.html,"lp Food, Delivery & Reviews",0,ShoppingApplication,"Yelp, Inc",Android
app_html/apkpure-2224.html,KMSKA,,Free Art & Design App,Koninklijk Museum voor Schone Kunsten Antwerpen,Android
app_html/appbrain-0249.html,#NAME?,4.39,Communication,imo.im,Android
app_html/aptoide-1091.html,Brasil Tuning 2,3.5,Racing,Virtua Games - Jogo de Moto e Carro - Bike Games,Android
app_html/apkpure-2110.html,Games,8.9,Free Entertainment App,HeyTap,Android
app_html/cnet-1518.html,PayNearby Distributor for,User Rating,Business Applications,NearBy Technologies,iOS
app_html/cnet-0576.html,Deck,User Rating,Productivity Software,Riva Farabi,Android
app_html/apkpure-0848.html,CHRISTIAN HYPNOBIRTHING,,EducationalApplication,Gather Pty Ltd,0
app_html/cnet-0478.html,VictoriaMilan APK for,User Rating,Social Networking Software,Vedal R&D Lab K,Android
app_html/apkpure-0531.html,VoVoo X Live Video Chat,0,SocialNetworkingApplication,DuoYo Team,Android
app_html/cnet-1719.html,LaTeXiT for,User Rating,Reference Software,Pierre Chatelier,Mac
app_html/appbrain-0040.html,VoVoo Lite - Live Video Chat,3.86,Social,DuoYo Team,Android
app_html/aptoide-0740.html,HiApp,4.6,Arcade,Huawei,Android
app_html/cnet-0460.html,Chat,User Rating,Social Networking Software,KritiqApps,Android
app_html/aptoide-1615.html,Lite,5,SOCIAL,Microsoft Corporation,Android
app_html/aptoide-1442.html,#NAME?,4.6,Board,Chess.com,Android
app_html/aptoide-1756.html,XNX VPN Fast and Secure Unlimited,4,COMMUNICATION,Andres Senger,Android
app_html/aptoide-2365.html,DanaRupiah-Pinjaman Uang Cepat,3.6,Finance,DanaRup,Android
app_html/cnet-2082.html,TransType for,User Rating,Font Tools,FontLab,Mac
app_html/aptoide-2025.html,PPSSPP - PSP emulator,4,Tools,ToolStoreFree,Android
app_html/aptoide-1296.html,OCPedia-UK Online Casino Slots,-,Casino,CasinoPedia,Android
app_html/apkpure-1560.html,Brainrot Funny Prank Call,,Free Entertainment App,Coconut Game,Android
app_html/cnet-0473.html,Ti,User Rating,Social Networking Software,Nilkanth,Android
app_html/cnet-0319.html,The Amazing Spider-Man 2 APK for,User Rating,Action Games,gameloft,Android
app_html/cnet-1899.html,Downloader,User Rating,Download Managers,Apowersoft,Mac
app_html/cnet-0379.html,:,User Rating,Action Games,Glu,Android
app_html/appbrain-1760.html,Traigan la Cartulina,4.67,Racing,Loquendero Dev,Apps
app_html/cnet-1048.html,Eid Mubarak Stickers,User Rating,Chat,Yeon Tai Ang,iOS
app_html/appbrain-1469.html,OmniPass,5,Shopping,Art Dynasty,Android
app_html/cnet-0312.html,Ruok FF Auto Headshot APK for,User Rating,Utilities & Editors,Head Marco,Android
app_html/cnet-1339.html,Puzzle Game,User Rating,"Sudoku, Crossword & Puzzle Games",Outfit7,iOS
app_html/cnet-2136.html,Fan Control,User Rating,Screensavers & Wallpaper,CrystalIdea Software,Mac
app_html/apkpure-0609.html,VaR's VR Video Player,0.61,MultimediaApplication,After Breakdown Games,Android
app_html/aptoide-0719.html,Games,4.3,Puzzle,018lady,Android
app_html/appbrain-0117.html,Backup,4.83,Tools,Skyprincetech,Apps
app_html/cnet-0406.html,Ultimate,User Rating,Action Games,astro media,Android
app_html/apkpure-0503.html,Craftsman Building Craft,5,GameApplication,StarGame12,Android
app_html/cnet-1694.html,MD for,User Rating,Reference Software,OsiriX,Mac
app_html/apkpure-1456.html,BoloHi,2,SocialNetworkingApplication,BoloHi Team,Android
app_html/apkpure-0020.html,"Zapya File Transfer, Share",2,UtilitiesApplication,"Dewmobile USA, Inc.",Android
app_html/appagg-0935.html,Sudoku.com - Classic Sudoku,4.5,Puzzle,Easybrain,Android
app_html/aptoide-0560.html,GranBoard,4,SPORTS GAMES,"LUXZA Co.,Ltd.",Android
app_html/appagg-1488.html,Train Driver Simulator,0,Racing & Flying,SC Ovilex Soft,Nintendo Games
app_html/apkpure-0386.html,IRMO AI Video Photo Generator,,DesignApplication,MOBIVERSITE,Android
app_html/appagg-0061.html,Likee - Short Video Community,45,Social,Likeme Pte. Ltd.,Android
app_html/cnet-1078.html,Beagle dog sticker animated for,User Rating,Chat,Quoc Ph,iOS
app_html/appbrain-0011.html,Answer survey and get A,4.42,Lifestyle,JAKPAT Team,Apps
app_html/apkpure-0050.html,", an Instagram app",0,MultimediaApplication,Instagram,Android
app_html/apkpure-0988.html,Get,3,EntertainmentApplication,Developer,Android
app_html/aptoide-1931.html,Ifilm - Movie French 2017,3.16,MEDIA & VIDEO,if,Android
app_html/appbrain-1320.html,Birthday Photo Frame Maker,4.81,Art & Design,ZipoApps,Android
app_html/cnet-0935.html,for,User Rating,Utilities & Tools,APKTime,Android
app_html/apkpure-1652.html,"Merge game, suika, watermelon",,GameApplication,Puzzles and Games for Everybody,Android
app_html/cnet-1662.html,Astro,User Rating,E-mail Software,Astro Technology,Mac
app_html/apkpure-0235.html,Weather in Holland: the app,,UtilitiesApplication,Surfcheck,Android
app_html/cnet-1473.html,Free,User Rating,Social Networking Software,GemSoftware,iOS
app_html/apkpure-1340.html,AquaPro,,Free Events App,CPF IT Center,Android
app_html/aptoide-2236.html,File Commander Manager & Vault,4.3,Business,MobiSystems,Android
app_html/apkpure-1162.html,Guroja Live Video Chat,0,SocialNetworkingApplication,Coconut Live Inc.,Android
app_html/aptoide-0486.html,Pool 2018,5,Board,Andromeda Games,Android
app_html/cnet-0096.html,Spider-Man: Far From Home,User Rating,Communications,Sony Pictures Entertainment,Android
app_html/cnet-1769.html,Latin Dictionary for,User Rating,Language Software,Cthulhu Software,Mac
app_html/cnet-1124.html,Game Cheater -unlimited cheats for,User Rating,Reference Software,Zubaida Ibrahim,iOS
app_html/appbrain-0840.html,Bhakti Bodh (Hindi),5,Books & Reference,Satgur,Android
app_html/apkpure-0519.html,NoteCam Lite - GPS,4,TravelApplication,Derekr Corp.,Android
app_html/apkpure-1783.html,fing Travel App,6.6,Free Travel & Local App,Couchsurfing Inc.,Android
app_html/cnet-1722.html,2011,User Rating,Teaching Tools,Software MacKiev,Mac
app_html/apkpure-1472.html,MOON - Current,4,Free Weather App,Moon Calendar,Android
app_html/appbrain-1846.html,#NAME?,5,Social,WAStickerApps-Apps,Apps
app_html/appbrain-1976.html,FAME MMA,5,Sports,StreamOnline,Apps
app_html/appbrain-1383.html,MICHAEL JAMES SMITH TV,4.83,Art & Design,PalettePro Ltd,Android
app_html/apkpure-1532.html,Rota77,,Free Travel & Local App,Passageiro #VaideRota77,Android
app_html/appbrain-1808.html,Asa Di Vaar: audio with text,5,Social,Bit Art,Apps
app_html/appbrain-0210.html,ShareMe: File sharing,4.58,Tools,Xiaomi Inc.,Apps
app_html/appagg-0503.html,: Health & Fitness,50,Health & Fitness,Noise,Android
app_html/aptoide-0666.html,Ma,5,Puzzle,BitMango,Android
app_html/aptoide-1946.html,Video converter mp4,3.9,MEDIA & VIDEO,Dauis,Android
app_html/appbrain-0786.html,Al Quran 30 Juz Offline,5,Books & Reference,RAFIO,Android
app_html/apkpure-0704.html,Bet,0,SportsApplication,BetOnAir Betting Tips - Sport Predictions,Android
app_html/aptoide-0993.html,Moto Bike traffic racer,-,Simulation,Race,Android
app_html/aptoide-2145.html,Crack your mobile screen,4.3,Entertainment,Marcin,Android
app_html/appbrain-0721.html,Punjabi Spelling Word Game,4.92,Educational,Albatross Singh,Android
app_html/aptoide-0255.html,Pocket,4.3,STRATEGY,Heyworks Inc.,Android
app_html/aptoide-0738.html,Subway banana surf,2.86,Arcade,Hexping,Android
app_html/apkpure-0021.html,Kiplin APK for Android Download,,Free Health & Fitness App,Ash,Android
app_html/cnet-1440.html,VIP-Panel for,User Rating,Social Networking Software,Bauer Digital KG,iOS
app_html/aptoide-1918.html,A1-PlayTube,1,MEDIA & VIDEO,Saveit Tube,Android
app_html/cnet-1510.html,Captain for,User Rating,Business Applications,Careem,iOS
app_html/cnet-0019.html,App,User Rating,Communications,Live Cam Chats,Android
app_html/apkpure-1003.html,Invitation Maker－Card Creator,,UtilitiesApplication,Battery,Android
app_html/appagg-0691.html,VPN - fast proxy + secure,0,Tools,Stolitomson VPN,Android
app_html/cnet-0255.html,AR Real Driving,User Rating,Entertainment Software,Enteriosoft,Android
app_html/appbrain-0904.html,HolyTune : Islamic Gojol,5,Entertainment,V4 Technologies,Apps
app_html/apkpure-1960.html,Call,2,GameApplication,"Activision Publishing, Inc.",Android
app_html/cnet-0955.html,BTmono APK for,User Rating,Utilities & Tools,bedoig,Android
app_html/appbrain-0552.html,Escape Game: Mythical tree,4.94,Adventure,Studio Wakaba,Apps
app_html/apkpure-0228.html,Light,,Free Tools App,"Chengdu GuangZi Shidong Technology Co., Ltd",Android
app_html/appbrain-0919.html,Easy Win,5,Entertainment,i-SymboLic,Android
app_html/apkpure-1602.html,CCD Digital Film Camera,0,DesignApplication,cerdillac,Android
app_html/appagg-1259.html,Crowd City,4.7,Simulation,Voodoo,Android
app_html/aptoide-1318.html,"Murglar - music from Deezer, SoundCloud, VKontakte and Yandex",3.2,Music,badmannersteam,Android
app_html/apkpure-1187.html,Real Boxing 2,7.6,GameApplication,Vivid Games S.A.,Android
app_html/cnet-1970.html,Office 2011 for,User Rating,Office Suites,Microsoft,Mac
app_html/appagg-0370.html,Dailyhunt - News & Magazines,50,News & Magazines,Eterno Infotech,Android
app_html/appbrain-0002.html,HAMARA TUNNEL LITE,4.21,Tools,AWARE NPC,Android
app_html/appagg-1606.html,the Sequence,0,Classics,OneManBand],Games
app_html/appbrain-1026.html,#NAME?,5,Health & Fitness,Bi,Apps
app_html/appagg-1143.html,Lep's World,395,Arcade,nerByte GmbH,Android
app_html/appbrain-0177.html,YouTube Music,4.55,Music & Audio,Google LLC,Apps
app_html/aptoide-0214.html,Paper War,5,STRATEGY,ANONIM SIRKETI,Android
app_html/appagg-1596.html,Into the Breach,4,Other,Subset Games,Games
app_html/cnet-1597.html,Camfrog Video Chat for,User Rating,Web Phones & VoIP Software,Camshare,Android
app_html/apkpure-0108.html,West Gunfighter,2,Free Action Game,Candy Mobile,Android
app_html/aptoide-1893.html,Video Editor,3.5,MEDIA & VIDEO,Yogesh Patel,Android
app_html/apkpure-2186.html,Kodi,8.7,MultimediaApplication,Kodi Foundation,Android
app_html/appbrain-1796.html,Swadeshi - Indian Brands and P,5,Social,BitYantra Innovations,Apps
app_html/apkpure-1926.html,Magic Eraser Remove Objects,0,DesignApplication,AI Photo Editor & AI Art Generator,Android
app_html/appbrain-1118.html,Lose Belly Fat : Abs Workout,4.96,Health & Fitness,fitofitness,Android
app_html/aptoide-0126.html,Sword Shadow Ninja Game 3D,4,ACTION,Play Wizard,Android
app_html/apkpure-1769.html,Mood Play,,Free Video Players & Editors App,D. Saldias Villarroel,Android
app_html/appbrain-0346.html,(JP)無料テレビ©,5,News & Magazines,無料視聴：ニュース速報、アニメ、映画、天気、地震速報、バラエティ、スポーツなど無制限,Android
app_html/apkpure-2112.html,Firsty Travel,,TravelApplication,eSIM - Fast Data Bamboo Connected,Android
app_html/cnet-1218.html,Live Sports Plus HD for,User Rating,Entertainment,Umar Farooq,iOS
app_html/apkpure-1568.html,Skindex,,Free Beauty App,Skindex admin,Android
app_html/aptoide-1056.html,Rally Fury - Extreme,4.5,Racing,Refuel Games Pty Ltd,Android
app_html/apkpure-2031.html,Tawakkalna,0,UtilitiesApplication,National Information Center,Android
app_html/appbrain-1972.html,Empire of The Kop,5,Sports,Rocket Sports Network,Android
app_html/aptoide-1011.html,Golf,5,Simulation,Emre Vona,Android
app_html/aptoide-0850.html,Magical Mario,-,Arcade,VProtect Team,Android
app_html/aptoide-0431.html,Genshin Impact,3.3,ADVENTURE,miHoYo Limited,Android
app_html/aptoide-2250.html,AnyDesk Remote Desktop,4.5,Business,AnyDesk Software GmbH,Android
app_html/aptoide-2401.html,S-,2.8,Finance,Sparkassen-Finanzportal GmbH,Android
app_html/appbrain-1089.html,Meditation Music Pro,4.94,Health & Fitness,Craftsman Spirit,Apps
app_html/aptoide-1532.html,Logo Quiz,5,Trivia,if,Android
app_html/aptoide-1559.html,Ethical Hacking Quiz,5,Brain & Puzzle,DragonJAR Movil,Android
app_html/apkpure-1035.html,Snapseed,0,DesignApplication,Google LLC,Android
app_html/aptoide-2017.html,WiFi Auto Connect,4.3,Educational,LINKSURE NETWORK HOLDING,Android
app_html/appagg-0999.html,Who is? Brain Teaser & Riddles,4.7,Trivia,Unico Studio,Android
app_html/aptoide-0695.html,Color,2.3,Puzzle,Zephyr Mobile,Android
app_html/cnet-0889.html,KFC South Africa APK for,User Rating,Maps,Yum! Brands,Android
app_html/appbrain-0791.html,English To Assamese Dictionary,5,Books & Reference,Pathinfo Solution,Apps
app_html/aptoide-2044.html,APK Installer,4.5,Tools,AvS Apps,Android
app_html/apkpure-0102.html,Microsoft Outlook,8.9,UtilitiesApplication,Microsoft Corporation,Android
app_html/appbrain-1817.html,Fat,3.22,Social,Appomax IT,Android
app_html/cnet-1496.html,App,User Rating,Business Applications,PHONEPE PRIVATE LIMITED,iOS
app_html/apkpure-0940.html,WW2 Duty: FrontLine Zone,,GameApplication,Cooking Game Global,Android
app_html/appbrain-0905.html,Horoscope,5,Entertainment,Comitic,Android
app_html/appbrain-1671.html,Racing Xperience: Driving Sim,4.87,Racing,BMZ Games,Apps
app_html/cnet-0638.html,Blended,User Rating,Screensavers & Wallpaper,Vignesh Vicky,Android
app_html/appbrain-0877.html,Status para todos os momentos,5,Entertainment,Elementare Tecnologia,Apps
app_html/cnet-1372.html,Animal & dinosaur rescue,User Rating,Simulation,gameloft (iDP),iOS
app_html/appbrain-0052.html,Angela World: Avatar Life,4.49,Simulation,Kitten Doll Studio,Android
app_html/apkpure-0880.html,Klara,0,Free Weather App,Androworks,Android
app_html/appagg-0022.html,Google Messages,250,Communication,Google LLC,Android
app_html/appagg-2042.html,Dark Fairy Fantasy,0,Other,Pink Label Games,Games
app_html/cnet-0155.html,Live,User Rating,Reference Software,Apppublished,Android
app_html/appbrain-1987.html,Kalender Moto 2025,5,Sports,RMF SA,Android
app_html/aptoide-2188.html,Live,-,Entertainment,Creative Group Of Technology,Android
app_html/apkpure-0541.html,Smarty Men Jacket Photo,,LifestyleApplication,One Logix Studio,Android
app_html/apkpure-2171.html,Tide Charts,.,Free Weather App,7th Gear,Android
app_html/cnet-0340.html,Play,User Rating,Simulation,YoYa World,Android
app_html/appbrain-1989.html,SR Padel,5,Sports,The Finder,Apps
app_html/cnet-0001.html,RealLikes - Get Real TikTok Likes Followers,User Rating,Communications,Fan Lift,Android
app_html/aptoide-0846.html,Games for,5,Arcade,K. O. BOOBOO LAB LTD,Android
app_html/cnet-0137.html,GTA,User Rating,Action Games,Netflix Inc.,Android
app_html/aptoide-1129.html,ATV XTrem / Quad,4.5,Racing,Dream-Up,Android
app_html/apkpure-0807.html,Secure VPN,5,UtilitiesApplication,Secure Signal Inc.,Android
app_html/appbrain-0457.html,La Libertad Arrasa: Milei,4.86,Action,KinGamesCreator.,Android
app_html/apkpure-1125.html,Master,0,EntertainmentApplication,Stoke Apps,Android
app_html/cnet-0617.html,Countdown Timer Live Wallpaper for,User Rating,Screensavers & Wallpaper,Shiva Apps Studio 2020,Android
app_html/aptoide-1064.html,العاب فلاش سيارات تفحيط,5,Racing,GamesNewGuru,Android
app_html/appagg-0573.html,Too Good To Go: End Food Waste,5,Food & Drink,Too Good To Go Aps,Android
app_html/appagg-1261.html,Kick The Buddy,395,Action,Playgendary Limited,Games
app_html/apkpure-1631.html,Launcher Lite,3,DesignApplication,Moboapps Dev Team,Android
app_html/appagg-1959.html,Prison Forever,0,Action & Adventure,Revmatek,Steam Games
app_html/aptoide-2060.html,Android TV Remote Service,3.76,Tools,Google LLC,Android
app_html/cnet-2092.html,Widgetter for,User Rating,Screensavers & Wallpaper,Bitnite,Mac
app_html/apkpure-0970.html,Four Seasons,,Free,REDOQ,Android
app_html/cnet-0047.html,: View,User Rating,Communications,isunny,Android
app_html/apkpure-2096.html,Jobs & Community,0,BusinessApplication,Glass,Android
app_html/aptoide-1044.html,MAXIMUM CAR,3.86,Racing,Ancient Games,Android
app_html/apkpure-0827.html,3,,UtilitiesApplication,Mini Tools Studio,Android
app_html/appagg-0223.html,: AI Homework Helper,375,Education,Brainly,Android
app_html/aptoide-0462.html,Cricket 2016 Games,4.5,SPORTS GAMES,Imran Live Cricket,Android
app_html/apkpure-1958.html,Fishing Clash,3,GameApplication,Ten Square Games,Android
app_html/appbrain-0432.html,Zombie Hunt: Apocalypse Games,4.88,Action,VNGGames Studios,Android
app_html/apkpure-2161.html,po,0,Free Social App,Byteu,Android
app_html/cnet-2127.html,Telling Folders for,User Rating,Screensavers & Wallpaper,OMZ-Software,Mac
app_html/aptoide-0389.html,My Perfect Goddess,3,ADVENTURE,CYMBIDIUM GAME LIMITED,Android
app_html/appagg-0308.html,Lightroom Photo & Video Editor,50,Photography,Adobe,Android
app_html/apkpure-1830.html,Nana نعناع,9.8,Free Food & Drink App,Nana Direct,Android
app_html/apkpure-1666.html,ThaiWater,,Free Weather App,Hydro - Informatics Institute,Android
app_html/apkpure-1544.html,Free Fire,8.6,GameApplication,Garena International I,Android
app_html/apkpure-0041.html,Out,,Free Business App,MAMC,Android
app_html/appagg-1912.html,Biped,5,Action & Adventure,NEXT Studios,Steam Games
app_html/appbrain-0664.html,Vlad and Niki - World Travel,5,Educational,Hippo Kids Games,Android
app_html/aptoide-1831.html,xt,4.1,MEDIA & VIDEO,SmartTubeNext,Android
app_html/aptoide-0465.html,OSM 25 - Football Manager game,4.6,SPORTS GAMES,Game,Android
app_html/aptoide-0762.html,ePSXe sevenzip Plugin,4.25,Arcade,epsxe software s.l.,Android
app_html/cnet-2053.html,CalcMadeEasy for,User Rating,Calculators,Lalit Patil,Mac
app_html/cnet-1104.html,Khmer Bac II for,User Rating,Educational,CHEAB Kunthea,iOS
app_html/appagg-0415.html,Trust: Crypto & Bitcoin Wallet,4.5,Finance,"DApps Platform, Inc.",Android
app_html/appagg-2029.html,Rampage,5,Action & Adventure,RewindApp,Steam Games
app_html/appagg-1990.html,Sayonara Wild Hearts,5,Action & Adventure,Annapurna Interactive,Games
app_html/appagg-1438.html,Pinzzo,0,Classics,Wellington,Steam Games
app_html/aptoide-0824.html,Cooking Madness A Chef's Game,4.8,Arcade,AlphaFun2017,Android
app_html/appagg-2061.html,Xenon Racer,0,Racing & Flying,3DClouds,Games
app_html/apkpure-1086.html,Real Drone - War Simulator,,GameApplication,A G BROTHERS SOFTWARE DESIGN,Android
app_html/cnet-1281.html,HUM,User Rating,Entertainment Software,HUM Network,iOS
app_html/apkpure-0264.html,Video Downloader,,MultimediaApplication,MobVidTool Limited,Android
app_html/appbrain-1485.html,Aljazirdataapp,5,Shopping,pheebzdev,Apps
app_html/apkpure-0700.html,The,,Free Auto & Vehicles App,The Chain App Pty Ltd,Android
app_html/appbrain-1928.html,WBBALL,5,Sports,WBBALL Service Technology,Apps
app_html/aptoide-1955.html,MyTube - Video & Music Player,5,MEDIA & VIDEO,DAW STUDIOS,Android
app_html/aptoide-1254.html,Vegas Teen Patti - 3 Card Poke,5,Casino,Witty Games India Private Limited,Android
app_html/appbrain-1033.html,Interval Timer - HIIT - Tabata,5,Health & Fitness,Just SW,Android
app_html/appagg-1637.html,WindmillWhisper,4,Education,乾景 贾,Apps
app_html/appagg-0017.html,Lazada 6.6 | Super Wow,48,Shopping,La,Android
app_html/appbrain-1042.html,Food Additives,5,Health & Fitness,insanyya Apps,Apps
app_html/appbrain-1105.html,Be Bodywise Women's Health App,4.92,Health & Fitness,Mosaic Wellness,Apps
app_html/aptoide-0132.html,Helix Jump,4.3,ACTION,VOODOO,Android
app_html/appbrain-0803.html,D,5,Books & Reference,Hensa Tekno,Apps
app_html/cnet-0885.html,Fly Delta for,User Rating,Maps,Delta Air Lines,Android
app_html/apkpure-1582.html,Mini Car Racing Game Legends,0,GameApplication,GAMEXIS,Android
app_html/apkpure-0406.html,Pang,,Free Casual Game,wigomobile,Android
app_html/aptoide-0056.html,Xash3D FWGS,4.26,ACTION,Flying With Gauss,Android
app_html/aptoide-1978.html,Dictionnaire,3.7,Tools,Permissions : 8 Name : Dictionnaire Size : 16 MB Downloads : 10M Version : 3.003,Android
app_html/apkpure-1683.html,SO,,Free Travel & Local App,SOTC Travel Limited,Android
app_html/appbrain-1889.html,Romantic Video Status,4.88,Social,Randall Smith Apps,Apps
app_html/apkpure-1948.html,Mini Block Craft,7.6,Free Casual Game,StartourMobs,Android
app_html/cnet-1721.html,Convert,User Rating,Software,Epubor,Mac
app_html/apkpure-1747.html,SubVentory,,Free Business App,ZippyYum,Android
app_html/apkpure-0204.html,Car&Wheelie I RP Brasil,,GameApplication,Direction Games,Android
app_html/cnet-0615.html,Horizon Live Wallpaper Ultra for,User Rating,Screensavers & Wallpaper,Horizon Watch Designs,Android
app_html/aptoide-0878.html,Car Parking Multiplayer,4,Simulation,olzhass,Android
app_html/appagg-0788.html,2,165,Racing,Fingersoft,Android
app_html/cnet-0324.html,Joy Pony APK for,User Rating,Simulation,AA Games,Android
app_html/appbrain-1228.html,Citymapper,4.81,Maps & Navigation,Citymapper Limited,Apps
app_html/aptoide-0154.html,The Ants Underground Kingdom,3.9,STRATEGY,StarUnion,Android
app_html/appbrain-0237.html,Google Sheets,4.18,Productivity,Google LLC,Apps
app_html/apkpure-0602.html,Shadow of Death: Dark Knight,2,GameApplication,Brave HK Limited,Android
app_html/apkpure-0257.html,"Photo Edit, Background Changer",,DesignApplication,Mob Craze Global,Android
app_html/aptoide-0249.html,Heroes Battle Mode,4.4,STRATEGY,PerBlue Entertainment,Android
app_html/aptoide-0590.html,Cube Solver,4.8,Puzzle,LOLAGRE,Android
app_html/apkpure-0596.html,The Human Race,.,UtilitiesApplication,Caught,Android
app_html/appagg-1339.html,Hitman Sniper,395,Action,Deca Games,Android
app_html/aptoide-1697.html,Heritage Family Tree & DNA,3.1,Books & Reference,Beam Inc.,Android
app_html/appagg-0100.html,Bolt: Request a Ride,50,Maps & Navigation,Bolt Technology,Android
app_html/appagg-1705.html,Diablo® IV,2,Action & Adventure,"Blizzard Entertainment, Inc.",Games
app_html/aptoide-0386.html,Forest Animal Sniper Hunting,5,ADVENTURE,Abdulah Shahbaz,Android
app_html/cnet-0931.html,Cheto,User Rating,Utilities & Tools,Technical Tools PVT,Android
app_html/aptoide-1464.html,Dominoes,5,Brain & Puzzle,bit Time International FZE,Android
app_html/appagg-2014.html,Tree Bonsai,1,Classics,PanGuoJun,Games
app_html/cnet-1618.html,VPN for,User Rating,Security Software,SoftEth,Mac
app_html/appbrain-0320.html,Tranca ZingPlay Jogo de cartas,5,Card,VNG ZingPlay Game Studios,Apps
app_html/appbrain-0447.html,Flappy Dragon,4.86,Action,Coré Ventura,Apps
app_html/cnet-1303.html,Angry Birds Star Wars HD for,User Rating,Action Games,Rovio Mobile,iOS
app_html/aptoide-1739.html,2,4.1,COMMUNICATION,MobiSparks Infotech Private Limited,Android
app_html/apkpure-1184.html,HiTV K-Dramas Encyclopedia,4,Free Entertainment App,Super drama world,Android
app_html/appagg-1318.html,⋆Solitaire: Classic Card Games,395,Card,Brain,Games
app_html/aptoide-0367.html,Hello Neighbor Nicky's Diaries,-,ADVENTURE,tinyBuild,Android
app_html/appagg-1464.html,Legacy of Kain: Soul Re,4.6,Action & Adventure,Aspyr,Xbox Games
app_html/appagg-0431.html,fair – Shop All Things Home,0,Shopping,Way,Apps
app_html/appbrain-1515.html,Calendar,5,Photography,VELAN,Apps
app_html/apkpure-0996.html,شات عربي,9.7,SocialNetworkingApplication,"دردشة تعارف وتسلية Arabic Chat, Inc.",Android
app_html/appagg-1538.html,Assassin's Creed Valhalla Deluxe PS4 & PS5,4.2,Role Playing,Ubisoft Entertainment,Games
app_html/aptoide-1761.html,Live Transcribe,4.6,COMMUNICATION,Research at Google,Android
app_html/aptoide-0564.html,Beach Volleyball 3D,4.1,SPORTS GAMES,Words Mobile,Android
app_html/appagg-0067.html,Pinterest (by Pinterest) - (Android Apps) — AppAgg,5,Lifestyle,Pinterest,Android
app_html/appagg-0008.html,Google Chrome,300,Communication,Google LLC,Android
app_html/appbrain-1871.html,Ganesh: Om Gan Ganpataye Namo,.,Social,Spiritual Studio,Apps
app_html/appbrain-1851.html,Zego,4.89,Social,ZegoCity,Android
app_html/cnet-0252.html,fire,User Rating,Entertainment Software,DARICALL,Android
app_html/aptoide-2226.html,Meta Business Suite,4.2,Business,Facebook,Android
app_html/appbrain-1658.html,Bus,5,Racing,Cradley Creations,Android
app_html/aptoide-0042.html,The Survival Hungry Games,4,ACTION,Aeria Canada,Android
app_html/apkpure-1350.html,Fortress Frontlines,,Free Action Game,Sandsoft Games,Android
app_html/aptoide-1665.html,اشعار,5,SOCIAL,PalWorld,Android
app_html/appagg-1400.html,AquaLine Blue - Icon Pack,5,Personalization,Panoto Gomo,Android
app_html/appbrain-1562.html,FotoCam: HD Camera,4.91,Photography,Horoscope Astro Lab Guru,Apps
app_html/appbrain-0733.html,My Dino Album - Collect & Trad,4.82,Educational,Tapps Games,Android
app_html/cnet-0144.html,Kana: Watch Anime App APK for,User Rating,Educational,Only Production,Android
app_html/appagg-1387.html,Ma,50,Card,Vita Studio,Games
app_html/appbrain-0993.html,GERAK: Olahraga Dimana Aja,5,Health & Fitness,PT Gerak Bersama Kita,Android
app_html/aptoide-1564.html,Instagram - APK Download for Android,4.1,SOCIAL,Instagram,Android
app_html/cnet-0008.html,Details,User Rating,Communications,Mian Muddassar Arif,Android
app_html/appagg-1715.html,Unpack,5,Classics,Humble Games,Games
app_html/appbrain-1210.html,Metro,4.86,Maps & Navigation,Taiwan Innovation App,Android
app_html/cnet-1953.html,Phex,User Rating,P2P & File-Sharing Software,Phex Developer Team,Mac
app_html/cnet-0745.html,Ad,User Rating,Popup Blocker Software,SEVEN Networks,Android
app_html/cnet-0636.html,SMS Theme Sphere Black - chat text message dark,User Rating,Screensavers & Wallpaper,Free Themes 2019 for Launcher Keyboard,Android
app_html/apkpure-0846.html,Mobizen Live APK for Android Download,0,MultimediaApplication,MOBIZEN,Android
app_html/appbrain-0853.html,Lekcjonarz. Słowo Boże na dziś,.,Books & Reference,WDSIE,Apps
app_html/aptoide-1789.html,Browser,4.2,COMMUNICATION,NOT_SIGNED_UP,Android
app_html/appbrain-1008.html,: Skaner i Diety,5,Health & Fitness,Wiesz Co Je,Apps
app_html/cnet-1163.html,Bo,User Rating,Educational,Tuana Mert,iOS
app_html/apkpure-1620.html,Hicut:Face Swap AI Video App,0,DesignApplication,Songzan,Android
app_html/appbrain-1973.html,Land Cruiser V8 SUV Car Games,5,Sports,Elevated Games 13,Apps
app_html/aptoide-0927.html,ة ا,4.5,Simulation,OxoPlay Games,Android
app_html/appbrain-1341.html,Stylish Text Arts - Love Art,4.88,Art & Design,Life In Style,Apps
app_html/appbrain-1442.html,Ashram eStore -Secure Shopping,5,Shopping,Sant Asharamji Bapu,Android
app_html/apkpure-2260.html,Cebu Pacific APK for Android Download,2,Free Travel & Local App,Cebu Pacific,Android
app_html/appagg-1671.html,HRV Tracker for Watch,4,Health & Fitness,Sydvesti Oy,Android
app_html/appagg-2063.html,First Responder Simulation Bundle: Police Firefighting,2,Simulation,astragon,Games
app_html/aptoide-1241.html,Skill Slots,-,Casino,Jeremiah McLeod,Android
app_html/appagg-1627.html,Keyword: A Spider's Thread,4,Other,City From Naught Inc.,Games
app_html/cnet-1629.html,Twitch,User Rating,Chat,Twitch Interactive Inc.,Mac
app_html/aptoide-1067.html,carreras de carros de autos 3d,-,Racing,Yassine Sdw,Android
app_html/aptoide-0113.html,1945 Air Force,4.5,ACTION,Airplane Games,Android
app_html/appbrain-0561.html,Miniature LAND -Four Seasons,4.94,Adventure,WarmingApp,Apps
app_html/aptoide-1987.html,Android System WebView,4,Tools,Google Inc.,Android
app_html/cnet-1089.html,Nounji for,User Rating,Chat,Noun Project,iOS
app_html/apkpure-2133.html,Bubble Shooter,,GameApplication,KeeDi,Android
app_html/appbrain-1071.html,Panchakarma,5,Health & Fitness,Aditya Kandele,Android
app_html/aptoide-0674.html,Ball Sort,5,Puzzle,Offline,Android
app_html/appagg-1026.html,Super Mario Run,395,Action,"Nintendo Co., Ltd.",Android
app_html/cnet-1649.html,soulseeX for,User Rating,Web Phones & VoIP Software,Chris Schleifer,Mac
app_html/cnet-2058.html,General Ledger Template,User Rating,Software,Musadya,Mac
app_html/apkpure-2109.html,Extreme Car Driving Simulator,4,GameApplication,AxesInMotion Racing,Android
app_html/appbrain-0621.html,Escape Game THE DARK MINE,4.86,Adventure,APP GEAR,Apps
app_html/appbrain-1768.html,Horizon Chase – Arcade,4.66,RACING,Aquiris Game Studio SA,Android
app_html/aptoide-0142.html,Games,-,ACTION,Next Hope,Android
app_html/appagg-0534.html,Bible,5,Books & Reference,Mobidic,Android
app_html/aptoide-2445.html,Absa Banking App,5,Finance,Absa Bank Limited.,Android
app_html/appbrain-0555.html,A Story of A Company,5,Adventure,"Buff Studio Co.,Ltd.",Apps
app_html/cnet-2025.html,Pro for,User Rating,Database Management Software,FileMaker,Mac
app_html/aptoide-2406.html,& Crypto,4.4,Finance,Coin,Android
app_html/apkpure-1626.html,APM,,UtilitiesApplication,Ammar Shahid,Android
app_html/cnet-2251.html,VPN Tracker 365 for,User Rating,Firewall Software,Equinux,Mac
app_html/appagg-0004.html,Messenger,330,Communication,"Meta Platforms, Inc.",Android
app_html/appbrain-0274.html,Google Home,05,Lifestyle,Google LLC,Apps
app_html/appagg-1933.html,Anime Artist 2: Lovely Danya,0,Classics,Neoclassic Games,Steam Games
app_html/cnet-0033.html,Cat Goes Fishing APK for,User Rating,Simulation,Cat5Games,Android
app_html/cnet-1069.html,Animated 4th Of July Stickers For iM,User Rating,Chat,BHADRIK MEHTA,iOS
app_html/apkpure-0753.html,Home Workout,4,HealthApplication,Leap Fitness Group,Android
app_html/appbrain-0511.html,Puzzle,4.81,Action,The Nom - Web of Shadows,Apps
app_html/aptoide-1467.html,Bubble Shooter 3,-,Brain & Puzzle,ARDOUSS STUDIO,Android
app_html/aptoide-2052.html,Alien VPN - Premium Proxy,3.4,Tools,Ade Irawan,Android
app_html/apkpure-0811.html,ibis Paint,1,DesignApplication,ibis inc.,Android
app_html/aptoide-0155.html,Age of Warpath Global Warzone,5,STRATEGY,Warfactory,Android
app_html/appagg-0791.html,My Cafe — Restaurant Game,4.5,Casual,Melsoft Games Ltd,Android
app_html/cnet-1233.html,Pet,User Rating,Entertainment Software,Tractive,iOS
app_html/apkpure-0275.html,Weather,8.9,UtilitiesApplication,WetterOnline GmbH,Android
app_html/cnet-2012.html,Notational Velocity for,User Rating,Office Suites,Zach SW,Mac
app_html/cnet-0848.html,Free WiFi - Wiman APK for,User Rating,City Guides,Free,Android
app_html/apkpure-1216.html,Babyphone & tablet: baby games,0,GameApplication,GoKids! publishing,Android
app_html/aptoide-2070.html,Phone Clone,3.8,Tools,HUAWEI,Android
app_html/cnet-2247.html,Hasher for,User Rating,Encryption Software,Mojobytes,Mac
app_html/aptoide-1223.html,Türkiye Texas Poker,5,Casino,Boyaa,Android
app_html/cnet-0943.html,Col,User Rating,Utilities & Tools,AS Techhub,Android
app_html/appagg-2013.html,HEAVY LOAD,0,Action & Adventure,Bitlock Studio,Steam Games
app_html/apkpure-1791.html,"delivery: food, grocery",0,ShoppingApplication,efood,Android
app_html/apkpure-1983.html,Lose Weight App for Women,3,HealthApplication,Leap Fitness Group,Android
app_html/apkpure-0116.html,Hitman Sniper,2,GameApplication,Deca Games,7
app_html/appbrain-0683.html,Preschool Learning for kids,5,Educational,Micky Appz,Apps
app_html/aptoide-0584.html,Block Blast,5,Puzzle,Hungry Studio,Android
app_html/aptoide-1671.html,#NAME?,3.4,SOCIAL,SnobTube,Android
app_html/appbrain-0978.html,Mi Dorama Favorito for Android - Free App Download,4.96,Entertainment,Mi Dorama Favorito,Apps
app_html/appagg-1246.html,Soccer Star Top Leagues,395,Sports,Viva Games Studios,Android
app_html/aptoide-0153.html,Nations of Darkness,5,STRATEGY,"STARFORTUNE INTERACTIVE ENTERTAINMENT TECHNOLOGY CO.,LIMITED",Android
app_html/appbrain-1475.html,App,5,Shopping,waterdrop,Apps
app_html/appagg-0684.html,Delivery de Bebidas,50,Food & Drink,Zé Delivery,Android
app_html/aptoide-0028.html,Blocky Cars - Online Shooting Games,4.2,ACTION,Go Dreams,Android
app_html/cnet-1025.html,FL Studio Mobile for,User Rating,Media Players,Image Line Software,iOS
app_html/appagg-0021.html,: Caller ID Blocker,325,Communication,Truecaller,Android
app_html/appbrain-1853.html,Tangle,5,Social,9,Apps
app_html/apkpure-0583.html,Car Crash Royale,5,Free Racing Game,Royale,Android
app_html/apkpure-0384.html,Picsart Animator: GIF & Video,8.7,DesignApplication,"PicsArt, Inc.",Android
app_html/appbrain-0085.html,'s Breakfast Cooking,4.3,Educational,BabyBus,Android
app_html/cnet-0261.html,OruxMaps APK for,User Rating,Entertainment,jose vazquez,Android
app_html/appbrain-0695.html,Hello Kitty: Kids Supermarket,4.89,Educational,Hippo Kids Games,Android
app_html/cnet-1866.html,Studio for,User Rating,Utilities & Editors,Roblox,Mac
app_html/appagg-1448.html,Starship Troopers: Extermination,3.5,Shooter,Knights Peak,Xbox Games
app_html/aptoide-0940.html,3d,-,SPORTS GAMES,Yassine Sdw,Android
app_html/aptoide-2174.html,Star Plus Serials-Colors TV Star Plus Guide 2020,-,Entertainment,Bright india,Android
app_html/cnet-2158.html,Earth for,User Rating,Screensavers,Onemac.net,Mac
app_html/aptoide-1330.html,Perfect Piano,4.4,Music,REVONTULET STUDIO,Android
app_html/appagg-0265.html,"Libby, the library app",50,Books,"OverDrive, Inc.",Android
app_html/cnet-0225.html,MyTV+ APK for,User Rating,Entertainment Software,Next Generation Communication,Android
app_html/appbrain-1542.html,Invitation Card Maker: Ecards,4.92,Photography,photoshop mobile apps,Apps
app_html/cnet-0062.html,RedteaGO APK for,User Rating,Chat,Redtea Mobile Limited,Android
app_html/appbrain-0127.html,Baby Panda's Kids Party,4.01,Educational,BabyBus,Android
app_html/appagg-0381.html,Six Pack in 30 Days,50,Health & Fitness,Leap Fitness Group,Android
app_html/appagg-1936.html,Shaolin Vs Wutang 2,2,Action & Adventure,J.Bowman,Games
app_html/apkpure-2183.html,Pool Billiards Pro,1,GameApplication,TerranDroid,Android
app_html/aptoide-0648.html,Fruit Merge Juicy Drop Game,5,Puzzle,UniPuzz Games,Android
app_html/cnet-1047.html,Stickers,User Rating,Chat,Mimoza Xhaxho,iOS
app_html/appbrain-0585.html,Super Fizzy: Jungle Adventure,4.9,Adventure,Doozy Games,Android
app_html/cnet-2151.html,ScanFont for,User Rating,Font Tools,FontLab,Mac
app_html/appbrain-0815.html,O Livro de Enoque,5,Books & Reference,Santa Biblia Libros Estudios Aplicaciones ReinApps,Apps
app_html/appagg-0285.html,foodpanda: food & groceries,375,Food & Drink,Foodpanda GmbH a subsidiary of Delivery Hero SE,Android
app_html/apkpure-2001.html,Tigo Live Video Chat&More,9.7,Free Social App,Tigo Live Team,Android
app_html/cnet-1621.html,eMail Extractor for,User Rating,E-mail Software,Maxprog,Mac
app_html/aptoide-2114.html,Live TV Streaming,-,Entertainment,X code,Android
app_html/aptoide-0905.html,Cat Chaos,-,Simulation,MiniCalm Games,Android
app_html/appagg-1879.html,DriftZ,0,Action & Adventure,Studio Inward,Steam Games
app_html/cnet-0493.html,ShareKaro,User Rating,P2P & File-Sharing Software,ShareKaro Team,Android
app_html/appbrain-1709.html,Dark Riders - Bike Game,4.83,Racing,GameYug,Android
app_html/aptoide-0597.html,Dreamy Room,-,Puzzle,ABI Games Studio,Android
app_html/appagg-0980.html,Geometry,5,Arcade,RobTop Games,Android
app_html/apkpure-1668.html,X Sexy Video Downloader,4,MultimediaApplication,Studio Browser Apps v-,Android
app_html/aptoide-2484.html,Flightradar24 Flight Tracker,4.6,Travel & Local,Flightradar,Android
app_html/appbrain-1373.html,Crafto,4.76,Art & Design,Kutumb App,Android
app_html/appbrain-0568.html,Luna's World - Super Adventure,5,Adventure,Audron Games,Apps
app_html/apkpure-0601.html,Universal Copy,1,SocialNetworkingApplication,Camel Corporation,Android
app_html/appagg-0887.html,Fun Race 3D — Run and Parkour,4.3,Racing,CASUAL AZUR GAMES,Android
app_html/cnet-0780.html,iDVR,User Rating,Security Software,CCTV Camera Pros,Android
app_html/apkpure-1370.html,Talkie,6.7,EntertainmentApplication,Creative AI Community,Android
app_html/aptoide-0760.html,Warriors of the Universe Online,4.3,Arcade,Gamer Mind,Android
app_html/apkpure-0252.html,Airalo APK for Android Download,,TravelApplication,Airalo,Android
app_html/aptoide-1379.html,Beat Fire - EDM,4.7,Music,Adaric Music,Android
app_html/cnet-0680.html,Islamic Wallpaper for,User Rating,Screensavers & Wallpaper,soko Apps,Android
app_html/apkpure-1932.html,Red Ball 3: Jump for Love! Bou,3,GameApplication,HeroCraft Ltd.,Android
app_html/aptoide-0776.html,Full NES,3.4,Arcade,GAMERETRO8,Android
app_html/aptoide-0717.html,Merge,4.6,Puzzle,Microfun Limited,Android
app_html/appagg-0050.html,MX Player,5,Video Players & Editors,Amazon India.,Android
app_html/apkpure-0915.html,True Fear: Forsaken Souls,8.9,GameApplication,The Digital Lounge,Android
app_html/cnet-1128.html,JW Library for,User Rating,Educational,Jehovah's Witnesses,iOS
app_html/aptoide-0229.html,Defense Toy War,4,STRATEGY,Bamgru,Android
app_html/aptoide-0384.html,Guns MOd,3.76,ADVENTURE,fannymods,Android
app_html/aptoide-1928.html,MyTube Video downloader & Youtube PopUp Player,1,MEDIA & VIDEO,Cobradevland,Android
app_html/aptoide-1971.html,Google PLAY,4,Others,Google LLC,Android
app_html/appbrain-0007.html,N Proxy,4.57,Productivity,Bear VPN,Apps
app_html/apkpure-0061.html,Weather & Live Radar,8.7,UtilitiesApplication,Ventusky,Android
app_html/appbrain-0470.html,Tribal Guardian,5,Action,Draw Code Games,Android
app_html/apkpure-0969.html,Illyrian Sky,,entertainment,Sky,Android
app_html/cnet-2270.html,HoudahGPS for,User Rating,Maps,Houdah Software Sarl,Mac
app_html/appbrain-1841.html,#NAME?,4.92,Social,Hidayah App,Android
app_html/cnet-0961.html,FORScan Lite for,User Rating,Utilities & Tools,Alex Savin,Android
app_html/apkpure-1880.html,Cricket,0,GameApplication,Hitwicket Cricket Games,Android
app_html/cnet-0230.html,Ti,User Rating,Entertainment Software,Playfake,Android
app_html/apkpure-1604.html,VPN Proxy Speed - Super VPN,1,UtilitiesApplication,TOPAPPS TECH PTE LTD,Android
app_html/apkpure-0092.html,Coloring,0,GameApplication,RV AppStudios,Android
app_html/cnet-0393.html,4,User Rating,Games,Gaming Legacy Studios,Android
app_html/apkpure-1010.html,Garena Delta Force,5,Free Action Game,Good Mobile Games Private,Android
app_html/apkpure-1991.html,Fast,5,GameApplication,Candy Gaming,Android
app_html/cnet-0060.html,Al,User Rating,Chat,Aloha Mobile,Android
app_html/appbrain-1375.html,Banner Esport Maker for Gaming,4.76,Art & Design,11 Mobile worlds,Android
app_html/apkpure-1278.html,Camping Yelloh! Village APK for Android Download,5,TravelApplication,Camping Yelloh! Village,Android
app_html/appbrain-0302.html,ZestMoney - Shop on easy EMIs,5,Finance,DMI Info Tech Solutions,Android
app_html/appbrain-0550.html,探靈,5,Adventure,JYSGaming,Apps
app_html/cnet-1553.html,celtx script for,User Rating,Calendar & Time Management Software,Greyfirst,iOS
app_html/cnet-0512.html,APK for,User Rating,Business Applications,CASHNOW,Android
app_html/appbrain-2003.html,WindsportTracker Wing Windsurf,5,Sports,Matthias Koch,Android
app_html/aptoide-1757.html,Opera Touch,3.9,COMMUNICATION,Robert Browne,Android
app_html/appagg-0373.html,Google,375,Productivity,Google,Android
app_html/appagg-0884.html,Toon Blast,5,Casual,Peak Games,Games
app_html/apkpure-1076.html,Akinator,8.7,EntertainmentApplication,Elokence SAS,Android
app_html/aptoide-1345.html,Piano,-,Music,RC Official,Android
app_html/aptoide-2208.html,"XXI Movie - Live TV , Drama & Movie HD Sub Indo",3.5,Entertainment,logersaya,Android
app_html/aptoide-1769.html,#NAME?,2,COMMUNICATION,sexting,Android
app_html/cnet-2002.html,Desktop for,User Rating,Calendar & Time Management Software,Palm,Mac
app_html/cnet-0456.html,for,User Rating,Social Networking Software,Instagram,Android
app_html/aptoide-0724.html,Game,1,Puzzle,OuezzaneDev,Android
app_html/apkpure-1735.html,2,9.6,GameApplication,Funny Games,Android
app_html/cnet-0563.html,(free,User Rating,Productivity Software,André Restivo,Android
app_html/appagg-0806.html,Hunter Assassin,54,Action,Ruby Games AS,Android
app_html/cnet-1602.html,Apple FaceTime for,User Rating,Phones & VoIP Software,Apple,Mac
app_html/appagg-0391.html,Kik — Messaging & Chat App,5,Communication,MediaLab AI - Kik,Android
app_html/appagg-0349.html,Yandex Browser with Protect,375,Personalization,Direct Cursus Computer Systems Trading LLC,Android
app_html/appbrain-0416.html,Spooky Fruits - roguelike,5,Action,Sp,Android
app_html/appagg-1647.html,Toodee and Topdee,4,Action & Adventure,dietzribi,Games
app_html/cnet-1620.html,Management Software for,User Rating,Database Management Software,Z-Library,Mac
app_html/aptoide-1207.html,Big Win Slots Wild Loot Free offline Casino games,4.5,Card,Wild Loot Games Ltd.,Android
app_html/appagg-0110.html,GO Launcher -Themes&Wallpapers,5,Personalization,go live llc,Android
app_html/cnet-1185.html,Huawei Wear for,User Rating,Educational,"Huawei Device (Dongguan) Co,. LTD",iOS
app_html/appagg-1544.html,"Warhammer 40,000",0,Action & Adventure,Focus Entertainment,Games
app_html/appagg-0796.html,Toon Blast,5,Puzzle,Peak,Android
app_html/appbrain-1929.html,Pasion Tricolor,5,Sports,Benjamin Oholeguy,Apps
app_html/apkpure-1468.html,MYPEUGEOT,2,UtilitiesApplication,Peugeot Automobiles,Android
app_html/cnet-0372.html,3,User Rating,Action Games,AKG Game Office,Android
app_html/apkpure-0003.html,Coin Master,.,GameApplication,Moon Active,Android
app_html/appagg-0280.html,Candy Camera AI – Find myself,375,Photography,Studio SJ,Android
app_html/aptoide-0772.html,Blockman Go,4.2,Arcade,Blockman Multiplayer,Android
app_html/apkpure-2276.html,Et,0,GameApplication,Doğan Şahin PtronPlay Digital,Android
app_html/aptoide-0200.html,Chess,5,STRATEGY,Royal game,Android
app_html/appagg-0512.html,360 Antivirus & Security,5,Tools,Norton,Android
app_html/cnet-1262.html,(,User Rating,Entertainment Software,TTI NA Floor Care,iOS
app_html/cnet-1812.html,Keep Talking and Nobody Explodes,User Rating,Games,Steel Crate Games,Mac
app_html/appagg-0402.html,Ghibli Style Cartoon - ToonApp,50,Photography,Lyrebird Studio,Android
app_html/apkpure-1056.html,ElevenReader - Text to Speech,0,EducationalApplication,Eleven Labs Inc,Android
app_html/cnet-1921.html,Converter PRO,User Rating,Download Managers,Softorino,Mac
app_html/aptoide-1447.html,Checkers,4.25,Brain & Puzzle,Jewels Cat,Android
app_html/cnet-1090.html,Oreo-emoji for,User Rating,Chat,MONDELEZ GLOBAL LLC,iOS
app_html/aptoide-0604.html,Escape Titanic,4.2,PUZZLES,Rention Software Srl,Android
app_html/cnet-2279.html,YourtTrip for,User Rating,City Guides,ingaz Group,Mac
app_html/cnet-1323.html,NBA 2K14 for,User Rating,Sports Games,2K Games,iOS
app_html/appagg-0418.html,Dropbox: Secure Cloud Storage,375,Productivity,"Dropbox, Inc.",Android
app_html/apkpure-0350.html,Audiobooks & Books,6.7,EducationalApplication,Storytel Sweden AB,Android
app_html/aptoide-1992.html,Google Play services,4.1,Tools,Google Inc.,Android
app_html/appbrain-1684.html,Vlad & Niki: Kids Bike,4.8,Racing,Hippo Kids Games,Android
app_html/aptoide-1133.html,Car,2,Simulation,Appsoleut Games,Android
app_html/apkpure-0184.html,Bash the Teacher! School Prank,5,GameApplication,Digi-Chain Games,Android
app_html/cnet-0357.html,GTA ViA APK for,User Rating,Action Games,APKFlash Uploader,Android
app_html/apkpure-0340.html,LOFT Living,,Free House & Home App,RealPage Incorporated,Android
app_html/cnet-0678.html,5.0 theme APK for,User Rating,Screensavers & Wallpaper,GO Launcher EX,Android
app_html/appbrain-0856.html,Bi,5,Books & Reference,Seconda Variante,Android
app_html/cnet-2287.html,Planner,User Rating,Maps,Modesitt Software,Mac
app_html/cnet-1904.html,TFTP Client,User Rating,Software,Technologies Consulting,Mac
app_html/cnet-1530.html,BimmerLink for,User Rating,Calendar & Time Management Software,Stephan Gauch,iOS
app_html/cnet-1381.html,Ava the 3D Doll for,User Rating,Games,Linqsoft Ltd.,iOS
app_html/appbrain-0745.html,-,4.82,Educational,Iago Education,Android
app_html/aptoide-1147.html,Moto Race -- motorbike bike drive,3.78,Racing,3g,Android
app_html/appbrain-0563.html,The Treasures of Bamuda,4.9,Adventure,ArayashikiGame,Apps
app_html/apkpure-0333.html,PixFolio Photos & Slideshows,5,DesignApplication,Snapwood Apps Photos & Slideshows,Android
app_html/appagg-1789.html,Python IDE Editor - AloPy Pro,0,Productivity,Aloask Technologies,Android
app_html/cnet-0154.html,R,User Rating,Educational,Datamuse Corporation,Android
app_html/apkpure-1429.html,Questbound,,Free Adventure Game,Playrix,Android
app_html/apkpure-0113.html,Manchester United Official App,0,SportsApplication,Manchester United Limited,Android
app_html/cnet-2245.html,VPN for,User Rating,Security Software,CyberGh,Mac
app_html/appagg-1132.html,2 3 4 Player Mini Games,4.3,Simulation,Better World Games,Android
app_html/cnet-1869.html,Rust for,User Rating,Action Games,Facepunch Studios,Mac
app_html/apkpure-0891.html,Tudo Football,,SportsApplication,Reiad Apps,Android
app_html/apkpure-1185.html,Tropical Hurricane Tracker,,UtilitiesApplication,JPL Technical Solutions,Android
app_html/appbrain-1005.html,Academia Pro,5,Health & Fitness,ScudX,Apps
app_html/appagg-1381.html,Swordigo,5,Adventure,Touch Foo,Android
app_html/apkpure-1806.html,Water Reminder - Remind Drink,0,HealthApplication,recorder & smart apps,Android
app_html/appbrain-1602.html,Pic Editor - AI Photo Editor,4.86,Photography,Ai Play Team Rikie Ltd,Apps
app_html/appagg-1962.html,Frostford,0,Action & Adventure,UberbaxGaming,Games
app_html/appagg-1407.html,Wildcat Gun Machine,0,Action & Adventure,Daedalic Entertainment,Games
app_html/aptoide-0366.html,Building,4.5,ADVENTURE,GeneRe,Android
app_html/apkpure-1459.html,GreenWendEnergy,,Free House & Home App,Ltd,Android
app_html/apkpure-2091.html,LINE Hero Rumble/Let's rumble!,,GameApplication,LINE (LY Corporation),Android
app_html/aptoide-1825.html,YouCine -O Melhor Movie Player,4,MEDIA & VIDEO,Cristina,Android
app_html/cnet-1164.html,"Kurbo Health Coaching for Kids, Teens and Adults for",User Rating,Educational,Ku,iOS
app_html/appagg-1521.html,Serious Sam: Siberian Mayhem,4,Action & Adventure,Crote,Games
app_html/aptoide-0536.html,Football Rivals,3.9,SPORTS GAMES,Green Horse Games,Android
app_html/apkpure-0963.html,Stickman Party APK for Android Download,8.7,GameApplication,Games,Android
app_html/aptoide-1803.html,Contact Sync Adapter,-,Finance,Permissions : 26 Name : Contact Sync Adapter Size : 1 MB Downloads : 46K Version,Android
app_html/cnet-0242.html,Con,User Rating,Entertainment Software,Balovip,Android
app_html/appbrain-0828.html,Islomiy kitoblar,5,Books & Reference,MUSLIM APPS,Android
app_html/appbrain-1430.html,Robotistan for Android - Free App Download,0.15,Shopping,Free,Android
app_html/appbrain-0642.html,Charal Aqua Fest,4.86,Adventure,Cyberscify,Apps
app_html/cnet-0162.html,Cisco Packet Tracer Mobile for,User Rating,Educational,Cis,Android
app_html/aptoide-0913.html,Idle,5,Simulation,Kolibri Games,Android
app_html/cnet-0906.html,Password,User Rating,Utilities & Tools,Network Security Tool : WIFI - Hotspot and Lock,Android
app_html/apkpure-1062.html,Navigator,6.9,TravelApplication,Cursus Computer Systems Trading LLC,Android
app_html/appagg-0227.html,SNAP,375,Photo & Video,"Snap, Inc.",Android
app_html/aptoide-1477.html,Animal Jigsaw Puzzles for Kids,-,Brain & Puzzle,Dzoni,Android
app_html/appagg-0053.html,Uber - Request a ride,5,Travel,"Uber Technologies, Inc.",Android
app_html/aptoide-0094.html,Vegas Crime Theft Battle Survival 2021,5,ACTION,BigCode Games,Android
app_html/aptoide-1581.html,Currents,4.4,COMMUNICATION,G,Android
app_html/apkpure-1072.html,Turbo Driving,5,Free Racing Game,TerranDroid,Android
app_html/aptoide-2447.html,BT Pay,2.28,Finance,Banca Transilvania,Android
app_html/cnet-0114.html,: Kim,User Rating,Software,Eleven Games,Android
app_html/appbrain-1704.html,Hyundai Solaris Auto Simulator,4.78,Racing,SBlazer,Android
app_html/appbrain-1810.html,vlinq - Digital Business,5,Social,HORIZAM,Android
app_html/appbrain-1957.html,Wadlbeißer,5,Sports,Marco Pfattner,Android
app_html/aptoide-1461.html,Piano Melody Pro,4.39,Brain & Puzzle,Learn To Master,Android
app_html/apkpure-1898.html,Wasteland Story Survival RPG,9.8,GameApplication,Lunarite Studio,Android
app_html/aptoide-2389.html,FreeBitcoin,3,Finance,Francis Do Nascimento Soares,Android
app_html/cnet-2039.html,Ink2Go for,User Rating,Office Suites,Eyepower,Mac
app_html/aptoide-0216.html,BUMP! Superbrawl,-,STRATEGY,Ubisoft Entertainment,Android
app_html/cnet-1734.html,Adobe Photoshop CC,User Rating,Teaching Tools,Examaids,Mac
app_html/cnet-0557.html,Neptune APK for,User Rating,Business Applications,Helga,Android
app_html/apkpure-0006.html,Heroes vs. Hordes: Survivor,0,GameApplication,SWIFT GAMES,Android
app_html/aptoide-0121.html,Car Game - Free,4.38,ACTION,Vinícius Gabriel Mendes de Souza,Android
app_html/apkpure-1105.html,"Email Aqua Mail - Fast, Secure",8.8,BusinessApplication,Aqua Mail Inc,Android
app_html/aptoide-0048.html,Lulubox,4.1,ACTION,Kamil Rodak,Android
app_html/appbrain-0500.html,Spinosaurus Arena,5,Action,Apache Gunner Games,Apps
app_html/appbrain-1725.html,Tofu Run,4.79,Racing,Dwayne Blundell,Android
app_html/cnet-1268.html,Moskito for,User Rating,Entertainment Software,TobyRich,iOS
app_html/appbrain-0093.html,Game,4.78,Puzzle,Playflux,Apps
app_html/aptoide-1060.html,Highway Traffic & Police Chase,4.1,Racing,T-Bull,Android
app_html/appbrain-0250.html,Microsoft Outlook,4.49,Productivity,Microsoft Corporation,Apps
app_html/apkpure-0552.html,3D,5,Free Simulation Game,John,Android
app_html/aptoide-0473.html,8 Pool Game Snooker 9 Ball,-,SPORTS GAMES,TNT Studios,Android
app_html/aptoide-2471.html,Earn Money Online - Online Money Earning App,3,Finance,StrimFlix Media,Android
app_html/appbrain-0701.html,Kids Counting Game: 123 Goobee,4.91,Educational,Educational Games : EMK Fun Lab,Apps
app_html/aptoide-1051.html,Asphalt Xtreme,4.6,Racing,"Netflix, Inc.",Android
app_html/apkpure-1677.html,Facile,0,UtilitiesApplication,EOBD Facile,Android
app_html/appagg-0424.html,Google Chrome,375,Utilities,GOOGLE,Android
app_html/apkpure-0262.html,meteoblue weather & maps,0,UtilitiesApplication,meteoblue AG Cirrus Uncinus,Android
app_html/apkpure-1248.html,Archery Release Trainer,,Free Sports App,Educatesoft,Android
app_html/aptoide-2003.html,+,2.78,Others,Samsung,Android
app_html/apkpure-0529.html,BetMines Betting Predictions,8.9,SportsApplication,Betting Tips Expert,Android
app_html/cnet-1067.html,Network Stickers for,User Rating,Chat,MeteoMedia,iOS
app_html/appagg-0539.html,Airlines,54,Travel,Spirit Airlines,Android
app_html/cnet-2155.html,Ne,User Rating,Screensavers & Wallpaper,Gregory Weston,Mac
app_html/apkpure-1163.html,Genshin Impact,2,GameApplication,COGNOSPHERE PTE. LTD.,Android
app_html/cnet-1058.html,Somebody for,User Rating,Chat,Miranda July,iOS
app_html/aptoide-0416.html,Super Rope Hero,4,ADVENTURE,Zego Global Publishing,Android
app_html/cnet-0735.html,APK for,User Rating,Encryption Software,BVP,Android
app_html/apkpure-1540.html,Goodreads APK for Android Download,8.7,Free Books & Reference App,Goodreads,Android
app_html/cnet-1099.html,Toca Kitchen Monsters for,User Rating,Educational,Toca Boca,iOS
app_html/apkpure-0395.html,RealSkill,,SportsApplication,RealSkill I'm Possible Training,Android
app_html/cnet-0778.html,Quick,User Rating,Antivirus Software,Quick Heal Technologies,Android
app_html/appbrain-0091.html,Health Tracker: BP Diary,3.95,Health & Fitness,Appsky Hong Kong Limited,Apps
app_html/apkpure-0642.html,Lose Weight - Weight Loss App,8.8,HealthApplication,Simple Design Ltd.,Android
app_html/cnet-1364.html,2,User Rating,Strategy Games,Scott Cawthon,iOS
app_html/appagg-1309.html,ZigZag,50,Arcade,Ketchapp,Android
app_html/appagg-1943.html,GLADIUM,0,Action & Adventure,Eirik Wiklund,Games
app_html/appbrain-2004.html,NoName Betting Tips,5,Sports,NoName Software,Apps
app_html/appbrain-1879.html,. Making friends is fun,4.86,Social,Invitor,Apps
app_html/appbrain-0487.html,Super Runners: City Chase,4.91,Action,"Flyyes, Inc.",Apps
app_html/appbrain-1065.html,"Relax: Meditation Music, Goals",5,Health & Fitness,Techno information,Android
app_html/appbrain-1990.html,Handball Hub: Scores & Fantasy,5,Sports,Identity Solutions,Apps
app_html/appagg-0676.html,Jimmy,0,Food & Drink,Jimmy John's Sandwiches,Android
app_html/apkpure-2115.html,apparcand clic&,,Free Auto & Vehicles App,Studiogenesis Projects,Android
app_html/cnet-0380.html,Trainz Simulator APK for,User Rating,Games,N3V Games Pty Ltd,Android
app_html/appagg-1802.html,Pianistic,5,Action & Adventure,Bytecat Games,Games
app_html/aptoide-0801.html,Temple Run,4.1,Arcade,Imangi Studios,Android
app_html/appbrain-0608.html,Saw Trap,4.87,Adventure,Mazniac,Apps
app_html/aptoide-1737.html,Skype,4.3,COMMUNICATION,Skype,Android
app_html/aptoide-0881.html,Offroad Car GL,-,Simulation,OppanaGames,Android
app_html/appbrain-1500.html,"Photo frame app, collage maker",5,Photography,Apps360 Global,Android
app_html/appagg-0859.html,My Talking Angela 2,54,Casual,Outfit7 Limited,Android
app_html/appagg-0131.html,"Etsy: Shop Home, Style & More",500,Shopping,"Etsy, Inc.",Android
app_html/appbrain-1446.html,Varsity Vibe for Android - Free App Download,.,Shopping,Varsity Vibe,Android
app_html/aptoide-0447.html,Head Soccer,4.25,SPORTS GAMES,D&D DREAM,Android
app_html/cnet-2027.html,2qbo Convert Pro for,User Rating,Software,MoneyThumb,Mac
app_html/apkpure-1499.html,Open Camera,3,DesignApplication,Mark Harman,Android
app_html/appagg-1161.html,Cookie,395,PUZZLE,"Jam City, Inc.",Android
app_html/appagg-0557.html,Grab Driver: App for Partners,5,Maps & Navigation,Grab Holdings,Android
app_html/appbrain-1701.html,Car Crash Simulator,4.76,Racing,Appcupi Inc.,Apps
app_html/appbrain-1169.html,Memory-Map for All,5,Maps & Navigation,"Memory-Map, Inc.",Apps
app_html/cnet-2085.html,Wake Up Time for,User Rating,Screensavers & Wallpaper,Rocky Sand Studio,Mac
app_html/apkpure-1740.html,Brainzott Mini Games,,Free Casual Game,TSACom,Android
app_html/appbrain-1716.html,TopSpeed: Drag & Fast,4.73,Racing,T-Bull S A,Apps
app_html/appbrain-0065.html,DScanner - Camera Scanner,3.45,Business,TrustedOffice,Apps
app_html/apkpure-0655.html,USB Dual Camera,,MultimediaApplication,ShenYao China,Android
app_html/appbrain-1342.html,D,4.8,Art & Design,HaroonApps PK,Apps
app_html/cnet-0029.html,Turbo,User Rating,Games,Xiaomi Inc.,Android
app_html/appagg-0493.html,: Book Hotel & Flight,50,Travel & Local,TRAVELOKA,Android
app_html/aptoide-1322.html,Piano Kids - Music & Songs,4.4,MUSIC,Orange Studios Games,Android
app_html/appagg-1913.html,Assemble with Care,5,Classics,ustwo games,Games
app_html/apkpure-1859.html,Speed Stars Running Game,0,GameApplication,Miniclip.com,Android
app_html/appagg-1932.html,Red Z,0,Action & Adventure,Sinned Games,Games
app_html/cnet-1041.html,RingID,User Rating,Chat,Ring Inc.,iOS
app_html/aptoide-2030.html,App Vault,5,Personalization,Xiaomi Inc.,Android
app_html/appagg-0362.html,"ZEE5: Movies, TV Shows, Series",4.2,Entertainment,Z5X Global FZ LLC,Android
app_html/appagg-1591.html,Across the Galaxy: Stellar Dominator,0,Action & Adventure,GameTrail Studio,Steam Games
app_html/aptoide-0041.html,World War | WW2 Shooting Games,3.9,ACTION,Blockot Studios,Android
app_html/appbrain-1463.html,Arbiz,5,Shopping,"Focus Technology Co., Ltd.",Android
app_html/aptoide-2410.html,KBZPay,4.5,Finance,KBZ Bank,Android
app_html/appagg-0459.html,"MyGP - Offer, Recharge, Sports",5,Tools,Grameen,Android
app_html/apkpure-0507.html,Fishin' Friends: Idle RPG,,Free Adventure Game,Cozy Labs,Android
app_html/cnet-0726.html,Lite - Family Phone Tracker for,User Rating,Security Software,mSpy,Android
app_html/apkpure-2006.html,SINDO Ferry,,TravelApplication,SindoFerry,Android
app_html/appagg-0410.html,Sweet Selfie: AI Camera Editor,375,Photography,Google,Android
app_html/apkpure-2089.html,Meus Números da Sorte,0,Free Entertainment App,Lalope v100,Android
app_html/appbrain-2027.html,Official Nottingham Forest App,5,Sports,Nottingham Forest Football Club,Android
app_html/cnet-0826.html,TomTom Navigation APK for,User Rating,Maps,TomTom International BV,Android
app_html/aptoide-0317.html,Adventure MaxiCraft,3.6,ADVENTURE,CraftExplorationPro,Android
app_html/apkpure-1956.html,Anger,3,GameApplication,Button E&M,Android
app_html/aptoide-1451.html,Piano,4.3,Brain & Puzzle,Ak Dev,Android
app_html/aptoide-2035.html,Volume Booster,4.6,Tools,GOODEV,Android
app_html/appagg-1989.html,Convertura: Unit Converter,0,Productivity,Hakan Akturk,Android
app_html/apkpure-0132.html,BigPrize Box,,Free Entertainment App,CoFun Studio,Android
app_html/cnet-0447.html,Zynn APK for,User Rating,Social Networking Software,IMMERSITY TECH,Android
app_html/appagg-1534.html,Stratogun,0,Action & Adventure,Numskull Games,Nintendo Games
app_html/appbrain-1761.html,TopSpeed 2: Drag Rivals Race,4.67,Racing,T-Bull S A,Apps
app_html/cnet-1130.html,Health,User Rating,Educational,"Huawei Device (Dongguan) Co,. LTD",iOS
app_html/apkpure-2192.html,Dream,8.8,GameApplication,Sporta Technologies Private Limited,Android
app_html/cnet-1977.html,2016 for,User Rating,Office Suites,Microsoft,Mac
app_html/cnet-0474.html,Call,User Rating,Social Networking Software,Moistin Steck Team,Android
app_html/cnet-0971.html,#NAME?,User Rating,Utilities & Tools,ProtonVPN,Android
app_html/appagg-0638.html,sendit - get it now,0,Social Networking,"iconic hearts holdings, inc.",Android
app_html/apkpure-1727.html,POS 360 - Point Of Sales,,BusinessApplication,MICROSPACE INFOTECH PTE LTD,Android
app_html/aptoide-0311.html,Pokemon - Trainer Battle (FR),2.3,ADVENTURE,ELSMEDIA LIMITED,Android
app_html/apkpure-2053.html,Lex,,SOCIAL,Lex Social Inc,Android
app_html/cnet-1634.html,(,User Rating,Chat,Twitter Inc.,Mac
app_html/appagg-1719.html,The Elder Scrolls IV: Oblivion Game of the Year Edition,4,Role Playing,Bethesda Softworks,Steam Games
app_html/appagg-1335.html,Clean Road,50,Simulation,SayGames Ltd,Android
app_html/aptoide-1232.html,Casino 8 Games,-,Casino,Andrei Yankovsky,Android
app_html/apkpure-0139.html,"Viu Dramas, TV Shows & Movies",3,EntertainmentApplication,Vuclip Mobile Video,Android
app_html/cnet-2239.html,EncryptStick for,User Rating,Encryption Software,ENC Security Systems,Mac
app_html/appbrain-0739.html,It! Hebrew,4.8,Educational,Jernung,Apps
app_html/cnet-1576.html,Shortcuts for,User Rating,Productivity Software,Apple,iOS
app_html/cnet-0043.html,potato-chat APK for,User Rating,Chat,HorseMen,Android
app_html/appagg-1524.html,Big Ben Bonger PLUS,3.9,Entertainment,UMike Apps : Real Apps filling Real Needs,Android
app_html/appagg-1023.html,WSOP Poker: Texas Holdem Game,54,Card,Playtika,Android
app_html/aptoide-0925.html,2 3 4 Player Mini Games,4.6,Simulation,Better World Games,Android
app_html/apkpure-2143.html,Manager,,Free Business App,WOWAPP,Android
app_html/cnet-0339.html,Panzer War : DE for,User Rating,Action Games,ShanghaiWindy,Android
app_html/cnet-1049.html,Minecraft Sticker Pack for,User Rating,Chat,Mojang,iOS
app_html/appagg-1743.html,Call of Duty: Advanced Warfare,4,Action & Adventure,Activision,Steam
app_html/apkpure-0572.html,Arashi,3,Free Adventure Game,Black Panther,Android
app_html/appbrain-0195.html,Netflix,3.91,Entertainment,"Netflix, Inc.",Apps
app_html/apkpure-0266.html,Fireboy and Watergirl: Online,2,GameApplication,Metin Yucel,Android
app_html/cnet-1910.html,Airy for,User Rating,Download Managers,Eltima Software,Mac
app_html/cnet-0873.html,2,User Rating,Maps,Fancy,Android
app_html/aptoide-0546.html,BASEBALL 9,4.2,SPORTS GAMES,playus soft,Android
app_html/appbrain-0181.html,Clock,4.04,Tools,"Samsung Electronics Co., Ltd.",Apps
app_html/cnet-2285.html,3D National Parks for,User Rating,Maps,Schoenburg Consulting,Mac
app_html/apkpure-0528.html,Falcon: Classic Space Invaders,0,GameApplication,1SOFT,Android
app_html/cnet-1689.html,Engauge Digitizer for,User Rating,Reference Software,ATG,Mac
app_html/appbrain-0150.html,YouTube,3.94,Video Players & Editors,Google LLC,Apps
app_html/cnet-1516.html,Easypaisa for,User Rating,Business Applications,Telenor Microfinance Bank,iOS
app_html/aptoide-0046.html,Flip Water Bottle,4.3,ACTION,Candy Mobile,Android
app_html/apkpure-1411.html,The Spike Volleyball Story,0,Free Sports Game,SUNCYAN,Android
app_html/appbrain-0296.html,Galaxy,3.85,Tools,"Samsung Electronics Co., Ltd.",Android
app_html/appagg-0869.html,Games,50,Simulation,PlayWay SA,Android
app_html/appagg-0532.html,Apple Podcasts,50,Entertainment,Apple,Android
app_html/appagg-1036.html,Gardenscapes,50,Puzzle,Playrix,Games
app_html/cnet-0122.html,Sur,User Rating,Educational,ewswa,Android
app_html/appagg-1515.html,TutorAI: solve & learn problem,0,Education,Tapify1,Android
app_html/appagg-1475.html,Jackbox Naughty Pack,2.4,Puzzle & Trivia,"Jackbox Games, Inc.",Games
app_html/appagg-0756.html,Garena Liên Quân Mobile,5,Action,Garena Mobile Private,Android
app_html/cnet-1482.html,Dating App,User Rating,Social Networking Software,PlentyOfFish,iOS
app_html/appbrain-0343.html,guia de motéis go for Android - Free App Download,5,Travel & Local,Guia de Motéis,Apps
app_html/cnet-0824.html,AlfaOBD for,User Rating,Maps,AlfaOBD Software,Android
app_html/appbrain-1020.html,InstaCare: Super Health App,5,Health & Fitness,InstaCare Pvt Ltd,Android
app_html/cnet-0209.html,Girl Body Scanner Camera APK for,User Rating,Entertainment Software,Dilruba Apps,Android
app_html/appbrain-1345.html,T Shirt Design - T Shirts Art,4.81,Art & Design,Kreation Apps,Android
app_html/apkpure-0268.html,EDEKA,4,ShoppingApplication,ZENTRALE Stiftung & Co. KG,Android
app_html/aptoide-0328.html,Pokemon,3.8,ADVENTURE,Antonio Rubira Marin,Android
app_html/aptoide-2170.html,Doramas,5,Entertainment,cpp,Android
app_html/apkpure-0201.html,Notepad - simple notes,3,UtilitiesApplication,atomczak,Android
app_html/aptoide-1412.html,Music Instruments,3,Music,Cucuvaya,Android
app_html/apkpure-0589.html,Honkai: Star Rail,7.8,GameApplication,COGNOSPHERE PTE. LTD.,Android
app_html/cnet-2148.html,SpoofCard for,User Rating,Screensavers & Wallpaper,SpoofCardWidget,Mac
app_html/cnet-1630.html,CamMask for,User Rating,Chat,CamMask Studio,Mac
app_html/cnet-2210.html,ClamXav for,User Rating,Antivirus Software,Mark Allan,Mac
app_html/aptoide-0177.html,Infinity Kingdom,3.6,STRATEGY,Yoozoo (Singapore) Pte. Ltd,Android
app_html/aptoide-0747.html,Bubble Puzzle Hit the Bubble,-,Arcade,Absolutist Ltd,Android
app_html/aptoide-0803.html,Royal Zuma Deluxe,4.8,Arcade,Rendra Setya Kurniawan,Android
app_html/cnet-2249.html,Radio Silence for,User Rating,Firewall Software,Juuso Salonen,Mac
app_html/appbrain-1694.html,Car Driving Traffic Simulator,4.78,Racing,Wayfu Studio,Android
app_html/appbrain-0535.html,Shan's Treasure Hunt,5,Adventure,TECH SHAN,Android
app_html/apkpure-2180.html,e,8.6,GameApplication,KONAMI,Android
app_html/cnet-0181.html,Feather Gallery for,User Rating,Educational,Gridonic AG,Android
app_html/appagg-0608.html,: 10 min Grocery App,54,Shopping,Bigbasket.com,Android
app_html/aptoide-1130.html,Bug,1,Racing,Yassine Sdw,Android
app_html/aptoide-2411.html,GoPay Transfer Pulsa Bills,5,Finance,Gojek Tokopedia Tbk,Android
app_html/cnet-0180.html,Smart Wristband APK for,User Rating,Health & Fitness Software,Shenzhenshi JinJiaTai Technology,Android
app_html/cnet-2028.html,Bank2OFX for,User Rating,Software,ProperSoft,Mac
app_html/cnet-0989.html,Bot,User Rating,Utilities & Tools,Ynanae,Android
app_html/appbrain-0703.html,Zehni Azma,4.87,Educational,. department of DawateIslami,Apps
app_html/apkpure-1790.html,Cycle & Period Tracker,7.9,HealthApplication,by BioWink,Android
app_html/appbrain-0280.html,: Calls & Messages,3.48,Communication,LINE (LY Corporation),Apps
app_html/appagg-0467.html,6,54,Shopping,6,Android
app_html/appbrain-0156.html,Android Accessibility Suite,4.06,Tools,Google LLC,Android
app_html/aptoide-1058.html,Concept Car,-,Racing,Brown Spider Games,Android
app_html/aptoide-1632.html,Phone,3.1,SOCIAL,Samsung,Android
app_html/cnet-1949.html,TNEF's Enough for,User Rating,Internet Software,Josh Jacob,Mac
app_html/aptoide-0619.html,Bubble Shooter - Global Battle,-,Puzzle,AHA Games,Android
app_html/appbrain-0968.html,Helo-Original Short Play,5,Entertainment,MAROON SKYLIGHT G.K.,Android
app_html/aptoide-2266.html,SATTA MATKA KING,-,Business,iTECH SOLUTIONS,Android
app_html/aptoide-1081.html,HD,4.4,Racing,MinimalLab,Android
app_html/aptoide-0794.html,Dust Settle 3D - Galaxy Attack,4.8,Arcade,zhenrongbin,Android
app_html/appagg-2035.html,Secret Neighbor: Hello Neighbor Multiplayer,1,Action & Adventure,tinyBuild,Games
app_html/aptoide-0780.html,Champs 3D,4.3,Arcade,Madbox,Android
app_html/apkpure-0480.html,A(8) Cal,,Free Tools App,Iting Shofwati,Android
app_html/cnet-0793.html,UFO VPN Basic for,User Rating,Encryption Software,Toolsforrest,Android
app_html/apkpure-1274.html,"Cooking Out - Chef, Food Games",,GameApplication,Yories: Learning Apps & Games for Boys and Girls,Android
app_html/apkpure-1286.html,Sơn Thủy Phân Tran,0,Free Adventure Game,Silver Bat,Android
app_html/apkpure-0761.html,Global Truck Online,0,GameApplication,Star Games Apps,Android
app_html/aptoide-0681.html,Bricks n Balls,-,Puzzle,PeopleFun,Android
app_html/apkpure-0054.html,AnyDesk Remote Desktop,5,BusinessApplication,AnyDesk Software GmbH,Android
app_html/appbrain-1098.html,One by,4.93,Health & Fitness,MetLife Inc,Android
app_html/appbrain-0578.html,Horror Tale 3: The Witch,4.87,Adventure,Euphoria Horror Games,Android
app_html/cnet-1085.html,Happy 2020! for,User Rating,Chat,Coding Corner LLP,iOS
app_html/cnet-1190.html,InPage for,User Rating,Educational,Concept Software Private Limited,iOS
app_html/appagg-0478.html,Music Player - MP3 Player,50,Music & Audio,Red Sky Labs,Android
app_html/cnet-2161.html,VPN Proxy Master for,User Rating,Security Software,Lemon Clove,Mac
app_html/apkpure-1607.html,Cymera Photo Editor,9.6,DesignApplication,NATE Communications Corporation,Android
app_html/aptoide-0450.html,Soccer Stars,4.5,SPORTS GAMES,Miniclip.com,Android
app_html/cnet-0027.html,Chat,User Rating,Chat,Facebook,Android
app_html/aptoide-0114.html,Counter Attack & Shooting Game,-,ACTION,Burak Cakmak,Android
app_html/appbrain-1674.html,4x4 Offroad: Dark Night,4.92,Racing,Play With Games,Android
app_html/apkpure-1665.html,Komban Bus Mod Light,,Free Events App,Mod Bus Gold,Android
app_html/aptoide-1077.html,Bike,5,Racing,Games Wing,Android
app_html/apkpure-1834.html,Meemup orders APK for Android Download,,Free Business App,Meemup,Android
app_html/appagg-1461.html,Shadows of,3.8,Action & Adventure,Fireshine Games,Xbox Games
app_html/cnet-0674.html,Phone X,User Rating,Screensavers & Wallpaper,Caller.live,Android
app_html/apkpure-1921.html,Me@Campus,,Free Business App,Walmart,Android
app_html/appagg-1854.html,Tennis League AI Captain,5,Sports,BigBalli Consulting llc,Android
app_html/appagg-0256.html,Note Notepad Notes,375,Productivity,Notes,Android
app_html/appagg-1861.html,Gunslingers of the Wasteland vs. The Zombies From Mars,0,Action & Adventure,TensionSplice,Steam
app_html/apkpure-0683.html,Period Calendar,1,HealthApplication,Simple Design Ltd.,Android
app_html/appagg-0218.html,AI Photo Editor - Polish,50,Photography,InShot Inc.,Android
app_html/appagg-0069.html,Google Pay: Save and Pay,3,Finance,Google LLC,Android
app_html/apkpure-2100.html,Get Fast Followers,0,social,Socialist App,Android
app_html/apkpure-0883.html,QWAN,,UtilitiesApplication,AAG Mobile Application,Android
app_html/appbrain-0679.html,Words Book Reading Games,5,Educational,Kids Food Games Inc.,Apps
app_html/apkpure-0190.html,Mój Tauron,,HomeApplication,Mój,Android
app_html/cnet-0465.html,Hello,User Rating,Social Networking Software,Mech Mocha Internet,Android
app_html/apkpure-0309.html,Mechangelion Robot Fighting,3,GameApplication,MOONEE PUBLISHING LTD,Android
app_html/cnet-0919.html,Google Services Framework APK for,User Rating,Utilities & Tools,Google LLC,Android
app_html/appbrain-1869.html,FamyStar,4.87,Social,Partycome PTE.LTD.,Apps
app_html/aptoide-1016.html,Bike Race X speed,3.59,Racing,JetSynthesys Inc,Android
app_html/aptoide-0834.html,Monster,4.3,Arcade,Milestone,Android
app_html/apkpure-0023.html,ify AI Diet & Fitness,4,HealthApplication,"HealthifyMe (Calorie Counter, Weight Loss Coach)",Android
app_html/cnet-0165.html,Materia Medica Lite APK for,User Rating,Educational,manohar nagaiah,Android
app_html/apkpure-2194.html,MagiC,0,MultimediaApplication,"Shenzhen TCL New Technology Co., Limited",Android
app_html/appagg-1437.html,Cyber Manhunt,0,Simulation,DQM Games,Games
app_html/aptoide-1381.html,Ball Rush,-,Music,Triple Joy Game,Android
app_html/appbrain-0218.html,Samsung Health,3.61,Health & Fitness,"Samsung Electronics Co., Ltd.",Apps
app_html/appagg-0880.html,Eternium,5,Role Playing,Making Fun,Android
