seed,file,name_presence,rating_presence,category_presence,developer_presence,os_presence,all5_presence
43,app_html/apkpure-1315.html,100,100,100,100,100,100
43,app_html/apkpure-1312.html,100,100,100,100,100,100
43,app_html/cnet-0524.html,100,100,100,100,100,100
43,app_html/appagg-1983.html,100,0,100,100,100,0
43,app_html/appagg-1618.html,100,0,100,100,100,0
43,app_html/cnet-1457.html,100,100,100,100,100,100
43,app_html/apkpure-2164.html,100,100,100,100,100,100
43,app_html/cnet-0334.html,100,100,100,100,100,100
43,app_html/aptoide-1506.html,100,100,100,100,100,100
43,app_html/aptoide-0304.html,100,100,100,100,100,100
43,app_html/appagg-0920.html,100,0,100,100,100,0
43,app_html/cnet-0362.html,100,100,100,100,100,100
43,app_html/appagg-1717.html,100,0,100,100,100,0
43,app_html/appagg-1188.html,100,100,100,100,100,100
43,app_html/aptoide-1989.html,100,100,100,100,100,100
43,app_html/apkpure-1962.html,100,100,100,100,100,100
43,app_html/apkpure-1524.html,100,100,100,100,100,100
43,app_html/appbrain-1207.html,100,100,100,100,100,100
43,app_html/aptoide-1126.html,100,100,100,100,100,100
43,app_html/appbrain-1393.html,100,100,100,100,100,100
43,app_html/appagg-1139.html,100,100,100,100,100,100
43,app_html/aptoide-0951.html,100,100,100,100,100,100
43,app_html/cnet-0277.html,100,100,100,100,100,100
43,app_html/appagg-0271.html,100,0,100,100,100,0
43,app_html/aptoide-1346.html,100,100,100,100,100,100
43,app_html/apkpure-0650.html,100,100,100,100,100,100
43,app_html/appagg-0220.html,100,0,100,100,100,0
43,app_html/cnet-0037.html,100,100,100,100,100,100
43,app_html/appagg-0451.html,100,0,100,100,100,0
43,app_html/appagg-1201.html,100,100,100,100,100,100
43,app_html/cnet-0098.html,100,100,100,100,100,100
43,app_html/appbrain-1250.html,100,100,100,100,100,100
43,app_html/appbrain-1843.html,100,100,100,100,100,100
43,app_html/apkpure-0217.html,100,100,100,100,100,100
43,app_html/appagg-0167.html,100,100,100,100,100,100
43,app_html/aptoide-1574.html,100,100,100,100,100,100
43,app_html/cnet-0267.html,100,100,100,100,100,100
43,app_html/cnet-0783.html,100,100,100,100,100,100
43,app_html/aptoide-0807.html,100,100,100,100,100,100
43,app_html/apkpure-1295.html,100,100,100,100,100,100
43,app_html/cnet-2040.html,100,100,100,100,100,100
43,app_html/apkpure-1428.html,100,100,100,100,100,100
43,app_html/aptoide-1101.html,100,100,100,100,100,100
43,app_html/appbrain-1286.html,100,100,100,100,100,100
43,app_html/apkpure-0049.html,100,100,100,100,100,100
43,app_html/appbrain-0230.html,100,100,100,100,100,100
43,app_html/apkpure-1910.html,100,100,100,100,100,100
43,app_html/cnet-0752.html,100,100,100,100,100,100
43,app_html/apkpure-1688.html,100,100,100,100,100,100
43,app_html/aptoide-0237.html,100,100,100,100,100,100
43,app_html/cnet-0195.html,100,100,100,100,100,100
43,app_html/apkpure-2066.html,100,100,100,100,100,100
43,app_html/appbrain-1428.html,100,100,100,100,100,100
43,app_html/aptoide-1124.html,100,100,100,100,100,100
43,app_html/appbrain-0299.html,100,100,100,100,100,100
43,app_html/aptoide-0896.html,100,100,100,100,100,100
43,app_html/aptoide-0635.html,100,100,100,100,100,100
43,app_html/aptoide-0399.html,100,100,100,100,100,100
43,app_html/appbrain-0537.html,100,100,100,100,100,100
43,app_html/appagg-0706.html,100,100,100,100,100,100
43,app_html/cnet-0292.html,100,100,100,100,100,100
43,app_html/aptoide-0351.html,100,100,100,100,100,100
43,app_html/appbrain-0543.html,100,100,100,100,100,100
43,app_html/appagg-0802.html,100,0,100,100,100,0
43,app_html/aptoide-1182.html,100,100,100,100,100,100
43,app_html/cnet-0290.html,100,100,100,100,100,100
43,app_html/cnet-0695.html,100,100,100,100,100,100
43,app_html/appagg-0560.html,100,0,100,100,100,0
43,app_html/apkpure-1507.html,100,100,100,100,100,100
43,app_html/appagg-1268.html,100,0,100,100,100,0
43,app_html/cnet-0309.html,100,100,100,100,100,100
43,app_html/appagg-0333.html,100,0,100,100,100,0
43,app_html/aptoide-0180.html,100,100,100,100,100,100
43,app_html/appagg-1458.html,100,0,100,100,100,0
43,app_html/appbrain-1566.html,100,100,100,100,100,100
43,app_html/cnet-0451.html,100,100,100,100,100,100
43,app_html/appbrain-1678.html,100,100,100,100,100,100
43,app_html/apkpure-0474.html,100,100,100,100,100,100
43,app_html/appbrain-0102.html,100,100,100,100,100,100
43,app_html/aptoide-0066.html,100,100,100,100,100,100
43,app_html/aptoide-1337.html,100,100,100,100,100,100
43,app_html/apkpure-1039.html,100,100,100,100,100,100
43,app_html/cnet-1347.html,100,100,100,100,100,100
43,app_html/appbrain-0064.html,100,100,100,100,100,100
43,app_html/aptoide-2050.html,100,100,100,100,100,100
43,app_html/appbrain-1225.html,100,100,100,100,100,100
43,app_html/appbrain-0180.html,100,100,100,100,100,100
43,app_html/cnet-0281.html,100,100,100,100,100,100
43,app_html/aptoide-2082.html,100,100,100,100,100,100
43,app_html/aptoide-1617.html,100,100,100,100,100,100
43,app_html/cnet-0335.html,100,100,100,100,100,100
43,app_html/appagg-1808.html,100,0,100,100,100,0
43,app_html/appbrain-1392.html,100,100,100,100,100,100
43,app_html/appbrain-1157.html,100,100,100,100,100,100
43,app_html/appbrain-0037.html,100,100,100,100,100,100
43,app_html/appbrain-1745.html,100,100,100,100,100,100
43,app_html/apkpure-0944.html,100,100,100,100,100,100
43,app_html/aptoide-0790.html,100,100,100,100,100,100
43,app_html/apkpure-0852.html,100,100,100,100,100,100
43,app_html/aptoide-2305.html,100,100,100,100,100,100
43,app_html/appbrain-1177.html,100,100,100,100,100,100
43,app_html/appagg-1041.html,100,0,100,100,100,0
43,app_html/cnet-1042.html,100,100,100,100,100,100
43,app_html/appagg-0558.html,100,0,100,100,100,0
43,app_html/appbrain-1612.html,100,100,100,100,100,100
43,app_html/cnet-1836.html,100,100,100,100,100,100
43,app_html/apkpure-1068.html,100,100,100,100,100,100
43,app_html/appbrain-1365.html,100,100,100,100,100,100
43,app_html/aptoide-2034.html,100,100,100,100,100,100
43,app_html/appbrain-0765.html,100,100,100,100,100,100
43,app_html/appbrain-1027.html,100,100,100,100,100,100
43,app_html/appbrain-1663.html,100,100,100,100,100,100
43,app_html/appbrain-1015.html,100,100,100,100,100,100
43,app_html/cnet-0629.html,100,100,100,100,100,100
43,app_html/appagg-0864.html,100,100,100,100,100,100
43,app_html/aptoide-1869.html,100,100,100,100,100,100
43,app_html/appbrain-1996.html,100,100,100,100,100,100
43,app_html/appbrain-0026.html,100,100,100,100,100,100
43,app_html/appagg-0065.html,100,100,100,100,100,100
43,app_html/cnet-1494.html,100,100,100,100,100,100
43,app_html/appagg-0350.html,100,0,100,100,100,0
43,app_html/aptoide-0973.html,100,100,100,100,100,100
43,app_html/appagg-1137.html,100,100,100,100,100,100
43,app_html/appbrain-2016.html,100,100,100,100,100,100
43,app_html/appagg-1025.html,100,100,100,100,100,100
43,app_html/cnet-2013.html,100,100,100,100,100,100
43,app_html/appagg-0775.html,100,100,100,100,100,100
43,app_html/appbrain-1122.html,100,100,100,100,100,100
43,app_html/apkpure-1539.html,100,100,100,100,100,100
43,app_html/apkpure-0687.html,100,100,100,100,100,100
43,app_html/aptoide-1923.html,100,100,100,100,100,100
43,app_html/cnet-1916.html,100,100,100,100,100,100
43,app_html/appagg-1021.html,100,100,100,100,100,100
43,app_html/appagg-0390.html,100,0,100,100,100,0
43,app_html/apkpure-0298.html,100,100,100,100,100,100
43,app_html/appbrain-0704.html,100,100,100,100,100,100
43,app_html/appagg-2031.html,100,0,100,100,100,0
43,app_html/aptoide-0393.html,100,100,100,100,100,100
43,app_html/cnet-1640.html,100,100,100,100,100,100
43,app_html/appagg-1492.html,100,0,100,100,100,0
43,app_html/appbrain-0885.html,100,100,100,100,100,100
43,app_html/cnet-2183.html,100,100,100,100,100,100
43,app_html/appagg-1704.html,100,0,100,100,100,0
43,app_html/aptoide-1375.html,100,100,100,100,100,100
43,app_html/apkpure-0409.html,100,100,100,100,100,100
43,app_html/apkpure-1612.html,100,100,100,100,100,100
43,app_html/appbrain-0650.html,100,100,100,100,100,100
43,app_html/appagg-2053.html,100,0,100,100,100,0
43,app_html/apkpure-0618.html,100,100,100,100,100,100
43,app_html/apkpure-1919.html,100,100,100,100,100,100
43,app_html/apkpure-0754.html,100,100,100,100,100,100
43,app_html/aptoide-2397.html,100,100,100,100,100,100
43,app_html/appbrain-0066.html,100,100,100,100,100,100
43,app_html/apkpure-0295.html,100,100,100,100,100,100
43,app_html/cnet-0390.html,100,100,100,100,100,100
43,app_html/appagg-1278.html,100,0,100,100,100,0
43,app_html/appagg-1940.html,100,0,100,100,100,0
43,app_html/aptoide-2333.html,100,100,100,100,100,100
43,app_html/appbrain-1216.html,100,100,100,100,100,100
43,app_html/aptoide-1266.html,100,100,100,0,100,0
43,app_html/appbrain-1728.html,100,100,100,100,100,100
43,app_html/apkpure-1179.html,100,100,100,100,100,100
43,app_html/appbrain-1271.html,100,100,100,100,100,100
43,app_html/cnet-2211.html,100,100,100,100,100,100
43,app_html/appagg-1628.html,100,0,100,100,100,0
43,app_html/apkpure-1252.html,100,100,100,100,100,100
43,app_html/aptoide-1070.html,100,100,100,100,100,100
43,app_html/apkpure-0613.html,100,100,100,100,100,100
43,app_html/appbrain-0961.html,100,100,100,100,100,100
43,app_html/appbrain-0089.html,100,100,100,100,100,100
43,app_html/apkpure-1961.html,100,100,100,100,100,100
43,app_html/apkpure-2269.html,100,100,100,100,100,100
43,app_html/aptoide-1072.html,100,100,100,100,100,100
43,app_html/appbrain-0860.html,100,100,100,100,100,100
43,app_html/appbrain-1668.html,100,100,100,100,100,100
43,app_html/cnet-1911.html,100,100,100,100,100,100
43,app_html/cnet-0438.html,100,100,100,100,100,100
43,app_html/aptoide-1275.html,100,100,100,100,100,100
43,app_html/appbrain-1650.html,100,100,100,100,100,100
43,app_html/appagg-1829.html,100,0,100,100,100,0
43,app_html/appagg-1168.html,100,0,100,100,100,0
43,app_html/apkpure-1373.html,100,100,100,100,100,100
43,app_html/cnet-1837.html,100,100,100,100,100,100
43,app_html/apkpure-1698.html,100,100,100,100,100,100
43,app_html/appagg-1894.html,100,0,100,100,100,0
43,app_html/apkpure-0587.html,100,100,100,100,100,100
43,app_html/apkpure-1088.html,100,100,100,100,100,100
43,app_html/aptoide-0586.html,100,100,100,100,100,100
43,app_html/appagg-1760.html,100,0,100,100,100,0
43,app_html/appagg-1343.html,100,100,100,100,100,100
43,app_html/aptoide-1523.html,100,100,100,100,100,100
43,app_html/appbrain-0883.html,100,100,100,100,100,100
43,app_html/cnet-1439.html,100,100,100,100,100,100
43,app_html/apkpure-1849.html,100,100,100,100,100,100
43,app_html/appbrain-0618.html,100,100,100,100,100,100
43,app_html/apkpure-1980.html,100,100,100,100,100,100
43,app_html/appagg-1280.html,100,100,100,100,100,100
43,app_html/apkpure-1293.html,100,100,100,100,100,100
43,app_html/appbrain-1670.html,100,100,100,100,100,100
43,app_html/appagg-1379.html,100,0,100,100,100,0
43,app_html/appagg-0525.html,100,100,100,100,100,100
43,app_html/aptoide-0027.html,100,100,100,100,100,100
43,app_html/aptoide-0463.html,100,100,100,100,100,100
43,app_html/cnet-1956.html,100,100,100,100,100,100
43,app_html/cnet-0861.html,100,100,100,100,100,100
43,app_html/cnet-0501.html,100,100,100,100,100,100
43,app_html/aptoide-1962.html,100,100,100,100,100,100
43,app_html/apkpure-0484.html,100,100,100,100,100,100
43,app_html/aptoide-1036.html,100,100,100,100,100,100
43,app_html/apkpure-1027.html,100,100,100,100,100,100
43,app_html/aptoide-2288.html,100,100,100,100,100,100
43,app_html/apkpure-0382.html,100,100,100,100,100,100
43,app_html/aptoide-2257.html,100,100,100,100,100,100
43,app_html/appagg-1713.html,100,0,100,100,100,0
43,app_html/appbrain-0422.html,100,100,100,100,100,100
43,app_html/aptoide-2415.html,100,100,100,100,100,100
43,app_html/apkpure-0318.html,100,100,100,100,100,100
43,app_html/aptoide-1074.html,100,100,100,100,100,100
43,app_html/cnet-2093.html,100,100,100,100,100,100
43,app_html/appbrain-0224.html,100,100,100,100,100,100
43,app_html/apkpure-0549.html,100,100,100,100,100,100
43,app_html/appbrain-1780.html,100,100,100,100,100,100
43,app_html/aptoide-1829.html,100,100,100,100,100,100
43,app_html/appbrain-0638.html,100,100,100,100,100,100
43,app_html/cnet-1915.html,100,100,100,100,100,100
43,app_html/appbrain-1067.html,100,100,100,100,100,100
43,app_html/appbrain-0185.html,100,100,100,100,100,100
43,app_html/apkpure-1268.html,100,100,100,100,100,100
43,app_html/appbrain-1913.html,100,100,100,100,100,100
43,app_html/apkpure-1777.html,100,100,100,100,100,100
43,app_html/apkpure-1160.html,100,100,100,100,100,100
43,app_html/aptoide-0203.html,100,100,100,100,100,100
43,app_html/appagg-1780.html,100,0,100,100,100,0
43,app_html/aptoide-1740.html,100,100,100,100,100,100
43,app_html/appagg-0260.html,100,100,100,100,100,100
43,app_html/aptoide-1176.html,100,100,100,100,100,100
43,app_html/appbrain-0204.html,100,100,100,100,100,100
43,app_html/appagg-1215.html,100,100,100,100,100,100
43,app_html/apkpure-1693.html,100,100,100,100,100,100
43,app_html/appbrain-1944.html,100,100,100,100,100,100
43,app_html/appbrain-1687.html,100,100,100,100,100,100
43,app_html/cnet-1762.html,100,100,100,100,100,100
43,app_html/appagg-1378.html,100,0,100,100,100,0
43,app_html/appagg-0625.html,100,100,100,100,100,100
43,app_html/aptoide-0862.html,100,100,100,100,100,100
43,app_html/appagg-0123.html,100,100,100,100,100,100
43,app_html/aptoide-2407.html,100,100,100,100,100,100
43,app_html/aptoide-1915.html,100,100,100,100,100,100
43,app_html/appagg-1864.html,100,0,100,100,100,0
43,app_html/cnet-0822.html,100,100,100,100,100,100
43,app_html/aptoide-0312.html,100,100,100,100,100,100
43,app_html/appagg-1134.html,100,100,100,100,100,100
43,app_html/apkpure-1154.html,100,100,100,100,100,100
43,app_html/cnet-0305.html,100,100,100,100,100,100
43,app_html/apkpure-2237.html,100,100,100,100,100,100
43,app_html/aptoide-1028.html,100,100,100,100,100,100
43,app_html/appagg-0809.html,100,100,100,100,100,100
43,app_html/appbrain-1366.html,100,100,100,100,100,100
43,app_html/aptoide-0264.html,100,100,100,100,100,100
43,app_html/appbrain-1746.html,100,100,100,100,100,100
43,app_html/appagg-0954.html,100,0,100,100,100,0
43,app_html/cnet-0681.html,100,100,100,100,100,100
43,app_html/apkpure-1745.html,100,100,100,100,100,100
43,app_html/appagg-0866.html,100,100,100,100,100,100
43,app_html/appagg-1331.html,100,100,100,100,100,100
43,app_html/appagg-1451.html,100,0,100,100,100,0
43,app_html/apkpure-2088.html,100,100,100,100,100,100
43,app_html/appbrain-0382.html,100,100,100,100,100,100
43,app_html/aptoide-1592.html,100,100,100,100,100,100
43,app_html/apkpure-0150.html,100,100,100,100,100,100
43,app_html/cnet-1499.html,100,100,100,100,100,100
43,app_html/appbrain-0592.html,100,100,100,100,100,100
43,app_html/cnet-0725.html,100,100,100,100,100,100
43,app_html/cnet-1716.html,100,100,100,100,100,100
43,app_html/appbrain-0590.html,100,100,100,100,100,100
43,app_html/apkpure-0418.html,100,100,100,100,100,100
43,app_html/apkpure-0199.html,100,100,100,100,100,100
43,app_html/apkpure-1188.html,100,100,100,100,100,100
43,app_html/cnet-1235.html,100,100,100,100,100,100
43,app_html/aptoide-0043.html,100,100,100,100,100,100
43,app_html/aptoide-1014.html,100,100,100,100,100,100
43,app_html/appbrain-0518.html,100,100,100,100,100,100
43,app_html/aptoide-1614.html,100,100,100,100,100,100
43,app_html/appagg-1153.html,100,100,100,100,100,100
43,app_html/aptoide-0727.html,100,100,100,100,100,100
43,app_html/apkpure-1159.html,100,100,100,100,100,100
43,app_html/cnet-1095.html,100,100,100,100,100,100
43,app_html/appagg-0769.html,100,100,100,100,100,100
43,app_html/apkpure-0249.html,100,100,100,100,100,100
43,app_html/aptoide-1191.html,100,100,100,100,100,100
43,app_html/aptoide-2440.html,100,100,100,100,100,100
43,app_html/appbrain-0666.html,100,100,100,100,100,100
43,app_html/aptoide-0782.html,100,100,100,100,100,100
43,app_html/aptoide-2430.html,100,100,100,100,100,100
43,app_html/cnet-1848.html,100,100,100,100,100,100
43,app_html/appbrain-0025.html,100,100,100,100,100,100
43,app_html/apkpure-0826.html,100,100,100,100,100,100
43,app_html/appagg-1056.html,100,0,100,100,100,0
43,app_html/cnet-1674.html,100,100,100,100,100,100
43,app_html/apkpure-0320.html,100,100,100,100,100,100
43,app_html/aptoide-0500.html,100,100,100,100,100,100
43,app_html/cnet-2036.html,100,100,100,100,100,100
43,app_html/appbrain-1112.html,100,100,100,100,100,100
43,app_html/aptoide-0752.html,100,100,100,100,100,100
43,app_html/aptoide-0488.html,100,100,100,100,100,100
43,app_html/cnet-0208.html,100,100,100,100,100,100
43,app_html/appbrain-1013.html,100,100,100,100,100,100
43,app_html/apkpure-1457.html,100,100,100,100,100,100
43,app_html/cnet-1750.html,100,100,100,100,100,100
43,app_html/appagg-0374.html,100,0,100,100,100,0
43,app_html/apkpure-1918.html,100,100,100,100,100,100
43,app_html/appbrain-1742.html,100,100,100,100,100,100
43,app_html/aptoide-2197.html,100,100,100,100,100,100
43,app_html/appbrain-1688.html,100,100,100,100,100,100
43,app_html/cnet-1780.html,100,100,100,100,100,100
43,app_html/appbrain-1434.html,100,100,100,100,100,100
43,app_html/appbrain-1504.html,100,100,100,100,100,100
43,app_html/cnet-1258.html,100,100,100,100,100,100
43,app_html/cnet-2071.html,100,100,100,100,100,100
43,app_html/appbrain-0700.html,100,100,100,100,100,100
43,app_html/appbrain-0366.html,100,100,100,100,100,100
43,app_html/appagg-1113.html,100,0,100,100,100,0
43,app_html/aptoide-2144.html,100,100,100,100,100,100
43,app_html/cnet-1320.html,100,100,100,100,100,100
43,app_html/appagg-0269.html,100,100,100,100,100,100
43,app_html/appbrain-0970.html,100,100,100,100,100,100
43,app_html/appagg-1577.html,100,0,100,100,100,0
43,app_html/appbrain-0681.html,100,100,100,100,100,100
43,app_html/cnet-1799.html,100,100,100,100,100,100
43,app_html/appagg-0485.html,100,100,100,100,100,100
43,app_html/aptoide-1513.html,100,100,100,100,100,100
43,app_html/cnet-1615.html,100,100,100,100,100,100
43,app_html/appagg-2058.html,100,0,100,100,100,0
43,app_html/aptoide-2004.html,100,100,100,100,100,100
43,app_html/apkpure-0977.html,100,100,100,100,100,100
43,app_html/aptoide-2434.html,100,100,100,100,100,100
43,app_html/aptoide-1446.html,100,100,100,100,100,100
43,app_html/aptoide-1566.html,100,100,100,100,100,100
43,app_html/apkpure-1094.html,100,100,100,100,100,100
43,app_html/apkpure-0927.html,100,100,100,100,100,100
43,app_html/appagg-0178.html,100,100,100,100,100,100
43,app_html/cnet-0296.html,100,100,100,100,100,100
43,app_html/cnet-1366.html,100,100,100,100,100,100
43,app_html/appbrain-0973.html,100,100,100,100,100,100
43,app_html/aptoide-1894.html,100,100,100,100,100,100
43,app_html/cnet-1833.html,100,100,100,100,100,100
43,app_html/appbrain-0054.html,100,100,100,100,100,100
43,app_html/cnet-0765.html,100,100,100,100,100,100
43,app_html/cnet-0188.html,100,100,100,100,100,100
43,app_html/apkpure-0949.html,100,100,100,100,100,100
43,app_html/apkpure-1075.html,100,100,100,100,100,100
43,app_html/aptoide-0729.html,100,100,100,100,100,100
43,app_html/appagg-0894.html,100,100,100,100,100,100
43,app_html/apkpure-1032.html,100,100,100,100,100,100
43,app_html/aptoide-2105.html,100,100,100,100,100,100
43,app_html/appbrain-0436.html,100,100,100,100,100,100
43,app_html/appagg-0566.html,100,100,100,100,100,100
43,app_html/cnet-0925.html,100,100,100,100,100,100
43,app_html/appbrain-0892.html,100,100,100,100,100,100
43,app_html/apkpure-0724.html,100,100,100,100,100,100
43,app_html/appagg-2010.html,100,0,100,100,100,0
43,app_html/aptoide-1996.html,100,100,100,100,100,100
43,app_html/appagg-0234.html,100,100,100,100,100,100
43,app_html/appbrain-0851.html,100,100,100,100,100,100
43,app_html/apkpure-0897.html,100,100,100,100,100,100
43,app_html/apkpure-0420.html,100,100,100,100,100,100
43,app_html/cnet-0704.html,100,100,100,100,100,100
43,app_html/cnet-1781.html,100,100,100,100,100,100
43,app_html/appagg-0495.html,100,0,100,100,100,0
43,app_html/appagg-1047.html,100,0,100,100,100,0
43,app_html/appagg-0181.html,100,100,100,100,100,100
43,app_html/apkpure-0250.html,100,100,100,100,100,100
43,app_html/appbrain-1351.html,100,100,100,100,100,100
43,app_html/cnet-0057.html,100,100,100,100,100,100
43,app_html/apkpure-2198.html,100,100,100,100,100,100
43,app_html/appbrain-0917.html,100,100,100,100,100,100
43,app_html/cnet-1081.html,100,100,100,100,100,100
43,app_html/appbrain-0399.html,100,100,100,100,100,100
43,app_html/appbrain-1037.html,100,100,100,100,100,100
43,app_html/appagg-1127.html,100,0,100,100,100,0
43,app_html/apkpure-1917.html,100,100,100,100,100,100
43,app_html/appagg-0779.html,100,100,100,100,100,100
43,app_html/apkpure-0035.html,100,100,100,100,100,100
43,app_html/cnet-1560.html,100,100,100,100,100,100
43,app_html/cnet-0064.html,100,100,100,100,100,100
43,app_html/appbrain-1605.html,100,100,100,100,100,100
43,app_html/appbrain-0598.html,100,100,100,100,100,100
43,app_html/cnet-0383.html,100,100,100,100,100,100
43,app_html/appagg-1266.html,100,0,100,100,100,0
43,app_html/appbrain-0937.html,100,100,100,100,100,100
43,app_html/cnet-0570.html,100,100,100,100,100,100
43,app_html/aptoide-2388.html,100,100,100,100,100,100
43,app_html/appbrain-1209.html,100,100,100,100,100,100
43,app_html/appbrain-1800.html,100,100,100,100,100,100
43,app_html/aptoide-1682.html,100,100,100,100,100,100
43,app_html/appbrain-0388.html,100,100,100,100,100,100
43,app_html/apkpure-1770.html,100,100,100,100,100,100
43,app_html/appagg-2030.html,100,0,100,100,100,0
43,app_html/appbrain-0275.html,100,100,100,100,100,100
43,app_html/cnet-1984.html,100,100,100,100,100,100
43,app_html/apkpure-2033.html,100,100,100,100,100,100
43,app_html/appbrain-0802.html,100,100,100,100,100,100
43,app_html/cnet-0012.html,100,100,100,100,100,100
43,app_html/apkpure-1257.html,100,100,100,100,100,100
43,app_html/aptoide-0421.html,100,100,100,100,100,100
43,app_html/aptoide-0634.html,0,100,100,100,100,0
43,app_html/appagg-0318.html,100,100,100,100,100,100
43,app_html/appagg-0814.html,100,0,100,100,100,0
43,app_html/aptoide-1696.html,100,100,100,100,100,100
43,app_html/cnet-1385.html,100,100,100,100,100,100
43,app_html/appagg-0564.html,100,0,100,100,100,0
43,app_html/cnet-1872.html,100,100,100,100,100,100
43,app_html/appbrain-1634.html,100,100,100,100,100,100
43,app_html/aptoide-2316.html,100,100,100,100,100,100
43,app_html/appbrain-0670.html,100,100,100,100,100,100
43,app_html/appbrain-0034.html,100,100,100,100,100,100
43,app_html/aptoide-0436.html,100,100,100,100,100,100
43,app_html/apkpure-0302.html,100,0,100,100,100,0
43,app_html/apkpure-0907.html,100,100,100,100,100,100
43,app_html/appbrain-1479.html,100,100,100,100,100,100
43,app_html/appagg-0163.html,100,100,100,100,100,100
43,app_html/aptoide-1990.html,100,100,100,100,100,100
43,app_html/apkpure-2253.html,100,100,100,100,100,100
43,app_html/aptoide-0103.html,100,100,100,100,100,100
43,app_html/appbrain-0431.html,100,100,100,100,100,100
43,app_html/aptoide-1234.html,100,100,100,100,100,100
43,app_html/cnet-0329.html,100,100,100,100,100,100
43,app_html/apkpure-1601.html,100,100,100,100,100,100
43,app_html/appbrain-0279.html,100,100,100,100,100,100
43,app_html/aptoide-1282.html,100,100,100,100,100,100
43,app_html/apkpure-1893.html,100,100,100,100,100,100
43,app_html/appagg-0388.html,100,100,100,100,100,100
43,app_html/appagg-0967.html,100,100,100,100,100,100
43,app_html/appbrain-0462.html,100,100,100,100,100,100
43,app_html/apkpure-1144.html,100,100,100,100,100,100
43,app_html/cnet-0650.html,100,100,100,100,100,100
43,app_html/appbrain-1623.html,100,100,100,100,100,100
43,app_html/apkpure-0857.html,100,100,100,100,100,100
43,app_html/apkpure-1389.html,100,100,100,100,100,100
43,app_html/aptoide-0687.html,100,100,100,100,100,100
43,app_html/appagg-1226.html,100,0,100,100,100,0
43,app_html/appagg-2039.html,100,0,100,100,100,0
43,app_html/cnet-1452.html,100,100,100,100,100,100
43,app_html/appbrain-1214.html,100,100,100,100,100,100
43,app_html/cnet-0969.html,100,100,100,100,100,100
43,app_html/apkpure-0004.html,100,0,100,100,100,0
43,app_html/aptoide-1747.html,100,100,100,100,100,100
43,app_html/appbrain-0889.html,100,100,100,100,100,100
43,app_html/apkpure-1506.html,100,100,100,100,100,100
43,app_html/apkpure-0946.html,100,100,100,100,100,100
43,app_html/cnet-0302.html,100,100,100,100,100,100
43,app_html/apkpure-0564.html,100,100,100,100,100,100
43,app_html/aptoide-2193.html,100,100,100,100,100,100
43,app_html/aptoide-0889.html,100,100,100,100,100,100
43,app_html/appbrain-1399.html,100,100,100,100,100,100
43,app_html/appbrain-1339.html,100,100,100,100,100,100
43,app_html/aptoide-2244.html,100,100,100,100,100,100
43,app_html/apkpure-2262.html,100,100,100,100,100,100
43,app_html/apkpure-2000.html,100,100,100,100,100,100
43,app_html/appagg-0103.html,100,100,100,100,100,100
43,app_html/appbrain-0753.html,100,100,100,100,100,100
43,app_html/cnet-1074.html,100,100,100,100,100,100
43,app_html/aptoide-0490.html,100,100,100,100,100,100
43,app_html/appagg-0338.html,100,0,100,100,100,0
43,app_html/aptoide-2464.html,100,100,100,100,100,100
43,app_html/cnet-2258.html,100,100,100,100,100,100
43,app_html/aptoide-1355.html,100,100,100,100,100,100
43,app_html/appagg-0851.html,100,100,100,100,100,100
43,app_html/aptoide-0306.html,100,100,100,100,100,100
43,app_html/appagg-0475.html,100,0,100,100,100,0
43,app_html/appbrain-0169.html,100,100,100,100,100,100
43,app_html/apkpure-1166.html,100,100,100,100,100,100
43,app_html/apkpure-0096.html,100,100,100,100,100,100
43,app_html/appagg-1236.html,100,0,100,100,100,0
43,app_html/aptoide-1858.html,100,100,100,100,100,100
43,app_html/appbrain-1287.html,100,100,100,100,100,100
43,app_html/appbrain-1683.html,100,100,100,100,100,100
43,app_html/apkpure-0110.html,100,100,100,100,100,100
43,app_html/aptoide-1641.html,100,100,100,100,100,100
43,app_html/aptoide-2240.html,100,100,100,100,100,100
43,app_html/appbrain-1451.html,100,100,100,100,100,100
43,app_html/apkpure-1781.html,100,100,100,100,100,100
43,app_html/appbrain-0246.html,100,100,100,100,100,100
43,app_html/cnet-0483.html,100,100,100,100,100,100
43,app_html/appagg-0678.html,100,0,100,100,100,0
43,app_html/cnet-1017.html,100,100,100,100,100,100
43,app_html/apkpure-1660.html,100,100,100,100,100,100
43,app_html/appbrain-2008.html,100,100,100,100,100,100
43,app_html/aptoide-1792.html,100,100,100,100,100,100
43,app_html/aptoide-1194.html,100,100,100,100,100,100
43,app_html/appbrain-0074.html,100,100,100,100,100,100
43,app_html/appagg-0154.html,100,100,100,100,100,100
43,app_html/apkpure-1899.html,100,100,100,100,100,100
43,app_html/apkpure-1717.html,100,100,100,100,100,100
43,app_html/apkpure-0758.html,100,100,100,100,100,100
43,app_html/appagg-1765.html,100,0,100,100,100,0
43,app_html/apkpure-0014.html,100,100,100,100,100,100
43,app_html/aptoide-2358.html,100,100,100,100,100,100
43,app_html/aptoide-1618.html,100,100,100,100,100,100
43,app_html/aptoide-1180.html,100,100,100,100,100,100
43,app_html/appbrain-0637.html,100,100,100,100,100,100
43,app_html/appagg-1050.html,100,100,100,100,100,100
43,app_html/appbrain-0913.html,100,100,100,100,100,100
43,app_html/cnet-0747.html,100,100,100,100,100,100
43,app_html/aptoide-1951.html,100,100,100,100,100,100
43,app_html/appagg-1365.html,100,100,100,100,100,100
43,app_html/appbrain-1426.html,100,100,100,100,100,100
43,app_html/cnet-0204.html,100,100,100,100,100,100
43,app_html/appagg-0277.html,100,100,100,100,100,100
43,app_html/appagg-0436.html,100,0,100,100,100,0
43,app_html/apkpure-1733.html,100,100,100,100,100,100
43,app_html/aptoide-1818.html,100,100,100,100,100,100
43,app_html/aptoide-1216.html,100,100,100,100,100,100
43,app_html/appagg-0623.html,100,100,100,100,100,100
43,app_html/appbrain-1161.html,100,100,100,100,100,100
43,app_html/cnet-2121.html,100,100,100,100,100,100
43,app_html/appbrain-1252.html,100,100,100,100,100,100
43,app_html/apkpure-0760.html,100,100,100,100,100,100
43,app_html/cnet-0388.html,100,100,100,100,100,100
43,app_html/aptoide-2400.html,100,100,100,100,100,100
43,app_html/appagg-0228.html,100,0,100,100,100,0
43,app_html/appagg-1467.html,100,0,100,100,100,0
43,app_html/apkpure-1853.html,100,100,100,100,100,100
43,app_html/apkpure-0994.html,100,100,100,100,100,100
43,app_html/cnet-0034.html,100,100,100,100,100,100
43,app_html/cnet-1652.html,100,100,100,100,100,100
43,app_html/aptoide-0438.html,100,100,100,100,100,100
43,app_html/cnet-0106.html,100,100,100,100,100,100
43,app_html/cnet-0937.html,100,100,100,100,100,100
43,app_html/appbrain-0160.html,100,100,100,100,100,100
43,app_html/aptoide-0049.html,100,100,100,100,100,100
43,app_html/aptoide-0020.html,100,100,100,100,100,100
43,app_html/cnet-1993.html,100,100,100,100,100,100
43,app_html/aptoide-1386.html,100,100,100,100,100,100
43,app_html/appbrain-1417.html,100,100,100,100,100,100
43,app_html/aptoide-1457.html,100,100,100,100,100,100
43,app_html/apkpure-2071.html,100,100,100,100,100,100
43,app_html/cnet-1651.html,100,100,100,100,100,100
43,app_html/appbrain-0776.html,100,100,100,100,100,100
43,app_html/apkpure-0588.html,100,100,100,100,100,100
43,app_html/appagg-0546.html,100,100,100,100,100,100
43,app_html/appbrain-1818.html,100,100,100,100,100,100
43,app_html/apkpure-2270.html,100,100,100,100,100,100
43,app_html/cnet-1203.html,100,100,100,100,100,100
43,app_html/aptoide-0221.html,100,100,100,100,100,100
43,app_html/aptoide-0069.html,100,100,100,100,100,100
43,app_html/appagg-0934.html,100,0,100,100,100,0
43,app_html/aptoide-2264.html,100,100,100,100,100,100
43,app_html/apkpure-1680.html,100,100,100,100,100,100
43,app_html/cnet-1051.html,100,100,100,100,100,100
43,app_html/cnet-1834.html,100,100,100,100,100,100
43,app_html/appagg-1030.html,100,100,100,100,100,100
43,app_html/appagg-0306.html,100,100,100,100,100,100
43,app_html/aptoide-2065.html,100,100,100,100,100,100
43,app_html/appbrain-0797.html,100,100,100,100,100,100
43,app_html/aptoide-1068.html,100,100,100,100,100,100
43,app_html/appagg-1062.html,100,100,100,100,100,100
43,app_html/cnet-0990.html,100,100,100,100,100,100
43,app_html/appagg-1650.html,100,0,100,100,100,0
43,app_html/apkpure-0566.html,100,100,100,100,100,100
43,app_html/apkpure-1296.html,100,100,100,100,100,100
43,app_html/appagg-0605.html,100,0,100,100,100,0
43,app_html/apkpure-1672.html,100,100,100,100,100,100
43,app_html/appagg-0711.html,100,100,100,100,100,100
43,app_html/appagg-0115.html,100,100,100,100,100,100
43,app_html/aptoide-2204.html,100,100,100,100,100,100
43,app_html/aptoide-1699.html,100,100,100,0,100,0
43,app_html/appagg-0567.html,100,0,100,100,100,0
43,app_html/apkpure-1079.html,100,100,100,100,100,100
43,app_html/apkpure-1988.html,100,100,100,100,100,100
43,app_html/appagg-0335.html,100,100,100,100,100,100
43,app_html/appbrain-1748.html,100,100,100,100,100,100
43,app_html/appagg-0420.html,100,100,100,100,100,100
43,app_html/aptoide-0345.html,100,100,100,100,100,100
43,app_html/aptoide-2278.html,100,100,100,100,100,100
43,app_html/appagg-1507.html,100,0,100,100,100,0
43,app_html/appagg-0190.html,100,100,100,100,100,100
43,app_html/apkpure-1438.html,100,100,100,100,100,100
43,app_html/cnet-1672.html,100,100,100,100,100,100
43,app_html/aptoide-0887.html,100,100,100,100,100,100
43,app_html/aptoide-0607.html,100,100,100,100,100,100
43,app_html/appbrain-0706.html,100,100,100,100,100,100
43,app_html/appagg-1640.html,100,0,100,100,100,0
43,app_html/apkpure-0157.html,100,100,100,100,100,100
43,app_html/appbrain-1499.html,100,100,100,100,100,100
43,app_html/appagg-0785.html,100,100,100,100,100,100
43,app_html/appagg-1444.html,100,0,100,100,100,0
43,app_html/cnet-1795.html,100,100,100,100,100,100
43,app_html/apkpure-1673.html,100,100,100,100,100,100
43,app_html/appbrain-0140.html,100,100,100,100,100,100
43,app_html/appagg-0888.html,100,0,100,100,100,0
43,app_html/apkpure-0548.html,100,100,100,100,100,100
43,app_html/appbrain-0858.html,100,100,100,100,100,100
43,app_html/cnet-1463.html,100,100,100,100,100,100
43,app_html/cnet-0948.html,100,100,100,100,100,100
43,app_html/apkpure-1322.html,100,100,100,100,100,100
43,app_html/apkpure-0984.html,100,100,100,100,100,100
43,app_html/aptoide-0417.html,100,100,100,100,100,100
43,app_html/apkpure-0131.html,100,100,100,100,100,100
43,app_html/apkpure-1197.html,100,100,100,100,100,100
43,app_html/appagg-1408.html,100,0,100,100,100,0
43,app_html/aptoide-1221.html,100,100,100,100,100,100
43,app_html/cnet-2051.html,100,100,100,100,100,100
43,app_html/appbrain-1507.html,100,100,100,100,100,100
43,app_html/cnet-1562.html,100,100,100,100,100,100
43,app_html/cnet-0659.html,100,100,100,100,100,100
43,app_html/aptoide-0477.html,100,100,100,100,100,100
43,app_html/appbrain-0625.html,100,100,100,100,100,100
43,app_html/cnet-0304.html,100,100,100,100,100,100
43,app_html/appagg-2073.html,100,0,100,100,100,0
43,app_html/appagg-1750.html,100,0,100,100,100,0
43,app_html/cnet-0090.html,100,100,100,100,100,100
43,app_html/apkpure-1605.html,100,100,100,100,100,100
43,app_html/appbrain-1192.html,100,100,100,100,100,100
43,app_html/cnet-0400.html,100,100,100,100,100,100
43,app_html/cnet-0079.html,100,100,100,100,100,100
43,app_html/apkpure-1346.html,100,100,100,100,100,100
43,app_html/appagg-1813.html,100,0,100,100,100,0
43,app_html/appagg-0582.html,100,0,100,100,100,0
43,app_html/cnet-0936.html,100,100,100,100,100,100
43,app_html/apkpure-0535.html,100,100,100,100,100,100
43,app_html/appbrain-0792.html,100,100,100,100,100,100
43,app_html/apkpure-1168.html,100,100,100,100,100,100
43,app_html/appbrain-0123.html,100,100,100,100,100,100
43,app_html/appagg-0292.html,100,0,100,100,100,0
43,app_html/apkpure-1562.html,100,100,100,100,0,0
43,app_html/appagg-1074.html,100,100,100,100,100,100
43,app_html/appagg-1792.html,100,0,100,100,100,0
43,app_html/aptoide-0167.html,100,100,100,100,100,100
43,app_html/aptoide-1005.html,100,100,100,100,100,100
43,app_html/aptoide-1960.html,100,100,100,100,100,100
43,app_html/aptoide-1308.html,100,100,100,100,100,100
43,app_html/cnet-0886.html,100,100,100,100,100,100
43,app_html/apkpure-1435.html,100,100,100,100,100,100
43,app_html/appbrain-0589.html,100,100,100,100,100,100
43,app_html/apkpure-0436.html,100,100,100,100,100,100
43,app_html/aptoide-1047.html,100,100,100,100,100,100
43,app_html/apkpure-1600.html,100,100,100,100,100,100
43,app_html/aptoide-0239.html,100,100,100,100,100,100
43,app_html/apkpure-0958.html,100,100,100,100,100,100
43,app_html/appbrain-0923.html,100,100,100,100,100,100
43,app_html/appagg-1152.html,100,0,100,100,100,0
43,app_html/cnet-1680.html,100,100,100,100,100,100
43,app_html/aptoide-0822.html,100,100,100,100,100,100
43,app_html/apkpure-0385.html,100,100,100,100,100,100
43,app_html/appagg-0966.html,100,100,100,100,100,100
43,app_html/appbrain-0880.html,100,100,100,100,100,100
43,app_html/apkpure-1284.html,100,100,100,100,100,100
43,app_html/appbrain-0437.html,100,100,100,100,100,100
43,app_html/appbrain-1806.html,100,100,100,100,100,100
43,app_html/cnet-0548.html,100,100,100,100,100,100
43,app_html/cnet-0430.html,100,100,100,100,100,100
43,app_html/aptoide-0663.html,100,100,100,100,100,100
43,app_html/cnet-1930.html,100,100,100,100,100,100
43,app_html/appagg-0792.html,100,100,100,100,100,100
43,app_html/cnet-1273.html,100,100,100,100,100,100
43,app_html/cnet-0169.html,100,100,100,100,100,100
43,app_html/cnet-0089.html,100,100,100,100,100,100
43,app_html/apkpure-2240.html,100,100,100,100,100,100
43,app_html/apkpure-1977.html,100,100,100,100,100,100
43,app_html/appbrain-0560.html,100,100,100,100,100,100
43,app_html/appagg-0850.html,100,0,100,100,100,0
43,app_html/appagg-0343.html,100,100,100,100,100,100
43,app_html/apkpure-0637.html,100,100,100,100,100,100
43,app_html/aptoide-0578.html,100,100,100,100,100,100
43,app_html/appagg-0897.html,100,100,100,100,100,100
43,app_html/cnet-0342.html,100,100,100,100,100,100
43,app_html/cnet-0054.html,100,100,100,100,100,100
43,app_html/cnet-0369.html,100,100,100,100,100,100
43,app_html/appagg-0112.html,100,0,100,100,100,0
43,app_html/cnet-0108.html,100,100,100,100,100,100
43,app_html/appbrain-1278.html,100,100,100,100,100,100
43,app_html/appagg-1601.html,100,0,100,100,100,0
43,app_html/apkpure-0180.html,100,100,100,100,100,100
43,app_html/cnet-0069.html,100,100,100,100,100,100
43,app_html/appagg-1666.html,100,0,100,100,100,0
43,app_html/appbrain-1019.html,100,100,100,100,100,100
43,app_html/appbrain-0109.html,100,100,100,100,100,100
43,app_html/aptoide-0528.html,100,100,100,100,100,100
43,app_html/cnet-0229.html,100,100,100,100,100,100
43,app_html/cnet-1151.html,100,100,100,100,100,100
43,app_html/apkpure-0432.html,100,100,100,100,100,100
43,app_html/apkpure-0594.html,100,100,100,100,100,100
43,app_html/appbrain-0493.html,100,100,100,100,100,100
43,app_html/cnet-1940.html,100,100,100,100,100,100
43,app_html/cnet-0269.html,100,100,100,100,100,100
43,app_html/apkpure-1755.html,100,100,100,100,100,100
43,app_html/cnet-1210.html,100,100,100,100,100,100
43,app_html/cnet-0239.html,100,100,100,100,100,100
43,app_html/aptoide-2108.html,100,100,100,100,100,100
43,app_html/aptoide-0335.html,100,100,100,100,100,100
43,app_html/cnet-2146.html,100,100,100,100,100,100
43,app_html/appagg-0033.html,100,0,100,100,100,0
43,app_html/appagg-1149.html,100,0,100,100,100,0
43,app_html/apkpure-0068.html,100,100,100,100,100,100
43,app_html/cnet-1147.html,100,100,100,100,100,100
43,app_html/aptoide-1142.html,100,100,100,100,100,100
43,app_html/cnet-1868.html,100,100,100,100,100,100
43,app_html/apkpure-1591.html,100,100,100,100,100,100
43,app_html/appbrain-1132.html,100,100,100,100,100,100
43,app_html/apkpure-2046.html,100,100,100,100,100,100
43,app_html/appbrain-1006.html,100,100,100,100,100,100
43,app_html/apkpure-0684.html,100,100,100,100,100,100
43,app_html/apkpure-0322.html,100,100,100,100,100,100
43,app_html/apkpure-1069.html,100,100,100,100,100,100
43,app_html/cnet-0132.html,100,100,100,100,100,100
43,app_html/cnet-0967.html,100,100,100,100,100,100
43,app_html/aptoide-0226.html,100,100,100,100,100,100
43,app_html/appagg-2065.html,100,0,100,100,100,0
43,app_html/cnet-1403.html,100,100,100,100,100,100
43,app_html/appagg-0155.html,100,0,100,100,100,0
43,app_html/aptoide-0109.html,100,100,100,100,100,100
43,app_html/appagg-0323.html,100,0,100,100,100,0
43,app_html/appagg-0429.html,100,0,100,100,100,0
43,app_html/appagg-1740.html,100,0,100,100,100,0
43,app_html/appbrain-0994.html,100,100,100,100,100,100
43,app_html/apkpure-0867.html,100,100,100,100,100,100
43,app_html/aptoide-1557.html,100,100,100,100,100,100
43,app_html/cnet-2061.html,100,100,100,100,100,100
43,app_html/cnet-0612.html,100,100,100,100,100,100
43,app_html/appagg-0099.html,100,0,100,100,100,0
43,app_html/cnet-0573.html,100,100,100,100,100,100
43,app_html/appagg-1599.html,100,0,100,100,100,0
43,app_html/appagg-1040.html,100,0,100,100,100,0
43,app_html/cnet-0589.html,100,100,100,100,100,100
43,app_html/cnet-0113.html,100,100,100,100,100,100
43,app_html/appbrain-0522.html,100,100,100,100,100,100
43,app_html/appagg-1031.html,100,100,100,100,100,100
43,app_html/appbrain-0391.html,100,100,100,100,100,100
43,app_html/aptoide-2419.html,100,100,100,100,100,100
43,app_html/appbrain-1919.html,100,100,100,100,100,100
43,app_html/cnet-1821.html,100,100,100,100,100,100
43,app_html/appbrain-1056.html,100,100,100,100,100,100
43,app_html/aptoide-0813.html,100,100,100,100,100,100
43,app_html/cnet-1533.html,100,100,100,100,100,100
43,app_html/appagg-1182.html,100,0,100,100,100,0
43,app_html/appagg-0289.html,100,100,100,100,100,100
43,app_html/apkpure-0060.html,100,100,100,100,100,100
43,app_html/appagg-0740.html,100,0,100,100,100,0
43,app_html/cnet-0852.html,100,100,100,100,100,100
43,app_html/appbrain-1308.html,100,100,100,100,100,100
43,app_html/apkpure-0805.html,100,100,100,100,100,100
43,app_html/cnet-1755.html,100,100,100,100,100,100
43,app_html/apkpure-1497.html,100,100,100,100,100,100
43,app_html/aptoide-1030.html,100,100,100,100,100,100
43,app_html/appbrain-0577.html,100,100,100,100,100,100
43,app_html/appagg-0405.html,100,100,100,100,100,100
43,app_html/appbrain-1749.html,100,100,100,100,100,100
43,app_html/cnet-0653.html,100,100,100,100,100,100
43,app_html/apkpure-2036.html,100,100,100,100,100,100
43,app_html/appagg-0849.html,100,100,100,100,100,100
43,app_html/appbrain-0636.html,100,100,100,100,100,100
43,app_html/apkpure-0841.html,100,100,100,100,100,100
43,app_html/aptoide-0859.html,100,100,100,100,100,100
43,app_html/appbrain-1344.html,100,100,100,100,100,100
43,app_html/apkpure-0417.html,100,100,100,100,100,100
43,app_html/aptoide-2329.html,100,100,100,100,100,100
43,app_html/cnet-0987.html,100,100,100,100,100,100
43,app_html/appbrain-1262.html,100,100,100,100,100,100
43,app_html/cnet-0753.html,100,100,100,100,100,100
43,app_html/appbrain-0834.html,100,100,100,100,100,100
43,app_html/aptoide-0352.html,100,100,100,100,100,100
43,app_html/aptoide-1594.html,100,100,100,100,100,100
43,app_html/appbrain-0104.html,100,100,100,100,100,100
43,app_html/cnet-1111.html,100,100,100,100,100,100
43,app_html/appagg-1731.html,100,0,100,100,100,0
43,app_html/aptoide-2207.html,100,100,100,100,100,100
43,app_html/appbrain-0364.html,100,100,100,100,100,100
43,app_html/appagg-1930.html,100,0,100,100,100,0
43,app_html/aptoide-2229.html,100,100,100,100,100,100
43,app_html/cnet-0397.html,100,100,100,100,100,100
43,app_html/aptoide-0582.html,100,100,100,100,100,100
43,app_html/appagg-1992.html,100,0,100,100,100,0
43,app_html/aptoide-0493.html,100,100,100,100,100,100
43,app_html/appagg-1804.html,100,0,100,100,100,0
43,app_html/apkpure-0469.html,100,100,100,100,0,0
43,app_html/apkpure-1441.html,100,100,100,100,100,100
43,app_html/cnet-1835.html,100,100,100,100,100,100
43,app_html/aptoide-1076.html,100,100,100,100,100,100
43,app_html/cnet-2240.html,100,100,100,100,100,100
43,app_html/appagg-0332.html,100,0,100,100,100,0
43,app_html/appbrain-0474.html,100,100,100,100,100,100
43,app_html/appagg-0578.html,100,0,100,100,100,0
43,app_html/aptoide-1160.html,100,100,100,100,100,100
43,app_html/aptoide-1454.html,100,100,100,100,100,100
43,app_html/appagg-1364.html,100,100,100,100,100,100
43,app_html/aptoide-2078.html,100,100,100,100,100,100
43,app_html/aptoide-0045.html,100,100,100,0,100,0
43,app_html/aptoide-1287.html,100,100,100,100,100,100
43,app_html/aptoide-2112.html,100,100,100,100,100,100
43,app_html/apkpure-1225.html,100,100,100,100,100,100
43,app_html/cnet-1758.html,100,100,100,100,100,100
43,app_html/aptoide-2429.html,100,100,100,100,100,100
43,app_html/aptoide-2138.html,100,100,100,100,100,100
43,app_html/apkpure-0043.html,100,100,100,100,100,100
43,app_html/appagg-1546.html,100,0,100,100,100,0
43,app_html/aptoide-1465.html,100,100,100,100,100,100
43,app_html/cnet-2074.html,100,100,100,100,100,100
43,app_html/aptoide-1424.html,100,100,100,100,100,100
43,app_html/appbrain-1575.html,100,100,100,100,100,100
43,app_html/apkpure-0056.html,100,100,100,100,100,100
43,app_html/appbrain-1875.html,100,100,100,100,100,100
43,app_html/appagg-2043.html,100,0,100,100,100,0
43,app_html/appagg-1176.html,100,0,100,100,100,0
43,app_html/cnet-1030.html,100,100,100,100,100,100
43,app_html/aptoide-2325.html,100,100,100,100,100,100
43,app_html/appagg-0760.html,100,100,100,100,100,100
43,app_html/apkpure-0859.html,100,100,100,100,100,100
43,app_html/appagg-0091.html,100,0,100,100,100,0
43,app_html/apkpure-2097.html,100,100,100,100,100,100
43,app_html/appagg-1759.html,100,0,100,100,100,0
43,app_html/apkpure-0967.html,100,100,100,100,100,100
43,app_html/appagg-0056.html,100,0,100,100,100,0
43,app_html/appbrain-1046.html,100,100,100,100,100,100
43,app_html/appbrain-0252.html,100,100,100,100,100,100
43,app_html/cnet-1460.html,100,100,100,100,100,100
43,app_html/apkpure-2101.html,100,100,100,100,100,100
43,app_html/aptoide-1749.html,100,100,100,100,100,100
43,app_html/aptoide-1956.html,100,100,100,100,100,100
43,app_html/cnet-1552.html,100,100,100,100,100,100
43,app_html/aptoide-0507.html,100,100,100,100,100,100
43,app_html/apkpure-1325.html,100,100,100,100,100,100
43,app_html/appagg-0787.html,100,100,100,100,100,100
43,app_html/appagg-0360.html,100,100,100,100,100,100
43,app_html/aptoide-0530.html,100,100,100,100,100,100
43,app_html/appagg-1654.html,100,0,100,100,100,0
43,app_html/apkpure-0220.html,100,100,100,100,100,100
43,app_html/appbrain-1784.html,100,100,100,100,100,100
43,app_html/cnet-1142.html,100,100,100,100,100,100
43,app_html/appagg-0372.html,100,0,100,100,100,0
43,app_html/appbrain-1540.html,100,100,100,100,100,100
43,app_html/aptoide-2383.html,100,100,100,100,100,100
43,app_html/appbrain-1487.html,100,100,100,100,100,100
43,app_html/aptoide-1283.html,100,100,100,100,100,100
43,app_html/aptoide-0894.html,100,100,100,100,100,100
43,app_html/aptoide-2439.html,100,100,100,100,100,100
43,app_html/cnet-0644.html,100,100,100,100,100,100
43,app_html/appbrain-1804.html,100,100,100,100,100,100
43,app_html/aptoide-0864.html,0,100,100,100,100,0
43,app_html/aptoide-2285.html,100,100,100,100,100,100
43,app_html/aptoide-0593.html,100,100,100,100,100,100
43,app_html/apkpure-0335.html,100,100,100,100,100,100
43,app_html/cnet-0686.html,100,100,100,100,100,100
43,app_html/apkpure-1297.html,100,100,100,100,100,100
43,app_html/aptoide-0111.html,100,100,100,100,100,100
43,app_html/apkpure-1305.html,100,100,100,100,100,100
43,app_html/apkpure-0137.html,100,100,100,100,100,100
43,app_html/cnet-1873.html,100,100,100,100,100,100
43,app_html/appagg-1925.html,100,0,100,100,100,0
43,app_html/appagg-0749.html,100,100,100,100,100,100
43,app_html/cnet-0769.html,100,100,100,100,100,100
43,app_html/aptoide-0852.html,100,100,100,100,100,100
43,app_html/appagg-0876.html,100,100,100,100,100,100
43,app_html/apkpure-1431.html,100,100,100,100,100,100
43,app_html/appbrain-1497.html,100,100,100,100,100,100
43,app_html/appbrain-0962.html,100,100,100,100,100,100
43,app_html/apkpure-1424.html,100,100,100,100,100,100
43,app_html/aptoide-1865.html,100,100,100,100,100,100
43,app_html/aptoide-0854.html,100,100,100,100,100,100
43,app_html/appagg-1834.html,100,0,100,100,100,0
43,app_html/appbrain-0912.html,100,100,100,100,100,100
43,app_html/aptoide-0789.html,100,100,100,100,100,100
43,app_html/appagg-1749.html,100,0,100,100,100,0
43,app_html/appagg-0526.html,100,0,100,100,100,0
43,app_html/appbrain-0691.html,100,100,100,100,100,100
43,app_html/appagg-2017.html,100,0,100,100,100,0
43,app_html/apkpure-0680.html,100,100,100,100,100,100
43,app_html/appagg-0575.html,100,0,100,100,100,0
43,app_html/appbrain-0401.html,100,100,100,100,100,100
43,app_html/appbrain-0482.html,100,100,100,100,100,100
43,app_html/appagg-0858.html,100,100,100,100,100,100
43,app_html/cnet-0981.html,100,100,100,100,100,100
43,app_html/appagg-0673.html,100,0,100,100,100,0
43,app_html/appbrain-0595.html,100,100,100,100,100,100
43,app_html/aptoide-0197.html,100,100,100,100,100,100
43,app_html/appbrain-0384.html,100,100,100,100,100,100
43,app_html/aptoide-1307.html,100,100,100,100,100,100
43,app_html/cnet-1306.html,100,100,100,100,100,100
43,app_html/apkpure-1371.html,100,100,100,100,100,100
43,app_html/apkpure-1405.html,100,100,100,100,100,100
43,app_html/cnet-1675.html,100,100,100,100,100,100
43,app_html/appbrain-1193.html,100,100,100,100,100,100
43,app_html/appagg-0150.html,100,0,100,100,100,0
43,app_html/cnet-0231.html,100,100,100,100,100,100
43,app_html/apkpure-0058.html,100,100,100,100,100,100
43,app_html/appbrain-0112.html,100,100,100,100,100,100
43,app_html/aptoide-1582.html,100,100,100,100,100,100
43,app_html/appbrain-1958.html,100,100,100,100,100,100
43,app_html/aptoide-1729.html,100,100,100,100,100,100
43,app_html/aptoide-2462.html,100,100,100,100,100,100
43,app_html/apkpure-1233.html,100,100,100,100,100,100
43,app_html/aptoide-1198.html,100,100,100,100,100,100
43,app_html/aptoide-1653.html,100,100,100,100,100,100
43,app_html/aptoide-1186.html,100,100,100,100,100,100
43,app_html/apkpure-1650.html,100,100,100,100,100,100
43,app_html/apkpure-1731.html,100,100,100,100,100,100
43,app_html/appagg-0843.html,100,0,100,100,100,0
43,app_html/appbrain-0767.html,100,100,100,100,100,100
43,app_html/apkpure-0900.html,100,100,100,100,100,100
43,app_html/appagg-1370.html,100,100,100,100,100,100
43,app_html/appbrain-1731.html,100,100,100,100,100,100
43,app_html/appagg-1857.html,100,0,100,100,100,0
43,app_html/aptoide-2256.html,100,100,100,100,100,100
43,app_html/appagg-0893.html,100,100,100,100,100,100
43,app_html/apkpure-0847.html,100,100,100,100,100,100
43,app_html/appagg-1645.html,100,0,100,100,100,0
43,app_html/aptoide-1975.html,100,100,100,0,100,0
43,app_html/cnet-2133.html,100,100,100,100,100,100
43,app_html/aptoide-1589.html,100,100,100,100,100,100
43,app_html/cnet-0584.html,100,100,100,100,100,100
43,app_html/appbrain-1880.html,100,100,100,100,100,100
43,app_html/apkpure-0078.html,100,100,100,100,100,100
43,app_html/aptoide-1652.html,100,100,100,100,100,100
43,app_html/cnet-0136.html,100,100,100,100,100,100
43,app_html/aptoide-0884.html,100,100,100,100,100,100
43,app_html/cnet-0874.html,100,100,100,100,100,100
43,app_html/appagg-1269.html,100,100,100,100,100,100
43,app_html/cnet-1171.html,100,100,100,100,100,100
43,app_html/apkpure-0806.html,100,100,100,100,100,100
43,app_html/appbrain-1462.html,100,100,100,100,100,100
43,app_html/cnet-0470.html,100,100,100,100,100,100
43,app_html/cnet-0247.html,100,100,100,100,100,100
43,app_html/aptoide-1394.html,100,100,100,100,100,100
43,app_html/cnet-0145.html,100,100,100,100,100,100
43,app_html/apkpure-1648.html,100,100,100,100,100,100
43,app_html/appbrain-1452.html,100,100,100,100,100,100
43,app_html/appbrain-0867.html,100,100,100,100,100,100
43,app_html/aptoide-0811.html,100,100,100,100,100,100
43,app_html/apkpure-1822.html,100,100,100,100,100,100
43,app_html/aptoide-0641.html,100,100,100,100,100,100
43,app_html/aptoide-2457.html,100,100,100,100,100,100
43,app_html/aptoide-2100.html,100,100,100,0,100,0
43,app_html/cnet-1728.html,100,100,100,100,100,100
43,app_html/apkpure-0160.html,100,100,100,100,100,100
43,app_html/appbrain-0173.html,100,100,100,100,100,100
43,app_html/cnet-2166.html,100,100,100,100,100,100
43,app_html/aptoide-2322.html,100,100,100,100,100,100
43,app_html/appbrain-1955.html,100,100,100,100,100,100
43,app_html/appbrain-1505.html,100,100,100,100,100,100
43,app_html/apkpure-0081.html,100,100,100,100,100,100
43,app_html/apkpure-0608.html,100,100,100,100,100,100
43,app_html/aptoide-0835.html,100,100,100,100,100,100
43,app_html/appbrain-0693.html,100,100,100,100,100,100
43,app_html/appbrain-1891.html,100,100,100,100,100,100
43,app_html/aptoide-1166.html,100,100,100,100,100,100
43,app_html/cnet-1525.html,100,100,100,100,100,100
43,app_html/apkpure-1874.html,100,100,100,100,100,100
43,app_html/aptoide-2209.html,100,100,100,100,100,100
43,app_html/apkpure-1551.html,100,100,100,100,100,100
43,app_html/appagg-0789.html,100,100,100,100,100,100
43,app_html/appbrain-1778.html,100,100,100,100,100,100
43,app_html/cnet-0561.html,100,100,100,100,100,100
43,app_html/aptoide-2002.html,100,100,100,100,100,100
43,app_html/aptoide-2296.html,100,100,100,100,100,100
43,app_html/aptoide-0737.html,100,100,100,100,100,100
43,app_html/cnet-1817.html,100,100,100,100,100,100
43,app_html/appagg-1083.html,100,100,100,100,100,100
43,app_html/aptoide-1449.html,100,100,100,100,100,100
43,app_html/apkpure-1376.html,100,100,100,100,100,100
43,app_html/cnet-0566.html,100,100,100,100,100,100
43,app_html/aptoide-2421.html,100,100,100,100,100,100
43,app_html/cnet-1720.html,100,100,100,100,100,100
43,app_html/appbrain-0872.html,100,100,100,100,100,100
43,app_html/cnet-0787.html,100,100,100,100,100,100
43,app_html/cnet-2266.html,100,100,100,100,100,100
43,app_html/aptoide-0679.html,100,100,100,100,100,100
43,app_html/cnet-2201.html,100,100,100,100,100,100
43,app_html/appagg-0055.html,100,0,100,100,100,0
43,app_html/aptoide-2340.html,100,100,100,100,100,100
43,app_html/apkpure-1695.html,100,100,100,100,100,100
43,app_html/aptoide-0205.html,100,100,100,100,100,100
43,app_html/aptoide-2438.html,100,100,100,100,100,100
43,app_html/cnet-2268.html,100,100,100,100,100,100
43,app_html/apkpure-1573.html,100,100,100,100,100,100
43,app_html/appagg-2044.html,100,0,100,100,100,0
43,app_html/cnet-1272.html,100,100,100,100,100,100
43,app_html/appbrain-0058.html,100,100,100,100,100,100
43,app_html/appbrain-0896.html,100,100,100,100,100,100
43,app_html/appagg-0298.html,100,0,100,100,100,0
43,app_html/apkpure-0713.html,100,100,100,100,100,100
43,app_html/appbrain-1215.html,100,100,100,100,100,100
43,app_html/appagg-0944.html,100,0,100,100,100,0
43,app_html/cnet-0703.html,100,100,100,100,100,100
43,app_html/appbrain-1876.html,100,100,100,100,100,100
43,app_html/aptoide-0512.html,100,100,100,100,100,100
43,app_html/apkpure-0287.html,100,100,100,100,100,100
43,app_html/apkpure-0715.html,100,100,100,100,100,100
43,app_html/cnet-1828.html,100,100,100,100,100,100
43,app_html/appbrain-0720.html,100,100,100,100,100,100
43,app_html/aptoide-1856.html,100,100,100,100,100,100
43,app_html/apkpure-2162.html,100,100,100,100,100,100
43,app_html/appbrain-0926.html,100,100,100,100,100,100
43,app_html/appbrain-1601.html,100,100,100,100,100,100
43,app_html/cnet-1747.html,100,100,100,100,100,100
43,app_html/apkpure-0869.html,100,100,100,100,100,100
43,app_html/apkpure-0623.html,100,100,100,100,100,100
43,app_html/cnet-1709.html,100,100,100,100,100,100
43,app_html/appagg-1366.html,100,100,100,100,100,100
43,app_html/cnet-1703.html,100,100,100,100,100,100
43,app_html/aptoide-0008.html,100,100,100,100,100,100
43,app_html/apkpure-2215.html,100,100,100,100,100,100
43,app_html/appbrain-1596.html,100,100,100,100,100,100
43,app_html/appbrain-0113.html,100,100,100,100,100,100
43,app_html/appbrain-0861.html,100,100,100,100,100,100
43,app_html/apkpure-1407.html,100,100,100,100,100,100
43,app_html/cnet-1039.html,100,100,100,100,100,100
43,app_html/aptoide-1369.html,100,100,100,100,100,100
43,app_html/apkpure-0094.html,100,0,100,100,100,0
43,app_html/apkpure-1700.html,100,100,100,100,100,100
43,app_html/aptoide-2487.html,100,100,100,100,100,100
43,app_html/appagg-0152.html,100,100,100,100,100,100
43,app_html/apkpure-1692.html,100,100,100,100,100,100
43,app_html/apkpure-0189.html,100,100,100,100,100,100
43,app_html/appbrain-1168.html,100,100,100,100,100,100
43,app_html/cnet-2160.html,100,100,100,100,100,100
43,app_html/apkpure-0120.html,100,100,100,100,100,100
43,app_html/aptoide-0194.html,100,100,100,100,100,100
43,app_html/cnet-1505.html,100,100,100,100,100,100
43,app_html/apkpure-1334.html,100,100,100,100,100,100
43,app_html/appbrain-1224.html,100,100,100,100,100,100
43,app_html/aptoide-2228.html,100,100,100,100,100,100
43,app_html/appbrain-1782.html,100,100,100,100,100,100
43,app_html/appbrain-1721.html,100,100,100,100,100,100
43,app_html/appbrain-1934.html,100,100,100,100,100,100
43,app_html/apkpure-0599.html,100,100,100,100,100,100
43,app_html/apkpure-0770.html,100,100,100,100,100,100
43,app_html/appagg-1730.html,100,0,100,100,100,0
43,app_html/apkpure-2047.html,100,100,100,100,100,100
43,app_html/appagg-0045.html,100,100,100,100,100,100
43,app_html/cnet-1034.html,100,100,100,100,100,100
43,app_html/apkpure-0349.html,100,100,100,100,100,100
43,app_html/aptoide-0004.html,100,100,100,100,100,100
43,app_html/aptoide-2412.html,100,100,100,100,100,100
43,app_html/appbrain-1938.html,100,100,100,100,100,100
43,app_html/cnet-0870.html,100,100,100,100,100,100
43,app_html/appbrain-0326.html,100,100,100,100,100,100
43,app_html/appagg-0139.html,100,0,100,100,100,0
43,app_html/apkpure-0106.html,100,100,100,100,100,100
43,app_html/apkpure-1888.html,100,100,100,100,100,100
43,app_html/cnet-1055.html,100,100,100,100,100,100
43,app_html/aptoide-2381.html,100,100,100,100,100,100
43,app_html/apkpure-0348.html,100,100,100,100,100,100
43,app_html/apkpure-0712.html,100,100,100,100,100,100
43,app_html/aptoide-1246.html,100,100,100,100,100,100
43,app_html/appbrain-0779.html,100,100,100,100,100,100
43,app_html/aptoide-1815.html,100,100,100,100,100,100
43,app_html/aptoide-1980.html,100,100,100,0,100,0
43,app_html/apkpure-0183.html,100,100,100,100,100,100
43,app_html/appbrain-1888.html,100,100,100,100,100,100
43,app_html/appbrain-0539.html,100,100,100,100,100,100
43,app_html/aptoide-2391.html,100,100,100,100,100,100
43,app_html/appagg-0871.html,100,0,100,100,100,0
43,app_html/appbrain-1424.html,100,100,100,100,100,100
43,app_html/cnet-2222.html,100,100,100,100,100,100
43,app_html/apkpure-0815.html,100,100,100,100,100,100
43,app_html/aptoide-1533.html,100,100,100,100,100,100
43,app_html/aptoide-0259.html,100,100,100,100,100,100
43,app_html/aptoide-0382.html,100,100,100,100,100,100
43,app_html/aptoide-1907.html,0,100,100,100,100,0
43,app_html/apkpure-0296.html,100,100,100,100,100,100
43,app_html/cnet-0167.html,100,100,100,100,100,100
43,app_html/aptoide-1525.html,100,100,100,100,100,100
43,app_html/appagg-0946.html,100,0,100,100,100,0
43,app_html/appbrain-0449.html,100,100,100,100,100,100
43,app_html/apkpure-0658.html,100,100,100,100,100,100
43,app_html/aptoide-0549.html,100,100,100,100,100,100
43,app_html/apkpure-0752.html,100,100,100,100,100,100
43,app_html/apkpure-1023.html,100,100,100,100,100,100
43,app_html/cnet-0508.html,100,100,100,100,100,100
43,app_html/aptoide-0189.html,100,100,100,100,100,100
43,app_html/appagg-1494.html,100,0,100,100,100,0
43,app_html/cnet-0533.html,100,100,100,100,100,100
43,app_html/appagg-0818.html,100,100,100,100,100,100
43,app_html/appagg-1054.html,100,0,100,100,100,0
43,app_html/appagg-1000.html,100,0,100,100,100,0
43,app_html/appagg-1875.html,100,0,100,100,100,0
43,app_html/apkpure-0085.html,100,100,100,100,100,100
43,app_html/aptoide-0266.html,100,100,100,100,100,100
43,app_html/aptoide-0295.html,100,100,100,100,100,100
43,app_html/aptoide-1709.html,100,100,100,100,100,100
43,app_html/appagg-0607.html,100,100,100,100,100,100
43,app_html/appbrain-1822.html,100,100,100,100,100,100
43,app_html/aptoide-0766.html,100,100,100,100,100,100
43,app_html/aptoide-0006.html,100,100,100,100,100,100
43,app_html/appbrain-0429.html,100,100,100,100,100,100
43,app_html/cnet-1575.html,100,100,100,100,100,100
43,app_html/apkpure-0831.html,100,100,100,100,100,100
43,app_html/appagg-1971.html,100,0,100,100,100,0
43,app_html/aptoide-2263.html,100,100,100,100,100,100
43,app_html/apkpure-0986.html,100,100,100,100,100,100
43,app_html/aptoide-1830.html,100,100,100,100,100,100
43,app_html/apkpure-2042.html,100,100,100,100,100,100
43,app_html/appbrain-0038.html,100,100,100,100,100,100
43,app_html/appagg-0465.html,100,0,100,100,100,0
43,app_html/cnet-2179.html,100,100,100,100,100,100
43,app_html/appagg-0224.html,100,100,100,100,100,100
43,app_html/cnet-1464.html,100,100,100,100,100,100
43,app_html/apkpure-0140.html,100,100,100,100,100,100
43,app_html/appagg-0713.html,100,100,100,100,100,100
43,app_html/cnet-1087.html,100,100,100,100,100,100
43,app_html/appagg-0732.html,100,100,100,100,100,100
43,app_html/aptoide-0459.html,100,100,100,100,100,100
43,app_html/apkpure-0703.html,100,100,100,100,100,100
43,app_html/aptoide-0201.html,100,100,100,100,100,100
43,app_html/appagg-1805.html,100,0,100,100,100,0
43,app_html/apkpure-1036.html,100,100,100,100,100,100
43,app_html/apkpure-1651.html,100,100,100,100,100,100
43,app_html/appagg-0470.html,100,100,100,100,100,100
43,app_html/appbrain-1153.html,100,100,100,100,100,100
43,app_html/appagg-1974.html,100,0,100,100,100,0
43,app_html/appbrain-1695.html,100,100,100,100,100,100
43,app_html/appagg-0516.html,100,100,100,100,100,100
43,app_html/appagg-0394.html,100,100,100,100,100,100
43,app_html/appbrain-0649.html,100,100,100,100,100,100
43,app_html/appbrain-0172.html,100,100,100,100,100,100
43,app_html/apkpure-1639.html,100,100,100,100,100,100
43,app_html/apkpure-1157.html,100,100,100,100,100,100
43,app_html/apkpure-1061.html,100,100,100,100,100,100
43,app_html/appbrain-1565.html,100,100,100,100,100,100
43,app_html/appbrain-0290.html,100,100,100,100,100,100
43,app_html/aptoide-0060.html,100,100,100,100,100,100
43,app_html/appagg-0007.html,100,100,100,100,100,100
43,app_html/aptoide-1270.html,100,100,100,100,100,100
43,app_html/aptoide-2300.html,100,100,100,100,100,100
43,app_html/cnet-2175.html,100,100,100,100,100,100
43,app_html/aptoide-1899.html,100,100,100,100,100,100
43,app_html/apkpure-0427.html,100,100,100,100,100,100
43,app_html/apkpure-0464.html,100,100,100,100,100,100
43,app_html/appagg-0124.html,100,100,100,100,100,100
43,app_html/cnet-0818.html,100,100,100,100,100,100
43,app_html/appbrain-0848.html,100,100,100,100,100,100
43,app_html/appagg-0510.html,100,0,100,100,100,0
43,app_html/appbrain-0202.html,100,100,100,100,100,100
43,app_html/aptoide-0946.html,100,100,100,100,100,100
43,app_html/appbrain-1003.html,100,100,100,100,100,100
43,app_html/aptoide-1255.html,100,100,100,100,100,100
43,app_html/apkpure-2275.html,100,100,100,100,100,100
43,app_html/appagg-1937.html,100,0,100,100,100,0
43,app_html/appagg-0918.html,100,0,100,100,100,0
43,app_html/apkpure-0367.html,100,100,100,100,100,100
43,app_html/cnet-1650.html,100,100,100,100,100,100
43,app_html/apkpure-0819.html,100,100,100,100,100,100
43,app_html/appbrain-0951.html,100,100,100,100,100,100
43,app_html/cnet-1622.html,100,100,100,100,100,100
43,app_html/appagg-0633.html,100,100,100,100,100,100
43,app_html/apkpure-0153.html,100,100,100,100,100,100
43,app_html/apkpure-0694.html,100,100,100,100,100,100
43,app_html/apkpure-1049.html,100,100,100,100,100,100
43,app_html/appagg-1235.html,100,0,100,100,100,0
43,app_html/cnet-0620.html,100,100,100,100,100,100
43,app_html/cnet-2259.html,100,100,100,100,100,100
43,app_html/aptoide-2272.html,100,100,100,100,100,100
43,app_html/appagg-1726.html,100,0,100,100,100,0
43,app_html/cnet-1157.html,100,100,100,100,100,100
43,app_html/cnet-1001.html,100,100,100,100,100,100
43,app_html/appagg-0030.html,100,100,100,100,100,100
43,app_html/cnet-2065.html,100,100,100,100,100,100
43,app_html/appagg-0598.html,100,100,100,100,100,100
43,app_html/cnet-1832.html,100,100,100,100,100,100
43,app_html/cnet-1604.html,100,100,100,100,100,100
43,app_html/aptoide-1892.html,100,100,100,100,100,100
43,app_html/appbrain-1945.html,100,100,100,100,100,100
43,app_html/cnet-1951.html,100,100,100,100,100,100
43,app_html/appbrain-0874.html,100,100,100,100,100,100
43,app_html/appbrain-0418.html,100,100,100,100,100,100
43,app_html/aptoide-2361.html,100,100,100,100,100,100
43,app_html/appbrain-0229.html,100,100,100,100,100,100
43,app_html/cnet-1011.html,100,100,100,100,100,100
43,app_html/cnet-0210.html,100,100,100,100,100,100
43,app_html/apkpure-2217.html,100,100,100,100,100,100
43,app_html/appbrain-0134.html,100,100,100,100,100,100
43,app_html/apkpure-1272.html,100,100,100,100,100,100
43,app_html/appagg-0502.html,100,0,100,100,100,0
43,app_html/aptoide-0325.html,100,100,100,100,100,100
43,app_html/appagg-0088.html,100,100,100,100,100,100
43,app_html/cnet-0350.html,100,100,100,100,100,100
43,app_html/appbrain-1398.html,100,100,100,100,100,100
43,app_html/aptoide-1280.html,100,100,100,100,100,100
43,app_html/appbrain-1660.html,100,100,100,100,100,100
43,app_html/aptoide-0796.html,100,100,100,100,100,100
43,app_html/appagg-1915.html,100,0,100,100,100,0
43,app_html/appagg-1986.html,100,0,100,100,100,0
43,app_html/aptoide-2485.html,100,100,100,100,100,100
43,app_html/appbrain-1059.html,100,100,100,100,100,100
43,app_html/cnet-1135.html,100,100,100,100,100,100
43,app_html/appbrain-0612.html,100,100,100,100,100,100
43,app_html/appagg-0604.html,100,0,100,100,100,0
43,app_html/apkpure-1037.html,100,100,100,100,100,100
43,app_html/aptoide-0206.html,100,100,100,100,100,100
43,app_html/aptoide-0698.html,100,100,100,100,100,100
43,app_html/cnet-2235.html,100,100,100,100,100,100
43,app_html/apkpure-0765.html,100,100,100,100,100,100
43,app_html/appagg-1498.html,100,0,100,100,100,0
43,app_html/cnet-0310.html,100,100,100,100,100,100
43,app_html/apkpure-0673.html,100,100,100,100,100,100
43,app_html/aptoide-0764.html,100,100,100,100,100,100
43,app_html/appbrain-1635.html,100,100,100,100,100,100
43,app_html/appagg-1406.html,100,0,100,100,100,0
43,app_html/appagg-1080.html,100,100,100,100,100,100
43,app_html/appagg-0583.html,100,0,100,100,100,0
43,app_html/cnet-1422.html,100,100,100,100,100,100
43,app_html/apkpure-0934.html,100,100,100,100,100,100
43,app_html/appbrain-1995.html,100,100,100,100,100,100
43,app_html/appbrain-0855.html,100,100,100,100,100,100
43,app_html/appbrain-1887.html,100,100,100,100,100,100
43,app_html/apkpure-0473.html,100,100,100,100,100,100
43,app_html/aptoide-0610.html,100,100,100,100,100,100
43,app_html/cnet-0139.html,100,100,100,100,100,100
43,app_html/appagg-0237.html,100,100,100,100,100,100
43,app_html/apkpure-0992.html,100,100,100,100,100,100
43,app_html/appagg-0928.html,100,100,100,100,100,100
43,app_html/apkpure-1811.html,100,100,100,100,100,100
43,app_html/appbrain-1727.html,100,100,100,100,100,100
43,app_html/aptoide-0081.html,100,100,100,100,100,100
43,app_html/apkpure-0894.html,100,100,100,100,100,100
43,app_html/cnet-1149.html,100,100,100,100,100,100
43,app_html/cnet-0709.html,100,100,100,100,100,100
43,app_html/aptoide-1378.html,100,100,100,100,100,100
43,app_html/cnet-1677.html,100,100,100,100,100,100
43,app_html/appbrain-0958.html,100,100,100,100,100,100
43,app_html/cnet-2066.html,100,100,100,100,100,100
43,app_html/cnet-1913.html,100,100,100,100,100,100
43,app_html/appbrain-1918.html,100,100,100,100,100,100
43,app_html/cnet-1598.html,100,100,100,100,100,100
43,app_html/appbrain-1476.html,100,100,100,100,100,100
43,app_html/appagg-1140.html,100,100,100,100,100,100
43,app_html/apkpure-0353.html,100,100,100,100,100,100
43,app_html/aptoide-0379.html,100,100,100,100,100,100
43,app_html/appagg-1787.html,100,0,100,100,100,0
43,app_html/appagg-0413.html,100,0,100,100,100,0
43,app_html/apkpure-2092.html,100,100,100,100,100,100
43,app_html/cnet-0550.html,100,100,100,100,100,100
43,app_html/apkpure-0117.html,100,100,100,100,100,100
43,app_html/aptoide-0992.html,100,100,100,100,100,100
43,app_html/aptoide-1734.html,100,100,100,100,100,100
43,app_html/aptoide-2036.html,100,100,100,100,100,100
43,app_html/aptoide-2177.html,100,100,100,100,100,100
43,app_html/aptoide-0778.html,100,100,100,100,100,100
43,app_html/cnet-0028.html,100,100,100,100,100,100
43,app_html/appagg-2049.html,100,0,100,100,100,0
43,app_html/cnet-1522.html,100,100,100,100,100,100
43,app_html/appagg-1294.html,100,100,100,100,100,100
43,app_html/appbrain-0959.html,100,100,100,100,100,100
43,app_html/aptoide-1326.html,100,100,100,100,100,100
43,app_html/appagg-0794.html,100,100,100,100,100,100
43,app_html/appagg-0214.html,100,100,100,100,100,100
43,app_html/aptoide-1673.html,100,100,100,100,100,100
43,app_html/appagg-0095.html,100,100,100,100,100,100
43,app_html/apkpure-2169.html,100,100,100,100,100,100
43,app_html/aptoide-0595.html,100,100,100,100,100,100
43,app_html/cnet-0958.html,100,100,100,100,100,100
43,app_html/cnet-1213.html,100,100,100,100,100,100
43,app_html/appbrain-1073.html,100,100,100,100,100,100
43,app_html/appagg-1016.html,100,0,100,100,100,0
43,app_html/appagg-0309.html,100,100,100,100,100,100
43,app_html/apkpure-1479.html,100,100,100,100,100,100
43,app_html/appbrain-2000.html,100,100,100,100,100,100
43,app_html/appbrain-1692.html,100,100,100,100,100,100
43,app_html/cnet-1175.html,100,100,100,100,100,100
43,app_html/aptoide-0753.html,100,100,100,100,100,100
43,app_html/aptoide-1959.html,100,100,100,100,100,100
43,app_html/appbrain-1865.html,100,100,100,100,100,100
43,app_html/apkpure-0639.html,100,100,100,100,100,100
43,app_html/apkpure-0729.html,100,100,100,100,100,100
43,app_html/apkpure-1552.html,100,100,100,100,100,100
43,app_html/appbrain-0372.html,100,100,100,100,100,100
43,app_html/aptoide-1189.html,100,100,100,100,100,100
43,app_html/apkpure-0206.html,100,100,100,100,100,100
43,app_html/appagg-1470.html,100,0,100,100,100,0
43,app_html/cnet-1046.html,100,100,100,100,100,100
43,app_html/appbrain-1967.html,100,100,100,100,100,100
43,app_html/appbrain-1581.html,100,100,100,100,100,100
43,app_html/appagg-1198.html,100,100,100,100,100,100
43,app_html/aptoide-1616.html,100,100,100,100,100,100
43,app_html/cnet-1118.html,100,100,100,100,100,100
43,app_html/aptoide-2186.html,100,100,100,100,100,100
43,app_html/aptoide-0400.html,100,100,100,100,100,100
43,app_html/appbrain-0171.html,100,100,100,100,100,100
43,app_html/appagg-0865.html,100,100,100,100,100,100
43,app_html/appbrain-0151.html,100,100,100,100,100,100
43,app_html/appbrain-0355.html,100,100,100,100,100,100
43,app_html/appbrain-1578.html,100,100,100,100,100,100
43,app_html/apkpure-1074.html,100,100,100,100,100,100
43,app_html/appbrain-1333.html,100,100,100,100,100,100
43,app_html/cnet-0282.html,100,100,100,100,100,100
43,app_html/cnet-1653.html,100,100,100,100,100,100
43,app_html/aptoide-1530.html,100,100,100,100,100,100
43,app_html/aptoide-0644.html,100,100,100,100,100,100
43,app_html/appagg-1869.html,100,0,100,100,100,0
43,app_html/aptoide-0225.html,100,100,100,100,100,100
43,app_html/apkpure-1095.html,100,100,100,100,100,100
43,app_html/apkpure-0922.html,100,100,100,100,100,100
43,app_html/appbrain-1422.html,100,100,100,100,100,100
43,app_html/apkpure-1938.html,100,100,100,100,100,100
43,app_html/appagg-1757.html,100,0,100,100,100,0
43,app_html/apkpure-0286.html,100,100,100,100,100,100
43,app_html/appagg-0032.html,100,100,100,100,100,100
43,app_html/apkpure-1987.html,100,100,100,100,100,100
43,app_html/apkpure-0640.html,100,100,100,100,100,100
43,app_html/appagg-1563.html,100,0,100,100,100,0
43,app_html/cnet-0123.html,100,100,100,100,100,100
43,app_html/aptoide-1526.html,100,100,100,100,100,100
43,app_html/appbrain-0435.html,100,100,100,100,100,100
43,app_html/aptoide-1426.html,100,100,100,100,100,100
43,app_html/appagg-0183.html,100,100,100,100,100,100
43,app_html/cnet-1798.html,100,100,100,100,100,100
43,app_html/appbrain-1655.html,100,100,100,100,100,100
43,app_html/cnet-1022.html,100,100,100,100,100,100
43,app_html/cnet-0505.html,100,100,100,100,100,100
43,app_html/apkpure-0219.html,100,100,100,100,100,100
43,app_html/appagg-0757.html,100,0,100,100,100,0
43,app_html/apkpure-2032.html,100,100,100,100,100,100
43,app_html/appbrain-0879.html,100,100,100,100,100,100
43,app_html/aptoide-1571.html,100,100,100,100,100,100
43,app_html/appbrain-1126.html,100,100,100,100,100,100
43,app_html/apkpure-0830.html,100,100,100,100,100,100
43,app_html/aptoide-1031.html,100,100,100,100,100,100
43,app_html/apkpure-0641.html,100,100,100,100,100,100
43,app_html/aptoide-0630.html,100,100,100,100,100,100
43,app_html/appagg-0640.html,100,0,100,100,100,0
43,app_html/apkpure-1489.html,100,100,100,100,100,100
43,app_html/apkpure-0064.html,100,100,100,100,100,100
43,app_html/aptoide-2024.html,100,100,100,100,100,100
43,app_html/appagg-0499.html,100,0,100,100,100,0
43,app_html/apkpure-1344.html,100,100,100,100,100,100
43,app_html/appbrain-1783.html,100,100,100,100,100,100
43,app_html/appagg-1177.html,100,0,100,100,100,0
43,app_html/appagg-0040.html,100,100,100,100,100,100
43,app_html/cnet-1789.html,100,100,100,100,100,100
43,app_html/cnet-0682.html,100,100,100,100,100,100
43,app_html/appagg-0041.html,100,100,100,100,100,100
43,app_html/aptoide-0218.html,100,100,100,100,100,100
43,app_html/apkpure-0404.html,100,100,100,100,100,100
43,app_html/appagg-1763.html,100,0,100,100,100,0
43,app_html/cnet-1126.html,100,100,100,100,100,100
43,app_html/appagg-0698.html,100,100,100,100,100,100
43,app_html/apkpure-0363.html,100,100,100,100,100,100
43,app_html/cnet-0142.html,100,100,100,100,100,100
43,app_html/aptoide-0961.html,100,100,100,100,100,100
43,app_html/apkpure-1616.html,100,100,100,100,100,100
43,app_html/apkpure-1153.html,100,100,100,100,100,100
43,app_html/cnet-1739.html,100,100,100,100,100,100
43,app_html/apkpure-1418.html,100,100,100,100,100,100
43,app_html/cnet-0519.html,100,100,100,100,100,100
43,app_html/cnet-0692.html,100,100,100,100,100,100
43,app_html/apkpure-1764.html,100,100,100,100,100,100
43,app_html/cnet-0905.html,100,100,100,100,100,100
43,app_html/aptoide-1920.html,100,100,100,100,100,100
43,app_html/apkpure-1861.html,100,100,100,100,100,100
43,app_html/cnet-2276.html,100,100,100,100,100,100
43,app_html/appagg-0319.html,100,0,100,100,100,0
43,app_html/appagg-0264.html,100,100,100,100,100,100
43,app_html/apkpure-1799.html,100,100,100,100,100,100
43,app_html/cnet-2031.html,100,100,100,100,100,100
43,app_html/aptoide-0033.html,100,100,100,0,100,0
43,app_html/appagg-0587.html,100,100,100,100,100,100
43,app_html/aptoide-0978.html,100,100,100,100,100,100
43,app_html/apkpure-0442.html,100,100,100,100,100,100
43,app_html/appbrain-0187.html,100,100,100,100,100,100
43,app_html/apkpure-1416.html,100,100,100,100,100,100
43,app_html/cnet-0486.html,100,100,100,100,100,100
43,app_html/cnet-0082.html,100,100,100,100,100,100
43,app_html/aptoide-0396.html,100,100,100,100,100,100
43,app_html/appbrain-0480.html,100,100,100,100,100,100
43,app_html/cnet-1472.html,100,100,100,100,100,100
43,app_html/appbrain-1144.html,100,100,100,100,100,100
43,app_html/appagg-0199.html,100,100,100,100,100,100
43,app_html/apkpure-0065.html,100,100,100,100,100,100
43,app_html/appagg-1092.html,100,0,100,100,100,0
43,app_html/cnet-0128.html,100,100,100,100,100,100
43,app_html/apkpure-2081.html,100,100,100,100,100,100
43,app_html/cnet-0110.html,100,100,100,100,100,100
43,app_html/apkpure-1954.html,100,100,100,100,100,100
43,app_html/appbrain-1537.html,100,100,100,100,100,100
43,app_html/cnet-2228.html,100,100,100,100,100,100
43,app_html/cnet-1941.html,100,100,100,100,100,100
43,app_html/apkpure-1425.html,100,100,100,100,100,100
43,app_html/apkpure-0393.html,100,100,100,100,100,100
43,app_html/aptoide-0684.html,100,100,100,100,100,100
43,app_html/aptoide-0252.html,100,100,100,0,100,0
43,app_html/cnet-2286.html,100,100,100,100,100,100
43,app_html/aptoide-1235.html,100,100,100,100,100,100
43,app_html/apkpure-0423.html,100,100,100,100,100,100
43,app_html/appagg-2060.html,100,0,100,100,100,0
43,app_html/appagg-0334.html,100,0,100,100,100,0
43,app_html/appbrain-0814.html,100,100,100,100,100,100
43,app_html/cnet-0829.html,100,100,100,100,100,100
43,app_html/appagg-1947.html,100,0,100,100,100,0
43,app_html/cnet-0663.html,100,100,100,100,100,100
43,app_html/cnet-1298.html,100,100,100,100,100,100
43,app_html/cnet-1264.html,100,100,100,100,100,100
43,app_html/appagg-0611.html,100,0,100,100,100,0
43,app_html/cnet-1476.html,100,100,100,100,100,100
43,app_html/cnet-1354.html,100,100,100,100,100,100
43,app_html/cnet-0749.html,100,100,100,100,100,100
43,app_html/apkpure-1140.html,100,100,100,100,100,100
43,app_html/apkpure-2028.html,100,100,100,100,100,100
43,app_html/appagg-0442.html,100,0,100,100,100,0
43,app_html/appbrain-0903.html,100,100,100,100,100,100
43,app_html/appagg-0741.html,100,100,100,100,100,100
43,app_html/cnet-1741.html,100,100,100,100,100,100
43,app_html/apkpure-1310.html,100,100,100,100,100,100
43,app_html/cnet-0809.html,100,100,100,100,100,100
43,app_html/appagg-0068.html,100,0,100,100,100,0
43,app_html/apkpure-0100.html,100,100,100,100,100,100
43,app_html/appagg-0329.html,100,100,100,100,100,100
43,app_html/apkpure-2113.html,100,100,100,100,100,100
43,app_html/cnet-0577.html,100,100,100,100,100,100
43,app_html/apkpure-0551.html,100,100,100,100,100,100
43,app_html/appagg-1024.html,100,0,100,100,100,0
43,app_html/cnet-1508.html,100,100,100,100,100,100
43,app_html/apkpure-0895.html,100,100,100,100,100,100
43,app_html/cnet-1421.html,100,100,100,100,100,100
43,app_html/cnet-0551.html,100,100,100,100,100,100
43,app_html/appagg-1089.html,100,100,100,100,100,100
43,app_html/appagg-0107.html,100,0,100,100,100,0
43,app_html/appbrain-1801.html,100,100,100,100,100,100
43,app_html/appbrain-1556.html,100,100,100,100,100,100
43,app_html/cnet-0865.html,100,100,100,100,100,100
43,app_html/cnet-0927.html,100,100,100,100,100,100
43,app_html/aptoide-0932.html,100,100,100,100,100,100
43,app_html/aptoide-0901.html,100,100,100,100,100,100
43,app_html/aptoide-1644.html,100,100,100,100,100,100
43,app_html/apkpure-1332.html,100,100,100,100,100,100
43,app_html/apkpure-1978.html,100,0,100,100,100,0
43,app_html/appagg-0543.html,100,100,100,100,100,100
43,app_html/apkpure-1358.html,100,100,100,100,100,100
43,app_html/appbrain-0873.html,100,100,100,100,100,100
43,app_html/cnet-1059.html,100,100,100,100,100,100
43,app_html/appbrain-0458.html,100,100,100,100,100,100
43,app_html/cnet-2059.html,100,100,100,100,100,100
43,app_html/aptoide-2210.html,100,100,100,100,100,100
43,app_html/appbrain-0984.html,100,100,100,100,100,100
43,app_html/appagg-1336.html,100,0,100,100,100,0
43,app_html/apkpure-1108.html,100,100,100,100,100,100
43,app_html/cnet-0253.html,100,100,100,100,100,100
43,app_html/aptoide-0603.html,100,100,100,100,100,100
43,app_html/appagg-1352.html,100,100,100,100,100,100
43,app_html/appbrain-1874.html,100,100,100,100,100,100
43,app_html/appbrain-1030.html,100,100,100,100,100,100
43,app_html/aptoide-1930.html,100,100,100,100,100,100
43,app_html/apkpure-1012.html,100,100,100,100,100,100
43,app_html/aptoide-1459.html,100,100,100,100,100,100
43,app_html/appbrain-1070.html,100,100,100,100,100,100
43,app_html/appbrain-1933.html,100,100,100,100,100,100
43,app_html/aptoide-0336.html,100,100,100,100,100,100
43,app_html/cnet-0083.html,100,100,100,100,100,100
43,app_html/cnet-0199.html,100,100,100,100,100,100
43,app_html/apkpure-0534.html,100,100,100,100,100,100
43,app_html/aptoide-1811.html,100,100,100,100,100,100
43,app_html/appagg-1345.html,100,0,100,100,100,0
43,app_html/cnet-2191.html,100,100,100,100,100,100
43,app_html/apkpure-0906.html,100,100,100,100,100,100
43,app_html/aptoide-1401.html,100,100,100,100,100,100
43,app_html/appagg-1751.html,100,0,100,100,100,0
43,app_html/aptoide-2359.html,100,100,100,100,100,100
43,app_html/appbrain-1120.html,100,100,100,100,100,100
43,app_html/apkpure-0714.html,100,100,100,100,100,100
43,app_html/cnet-0044.html,100,100,100,100,100,100
43,app_html/apkpure-0460.html,100,100,100,100,100,100
43,app_html/cnet-1905.html,100,100,100,100,100,100
43,app_html/cnet-2255.html,100,100,100,100,100,100
43,app_html/apkpure-1323.html,100,100,100,100,100,100
43,app_html/appbrain-0789.html,100,100,100,100,100,100
43,app_html/aptoide-2113.html,100,100,100,100,100,100
43,app_html/cnet-0415.html,100,100,100,100,100,100
43,app_html/appbrain-1182.html,100,100,100,100,100,100
43,app_html/appagg-0296.html,100,100,100,100,100,100
43,app_html/apkpure-0784.html,100,100,100,100,100,100
43,app_html/cnet-0896.html,100,100,100,100,100,100
43,app_html/aptoide-1508.html,100,100,100,0,100,0
43,app_html/apkpure-1909.html,100,100,100,100,100,100
43,app_html/appagg-1394.html,100,0,100,100,100,0
43,app_html/aptoide-0515.html,100,100,100,100,100,100
43,app_html/cnet-1406.html,100,100,100,100,100,100
43,app_html/cnet-0988.html,100,100,100,100,100,100
43,app_html/aptoide-0839.html,100,100,100,100,100,100
43,app_html/appbrain-1503.html,100,100,100,100,100,100
43,app_html/apkpure-1110.html,100,100,100,100,100,100
43,app_html/appagg-0177.html,100,100,100,100,100,100
43,app_html/appbrain-0599.html,100,100,100,100,100,100
43,app_html/apkpure-0354.html,100,100,100,100,100,100
43,app_html/appagg-1877.html,100,0,100,100,100,0
43,app_html/cnet-0207.html,100,100,100,100,100,100
43,app_html/apkpure-1241.html,100,100,100,100,100,100
43,app_html/appbrain-1222.html,100,100,100,100,100,100
43,app_html/appbrain-1324.html,100,100,100,100,100,100
43,app_html/apkpure-1240.html,100,100,100,100,100,100
43,app_html/appbrain-0082.html,100,100,100,100,100,100
43,app_html/aptoide-1750.html,100,100,100,100,100,100
43,app_html/cnet-1192.html,100,100,100,100,100,100
43,app_html/cnet-0820.html,100,100,100,100,100,100
43,app_html/aptoide-2293.html,100,100,100,100,100,100
43,app_html/cnet-0336.html,100,100,100,100,100,100
43,app_html/apkpure-1766.html,100,100,100,100,100,100
43,app_html/appbrain-0176.html,100,100,100,100,100,100
43,app_html/appagg-1578.html,100,0,100,100,100,0
43,app_html/appbrain-1816.html,100,100,100,100,100,100
43,app_html/appagg-1191.html,100,0,100,100,100,0
43,app_html/appagg-1871.html,100,0,100,100,100,0
43,app_html/apkpure-0155.html,100,100,100,100,100,100
43,app_html/aptoide-0030.html,100,100,100,100,100,100
43,app_html/aptoide-0817.html,100,100,100,100,100,100
43,app_html/aptoide-0715.html,100,100,100,100,100,100
43,app_html/appbrain-0952.html,100,100,100,100,100,100
43,app_html/appagg-1604.html,100,0,100,100,100,0
43,app_html/cnet-1691.html,100,100,100,100,100,100
43,app_html/apkpure-0434.html,100,100,100,100,100,100
43,app_html/cnet-1669.html,100,100,100,100,100,100
43,app_html/aptoide-0873.html,100,100,100,100,100,100
43,app_html/aptoide-0718.html,100,100,100,100,100,100
43,app_html/aptoide-2053.html,100,100,100,100,100,100
43,app_html/appbrain-1842.html,100,100,100,100,100,100
43,app_html/appagg-0158.html,100,0,100,100,100,0
43,app_html/aptoide-0390.html,100,100,100,100,100,100
43,app_html/cnet-1503.html,100,100,100,100,100,100
43,app_html/aptoide-0183.html,100,100,100,100,100,100
43,app_html/apkpure-0125.html,100,100,100,100,100,100
43,app_html/appagg-0120.html,100,100,100,100,100,100
43,app_html/appbrain-0633.html,100,100,100,100,100,100
43,app_html/cnet-0428.html,100,100,100,100,100,100
43,app_html/appagg-0874.html,100,100,100,100,100,100
43,app_html/appagg-0020.html,100,100,100,100,100,100
43,app_html/aptoide-2486.html,100,100,100,100,100,100
43,app_html/apkpure-1067.html,100,100,100,100,100,100
43,app_html/apkpure-0813.html,100,100,100,100,100,100
43,app_html/appbrain-0031.html,100,100,100,100,100,100
43,app_html/appagg-1397.html,100,100,100,100,100,100
43,app_html/appbrain-1532.html,100,100,100,100,100,100
43,app_html/appagg-0570.html,100,100,100,100,100,100
43,app_html/appbrain-1829.html,100,100,100,100,100,100
43,app_html/cnet-0213.html,100,100,100,100,100,100
43,app_html/aptoide-0691.html,100,100,100,100,100,100
43,app_html/apkpure-1349.html,100,100,100,100,100,100
43,app_html/cnet-0498.html,100,100,100,100,100,100
43,app_html/apkpure-0443.html,100,100,100,100,100,100
43,app_html/appbrain-1041.html,100,100,100,100,100,100
43,app_html/appbrain-0055.html,100,100,100,100,100,100
43,app_html/apkpure-0336.html,100,100,100,100,100,100
43,app_html/appbrain-1518.html,100,100,100,100,100,100
43,app_html/appagg-0305.html,100,100,100,100,100,100
43,app_html/appagg-0663.html,100,100,100,100,100,100
43,app_html/cnet-0613.html,100,100,100,100,100,100
43,app_html/aptoide-0381.html,100,100,100,100,100,100
43,app_html/cnet-0119.html,100,100,100,100,100,100
43,app_html/cnet-1009.html,100,100,100,100,100,100
43,app_html/cnet-1784.html,100,100,100,100,100,100
43,app_html/apkpure-0743.html,100,100,100,100,100,100
43,app_html/aptoide-0947.html,100,100,100,100,100,100
43,app_html/appbrain-1854.html,100,100,100,100,100,100
43,app_html/appbrain-1868.html,100,100,100,100,100,100
43,app_html/apkpure-1741.html,100,100,100,100,100,100
43,app_html/apkpure-1269.html,100,100,100,100,100,100
43,app_html/apkpure-1710.html,100,100,100,100,100,100
43,app_html/apkpure-1708.html,100,100,100,100,100,100
43,app_html/appagg-0890.html,100,100,100,100,100,100
43,app_html/appagg-0697.html,100,0,100,100,100,0
43,app_html/appagg-1588.html,100,0,100,100,100,0
43,app_html/appbrain-1756.html,100,100,100,100,100,100
43,app_html/appbrain-1543.html,100,100,100,100,100,100
43,app_html/cnet-0052.html,100,100,100,100,100,100
43,app_html/appagg-0962.html,100,0,100,100,100,0
43,app_html/appagg-1360.html,100,0,100,100,100,0
43,app_html/apkpure-0557.html,100,100,100,100,100,100
43,app_html/cnet-1896.html,100,100,100,100,100,100
43,app_html/appbrain-1395.html,100,100,100,100,100,100
43,app_html/aptoide-0640.html,100,100,100,100,100,100
43,app_html/apkpure-2257.html,100,100,100,100,100,100
43,app_html/aptoide-1260.html,100,100,100,100,100,100
43,app_html/cnet-0306.html,100,100,100,100,100,100
43,app_html/cnet-0985.html,100,100,100,100,100,100
43,app_html/appagg-2011.html,100,0,100,100,100,0
43,app_html/appagg-0592.html,100,100,100,100,100,100
43,app_html/appbrain-0653.html,100,100,100,100,100,100
43,app_html/aptoide-2310.html,100,100,100,100,100,100
43,app_html/appagg-0591.html,100,0,100,100,100,0
43,app_html/appbrain-1733.html,100,100,100,100,100,100
43,app_html/appagg-0588.html,100,100,100,100,100,100
43,app_html/apkpure-0899.html,100,100,100,100,100,100
43,app_html/cnet-1586.html,100,100,100,100,100,100
43,app_html/aptoide-0865.html,100,100,100,100,100,100
43,app_html/appagg-0028.html,100,100,100,100,100,100
43,app_html/appbrain-1719.html,100,100,100,100,100,100
43,app_html/apkpure-0314.html,100,100,100,100,100,100
43,app_html/cnet-1715.html,100,100,100,100,100,100
43,app_html/appagg-1210.html,100,0,100,100,100,0
43,app_html/appbrain-1423.html,100,100,100,100,100,100
43,app_html/appbrain-1032.html,100,100,100,100,100,100
43,app_html/appbrain-1519.html,100,100,100,100,100,100
43,app_html/apkpure-1299.html,100,100,100,100,100,100
43,app_html/cnet-1360.html,100,100,100,100,100,100
43,app_html/cnet-1391.html,100,100,100,100,100,100
43,app_html/apkpure-0810.html,100,100,100,100,100,100
43,app_html/appbrain-1194.html,100,100,100,100,100,100
43,app_html/appagg-1944.html,100,0,100,100,100,0
43,app_html/apkpure-0890.html,100,100,100,100,100,100
43,app_html/apkpure-2080.html,100,100,100,100,100,100
43,app_html/cnet-0732.html,100,100,100,100,100,100
43,app_html/apkpure-0377.html,100,100,100,100,100,100
43,app_html/appbrain-0459.html,100,100,100,100,100,100
43,app_html/apkpure-0736.html,100,100,100,100,100,100
43,app_html/apkpure-1148.html,100,100,100,100,100,100
43,app_html/aptoide-0744.html,100,100,100,100,100,100
43,app_html/aptoide-0097.html,100,100,100,100,100,100
43,app_html/appbrain-0149.html,100,100,100,100,100,100
43,app_html/appbrain-0203.html,100,100,100,100,100,100
43,app_html/aptoide-0779.html,100,100,100,100,100,100
43,app_html/appagg-0906.html,100,100,100,100,100,100
43,app_html/apkpure-0196.html,100,100,100,100,100,100
43,app_html/aptoide-0128.html,100,100,100,100,100,100
43,app_html/aptoide-0614.html,100,100,100,100,100,100
43,app_html/appagg-0166.html,100,100,100,100,100,100
43,app_html/aptoide-0253.html,100,100,100,100,100,100
43,app_html/apkpure-1413.html,100,100,100,100,100,100
43,app_html/apkpure-2214.html,100,100,100,100,100,100
43,app_html/aptoide-1919.html,100,100,100,100,100,100
43,app_html/apkpure-2045.html,100,100,100,100,100,100
43,app_html/appagg-1582.html,100,0,100,100,100,0
43,app_html/appagg-0634.html,100,100,100,100,100,100
43,app_html/apkpure-0292.html,100,100,100,100,100,100
43,app_html/cnet-1091.html,100,100,100,100,100,100
43,app_html/cnet-2278.html,100,100,100,100,100,100
43,app_html/aptoide-0612.html,100,100,100,100,100,100
43,app_html/apkpure-1491.html,100,100,100,100,100,100
43,app_html/apkpure-0028.html,100,100,100,100,100,100
43,app_html/aptoide-0267.html,100,100,100,100,100,100
43,app_html/appagg-1708.html,100,0,100,100,100,0
43,app_html/cnet-0233.html,100,100,100,100,100,100
43,app_html/apkpure-1044.html,100,100,100,100,100,100
43,app_html/appbrain-1303.html,100,100,100,100,100,100
43,app_html/cnet-1811.html,100,100,100,100,100,100
43,app_html/aptoide-2237.html,100,100,100,100,100,100
43,app_html/apkpure-1896.html,100,100,100,100,100,100
43,app_html/cnet-2204.html,100,100,100,100,100,100
43,app_html/aptoide-2253.html,100,100,100,100,100,100
43,app_html/aptoide-1357.html,100,100,100,100,100,100
43,app_html/aptoide-1360.html,100,100,100,100,100,100
43,app_html/apkpure-1253.html,100,100,100,100,100,100
43,app_html/appagg-0951.html,100,100,100,100,100,100
43,app_html/cnet-2124.html,100,100,100,100,100,100
43,app_html/aptoide-1250.html,100,100,100,100,100,100
43,app_html/aptoide-1687.html,100,100,100,100,100,100
43,app_html/appbrain-0000.html,100,100,100,100,100,100
43,app_html/appbrain-0818.html,100,100,100,100,100,100
43,app_html/aptoide-0434.html,100,100,100,100,100,100
43,app_html/appagg-0989.html,100,0,100,100,100,0
43,app_html/appbrain-0017.html,100,100,100,100,100,100
43,app_html/apkpure-0762.html,100,100,100,100,100,100
43,app_html/apkpure-0493.html,100,100,100,100,100,100
43,app_html/appbrain-1300.html,100,100,100,100,100,100
43,app_html/appagg-1972.html,100,0,100,100,100,0
43,app_html/appagg-0125.html,100,100,100,100,100,100
43,app_html/cnet-0077.html,100,100,100,100,100,100
43,app_html/appbrain-0895.html,100,100,100,100,100,100
43,app_html/appagg-0075.html,100,100,100,100,100,100
43,app_html/cnet-1370.html,100,100,100,100,100,100
43,app_html/apkpure-0902.html,100,100,100,100,100,100
43,app_html/appbrain-0519.html,100,100,100,100,100,100
43,app_html/cnet-1080.html,100,100,100,100,100,100
43,app_html/aptoide-0227.html,100,100,100,100,100,100
43,app_html/appagg-1761.html,100,0,100,100,100,0
43,app_html/appbrain-2007.html,100,100,100,100,100,100
43,app_html/cnet-1411.html,100,100,100,100,100,100
43,app_html/cnet-1579.html,100,100,100,100,100,100
43,app_html/aptoide-1981.html,100,100,100,100,100,100
43,app_html/aptoide-1111.html,100,100,100,100,100,100
43,app_html/apkpure-1529.html,100,100,100,100,100,100
43,app_html/apkpure-0079.html,100,100,100,100,100,100
43,app_html/appbrain-0029.html,100,100,100,100,100,100
43,app_html/apkpure-1469.html,100,100,100,100,100,100
43,app_html/appagg-1208.html,100,100,100,100,100,100
43,app_html/appbrain-1456.html,100,100,100,100,100,100
43,app_html/apkpure-0935.html,100,100,100,100,100,100
43,app_html/appbrain-1498.html,100,100,100,100,100,100
43,app_html/appagg-1768.html,100,0,100,100,100,0
43,app_html/cnet-1259.html,100,100,100,100,100,100
43,app_html/aptoide-2441.html,100,100,100,100,100,100
43,app_html/appagg-1594.html,100,0,100,100,100,0
43,app_html/aptoide-0370.html,100,100,100,100,100,100
43,app_html/cnet-0913.html,100,100,100,100,100,100
43,app_html/appbrain-1942.html,100,100,100,100,100,100
43,app_html/appbrain-0121.html,100,100,100,100,100,100
43,app_html/apkpure-1982.html,100,100,100,100,100,100
43,app_html/appagg-1584.html,100,0,100,100,100,0
43,app_html/appbrain-1629.html,100,100,100,100,100,100
43,app_html/appbrain-0428.html,100,100,100,100,100,100
43,app_html/cnet-1196.html,100,100,100,100,100,100
43,app_html/cnet-2243.html,100,100,100,100,100,100
43,app_html/appagg-0295.html,100,0,100,100,100,0
43,app_html/apkpure-1078.html,100,100,100,100,100,100
43,app_html/appagg-1459.html,100,0,100,100,100,0
43,app_html/apkpure-1721.html,100,100,100,100,100,100
43,app_html/appagg-1145.html,100,100,100,100,100,100
43,app_html/appagg-0034.html,100,100,100,100,100,100
43,app_html/appbrain-0622.html,100,100,100,100,100,100
43,app_html/apkpure-0598.html,100,100,100,100,100,100
43,app_html/cnet-2153.html,100,100,100,100,100,100
43,app_html/aptoide-0210.html,100,100,100,100,100,100
43,app_html/appbrain-0800.html,100,100,100,100,100,100
43,app_html/cnet-0773.html,100,100,100,100,100,100
43,app_html/aptoide-1630.html,100,100,100,100,100,100
43,app_html/appagg-0474.html,100,0,100,100,100,0
43,app_html/appagg-1549.html,100,0,100,100,100,0
43,app_html/aptoide-0268.html,100,100,100,100,100,100
43,app_html/aptoide-0117.html,100,100,100,100,100,100
43,app_html/appbrain-0533.html,100,100,100,100,100,100
43,app_html/apkpure-0475.html,100,100,100,100,100,100
43,app_html/cnet-1467.html,100,100,100,100,100,100
43,app_html/appagg-0693.html,100,0,100,100,100,0
43,app_html/appbrain-1199.html,100,100,100,100,100,100
43,app_html/cnet-1409.html,100,100,100,100,100,100
43,app_html/apkpure-0530.html,100,100,100,100,100,100
43,app_html/appagg-1964.html,100,0,100,100,100,0
43,app_html/apkpure-0104.html,100,100,100,100,100,100
43,app_html/cnet-1888.html,100,100,100,100,100,100
43,app_html/appagg-0744.html,100,100,100,100,100,100
43,app_html/appagg-1634.html,100,0,100,100,100,0
43,app_html/appbrain-1693.html,100,100,100,100,100,100
43,app_html/appagg-1611.html,100,0,100,100,100,0
43,app_html/appbrain-0262.html,100,100,100,100,100,100
43,app_html/appbrain-0966.html,100,100,100,100,100,100
43,app_html/aptoide-2380.html,100,100,100,100,100,100
43,app_html/apkpure-0893.html,100,100,100,100,100,100
43,app_html/appbrain-0702.html,100,100,100,100,100,100
43,app_html/apkpure-0308.html,100,100,100,100,100,100
43,app_html/appbrain-0235.html,100,100,100,100,100,100
43,app_html/appbrain-1220.html,100,100,100,100,100,100
43,app_html/appagg-1440.html,100,0,100,100,100,0
43,app_html/cnet-1971.html,100,100,100,100,100,100
43,app_html/apkpure-0657.html,100,100,100,100,100,100
43,app_html/appagg-0940.html,100,0,100,100,100,0
43,app_html/appbrain-1372.html,100,100,100,100,100,100
43,app_html/cnet-2014.html,100,100,100,100,100,100
43,app_html/appagg-0266.html,100,0,100,100,100,0
43,app_html/appbrain-1370.html,100,100,100,100,100,100
43,app_html/apkpure-0912.html,100,100,100,100,100,100
43,app_html/cnet-0764.html,100,100,100,100,100,100
43,app_html/appagg-1552.html,100,0,100,100,100,0
43,app_html/aptoide-1240.html,100,100,100,100,100,100
43,app_html/appagg-0210.html,100,100,100,100,100,100
43,app_html/aptoide-2467.html,100,100,100,100,100,100
43,app_html/appagg-0291.html,100,0,100,100,100,0
43,app_html/appbrain-1815.html,100,100,100,100,100,100
43,app_html/apkpure-0087.html,100,100,100,100,100,100
43,app_html/appbrain-0869.html,100,100,100,100,100,100
43,app_html/apkpure-0271.html,100,100,100,100,100,100
43,app_html/appbrain-0276.html,100,100,100,100,100,100
43,app_html/aptoide-1017.html,100,100,100,100,100,100
43,app_html/appagg-0528.html,100,100,100,100,100,100
43,app_html/apkpure-0051.html,100,100,100,100,100,100
43,app_html/apkpure-0559.html,100,100,100,100,100,100
43,app_html/apkpure-0939.html,100,100,100,100,100,100
43,app_html/aptoide-1917.html,100,100,100,100,100,100
43,app_html/aptoide-0283.html,100,100,100,100,100,100
43,app_html/cnet-0328.html,100,100,100,100,100,100
43,app_html/aptoide-1048.html,100,100,100,100,100,100
43,app_html/aptoide-0675.html,100,100,100,100,100,100
43,app_html/apkpure-2054.html,100,100,100,100,100,100
43,app_html/cnet-0932.html,100,100,100,100,100,100
43,app_html/appagg-0975.html,100,0,100,100,100,0
43,app_html/cnet-2220.html,100,100,100,100,100,100
43,app_html/apkpure-1055.html,100,100,100,100,100,100
43,app_html/cnet-1684.html,100,100,100,100,100,100
43,app_html/cnet-0046.html,100,100,100,100,100,100
43,app_html/apkpure-0820.html,100,100,100,100,100,100
43,app_html/appbrain-0045.html,100,100,100,100,100,100
43,app_html/apkpure-0009.html,100,100,100,100,100,100
43,app_html/apkpure-0785.html,100,100,100,100,100,100
43,app_html/appbrain-0557.html,100,100,100,100,100,100
43,app_html/aptoide-1645.html,100,100,100,100,100,100
43,app_html/aptoide-2277.html,100,100,100,100,100,100
43,app_html/aptoide-1717.html,100,100,100,100,100,100
43,app_html/appbrain-1035.html,100,100,100,100,100,100
43,app_html/appbrain-0071.html,100,100,100,100,100,100
43,app_html/appbrain-0206.html,100,100,100,100,100,100
43,app_html/aptoide-2180.html,100,100,100,100,100,100
43,app_html/cnet-1814.html,100,100,100,100,100,100
43,app_html/cnet-2221.html,100,100,100,100,100,100
43,app_html/cnet-0171.html,100,100,100,100,100,100
43,app_html/aptoide-0735.html,100,100,100,100,100,100
43,app_html/apkpure-2025.html,100,100,100,100,100,100
43,app_html/aptoide-0509.html,100,100,100,100,100,100
43,app_html/aptoide-0420.html,100,100,100,100,100,100
43,app_html/aptoide-1822.html,100,100,100,100,100,100
43,app_html/appbrain-0989.html,100,100,100,100,100,100
43,app_html/appbrain-0773.html,100,100,100,100,100,100
43,app_html/appbrain-0886.html,100,100,100,100,100,100
43,app_html/appbrain-0696.html,100,100,100,100,100,100
43,app_html/aptoide-0519.html,100,100,100,100,100,100
43,app_html/apkpure-2107.html,100,100,100,100,100,100
43,app_html/cnet-1822.html,100,100,100,100,100,100
43,app_html/apkpure-0312.html,100,100,100,100,100,100
43,app_html/apkpure-1151.html,100,100,100,100,100,100
43,app_html/appagg-1653.html,100,0,100,100,100,0
43,app_html/apkpure-1158.html,100,100,100,100,100,100
43,app_html/appagg-0297.html,100,100,100,100,100,100
43,app_html/appbrain-0806.html,100,100,100,100,100,100
43,app_html/appbrain-1555.html,100,100,100,100,100,100
43,app_html/aptoide-0786.html,100,100,100,100,100,100
43,app_html/aptoide-0413.html,100,100,100,100,100,100
43,app_html/aptoide-2084.html,100,100,100,100,100,100
43,app_html/aptoide-1413.html,100,100,100,100,100,100
43,app_html/apkpure-2059.html,100,100,100,100,100,100
43,app_html/apkpure-2049.html,100,100,100,100,100,100
43,app_html/cnet-0902.html,100,100,100,100,100,100
43,app_html/appagg-1519.html,100,0,100,100,100,0
43,app_html/appbrain-0581.html,100,100,100,100,100,100
43,app_html/appagg-0062.html,100,100,100,100,100,100
43,app_html/cnet-1816.html,100,100,100,100,100,100
43,app_html/aptoide-1146.html,100,100,100,100,100,100
43,app_html/cnet-0724.html,100,100,100,100,100,100
43,app_html/aptoide-1686.html,100,100,100,100,100,100
43,app_html/cnet-0153.html,100,100,100,100,100,100
43,app_html/aptoide-1390.html,100,100,100,100,100,100
43,app_html/cnet-0384.html,100,100,100,100,100,100
43,app_html/cnet-2056.html,100,100,100,100,100,100
43,app_html/appagg-0718.html,100,100,100,100,100,100
43,app_html/cnet-1521.html,100,100,100,100,100,100
43,app_html/cnet-0904.html,100,100,100,100,100,100
43,app_html/apkpure-2103.html,100,100,100,100,100,100
43,app_html/aptoide-2366.html,100,100,100,100,100,100
43,app_html/aptoide-1642.html,100,100,100,100,100,100
43,app_html/cnet-1374.html,100,100,100,100,100,100
43,app_html/appagg-1616.html,100,0,100,100,100,0
43,app_html/aptoide-1006.html,100,100,100,100,100,100
43,app_html/cnet-0741.html,100,100,100,100,100,100
43,app_html/appbrain-0300.html,100,100,100,100,100,100
43,app_html/apkpure-1618.html,100,100,100,100,100,100
43,app_html/cnet-1232.html,100,100,100,100,100,100
43,app_html/appbrain-1666.html,100,100,100,100,100,100
43,app_html/appbrain-0141.html,100,100,100,100,100,100
43,app_html/apkpure-2258.html,100,100,100,100,100,100
43,app_html/cnet-1591.html,100,100,100,100,100,100
43,app_html/appagg-0950.html,100,100,100,100,100,100
43,app_html/aptoide-1144.html,100,100,100,100,100,100
43,app_html/appbrain-1057.html,100,100,100,100,100,100
43,app_html/appbrain-1896.html,100,100,100,100,100,100
43,app_html/aptoide-0054.html,100,100,100,100,100,100
43,app_html/aptoide-1015.html,100,100,100,100,100,100
43,app_html/cnet-1515.html,100,100,100,100,100,100
43,app_html/cnet-0867.html,100,100,100,100,100,100
43,app_html/appagg-0278.html,100,100,100,100,100,100
43,app_html/cnet-1197.html,100,100,100,100,100,100
43,app_html/cnet-1430.html,100,100,100,100,100,100
43,app_html/appbrain-1998.html,100,100,100,100,100,100
43,app_html/apkpure-0620.html,100,100,100,100,100,100
43,app_html/apkpure-0999.html,100,100,100,100,100,100
43,app_html/aptoide-1065.html,100,100,100,100,100,100
43,app_html/aptoide-1138.html,100,100,100,100,100,100
43,app_html/apkpure-0617.html,100,100,100,100,100,100
43,app_html/appbrain-0521.html,100,100,100,100,100,100
43,app_html/appbrain-0308.html,100,100,100,100,100,100
43,app_html/apkpure-1226.html,100,100,100,100,100,100
43,app_html/cnet-1383.html,100,100,100,100,100,100
43,app_html/appagg-1052.html,100,100,100,100,100,100
43,app_html/cnet-1898.html,100,100,100,100,100,100
43,app_html/appbrain-1136.html,100,100,100,100,100,100
43,app_html/aptoide-0516.html,100,100,100,100,100,100
43,app_html/aptoide-0977.html,100,100,100,100,100,100
43,app_html/appbrain-0147.html,100,100,100,100,100,100
43,app_html/apkpure-0791.html,100,100,100,100,100,100
43,app_html/appbrain-1352.html,100,100,100,100,100,100
43,app_html/cnet-1918.html,100,100,100,100,100,100
43,app_html/appbrain-0183.html,100,100,100,100,100,100
43,app_html/appagg-1716.html,100,0,100,100,100,0
43,app_html/appagg-1803.html,100,0,100,100,100,0
43,app_html/aptoide-1895.html,100,100,100,100,100,100
43,app_html/appbrain-0756.html,100,100,100,100,100,100
43,app_html/appagg-1095.html,100,0,100,100,100,0
43,app_html/aptoide-0228.html,100,100,100,100,100,100
43,app_html/appbrain-0376.html,100,100,100,100,100,100
43,app_html/aptoide-1479.html,100,100,100,100,100,100
43,app_html/aptoide-1038.html,100,100,100,100,100,100
43,app_html/appagg-1506.html,100,0,100,100,100,0
43,app_html/cnet-1891.html,100,100,100,100,100,100
43,app_html/appagg-0133.html,100,0,100,100,100,0
43,app_html/apkpure-0067.html,100,100,100,100,100,100
43,app_html/cnet-0740.html,100,100,100,100,100,100
43,app_html/apkpure-0492.html,100,100,100,100,100,100
43,app_html/aptoide-0262.html,100,100,100,100,100,100
43,app_html/appagg-1181.html,100,0,100,100,100,0
43,app_html/appagg-1523.html,100,0,100,100,100,0
43,app_html/apkpure-1000.html,100,100,100,100,100,100
43,app_html/appbrain-1329.html,100,100,100,100,100,100
43,app_html/appbrain-1992.html,100,100,100,100,100,100
43,app_html/appagg-0172.html,100,100,100,100,100,100
43,app_html/cnet-0124.html,100,100,100,100,100,100
43,app_html/cnet-1082.html,100,100,100,100,100,100
43,app_html/appbrain-1347.html,100,100,100,100,100,100
43,app_html/cnet-0567.html,100,100,100,100,100,100
43,app_html/cnet-0539.html,100,100,100,100,100,100
43,app_html/cnet-1616.html,100,100,100,100,100,100
43,app_html/cnet-0711.html,100,100,100,100,100,100
43,app_html/cnet-1444.html,100,100,100,100,100,100
43,app_html/aptoide-2031.html,100,100,100,100,100,100
43,app_html/aptoide-1338.html,100,100,100,100,100,100
43,app_html/apkpure-0489.html,100,100,100,100,100,100
43,app_html/appbrain-0570.html,100,100,100,100,100,100
43,app_html/aptoide-1212.html,100,100,100,100,100,100
43,app_html/apkpure-0233.html,100,100,100,100,100,100
43,app_html/cnet-1113.html,100,100,100,100,100,100
43,app_html/appbrain-1465.html,100,100,100,100,100,100
43,app_html/aptoide-0848.html,100,100,100,100,100,100
43,app_html/appbrain-1458.html,100,100,100,100,100,100
43,app_html/appagg-0371.html,100,0,100,100,100,0
43,app_html/cnet-0605.html,100,100,100,100,100,100
43,app_html/appagg-1180.html,100,0,100,100,100,0
43,app_html/aptoide-1220.html,100,100,100,0,100,0
43,app_html/cnet-1253.html,100,100,100,100,100,100
43,app_html/appbrain-1508.html,100,100,100,100,100,100
43,app_html/appbrain-1828.html,100,100,100,100,100,100
43,app_html/cnet-2063.html,100,100,100,100,100,100
43,app_html/appbrain-1103.html,100,100,100,100,100,100
43,app_html/appagg-0901.html,100,100,100,100,100,100
43,app_html/appbrain-0634.html,100,100,100,100,100,100
43,app_html/aptoide-0238.html,100,100,100,100,100,100
43,app_html/appagg-0141.html,100,100,100,100,100,100
43,app_html/cnet-1284.html,100,100,100,100,100,100
43,app_html/appagg-1212.html,100,100,100,100,100,100
43,app_html/cnet-0133.html,100,100,100,100,100,100
43,app_html/apkpure-1946.html,100,100,100,100,100,100
43,app_html/aptoide-0202.html,100,100,100,100,100,100
43,app_html/cnet-0587.html,100,100,100,100,100,100
43,app_html/appagg-1013.html,100,0,100,100,100,0
43,app_html/appagg-0594.html,100,0,100,100,100,0
43,app_html/cnet-0802.html,100,100,100,100,100,100
43,app_html/apkpure-2193.html,100,100,100,100,100,100
43,app_html/appagg-0243.html,100,100,100,100,100,100
43,app_html/cnet-1619.html,100,100,100,100,100,100
43,app_html/aptoide-1164.html,100,100,100,100,100,100
43,app_html/appbrain-0226.html,100,100,100,100,100,100
43,app_html/apkpure-1180.html,100,100,100,100,100,100
43,app_html/appagg-0247.html,100,100,100,100,100,100
43,app_html/appbrain-0075.html,100,100,100,100,100,100
43,app_html/apkpure-2018.html,100,100,100,100,100,100
43,app_html/aptoide-1703.html,100,100,100,100,100,100
43,app_html/appagg-1273.html,100,100,100,100,100,100
43,app_html/aptoide-1742.html,100,100,100,100,100,100
43,app_html/apkpure-0663.html,100,100,100,100,100,100
43,app_html/apkpure-1621.html,100,100,100,100,100,100
43,app_html/aptoide-1786.html,100,100,100,100,100,100
43,app_html/apkpure-1903.html,100,100,100,100,100,100
43,app_html/apkpure-0119.html,100,100,100,100,100,100
43,app_html/appagg-1231.html,100,0,100,100,100,0
43,app_html/apkpure-0095.html,100,100,100,100,100,100
43,app_html/appbrain-1541.html,100,100,100,100,100,100
43,app_html/apkpure-1527.html,100,100,100,100,100,100
43,app_html/cnet-0177.html,100,100,100,100,100,100
43,app_html/apkpure-0456.html,100,100,100,100,100,100
43,app_html/appbrain-0322.html,100,100,100,100,100,100
43,app_html/aptoide-0305.html,100,100,100,100,100,100
43,app_html/cnet-0317.html,100,100,100,100,100,100
43,app_html/appagg-0204.html,100,0,100,100,100,0
43,app_html/aptoide-0702.html,100,100,100,100,100,100
43,app_html/aptoide-2235.html,100,100,100,100,100,100
43,app_html/apkpure-0466.html,100,100,100,100,100,100
43,app_html/cnet-1581.html,100,100,100,100,100,100
43,app_html/aptoide-0525.html,100,100,100,100,100,100
43,app_html/cnet-1064.html,100,100,100,100,100,100
43,app_html/appagg-1033.html,100,0,100,100,100,0
43,app_html/cnet-1988.html,100,100,100,100,100,100
43,app_html/aptoide-1171.html,100,100,100,100,100,100
43,app_html/apkpure-2229.html,100,100,100,100,100,100
43,app_html/appbrain-0588.html,100,100,100,100,100,100
43,app_html/aptoide-1502.html,100,100,100,100,100,100
43,app_html/appagg-1282.html,100,100,100,100,100,100
43,app_html/apkpure-2044.html,100,100,100,100,100,100
43,app_html/appagg-0279.html,100,0,100,100,100,0
43,app_html/appbrain-2015.html,100,100,100,100,100,100
43,app_html/aptoide-1265.html,100,100,100,100,100,100
43,app_html/cnet-0373.html,100,100,100,100,100,100
43,app_html/apkpure-1258.html,100,100,100,100,100,100
43,app_html/aptoide-1778.html,100,100,100,100,100,100
43,app_html/appbrain-1357.html,100,100,100,100,100,100
43,app_html/appbrain-0531.html,100,100,100,100,100,100
43,app_html/appbrain-0615.html,100,100,100,100,100,100
43,app_html/aptoide-1201.html,100,100,100,100,100,100
43,app_html/apkpure-1204.html,100,100,100,100,100,100
43,app_html/appbrain-0115.html,100,100,100,100,100,100
43,app_html/apkpure-2213.html,100,100,100,100,100,100
43,app_html/aptoide-0443.html,100,100,100,100,100,100
43,app_html/aptoide-0812.html,100,100,100,100,100,100
43,app_html/apkpure-2248.html,100,100,100,100,0,0
43,app_html/appbrain-1004.html,100,100,100,100,100,100
43,app_html/apkpure-1817.html,100,100,100,100,100,100
43,app_html/appbrain-0901.html,100,100,100,100,100,100
43,app_html/apkpure-1017.html,100,100,100,100,100,100
43,app_html/appbrain-1788.html,100,100,100,100,100,100
43,app_html/aptoide-1669.html,100,100,100,100,100,100
43,app_html/appagg-0813.html,100,0,100,100,100,0
43,app_html/appagg-1706.html,100,0,100,100,100,0
43,app_html/appbrain-1927.html,100,100,100,100,100,100
43,app_html/appagg-1909.html,100,0,100,100,100,0
43,app_html/cnet-1023.html,100,100,100,100,100,100
43,app_html/appbrain-1377.html,100,100,100,100,100,100
43,app_html/aptoide-2404.html,100,100,100,100,100,100
43,app_html/aptoide-2212.html,100,100,100,100,100,100
43,app_html/apkpure-1484.html,100,100,100,100,100,100
43,app_html/apkpure-1613.html,100,100,100,100,100,100
43,app_html/apkpure-1087.html,100,100,100,100,100,100
43,app_html/aptoide-2385.html,100,100,100,100,100,100
43,app_html/apkpure-2039.html,100,100,100,100,100,100
43,app_html/cnet-1748.html,100,100,100,100,100,100
43,app_html/aptoide-2376.html,100,100,100,100,100,100
43,app_html/aptoide-0127.html,100,100,100,100,100,100
43,app_html/aptoide-2254.html,100,100,100,100,100,100
43,app_html/cnet-2079.html,100,100,100,100,100,100
43,app_html/cnet-2186.html,100,100,100,100,100,100
43,app_html/apkpure-0699.html,100,100,100,100,100,100
43,app_html/apkpure-1383.html,100,100,100,100,100,100
43,app_html/cnet-1261.html,100,100,100,100,100,100
43,app_html/appbrain-0508.html,100,100,100,100,100,100
43,app_html/apkpure-0165.html,100,100,100,100,100,100
43,app_html/aptoide-1018.html,100,100,100,100,100,100
43,app_html/aptoide-0875.html,100,100,100,100,100,100
43,app_html/appagg-0648.html,100,0,100,100,100,0
43,app_html/cnet-1543.html,100,100,100,100,100,100
43,app_html/cnet-1544.html,100,100,100,100,100,100
43,app_html/aptoide-0609.html,100,100,100,100,100,100
43,app_html/appbrain-1236.html,100,100,100,100,100,100
43,app_html/aptoide-1366.html,100,100,100,100,100,100
43,app_html/cnet-1658.html,100,100,100,100,100,100
43,app_html/apkpure-1757.html,100,100,100,100,100,100
43,app_html/aptoide-1335.html,100,100,100,100,100,100
43,app_html/apkpure-0908.html,100,100,100,100,100,100
43,app_html/appagg-1615.html,100,0,100,100,100,0
43,app_html/aptoide-2239.html,100,100,100,100,100,100
43,app_html/appbrain-1090.html,100,100,100,100,100,100
43,app_html/apkpure-0223.html,100,100,100,100,100,100
43,app_html/appbrain-1570.html,100,100,100,100,100,100
43,app_html/appagg-1043.html,100,100,100,100,100,100
43,app_html/appagg-0688.html,100,100,100,100,100,100
43,app_html/cnet-1195.html,100,100,100,100,100,100
43,app_html/cnet-0405.html,100,100,100,100,100,100
43,app_html/aptoide-1228.html,100,100,100,100,100,100
43,app_html/appbrain-0648.html,100,100,100,100,100,100
43,app_html/appbrain-0510.html,100,100,100,100,100,100
43,app_html/cnet-0016.html,100,100,100,100,100,100
43,app_html/aptoide-2372.html,100,100,100,100,100,100
43,app_html/appbrain-1007.html,100,100,100,100,100,100
43,app_html/appbrain-1606.html,100,100,100,100,100,100
43,app_html/aptoide-1314.html,100,100,100,100,100,100
43,app_html/cnet-0241.html,100,100,100,100,100,100
43,app_html/appagg-1886.html,100,100,100,100,100,100
43,app_html/apkpure-0029.html,100,100,100,100,100,100
43,app_html/cnet-1330.html,100,100,100,100,100,100
43,app_html/appagg-0242.html,100,0,100,100,100,0
43,app_html/apkpure-2037.html,100,100,100,100,100,100
43,app_html/cnet-1305.html,100,100,100,100,100,100
43,app_html/appagg-1340.html,100,100,100,100,100,100
43,app_html/apkpure-1622.html,100,100,100,100,100,100
43,app_html/aptoide-0079.html,100,100,100,100,100,100
43,app_html/cnet-0835.html,100,100,100,100,100,100
43,app_html/appagg-2007.html,100,0,100,100,100,0
43,app_html/appagg-1967.html,100,0,100,100,100,0
43,app_html/cnet-0833.html,100,100,100,100,100,100
43,app_html/apkpure-0947.html,100,100,100,100,100,100
43,app_html/appbrain-1174.html,100,100,100,100,100,100
43,app_html/apkpure-1298.html,100,100,100,100,100,100
43,app_html/apkpure-0571.html,100,100,100,100,100,100
43,app_html/apkpure-0198.html,100,100,100,100,100,100
43,app_html/cnet-0649.html,100,100,100,100,100,100
43,app_html/appagg-1405.html,100,0,100,100,100,0
43,app_html/apkpure-1858.html,100,100,100,100,100,100
43,app_html/cnet-1040.html,100,100,100,100,100,100
43,app_html/cnet-1227.html,100,100,100,100,100,100
43,app_html/appbrain-0515.html,100,100,100,100,100,100
43,app_html/appagg-0595.html,100,0,100,100,100,0
43,app_html/aptoide-1986.html,100,100,100,100,100,100
43,app_html/apkpure-1827.html,100,100,100,100,100,100
43,app_html/apkpure-0128.html,100,100,100,100,100,100
43,app_html/cnet-2072.html,100,100,100,100,100,100
43,app_html/appagg-1528.html,100,0,100,100,100,0
43,app_html/apkpure-1577.html,100,100,100,100,100,100
43,app_html/appbrain-0319.html,100,100,100,100,100,100
43,app_html/cnet-0812.html,100,100,100,100,100,100
43,app_html/appbrain-1758.html,100,100,100,100,100,100
43,app_html/apkpure-1300.html,100,100,100,100,100,100
43,app_html/aptoide-0179.html,100,100,100,100,100,100
43,app_html/appagg-0398.html,100,100,100,100,100,100
43,app_html/apkpure-2062.html,100,100,100,100,100,100
43,app_html/appbrain-1631.html,100,100,100,100,100,100
43,app_html/aptoide-2428.html,100,100,100,100,100,100
43,app_html/apkpure-0459.html,100,100,100,100,100,100
43,app_html/appagg-1097.html,100,100,100,100,100,100
43,app_html/cnet-1877.html,100,100,100,100,100,100
43,app_html/apkpure-0669.html,100,100,100,100,100,100
43,app_html/aptoide-2297.html,100,100,100,100,100,100
43,app_html/aptoide-1407.html,100,100,100,100,100,100
43,app_html/appbrain-0309.html,100,100,100,100,100,100
43,app_html/aptoide-1868.html,100,100,100,0,100,0
43,app_html/apkpure-0361.html,100,100,100,100,100,100
43,app_html/apkpure-1400.html,100,100,100,100,100,100
43,app_html/apkpure-1146.html,100,100,100,100,100,100
43,app_html/apkpure-0007.html,100,100,100,100,100,100
43,app_html/appbrain-0081.html,100,100,100,100,100,100
43,app_html/aptoide-0427.html,100,100,100,100,100,100
43,app_html/cnet-1800.html,100,100,100,100,100,100
43,app_html/appbrain-1656.html,100,100,100,100,100,100
43,app_html/apkpure-0816.html,100,100,100,100,100,100
43,app_html/cnet-2118.html,100,100,100,100,100,100
43,app_html/cnet-1414.html,100,100,100,100,100,100
43,app_html/aptoide-1524.html,100,100,100,100,100,100
43,app_html/apkpure-0369.html,100,100,100,100,100,100
43,app_html/aptoide-2189.html,100,100,100,100,100,100
43,app_html/aptoide-1849.html,100,100,100,100,100,100
43,app_html/cnet-1633.html,100,100,100,100,100,100
43,app_html/cnet-1943.html,100,100,100,100,100,100
43,app_html/appagg-1954.html,100,0,100,100,100,0
43,app_html/cnet-0774.html,100,100,100,100,100,100
43,app_html/aptoide-1134.html,100,100,100,100,100,100
43,app_html/aptoide-0573.html,100,100,100,100,100,100
43,app_html/cnet-0431.html,100,100,100,100,100,100
43,app_html/aptoide-0518.html,100,100,100,0,100,0
43,app_html/aptoide-0809.html,100,100,100,100,100,100
43,app_html/cnet-1447.html,100,100,100,100,100,100
43,app_html/apkpure-0591.html,100,100,100,100,100,100
43,app_html/appagg-0932.html,100,100,100,100,100,100
43,app_html/cnet-0641.html,100,100,100,100,100,100
43,app_html/appbrain-0620.html,100,100,100,100,100,100
43,app_html/cnet-0116.html,100,100,100,100,100,100
43,app_html/cnet-2263.html,100,100,100,100,100,100
43,app_html/apkpure-0686.html,100,100,100,100,100,100
43,app_html/appagg-0192.html,100,100,100,100,100,100
43,app_html/appagg-0738.html,100,100,100,100,100,100
43,app_html/appagg-1432.html,100,0,100,100,100,0
43,app_html/aptoide-2187.html,100,100,100,100,100,100
43,app_html/appbrain-1460.html,100,100,100,100,100,100
43,app_html/appagg-0912.html,100,100,100,100,100,100
43,app_html/appbrain-1217.html,100,100,100,100,100,100
43,app_html/apkpure-1563.html,100,100,100,100,100,100
43,app_html/aptoide-1165.html,100,100,100,100,100,100
43,app_html/aptoide-0437.html,100,100,100,100,100,100
43,app_html/aptoide-1718.html,100,100,100,100,100,100
43,app_html/appbrain-1323.html,100,100,100,100,100,100
43,app_html/appbrain-1083.html,100,100,100,100,100,100
43,app_html/appagg-0432.html,100,100,100,100,100,100
43,app_html/cnet-0996.html,100,100,100,100,100,100
43,app_html/appbrain-0616.html,100,100,100,100,100,100
43,app_html/apkpure-1684.html,100,100,100,100,100,100
43,app_html/cnet-1997.html,100,100,100,100,100,100
43,app_html/appbrain-0133.html,100,100,100,100,100,100
43,app_html/cnet-0497.html,100,100,100,100,100,100
43,app_html/cnet-0295.html,100,100,100,100,100,100
43,app_html/appbrain-1598.html,100,100,100,100,100,100
43,app_html/appbrain-1877.html,100,100,100,100,100,100
43,app_html/aptoide-0150.html,100,100,100,100,100,100
43,app_html/cnet-1987.html,100,100,100,100,100,100
43,app_html/apkpure-1502.html,100,100,100,100,100,100
43,app_html/apkpure-1968.html,100,100,100,100,100,100
43,app_html/apkpure-1594.html,100,100,100,100,100,100
43,app_html/aptoide-0055.html,100,100,100,100,100,100
43,app_html/cnet-1344.html,100,100,100,100,100,100
43,app_html/aptoide-1239.html,100,100,100,100,100,100
43,app_html/appbrain-0144.html,100,100,100,100,100,100
43,app_html/cnet-1511.html,100,100,100,100,100,100
43,app_html/appagg-1284.html,100,100,100,100,100,100
43,app_html/appbrain-1230.html,100,100,100,100,100,100
43,app_html/cnet-0552.html,100,100,100,100,100,100
43,app_html/apkpure-2168.html,100,100,100,100,100,100
43,app_html/appbrain-1740.html,100,100,100,100,100,100
43,app_html/appagg-0191.html,100,0,100,100,100,0
43,app_html/apkpure-0671.html,100,100,100,100,100,100
43,app_html/apkpure-1931.html,100,100,100,100,100,100
43,app_html/cnet-0755.html,100,100,100,100,100,100
43,app_html/aptoide-0960.html,100,100,100,100,100,100
43,app_html/apkpure-1567.html,100,100,100,100,100,100
43,app_html/aptoide-0506.html,100,100,100,100,100,100
43,app_html/appagg-1051.html,100,100,100,100,100,100
43,app_html/apkpure-1803.html,100,100,100,100,100,100
43,app_html/appagg-1571.html,100,0,100,100,100,0
43,app_html/aptoide-1661.html,100,100,100,100,100,100
43,app_html/appagg-1118.html,100,0,100,100,100,0
43,app_html/appagg-1723.html,100,0,100,100,100,0
43,app_html/appbrain-1862.html,100,100,100,100,100,100
43,app_html/appagg-1695.html,100,0,100,100,100,0
43,app_html/appagg-0848.html,100,0,100,100,100,0
43,app_html/appagg-2027.html,100,0,100,100,100,0
43,app_html/apkpure-1276.html,100,100,100,100,100,100
43,app_html/apkpure-0980.html,100,100,100,100,100,100
43,app_html/apkpure-2206.html,100,100,100,100,100,100
43,app_html/appagg-1165.html,100,0,100,100,100,0
43,app_html/aptoide-0211.html,100,100,100,100,100,100
43,app_html/appagg-0263.html,100,0,100,100,100,0
43,app_html/cnet-1862.html,100,100,100,100,100,100
43,app_html/aptoide-0136.html,100,100,100,100,100,100
43,app_html/appagg-1545.html,100,0,100,100,100,0
43,app_html/aptoide-0354.html,100,100,100,0,100,0
43,app_html/aptoide-1501.html,100,100,100,100,100,100
43,app_html/appbrain-1529.html,100,100,100,100,100,100
43,app_html/cnet-2047.html,100,100,100,100,100,100
43,app_html/appbrain-1569.html,100,100,100,100,100,100
43,app_html/appagg-0321.html,100,100,100,100,100,100
43,app_html/apkpure-0872.html,100,100,100,100,100,100
43,app_html/appagg-0106.html,100,0,100,100,100,0
43,app_html/cnet-1373.html,100,100,100,100,100,100
43,app_html/appbrain-1513.html,100,100,100,100,100,100
43,app_html/appagg-0675.html,100,0,100,100,100,0
43,app_html/appbrain-1954.html,100,100,100,100,100,100
43,app_html/aptoide-0550.html,100,100,100,100,100,100
43,app_html/apkpure-0728.html,100,100,100,100,100,100
43,app_html/appagg-0734.html,100,100,100,100,100,100
43,app_html/apkpure-1995.html,100,100,100,100,100,100
43,app_html/appbrain-1116.html,100,100,100,100,100,100
43,app_html/apkpure-0780.html,100,100,100,100,100,100
43,app_html/appagg-0770.html,100,0,100,100,100,0
43,app_html/cnet-2139.html,100,100,100,100,100,100
43,app_html/cnet-1244.html,100,100,100,100,100,100
43,app_html/aptoide-1498.html,100,100,100,100,100,100
43,app_html/appbrain-1524.html,100,100,100,100,100,100
43,app_html/apkpure-1085.html,100,100,100,100,100,100
43,app_html/aptoide-2453.html,100,100,100,100,100,100
43,app_html/apkpure-2076.html,100,100,100,100,100,100
43,app_html/appbrain-0135.html,100,100,100,100,100,100
43,app_html/apkpure-1133.html,100,100,100,100,100,100
43,app_html/aptoide-2159.html,100,100,100,100,100,100
43,app_html/aptoide-2016.html,100,100,100,100,100,100
43,app_html/appbrain-0775.html,100,100,100,100,100,100
43,app_html/apkpure-0388.html,100,100,100,100,100,100
43,app_html/appbrain-0211.html,100,100,100,100,100,100
43,app_html/aptoide-1145.html,100,100,100,100,100,100
43,app_html/appbrain-1166.html,100,100,100,100,100,100
43,app_html/apkpure-1122.html,100,100,100,100,100,100
43,app_html/appagg-1045.html,100,100,100,100,100,100
43,app_html/appagg-0259.html,100,100,100,100,100,100
43,app_html/apkpure-2030.html,100,100,100,100,100,100
43,app_html/aptoide-1833.html,100,100,100,100,100,100
43,app_html/cnet-1250.html,100,100,100,100,100,100
43,app_html/aptoide-0583.html,100,100,100,100,100,100
43,app_html/appbrain-0746.html,100,100,100,100,100,100
43,app_html/cnet-1302.html,100,100,100,100,100,100
43,app_html/aptoide-0321.html,100,100,100,100,100,100
43,app_html/cnet-1376.html,100,100,100,100,100,100
43,app_html/cnet-1803.html,100,100,100,100,100,100
43,app_html/aptoide-1897.html,100,100,100,100,100,100
43,app_html/apkpure-0185.html,100,100,100,100,100,100
43,app_html/aptoide-0867.html,100,100,100,100,100,100
43,app_html/apkpure-0008.html,100,100,100,100,100,100
43,app_html/aptoide-0158.html,100,100,100,100,100,100
43,app_html/appbrain-1509.html,100,100,100,100,100,100
43,app_html/cnet-0701.html,100,100,100,100,100,100
43,app_html/appbrain-1883.html,100,100,100,100,100,100
43,app_html/apkpure-1839.html,100,100,100,100,100,100
43,app_html/appagg-0772.html,100,100,100,100,100,100
43,app_html/cnet-0796.html,100,100,100,100,100,100
43,app_html/cnet-0148.html,100,100,100,100,100,100
43,app_html/cnet-2119.html,100,100,100,100,100,100
43,app_html/apkpure-1152.html,100,100,100,100,100,100
43,app_html/appbrain-1885.html,100,100,100,100,100,100
43,app_html/aptoide-2468.html,100,100,100,100,100,100
43,app_html/appbrain-0545.html,100,100,100,100,100,100
43,app_html/appagg-1880.html,100,0,100,100,100,0
43,app_html/appagg-1824.html,100,0,100,100,100,0
43,app_html/aptoide-0858.html,100,100,100,100,100,100
43,app_html/apkpure-1825.html,100,100,100,100,100,100
43,app_html/aptoide-0344.html,100,100,100,100,100,100
43,app_html/aptoide-2019.html,100,100,100,100,100,100
43,app_html/appagg-0941.html,100,100,100,100,100,100
43,app_html/appbrain-0594.html,100,100,100,100,100,100
43,app_html/cnet-1189.html,100,100,100,100,100,100
43,app_html/apkpure-1730.html,100,100,100,100,100,100
43,app_html/cnet-2029.html,100,100,100,100,100,100
43,app_html/aptoide-1801.html,100,100,100,100,100,100
43,app_html/appbrain-0393.html,100,100,100,100,100,100
43,app_html/appagg-0171.html,100,0,100,100,100,0
43,app_html/apkpure-0573.html,100,100,100,100,100,100
43,app_html/apkpure-1729.html,100,100,100,100,100,100
43,app_html/apkpure-0625.html,100,100,100,100,100,100
43,app_html/apkpure-0304.html,100,100,100,100,100,100
43,app_html/appagg-2005.html,100,0,100,100,100,0
43,app_html/aptoide-0322.html,100,100,100,100,100,100
43,app_html/apkpure-0218.html,100,100,100,100,100,100
43,app_html/aptoide-0533.html,100,100,100,100,100,100
43,app_html/aptoide-0552.html,100,100,100,100,100,100
43,app_html/aptoide-0853.html,100,100,100,100,100,100
43,app_html/apkpure-0677.html,100,100,100,100,100,100
43,app_html/aptoide-1519.html,100,100,100,100,100,100
43,app_html/appagg-0825.html,100,100,100,100,100,100
43,app_html/aptoide-2432.html,100,100,100,100,100,100
43,app_html/appbrain-0654.html,100,100,100,100,100,100
43,app_html/appagg-1288.html,100,0,100,100,100,0
43,app_html/apkpure-0471.html,100,100,100,100,100,100
43,app_html/appbrain-0188.html,100,100,100,100,100,100
43,app_html/appbrain-0256.html,100,100,100,100,100,100
43,app_html/cnet-0494.html,100,100,100,100,100,100
43,app_html/cnet-1202.html,100,100,100,100,100,100
43,app_html/appbrain-0323.html,100,100,100,100,100,100
43,app_html/cnet-1145.html,100,100,100,100,100,100
43,app_html/cnet-0671.html,100,100,100,100,100,100
43,app_html/appbrain-0190.html,100,100,100,100,100,100
43,app_html/appbrain-1856.html,100,100,100,100,100,100
43,app_html/apkpure-0082.html,100,100,100,100,100,100
43,app_html/apkpure-1175.html,100,100,100,100,100,100
43,app_html/cnet-1846.html,100,100,100,100,100,100
43,app_html/appbrain-0051.html,100,100,100,100,100,100
43,app_html/appbrain-1371.html,100,100,100,100,100,100
43,app_html/apkpure-1294.html,100,100,100,100,100,100
43,app_html/appbrain-0897.html,100,100,100,100,100,100
43,app_html/apkpure-0561.html,100,100,100,100,100,100
43,app_html/aptoide-0909.html,100,100,100,100,100,100
43,app_html/aptoide-1881.html,100,100,100,100,100,100
43,app_html/apkpure-1884.html,100,100,100,100,100,100
43,app_html/apkpure-1466.html,100,100,100,100,100,100
43,app_html/aptoide-1455.html,100,100,100,100,100,100
43,app_html/apkpure-0960.html,100,100,100,100,100,100
43,app_html/appagg-1202.html,100,0,100,100,100,0
43,app_html/cnet-2003.html,100,100,100,100,100,100
43,app_html/cnet-0603.html,100,100,100,100,100,100
43,app_html/apkpure-1829.html,100,100,100,100,100,100
43,app_html/apkpure-1597.html,100,100,100,100,100,100
43,app_html/apkpure-1771.html,100,100,100,100,100,100
43,app_html/cnet-0580.html,100,100,100,100,100,100
43,app_html/appbrain-1790.html,100,100,100,100,100,100
43,app_html/cnet-1566.html,100,100,100,100,100,100
43,app_html/cnet-0528.html,100,100,100,100,100,100
43,app_html/aptoide-1909.html,100,100,100,100,100,100
43,app_html/aptoide-0728.html,100,100,100,100,100,100
43,app_html/aptoide-1262.html,100,100,100,100,100,100
43,app_html/appbrain-0369.html,100,100,100,100,100,100
43,app_html/apkpure-0311.html,100,100,100,100,100,100
43,app_html/aptoide-0163.html,100,100,100,100,100,100
43,app_html/apkpure-0968.html,100,100,100,100,100,100
43,app_html/appbrain-0996.html,100,100,100,100,100,100
43,app_html/aptoide-1768.html,100,100,100,100,100,100
43,app_html/cnet-1143.html,100,100,100,100,100,100
43,app_html/appbrain-0282.html,100,100,100,100,100,100
43,app_html/appbrain-0784.html,100,100,100,100,100,100
43,app_html/cnet-2101.html,100,100,100,100,100,100
43,app_html/aptoide-1200.html,100,100,100,100,100,100
43,app_html/appbrain-1757.html,100,100,100,100,100,100
43,app_html/cnet-0299.html,100,100,100,100,100,100
43,app_html/aptoide-1037.html,100,100,100,100,100,100
43,app_html/appagg-1570.html,100,0,100,100,100,0
43,app_html/appbrain-0888.html,100,100,100,100,100,100
43,app_html/apkpure-1883.html,100,100,100,100,100,100
43,app_html/cnet-1551.html,100,100,100,100,100,100
43,app_html/appagg-0626.html,100,100,100,100,100,100
43,app_html/appbrain-1143.html,100,100,100,100,100,100
43,app_html/cnet-0131.html,100,100,100,100,100,100
43,app_html/appbrain-1148.html,100,100,100,100,100,100
43,app_html/appbrain-1970.html,100,100,100,100,100,100
43,app_html/appagg-1418.html,100,0,100,100,100,0
43,app_html/cnet-0633.html,100,100,100,100,100,100
43,app_html/aptoide-0456.html,100,100,100,100,100,100
43,app_html/aptoide-0398.html,100,100,100,100,100,100
43,app_html/appagg-1755.html,100,0,100,100,100,0
43,app_html/appagg-0500.html,100,100,100,100,100,100
43,app_html/apkpure-1864.html,100,100,100,100,100,100
43,app_html/apkpure-1765.html,100,100,100,100,100,100
43,app_html/aptoide-0007.html,100,100,100,100,100,100
43,app_html/aptoide-0299.html,100,100,100,100,100,100
43,app_html/cnet-1032.html,100,100,100,100,100,100
43,app_html/appbrain-0783.html,100,100,100,100,100,100
43,app_html/appbrain-0182.html,100,100,100,100,100,100
43,app_html/appagg-1184.html,100,0,100,100,100,0
43,app_html/cnet-2232.html,100,100,100,100,100,100
43,app_html/cnet-0240.html,100,100,100,100,100,100
43,app_html/appbrain-0640.html,100,100,100,100,100,100
43,app_html/aptoide-0639.html,100,100,100,100,100,100
43,app_html/apkpure-1939.html,100,100,100,100,100,100
43,app_html/appagg-1326.html,100,0,100,100,100,0
43,app_html/aptoide-0741.html,100,100,100,100,100,100
43,app_html/appbrain-0975.html,100,100,100,100,100,100
43,app_html/cnet-1436.html,100,100,100,100,100,100
43,app_html/apkpure-1758.html,100,100,100,100,100,100
43,app_html/cnet-0952.html,100,100,100,100,100,100
43,app_html/aptoide-0116.html,100,100,100,100,100,100
43,app_html/aptoide-0169.html,100,100,100,100,100,100
43,app_html/appagg-0873.html,100,100,100,100,100,100
43,app_html/appbrain-1628.html,100,100,100,100,100,100
43,app_html/cnet-0099.html,100,100,100,100,100,100
43,app_html/appagg-0506.html,100,0,100,100,100,0
43,app_html/apkpure-1394.html,100,100,100,100,100,100
43,app_html/appagg-1214.html,100,0,100,100,100,0
43,app_html/appagg-1586.html,100,0,100,100,100,0
43,app_html/apkpure-0337.html,100,100,100,100,100,100
43,app_html/appbrain-1448.html,100,100,100,100,100,100
43,app_html/apkpure-1112.html,100,100,100,100,100,100
43,app_html/appbrain-1139.html,100,100,100,100,100,100
43,app_html/appagg-0778.html,100,100,100,100,100,100
43,app_html/aptoide-1380.html,100,100,100,100,100,100
43,app_html/apkpure-0527.html,100,100,100,100,100,100
43,app_html/appagg-1567.html,100,0,100,100,100,0
43,app_html/apkpure-1388.html,100,100,100,100,100,100
43,app_html/cnet-1446.html,100,100,100,100,100,100
43,app_html/aptoide-1470.html,100,100,100,100,100,100
43,app_html/appbrain-0259.html,100,100,100,100,100,100
43,app_html/cnet-1139.html,100,100,100,100,100,100
43,app_html/appbrain-0676.html,100,100,100,100,100,100
43,app_html/aptoide-2134.html,100,100,100,100,100,100
43,app_html/appbrain-1264.html,100,100,100,100,100,100
43,app_html/aptoide-2292.html,100,100,100,100,100,100
43,app_html/apkpure-1041.html,100,100,100,100,100,100
43,app_html/aptoide-1100.html,100,100,100,100,100,100
43,app_html/aptoide-0577.html,100,100,100,100,100,100
43,app_html/appbrain-1289.html,100,100,100,100,100,100
43,app_html/aptoide-1177.html,100,100,100,100,100,100
43,app_html/appagg-1476.html,100,0,100,100,100,0
43,app_html/appagg-0492.html,100,100,100,100,100,100
43,app_html/aptoide-0272.html,100,100,100,100,100,100
43,app_html/apkpure-1498.html,100,100,100,100,100,100
43,app_html/cnet-0232.html,100,100,100,100,100,100
43,app_html/appagg-1193.html,100,100,100,100,100,100
43,app_html/cnet-0654.html,100,100,100,100,100,100
43,app_html/appbrain-0464.html,100,100,100,100,100,100
43,app_html/aptoide-0160.html,100,100,100,0,100,0
43,app_html/appbrain-1956.html,100,100,100,100,100,100
43,app_html/aptoide-2405.html,100,100,100,100,100,100
43,app_html/aptoide-0631.html,100,100,100,100,100,100
43,app_html/appagg-0542.html,100,0,100,100,100,0
43,app_html/appbrain-1311.html,100,100,100,100,100,100
43,app_html/aptoide-0023.html,100,100,100,100,100,100
43,app_html/cnet-2229.html,100,100,100,100,100,100
43,app_html/cnet-2107.html,100,100,100,100,100,100
43,app_html/appagg-0636.html,100,0,100,100,100,0
43,app_html/apkpure-1426.html,100,100,100,100,100,100
43,app_html/appbrain-0979.html,100,100,100,100,100,100
43,app_html/aptoide-1685.html,100,100,100,100,100,100
43,app_html/appagg-1642.html,100,0,100,100,100,0
43,app_html/appbrain-1950.html,100,100,100,100,100,100
43,app_html/appagg-1984.html,100,0,100,100,100,0
43,app_html/apkpure-1392.html,100,100,100,100,100,100
43,app_html/aptoide-1976.html,100,100,100,0,100,0
43,app_html/appagg-0198.html,100,0,100,100,100,0
43,app_html/apkpure-0044.html,100,100,100,100,100,100
43,app_html/cnet-1168.html,100,100,100,100,100,100
43,app_html/aptoide-1264.html,100,100,100,100,100,100
43,app_html/appagg-1873.html,100,0,100,100,100,0
43,app_html/apkpure-1176.html,100,100,100,100,100,100
43,app_html/appagg-1076.html,100,0,100,100,100,0
43,app_html/cnet-2250.html,100,100,100,100,100,100
43,app_html/appagg-1541.html,100,0,100,100,100,0
43,app_html/appbrain-0960.html,100,100,100,100,100,100
43,app_html/appbrain-0774.html,100,100,100,100,100,100
43,app_html/appbrain-0688.html,100,100,100,100,100,100
43,app_html/appagg-0377.html,100,0,100,100,100,0
43,app_html/cnet-2033.html,100,100,100,100,100,100
43,app_html/appagg-1158.html,100,100,100,100,100,100
43,app_html/appagg-0366.html,100,100,100,100,100,100
43,app_html/appbrain-1361.html,100,100,100,100,100,100
43,app_html/appbrain-1649.html,100,100,100,100,100,100
43,app_html/appagg-0599.html,100,0,100,100,100,0
43,app_html/appagg-0589.html,100,0,100,100,100,0
43,app_html/appagg-1301.html,100,0,100,100,100,0
43,app_html/aptoide-2111.html,100,100,100,100,100,100
43,app_html/apkpure-2085.html,100,100,100,100,100,100
43,app_html/aptoide-0326.html,100,100,100,100,100,100
43,app_html/apkpure-1608.html,100,100,100,100,100,100
43,app_html/appagg-1872.html,100,0,100,100,100,0
43,app_html/cnet-0536.html,100,100,100,100,100,100
43,app_html/apkpure-1033.html,100,100,100,100,100,100
43,app_html/cnet-1840.html,100,100,100,100,100,100
43,app_html/aptoide-1952.html,100,100,100,100,100,100
43,app_html/cnet-2224.html,100,100,100,100,100,100
43,app_html/appbrain-0356.html,100,100,100,100,100,100
43,app_html/cnet-2213.html,100,100,100,100,100,100
43,app_html/appagg-1881.html,100,0,100,100,100,0
43,app_html/appagg-1320.html,100,100,100,100,100,100
43,app_html/cnet-2187.html,100,100,100,100,100,100
43,app_html/cnet-0801.html,100,100,100,100,100,100
43,app_html/appagg-0378.html,100,100,100,100,100,100
43,app_html/appbrain-1579.html,100,100,100,100,100,100
43,app_html/aptoide-1230.html,100,100,100,100,100,100
43,app_html/appbrain-0120.html,100,100,100,100,100,100
43,app_html/apkpure-1245.html,100,100,100,100,100,100
43,app_html/cnet-1894.html,100,100,100,100,100,100
43,app_html/appagg-1131.html,100,0,100,100,100,0
43,app_html/apkpure-0685.html,100,100,100,100,100,100
43,app_html/apkpure-2128.html,100,100,100,100,100,100
43,app_html/apkpure-0911.html,100,100,100,100,100,100
43,app_html/apkpure-1558.html,100,100,100,100,100,100
43,app_html/apkpure-1929.html,100,100,100,100,100,100
43,app_html/cnet-0023.html,100,100,100,100,100,100
43,app_html/aptoide-2245.html,100,100,100,100,100,100
43,app_html/cnet-2231.html,100,100,100,100,100,100
43,app_html/cnet-0728.html,100,100,100,100,100,100
43,app_html/appagg-1334.html,100,0,100,100,100,0
43,app_html/cnet-1100.html,100,100,100,100,100,100
43,app_html/apkpure-0982.html,100,100,100,100,100,100
43,app_html/cnet-1983.html,100,100,100,100,100,100
43,app_html/appbrain-1754.html,100,100,100,100,100,100
43,app_html/apkpure-1486.html,100,100,100,100,100,100
43,app_html/appbrain-0214.html,100,100,100,100,100,100
43,app_html/appbrain-2028.html,100,100,100,100,100,100
43,app_html/appagg-0239.html,100,0,100,100,100,0
43,app_html/cnet-0086.html,100,100,100,100,100,100
43,app_html/appbrain-1149.html,100,100,100,100,100,100
43,app_html/apkpure-1876.html,100,100,100,100,100,100
43,app_html/appbrain-1539.html,100,100,100,100,100,100
43,app_html/cnet-1998.html,100,100,100,100,100,100
43,app_html/aptoide-1143.html,100,100,100,100,100,100
43,app_html/appagg-1190.html,100,0,100,100,100,0
43,app_html/apkpure-1885.html,100,100,100,100,100,100
43,app_html/cnet-0482.html,100,100,100,100,100,100
43,app_html/appbrain-0559.html,100,100,100,100,100,100
43,app_html/appbrain-1429.html,100,100,100,100,100,100
43,app_html/appbrain-0795.html,100,100,100,100,100,100
43,app_html/cnet-0921.html,100,100,100,100,100,100
43,app_html/appbrain-1072.html,100,100,100,100,100,100
43,app_html/aptoide-0075.html,100,100,100,100,100,100
43,app_html/appbrain-0660.html,100,100,100,100,100,100
43,app_html/aptoide-0223.html,100,100,100,100,100,100
43,app_html/aptoide-0541.html,100,100,100,100,100,100
43,app_html/appbrain-1764.html,100,100,100,100,100,100
43,app_html/appbrain-1330.html,100,100,100,100,100,100
43,app_html/aptoide-2279.html,100,100,100,100,100,100
43,app_html/cnet-0070.html,100,100,100,100,100,100
43,app_html/appbrain-0667.html,100,100,100,100,100,100
43,app_html/appagg-0096.html,100,100,100,100,100,100
43,app_html/aptoide-1309.html,100,100,100,100,100,100
43,app_html/appagg-2069.html,100,0,100,100,100,0
43,app_html/appagg-1513.html,100,0,100,100,100,0
43,app_html/apkpure-1242.html,100,100,100,100,100,100
43,app_html/aptoide-1383.html,100,100,100,100,100,100
43,app_html/cnet-1572.html,100,100,100,100,100,100
43,app_html/appbrain-1791.html,100,100,100,100,100,100
43,app_html/appbrain-1522.html,100,100,100,100,100,100
43,app_html/appbrain-0001.html,100,100,100,100,100,100
43,app_html/aptoide-0861.html,100,100,100,100,100,100
43,app_html/apkpure-1908.html,100,100,100,100,100,100
43,app_html/apkpure-0411.html,100,100,100,100,100,100
43,app_html/appbrain-0725.html,100,100,100,100,100,100
43,app_html/appagg-0759.html,100,100,100,100,100,100
43,app_html/appbrain-1924.html,100,100,100,100,100,100
43,app_html/aptoide-2251.html,100,100,100,100,100,100
43,app_html/cnet-1136.html,100,100,100,100,100,100
43,app_html/appbrain-1191.html,100,100,100,100,100,100
43,app_html/cnet-0222.html,100,100,100,100,100,100
43,app_html/apkpure-1981.html,100,100,100,100,100,100
43,app_html/appbrain-0832.html,100,100,100,100,100,100
43,app_html/appbrain-1319.html,100,100,100,100,100,100
43,app_html/cnet-0476.html,100,100,100,100,100,100
43,app_html/aptoide-1824.html,100,100,100,100,100,100
43,app_html/apkpure-1916.html,100,100,100,100,100,100
43,app_html/appagg-0768.html,100,100,100,100,100,100
43,app_html/appbrain-0142.html,100,100,100,100,100,100
43,app_html/apkpure-2029.html,100,100,100,100,100,100
43,app_html/apkpure-0586.html,100,100,100,100,100,100
43,app_html/apkpure-0997.html,100,100,100,100,100,100
43,app_html/aptoide-1181.html,100,100,100,100,100,100
43,app_html/appbrain-1000.html,100,100,100,100,100,100
43,app_html/appagg-0203.html,100,100,100,100,100,100
43,app_html/apkpure-1642.html,100,100,100,100,100,100
43,app_html/cnet-1682.html,100,100,100,100,100,100
43,app_html/aptoide-0376.html,100,100,100,100,100,100
43,app_html/apkpure-0941.html,100,100,100,100,100,100
43,app_html/apkpure-0305.html,100,100,100,100,100,100
43,app_html/appagg-0801.html,100,0,100,100,100,0
43,app_html/cnet-0111.html,100,100,100,100,100,100
43,app_html/appbrain-1594.html,100,100,100,100,100,100
43,app_html/appbrain-1729.html,100,100,100,100,100,100
43,app_html/appbrain-0593.html,100,100,100,100,100,100
43,app_html/cnet-0174.html,100,100,100,100,100,100
43,app_html/appbrain-1101.html,100,100,100,100,100,100
43,app_html/appbrain-1762.html,100,100,100,100,100,100
43,app_html/aptoide-0415.html,100,100,100,100,100,100
43,app_html/apkpure-1667.html,100,100,100,100,100,100
43,app_html/aptoide-0017.html,100,100,100,100,100,100
43,app_html/apkpure-1313.html,100,100,100,100,100,100
43,app_html/aptoide-0035.html,100,100,100,100,100,100
43,app_html/apkpure-1902.html,100,100,100,100,100,100
43,app_html/apkpure-2224.html,100,100,100,100,100,100
43,app_html/appbrain-0249.html,100,100,100,100,100,100
43,app_html/aptoide-1091.html,100,100,100,100,100,100
43,app_html/apkpure-2110.html,100,100,100,100,100,100
43,app_html/cnet-1518.html,100,100,100,100,100,100
43,app_html/cnet-0576.html,100,100,100,100,100,100
43,app_html/apkpure-0848.html,100,100,100,100,100,100
43,app_html/cnet-0478.html,100,100,100,100,100,100
43,app_html/apkpure-0531.html,100,100,100,100,100,100
43,app_html/cnet-1719.html,100,100,100,100,100,100
43,app_html/appbrain-0040.html,100,100,100,100,100,100
43,app_html/aptoide-0740.html,100,100,100,0,100,0
43,app_html/cnet-0460.html,100,100,100,100,100,100
43,app_html/aptoide-1615.html,100,100,100,100,100,100
43,app_html/aptoide-1442.html,100,100,100,100,100,100
43,app_html/aptoide-1756.html,100,100,100,100,100,100
43,app_html/aptoide-2365.html,100,100,100,100,100,100
43,app_html/cnet-2082.html,100,100,100,100,100,100
43,app_html/aptoide-2025.html,100,100,100,100,100,100
43,app_html/aptoide-1296.html,100,100,100,100,100,100
43,app_html/apkpure-1560.html,100,100,100,100,100,100
43,app_html/cnet-0473.html,100,100,100,100,100,100
43,app_html/cnet-0319.html,100,100,100,100,100,100
43,app_html/cnet-1899.html,100,100,100,100,100,100
43,app_html/cnet-0379.html,100,100,100,100,100,100
43,app_html/appbrain-1760.html,100,100,100,100,100,100
43,app_html/cnet-1048.html,100,100,100,100,100,100
43,app_html/appbrain-1469.html,100,100,100,100,100,100
43,app_html/cnet-0312.html,100,100,100,100,100,100
43,app_html/cnet-1339.html,100,100,100,100,100,100
43,app_html/cnet-2136.html,100,100,100,100,100,100
43,app_html/apkpure-0609.html,100,100,100,100,100,100
43,app_html/aptoide-0719.html,100,100,100,100,100,100
43,app_html/appbrain-0117.html,100,100,100,100,100,100
43,app_html/cnet-0406.html,100,100,100,100,100,100
43,app_html/apkpure-0503.html,100,100,100,100,100,100
43,app_html/cnet-1694.html,100,100,100,100,100,100
43,app_html/apkpure-1456.html,100,100,100,100,100,100
43,app_html/apkpure-0020.html,100,100,100,100,100,100
43,app_html/appagg-0935.html,100,0,100,100,100,0
43,app_html/aptoide-0560.html,100,100,100,100,100,100
43,app_html/appagg-1488.html,100,0,100,100,100,0
43,app_html/apkpure-0386.html,100,100,100,100,100,100
43,app_html/appagg-0061.html,100,100,100,100,100,100
43,app_html/cnet-1078.html,100,100,100,100,100,100
43,app_html/appbrain-0011.html,100,100,100,100,100,100
43,app_html/apkpure-0050.html,100,100,100,100,100,100
43,app_html/apkpure-0988.html,100,100,100,100,100,100
43,app_html/aptoide-1931.html,100,100,100,100,100,100
43,app_html/appbrain-1320.html,100,100,100,100,100,100
43,app_html/cnet-0935.html,100,100,100,100,100,100
43,app_html/apkpure-1652.html,100,100,100,100,100,100
43,app_html/cnet-1662.html,100,100,100,100,100,100
43,app_html/apkpure-0235.html,100,100,100,100,100,100
43,app_html/cnet-1473.html,100,100,100,100,100,100
43,app_html/apkpure-1340.html,100,100,100,100,100,100
43,app_html/aptoide-2236.html,100,100,100,100,100,100
43,app_html/apkpure-1162.html,100,100,100,100,100,100
43,app_html/aptoide-0486.html,100,100,100,100,100,100
43,app_html/cnet-0096.html,100,100,100,100,100,100
43,app_html/cnet-1769.html,100,100,100,100,100,100
43,app_html/cnet-1124.html,100,100,100,100,100,100
43,app_html/appbrain-0840.html,100,100,100,100,100,100
43,app_html/apkpure-0519.html,100,100,100,100,100,100
43,app_html/apkpure-1783.html,100,100,100,100,100,100
43,app_html/cnet-1722.html,100,100,100,100,100,100
43,app_html/apkpure-1472.html,100,100,100,100,100,100
43,app_html/appbrain-1846.html,100,100,100,100,100,100
43,app_html/appbrain-1976.html,100,100,100,100,100,100
43,app_html/appbrain-1383.html,100,100,100,100,100,100
43,app_html/apkpure-1532.html,100,100,100,100,100,100
43,app_html/appbrain-1808.html,100,100,100,100,100,100
43,app_html/appbrain-0210.html,100,100,100,100,100,100
43,app_html/appagg-0503.html,100,0,100,100,100,0
43,app_html/aptoide-0666.html,100,100,100,100,100,100
43,app_html/aptoide-1946.html,100,100,100,100,100,100
43,app_html/appbrain-0786.html,100,100,100,100,100,100
43,app_html/apkpure-0704.html,100,100,100,100,100,100
43,app_html/aptoide-0993.html,100,100,100,100,100,100
43,app_html/aptoide-2145.html,100,100,100,100,100,100
43,app_html/appbrain-0721.html,100,100,100,100,100,100
43,app_html/aptoide-0255.html,100,100,100,100,100,100
43,app_html/aptoide-0738.html,100,100,100,100,100,100
43,app_html/apkpure-0021.html,100,100,100,100,100,100
43,app_html/cnet-1440.html,100,100,100,100,100,100
43,app_html/aptoide-1918.html,100,100,100,100,100,100
43,app_html/cnet-1510.html,100,100,100,100,100,100
43,app_html/cnet-0019.html,100,100,100,100,100,100
43,app_html/apkpure-1003.html,100,100,100,100,100,100
43,app_html/appagg-0691.html,100,0,100,100,100,0
43,app_html/cnet-0255.html,100,100,100,100,100,100
43,app_html/appbrain-0904.html,100,100,100,100,100,100
43,app_html/apkpure-1960.html,100,100,100,100,100,100
43,app_html/cnet-0955.html,100,100,100,100,100,100
43,app_html/appbrain-0552.html,100,100,100,100,100,100
43,app_html/apkpure-0228.html,100,100,100,100,100,100
43,app_html/appbrain-0919.html,100,100,100,100,100,100
43,app_html/apkpure-1602.html,100,100,100,100,100,100
43,app_html/appagg-1259.html,100,0,100,100,100,0
43,app_html/aptoide-1318.html,100,100,100,100,100,100
43,app_html/apkpure-1187.html,100,100,100,100,100,100
43,app_html/cnet-1970.html,100,100,100,100,100,100
43,app_html/appagg-0370.html,100,0,100,100,100,0
43,app_html/appbrain-0002.html,100,100,100,100,100,100
43,app_html/appagg-1606.html,100,0,100,100,100,0
43,app_html/appbrain-1026.html,100,100,100,100,100,100
43,app_html/appagg-1143.html,100,100,100,100,100,100
43,app_html/appbrain-0177.html,100,100,100,100,100,100
43,app_html/aptoide-0214.html,100,100,100,100,100,100
43,app_html/appagg-1596.html,100,0,100,100,100,0
43,app_html/cnet-1597.html,100,100,100,100,100,100
43,app_html/apkpure-0108.html,100,100,100,100,100,100
43,app_html/aptoide-1893.html,100,100,100,100,100,100
43,app_html/apkpure-2186.html,100,100,100,100,100,100
43,app_html/appbrain-1796.html,100,100,100,100,100,100
43,app_html/apkpure-1926.html,100,100,100,100,100,100
43,app_html/appbrain-1118.html,100,100,100,100,100,100
43,app_html/aptoide-0126.html,100,100,100,100,100,100
43,app_html/apkpure-1769.html,100,100,100,100,100,100
43,app_html/appbrain-0346.html,100,100,100,100,100,100
43,app_html/apkpure-2112.html,100,100,100,100,100,100
43,app_html/cnet-1218.html,100,100,100,100,100,100
43,app_html/apkpure-1568.html,100,100,100,100,100,100
43,app_html/aptoide-1056.html,100,100,100,100,100,100
43,app_html/apkpure-2031.html,100,100,100,100,100,100
43,app_html/appbrain-1972.html,100,100,100,100,100,100
43,app_html/aptoide-1011.html,100,100,100,100,100,100
43,app_html/aptoide-0850.html,100,100,100,100,100,100
43,app_html/aptoide-0431.html,100,100,100,100,100,100
43,app_html/aptoide-2250.html,100,100,100,100,100,100
43,app_html/aptoide-2401.html,100,100,100,100,100,100
43,app_html/appbrain-1089.html,100,100,100,100,100,100
43,app_html/aptoide-1532.html,100,100,100,100,100,100
43,app_html/aptoide-1559.html,100,100,100,100,100,100
43,app_html/apkpure-1035.html,100,100,100,100,100,100
43,app_html/aptoide-2017.html,100,100,100,100,100,100
43,app_html/appagg-0999.html,100,0,100,100,100,0
43,app_html/aptoide-0695.html,100,100,100,100,100,100
43,app_html/cnet-0889.html,100,100,100,100,100,100
43,app_html/appbrain-0791.html,100,100,100,100,100,100
43,app_html/aptoide-2044.html,100,100,100,100,100,100
43,app_html/apkpure-0102.html,100,100,100,100,100,100
43,app_html/appbrain-1817.html,100,100,100,100,100,100
43,app_html/cnet-1496.html,100,100,100,100,100,100
43,app_html/apkpure-0940.html,100,100,100,100,100,100
43,app_html/appbrain-0905.html,100,100,100,100,100,100
43,app_html/appbrain-1671.html,100,100,100,100,100,100
43,app_html/cnet-0638.html,100,100,100,100,100,100
43,app_html/appbrain-0877.html,100,100,100,100,100,100
43,app_html/cnet-1372.html,100,100,100,100,100,100
43,app_html/appbrain-0052.html,100,100,100,100,100,100
43,app_html/apkpure-0880.html,100,100,100,100,100,100
43,app_html/appagg-0022.html,100,100,100,100,100,100
43,app_html/appagg-2042.html,100,0,100,100,100,0
43,app_html/cnet-0155.html,100,100,100,100,100,100
43,app_html/appbrain-1987.html,100,100,100,100,100,100
43,app_html/aptoide-2188.html,100,100,100,100,100,100
43,app_html/apkpure-0541.html,100,100,100,100,100,100
43,app_html/apkpure-2171.html,100,100,100,100,100,100
43,app_html/cnet-0340.html,100,100,100,100,100,100
43,app_html/appbrain-1989.html,100,100,100,100,100,100
43,app_html/cnet-0001.html,100,100,100,100,100,100
43,app_html/aptoide-0846.html,100,100,100,100,100,100
43,app_html/cnet-0137.html,100,100,100,100,100,100
43,app_html/aptoide-1129.html,100,100,100,100,100,100
43,app_html/apkpure-0807.html,100,100,100,100,100,100
43,app_html/appbrain-0457.html,100,100,100,100,100,100
43,app_html/apkpure-1125.html,100,100,100,100,100,100
43,app_html/cnet-0617.html,100,100,100,100,100,100
43,app_html/aptoide-1064.html,100,100,100,100,100,100
43,app_html/appagg-0573.html,100,0,100,100,100,0
43,app_html/appagg-1261.html,100,100,100,100,100,100
43,app_html/apkpure-1631.html,100,100,100,100,100,100
43,app_html/appagg-1959.html,100,0,100,100,100,0
43,app_html/aptoide-2060.html,100,100,100,100,100,100
43,app_html/cnet-2092.html,100,100,100,100,100,100
43,app_html/apkpure-0970.html,100,100,100,100,100,100
43,app_html/cnet-0047.html,100,100,100,100,100,100
43,app_html/apkpure-2096.html,100,100,100,100,100,100
43,app_html/aptoide-1044.html,100,100,100,100,100,100
43,app_html/apkpure-0827.html,100,100,100,100,100,100
43,app_html/appagg-0223.html,100,100,100,100,100,100
43,app_html/aptoide-0462.html,100,100,100,100,100,100
43,app_html/apkpure-1958.html,100,100,100,100,100,100
43,app_html/appbrain-0432.html,100,100,100,100,100,100
43,app_html/apkpure-2161.html,100,100,100,100,100,100
43,app_html/cnet-2127.html,100,100,100,100,100,100
43,app_html/aptoide-0389.html,100,100,100,100,100,100
43,app_html/appagg-0308.html,100,0,100,100,100,0
43,app_html/apkpure-1830.html,100,100,100,100,100,100
43,app_html/apkpure-1666.html,100,100,100,100,100,100
43,app_html/apkpure-1544.html,100,100,100,100,100,100
43,app_html/apkpure-0041.html,100,100,100,100,100,100
43,app_html/appagg-1912.html,100,0,100,100,100,0
43,app_html/appbrain-0664.html,100,100,100,100,100,100
43,app_html/aptoide-1831.html,100,100,100,0,100,0
43,app_html/aptoide-0465.html,100,100,100,100,100,100
43,app_html/aptoide-0762.html,100,100,100,100,100,100
43,app_html/cnet-2053.html,100,100,100,100,100,100
43,app_html/cnet-1104.html,100,100,100,100,100,100
43,app_html/appagg-0415.html,100,0,100,100,100,0
43,app_html/appagg-2029.html,100,0,100,100,100,0
43,app_html/appagg-1990.html,100,0,100,100,100,0
43,app_html/appagg-1438.html,100,0,100,100,100,0
43,app_html/aptoide-0824.html,100,100,100,100,100,100
43,app_html/appagg-2061.html,100,0,100,100,100,0
43,app_html/apkpure-1086.html,100,100,100,100,100,100
43,app_html/cnet-1281.html,100,100,100,100,100,100
43,app_html/apkpure-0264.html,100,100,100,100,100,100
43,app_html/appbrain-1485.html,100,100,100,100,100,100
43,app_html/apkpure-0700.html,100,100,100,100,100,100
43,app_html/appbrain-1928.html,100,100,100,100,100,100
43,app_html/aptoide-1955.html,100,100,100,100,100,100
43,app_html/aptoide-1254.html,100,100,100,100,100,100
43,app_html/appbrain-1033.html,100,100,100,100,100,100
43,app_html/appagg-1637.html,100,0,100,100,100,0
43,app_html/appagg-0017.html,100,100,100,100,100,100
43,app_html/appbrain-1042.html,100,100,100,100,100,100
43,app_html/appbrain-1105.html,100,100,100,100,100,100
43,app_html/aptoide-0132.html,100,100,100,100,100,100
43,app_html/appbrain-0803.html,100,100,100,100,100,100
43,app_html/cnet-0885.html,100,100,100,100,100,100
43,app_html/apkpure-1582.html,100,100,100,100,100,100
43,app_html/apkpure-0406.html,100,100,100,100,100,100
43,app_html/aptoide-0056.html,100,100,100,100,100,100
43,app_html/aptoide-1978.html,100,100,100,0,100,0
43,app_html/apkpure-1683.html,100,100,100,100,100,100
43,app_html/appbrain-1889.html,100,100,100,100,100,100
43,app_html/apkpure-1948.html,100,100,100,100,100,100
43,app_html/cnet-1721.html,100,100,100,100,100,100
43,app_html/apkpure-1747.html,100,100,100,100,100,100
43,app_html/apkpure-0204.html,100,100,100,100,100,100
43,app_html/cnet-0615.html,100,100,100,100,100,100
43,app_html/aptoide-0878.html,100,100,100,100,100,100
43,app_html/appagg-0788.html,100,100,100,100,100,100
43,app_html/cnet-0324.html,100,100,100,100,100,100
43,app_html/appbrain-1228.html,100,100,100,100,100,100
43,app_html/aptoide-0154.html,100,100,100,100,100,100
43,app_html/appbrain-0237.html,100,100,100,100,100,100
43,app_html/apkpure-0602.html,100,100,100,100,100,100
43,app_html/apkpure-0257.html,100,100,100,100,100,100
43,app_html/aptoide-0249.html,100,100,100,100,100,100
43,app_html/aptoide-0590.html,100,100,100,100,100,100
43,app_html/apkpure-0596.html,100,0,100,100,100,0
43,app_html/appagg-1339.html,100,100,100,100,100,100
43,app_html/aptoide-1697.html,100,100,100,100,100,100
43,app_html/appagg-0100.html,100,0,100,100,100,0
43,app_html/appagg-1705.html,100,0,100,100,100,0
43,app_html/aptoide-0386.html,100,100,100,100,100,100
43,app_html/cnet-0931.html,100,100,100,100,100,100
43,app_html/aptoide-1464.html,100,100,100,100,100,100
43,app_html/appagg-2014.html,100,0,100,100,100,0
43,app_html/cnet-1618.html,100,100,100,100,100,100
43,app_html/appbrain-0320.html,100,100,100,100,100,100
43,app_html/appbrain-0447.html,100,100,100,100,100,100
43,app_html/cnet-1303.html,100,100,100,100,100,100
43,app_html/aptoide-1739.html,100,100,100,100,100,100
43,app_html/apkpure-1184.html,100,100,100,100,100,100
43,app_html/appagg-1318.html,100,100,100,100,100,100
43,app_html/aptoide-0367.html,100,100,100,100,100,100
43,app_html/appagg-1464.html,100,0,100,100,100,0
43,app_html/appagg-0431.html,100,0,100,100,100,0
43,app_html/appbrain-1515.html,100,100,100,100,100,100
43,app_html/apkpure-0996.html,100,100,100,100,100,100
43,app_html/appagg-1538.html,100,0,100,100,100,0
43,app_html/aptoide-1761.html,100,100,100,100,100,100
43,app_html/aptoide-0564.html,100,100,100,100,100,100
43,app_html/appagg-0067.html,100,100,100,100,100,100
43,app_html/appagg-0008.html,100,100,100,100,100,100
43,app_html/appbrain-1871.html,100,100,100,100,100,100
43,app_html/appbrain-1851.html,100,100,100,100,100,100
43,app_html/cnet-0252.html,100,100,100,100,100,100
43,app_html/aptoide-2226.html,100,100,100,100,100,100
43,app_html/appbrain-1658.html,100,100,100,100,100,100
43,app_html/aptoide-0042.html,100,100,100,100,100,100
43,app_html/apkpure-1350.html,100,100,100,100,100,100
43,app_html/aptoide-1665.html,100,100,100,100,100,100
43,app_html/appagg-1400.html,100,0,100,100,100,0
43,app_html/appbrain-1562.html,100,100,100,100,100,100
43,app_html/appbrain-0733.html,100,100,100,100,100,100
43,app_html/cnet-0144.html,100,100,100,100,100,100
43,app_html/appagg-1387.html,100,0,100,100,100,0
43,app_html/appbrain-0993.html,100,100,100,100,100,100
43,app_html/aptoide-1564.html,100,100,100,100,100,100
43,app_html/cnet-0008.html,100,100,100,100,100,100
43,app_html/appagg-1715.html,100,100,100,100,100,100
43,app_html/appbrain-1210.html,100,100,100,100,100,100
43,app_html/cnet-1953.html,100,100,100,100,100,100
43,app_html/cnet-0745.html,100,100,100,100,100,100
43,app_html/cnet-0636.html,100,100,100,100,100,100
43,app_html/apkpure-0846.html,100,100,100,100,100,100
43,app_html/appbrain-0853.html,100,100,100,100,100,100
43,app_html/aptoide-1789.html,100,100,100,100,100,100
43,app_html/appbrain-1008.html,100,100,100,100,100,100
43,app_html/cnet-1163.html,100,100,100,100,100,100
43,app_html/apkpure-1620.html,100,100,100,100,100,100
43,app_html/appbrain-1973.html,100,100,100,100,100,100
43,app_html/aptoide-0927.html,100,100,100,100,100,100
43,app_html/appbrain-1341.html,100,100,100,100,100,100
43,app_html/appbrain-1442.html,100,100,100,100,100,100
43,app_html/apkpure-2260.html,100,100,100,100,100,100
43,app_html/appagg-1671.html,100,0,100,100,100,0
43,app_html/appagg-2063.html,100,0,100,100,100,0
43,app_html/aptoide-1241.html,100,100,100,100,100,100
43,app_html/appagg-1627.html,100,0,100,100,100,0
43,app_html/cnet-1629.html,100,100,100,100,100,100
43,app_html/aptoide-1067.html,100,100,100,100,100,100
43,app_html/aptoide-0113.html,100,100,100,100,100,100
43,app_html/appbrain-0561.html,100,100,100,100,100,100
43,app_html/aptoide-1987.html,100,100,100,100,100,100
43,app_html/cnet-1089.html,100,100,100,100,100,100
43,app_html/apkpure-2133.html,100,100,100,100,100,100
43,app_html/appbrain-1071.html,100,100,100,100,100,100
43,app_html/aptoide-0674.html,100,100,100,100,100,100
43,app_html/appagg-1026.html,100,100,100,100,100,100
43,app_html/cnet-1649.html,100,100,100,100,100,100
43,app_html/cnet-2058.html,100,100,100,100,100,100
43,app_html/apkpure-2109.html,100,100,100,100,100,100
43,app_html/appbrain-0621.html,100,100,100,100,100,100
43,app_html/appbrain-1768.html,100,100,100,100,100,100
43,app_html/aptoide-0142.html,100,100,100,100,100,100
43,app_html/appagg-0534.html,100,100,100,100,100,100
43,app_html/aptoide-2445.html,100,100,100,100,100,100
43,app_html/appbrain-0555.html,100,100,100,100,100,100
43,app_html/cnet-2025.html,100,100,100,100,100,100
43,app_html/aptoide-2406.html,100,100,100,100,100,100
43,app_html/apkpure-1626.html,100,100,100,100,100,100
43,app_html/cnet-2251.html,100,100,100,100,100,100
43,app_html/appagg-0004.html,100,100,100,100,100,100
43,app_html/appbrain-0274.html,100,100,100,100,100,100
43,app_html/appagg-1933.html,100,0,100,100,100,0
43,app_html/cnet-0033.html,100,100,100,100,100,100
43,app_html/cnet-1069.html,100,100,100,100,100,100
43,app_html/apkpure-0753.html,100,100,100,100,100,100
43,app_html/appbrain-0511.html,100,100,100,100,100,100
43,app_html/aptoide-1467.html,100,100,100,100,100,100
43,app_html/aptoide-2052.html,100,100,100,100,100,100
43,app_html/apkpure-0811.html,100,100,100,100,100,100
43,app_html/aptoide-0155.html,100,100,100,100,100,100
43,app_html/appagg-0791.html,100,0,100,100,100,0
43,app_html/cnet-1233.html,100,100,100,100,100,100
43,app_html/apkpure-0275.html,100,100,100,100,100,100
43,app_html/cnet-2012.html,100,100,100,100,100,100
43,app_html/cnet-0848.html,100,100,100,100,100,100
43,app_html/apkpure-1216.html,100,100,100,100,100,100
43,app_html/aptoide-2070.html,100,100,100,100,100,100
43,app_html/cnet-2247.html,100,100,100,100,100,100
43,app_html/aptoide-1223.html,100,100,100,100,100,100
43,app_html/cnet-0943.html,100,100,100,100,100,100
43,app_html/appagg-2013.html,100,0,100,100,100,0
43,app_html/apkpure-1791.html,100,100,100,100,100,100
43,app_html/apkpure-1983.html,100,100,100,100,100,100
43,app_html/apkpure-0116.html,100,100,100,100,100,100
43,app_html/appbrain-0683.html,100,100,100,100,100,100
43,app_html/aptoide-0584.html,100,100,100,100,100,100
43,app_html/aptoide-1671.html,100,100,100,100,100,100
43,app_html/appbrain-0978.html,100,100,100,100,100,100
43,app_html/appagg-1246.html,100,100,100,100,100,100
43,app_html/aptoide-0153.html,100,100,100,100,100,100
43,app_html/appbrain-1475.html,100,100,100,100,100,100
43,app_html/appagg-0684.html,100,0,100,100,100,0
43,app_html/aptoide-0028.html,100,100,100,100,100,100
43,app_html/cnet-1025.html,100,100,100,100,100,100
43,app_html/appagg-0021.html,100,100,100,100,100,100
43,app_html/appbrain-1853.html,100,100,100,100,100,100
43,app_html/apkpure-0583.html,100,100,100,100,100,100
43,app_html/apkpure-0384.html,100,100,100,100,100,100
43,app_html/appbrain-0085.html,100,100,100,100,100,100
43,app_html/cnet-0261.html,100,100,100,100,100,100
43,app_html/appbrain-0695.html,100,100,100,100,100,100
43,app_html/cnet-1866.html,100,100,100,100,100,100
43,app_html/appagg-1448.html,100,0,100,100,100,0
43,app_html/aptoide-0940.html,100,100,100,100,100,100
43,app_html/aptoide-2174.html,100,100,100,100,100,100
43,app_html/cnet-2158.html,100,100,100,100,100,100
43,app_html/aptoide-1330.html,100,100,100,100,100,100
43,app_html/appagg-0265.html,100,0,100,100,100,0
43,app_html/cnet-0225.html,100,100,100,100,100,100
43,app_html/appbrain-1542.html,100,100,100,100,100,100
43,app_html/cnet-0062.html,100,100,100,100,100,100
43,app_html/appbrain-0127.html,100,100,100,100,100,100
43,app_html/appagg-0381.html,100,0,100,100,100,0
43,app_html/appagg-1936.html,100,0,100,100,100,0
43,app_html/apkpure-2183.html,100,100,100,100,100,100
43,app_html/aptoide-0648.html,100,100,100,100,100,100
43,app_html/cnet-1047.html,100,100,100,100,100,100
43,app_html/appbrain-0585.html,100,100,100,100,100,100
43,app_html/cnet-2151.html,100,100,100,100,100,100
43,app_html/appbrain-0815.html,100,100,100,100,100,100
43,app_html/appagg-0285.html,100,100,100,100,100,100
43,app_html/apkpure-2001.html,100,100,100,100,100,100
43,app_html/cnet-1621.html,100,100,100,100,100,100
43,app_html/aptoide-2114.html,100,100,100,100,100,100
43,app_html/aptoide-0905.html,100,100,100,100,100,100
43,app_html/appagg-1879.html,100,0,100,100,100,0
43,app_html/cnet-0493.html,100,100,100,100,100,100
43,app_html/appbrain-1709.html,100,100,100,100,100,100
43,app_html/aptoide-0597.html,100,100,100,100,100,100
43,app_html/appagg-0980.html,100,100,100,100,100,100
43,app_html/apkpure-1668.html,100,100,100,100,100,100
43,app_html/aptoide-2484.html,100,100,100,100,100,100
43,app_html/appbrain-1373.html,100,100,100,100,100,100
43,app_html/appbrain-0568.html,100,100,100,100,100,100
43,app_html/apkpure-0601.html,100,100,100,100,100,100
43,app_html/appagg-0887.html,100,0,100,100,100,0
43,app_html/cnet-0780.html,100,100,100,100,100,100
43,app_html/apkpure-1370.html,100,100,100,100,100,100
43,app_html/aptoide-0760.html,100,100,100,100,100,100
43,app_html/apkpure-0252.html,100,100,100,100,100,100
43,app_html/aptoide-1379.html,100,100,100,100,100,100
43,app_html/cnet-0680.html,100,100,100,100,100,100
43,app_html/apkpure-1932.html,100,100,100,100,100,100
43,app_html/aptoide-0776.html,100,100,100,100,100,100
43,app_html/aptoide-0717.html,100,100,100,100,100,100
43,app_html/appagg-0050.html,100,100,100,100,100,100
43,app_html/apkpure-0915.html,100,100,100,100,100,100
43,app_html/cnet-1128.html,100,100,100,100,100,100
43,app_html/aptoide-0229.html,100,100,100,100,100,100
43,app_html/aptoide-0384.html,100,100,100,100,100,100
43,app_html/aptoide-1928.html,100,100,100,100,100,100
43,app_html/aptoide-1971.html,100,100,100,100,100,100
43,app_html/appbrain-0007.html,100,100,100,100,100,100
43,app_html/apkpure-0061.html,100,100,100,100,100,100
43,app_html/appbrain-0470.html,100,100,100,100,100,100
43,app_html/apkpure-0969.html,100,100,100,100,100,100
43,app_html/cnet-2270.html,100,100,100,100,100,100
43,app_html/appbrain-1841.html,100,100,100,100,100,100
43,app_html/cnet-0961.html,100,100,100,100,100,100
43,app_html/apkpure-1880.html,100,100,100,100,100,100
43,app_html/cnet-0230.html,100,100,100,100,100,100
43,app_html/apkpure-1604.html,100,100,100,100,100,100
43,app_html/apkpure-0092.html,100,100,100,100,100,100
43,app_html/cnet-0393.html,100,100,100,100,100,100
43,app_html/apkpure-1010.html,100,100,100,100,100,100
43,app_html/apkpure-1991.html,100,100,100,100,100,100
43,app_html/cnet-0060.html,100,100,100,100,100,100
43,app_html/appbrain-1375.html,100,100,100,100,100,100
43,app_html/apkpure-1278.html,100,0,100,100,100,0
43,app_html/appbrain-0302.html,100,100,100,100,100,100
43,app_html/appbrain-0550.html,100,100,100,100,100,100
43,app_html/cnet-1553.html,100,100,100,100,100,100
43,app_html/cnet-0512.html,100,100,100,100,100,100
43,app_html/appbrain-2003.html,100,100,100,100,100,100
43,app_html/aptoide-1757.html,100,100,100,100,100,100
43,app_html/appagg-0373.html,100,0,100,100,100,0
43,app_html/appagg-0884.html,100,100,100,100,100,100
43,app_html/apkpure-1076.html,100,100,100,100,100,100
43,app_html/aptoide-1345.html,100,100,100,100,100,100
43,app_html/aptoide-2208.html,100,100,100,100,100,100
43,app_html/aptoide-1769.html,100,100,100,100,100,100
43,app_html/cnet-2002.html,100,100,100,100,100,100
43,app_html/cnet-0456.html,100,100,100,100,100,100
43,app_html/aptoide-0724.html,100,100,100,100,100,100
43,app_html/apkpure-1735.html,100,100,100,100,100,100
43,app_html/cnet-0563.html,100,100,100,100,100,100
43,app_html/appagg-0806.html,100,0,100,100,100,0
43,app_html/cnet-1602.html,100,100,100,100,100,100
43,app_html/appagg-0391.html,100,0,100,100,100,0
43,app_html/appagg-0349.html,100,100,100,100,100,100
43,app_html/appbrain-0416.html,100,100,100,100,100,100
43,app_html/appagg-1647.html,100,0,100,100,100,0
43,app_html/cnet-1620.html,100,100,100,100,100,100
43,app_html/aptoide-1207.html,100,100,100,100,100,100
43,app_html/appagg-0110.html,100,0,100,100,100,0
43,app_html/cnet-1185.html,100,100,100,100,100,100
43,app_html/appagg-1544.html,100,0,100,100,100,0
43,app_html/appagg-0796.html,100,100,100,100,100,100
43,app_html/appbrain-1929.html,100,100,100,100,100,100
43,app_html/apkpure-1468.html,100,100,100,100,100,100
43,app_html/cnet-0372.html,100,100,100,100,100,100
43,app_html/apkpure-0003.html,100,100,100,100,100,100
43,app_html/appagg-0280.html,100,100,100,100,100,100
43,app_html/aptoide-0772.html,100,100,100,100,100,100
43,app_html/apkpure-2276.html,100,100,100,100,100,100
43,app_html/aptoide-0200.html,100,100,100,100,100,100
43,app_html/appagg-0512.html,100,100,100,100,100,100
43,app_html/cnet-1262.html,100,100,100,100,100,100
43,app_html/cnet-1812.html,100,100,100,100,100,100
43,app_html/appagg-0402.html,100,0,100,100,100,0
43,app_html/apkpure-1056.html,100,100,100,100,100,100
43,app_html/cnet-1921.html,100,100,100,100,100,100
43,app_html/aptoide-1447.html,100,100,100,100,100,100
43,app_html/cnet-1090.html,100,100,100,100,100,100
43,app_html/aptoide-0604.html,100,100,100,100,100,100
43,app_html/cnet-2279.html,100,100,100,100,100,100
43,app_html/cnet-1323.html,100,100,100,100,100,100
43,app_html/appagg-0418.html,100,100,100,100,100,100
43,app_html/apkpure-0350.html,100,100,100,100,100,100
43,app_html/aptoide-1992.html,100,100,100,100,100,100
43,app_html/appbrain-1684.html,100,100,100,100,100,100
43,app_html/aptoide-1133.html,100,100,100,100,100,100
43,app_html/apkpure-0184.html,100,100,100,100,100,100
43,app_html/cnet-0357.html,100,100,100,100,100,100
43,app_html/apkpure-0340.html,100,100,100,100,100,100
43,app_html/cnet-0678.html,100,100,100,100,100,100
43,app_html/appbrain-0856.html,100,100,100,100,100,100
43,app_html/cnet-2287.html,100,100,100,100,100,100
43,app_html/cnet-1904.html,100,100,100,100,100,100
43,app_html/cnet-1530.html,100,100,100,100,100,100
43,app_html/cnet-1381.html,100,100,100,100,100,100
43,app_html/appbrain-0745.html,100,100,100,100,100,100
43,app_html/aptoide-1147.html,100,100,100,100,100,100
43,app_html/appbrain-0563.html,100,100,100,100,100,100
43,app_html/apkpure-0333.html,100,0,100,100,100,0
43,app_html/appagg-1789.html,100,0,100,100,100,0
43,app_html/cnet-0154.html,100,100,100,100,100,100
43,app_html/apkpure-1429.html,100,100,100,100,100,100
43,app_html/apkpure-0113.html,100,100,100,100,100,100
43,app_html/cnet-2245.html,100,100,100,100,100,100
43,app_html/appagg-1132.html,100,0,100,100,100,0
43,app_html/cnet-1869.html,100,100,100,100,100,100
43,app_html/apkpure-0891.html,100,100,100,100,100,100
43,app_html/apkpure-1185.html,100,100,100,100,100,100
43,app_html/appbrain-1005.html,100,100,100,100,100,100
43,app_html/appagg-1381.html,100,100,100,100,100,100
43,app_html/apkpure-1806.html,100,100,100,100,100,100
43,app_html/appbrain-1602.html,100,100,100,100,100,100
43,app_html/appagg-1962.html,100,0,100,100,100,0
43,app_html/appagg-1407.html,100,0,100,100,100,0
43,app_html/aptoide-0366.html,100,100,100,100,100,100
43,app_html/apkpure-1459.html,100,100,100,100,100,100
43,app_html/apkpure-2091.html,100,100,100,100,100,100
43,app_html/aptoide-1825.html,100,100,100,100,100,100
43,app_html/cnet-1164.html,100,100,100,100,100,100
43,app_html/appagg-1521.html,100,0,100,100,100,0
43,app_html/aptoide-0536.html,100,100,100,100,100,100
43,app_html/apkpure-0963.html,100,100,100,100,100,100
43,app_html/aptoide-1803.html,100,100,100,0,100,0
43,app_html/cnet-0242.html,100,100,100,100,100,100
43,app_html/appbrain-0828.html,100,100,100,100,100,100
43,app_html/appbrain-1430.html,100,100,100,100,100,100
43,app_html/appbrain-0642.html,100,100,100,100,100,100
43,app_html/cnet-0162.html,100,100,100,100,100,100
43,app_html/aptoide-0913.html,100,100,100,100,100,100
43,app_html/cnet-0906.html,100,100,100,100,100,100
43,app_html/apkpure-1062.html,100,100,100,100,100,100
43,app_html/appagg-0227.html,100,100,100,100,100,100
43,app_html/aptoide-1477.html,100,100,100,100,100,100
43,app_html/appagg-0053.html,100,100,100,100,100,100
43,app_html/aptoide-0094.html,100,100,100,100,100,100
43,app_html/aptoide-1581.html,100,100,100,100,100,100
43,app_html/apkpure-1072.html,100,100,100,100,100,100
43,app_html/aptoide-2447.html,100,100,100,100,100,100
43,app_html/cnet-0114.html,100,100,100,100,100,100
43,app_html/appbrain-1704.html,100,100,100,100,100,100
43,app_html/appbrain-1810.html,100,100,100,100,100,100
43,app_html/appbrain-1957.html,100,100,100,100,100,100
43,app_html/aptoide-1461.html,100,100,100,100,100,100
43,app_html/apkpure-1898.html,100,100,100,100,100,100
43,app_html/aptoide-2389.html,100,100,100,100,100,100
43,app_html/cnet-2039.html,100,100,100,100,100,100
43,app_html/aptoide-0216.html,100,100,100,100,100,100
43,app_html/cnet-1734.html,100,100,100,100,100,100
43,app_html/cnet-0557.html,100,100,100,100,100,100
43,app_html/apkpure-0006.html,100,100,100,100,100,100
43,app_html/aptoide-0121.html,100,100,100,100,100,100
43,app_html/apkpure-1105.html,100,100,100,100,100,100
43,app_html/aptoide-0048.html,100,100,100,100,100,100
43,app_html/appbrain-0500.html,100,100,100,100,100,100
43,app_html/appbrain-1725.html,100,100,100,100,100,100
43,app_html/cnet-1268.html,100,100,100,100,100,100
43,app_html/appbrain-0093.html,100,100,100,100,100,100
43,app_html/aptoide-1060.html,100,100,100,100,100,100
43,app_html/appbrain-0250.html,100,100,100,100,100,100
43,app_html/apkpure-0552.html,100,100,100,100,100,100
43,app_html/aptoide-0473.html,100,100,100,100,100,100
43,app_html/aptoide-2471.html,100,100,100,100,100,100
43,app_html/appbrain-0701.html,100,100,100,100,100,100
43,app_html/aptoide-1051.html,100,100,100,100,100,100
43,app_html/apkpure-1677.html,100,100,100,100,100,100
43,app_html/appagg-0424.html,100,0,100,100,100,0
43,app_html/apkpure-0262.html,100,100,100,100,100,100
43,app_html/apkpure-1248.html,100,100,100,100,100,100
43,app_html/aptoide-2003.html,100,100,100,0,100,0
43,app_html/apkpure-0529.html,100,100,100,100,100,100
43,app_html/cnet-1067.html,100,100,100,100,100,100
43,app_html/appagg-0539.html,100,0,100,100,100,0
43,app_html/cnet-2155.html,100,100,100,100,100,100
43,app_html/apkpure-1163.html,100,100,100,100,100,100
43,app_html/cnet-1058.html,100,100,100,100,100,100
43,app_html/aptoide-0416.html,100,100,100,100,100,100
43,app_html/cnet-0735.html,100,100,100,100,100,100
43,app_html/apkpure-1540.html,100,100,100,100,100,100
43,app_html/cnet-1099.html,100,100,100,100,100,100
43,app_html/apkpure-0395.html,100,100,100,100,100,100
43,app_html/cnet-0778.html,100,100,100,100,100,100
43,app_html/appbrain-0091.html,100,100,100,100,100,100
43,app_html/apkpure-0642.html,100,100,100,100,100,100
43,app_html/cnet-1364.html,100,100,100,100,100,100
43,app_html/appagg-1309.html,100,0,100,100,100,0
43,app_html/appagg-1943.html,100,0,100,100,100,0
43,app_html/appbrain-2004.html,100,100,100,100,100,100
43,app_html/appbrain-1879.html,100,100,100,100,100,100
43,app_html/appbrain-0487.html,100,100,100,100,100,100
43,app_html/appbrain-1065.html,100,100,100,100,100,100
43,app_html/appbrain-1990.html,100,100,100,100,100,100
43,app_html/appagg-0676.html,100,0,100,100,100,0
43,app_html/apkpure-2115.html,100,100,100,100,100,100
43,app_html/cnet-0380.html,100,100,100,100,100,100
43,app_html/appagg-1802.html,100,0,100,100,100,0
43,app_html/aptoide-0801.html,100,100,100,100,100,100
43,app_html/appbrain-0608.html,100,100,100,100,100,100
43,app_html/aptoide-1737.html,100,100,100,100,100,100
43,app_html/aptoide-0881.html,100,100,100,100,100,100
43,app_html/appbrain-1500.html,100,100,100,100,100,100
43,app_html/appagg-0859.html,100,0,100,100,100,0
43,app_html/appagg-0131.html,100,0,100,100,100,0
43,app_html/appbrain-1446.html,100,100,100,100,100,100
43,app_html/aptoide-0447.html,100,100,100,100,100,100
43,app_html/cnet-2027.html,100,100,100,100,100,100
43,app_html/apkpure-1499.html,100,100,100,100,100,100
43,app_html/appagg-1161.html,100,100,100,100,100,100
43,app_html/appagg-0557.html,100,100,100,100,100,100
43,app_html/appbrain-1701.html,100,100,100,100,100,100
43,app_html/appbrain-1169.html,100,100,100,100,100,100
43,app_html/cnet-2085.html,100,100,100,100,100,100
43,app_html/apkpure-1740.html,100,100,100,100,100,100
43,app_html/appbrain-1716.html,100,100,100,100,100,100
43,app_html/appbrain-0065.html,100,100,100,100,100,100
43,app_html/apkpure-0655.html,100,100,100,100,100,100
43,app_html/appbrain-1342.html,100,100,100,100,100,100
43,app_html/cnet-0029.html,100,100,100,100,100,100
43,app_html/appagg-0493.html,100,0,100,100,100,0
43,app_html/aptoide-1322.html,100,100,100,100,100,100
43,app_html/appagg-1913.html,100,0,100,100,100,0
43,app_html/apkpure-1859.html,100,100,100,100,100,100
43,app_html/appagg-1932.html,100,0,100,100,100,0
43,app_html/cnet-1041.html,100,100,100,100,100,100
43,app_html/aptoide-2030.html,100,100,100,100,100,100
43,app_html/appagg-0362.html,100,0,100,100,100,0
43,app_html/appagg-1591.html,100,0,100,100,100,0
43,app_html/aptoide-0041.html,100,100,100,100,100,100
43,app_html/appbrain-1463.html,100,100,100,100,100,100
43,app_html/aptoide-2410.html,100,100,100,100,100,100
43,app_html/appagg-0459.html,100,0,100,100,100,0
43,app_html/apkpure-0507.html,100,100,100,100,100,100
43,app_html/cnet-0726.html,100,100,100,100,100,100
43,app_html/apkpure-2006.html,100,100,100,100,100,100
43,app_html/appagg-0410.html,100,100,100,100,100,100
43,app_html/apkpure-2089.html,100,100,100,100,100,100
43,app_html/appbrain-2027.html,100,100,100,100,100,100
43,app_html/cnet-0826.html,100,100,100,100,100,100
43,app_html/aptoide-0317.html,100,100,100,100,100,100
43,app_html/apkpure-1956.html,100,100,100,100,100,100
43,app_html/aptoide-1451.html,100,100,100,100,100,100
43,app_html/aptoide-2035.html,100,100,100,100,100,100
43,app_html/appagg-1989.html,100,0,100,100,100,0
43,app_html/apkpure-0132.html,100,100,100,100,100,100
43,app_html/cnet-0447.html,100,100,100,100,100,100
43,app_html/appagg-1534.html,100,0,100,100,100,0
43,app_html/appbrain-1761.html,100,100,100,100,100,100
43,app_html/cnet-1130.html,100,100,100,100,100,100
43,app_html/apkpure-2192.html,100,100,100,100,100,100
43,app_html/cnet-1977.html,100,100,100,100,100,100
43,app_html/cnet-0474.html,100,100,100,100,100,100
43,app_html/cnet-0971.html,100,100,100,100,100,100
43,app_html/appagg-0638.html,100,0,100,100,100,0
43,app_html/apkpure-1727.html,100,100,100,100,100,100
43,app_html/aptoide-0311.html,100,100,100,100,100,100
43,app_html/apkpure-2053.html,100,100,100,100,100,100
43,app_html/cnet-1634.html,100,100,100,100,100,100
43,app_html/appagg-1719.html,100,0,100,100,100,0
43,app_html/appagg-1335.html,100,0,100,100,100,0
43,app_html/aptoide-1232.html,100,100,100,100,100,100
43,app_html/apkpure-0139.html,100,100,100,100,100,100
43,app_html/cnet-2239.html,100,100,100,100,100,100
43,app_html/appbrain-0739.html,100,100,100,100,100,100
43,app_html/cnet-1576.html,100,100,100,100,100,100
43,app_html/cnet-0043.html,100,100,100,100,100,100
43,app_html/appagg-1524.html,100,0,100,100,100,0
43,app_html/appagg-1023.html,100,0,100,100,100,0
43,app_html/aptoide-0925.html,100,100,100,100,100,100
43,app_html/apkpure-2143.html,100,100,100,100,100,100
43,app_html/cnet-0339.html,100,100,100,100,100,100
43,app_html/cnet-1049.html,100,100,100,100,100,100
43,app_html/appagg-1743.html,100,0,100,100,100,0
43,app_html/apkpure-0572.html,100,100,100,100,100,100
43,app_html/appbrain-0195.html,100,100,100,100,100,100
43,app_html/apkpure-0266.html,100,100,100,100,100,100
43,app_html/cnet-1910.html,100,100,100,100,100,100
43,app_html/cnet-0873.html,100,100,100,100,100,100
43,app_html/aptoide-0546.html,100,100,100,100,100,100
43,app_html/appbrain-0181.html,100,100,100,100,100,100
43,app_html/cnet-2285.html,100,100,100,100,100,100
43,app_html/apkpure-0528.html,100,100,100,100,100,100
43,app_html/cnet-1689.html,100,100,100,100,100,100
43,app_html/appbrain-0150.html,100,100,100,100,100,100
43,app_html/cnet-1516.html,100,100,100,100,100,100
43,app_html/aptoide-0046.html,100,100,100,100,100,100
43,app_html/apkpure-1411.html,100,100,100,100,100,100
43,app_html/appbrain-0296.html,100,100,100,100,100,100
43,app_html/appagg-0869.html,100,0,100,100,100,0
43,app_html/appagg-0532.html,100,0,100,100,100,0
43,app_html/appagg-1036.html,100,0,100,100,100,0
43,app_html/cnet-0122.html,100,100,100,100,100,100
43,app_html/appagg-1515.html,100,0,100,100,100,0
43,app_html/appagg-1475.html,100,0,100,100,100,0
43,app_html/appagg-0756.html,100,100,100,100,100,100
43,app_html/cnet-1482.html,100,100,100,100,100,100
43,app_html/appbrain-0343.html,100,100,100,100,100,100
43,app_html/cnet-0824.html,100,100,100,100,100,100
43,app_html/appbrain-1020.html,100,100,100,100,100,100
43,app_html/cnet-0209.html,100,100,100,100,100,100
43,app_html/appbrain-1345.html,100,100,100,100,100,100
43,app_html/apkpure-0268.html,100,100,100,100,100,100
43,app_html/aptoide-0328.html,100,100,100,100,100,100
43,app_html/aptoide-2170.html,100,100,100,100,100,100
43,app_html/apkpure-0201.html,100,100,100,100,100,100
43,app_html/aptoide-1412.html,100,100,100,100,100,100
43,app_html/apkpure-0589.html,100,100,100,100,100,100
43,app_html/cnet-2148.html,100,100,100,100,100,100
43,app_html/cnet-1630.html,100,100,100,100,100,100
43,app_html/cnet-2210.html,100,100,100,100,100,100
43,app_html/aptoide-0177.html,100,100,100,100,100,100
43,app_html/aptoide-0747.html,100,100,100,100,100,100
43,app_html/aptoide-0803.html,100,100,100,100,100,100
43,app_html/cnet-2249.html,100,100,100,100,100,100
43,app_html/appbrain-1694.html,100,100,100,100,100,100
43,app_html/appbrain-0535.html,100,100,100,100,100,100
43,app_html/apkpure-2180.html,100,100,100,100,100,100
43,app_html/cnet-0181.html,100,100,100,100,100,100
43,app_html/appagg-0608.html,100,0,100,100,100,0
43,app_html/aptoide-1130.html,100,100,100,100,100,100
43,app_html/aptoide-2411.html,100,100,100,100,100,100
43,app_html/cnet-0180.html,100,100,100,100,100,100
43,app_html/cnet-2028.html,100,100,100,100,100,100
43,app_html/cnet-0989.html,100,100,100,100,100,100
43,app_html/appbrain-0703.html,100,100,100,100,100,100
43,app_html/apkpure-1790.html,100,100,100,100,100,100
43,app_html/appbrain-0280.html,100,100,100,100,100,100
43,app_html/appagg-0467.html,100,0,100,100,100,0
43,app_html/appbrain-0156.html,100,100,100,100,100,100
43,app_html/aptoide-1058.html,100,100,100,100,100,100
43,app_html/aptoide-1632.html,100,100,100,0,100,0
43,app_html/cnet-1949.html,100,100,100,100,100,100
43,app_html/aptoide-0619.html,100,100,100,100,100,100
43,app_html/appbrain-0968.html,100,100,100,100,100,100
43,app_html/aptoide-2266.html,100,100,100,100,100,100
43,app_html/aptoide-1081.html,100,100,100,100,100,100
43,app_html/aptoide-0794.html,100,100,100,100,100,100
43,app_html/appagg-2035.html,100,0,100,100,100,0
43,app_html/aptoide-0780.html,100,100,100,100,100,100
43,app_html/apkpure-0480.html,100,100,100,100,100,100
43,app_html/cnet-0793.html,100,100,100,100,100,100
43,app_html/apkpure-1274.html,100,100,100,100,100,100
43,app_html/apkpure-1286.html,100,100,100,100,100,100
43,app_html/apkpure-0761.html,100,100,100,100,100,100
43,app_html/aptoide-0681.html,100,100,100,100,100,100
43,app_html/apkpure-0054.html,100,100,100,100,100,100
43,app_html/appbrain-1098.html,100,100,100,100,100,100
43,app_html/appbrain-0578.html,100,100,100,100,100,100
43,app_html/cnet-1085.html,100,100,100,100,100,100
43,app_html/cnet-1190.html,100,100,100,100,100,100
43,app_html/appagg-0478.html,100,0,100,100,100,0
43,app_html/cnet-2161.html,100,100,100,100,100,100
43,app_html/apkpure-1607.html,100,100,100,100,100,100
43,app_html/aptoide-0450.html,100,100,100,100,100,100
43,app_html/cnet-0027.html,100,100,100,100,100,100
43,app_html/aptoide-0114.html,100,100,100,100,100,100
43,app_html/appbrain-1674.html,100,100,100,100,100,100
43,app_html/apkpure-1665.html,100,100,100,100,100,100
43,app_html/aptoide-1077.html,100,100,100,100,100,100
43,app_html/apkpure-1834.html,100,100,100,100,100,100
43,app_html/appagg-1461.html,100,0,100,100,100,0
43,app_html/cnet-0674.html,100,100,100,100,100,100
43,app_html/apkpure-1921.html,100,100,100,100,100,100
43,app_html/appagg-1854.html,100,0,100,100,100,0
43,app_html/appagg-0256.html,100,100,100,100,100,100
43,app_html/appagg-1861.html,100,0,100,100,100,0
43,app_html/apkpure-0683.html,100,100,100,100,100,100
43,app_html/appagg-0218.html,100,0,100,100,100,0
43,app_html/appagg-0069.html,100,100,100,100,100,100
43,app_html/apkpure-2100.html,100,100,100,100,100,100
43,app_html/apkpure-0883.html,100,100,100,100,100,100
43,app_html/appbrain-0679.html,100,100,100,100,100,100
43,app_html/apkpure-0190.html,100,100,100,100,100,100
43,app_html/cnet-0465.html,100,100,100,100,100,100
43,app_html/apkpure-0309.html,100,100,100,100,100,100
43,app_html/cnet-0919.html,100,100,100,100,100,100
43,app_html/appbrain-1869.html,100,100,100,100,100,100
43,app_html/aptoide-1016.html,100,100,100,100,100,100
43,app_html/aptoide-0834.html,100,100,100,100,100,100
43,app_html/apkpure-0023.html,100,100,100,100,100,100
43,app_html/cnet-0165.html,100,100,100,100,100,100
43,app_html/apkpure-2194.html,100,100,100,100,100,100
43,app_html/appagg-1437.html,100,0,100,100,100,0
43,app_html/aptoide-1381.html,100,100,100,100,100,100
43,app_html/appbrain-0218.html,100,100,100,100,100,100
43,app_html/appagg-0880.html,100,100,100,100,100,100
43,__SUMMARY__,99.91,88.57,100.00,99.37,99.91,87.76
