seed,file,name_presence,rating_presence,author_presence,time_presence,type_presence,all5_presence
42,cooking_html/allrecipes-1021.html,100,100,100,100,100,100
42,cooking_html/foodnetwork-1064.html,100,100,100,100,100,100
42,cooking_html/nytimes-1650.html,100,100,100,100,100,100
42,cooking_html/foodnetwork-1389.html,100,100,0,100,100,0
42,cooking_html/nytimes-1201.html,100,100,100,100,100,100
42,cooking_html/tasty-1847.html,100,0,100,0,100,0
42,cooking_html/nytimes-0702.html,100,100,100,100,100,100
42,cooking_html/tasty-1635.html,100,0,100,0,100,0
42,cooking_html/cookingclassy-0035.html,100,100,100,100,100,100
42,cooking_html/tasty-1542.html,100,100,100,0,100,0
42,cooking_html/tasty-2472.html,100,0,100,0,100,0
42,cooking_html/allrecipes-0137.html,100,100,100,100,100,100
42,cooking_html/foodnetwork-1445.html,100,100,100,100,0,0
42,cooking_html/tasty-0802.html,100,0,100,0,100,0
42,cooking_html/tasty-1861.html,100,0,100,0,100,0
42,cooking_html/tasty-0942.html,100,0,100,0,100,0
42,cooking_html/foodnetwork-0906.html,100,100,100,100,100,100
42,cooking_html/tasty-2070.html,100,0,100,0,100,0
42,cooking_html/foodnetwork-1127.html,100,100,100,100,0,0
42,cooking_html/nytimes-1906.html,100,100,100,100,100,100
42,cooking_html/tasty-0318.html,100,0,100,0,100,0
42,cooking_html/tasty-1493.html,100,0,0,0,100,0
42,cooking_html/tasty-1729.html,100,0,0,0,100,0
42,cooking_html/foodnetwork-0381.html,100,100,100,100,100,100
42,cooking_html/allrecipes-0666.html,100,100,100,100,100,100
42,cooking_html/tasty-0396.html,100,0,100,0,100,0
42,cooking_html/nytimes-0663.html,100,100,100,100,100,100
42,cooking_html/tasty-0300.html,100,0,100,0,100,0
42,cooking_html/cookingclassy-0253.html,100,100,100,100,100,100
42,cooking_html/foodnetwork-0275.html,100,100,0,100,0,0
42,cooking_html/tasty-1813.html,100,0,100,0,100,0
42,cooking_html/tasty-1849.html,100,0,100,0,100,0
42,cooking_html/allrecipes-1339.html,100,100,100,100,100,100
42,cooking_html/foodnetwork-0790.html,100,100,0,100,0,0
42,cooking_html/cookingclassy-0759.html,100,100,100,100,100,100
42,cooking_html/tasty-1850.html,100,0,100,0,100,0
42,cooking_html/allrecipes-0314.html,100,100,100,100,100,100
42,cooking_html/cookingclassy-0460.html,100,100,100,100,100,100
42,cooking_html/tasty-2229.html,100,0,100,0,100,0
42,cooking_html/nytimes-0343.html,100,100,100,100,100,100
42,cooking_html/allrecipes-0933.html,100,0,100,100,100,0
42,cooking_html/tasty-0812.html,100,0,100,100,100,0
42,cooking_html/allrecipes-1211.html,100,100,100,100,100,100
42,cooking_html/allrecipes-0835.html,100,100,100,100,100,100
42,cooking_html/tasty-1737.html,100,0,100,0,100,0
42,cooking_html/tasty-0721.html,100,0,100,0,100,0
42,cooking_html/allrecipes-0440.html,100,100,100,100,100,100
42,cooking_html/allrecipes-1438.html,100,100,100,100,100,100
42,cooking_html/foodnetwork-0204.html,100,100,100,100,100,100
42,cooking_html/cookingclassy-0343.html,100,100,100,100,100,100
42,cooking_html/nytimes-1837.html,100,100,100,100,100,100
42,cooking_html/allrecipes-1099.html,100,100,100,100,100,100
42,cooking_html/tasty-0427.html,100,0,100,0,100,0
42,cooking_html/tasty-2438.html,100,0,100,0,100,0
42,cooking_html/allrecipes-0508.html,100,0,100,100,100,0
42,cooking_html/allrecipes-0802.html,100,0,100,100,100,0
42,cooking_html/foodnetwork-0678.html,100,100,100,100,0,0
42,cooking_html/foodnetwork-1781.html,100,100,100,100,100,100
42,cooking_html/tasty-0979.html,100,0,0,0,100,0
42,cooking_html/tasty-0322.html,100,0,100,0,100,0
42,cooking_html/foodnetwork-1871.html,100,100,100,100,100,100
42,cooking_html/nytimes-1460.html,100,100,100,100,100,100
42,cooking_html/nytimes-1503.html,100,100,100,100,100,100
42,cooking_html/tasty-1093.html,100,0,100,0,100,0
42,cooking_html/cookingclassy-0072.html,100,100,100,100,100,100
42,cooking_html/cookingclassy-1226.html,100,100,100,100,100,100
42,cooking_html/tasty-0434.html,100,0,100,0,100,0
42,cooking_html/tasty-1649.html,100,0,100,100,100,0
42,cooking_html/foodnetwork-0802.html,100,100,100,100,100,100
42,cooking_html/tasty-1102.html,100,0,100,100,100,0
42,cooking_html/tasty-0665.html,100,0,100,0,100,0
42,cooking_html/tasty-2283.html,100,0,100,0,100,0
42,cooking_html/tasty-0002.html,100,0,100,0,100,0
42,cooking_html/allrecipes-0429.html,100,0,100,100,100,0
42,cooking_html/cookingclassy-0782.html,100,0,100,100,100,0
42,cooking_html/cookingclassy-0998.html,100,100,100,100,100,100
42,cooking_html/allrecipes-0255.html,100,100,100,100,100,100
42,cooking_html/foodnetwork-1889.html,100,100,100,100,100,100
42,cooking_html/cookingclassy-0452.html,100,100,100,100,100,100
42,cooking_html/tasty-0792.html,100,0,100,0,100,0
42,cooking_html/allrecipes-1422.html,100,100,100,100,100,100
42,cooking_html/allrecipes-0984.html,100,100,100,100,100,100
42,cooking_html/nytimes-1836.html,100,100,100,100,100,100
42,cooking_html/foodnetwork-1118.html,100,100,0,100,100,0
42,cooking_html/allrecipes-1627.html,100,100,100,100,100,100
42,cooking_html/cookingclassy-1204.html,100,100,100,100,100,100
42,cooking_html/tasty-0097.html,100,0,100,0,100,0
42,cooking_html/tasty-0760.html,100,0,100,100,100,0
42,cooking_html/tasty-1920.html,100,0,100,0,100,0
42,cooking_html/nytimes-0015.html,100,100,100,100,100,100
42,cooking_html/nytimes-1943.html,100,100,100,100,100,100
42,cooking_html/foodnetwork-0538.html,100,100,100,100,100,100
42,cooking_html/allrecipes-0532.html,100,100,100,100,100,100
42,cooking_html/foodnetwork-0359.html,100,100,100,100,100,100
42,cooking_html/tasty-1125.html,100,0,100,0,100,0
42,cooking_html/foodnetwork-1372.html,100,100,0,100,100,0
42,cooking_html/nytimes-1708.html,100,100,100,100,100,100
42,cooking_html/foodnetwork-1991.html,100,100,100,100,100,100
42,cooking_html/foodnetwork-0304.html,100,100,100,100,0,0
42,cooking_html/tasty-0222.html,100,0,100,0,100,0
42,cooking_html/allrecipes-1420.html,100,100,100,100,100,100
42,cooking_html/tasty-1054.html,100,0,100,0,100,0
42,cooking_html/tasty-0135.html,100,0,100,0,100,0
42,cooking_html/nytimes-1105.html,100,100,100,100,100,100
42,cooking_html/nytimes-0033.html,100,100,100,100,100,100
42,cooking_html/allrecipes-1224.html,100,100,100,100,100,100
42,cooking_html/allrecipes-1555.html,100,100,100,100,100,100
42,cooking_html/allrecipes-1117.html,100,100,100,100,100,100
42,cooking_html/tasty-2290.html,100,0,100,0,100,0
42,cooking_html/nytimes-0408.html,100,100,100,100,100,100
42,cooking_html/allrecipes-1468.html,100,100,100,100,100,100
42,cooking_html/allrecipes-0834.html,100,100,100,100,100,100
42,cooking_html/foodnetwork-1699.html,100,100,100,100,100,100
42,cooking_html/nytimes-1931.html,100,100,100,100,100,100
42,cooking_html/nytimes-0953.html,100,100,100,100,100,100
42,cooking_html/cookingclassy-1237.html,100,100,100,100,100,100
42,cooking_html/nytimes-1542.html,100,100,100,100,100,100
42,cooking_html/tasty-0349.html,100,0,100,0,100,0
42,cooking_html/cookingclassy-0911.html,100,100,100,0,100,0
42,cooking_html/tasty-0653.html,100,0,100,0,100,0
42,cooking_html/cookingclassy-0227.html,100,100,100,100,100,100
42,cooking_html/tasty-0562.html,100,0,100,0,100,0
42,cooking_html/tasty-1510.html,100,0,100,0,100,0
42,cooking_html/tasty-1601.html,100,0,100,0,100,0
42,cooking_html/foodnetwork-1173.html,100,100,100,100,0,0
42,cooking_html/tasty-0783.html,100,0,100,0,100,0
42,cooking_html/foodnetwork-0324.html,100,100,100,100,0,0
42,cooking_html/cookingclassy-0136.html,100,0,100,100,100,0
42,cooking_html/nytimes-0836.html,100,100,100,100,100,100
42,cooking_html/tasty-0282.html,100,0,100,0,100,0
42,cooking_html/tasty-1773.html,100,0,100,0,100,0
42,cooking_html/tasty-0675.html,100,0,0,0,100,0
42,cooking_html/cookingclassy-0103.html,100,100,100,100,100,100
42,cooking_html/foodnetwork-0949.html,100,100,100,100,100,100
42,cooking_html/tasty-1128.html,100,0,100,0,100,0
42,cooking_html/cookingclassy-0042.html,100,100,100,100,100,100
42,cooking_html/allrecipes-0304.html,100,100,100,100,100,100
42,cooking_html/foodnetwork-0268.html,100,100,100,100,0,0
42,cooking_html/foodnetwork-0277.html,100,100,100,100,100,100
42,cooking_html/nytimes-0742.html,100,100,100,100,100,100
42,cooking_html/foodnetwork-0970.html,100,100,100,100,100,100
42,cooking_html/foodnetwork-1048.html,100,100,100,100,100,100
42,cooking_html/cookingclassy-0887.html,100,100,100,100,100,100
42,cooking_html/tasty-0196.html,100,0,0,100,100,0
42,cooking_html/allrecipes-0219.html,100,0,100,100,100,0
42,cooking_html/allrecipes-0090.html,100,100,100,100,100,100
42,cooking_html/allrecipes-0688.html,100,100,100,100,100,100
42,cooking_html/tasty-1979.html,100,0,100,0,100,0
42,cooking_html/foodnetwork-1123.html,100,100,100,100,100,100
42,cooking_html/tasty-0404.html,100,0,0,0,100,0
42,cooking_html/foodnetwork-0004.html,100,100,100,100,0,0
42,cooking_html/nytimes-0068.html,100,100,100,100,100,100
42,cooking_html/tasty-1011.html,100,0,100,0,100,0
42,cooking_html/foodnetwork-1179.html,100,100,100,100,0,0
42,cooking_html/tasty-1365.html,100,0,100,0,100,0
42,cooking_html/allrecipes-0180.html,100,100,100,100,100,100
42,cooking_html/tasty-2089.html,100,0,0,0,100,0
42,cooking_html/nytimes-0292.html,100,100,100,100,100,100
42,cooking_html/allrecipes-0954.html,100,100,100,100,100,100
42,cooking_html/foodnetwork-1216.html,100,100,100,100,100,100
42,cooking_html/nytimes-1746.html,100,100,100,100,100,100
42,cooking_html/nytimes-2012.html,100,100,100,100,100,100
42,cooking_html/tasty-1150.html,100,0,100,0,100,0
42,cooking_html/foodnetwork-0674.html,100,100,0,100,100,0
42,cooking_html/allrecipes-0749.html,100,100,100,100,100,100
42,cooking_html/foodnetwork-1271.html,100,100,0,100,0,0
42,cooking_html/tasty-0256.html,100,0,100,0,100,0
42,cooking_html/allrecipes-0581.html,100,100,100,100,100,100
42,cooking_html/foodnetwork-0073.html,100,100,100,100,100,100
42,cooking_html/tasty-2101.html,100,0,100,0,100,0
42,cooking_html/tasty-0936.html,100,0,100,100,100,0
42,cooking_html/allrecipes-1514.html,100,100,100,100,100,100
42,cooking_html/cookingclassy-0354.html,100,100,100,100,100,100
42,cooking_html/foodnetwork-0773.html,100,100,0,100,100,0
42,cooking_html/nytimes-0591.html,100,100,100,100,100,100
42,cooking_html/foodnetwork-2131.html,100,100,100,100,100,100
42,cooking_html/foodnetwork-0498.html,100,100,100,100,100,100
42,cooking_html/allrecipes-1155.html,100,0,100,100,100,0
42,cooking_html/cookingclassy-0172.html,100,100,100,100,100,100
42,cooking_html/tasty-2288.html,100,0,100,100,100,0
42,cooking_html/nytimes-1729.html,100,100,100,100,100,100
42,cooking_html/tasty-1171.html,100,0,100,0,100,0
42,cooking_html/tasty-0220.html,100,0,0,0,100,0
42,cooking_html/foodnetwork-1791.html,100,100,0,100,0,0
42,cooking_html/tasty-0828.html,100,0,100,100,100,0
42,cooking_html/tasty-0006.html,100,0,0,0,100,0
42,cooking_html/nytimes-0353.html,100,100,100,100,100,100
42,cooking_html/allrecipes-0907.html,100,100,100,100,100,100
42,cooking_html/tasty-0779.html,100,0,0,0,100,0
42,cooking_html/allrecipes-0159.html,100,100,100,100,100,100
42,cooking_html/tasty-0302.html,100,0,100,0,100,0
42,cooking_html/allrecipes-0996.html,100,100,100,100,100,100
42,cooking_html/nytimes-0039.html,100,100,100,100,100,100
42,cooking_html/nytimes-1564.html,100,100,100,100,100,100
42,cooking_html/tasty-1883.html,100,0,100,0,100,0
42,cooking_html/nytimes-1114.html,100,100,100,100,100,100
42,cooking_html/tasty-1970.html,100,100,100,100,100,100
42,cooking_html/foodnetwork-0563.html,100,100,100,100,100,100
42,cooking_html/cookingclassy-1047.html,100,100,100,100,100,100
42,cooking_html/nytimes-1519.html,100,100,100,100,100,100
42,cooking_html/foodnetwork-1028.html,100,100,0,100,100,0
42,cooking_html/foodnetwork-1314.html,100,100,0,100,0,0
42,cooking_html/allrecipes-0509.html,100,0,100,100,100,0
42,cooking_html/tasty-2216.html,100,0,100,100,100,0
42,cooking_html/tasty-1623.html,100,0,100,100,100,0
42,cooking_html/allrecipes-1144.html,100,0,100,100,100,0
42,cooking_html/tasty-0000.html,100,0,100,0,100,0
42,cooking_html/foodnetwork-1478.html,100,100,100,100,100,100
42,cooking_html/nytimes-0882.html,100,100,100,100,100,100
42,cooking_html/tasty-2075.html,100,0,100,0,100,0
42,cooking_html/tasty-0053.html,100,0,100,0,100,0
42,cooking_html/nytimes-1340.html,100,100,100,100,100,100
42,cooking_html/foodnetwork-0537.html,100,100,0,100,100,0
42,cooking_html/foodnetwork-0556.html,100,100,100,100,100,100
42,cooking_html/nytimes-1748.html,100,100,100,100,100,100
42,cooking_html/tasty-0125.html,100,0,100,0,100,0
42,cooking_html/foodnetwork-0138.html,100,100,0,100,100,0
42,cooking_html/tasty-1433.html,100,0,100,0,100,0
42,cooking_html/tasty-0089.html,100,0,100,0,100,0
42,cooking_html/allrecipes-0296.html,100,100,100,100,100,100
42,cooking_html/tasty-1706.html,100,0,100,0,100,0
42,cooking_html/nytimes-0722.html,100,100,100,100,100,100
42,cooking_html/nytimes-0508.html,100,100,100,100,100,100
42,cooking_html/foodnetwork-0701.html,100,100,100,100,100,100
42,cooking_html/cookingclassy-1289.html,100,100,100,100,100,100
42,cooking_html/cookingclassy-0789.html,100,100,100,100,100,100
42,cooking_html/tasty-0174.html,100,0,100,0,100,0
42,cooking_html/cookingclassy-1216.html,100,100,100,100,100,100
42,cooking_html/cookingclassy-0908.html,100,100,100,100,100,100
42,cooking_html/tasty-1281.html,100,0,0,100,100,0
42,cooking_html/cookingclassy-0524.html,100,100,100,100,100,100
42,cooking_html/tasty-1988.html,100,0,100,0,100,0
42,cooking_html/allrecipes-0520.html,100,0,100,100,100,0
42,cooking_html/nytimes-1267.html,100,100,100,100,100,100
42,cooking_html/tasty-1492.html,100,0,100,0,100,0
42,cooking_html/allrecipes-1385.html,100,0,100,100,100,0
42,cooking_html/tasty-1874.html,100,0,100,0,100,0
42,cooking_html/nytimes-1175.html,100,100,100,100,100,100
42,cooking_html/nytimes-0699.html,100,100,100,100,100,100
42,cooking_html/cookingclassy-0532.html,100,0,100,100,100,0
42,cooking_html/tasty-2031.html,100,0,100,100,100,0
42,cooking_html/nytimes-0614.html,100,100,100,100,100,100
42,cooking_html/nytimes-1782.html,100,100,100,100,100,100
42,cooking_html/tasty-2117.html,100,0,100,0,100,0
42,cooking_html/tasty-0855.html,100,0,0,0,100,0
42,cooking_html/nytimes-1980.html,100,100,100,100,100,100
42,cooking_html/tasty-0987.html,100,0,100,100,100,0
42,cooking_html/cookingclassy-0475.html,100,100,100,100,100,100
42,cooking_html/tasty-1734.html,100,0,100,0,100,0
42,cooking_html/tasty-1644.html,100,0,100,0,100,0
42,cooking_html/cookingclassy-0674.html,100,100,100,100,100,100
42,cooking_html/allrecipes-0627.html,100,100,100,100,100,100
42,cooking_html/nytimes-0778.html,100,100,100,100,100,100
42,cooking_html/tasty-2068.html,100,0,100,0,100,0
42,cooking_html/tasty-1506.html,100,0,100,0,100,0
42,cooking_html/nytimes-1847.html,100,100,100,100,100,100
42,cooking_html/tasty-1005.html,100,0,100,0,100,0
42,cooking_html/allrecipes-0839.html,100,100,100,100,100,100
42,cooking_html/cookingclassy-1150.html,100,100,100,100,100,100
42,cooking_html/nytimes-1638.html,100,100,100,100,100,100
42,cooking_html/tasty-1902.html,100,0,100,0,100,0
42,cooking_html/allrecipes-0139.html,100,100,100,100,100,100
42,cooking_html/foodnetwork-0841.html,100,100,0,100,100,0
42,cooking_html/allrecipes-1106.html,100,100,100,100,100,100
42,cooking_html/tasty-0517.html,100,0,100,0,100,0
42,cooking_html/nytimes-0945.html,100,100,100,100,100,100
42,cooking_html/allrecipes-0160.html,100,100,100,100,100,100
42,cooking_html/nytimes-1229.html,100,100,100,100,100,100
42,cooking_html/allrecipes-1466.html,100,100,100,100,100,100
42,cooking_html/tasty-1460.html,100,0,100,0,100,0
42,cooking_html/foodnetwork-0386.html,100,100,100,100,100,100
42,cooking_html/tasty-1792.html,100,0,100,0,100,0
42,cooking_html/cookingclassy-0464.html,100,100,100,100,100,100
42,cooking_html/nytimes-0617.html,100,100,100,100,100,100
42,cooking_html/tasty-0615.html,100,0,100,0,100,0
42,cooking_html/allrecipes-0895.html,100,100,100,100,100,100
42,cooking_html/foodnetwork-0744.html,100,100,100,100,100,100
42,cooking_html/allrecipes-1419.html,100,100,100,100,100,100
42,cooking_html/tasty-1556.html,100,0,100,0,100,0
42,cooking_html/tasty-0897.html,100,0,100,0,100,0
42,cooking_html/foodnetwork-0360.html,100,100,100,100,100,100
42,cooking_html/tasty-0012.html,100,0,100,0,100,0
42,cooking_html/nytimes-0327.html,100,100,100,100,100,100
42,cooking_html/allrecipes-0437.html,100,100,100,100,100,100
42,cooking_html/cookingclassy-0063.html,100,100,100,100,100,100
42,cooking_html/tasty-2033.html,100,0,100,0,100,0
42,cooking_html/tasty-2323.html,100,100,100,0,100,0
42,cooking_html/nytimes-0743.html,100,100,100,100,100,100
42,cooking_html/tasty-1291.html,100,0,100,0,100,0
42,cooking_html/tasty-0842.html,100,0,100,0,100,0
42,cooking_html/nytimes-0338.html,100,100,100,100,100,100
42,cooking_html/tasty-1338.html,100,0,100,0,100,0
42,cooking_html/tasty-0086.html,100,0,100,0,100,0
42,cooking_html/foodnetwork-0213.html,100,100,100,100,100,100
42,cooking_html/tasty-0566.html,100,0,100,0,100,0
42,cooking_html/allrecipes-1556.html,100,100,100,100,100,100
42,cooking_html/foodnetwork-0969.html,100,100,100,100,100,100
42,cooking_html/nytimes-0077.html,100,100,100,100,100,100
42,cooking_html/allrecipes-1070.html,100,100,100,100,100,100
42,cooking_html/allrecipes-0882.html,100,100,100,100,100,100
42,cooking_html/foodnetwork-0647.html,100,100,100,100,100,100
42,cooking_html/foodnetwork-0619.html,100,100,100,100,100,100
42,cooking_html/nytimes-0115.html,100,100,100,100,100,100
42,cooking_html/tasty-0899.html,100,0,100,0,100,0
42,cooking_html/nytimes-0346.html,100,100,100,100,100,100
42,cooking_html/allrecipes-1412.html,100,100,100,100,100,100
42,cooking_html/tasty-1532.html,100,0,0,0,100,0
42,cooking_html/allrecipes-0860.html,100,100,100,100,100,100
42,cooking_html/foodnetwork-0531.html,100,100,100,100,100,100
42,cooking_html/nytimes-1896.html,100,100,100,100,100,100
42,cooking_html/tasty-2257.html,100,0,0,0,100,0
42,cooking_html/allrecipes-0702.html,100,100,100,100,100,100
42,cooking_html/allrecipes-1235.html,100,100,100,100,100,100
42,cooking_html/tasty-1074.html,100,0,100,0,100,0
42,cooking_html/allrecipes-0170.html,100,100,100,100,100,100
42,cooking_html/allrecipes-1393.html,100,0,100,100,100,0
42,cooking_html/foodnetwork-1839.html,100,100,100,100,100,100
42,cooking_html/allrecipes-1562.html,100,100,100,100,100,100
42,cooking_html/foodnetwork-1423.html,100,100,0,100,100,0
42,cooking_html/tasty-2095.html,100,0,100,100,100,0
42,cooking_html/tasty-0572.html,100,0,100,0,100,0
42,cooking_html/tasty-0565.html,100,0,100,0,100,0
42,cooking_html/tasty-0748.html,100,0,100,0,100,0
42,cooking_html/nytimes-1942.html,100,100,100,100,100,100
42,cooking_html/allrecipes-1071.html,100,100,100,100,100,100
42,cooking_html/nytimes-0968.html,100,100,100,100,100,100
42,cooking_html/tasty-2088.html,100,0,100,0,100,0
42,cooking_html/allrecipes-0008.html,100,0,100,100,100,0
42,cooking_html/cookingclassy-0065.html,100,100,100,100,100,100
42,cooking_html/nytimes-1949.html,100,100,100,100,100,100
42,cooking_html/tasty-0702.html,100,0,100,0,100,0
42,cooking_html/cookingclassy-0371.html,100,100,100,100,100,100
42,cooking_html/nytimes-0445.html,100,100,100,100,100,100
42,cooking_html/allrecipes-1552.html,100,100,100,100,100,100
42,cooking_html/cookingclassy-0416.html,100,100,100,100,100,100
42,cooking_html/allrecipes-0183.html,100,100,100,100,100,100
42,cooking_html/cookingclassy-0137.html,100,0,100,100,100,0
42,cooking_html/nytimes-0297.html,100,100,100,100,100,100
42,cooking_html/foodnetwork-0688.html,100,100,100,100,0,0
42,cooking_html/nytimes-0652.html,100,100,100,100,100,100
42,cooking_html/tasty-1554.html,100,0,100,0,100,0
42,cooking_html/tasty-2186.html,100,0,100,0,100,0
42,cooking_html/foodnetwork-1070.html,100,100,100,100,100,100
42,cooking_html/nytimes-0245.html,100,100,100,100,100,100
42,cooking_html/tasty-0382.html,100,0,0,100,100,0
42,cooking_html/tasty-0935.html,100,0,100,0,100,0
42,cooking_html/tasty-1630.html,100,0,100,0,100,0
42,cooking_html/tasty-0359.html,100,0,100,0,100,0
42,cooking_html/foodnetwork-0174.html,100,100,100,100,100,100
42,cooking_html/foodnetwork-1379.html,100,100,0,100,100,0
42,cooking_html/allrecipes-0093.html,100,100,100,100,100,100
42,cooking_html/nytimes-0923.html,100,100,100,100,100,100
42,cooking_html/tasty-0457.html,100,0,100,0,100,0
42,cooking_html/tasty-2192.html,100,0,100,0,100,0
42,cooking_html/allrecipes-0233.html,100,100,100,100,100,100
42,cooking_html/cookingclassy-0270.html,100,0,100,100,100,0
42,cooking_html/nytimes-0191.html,100,100,100,100,100,100
42,cooking_html/tasty-1935.html,100,0,100,100,100,0
42,cooking_html/allrecipes-1254.html,100,100,100,100,100,100
42,cooking_html/foodnetwork-0244.html,100,100,0,100,100,0
42,cooking_html/cookingclassy-0023.html,100,100,100,100,100,100
42,cooking_html/tasty-2327.html,100,0,100,100,100,0
42,cooking_html/nytimes-0904.html,100,100,100,100,100,100
42,cooking_html/foodnetwork-1398.html,100,100,100,100,100,100
42,cooking_html/tasty-1442.html,100,0,100,0,100,0
42,cooking_html/foodnetwork-0457.html,100,100,0,100,0,0
42,cooking_html/tasty-1184.html,100,0,100,0,100,0
42,cooking_html/tasty-2378.html,100,0,100,0,100,0
42,cooking_html/nytimes-1098.html,100,100,100,100,100,100
42,cooking_html/tasty-1048.html,100,0,100,0,100,0
42,cooking_html/foodnetwork-0124.html,100,100,100,100,100,100
42,cooking_html/tasty-2231.html,100,0,100,0,100,0
42,cooking_html/nytimes-0595.html,100,100,100,100,100,100
42,cooking_html/nytimes-1743.html,100,100,100,100,100,100
42,cooking_html/nytimes-1933.html,100,100,100,100,100,100
42,cooking_html/foodnetwork-0939.html,100,100,100,100,100,100
42,cooking_html/cookingclassy-0618.html,100,100,100,100,100,100
42,cooking_html/cookingclassy-0797.html,100,100,100,100,100,100
42,cooking_html/cookingclassy-0818.html,100,0,100,100,100,0
42,cooking_html/foodnetwork-0510.html,100,100,100,100,100,100
42,cooking_html/tasty-2277.html,100,0,100,0,100,0
42,cooking_html/tasty-0821.html,100,0,100,0,100,0
42,cooking_html/nytimes-0665.html,100,100,100,100,100,100
42,cooking_html/tasty-0142.html,100,0,100,0,100,0
42,cooking_html/tasty-0658.html,100,0,100,0,100,0
42,cooking_html/foodnetwork-1333.html,100,100,100,100,100,100
42,cooking_html/foodnetwork-1418.html,100,100,0,100,100,0
42,cooking_html/tasty-2021.html,100,100,100,0,100,0
42,cooking_html/foodnetwork-0348.html,100,100,100,100,100,100
42,cooking_html/tasty-0687.html,100,0,100,0,100,0
42,cooking_html/cookingclassy-0326.html,100,100,100,100,100,100
42,cooking_html/foodnetwork-2104.html,100,100,100,100,100,100
42,cooking_html/nytimes-1838.html,100,100,100,100,100,100
42,cooking_html/foodnetwork-1601.html,100,100,100,100,0,0
42,cooking_html/cookingclassy-0244.html,100,100,100,100,100,100
42,cooking_html/foodnetwork-0378.html,100,100,100,100,100,100
42,cooking_html/foodnetwork-1394.html,100,100,0,100,100,0
42,cooking_html/tasty-1137.html,100,0,100,0,100,0
42,cooking_html/allrecipes-1123.html,100,100,100,100,100,100
42,cooking_html/cookingclassy-0615.html,100,100,100,100,100,100
42,cooking_html/tasty-0865.html,100,0,100,0,100,0
42,cooking_html/nytimes-0037.html,100,100,100,100,100,100
42,cooking_html/nytimes-0126.html,100,100,100,100,100,100
42,cooking_html/nytimes-0980.html,100,100,100,100,100,100
42,cooking_html/allrecipes-1394.html,100,0,100,100,100,0
42,cooking_html/tasty-1802.html,100,0,100,0,100,0
42,cooking_html/nytimes-1478.html,100,100,100,100,100,100
42,cooking_html/cookingclassy-0956.html,100,100,100,100,100,100
42,cooking_html/allrecipes-1039.html,100,100,100,100,0,0
42,cooking_html/foodnetwork-0146.html,100,100,100,100,100,100
42,cooking_html/foodnetwork-1368.html,100,100,0,100,100,0
42,cooking_html/tasty-2493.html,100,0,100,0,100,0
42,cooking_html/tasty-1789.html,100,0,100,0,100,0
42,cooking_html/foodnetwork-0043.html,100,100,0,100,0,0
42,cooking_html/tasty-1837.html,100,0,100,100,100,0
42,cooking_html/foodnetwork-0945.html,100,100,100,100,100,100
42,cooking_html/nytimes-0648.html,100,100,100,100,100,100
42,cooking_html/allrecipes-1093.html,100,100,100,100,100,100
42,cooking_html/foodnetwork-0490.html,100,100,100,100,100,100
42,cooking_html/tasty-2442.html,100,0,100,100,100,0
42,cooking_html/tasty-1500.html,100,0,100,0,100,0
42,cooking_html/nytimes-0514.html,100,100,100,100,100,100
42,cooking_html/foodnetwork-0574.html,100,100,0,100,100,0
42,cooking_html/allrecipes-0632.html,100,0,100,100,100,0
42,cooking_html/foodnetwork-2018.html,100,100,100,100,100,100
42,cooking_html/nytimes-1457.html,100,100,100,100,100,100
42,cooking_html/foodnetwork-2190.html,100,100,100,100,100,100
42,cooking_html/cookingclassy-0095.html,100,100,100,100,100,100
42,cooking_html/allrecipes-0592.html,100,100,100,100,100,100
42,cooking_html/allrecipes-1467.html,100,100,100,100,100,100
42,cooking_html/allrecipes-0527.html,100,0,100,100,100,0
42,cooking_html/tasty-1215.html,100,0,100,100,100,0
42,cooking_html/nytimes-2030.html,100,100,100,100,100,100
42,cooking_html/tasty-2363.html,100,0,100,0,100,0
42,cooking_html/nytimes-1094.html,100,100,100,100,100,100
42,cooking_html/tasty-1787.html,100,0,100,100,100,0
42,cooking_html/nytimes-1767.html,100,100,100,100,100,100
42,cooking_html/foodnetwork-2261.html,100,100,100,100,0,0
42,cooking_html/foodnetwork-0315.html,100,100,100,100,0,0
42,cooking_html/nytimes-1035.html,100,100,100,100,100,100
42,cooking_html/tasty-1873.html,100,0,100,0,100,0
42,cooking_html/nytimes-1737.html,100,100,100,100,100,100
42,cooking_html/tasty-0555.html,100,0,100,0,100,0
42,cooking_html/cookingclassy-0657.html,100,100,100,100,100,100
42,cooking_html/allrecipes-1574.html,100,100,100,100,100,100
42,cooking_html/allrecipes-1646.html,100,100,100,100,100,100
42,cooking_html/foodnetwork-0536.html,100,100,100,100,100,100
42,cooking_html/foodnetwork-1779.html,100,100,0,100,0,0
42,cooking_html/nytimes-0495.html,100,100,100,100,100,100
42,cooking_html/allrecipes-1414.html,100,100,100,100,100,100
42,cooking_html/tasty-2402.html,100,0,0,0,100,0
42,cooking_html/foodnetwork-0552.html,100,100,100,100,100,100
42,cooking_html/nytimes-1555.html,100,100,100,100,100,100
42,cooking_html/tasty-2181.html,100,0,100,100,100,0
42,cooking_html/foodnetwork-1969.html,100,100,0,100,0,0
42,cooking_html/foodnetwork-1507.html,100,100,0,100,0,0
42,cooking_html/tasty-1503.html,100,0,0,100,100,0
42,cooking_html/foodnetwork-0344.html,100,100,100,100,100,100
42,cooking_html/nytimes-0244.html,100,100,100,100,100,100
42,cooking_html/nytimes-0407.html,100,100,100,100,100,100
42,cooking_html/tasty-2066.html,100,0,100,0,100,0
42,cooking_html/nytimes-1383.html,100,100,100,100,100,100
42,cooking_html/nytimes-1842.html,100,100,100,100,100,100
42,cooking_html/tasty-1760.html,100,0,100,0,100,0
42,cooking_html/foodnetwork-0379.html,100,100,100,100,0,0
42,cooking_html/tasty-0346.html,100,0,100,0,100,0
42,cooking_html/nytimes-1486.html,100,100,100,100,100,100
42,cooking_html/tasty-1907.html,100,0,100,100,100,0
42,cooking_html/tasty-0696.html,100,0,100,100,100,0
42,cooking_html/tasty-0968.html,100,0,100,100,100,0
42,cooking_html/allrecipes-0393.html,100,100,100,100,100,100
42,cooking_html/allrecipes-1026.html,100,100,100,100,100,100
42,cooking_html/nytimes-1090.html,100,100,100,100,100,100
42,cooking_html/nytimes-0937.html,100,100,100,100,100,100
42,cooking_html/tasty-1142.html,100,0,100,0,100,0
42,cooking_html/cookingclassy-0825.html,100,100,100,100,100,100
42,cooking_html/cookingclassy-1071.html,100,100,100,100,100,100
42,cooking_html/foodnetwork-1581.html,100,100,0,100,100,0
42,cooking_html/nytimes-0040.html,100,100,100,100,100,100
42,cooking_html/allrecipes-1154.html,100,0,100,100,100,0
42,cooking_html/nytimes-0455.html,100,100,100,100,100,100
42,cooking_html/foodnetwork-0918.html,100,100,0,100,100,0
42,cooking_html/nytimes-1752.html,100,100,100,100,100,100
42,cooking_html/nytimes-0239.html,100,100,100,100,100,100
42,cooking_html/nytimes-1347.html,100,100,100,100,100,100
42,cooking_html/tasty-0494.html,100,0,100,0,100,0
42,cooking_html/nytimes-0053.html,100,100,100,100,100,100
42,cooking_html/cookingclassy-1163.html,100,100,100,100,100,100
42,cooking_html/foodnetwork-0576.html,100,100,0,100,100,0
42,cooking_html/allrecipes-0237.html,100,0,100,100,100,0
42,cooking_html/tasty-0345.html,100,0,100,0,100,0
42,cooking_html/foodnetwork-1533.html,100,100,0,100,100,0
42,cooking_html/foodnetwork-0054.html,100,100,0,100,100,0
42,cooking_html/nytimes-1556.html,100,100,100,100,100,100
42,cooking_html/cookingclassy-0568.html,100,100,100,0,100,0
42,cooking_html/nytimes-1898.html,100,100,100,100,100,100
42,cooking_html/foodnetwork-1359.html,100,100,0,100,100,0
42,cooking_html/foodnetwork-0366.html,100,100,100,100,0,0
42,cooking_html/allrecipes-0563.html,100,0,100,100,100,0
42,cooking_html/nytimes-1897.html,100,100,100,100,100,100
42,cooking_html/cookingclassy-1305.html,100,100,100,100,100,100
42,cooking_html/allrecipes-1189.html,100,100,100,100,100,100
42,cooking_html/nytimes-0484.html,100,100,100,100,100,100
42,cooking_html/nytimes-1849.html,100,100,100,100,100,100
42,cooking_html/allrecipes-0738.html,100,100,100,100,100,100
42,cooking_html/foodnetwork-0753.html,100,100,100,100,0,0
42,cooking_html/nytimes-1197.html,100,100,100,100,100,100
42,cooking_html/allrecipes-0396.html,100,100,100,100,100,100
42,cooking_html/nytimes-0910.html,100,100,100,100,100,100
42,cooking_html/tasty-0350.html,100,0,100,0,100,0
42,cooking_html/allrecipes-1042.html,100,100,100,100,100,100
42,cooking_html/foodnetwork-0470.html,100,100,100,100,100,100
42,cooking_html/nytimes-1517.html,100,100,100,100,100,100
42,cooking_html/cookingclassy-0467.html,100,100,100,100,100,100
42,cooking_html/tasty-1911.html,100,0,100,0,100,0
42,cooking_html/tasty-0440.html,100,0,100,0,100,0
42,cooking_html/nytimes-1462.html,100,100,100,100,100,100
42,cooking_html/nytimes-1077.html,100,100,100,100,100,100
42,cooking_html/cookingclassy-1050.html,100,100,100,100,100,100
42,cooking_html/tasty-0841.html,100,0,100,0,100,0
42,cooking_html/tasty-2311.html,100,0,100,0,100,0
42,cooking_html/nytimes-0250.html,100,100,100,100,100,100
42,cooking_html/cookingclassy-0180.html,100,100,100,100,100,100
42,cooking_html/nytimes-0628.html,100,100,100,100,100,100
42,cooking_html/nytimes-1927.html,100,100,100,100,100,100
42,cooking_html/allrecipes-1165.html,100,100,100,100,100,100
42,cooking_html/nytimes-0619.html,100,100,100,100,100,100
42,cooking_html/foodnetwork-0585.html,100,100,0,100,0,0
42,cooking_html/cookingclassy-0408.html,100,100,100,100,100,100
42,cooking_html/nytimes-0006.html,100,100,100,100,100,100
42,cooking_html/allrecipes-0955.html,100,100,100,100,100,100
42,cooking_html/tasty-2200.html,100,0,100,0,100,0
42,cooking_html/nytimes-0806.html,100,100,100,100,100,100
42,cooking_html/allrecipes-1525.html,100,100,100,100,100,100
42,cooking_html/nytimes-0010.html,100,100,100,100,100,100
42,cooking_html/foodnetwork-0971.html,100,100,100,100,100,100
42,cooking_html/tasty-2254.html,100,100,100,100,100,100
42,cooking_html/foodnetwork-0394.html,100,100,0,100,100,0
42,cooking_html/nytimes-1867.html,100,100,100,100,100,100
42,cooking_html/cookingclassy-0925.html,100,100,100,100,100,100
42,cooking_html/tasty-1912.html,100,0,100,0,100,0
42,cooking_html/nytimes-0278.html,100,100,100,100,100,100
42,cooking_html/tasty-1316.html,100,0,100,0,100,0
42,cooking_html/tasty-0351.html,100,0,100,0,100,0
42,cooking_html/foodnetwork-0412.html,100,100,0,100,100,0
42,cooking_html/cookingclassy-0530.html,100,100,100,100,100,100
42,cooking_html/cookingclassy-0356.html,100,100,100,100,100,100
42,cooking_html/cookingclassy-0061.html,100,100,100,100,100,100
42,cooking_html/tasty-2412.html,100,0,100,100,100,0
42,cooking_html/tasty-1008.html,100,0,100,0,100,0
42,cooking_html/foodnetwork-2129.html,100,100,100,100,0,0
42,cooking_html/foodnetwork-0848.html,100,100,0,100,100,0
42,cooking_html/foodnetwork-0742.html,100,100,100,100,100,100
42,cooking_html/tasty-1926.html,100,0,100,0,100,0
42,cooking_html/cookingclassy-0038.html,100,100,100,100,100,100
42,cooking_html/nytimes-1714.html,100,100,100,100,100,100
42,cooking_html/cookingclassy-0733.html,100,100,100,100,100,100
42,cooking_html/tasty-2389.html,100,0,100,0,100,0
42,cooking_html/allrecipes-0071.html,100,100,100,100,100,100
42,cooking_html/tasty-0889.html,100,0,100,100,100,0
42,cooking_html/foodnetwork-1303.html,100,100,100,100,100,100
42,cooking_html/nytimes-1511.html,100,100,100,100,100,100
42,cooking_html/tasty-1875.html,100,0,100,0,100,0
42,cooking_html/tasty-0945.html,100,0,100,0,100,0
42,cooking_html/allrecipes-1051.html,100,100,100,100,100,100
42,cooking_html/cookingclassy-0892.html,100,100,100,100,100,100
42,cooking_html/tasty-1319.html,100,0,100,0,100,0
42,cooking_html/cookingclassy-1142.html,100,100,100,100,100,100
42,cooking_html/allrecipes-1289.html,100,100,100,100,100,100
42,cooking_html/cookingclassy-0904.html,100,100,100,100,100,100
42,cooking_html/cookingclassy-0810.html,100,100,100,100,100,100
42,cooking_html/tasty-2422.html,100,0,0,0,100,0
42,cooking_html/foodnetwork-1125.html,100,100,100,100,100,100
42,cooking_html/tasty-1867.html,100,0,100,0,100,0
42,cooking_html/foodnetwork-0188.html,100,100,0,100,100,0
42,cooking_html/cookingclassy-0556.html,100,100,100,100,100,100
42,cooking_html/tasty-1701.html,100,0,100,100,100,0
42,cooking_html/allrecipes-0611.html,100,100,100,100,100,100
42,cooking_html/nytimes-1561.html,100,100,100,100,100,100
42,cooking_html/foodnetwork-1617.html,100,100,0,100,100,0
42,cooking_html/tasty-1189.html,100,0,100,100,100,0
42,cooking_html/cookingclassy-1276.html,100,100,100,100,100,100
42,cooking_html/allrecipes-0272.html,100,100,100,100,100,100
42,cooking_html/tasty-2416.html,100,0,100,100,100,0
42,cooking_html/tasty-0717.html,100,0,100,0,100,0
42,cooking_html/foodnetwork-2238.html,100,100,0,100,100,0
42,cooking_html/foodnetwork-0733.html,100,100,0,100,100,0
42,cooking_html/tasty-2195.html,100,0,100,0,100,0
42,cooking_html/foodnetwork-0173.html,100,100,100,100,100,100
42,cooking_html/nytimes-0227.html,100,100,100,100,100,100
42,cooking_html/tasty-1683.html,100,0,100,0,100,0
42,cooking_html/allrecipes-0825.html,100,0,100,100,100,0
42,cooking_html/cookingclassy-0996.html,100,100,100,100,100,100
42,cooking_html/foodnetwork-1553.html,100,100,100,100,0,0
42,cooking_html/cookingclassy-0303.html,100,100,100,100,100,100
42,cooking_html/nytimes-0215.html,100,100,100,100,100,100
42,cooking_html/allrecipes-1478.html,100,100,100,100,100,100
42,cooking_html/tasty-0576.html,100,0,100,0,100,0
42,cooking_html/allrecipes-0367.html,100,0,100,100,100,0
42,cooking_html/allrecipes-0851.html,100,100,100,100,100,100
42,cooking_html/foodnetwork-0303.html,100,100,100,100,100,100
42,cooking_html/foodnetwork-0347.html,100,100,100,100,0,0
42,cooking_html/nytimes-0150.html,100,100,100,100,100,100
42,cooking_html/nytimes-1161.html,100,100,100,100,100,100
42,cooking_html/allrecipes-1493.html,100,100,100,100,100,100
42,cooking_html/allrecipes-1241.html,100,0,100,100,100,0
42,cooking_html/tasty-0807.html,100,0,100,0,100,0
42,cooking_html/foodnetwork-0560.html,100,100,0,100,0,0
42,cooking_html/nytimes-1045.html,100,100,100,100,100,100
42,cooking_html/foodnetwork-0506.html,100,100,0,100,100,0
42,cooking_html/tasty-0922.html,100,0,100,0,100,0
42,cooking_html/cookingclassy-0094.html,100,100,100,100,100,100
42,cooking_html/tasty-0038.html,100,0,100,0,100,0
42,cooking_html/foodnetwork-0401.html,100,100,0,100,100,0
42,cooking_html/tasty-0839.html,100,0,100,0,100,0
42,cooking_html/nytimes-1343.html,100,100,100,100,100,100
42,cooking_html/allrecipes-0619.html,100,0,100,100,100,0
42,cooking_html/nytimes-0320.html,100,100,100,100,100,100
42,cooking_html/nytimes-0804.html,100,100,100,100,100,100
42,cooking_html/allrecipes-0582.html,100,100,100,100,100,100
42,cooking_html/nytimes-1399.html,100,100,100,100,100,100
42,cooking_html/cookingclassy-1266.html,100,100,100,100,100,100
42,cooking_html/foodnetwork-0292.html,100,100,100,100,100,100
42,cooking_html/allrecipes-0664.html,100,100,100,100,100,100
42,cooking_html/allrecipes-1682.html,100,100,100,100,100,100
42,cooking_html/allrecipes-0683.html,100,100,100,100,100,100
42,cooking_html/tasty-0513.html,100,0,100,0,100,0
42,cooking_html/cookingclassy-1194.html,100,100,100,100,100,100
42,cooking_html/foodnetwork-0995.html,100,100,0,100,100,0
42,cooking_html/nytimes-1062.html,100,100,100,100,100,100
42,cooking_html/cookingclassy-0922.html,100,100,100,100,100,100
42,cooking_html/tasty-2362.html,100,0,100,0,100,0
42,cooking_html/tasty-1269.html,100,0,0,0,100,0
42,cooking_html/foodnetwork-1114.html,100,100,0,100,100,0
42,cooking_html/tasty-0338.html,100,0,100,0,100,0
42,cooking_html/foodnetwork-1160.html,100,100,0,100,100,0
42,cooking_html/foodnetwork-0509.html,100,100,100,100,0,0
42,cooking_html/nytimes-1128.html,100,100,100,100,100,100
42,cooking_html/tasty-0712.html,100,0,100,0,100,0
42,cooking_html/allrecipes-1644.html,100,100,100,100,100,100
42,cooking_html/tasty-0449.html,100,0,100,0,100,0
42,cooking_html/foodnetwork-0808.html,100,100,100,100,100,100
42,cooking_html/nytimes-0879.html,100,100,100,100,100,100
42,cooking_html/nytimes-1038.html,100,100,100,100,100,100
42,cooking_html/foodnetwork-0219.html,100,100,100,100,100,100
42,cooking_html/tasty-0096.html,100,0,100,0,100,0
42,cooking_html/nytimes-0769.html,100,100,100,100,100,100
42,cooking_html/tasty-2466.html,100,0,100,0,100,0
42,cooking_html/foodnetwork-1731.html,100,100,0,100,0,0
42,cooking_html/allrecipes-0795.html,100,100,100,100,100,100
42,cooking_html/cookingclassy-0480.html,100,0,100,100,100,0
42,cooking_html/allrecipes-0663.html,100,100,100,100,100,100
42,cooking_html/tasty-2125.html,100,0,100,100,100,0
42,cooking_html/tasty-0651.html,100,0,100,0,100,0
42,cooking_html/nytimes-0973.html,100,100,100,100,100,100
42,cooking_html/cookingclassy-0159.html,100,100,100,100,100,100
42,cooking_html/nytimes-0168.html,100,100,100,100,100,100
42,cooking_html/cookingclassy-0115.html,100,100,100,100,100,100
42,cooking_html/foodnetwork-1189.html,100,100,100,100,0,0
42,cooking_html/nytimes-1626.html,100,100,100,100,100,100
42,cooking_html/tasty-1801.html,100,0,0,0,100,0
42,cooking_html/nytimes-1562.html,100,100,100,100,100,100
42,cooking_html/foodnetwork-0644.html,100,100,100,100,0,0
42,cooking_html/foodnetwork-0022.html,100,100,100,100,100,100
42,cooking_html/allrecipes-1452.html,100,100,100,100,100,100
42,cooking_html/cookingclassy-0161.html,100,100,100,100,100,100
42,cooking_html/allrecipes-0884.html,100,100,100,100,100,100
42,cooking_html/cookingclassy-0069.html,100,100,100,100,100,100
42,cooking_html/cookingclassy-0799.html,100,100,100,100,100,100
42,cooking_html/tasty-0094.html,100,0,100,0,100,0
42,cooking_html/cookingclassy-1000.html,100,100,100,100,100,100
42,cooking_html/tasty-0472.html,100,0,0,0,100,0
42,cooking_html/nytimes-0862.html,100,100,100,100,100,100
42,cooking_html/foodnetwork-0312.html,100,100,0,100,100,0
42,cooking_html/nytimes-1353.html,100,100,100,100,100,100
42,cooking_html/nytimes-1940.html,100,100,100,100,100,100
42,cooking_html/cookingclassy-0986.html,100,100,100,100,100,100
42,cooking_html/nytimes-1979.html,100,100,100,100,100,100
42,cooking_html/nytimes-0739.html,100,100,100,100,100,100
42,cooking_html/allrecipes-1576.html,100,100,100,100,100,100
42,cooking_html/allrecipes-0991.html,100,100,100,100,100,100
42,cooking_html/foodnetwork-0093.html,100,100,0,100,0,0
42,cooking_html/tasty-0510.html,100,0,0,0,100,0
42,cooking_html/nytimes-0131.html,100,100,100,100,100,100
42,cooking_html/cookingclassy-0508.html,100,100,100,100,100,100
42,cooking_html/cookingclassy-1279.html,100,100,100,100,100,100
42,cooking_html/tasty-0215.html,100,0,0,0,100,0
42,cooking_html/nytimes-0303.html,100,100,100,100,100,100
42,cooking_html/tasty-1302.html,100,0,100,100,100,0
42,cooking_html/foodnetwork-0598.html,100,100,0,100,100,0
42,cooking_html/tasty-2000.html,100,0,100,0,100,0
42,cooking_html/foodnetwork-0697.html,100,100,100,100,0,0
42,cooking_html/tasty-0868.html,100,0,0,0,100,0
42,cooking_html/cookingclassy-0571.html,100,100,100,100,100,100
42,cooking_html/nytimes-0589.html,100,100,100,100,100,100
42,cooking_html/allrecipes-1571.html,100,100,100,100,100,100
42,cooking_html/nytimes-1808.html,100,100,100,100,100,100
42,cooking_html/foodnetwork-1318.html,100,100,100,100,100,100
42,cooking_html/tasty-0258.html,100,0,100,0,100,0
42,cooking_html/nytimes-1027.html,100,100,100,100,100,100
42,cooking_html/nytimes-1679.html,100,100,100,100,100,100
42,cooking_html/tasty-1739.html,100,0,100,0,100,0
42,cooking_html/nytimes-0477.html,100,100,100,100,100,100
42,cooking_html/cookingclassy-0168.html,100,100,100,100,100,100
42,cooking_html/cookingclassy-0439.html,100,0,100,100,100,0
42,cooking_html/tasty-1652.html,100,0,100,0,100,0
42,cooking_html/nytimes-0779.html,100,100,100,100,100,100
42,cooking_html/allrecipes-1673.html,100,100,100,100,100,100
42,cooking_html/cookingclassy-1122.html,100,100,100,100,100,100
42,cooking_html/cookingclassy-0521.html,100,100,100,100,100,100
42,cooking_html/nytimes-0144.html,100,100,100,100,100,100
42,cooking_html/nytimes-1710.html,100,100,100,100,100,100
42,cooking_html/allrecipes-0264.html,100,100,100,100,100,100
42,cooking_html/tasty-1732.html,100,0,0,0,100,0
42,cooking_html/allrecipes-1488.html,100,100,100,100,100,100
42,cooking_html/tasty-0470.html,100,0,100,0,100,0
42,cooking_html/cookingclassy-0849.html,100,100,100,100,100,100
42,cooking_html/allrecipes-0062.html,100,100,100,100,100,100
42,cooking_html/allrecipes-0251.html,100,100,100,100,100,100
42,cooking_html/nytimes-1637.html,100,100,100,100,100,100
42,cooking_html/nytimes-1676.html,100,100,100,100,100,100
42,cooking_html/foodnetwork-1580.html,100,100,100,100,0,0
42,cooking_html/allrecipes-0399.html,100,100,100,100,100,100
42,cooking_html/cookingclassy-0481.html,100,100,100,100,100,100
42,cooking_html/tasty-2401.html,100,0,100,100,100,0
42,cooking_html/tasty-1944.html,100,0,100,100,100,0
42,cooking_html/allrecipes-1108.html,100,100,100,100,100,100
42,cooking_html/foodnetwork-1032.html,100,100,100,100,100,100
42,cooking_html/tasty-0924.html,100,0,100,0,100,0
42,cooking_html/foodnetwork-0478.html,100,100,0,100,100,0
42,cooking_html/nytimes-0612.html,100,100,100,100,100,100
42,cooking_html/tasty-1564.html,100,0,100,100,100,0
42,cooking_html/foodnetwork-1193.html,100,100,100,100,100,100
42,cooking_html/nytimes-1827.html,100,100,100,100,100,100
42,cooking_html/nytimes-0197.html,100,100,100,100,100,100
42,cooking_html/nytimes-1482.html,100,100,100,100,100,100
42,cooking_html/tasty-1618.html,100,0,100,0,100,0
42,cooking_html/allrecipes-0783.html,100,100,100,100,100,100
42,cooking_html/allrecipes-1569.html,100,100,100,100,100,100
42,cooking_html/allrecipes-1540.html,100,100,100,100,100,100
42,cooking_html/tasty-1723.html,100,100,100,0,100,0
42,cooking_html/tasty-0997.html,100,0,100,0,100,0
42,cooking_html/foodnetwork-0090.html,100,100,0,100,100,0
42,cooking_html/allrecipes-1018.html,100,100,100,100,100,100
42,cooking_html/cookingclassy-0373.html,100,100,100,100,100,100
42,cooking_html/foodnetwork-0225.html,100,100,100,100,0,0
42,cooking_html/nytimes-0311.html,100,100,100,100,100,100
42,cooking_html/tasty-2298.html,100,0,100,100,100,0
42,cooking_html/tasty-0955.html,100,0,100,0,100,0
42,cooking_html/nytimes-1135.html,100,100,100,100,100,100
42,cooking_html/tasty-0376.html,100,0,100,100,100,0
42,cooking_html/nytimes-1860.html,100,100,100,100,100,100
42,cooking_html/tasty-1422.html,100,0,0,0,100,0
42,cooking_html/tasty-0981.html,100,0,100,0,100,0
42,cooking_html/allrecipes-1579.html,100,100,100,100,100,100
42,cooking_html/foodnetwork-1649.html,100,100,100,100,0,0
42,cooking_html/nytimes-0569.html,100,100,100,100,100,100
42,cooking_html/nytimes-1082.html,100,100,100,100,100,100
42,cooking_html/tasty-0194.html,100,0,100,0,100,0
42,cooking_html/allrecipes-0597.html,100,100,100,100,100,100
42,cooking_html/nytimes-0127.html,100,100,100,100,100,100
42,cooking_html/nytimes-0770.html,100,100,100,100,100,100
42,cooking_html/foodnetwork-1106.html,100,100,100,100,100,100
42,cooking_html/tasty-1543.html,100,0,100,0,100,0
42,cooking_html/allrecipes-1428.html,100,100,100,100,100,100
42,cooking_html/allrecipes-1440.html,100,100,100,100,100,100
42,cooking_html/tasty-1952.html,100,0,100,100,100,0
42,cooking_html/allrecipes-1300.html,100,100,100,100,100,100
42,cooking_html/cookingclassy-0679.html,100,100,100,100,100,100
42,cooking_html/allrecipes-0780.html,100,100,100,100,100,100
42,cooking_html/allrecipes-0041.html,100,100,100,100,100,100
42,cooking_html/foodnetwork-0930.html,100,100,100,100,100,100
42,cooking_html/cookingclassy-1212.html,100,100,100,100,100,100
42,cooking_html/nytimes-0106.html,100,100,100,100,100,100
42,cooking_html/nytimes-1670.html,100,100,100,100,100,100
42,cooking_html/nytimes-0299.html,100,100,100,100,100,100
42,cooking_html/nytimes-1296.html,100,100,100,100,100,100
42,cooking_html/nytimes-0783.html,100,100,100,100,100,100
42,cooking_html/nytimes-1297.html,100,100,100,100,100,100
42,cooking_html/allrecipes-1658.html,100,100,100,100,100,100
42,cooking_html/foodnetwork-1104.html,100,100,0,100,100,0
42,cooking_html/tasty-1857.html,100,0,100,100,100,0
42,cooking_html/nytimes-2017.html,100,100,100,100,100,100
42,cooking_html/tasty-0728.html,100,0,100,0,100,0
42,cooking_html/nytimes-1189.html,100,100,100,100,100,100
42,cooking_html/tasty-1897.html,100,0,100,0,100,0
42,cooking_html/cookingclassy-1198.html,100,100,100,100,100,100
42,cooking_html/nytimes-1536.html,100,100,100,100,100,100
42,cooking_html/tasty-2049.html,100,0,100,100,100,0
42,cooking_html/tasty-0604.html,100,0,0,0,100,0
42,cooking_html/tasty-0397.html,100,0,100,0,100,0
42,cooking_html/tasty-1974.html,100,0,100,0,100,0
42,cooking_html/tasty-1279.html,100,0,100,0,100,0
42,cooking_html/foodnetwork-0580.html,100,100,0,100,100,0
42,cooking_html/nytimes-0342.html,100,100,100,100,100,100
42,cooking_html/nytimes-1872.html,100,100,100,100,100,100
42,cooking_html/cookingclassy-0631.html,100,100,100,100,100,100
42,cooking_html/nytimes-0667.html,100,100,100,100,100,100
42,cooking_html/allrecipes-1291.html,100,100,100,100,100,100
42,cooking_html/nytimes-1227.html,100,100,100,100,100,100
42,cooking_html/nytimes-1988.html,100,100,100,100,100,100
42,cooking_html/allrecipes-0781.html,100,100,100,100,100,100
42,cooking_html/nytimes-1669.html,100,100,100,100,100,100
42,cooking_html/tasty-2183.html,100,0,100,0,100,0
42,cooking_html/foodnetwork-2128.html,100,100,100,100,100,100
42,cooking_html/nytimes-1535.html,100,100,100,100,100,100
42,cooking_html/tasty-1928.html,100,0,0,0,100,0
42,cooking_html/foodnetwork-0352.html,100,100,0,100,100,0
42,cooking_html/cookingclassy-1175.html,100,100,100,100,100,100
42,cooking_html/tasty-0340.html,100,0,100,0,100,0
42,cooking_html/cookingclassy-0753.html,100,100,100,100,100,100
42,cooking_html/nytimes-0955.html,100,100,100,100,100,100
42,cooking_html/nytimes-0967.html,100,100,100,100,100,100
42,cooking_html/tasty-1636.html,100,0,0,100,100,0
42,cooking_html/nytimes-1336.html,100,100,100,100,100,100
42,cooking_html/tasty-1087.html,100,0,100,0,100,0
42,cooking_html/foodnetwork-0388.html,100,100,100,100,100,100
42,cooking_html/tasty-0628.html,100,0,100,0,100,0
42,cooking_html/nytimes-1570.html,100,100,100,100,100,100
42,cooking_html/allrecipes-0849.html,100,100,100,100,100,100
42,cooking_html/nytimes-1755.html,100,100,100,100,100,100
42,cooking_html/cookingclassy-1039.html,100,100,100,100,100,100
42,cooking_html/nytimes-1930.html,100,100,100,100,100,100
42,cooking_html/foodnetwork-0567.html,100,100,0,100,100,0
42,cooking_html/nytimes-1144.html,100,100,100,100,100,100
42,cooking_html/foodnetwork-0221.html,100,100,100,100,0,0
42,cooking_html/allrecipes-1513.html,100,100,100,100,100,100
42,cooking_html/allrecipes-0042.html,100,100,100,100,100,100
42,cooking_html/cookingclassy-1241.html,100,100,100,100,100,100
42,cooking_html/cookingclassy-0160.html,100,100,100,100,100,100
42,cooking_html/foodnetwork-1382.html,100,100,0,100,100,0
42,cooking_html/foodnetwork-0838.html,100,100,100,100,100,100
42,cooking_html/cookingclassy-0151.html,100,100,100,100,100,100
42,cooking_html/nytimes-1391.html,100,100,100,100,100,100
42,cooking_html/nytimes-0276.html,100,100,100,100,100,100
42,cooking_html/foodnetwork-0363.html,100,100,100,100,100,100
42,cooking_html/nytimes-1826.html,100,100,100,100,100,100
42,cooking_html/nytimes-1126.html,100,100,100,100,100,100
42,cooking_html/allrecipes-0339.html,100,0,100,100,100,0
42,cooking_html/nytimes-0826.html,100,100,100,100,100,100
42,cooking_html/foodnetwork-0942.html,100,100,100,100,0,0
42,cooking_html/nytimes-0341.html,100,100,100,100,100,100
42,cooking_html/nytimes-1147.html,100,100,100,100,100,100
42,cooking_html/tasty-1154.html,100,0,0,0,100,0
42,cooking_html/allrecipes-1397.html,100,100,100,100,100,100
42,cooking_html/allrecipes-0319.html,100,100,100,100,100,100
42,cooking_html/cookingclassy-0490.html,100,0,100,100,100,0
42,cooking_html/allrecipes-0866.html,100,100,100,100,100,100
42,cooking_html/nytimes-1211.html,100,100,100,100,100,100
42,cooking_html/nytimes-1291.html,100,100,100,100,100,100
42,cooking_html/tasty-1075.html,100,0,100,0,100,0
42,cooking_html/foodnetwork-0406.html,100,100,0,100,100,0
42,cooking_html/allrecipes-1278.html,100,100,100,100,100,100
42,cooking_html/foodnetwork-0975.html,100,100,100,100,100,100
42,cooking_html/cookingclassy-1235.html,100,0,100,100,100,0
42,cooking_html/nytimes-0066.html,100,100,100,100,100,100
42,cooking_html/allrecipes-0779.html,100,100,100,100,100,100
42,cooking_html/allrecipes-1703.html,100,100,100,100,100,100
42,cooking_html/nytimes-0007.html,100,100,100,100,100,100
42,cooking_html/allrecipes-0546.html,100,100,100,100,100,100
42,cooking_html/nytimes-1251.html,100,100,100,100,100,100
42,cooking_html/foodnetwork-0367.html,100,100,100,100,100,100
42,cooking_html/tasty-2221.html,100,0,100,0,100,0
42,cooking_html/nytimes-1675.html,100,100,100,100,100,100
42,cooking_html/foodnetwork-0192.html,100,100,0,100,100,0
42,cooking_html/foodnetwork-1661.html,100,100,100,100,0,0
42,cooking_html/tasty-1676.html,100,0,100,0,100,0
42,cooking_html/nytimes-0705.html,100,100,100,100,100,100
42,cooking_html/allrecipes-1044.html,100,100,100,100,100,100
42,cooking_html/allrecipes-1396.html,100,100,100,100,100,100
42,cooking_html/tasty-0153.html,100,0,0,0,100,0
42,cooking_html/allrecipes-0894.html,100,100,100,100,100,100
42,cooking_html/tasty-0147.html,100,0,100,0,100,0
42,cooking_html/tasty-1688.html,100,0,100,100,100,0
42,cooking_html/allrecipes-1418.html,100,100,100,100,100,100
42,cooking_html/cookingclassy-0435.html,100,100,100,100,100,100
42,cooking_html/tasty-0048.html,100,0,100,0,100,0
42,cooking_html/allrecipes-0668.html,100,100,100,100,100,100
42,cooking_html/nytimes-1270.html,100,100,100,100,100,100
42,cooking_html/foodnetwork-0455.html,100,100,0,100,100,0
42,cooking_html/nytimes-0523.html,100,100,100,100,100,100
42,cooking_html/nytimes-1560.html,100,100,100,100,100,100
42,cooking_html/cookingclassy-0075.html,100,100,100,100,100,100
42,cooking_html/allrecipes-0455.html,100,100,100,100,100,100
42,cooking_html/tasty-1901.html,100,0,100,0,100,0
42,cooking_html/tasty-1767.html,100,0,100,0,100,0
42,cooking_html/cookingclassy-0102.html,100,100,100,100,100,100
42,cooking_html/cookingclassy-0043.html,100,100,100,100,100,100
42,cooking_html/nytimes-0059.html,100,100,100,100,100,100
42,cooking_html/cookingclassy-0313.html,100,100,100,100,100,100
42,cooking_html/tasty-0822.html,100,0,100,100,100,0
42,cooking_html/cookingclassy-0327.html,100,100,100,100,100,100
42,cooking_html/cookingclassy-0860.html,100,100,100,100,100,100
42,cooking_html/foodnetwork-0737.html,100,100,100,100,100,100
42,cooking_html/allrecipes-0500.html,100,100,100,100,100,100
42,cooking_html/nytimes-1065.html,100,100,100,100,100,100
42,cooking_html/foodnetwork-1455.html,100,100,0,100,0,0
42,cooking_html/nytimes-1666.html,100,100,100,100,100,100
42,cooking_html/nytimes-1712.html,100,100,100,100,100,100
42,cooking_html/nytimes-2002.html,100,100,100,100,100,100
42,cooking_html/allrecipes-1355.html,100,100,100,100,100,100
42,cooking_html/cookingclassy-0445.html,100,0,100,100,100,0
42,cooking_html/nytimes-0109.html,100,100,100,100,100,100
42,cooking_html/tasty-2302.html,100,0,100,0,100,0
42,cooking_html/foodnetwork-0769.html,100,100,100,100,100,100
42,cooking_html/foodnetwork-0106.html,100,100,100,100,0,0
42,cooking_html/tasty-0824.html,100,0,100,0,100,0
42,cooking_html/cookingclassy-1110.html,100,100,100,100,100,100
42,cooking_html/nytimes-0004.html,100,100,100,100,100,100
42,cooking_html/tasty-1226.html,100,0,100,0,100,0
42,cooking_html/allrecipes-1272.html,100,100,100,100,100,100
42,cooking_html/nytimes-1466.html,100,100,100,100,100,100
42,cooking_html/nytimes-0360.html,100,100,100,100,100,100
42,cooking_html/foodnetwork-0861.html,100,100,100,100,0,0
42,cooking_html/allrecipes-1290.html,100,100,100,100,100,100
42,cooking_html/tasty-0877.html,100,0,100,0,100,0
42,cooking_html/tasty-0734.html,100,0,100,0,100,0
42,cooking_html/foodnetwork-0692.html,100,100,0,100,100,0
42,cooking_html/allrecipes-1583.html,100,0,100,100,100,0
42,cooking_html/tasty-2491.html,100,0,100,100,100,0
42,cooking_html/tasty-1336.html,100,0,0,0,100,0
42,cooking_html/nytimes-1169.html,100,100,100,100,100,100
42,cooking_html/cookingclassy-0338.html,100,100,100,100,100,100
42,cooking_html/nytimes-1678.html,100,100,100,100,100,100
42,cooking_html/foodnetwork-1929.html,100,100,100,100,100,100
42,cooking_html/nytimes-1794.html,100,100,100,100,100,100
42,cooking_html/tasty-0858.html,100,0,0,0,100,0
42,cooking_html/cookingclassy-0958.html,100,100,100,100,100,100
42,cooking_html/tasty-0046.html,100,0,100,0,100,0
42,cooking_html/tasty-1296.html,100,0,100,0,100,0
42,cooking_html/tasty-0408.html,100,0,100,0,100,0
42,cooking_html/nytimes-1156.html,100,100,100,100,100,100
42,cooking_html/nytimes-1042.html,100,100,100,100,100,100
42,cooking_html/nytimes-0685.html,100,100,100,100,100,100
42,cooking_html/foodnetwork-1863.html,100,100,0,100,0,0
42,cooking_html/nytimes-0216.html,100,100,100,100,100,100
42,cooking_html/cookingclassy-0363.html,100,100,100,100,100,100
42,cooking_html/tasty-0834.html,100,0,0,0,100,0
42,cooking_html/tasty-1582.html,100,0,100,0,100,0
42,cooking_html/foodnetwork-1323.html,100,100,100,100,100,100
42,cooking_html/nytimes-1584.html,100,100,100,100,100,100
42,cooking_html/allrecipes-0481.html,100,100,100,100,100,100
42,cooking_html/foodnetwork-0297.html,100,100,100,100,100,100
42,cooking_html/allrecipes-0063.html,100,100,100,100,100,100
42,cooking_html/cookingclassy-0865.html,100,100,100,100,100,100
42,cooking_html/tasty-2388.html,100,0,100,0,100,0
42,cooking_html/tasty-0577.html,100,0,100,0,100,0
42,cooking_html/tasty-1138.html,100,0,100,0,100,0
42,cooking_html/nytimes-1365.html,100,100,100,100,100,100
42,cooking_html/cookingclassy-0691.html,100,100,100,100,100,100
42,cooking_html/foodnetwork-0082.html,100,100,100,100,0,0
42,cooking_html/tasty-0071.html,100,0,100,0,100,0
42,cooking_html/allrecipes-1622.html,100,0,100,100,100,0
42,cooking_html/foodnetwork-0703.html,100,100,100,100,100,100
42,cooking_html/nytimes-1350.html,100,100,100,100,100,100
42,cooking_html/nytimes-0509.html,100,100,100,100,100,100
42,cooking_html/nytimes-1306.html,100,100,100,100,100,100
42,cooking_html/nytimes-1673.html,100,100,100,100,100,100
42,cooking_html/nytimes-1730.html,100,100,100,100,100,100
42,cooking_html/nytimes-1703.html,100,100,100,100,100,100
42,cooking_html/allrecipes-0270.html,100,100,100,100,100,100
42,cooking_html/cookingclassy-0017.html,100,100,100,100,100,100
42,cooking_html/cookingclassy-0385.html,100,100,100,100,100,100
42,cooking_html/tasty-1790.html,100,0,100,0,100,0
42,cooking_html/nytimes-0466.html,100,100,100,100,100,100
42,cooking_html/foodnetwork-1446.html,100,100,0,100,100,0
42,cooking_html/foodnetwork-0415.html,100,100,100,100,100,100
42,cooking_html/foodnetwork-0462.html,100,100,0,100,0,0
42,cooking_html/nytimes-0974.html,100,100,100,100,100,100
42,cooking_html/allrecipes-0741.html,100,100,100,100,100,100
42,cooking_html/cookingclassy-0242.html,100,100,100,100,100,100
42,cooking_html/allrecipes-0128.html,100,100,100,100,100,100
42,cooking_html/cookingclassy-0142.html,100,100,100,100,100,100
42,cooking_html/tasty-0110.html,100,0,100,0,100,0
42,cooking_html/allrecipes-1226.html,100,100,100,100,100,100
42,cooking_html/nytimes-1577.html,100,100,100,100,100,100
42,cooking_html/allrecipes-0827.html,100,100,100,100,100,100
42,cooking_html/allrecipes-1153.html,100,0,100,100,100,0
42,cooking_html/foodnetwork-0705.html,100,100,0,100,100,0
42,cooking_html/tasty-0729.html,100,0,0,0,100,0
42,cooking_html/cookingclassy-1295.html,100,100,100,100,100,100
42,cooking_html/allrecipes-0317.html,100,0,100,100,100,0
42,cooking_html/tasty-0523.html,100,0,100,0,100,0
42,cooking_html/tasty-1463.html,100,0,100,100,100,0
42,cooking_html/foodnetwork-2260.html,100,100,100,100,100,100
42,cooking_html/tasty-2287.html,100,0,100,0,100,0
42,cooking_html/cookingclassy-0229.html,100,100,100,100,100,100
42,cooking_html/tasty-0674.html,100,0,100,0,100,0
42,cooking_html/allrecipes-1402.html,100,100,100,100,100,100
42,cooking_html/foodnetwork-1605.html,100,100,100,100,0,0
42,cooking_html/allrecipes-0890.html,100,100,100,100,100,100
42,cooking_html/nytimes-2021.html,100,100,100,100,100,100
42,cooking_html/cookingclassy-1027.html,100,100,100,100,100,100
42,cooking_html/tasty-1280.html,100,0,100,0,100,0
42,cooking_html/tasty-1738.html,100,0,100,0,100,0
42,cooking_html/nytimes-1641.html,100,100,100,100,100,100
42,cooking_html/nytimes-0118.html,100,100,100,100,100,100
42,cooking_html/tasty-1971.html,100,0,100,0,100,0
42,cooking_html/tasty-1945.html,100,0,100,0,100,0
42,cooking_html/allrecipes-1465.html,100,100,100,100,100,100
42,cooking_html/cookingclassy-0404.html,100,100,100,100,100,100
42,cooking_html/cookingclassy-0630.html,100,100,100,100,100,100
42,cooking_html/foodnetwork-1689.html,100,100,0,100,100,0
42,cooking_html/allrecipes-0357.html,100,0,100,100,100,0
42,cooking_html/allrecipes-0358.html,100,0,100,100,100,0
42,cooking_html/allrecipes-0889.html,100,100,100,100,100,100
42,cooking_html/foodnetwork-1628.html,100,100,0,100,100,0
42,cooking_html/tasty-1155.html,100,0,100,0,100,0
42,cooking_html/tasty-0354.html,100,0,0,0,100,0
42,cooking_html/cookingclassy-0055.html,100,100,100,100,100,100
42,cooking_html/cookingclassy-1155.html,100,100,100,100,100,100
42,cooking_html/cookingclassy-0970.html,100,100,100,100,100,100
42,cooking_html/allrecipes-0657.html,100,100,100,100,100,100
42,cooking_html/tasty-1081.html,100,0,100,0,100,0
42,cooking_html/cookingclassy-0101.html,100,100,100,100,100,100
42,cooking_html/allrecipes-1639.html,100,100,100,100,100,100
42,cooking_html/nytimes-1373.html,100,100,100,100,100,100
42,cooking_html/cookingclassy-0206.html,100,100,100,100,100,100
42,cooking_html/nytimes-1862.html,100,100,100,100,100,100
42,cooking_html/allrecipes-1079.html,100,100,100,100,100,100
42,cooking_html/tasty-1348.html,100,0,100,100,100,0
42,cooking_html/allrecipes-0218.html,100,100,100,100,100,100
42,cooking_html/foodnetwork-1113.html,100,100,100,100,100,100
42,cooking_html/nytimes-1520.html,100,100,100,100,100,100
42,cooking_html/tasty-1006.html,100,0,100,0,100,0
42,cooking_html/tasty-1444.html,100,0,100,0,100,0
42,cooking_html/foodnetwork-1895.html,100,100,100,100,100,100
42,cooking_html/foodnetwork-1717.html,100,100,100,100,100,100
42,cooking_html/nytimes-0183.html,100,100,100,100,100,100
42,cooking_html/allrecipes-1400.html,100,100,100,100,100,100
42,cooking_html/tasty-1165.html,100,0,100,0,100,0
42,cooking_html/cookingclassy-1068.html,100,100,100,100,100,100
42,cooking_html/nytimes-1996.html,100,100,100,100,100,100
42,cooking_html/nytimes-2024.html,100,100,100,100,100,100
42,cooking_html/tasty-1167.html,100,0,100,0,100,0
42,cooking_html/nytimes-0431.html,100,100,100,100,100,100
42,cooking_html/tasty-0433.html,100,0,100,0,100,0
42,cooking_html/nytimes-1411.html,100,100,100,100,100,100
42,cooking_html/foodnetwork-0643.html,100,100,100,100,0,0
42,cooking_html/allrecipes-1564.html,100,100,100,100,100,100
42,cooking_html/tasty-2444.html,100,0,0,0,100,0
42,cooking_html/allrecipes-1218.html,100,100,100,100,100,100
42,cooking_html/foodnetwork-2220.html,100,100,100,100,100,100
42,cooking_html/tasty-0035.html,100,0,0,0,100,0
42,cooking_html/tasty-1936.html,100,0,100,0,100,0
42,cooking_html/foodnetwork-0147.html,100,100,100,100,100,100
42,cooking_html/nytimes-1874.html,100,100,100,100,100,100
42,cooking_html/allrecipes-0382.html,100,0,100,100,100,0
42,cooking_html/nytimes-1385.html,100,100,100,100,100,100
42,cooking_html/cookingclassy-1004.html,100,100,100,100,100,100
42,cooking_html/nytimes-0615.html,100,100,100,100,100,100
42,cooking_html/nytimes-0986.html,100,100,100,100,100,100
42,cooking_html/tasty-1379.html,100,0,0,0,100,0
42,cooking_html/allrecipes-1043.html,100,100,100,100,100,100
42,cooking_html/tasty-1469.html,100,0,100,0,100,0
42,cooking_html/nytimes-0089.html,100,100,100,100,100,100
42,cooking_html/allrecipes-0840.html,100,100,100,100,100,100
42,cooking_html/tasty-2251.html,100,0,100,0,100,0
42,cooking_html/allrecipes-0278.html,100,100,100,100,100,100
42,cooking_html/nytimes-1033.html,100,100,100,100,100,100
42,cooking_html/nytimes-1180.html,100,100,100,100,100,100
42,cooking_html/tasty-2223.html,100,0,100,0,100,0
42,cooking_html/nytimes-0890.html,100,100,100,100,100,100
42,cooking_html/nytimes-2023.html,100,100,100,100,100,100
42,cooking_html/tasty-0829.html,100,0,100,0,100,0
42,cooking_html/tasty-1774.html,100,0,100,100,100,0
42,cooking_html/foodnetwork-0604.html,100,100,100,100,0,0
42,cooking_html/nytimes-1127.html,100,100,100,100,100,100
42,cooking_html/foodnetwork-0175.html,100,100,100,100,0,0
42,cooking_html/foodnetwork-1181.html,100,100,100,100,100,100
42,cooking_html/allrecipes-1382.html,100,0,100,100,100,0
42,cooking_html/tasty-2109.html,100,0,100,0,100,0
42,cooking_html/foodnetwork-0741.html,100,100,0,100,100,0
42,cooking_html/allrecipes-0544.html,100,0,100,100,100,0
42,cooking_html/tasty-0074.html,100,0,100,0,100,0
42,cooking_html/tasty-1132.html,100,0,100,0,100,0
42,cooking_html/tasty-1661.html,100,0,100,100,100,0
42,cooking_html/nytimes-1498.html,100,100,100,100,100,100
42,cooking_html/tasty-1223.html,100,0,100,0,100,0
42,cooking_html/tasty-0528.html,100,0,0,0,100,0
42,cooking_html/cookingclassy-0287.html,100,100,100,100,100,100
42,cooking_html/nytimes-0883.html,100,100,100,100,100,100
42,cooking_html/allrecipes-1287.html,100,100,100,100,100,100
42,cooking_html/nytimes-0507.html,100,100,100,100,100,100
42,cooking_html/foodnetwork-2023.html,100,100,100,100,100,100
42,cooking_html/tasty-1702.html,100,0,0,0,100,0
42,cooking_html/foodnetwork-0680.html,100,100,100,100,100,100
42,cooking_html/nytimes-1861.html,100,100,100,100,100,100
42,cooking_html/allrecipes-1357.html,100,0,100,100,100,0
42,cooking_html/tasty-1181.html,100,0,100,0,100,0
42,cooking_html/allrecipes-0252.html,100,100,100,100,100,100
42,cooking_html/allrecipes-0306.html,100,0,100,100,100,0
42,cooking_html/allrecipes-0422.html,100,100,100,100,100,100
42,cooking_html/allrecipes-0439.html,100,0,100,100,100,0
42,cooking_html/foodnetwork-0265.html,100,100,0,100,100,0
42,cooking_html/tasty-0918.html,100,0,100,0,100,0
42,cooking_html/foodnetwork-0894.html,100,100,100,100,0,0
42,cooking_html/cookingclassy-1106.html,100,100,100,100,100,100
42,cooking_html/foodnetwork-0184.html,100,100,100,100,100,100
42,cooking_html/tasty-0461.html,100,0,100,0,100,0
42,cooking_html/tasty-0159.html,100,0,100,0,100,0
42,cooking_html/tasty-0385.html,100,0,0,100,100,0
42,cooking_html/nytimes-1273.html,100,100,100,100,100,100
42,cooking_html/nytimes-1049.html,100,100,100,100,100,100
42,cooking_html/tasty-1580.html,100,0,100,0,100,0
42,cooking_html/nytimes-0101.html,100,100,100,100,100,100
42,cooking_html/foodnetwork-0251.html,100,100,100,100,100,100
42,cooking_html/allrecipes-1567.html,100,100,100,100,100,100
42,cooking_html/foodnetwork-2233.html,100,100,100,100,100,100
42,cooking_html/allrecipes-1316.html,100,100,100,100,100,100
42,cooking_html/allrecipes-1304.html,100,100,100,100,100,100
42,cooking_html/tasty-0293.html,100,0,100,0,100,0
42,cooking_html/tasty-0490.html,100,0,100,0,100,0
42,cooking_html/allrecipes-0239.html,100,100,100,100,100,100
42,cooking_html/tasty-0718.html,100,0,100,0,100,0
42,cooking_html/foodnetwork-0493.html,100,100,100,100,100,100
42,cooking_html/nytimes-1654.html,100,100,100,100,100,100
42,cooking_html/nytimes-1184.html,100,100,100,100,100,100
42,cooking_html/nytimes-0358.html,100,100,100,100,100,100
42,cooking_html/tasty-0639.html,100,0,100,0,100,0
42,cooking_html/allrecipes-0924.html,100,0,100,100,100,0
42,cooking_html/cookingclassy-0050.html,100,100,100,100,100,100
42,cooking_html/nytimes-0430.html,100,100,100,100,100,100
42,cooking_html/tasty-1736.html,100,0,0,100,100,0
42,cooking_html/foodnetwork-0681.html,100,100,100,100,100,100
42,cooking_html/tasty-0320.html,100,0,100,0,100,0
42,cooking_html/foodnetwork-1094.html,100,100,0,100,100,0
42,cooking_html/foodnetwork-0472.html,100,100,100,100,0,0
42,cooking_html/cookingclassy-0884.html,100,100,100,100,100,100
42,cooking_html/foodnetwork-1016.html,100,100,100,100,0,0
42,cooking_html/allrecipes-0413.html,100,100,100,100,100,100
42,cooking_html/allrecipes-0031.html,100,100,100,100,100,100
42,cooking_html/nytimes-1041.html,100,100,100,100,100,100
42,cooking_html/foodnetwork-0811.html,100,100,100,100,0,0
42,cooking_html/nytimes-1017.html,100,100,100,100,100,100
42,cooking_html/nytimes-0961.html,100,100,100,100,100,100
42,cooking_html/cookingclassy-0729.html,100,100,100,100,100,100
42,cooking_html/nytimes-1601.html,100,100,100,100,100,100
42,cooking_html/cookingclassy-1231.html,100,0,100,100,100,0
42,cooking_html/cookingclassy-0468.html,100,100,100,100,100,100
42,cooking_html/nytimes-1724.html,100,100,100,100,100,100
42,cooking_html/allrecipes-1136.html,100,100,100,100,100,100
42,cooking_html/nytimes-1756.html,100,100,100,100,100,100
42,cooking_html/nytimes-0422.html,100,100,100,100,100,100
42,cooking_html/cookingclassy-0049.html,100,100,100,0,100,0
42,cooking_html/nytimes-1440.html,100,100,100,100,100,100
42,cooking_html/foodnetwork-1204.html,100,100,100,100,100,100
42,cooking_html/nytimes-1426.html,100,100,100,100,100,100
42,cooking_html/allrecipes-0164.html,100,100,100,100,100,100
42,cooking_html/nytimes-0194.html,100,100,100,100,100,100
42,cooking_html/foodnetwork-0673.html,100,100,0,100,0,0
42,cooking_html/tasty-1711.html,100,0,100,0,100,0
42,cooking_html/allrecipes-0193.html,100,100,100,100,100,100
42,cooking_html/tasty-1934.html,100,0,100,0,100,0
42,cooking_html/nytimes-1742.html,100,100,100,100,100,100
42,cooking_html/nytimes-0261.html,100,100,100,100,100,100
42,cooking_html/nytimes-0659.html,100,100,100,100,100,100
42,cooking_html/allrecipes-0442.html,100,0,100,100,100,0
42,cooking_html/foodnetwork-0365.html,100,100,0,100,100,0
42,cooking_html/nytimes-0822.html,100,100,100,100,100,100
42,cooking_html/nytimes-1250.html,100,100,100,100,100,100
42,cooking_html/foodnetwork-1724.html,100,100,0,100,100,0
42,cooking_html/allrecipes-0929.html,100,100,100,100,100,100
42,cooking_html/cookingclassy-0395.html,100,100,100,100,100,100
42,cooking_html/nytimes-1852.html,100,100,100,100,100,100
42,cooking_html/nytimes-1475.html,100,100,100,100,100,100
42,cooking_html/tasty-1761.html,100,0,100,0,100,0
42,cooking_html/allrecipes-0646.html,100,0,100,100,100,0
42,cooking_html/tasty-0938.html,100,0,100,100,100,0
42,cooking_html/allrecipes-0243.html,100,100,100,100,100,100
42,cooking_html/cookingclassy-0957.html,100,100,100,100,100,100
42,cooking_html/cookingclassy-0097.html,100,100,100,100,100,100
42,cooking_html/allrecipes-0844.html,100,100,100,100,100,100
42,cooking_html/tasty-2469.html,100,0,100,0,100,0
42,cooking_html/tasty-0737.html,100,0,100,0,100,0
42,cooking_html/foodnetwork-1172.html,100,100,0,100,100,0
42,cooking_html/tasty-1835.html,100,0,100,0,100,0
42,cooking_html/nytimes-1757.html,100,100,100,100,100,100
42,cooking_html/allrecipes-0018.html,100,100,100,100,100,100
42,cooking_html/allrecipes-0472.html,100,0,100,100,100,0
42,cooking_html/tasty-0167.html,100,0,100,0,100,0
42,cooking_html/nytimes-0020.html,100,100,100,100,100,100
42,cooking_html/nytimes-0868.html,100,100,100,100,100,100
42,cooking_html/tasty-0186.html,100,0,100,0,100,0
42,cooking_html/foodnetwork-0420.html,100,100,100,100,100,100
42,cooking_html/nytimes-2029.html,100,100,100,100,100,100
42,cooking_html/tasty-0274.html,100,0,100,0,100,0
42,cooking_html/allrecipes-1698.html,100,100,100,100,100,100
42,cooking_html/foodnetwork-0799.html,100,100,100,100,100,100
42,cooking_html/tasty-1114.html,100,0,100,0,100,0
42,cooking_html/nytimes-1092.html,100,100,100,100,100,100
42,cooking_html/nytimes-1451.html,100,100,100,100,100,100
42,cooking_html/nytimes-1799.html,100,100,100,100,100,100
42,cooking_html/cookingclassy-1238.html,100,100,100,100,100,100
42,cooking_html/nytimes-1882.html,100,100,100,100,100,100
42,cooking_html/tasty-1162.html,100,0,100,0,100,0
42,cooking_html/cookingclassy-0107.html,100,100,100,100,100,100
42,cooking_html/nytimes-0609.html,100,100,100,100,100,100
42,cooking_html/allrecipes-0360.html,100,100,100,100,100,100
42,cooking_html/nytimes-0205.html,100,100,100,100,100,100
42,cooking_html/tasty-0731.html,100,0,100,0,100,0
42,cooking_html/cookingclassy-1033.html,100,0,100,100,100,0
42,cooking_html/foodnetwork-1218.html,100,100,100,100,100,100
42,cooking_html/cookingclassy-1113.html,100,100,100,100,100,100
42,cooking_html/tasty-0996.html,100,0,100,0,100,0
42,cooking_html/nytimes-1368.html,100,100,100,100,100,100
42,cooking_html/cookingclassy-0204.html,100,100,100,100,100,100
42,cooking_html/nytimes-1370.html,100,100,100,100,100,100
42,cooking_html/nytimes-2026.html,100,100,100,100,100,100
42,cooking_html/tasty-1842.html,100,0,100,0,100,0
42,cooking_html/tasty-2249.html,100,0,100,0,100,0
42,cooking_html/nytimes-0149.html,100,100,100,100,100,100
42,cooking_html/tasty-2234.html,100,100,100,0,100,0
42,cooking_html/allrecipes-1483.html,100,100,100,100,100,100
42,cooking_html/nytimes-1841.html,100,100,100,100,100,100
42,cooking_html/foodnetwork-0803.html,100,100,0,100,100,0
42,cooking_html/foodnetwork-0130.html,100,100,100,100,100,100
42,cooking_html/nytimes-0067.html,100,100,100,100,100,100
42,cooking_html/cookingclassy-0580.html,100,100,100,100,100,100
42,cooking_html/tasty-1895.html,100,0,100,0,100,0
42,cooking_html/allrecipes-1690.html,100,100,100,100,100,100
42,cooking_html/tasty-1072.html,100,0,100,0,100,0
42,cooking_html/tasty-0508.html,100,0,100,0,100,0
42,cooking_html/nytimes-1588.html,100,100,100,100,100,100
42,cooking_html/allrecipes-0392.html,100,100,100,100,100,100
42,cooking_html/nytimes-0732.html,100,100,100,100,100,100
42,cooking_html/allrecipes-0902.html,100,100,100,100,100,100
42,cooking_html/nytimes-0984.html,100,100,100,100,100,100
42,cooking_html/allrecipes-0220.html,100,100,100,100,100,100
42,cooking_html/tasty-0271.html,100,0,100,0,100,0
42,cooking_html/foodnetwork-0584.html,100,100,100,100,0,0
42,cooking_html/tasty-0827.html,100,0,100,0,100,0
42,cooking_html/nytimes-1648.html,100,100,100,100,100,100
42,cooking_html/tasty-0847.html,100,0,100,0,100,0
42,cooking_html/nytimes-0948.html,100,100,100,100,100,100
42,cooking_html/tasty-2123.html,100,0,100,0,100,0
42,cooking_html/cookingclassy-0280.html,100,100,100,100,100,100
42,cooking_html/cookingclassy-0140.html,100,0,100,100,100,0
42,cooking_html/nytimes-0726.html,100,100,100,100,100,100
42,cooking_html/cookingclassy-0896.html,100,100,100,100,100,100
42,cooking_html/nytimes-1423.html,100,100,100,100,100,100
42,cooking_html/allrecipes-1470.html,100,100,100,100,100,100
42,cooking_html/cookingclassy-0775.html,100,100,100,100,100,100
42,cooking_html/nytimes-1692.html,100,100,100,100,100,100
42,cooking_html/nytimes-0108.html,100,100,100,100,100,100
42,cooking_html/nytimes-0164.html,100,100,100,100,100,100
42,cooking_html/tasty-2185.html,100,0,0,0,100,0
42,cooking_html/cookingclassy-1186.html,100,100,100,100,100,100
42,cooking_html/nytimes-1398.html,100,100,100,100,100,100
42,cooking_html/nytimes-1529.html,100,100,100,100,100,100
42,cooking_html/allrecipes-0730.html,100,100,100,100,100,100
42,cooking_html/cookingclassy-1232.html,100,100,100,100,100,100
42,cooking_html/tasty-0479.html,100,0,100,0,100,0
42,cooking_html/tasty-2150.html,100,0,100,100,100,0
42,cooking_html/allrecipes-1105.html,100,100,100,100,100,100
42,cooking_html/allrecipes-1609.html,100,100,100,100,100,100
42,cooking_html/foodnetwork-1383.html,100,100,0,100,100,0
42,cooking_html/tasty-0223.html,100,0,100,0,100,0
42,cooking_html/allrecipes-1002.html,100,100,100,100,100,100
42,cooking_html/allrecipes-0580.html,100,100,100,100,100,100
42,cooking_html/foodnetwork-0045.html,100,100,100,100,100,100
42,cooking_html/allrecipes-0176.html,100,100,100,100,100,100
42,cooking_html/foodnetwork-0000.html,100,100,100,100,100,100
42,cooking_html/foodnetwork-0389.html,100,100,100,100,0,0
42,cooking_html/nytimes-0951.html,100,100,100,100,100,100
42,cooking_html/foodnetwork-0661.html,100,100,0,100,100,0
42,cooking_html/foodnetwork-0112.html,100,100,100,100,100,100
42,cooking_html/nytimes-0529.html,100,100,100,100,100,100
42,cooking_html/cookingclassy-0186.html,100,100,100,100,100,100
42,cooking_html/tasty-0450.html,100,0,0,100,100,0
42,cooking_html/foodnetwork-1260.html,100,100,100,100,100,100
42,cooking_html/cookingclassy-0147.html,100,100,100,100,100,100
42,cooking_html/allrecipes-0066.html,100,100,100,100,100,100
42,cooking_html/foodnetwork-0346.html,100,100,100,100,0,0
42,cooking_html/allrecipes-0112.html,100,100,100,100,100,100
42,cooking_html/allrecipes-1662.html,100,100,100,100,100,100
42,cooking_html/nytimes-0714.html,100,100,100,100,100,100
42,cooking_html/foodnetwork-0290.html,100,100,100,100,0,0
42,cooking_html/cookingclassy-0828.html,100,0,100,100,100,0
42,cooking_html/tasty-1958.html,100,0,100,0,100,0
42,cooking_html/nytimes-0920.html,100,100,100,100,100,100
42,cooking_html/nytimes-0921.html,100,100,100,100,100,100
42,cooking_html/allrecipes-0790.html,100,100,100,100,100,100
42,cooking_html/foodnetwork-0489.html,100,100,100,100,100,100
42,cooking_html/cookingclassy-0744.html,100,0,100,100,100,0
42,cooking_html/allrecipes-0942.html,100,100,100,100,100,100
42,cooking_html/tasty-0622.html,100,0,100,0,100,0
42,cooking_html/foodnetwork-0504.html,100,100,0,100,100,0
42,cooking_html/tasty-2399.html,100,0,100,0,100,0
42,cooking_html/cookingclassy-0613.html,100,100,100,100,100,100
42,cooking_html/tasty-2244.html,100,0,100,0,100,0
42,cooking_html/cookingclassy-0214.html,100,100,100,100,100,100
42,cooking_html/cookingclassy-0528.html,100,0,100,100,100,0
42,cooking_html/foodnetwork-0395.html,100,100,100,100,0,0
42,cooking_html/tasty-0815.html,100,0,100,100,100,0
42,cooking_html/foodnetwork-1044.html,100,100,0,100,0,0
42,cooking_html/foodnetwork-1918.html,100,100,100,100,100,100
42,cooking_html/cookingclassy-0111.html,100,100,100,100,100,100
42,cooking_html/nytimes-0054.html,100,100,100,100,100,100
42,cooking_html/tasty-0149.html,100,0,100,0,100,0
42,cooking_html/allrecipes-1559.html,100,100,100,100,100,100
42,cooking_html/nytimes-2032.html,100,100,100,100,100,100
42,cooking_html/cookingclassy-0076.html,100,100,100,100,100,100
42,cooking_html/cookingclassy-0141.html,100,100,100,100,100,100
42,cooking_html/allrecipes-1657.html,100,100,100,100,100,100
42,cooking_html/nytimes-1888.html,100,100,100,100,100,100
42,cooking_html/foodnetwork-1072.html,100,100,100,100,100,100
42,cooking_html/foodnetwork-1429.html,100,100,0,100,100,0
42,cooking_html/nytimes-1022.html,100,100,100,100,100,100
42,cooking_html/tasty-2119.html,100,0,100,0,100,0
42,cooking_html/allrecipes-0226.html,100,100,100,100,100,100
42,cooking_html/tasty-1326.html,100,0,100,0,100,0
42,cooking_html/tasty-2397.html,100,0,100,0,100,0
42,cooking_html/nytimes-1299.html,100,100,100,100,100,100
42,cooking_html/allrecipes-0584.html,100,0,100,100,100,0
42,cooking_html/allrecipes-1058.html,100,100,100,100,100,100
42,cooking_html/nytimes-0419.html,100,100,100,100,100,100
42,cooking_html/tasty-0916.html,100,0,100,0,100,0
42,cooking_html/foodnetwork-0915.html,100,100,0,100,100,0
42,cooking_html/nytimes-0436.html,100,100,100,100,100,100
42,cooking_html/allrecipes-1069.html,100,100,100,100,100,100
42,cooking_html/cookingclassy-1262.html,100,100,100,100,100,100
42,cooking_html/tasty-0887.html,100,0,100,0,100,0
42,cooking_html/tasty-0784.html,100,0,0,0,100,0
42,cooking_html/allrecipes-1297.html,100,100,100,100,100,100
42,cooking_html/nytimes-0259.html,100,100,100,100,100,100
42,cooking_html/allrecipes-0059.html,100,100,100,100,100,100
42,cooking_html/nytimes-1032.html,100,100,100,100,100,100
42,cooking_html/nytimes-0737.html,100,100,100,100,100,100
42,cooking_html/tasty-1415.html,100,0,100,0,100,0
42,cooking_html/allrecipes-0201.html,100,0,100,100,100,0
42,cooking_html/nytimes-1628.html,100,100,100,100,100,100
42,cooking_html/allrecipes-0475.html,100,100,100,100,100,100
42,cooking_html/tasty-0262.html,100,0,100,0,100,0
42,cooking_html/allrecipes-1236.html,100,100,100,100,100,100
42,cooking_html/allrecipes-0273.html,100,100,100,100,100,100
42,cooking_html/allrecipes-0917.html,100,100,100,100,0,0
42,cooking_html/cookingclassy-1118.html,100,100,100,100,100,100
42,cooking_html/tasty-1317.html,100,0,100,0,100,0
42,cooking_html/nytimes-0125.html,100,100,100,100,100,100
42,cooking_html/nytimes-1309.html,100,100,100,100,100,100
42,cooking_html/cookingclassy-0951.html,100,100,100,100,100,100
42,cooking_html/nytimes-1865.html,100,100,100,100,100,100
42,cooking_html/allrecipes-0752.html,100,100,100,100,100,100
42,cooking_html/nytimes-0636.html,100,100,100,100,100,100
42,cooking_html/foodnetwork-0358.html,100,100,100,100,100,100
42,cooking_html/tasty-1581.html,100,0,100,0,100,0
42,cooking_html/foodnetwork-0582.html,100,100,100,100,100,100
42,cooking_html/nytimes-1241.html,100,100,100,100,100,100
42,cooking_html/cookingclassy-1043.html,100,100,100,100,100,100
42,cooking_html/allrecipes-0269.html,100,100,100,100,100,100
42,cooking_html/cookingclassy-0850.html,100,100,100,100,100,100
42,cooking_html/allrecipes-1340.html,100,100,100,100,100,100
42,cooking_html/cookingclassy-1093.html,100,100,100,0,100,0
42,cooking_html/cookingclassy-0809.html,100,100,100,100,100,100
42,cooking_html/nytimes-0975.html,100,100,100,100,100,100
42,cooking_html/nytimes-1225.html,100,100,100,100,100,100
42,cooking_html/tasty-1268.html,100,0,100,0,100,0
42,cooking_html/nytimes-0473.html,100,100,100,100,100,100
42,cooking_html/tasty-1194.html,100,0,100,0,100,0
42,cooking_html/foodnetwork-0482.html,100,100,0,100,100,0
42,cooking_html/foodnetwork-1644.html,100,100,100,100,0,0
42,cooking_html/tasty-0409.html,100,0,100,0,100,0
42,cooking_html/allrecipes-1006.html,100,100,100,100,100,100
42,cooking_html/nytimes-1895.html,100,100,100,100,100,100
42,cooking_html/tasty-2464.html,100,0,100,100,100,0
42,cooking_html/allrecipes-0908.html,100,100,100,100,100,100
42,cooking_html/nytimes-1508.html,100,100,100,100,100,100
42,cooking_html/allrecipes-1129.html,100,100,100,100,100,100
42,cooking_html/nytimes-0913.html,100,100,100,100,100,100
42,cooking_html/foodnetwork-1155.html,100,100,100,100,100,100
42,cooking_html/nytimes-1583.html,100,100,100,100,100,100
42,cooking_html/cookingclassy-0740.html,100,100,100,100,100,100
42,cooking_html/tasty-1461.html,100,0,100,0,100,0
42,cooking_html/tasty-0257.html,100,0,100,0,100,0
42,cooking_html/cookingclassy-0545.html,100,100,100,100,100,100
42,cooking_html/nytimes-1884.html,100,100,100,100,100,100
42,cooking_html/foodnetwork-1038.html,100,100,100,100,100,100
42,cooking_html/tasty-0319.html,100,0,0,0,100,0
42,cooking_html/foodnetwork-0485.html,100,100,0,100,100,0
42,cooking_html/foodnetwork-1376.html,100,100,0,100,100,0
42,cooking_html/foodnetwork-0676.html,100,100,100,100,100,100
42,cooking_html/nytimes-0861.html,100,100,100,100,100,100
42,cooking_html/cookingclassy-0893.html,100,100,100,100,100,100
42,cooking_html/allrecipes-0088.html,100,100,100,100,100,100
42,cooking_html/foodnetwork-0313.html,100,100,100,100,100,100
42,cooking_html/cookingclassy-0212.html,100,100,100,100,100,100
42,cooking_html/foodnetwork-1515.html,100,100,100,100,0,0
42,cooking_html/nytimes-0439.html,100,100,100,100,100,100
42,cooking_html/foodnetwork-0113.html,100,100,100,100,0,0
42,cooking_html/tasty-2118.html,100,0,100,0,100,0
42,cooking_html/foodnetwork-1279.html,100,100,100,100,100,100
42,cooking_html/tasty-2247.html,100,0,100,0,100,0
42,cooking_html/nytimes-1739.html,100,100,100,100,100,100
42,cooking_html/foodnetwork-0331.html,100,100,100,100,100,100
42,cooking_html/foodnetwork-0615.html,100,100,100,100,100,100
42,cooking_html/nytimes-0314.html,100,100,100,100,100,100
42,cooking_html/tasty-0064.html,100,0,100,0,100,0
42,cooking_html/tasty-0344.html,100,0,100,0,100,0
42,cooking_html/tasty-2434.html,100,0,100,0,100,0
42,cooking_html/tasty-1019.html,100,0,0,0,100,0
42,cooking_html/tasty-2108.html,100,0,100,0,100,0
42,cooking_html/tasty-0860.html,100,0,100,100,100,0
42,cooking_html/foodnetwork-1702.html,100,100,100,100,100,100
42,cooking_html/cookingclassy-0539.html,100,100,100,100,100,100
42,cooking_html/tasty-0486.html,100,0,100,0,100,0
42,cooking_html/allrecipes-1073.html,100,100,100,100,100,100
42,cooking_html/foodnetwork-1916.html,100,100,100,100,0,0
42,cooking_html/tasty-0205.html,100,0,100,0,100,0
42,cooking_html/allrecipes-0417.html,100,100,100,100,100,100
42,cooking_html/cookingclassy-1206.html,100,100,100,100,100,100
42,cooking_html/allrecipes-1084.html,100,100,100,100,100,100
42,cooking_html/cookingclassy-0575.html,100,100,100,100,100,100
42,cooking_html/nytimes-0121.html,100,100,100,100,100,100
42,cooking_html/nytimes-0716.html,100,100,100,100,100,100
42,cooking_html/cookingclassy-0298.html,100,100,100,100,100,100
42,cooking_html/nytimes-1843.html,100,100,100,100,100,100
42,cooking_html/cookingclassy-1136.html,100,100,100,100,100,100
42,cooking_html/nytimes-1321.html,100,100,100,100,100,100
42,cooking_html/cookingclassy-1176.html,100,100,100,100,100,100
42,cooking_html/allrecipes-0564.html,100,0,100,100,100,0
42,cooking_html/foodnetwork-1501.html,100,100,100,100,0,0
42,cooking_html/tasty-1026.html,100,0,100,100,100,0
42,cooking_html/tasty-0314.html,100,0,100,0,100,0
42,cooking_html/nytimes-0642.html,100,100,100,100,100,100
42,cooking_html/foodnetwork-1408.html,100,100,0,100,0,0
42,cooking_html/allrecipes-1592.html,100,100,100,100,100,100
42,cooking_html/nytimes-0454.html,100,100,100,100,100,100
42,cooking_html/allrecipes-0689.html,100,100,100,100,100,100
42,cooking_html/tasty-0237.html,100,0,100,0,100,0
42,cooking_html/allrecipes-0006.html,100,100,100,100,100,100
42,cooking_html/nytimes-0248.html,100,100,100,100,100,100
42,cooking_html/tasty-1007.html,100,0,100,100,100,0
42,cooking_html/nytimes-0622.html,100,100,100,100,100,100
42,cooking_html/nytimes-0152.html,100,100,100,100,100,100
42,cooking_html/tasty-0780.html,100,0,100,0,100,0
42,cooking_html/tasty-2018.html,100,0,100,100,100,0
42,cooking_html/foodnetwork-0725.html,100,100,100,100,100,100
42,cooking_html/tasty-1594.html,100,0,100,0,100,0
42,cooking_html/tasty-1654.html,100,100,100,0,100,0
42,cooking_html/foodnetwork-0540.html,100,100,100,100,0,0
42,cooking_html/nytimes-1970.html,100,100,100,100,100,100
42,cooking_html/tasty-2207.html,100,0,100,100,100,0
42,cooking_html/allrecipes-1082.html,100,100,100,100,100,100
42,cooking_html/foodnetwork-1046.html,100,100,100,100,100,100
42,cooking_html/cookingclassy-0181.html,100,100,100,100,100,100
42,cooking_html/nytimes-0316.html,100,100,100,100,100,100
42,cooking_html/tasty-2026.html,100,0,100,0,100,0
42,cooking_html/foodnetwork-1440.html,100,100,100,100,100,100
42,cooking_html/nytimes-0378.html,100,100,100,100,100,100
42,cooking_html/foodnetwork-0450.html,100,100,100,100,0,0
42,cooking_html/nytimes-0906.html,100,100,100,100,100,100
42,cooking_html/tasty-2160.html,100,0,100,0,100,0
42,cooking_html/tasty-1817.html,100,0,100,0,100,0
42,cooking_html/tasty-1904.html,100,0,100,0,100,0
42,cooking_html/tasty-1127.html,100,0,100,100,100,0
42,cooking_html/allrecipes-0566.html,100,100,100,100,100,100
42,cooking_html/cookingclassy-0834.html,100,100,100,100,100,100
42,cooking_html/nytimes-0501.html,100,100,100,100,100,100
42,cooking_html/foodnetwork-0807.html,100,100,100,100,100,100
42,cooking_html/tasty-1070.html,100,0,100,0,100,0
42,cooking_html/foodnetwork-0373.html,100,100,100,100,0,0
42,cooking_html/foodnetwork-1660.html,100,100,100,100,0,0
42,cooking_html/allrecipes-0133.html,100,100,100,100,100,100
42,cooking_html/nytimes-1887.html,100,100,100,100,100,100
42,cooking_html/tasty-0820.html,100,0,100,0,100,0
42,cooking_html/tasty-1828.html,100,0,0,0,100,0
42,cooking_html/tasty-0265.html,100,0,100,0,100,0
42,cooking_html/tasty-1561.html,100,0,100,0,100,0
42,cooking_html/nytimes-0452.html,100,100,100,100,100,100
42,cooking_html/foodnetwork-0385.html,100,100,0,100,0,0
42,cooking_html/allrecipes-0438.html,100,100,100,100,100,100
42,cooking_html/tasty-1600.html,100,0,100,100,100,0
42,cooking_html/tasty-1759.html,100,0,100,0,100,0
42,cooking_html/tasty-1234.html,100,0,0,0,100,0
42,cooking_html/allrecipes-1519.html,100,100,100,100,100,100
42,cooking_html/nytimes-0114.html,100,100,100,100,100,100
42,cooking_html/foodnetwork-0922.html,100,100,0,100,100,0
42,cooking_html/tasty-2034.html,100,0,100,0,100,0
42,cooking_html/cookingclassy-0362.html,100,100,100,100,100,100
42,cooking_html/nytimes-1210.html,100,100,100,100,100,100
42,cooking_html/allrecipes-1491.html,100,100,100,100,100,100
42,cooking_html/tasty-0711.html,100,0,0,0,100,0
42,cooking_html/tasty-1954.html,100,0,100,100,100,0
42,cooking_html/nytimes-0632.html,100,100,100,100,100,100
42,cooking_html/nytimes-1279.html,100,100,100,100,100,100
42,cooking_html/nytimes-1493.html,100,100,100,100,100,100
42,cooking_html/cookingclassy-1220.html,100,100,100,100,100,100
42,cooking_html/cookingclassy-0602.html,100,100,100,100,100,100
42,cooking_html/tasty-2099.html,100,0,100,0,100,0
42,cooking_html/tasty-0944.html,100,0,100,100,100,0
42,cooking_html/cookingclassy-0087.html,100,100,100,100,100,100
42,cooking_html/allrecipes-0030.html,100,100,100,100,100,100
42,cooking_html/tasty-0400.html,100,0,100,0,100,0
42,cooking_html/cookingclassy-0477.html,100,100,100,100,100,100
42,cooking_html/foodnetwork-0023.html,100,100,100,100,100,100
42,cooking_html/allrecipes-1208.html,100,100,100,100,100,100
42,cooking_html/cookingclassy-0134.html,100,100,0,100,100,0
42,cooking_html/foodnetwork-1925.html,100,100,100,100,100,100
42,cooking_html/allrecipes-0519.html,100,100,100,100,100,100
42,cooking_html/allrecipes-1330.html,100,100,100,100,100,100
42,cooking_html/tasty-1914.html,100,0,100,0,100,0
42,cooking_html/foodnetwork-1722.html,100,100,0,100,100,0
42,cooking_html/nytimes-0893.html,100,100,100,100,100,100
42,cooking_html/foodnetwork-0026.html,100,100,100,100,0,0
42,cooking_html/allrecipes-0618.html,100,100,100,100,100,100
42,cooking_html/allrecipes-1303.html,100,100,100,100,100,100
42,cooking_html/tasty-1915.html,100,0,100,0,100,0
42,cooking_html/foodnetwork-0755.html,100,100,100,100,0,0
42,cooking_html/cookingclassy-0761.html,100,100,100,100,100,100
42,cooking_html/allrecipes-0397.html,100,100,100,100,100,100
42,cooking_html/foodnetwork-0693.html,100,100,100,100,0,0
42,cooking_html/nytimes-0081.html,100,100,100,100,100,100
42,cooking_html/allrecipes-1611.html,100,100,100,100,100,100
42,cooking_html/tasty-1010.html,100,0,0,0,100,0
42,cooking_html/tasty-0594.html,100,0,100,0,100,0
42,cooking_html/tasty-1374.html,100,0,100,0,100,0
42,cooking_html/cookingclassy-1258.html,100,100,100,100,100,100
42,cooking_html/allrecipes-0562.html,100,0,100,100,100,0
42,cooking_html/allrecipes-1542.html,100,100,100,100,100,100
42,cooking_html/foodnetwork-0131.html,100,100,100,100,100,100
42,cooking_html/allrecipes-1445.html,100,100,100,100,100,100
42,cooking_html/foodnetwork-1789.html,100,100,100,100,100,100
42,cooking_html/tasty-0398.html,100,0,100,0,100,0
42,cooking_html/tasty-2062.html,100,0,100,0,100,0
42,cooking_html/allrecipes-0464.html,100,0,100,100,100,0
42,cooking_html/tasty-1240.html,100,0,0,0,100,0
42,cooking_html/cookingclassy-0200.html,100,100,100,100,100,100
42,cooking_html/tasty-0342.html,100,0,100,0,100,0
42,cooking_html/tasty-1539.html,100,0,100,0,100,0
42,cooking_html/cookingclassy-0808.html,100,100,100,100,100,100
42,cooking_html/allrecipes-0905.html,100,100,100,100,100,100
42,cooking_html/allrecipes-1582.html,100,100,100,100,100,100
42,cooking_html/tasty-0939.html,100,0,100,0,100,0
42,cooking_html/allrecipes-1171.html,100,0,100,100,100,0
42,cooking_html/nytimes-1157.html,100,100,100,100,100,100
42,cooking_html/cookingclassy-0277.html,100,100,100,100,100,100
42,cooking_html/tasty-1866.html,100,0,100,0,100,0
42,cooking_html/foodnetwork-0245.html,100,100,100,100,0,0
42,cooking_html/allrecipes-0557.html,100,100,100,100,100,100
42,cooking_html/foodnetwork-0055.html,100,100,0,100,100,0
42,cooking_html/nytimes-1551.html,100,100,100,100,100,100
42,cooking_html/cookingclassy-1061.html,100,100,100,100,100,100
42,cooking_html/foodnetwork-1599.html,100,100,100,100,0,0
42,cooking_html/allrecipes-1195.html,100,100,100,100,100,100
42,cooking_html/nytimes-0217.html,100,100,100,100,100,100
42,cooking_html/allrecipes-1274.html,100,100,100,100,100,100
42,cooking_html/foodnetwork-0659.html,100,100,0,100,100,0
42,cooking_html/nytimes-0766.html,100,100,100,100,100,100
42,cooking_html/foodnetwork-0779.html,100,100,100,100,0,0
42,cooking_html/foodnetwork-1471.html,100,100,0,100,0,0
42,cooking_html/allrecipes-0915.html,100,100,100,100,100,100
42,cooking_html/allrecipes-0867.html,100,100,100,100,100,100
42,cooking_html/tasty-1271.html,100,0,100,0,100,0
42,cooking_html/tasty-1416.html,100,0,100,0,100,0
42,cooking_html/nytimes-0323.html,100,100,100,100,100,100
42,cooking_html/allrecipes-1325.html,100,100,100,100,100,100
42,cooking_html/foodnetwork-1525.html,100,100,100,100,0,0
42,cooking_html/foodnetwork-1263.html,100,100,100,100,100,100
42,cooking_html/nytimes-1599.html,100,100,100,100,100,100
42,cooking_html/tasty-2230.html,100,0,0,0,100,0
42,cooking_html/tasty-0030.html,100,0,100,100,100,0
42,cooking_html/nytimes-1320.html,100,100,100,100,100,100
42,cooking_html/tasty-0867.html,100,0,100,0,100,0
42,cooking_html/allrecipes-0364.html,100,100,100,100,100,100
42,cooking_html/nytimes-1877.html,100,100,100,100,100,100
42,cooking_html/foodnetwork-0987.html,100,100,100,100,100,100
42,cooking_html/tasty-0642.html,100,0,0,0,100,0
42,cooking_html/tasty-1334.html,100,0,100,0,100,0
42,cooking_html/tasty-1258.html,100,0,100,0,100,0
42,cooking_html/tasty-1262.html,100,0,100,100,100,0
42,cooking_html/foodnetwork-1968.html,100,100,100,100,100,100
42,cooking_html/allrecipes-0246.html,100,100,100,100,100,100
42,cooking_html/tasty-1545.html,100,0,100,0,100,0
42,cooking_html/tasty-0930.html,100,0,100,0,100,0
42,cooking_html/cookingclassy-0377.html,100,100,100,100,100,100
42,cooking_html/tasty-2105.html,100,0,100,0,100,0
42,cooking_html/nytimes-0179.html,100,100,100,100,100,100
42,cooking_html/foodnetwork-0122.html,100,100,100,100,100,100
42,cooking_html/tasty-0759.html,100,0,0,0,100,0
42,cooking_html/allrecipes-0897.html,100,100,100,100,100,100
42,cooking_html/cookingclassy-0262.html,100,100,100,100,100,100
42,cooking_html/nytimes-0512.html,100,100,100,100,100,100
42,cooking_html/nytimes-0181.html,100,100,100,100,100,100
42,cooking_html/tasty-1077.html,100,0,0,0,100,0
42,cooking_html/cookingclassy-0854.html,100,100,100,100,100,100
42,cooking_html/nytimes-0900.html,100,100,100,100,100,100
42,cooking_html/tasty-2345.html,100,0,100,0,100,0
42,cooking_html/tasty-2059.html,100,0,100,0,100,0
42,cooking_html/tasty-0164.html,100,0,100,0,100,0
42,cooking_html/nytimes-1589.html,100,100,100,100,100,100
42,cooking_html/tasty-1530.html,100,0,100,0,100,0
42,cooking_html/tasty-0854.html,100,0,100,0,100,0
42,cooking_html/nytimes-1305.html,100,100,100,100,100,100
42,cooking_html/tasty-0524.html,100,0,100,0,100,0
42,cooking_html/foodnetwork-0666.html,100,100,0,100,100,0
42,cooking_html/foodnetwork-0910.html,100,100,100,100,100,100
42,cooking_html/allrecipes-0554.html,100,100,100,100,100,100
42,cooking_html/foodnetwork-1831.html,100,100,100,100,0,0
42,cooking_html/allrecipes-0451.html,100,100,100,100,100,100
42,cooking_html/tasty-0732.html,100,0,100,100,100,0
42,cooking_html/tasty-0929.html,100,0,0,0,100,0
42,cooking_html/nytimes-1328.html,100,100,100,100,100,100
42,cooking_html/nytimes-0585.html,100,100,100,100,100,100
42,cooking_html/allrecipes-0551.html,100,100,100,100,100,100
42,cooking_html/tasty-0241.html,100,0,100,0,100,0
42,cooking_html/tasty-0538.html,100,0,100,0,100,0
42,cooking_html/foodnetwork-0696.html,100,100,100,100,100,100
42,cooking_html/tasty-0304.html,100,0,100,0,100,0
42,cooking_html/tasty-1513.html,100,0,100,0,100,0
42,cooking_html/allrecipes-0325.html,100,100,100,100,100,100
42,cooking_html/tasty-1030.html,100,0,100,0,100,0
42,cooking_html/nytimes-2033.html,100,100,100,100,100,100
42,cooking_html/foodnetwork-1167.html,100,100,100,100,100,100
42,cooking_html/foodnetwork-0215.html,100,100,100,100,100,100
42,cooking_html/cookingclassy-0569.html,100,100,100,100,100,100
42,cooking_html/tasty-1525.html,100,0,100,0,100,0
42,cooking_html/allrecipes-1174.html,100,0,100,100,100,0
42,cooking_html/tasty-0932.html,100,0,100,0,100,0
42,cooking_html/allrecipes-0883.html,100,100,100,100,100,100
42,cooking_html/tasty-1540.html,100,0,100,0,100,0
42,cooking_html/tasty-0208.html,100,0,100,0,100,0
42,cooking_html/allrecipes-0585.html,100,100,100,100,100,100
42,cooking_html/nytimes-1530.html,100,100,100,100,100,100
42,cooking_html/allrecipes-0110.html,100,100,100,100,100,100
42,cooking_html/tasty-0307.html,100,0,0,0,100,0
42,cooking_html/nytimes-0847.html,100,100,100,100,100,100
42,cooking_html/tasty-1574.html,100,0,100,0,100,0
42,cooking_html/tasty-1834.html,100,0,100,0,100,0
42,cooking_html/foodnetwork-0856.html,100,100,100,100,100,100
42,cooking_html/tasty-1246.html,100,0,100,0,100,0
42,cooking_html/nytimes-0275.html,100,100,100,100,100,100
42,cooking_html/nytimes-1699.html,100,100,100,100,100,100
42,cooking_html/nytimes-1660.html,100,100,100,100,100,100
42,cooking_html/tasty-1484.html,100,0,100,0,100,0
42,cooking_html/foodnetwork-1116.html,100,100,100,100,0,0
42,cooking_html/tasty-2309.html,100,0,0,0,100,0
42,cooking_html/allrecipes-0858.html,100,100,100,100,100,100
42,cooking_html/tasty-1009.html,100,0,100,0,100,0
42,cooking_html/foodnetwork-0734.html,100,100,0,100,100,0
42,cooking_html/tasty-1312.html,100,0,0,0,100,0
42,cooking_html/cookingclassy-0929.html,100,100,100,100,100,100
42,cooking_html/nytimes-1021.html,100,100,100,100,100,100
42,cooking_html/allrecipes-1090.html,100,100,100,100,100,100
42,cooking_html/tasty-1419.html,100,0,100,0,100,0
42,cooking_html/nytimes-0853.html,100,100,100,100,100,100
42,cooking_html/cookingclassy-0450.html,100,100,100,100,100,100
42,cooking_html/cookingclassy-1087.html,100,100,100,100,100,100
42,cooking_html/foodnetwork-0466.html,100,100,100,100,100,100
42,cooking_html/nytimes-1314.html,100,100,100,100,100,100
42,cooking_html/allrecipes-1334.html,100,100,100,100,100,100
42,cooking_html/tasty-1221.html,100,0,100,0,100,0
42,cooking_html/foodnetwork-0167.html,100,100,100,100,100,100
42,cooking_html/nytimes-0928.html,100,100,100,100,100,100
42,cooking_html/foodnetwork-2189.html,100,100,100,100,0,0
42,cooking_html/allrecipes-1110.html,100,100,100,100,100,100
42,cooking_html/tasty-0809.html,100,0,100,0,100,0
42,cooking_html/cookingclassy-0492.html,100,100,100,100,100,100
42,cooking_html/tasty-1605.html,100,0,100,0,100,0
42,cooking_html/allrecipes-0737.html,100,100,100,100,100,100
42,cooking_html/tasty-2417.html,100,0,100,0,100,0
42,cooking_html/nytimes-1722.html,100,100,100,100,100,100
42,cooking_html/nytimes-1492.html,100,100,100,100,100,100
42,cooking_html/allrecipes-0135.html,100,0,100,100,100,0
42,cooking_html/allrecipes-0279.html,100,100,100,100,100,100
42,cooking_html/nytimes-1073.html,100,100,100,100,100,100
42,cooking_html/cookingclassy-0961.html,100,100,100,100,100,100
42,cooking_html/cookingclassy-1261.html,100,100,100,100,100,100
42,cooking_html/foodnetwork-1641.html,100,100,0,100,100,0
42,cooking_html/foodnetwork-2192.html,100,100,100,100,100,100
42,cooking_html/foodnetwork-1435.html,100,100,0,100,100,0
42,cooking_html/nytimes-1539.html,100,100,100,100,100,100
42,cooking_html/nytimes-1231.html,100,100,100,100,100,100
42,cooking_html/foodnetwork-1014.html,100,100,100,100,100,100
42,cooking_html/foodnetwork-0748.html,100,100,100,100,0,0
42,cooking_html/cookingclassy-1081.html,100,100,100,100,100,100
42,cooking_html/foodnetwork-1728.html,100,100,100,100,0,0
42,cooking_html/cookingclassy-0684.html,100,100,100,100,100,100
42,cooking_html/nytimes-0525.html,100,100,100,100,100,100
42,cooking_html/cookingclassy-0232.html,100,100,100,100,100,100
42,cooking_html/cookingclassy-0337.html,100,100,100,100,100,100
42,cooking_html/nytimes-1063.html,100,100,100,100,100,100
42,cooking_html/nytimes-0237.html,100,100,100,100,100,100
42,cooking_html/foodnetwork-0700.html,100,100,0,100,100,0
42,cooking_html/tasty-1468.html,100,100,100,0,100,0
42,cooking_html/nytimes-1401.html,100,100,100,100,100,100
42,cooking_html/tasty-0552.html,100,0,100,0,100,0
42,cooking_html/tasty-1273.html,100,0,100,0,100,0
42,cooking_html/foodnetwork-0655.html,100,100,0,100,100,0
42,cooking_html/foodnetwork-1256.html,100,100,0,100,0,0
42,cooking_html/cookingclassy-1005.html,100,100,100,100,100,100
42,cooking_html/tasty-1206.html,100,0,0,0,100,0
42,cooking_html/nytimes-0130.html,100,100,100,100,100,100
42,cooking_html/nytimes-0427.html,100,100,100,100,100,100
42,cooking_html/allrecipes-0608.html,100,0,100,100,100,0
42,cooking_html/tasty-1553.html,100,0,100,0,100,0
42,cooking_html/nytimes-0751.html,100,100,100,100,100,100
42,cooking_html/foodnetwork-0679.html,100,100,0,100,100,0
42,cooking_html/tasty-0130.html,100,0,100,0,100,0
42,cooking_html/allrecipes-1523.html,100,100,100,100,100,100
42,cooking_html/cookingclassy-1072.html,100,0,100,100,100,0
42,cooking_html/allrecipes-0101.html,100,100,100,100,100,100
42,cooking_html/foodnetwork-1493.html,100,100,100,100,0,0
42,cooking_html/allrecipes-1279.html,100,100,100,100,100,100
42,cooking_html/tasty-2170.html,100,0,100,0,100,0
42,cooking_html/cookingclassy-0907.html,100,100,100,100,100,100
42,cooking_html/allrecipes-0629.html,100,0,100,100,100,0
42,cooking_html/nytimes-1625.html,100,100,100,100,100,100
42,cooking_html/foodnetwork-0320.html,100,100,100,100,100,100
42,cooking_html/tasty-0705.html,100,0,0,0,100,0
42,cooking_html/tasty-1438.html,100,0,100,0,100,0
42,cooking_html/cookingclassy-0959.html,100,100,100,100,100,100
42,cooking_html/tasty-1856.html,100,0,100,0,100,0
42,cooking_html/foodnetwork-0426.html,100,100,100,100,100,100
42,cooking_html/foodnetwork-1850.html,100,100,100,100,100,100
42,cooking_html/cookingclassy-0889.html,100,100,100,100,100,100
42,cooking_html/tasty-0545.html,100,0,100,0,100,0
42,cooking_html/tasty-1730.html,100,0,100,100,100,0
42,cooking_html/foodnetwork-1537.html,100,100,0,100,100,0
42,cooking_html/tasty-2152.html,100,0,100,0,100,0
42,cooking_html/foodnetwork-0953.html,100,100,100,100,100,100
42,cooking_html/nytimes-1734.html,100,100,100,100,100,100
42,cooking_html/tasty-2153.html,100,0,100,100,100,0
42,cooking_html/nytimes-1579.html,100,100,100,100,100,100
42,cooking_html/nytimes-0850.html,100,100,100,100,100,100
42,cooking_html/cookingclassy-0138.html,100,100,100,100,100,100
42,cooking_html/foodnetwork-0851.html,100,100,100,100,100,100
42,cooking_html/tasty-2260.html,100,0,100,0,100,0
42,cooking_html/nytimes-0069.html,100,100,100,100,100,100
42,cooking_html/tasty-0058.html,100,0,0,0,100,0
42,cooking_html/allrecipes-0981.html,100,100,100,100,100,100
42,cooking_html/tasty-1666.html,100,0,100,0,100,0
42,cooking_html/allrecipes-0720.html,100,100,100,100,100,100
42,cooking_html/foodnetwork-0983.html,100,100,100,100,100,100
42,cooking_html/tasty-0247.html,100,0,100,0,100,0
42,cooking_html/cookingclassy-0355.html,100,100,100,100,100,100
42,cooking_html/tasty-1169.html,100,0,100,0,100,0
42,cooking_html/allrecipes-0548.html,100,0,100,100,100,0
42,cooking_html/allrecipes-0934.html,100,0,100,100,100,0
42,cooking_html/nytimes-1598.html,100,100,100,100,100,100
42,cooking_html/foodnetwork-0081.html,100,100,100,100,100,100
42,cooking_html/cookingclassy-0677.html,100,100,100,100,100,100
42,cooking_html/allrecipes-1511.html,100,0,100,100,100,0
42,cooking_html/tasty-1831.html,100,0,100,0,100,0
42,cooking_html/foodnetwork-1465.html,100,100,0,100,100,0
42,cooking_html/foodnetwork-2025.html,100,100,0,100,100,0
42,cooking_html/foodnetwork-0768.html,100,100,100,100,0,0
42,cooking_html/tasty-0990.html,100,0,100,0,100,0
42,cooking_html/allrecipes-0303.html,100,100,100,100,100,100
42,cooking_html/cookingclassy-0506.html,100,100,100,100,100,100
42,cooking_html/foodnetwork-0408.html,100,100,0,100,100,0
42,cooking_html/allrecipes-1125.html,100,100,100,100,100,100
42,cooking_html/nytimes-1419.html,100,100,100,100,100,100
42,cooking_html/cookingclassy-0639.html,100,100,100,100,100,100
42,cooking_html/tasty-0864.html,100,0,100,0,100,0
42,cooking_html/tasty-1910.html,100,0,100,0,100,0
42,cooking_html/foodnetwork-0341.html,100,100,100,100,100,100
42,cooking_html/cookingclassy-0699.html,100,0,100,100,100,0
42,cooking_html/nytimes-0209.html,100,100,100,100,100,100
42,cooking_html/tasty-1955.html,100,0,100,0,100,0
42,cooking_html/allrecipes-1604.html,100,100,100,100,100,100
42,cooking_html/tasty-0080.html,100,0,100,0,100,0
42,cooking_html/allrecipes-0788.html,100,100,100,100,100,100
42,cooking_html/nytimes-1829.html,100,100,100,100,100,100
42,cooking_html/foodnetwork-1002.html,100,100,100,100,100,100
42,cooking_html/nytimes-0120.html,100,100,100,100,100,100
42,cooking_html/nytimes-0664.html,100,100,100,100,100,100
42,cooking_html/allrecipes-1623.html,100,100,100,100,100,100
42,cooking_html/nytimes-0404.html,100,100,100,100,100,100
42,cooking_html/cookingclassy-0749.html,100,100,100,100,100,100
42,cooking_html/foodnetwork-1142.html,100,100,100,100,0,0
42,cooking_html/tasty-1756.html,100,0,100,0,100,0
42,cooking_html/nytimes-0032.html,100,100,100,100,100,100
42,cooking_html/nytimes-1688.html,100,100,100,100,100,100
42,cooking_html/tasty-2261.html,100,0,100,100,100,0
42,cooking_html/allrecipes-0129.html,100,100,100,100,100,100
42,cooking_html/foodnetwork-1242.html,100,100,100,100,100,100
42,cooking_html/tasty-1526.html,100,0,0,0,100,0
42,cooking_html/tasty-0163.html,100,0,100,0,100,0
42,cooking_html/tasty-1775.html,100,0,100,0,100,0
42,cooking_html/allrecipes-0454.html,100,100,100,100,100,100
42,cooking_html/foodnetwork-1769.html,100,100,0,100,100,0
42,cooking_html/tasty-1027.html,100,0,100,0,100,0
42,cooking_html/tasty-0693.html,100,0,100,0,100,0
42,cooking_html/cookingclassy-1006.html,100,100,100,100,100,100
42,cooking_html/allrecipes-0208.html,100,100,100,100,100,100
42,cooking_html/tasty-0055.html,100,0,100,0,100,0
42,cooking_html/cookingclassy-0713.html,100,100,100,100,100,100
42,cooking_html/nytimes-1707.html,100,100,100,100,100,100
42,cooking_html/tasty-1278.html,100,0,100,0,100,0
42,cooking_html/tasty-1721.html,100,0,100,0,100,0
42,cooking_html/tasty-2278.html,100,0,100,0,100,0
42,cooking_html/cookingclassy-0763.html,100,0,100,100,100,0
42,cooking_html/allrecipes-1410.html,100,100,100,100,100,100
42,cooking_html/nytimes-1330.html,100,100,100,100,100,100
42,cooking_html/foodnetwork-1766.html,100,100,0,100,100,0
42,cooking_html/tasty-1583.html,100,0,100,0,100,0
42,cooking_html/tasty-0452.html,100,0,100,0,100,0
42,cooking_html/tasty-1330.html,100,0,100,0,100,0
42,cooking_html/foodnetwork-0132.html,100,100,0,100,100,0
42,cooking_html/tasty-1819.html,100,0,100,100,100,0
42,cooking_html/allrecipes-1706.html,100,100,100,100,100,100
42,cooking_html/tasty-2158.html,100,0,100,100,100,0
42,cooking_html/foodnetwork-1039.html,100,100,100,100,100,100
42,cooking_html/cookingclassy-0207.html,100,100,100,100,100,100
42,cooking_html/nytimes-0555.html,100,100,100,100,100,100
42,cooking_html/tasty-0837.html,100,0,100,0,100,0
42,cooking_html/cookingclassy-0559.html,100,100,100,100,100,100
42,cooking_html/tasty-1810.html,100,0,100,0,100,0
42,cooking_html/tasty-0896.html,100,0,100,0,100,0
42,cooking_html/cookingclassy-0191.html,100,100,100,100,100,100
42,cooking_html/cookingclassy-0182.html,100,100,100,100,100,100
42,cooking_html/allrecipes-0070.html,100,100,100,100,100,100
42,cooking_html/tasty-0498.html,100,0,100,0,100,0
42,cooking_html/nytimes-0583.html,100,100,100,100,100,100
42,cooking_html/allrecipes-1526.html,100,100,100,100,100,100
42,cooking_html/tasty-0402.html,100,0,100,0,100,0
42,cooking_html/tasty-1992.html,100,0,100,0,100,0
42,cooking_html/allrecipes-1181.html,100,100,100,100,100,100
42,cooking_html/allrecipes-0228.html,100,100,100,100,100,100
42,cooking_html/nytimes-0674.html,100,100,100,100,100,100
42,cooking_html/tasty-2353.html,100,0,100,0,100,0
42,cooking_html/tasty-1190.html,100,0,100,0,100,0
42,cooking_html/cookingclassy-1177.html,100,100,100,100,100,100
42,cooking_html/tasty-0043.html,100,0,100,0,100,0
42,cooking_html/foodnetwork-2020.html,100,100,100,100,100,100
42,cooking_html/nytimes-1656.html,100,100,100,100,100,100
42,cooking_html/allrecipes-1143.html,100,100,100,100,100,100
42,cooking_html/tasty-1905.html,100,0,0,0,100,0
42,cooking_html/allrecipes-1666.html,100,100,100,100,100,100
42,cooking_html/cookingclassy-0036.html,100,100,100,100,100,100
42,cooking_html/nytimes-0515.html,100,100,100,100,100,100
42,cooking_html/tasty-1913.html,100,0,0,0,100,0
42,cooking_html/allrecipes-0927.html,100,100,100,100,100,100
42,cooking_html/allrecipes-1008.html,100,100,100,100,100,100
42,cooking_html/cookingclassy-0943.html,100,100,100,100,100,100
42,cooking_html/nytimes-0145.html,100,100,100,100,100,100
42,cooking_html/allrecipes-1168.html,100,100,100,100,100,100
42,cooking_html/tasty-0079.html,100,0,100,0,100,0
42,cooking_html/nytimes-0029.html,100,100,100,100,100,100
42,cooking_html/foodnetwork-1752.html,100,100,100,100,100,100
42,cooking_html/nytimes-0026.html,100,100,100,100,100,100
42,cooking_html/allrecipes-0372.html,100,0,100,100,100,0
42,cooking_html/foodnetwork-0232.html,100,100,0,100,0,0
42,cooking_html/nytimes-0447.html,100,100,100,100,100,100
42,cooking_html/tasty-1447.html,100,0,100,0,100,0
42,cooking_html/tasty-1242.html,100,0,100,0,100,0
42,cooking_html/nytimes-1844.html,100,100,100,100,100,100
42,cooking_html/foodnetwork-0767.html,100,100,100,100,100,100
42,cooking_html/foodnetwork-0449.html,100,100,100,100,0,0
42,cooking_html/foodnetwork-1111.html,100,100,100,100,0,0
42,cooking_html/foodnetwork-1328.html,100,100,100,100,100,100
42,cooking_html/tasty-2451.html,100,0,100,100,100,0
42,cooking_html/tasty-1477.html,100,0,100,0,100,0
42,cooking_html/cookingclassy-1094.html,100,100,100,0,100,0
42,cooking_html/tasty-1765.html,100,0,100,0,100,0
42,cooking_html/tasty-0533.html,100,0,100,0,100,0
42,cooking_html/allrecipes-0203.html,100,0,100,100,100,0
42,cooking_html/allrecipes-0023.html,100,100,100,100,100,100
42,cooking_html/allrecipes-0828.html,100,100,100,100,100,100
42,cooking_html/cookingclassy-0992.html,100,100,100,100,100,100
42,cooking_html/allrecipes-1390.html,100,100,100,100,100,100
42,cooking_html/tasty-1367.html,100,0,100,0,100,0
42,cooking_html/allrecipes-0507.html,100,100,100,100,100,100
42,cooking_html/foodnetwork-1784.html,100,100,100,100,0,0
42,cooking_html/nytimes-1301.html,100,100,100,100,100,100
42,cooking_html/cookingclassy-1272.html,100,100,100,100,100,100
42,cooking_html/foodnetwork-1343.html,100,100,0,100,100,0
42,cooking_html/foodnetwork-0474.html,100,100,0,100,0,0
42,cooking_html/nytimes-1972.html,100,100,100,100,100,100
42,cooking_html/cookingclassy-0071.html,100,100,100,100,100,100
42,cooking_html/foodnetwork-0417.html,100,100,100,100,0,0
42,cooking_html/cookingclassy-0358.html,100,100,100,100,100,100
42,cooking_html/tasty-0611.html,100,0,0,0,100,0
42,cooking_html/tasty-2102.html,100,0,100,0,100,0
42,cooking_html/tasty-2188.html,100,0,100,0,100,0
42,cooking_html/tasty-2440.html,100,0,100,0,100,0
42,cooking_html/tasty-2090.html,100,0,100,0,100,0
42,cooking_html/foodnetwork-0314.html,100,100,100,100,0,0
42,cooking_html/nytimes-1051.html,100,100,100,100,100,100
42,cooking_html/tasty-2180.html,100,0,100,0,100,0
42,cooking_html/tasty-1502.html,100,0,100,0,100,0
42,cooking_html/allrecipes-0329.html,100,100,100,100,100,100
42,cooking_html/cookingclassy-0117.html,100,100,100,100,100,100
42,cooking_html/tasty-0393.html,100,0,100,0,100,0
42,cooking_html/tasty-2213.html,100,0,100,0,100,0
42,cooking_html/nytimes-0218.html,100,100,100,100,100,100
42,cooking_html/allrecipes-0297.html,100,100,100,100,100,100
42,cooking_html/nytimes-0498.html,100,100,100,100,100,100
42,cooking_html/tasty-0276.html,100,0,0,0,100,0
42,cooking_html/foodnetwork-0473.html,100,100,0,100,0,0
42,cooking_html/tasty-0133.html,100,0,100,0,100,0
42,cooking_html/nytimes-1112.html,100,100,100,100,100,100
42,cooking_html/nytimes-1994.html,100,100,100,100,100,100
42,cooking_html/tasty-0195.html,100,0,100,0,100,0
42,cooking_html/tasty-0025.html,100,100,100,0,100,0
42,cooking_html/tasty-2484.html,100,0,100,100,100,0
42,cooking_html/tasty-1726.html,100,0,100,0,100,0
42,cooking_html/nytimes-1883.html,100,100,100,100,100,100
42,cooking_html/cookingclassy-0321.html,100,100,100,100,100,100
42,cooking_html/tasty-1095.html,100,0,100,100,100,0
42,cooking_html/tasty-2041.html,100,0,0,0,100,0
42,cooking_html/nytimes-1181.html,100,100,100,100,100,100
42,cooking_html/cookingclassy-1151.html,100,100,100,100,100,100
42,cooking_html/tasty-1339.html,100,0,100,0,100,0
42,cooking_html/cookingclassy-0705.html,100,0,100,100,100,0
42,cooking_html/cookingclassy-1029.html,100,100,100,100,100,100
42,cooking_html/nytimes-0650.html,100,100,100,100,100,100
42,cooking_html/allrecipes-1607.html,100,100,100,100,100,100
42,cooking_html/cookingclassy-0040.html,100,100,100,100,100,100
42,cooking_html/allrecipes-1590.html,100,100,100,100,100,100
42,cooking_html/foodnetwork-1380.html,100,100,0,100,100,0
42,cooking_html/cookingclassy-0250.html,100,100,100,100,100,100
42,cooking_html/nytimes-0547.html,100,100,100,100,100,100
42,cooking_html/foodnetwork-0064.html,100,100,0,100,100,0
42,cooking_html/nytimes-0188.html,100,100,100,100,100,100
42,cooking_html/nytimes-0123.html,100,100,100,100,100,100
42,cooking_html/allrecipes-0735.html,100,100,100,100,100,100
42,cooking_html/allrecipes-0082.html,100,100,100,100,100,100
42,cooking_html/allrecipes-1618.html,100,100,100,100,100,100
42,cooking_html/nytimes-0459.html,100,100,100,100,100,100
42,cooking_html/foodnetwork-0840.html,100,100,100,100,100,100
42,cooking_html/allrecipes-0887.html,100,100,100,100,100,100
42,cooking_html/nytimes-1845.html,100,100,100,100,100,100
42,cooking_html/foodnetwork-0170.html,100,100,100,100,100,100
42,cooking_html/foodnetwork-0424.html,100,100,100,100,0,0
42,cooking_html/tasty-0751.html,100,0,100,0,100,0
42,cooking_html/cookingclassy-0241.html,100,100,100,100,100,100
42,cooking_html/allrecipes-0763.html,100,100,100,100,100,100
42,cooking_html/tasty-0144.html,100,0,0,0,100,0
42,cooking_html/allrecipes-1149.html,100,0,100,100,100,0
42,cooking_html/nytimes-1261.html,100,100,100,100,100,100
42,cooking_html/tasty-0148.html,100,0,100,100,100,0
42,cooking_html/allrecipes-0900.html,100,100,100,100,100,100
42,cooking_html/allrecipes-0817.html,100,100,100,100,100,100
42,cooking_html/cookingclassy-1064.html,100,100,100,0,100,0
42,cooking_html/foodnetwork-0075.html,100,100,0,100,100,0
42,cooking_html/allrecipes-0147.html,100,100,100,100,100,100
42,cooking_html/nytimes-1677.html,100,100,100,100,100,100
42,cooking_html/foodnetwork-0640.html,100,100,100,100,100,100
42,cooking_html/tasty-0746.html,100,0,100,0,100,0
42,cooking_html/allrecipes-1140.html,100,0,100,100,100,0
42,cooking_html/nytimes-0396.html,100,100,100,100,100,100
42,cooking_html/nytimes-0684.html,100,100,100,100,100,100
42,cooking_html/cookingclassy-0497.html,100,100,100,100,100,100
42,cooking_html/nytimes-1134.html,100,100,100,100,100,100
42,cooking_html/foodnetwork-1225.html,100,100,100,100,100,100
42,cooking_html/nytimes-1342.html,100,100,100,100,100,100
42,cooking_html/cookingclassy-0315.html,100,100,100,100,100,100
42,cooking_html/nytimes-0220.html,100,100,100,100,100,100
42,cooking_html/tasty-1256.html,100,0,100,0,100,0
42,cooking_html/cookingclassy-0873.html,100,0,100,100,100,0
42,cooking_html/nytimes-1204.html,100,100,100,100,100,100
42,cooking_html/tasty-2486.html,100,0,100,0,100,0
42,cooking_html/tasty-2215.html,100,0,0,0,100,0
42,cooking_html/cookingclassy-0728.html,100,100,100,100,100,100
42,cooking_html/foodnetwork-2021.html,100,100,100,100,100,100
42,cooking_html/allrecipes-1010.html,100,100,100,100,100,100
42,cooking_html/tasty-2405.html,100,0,100,100,100,0
42,cooking_html/foodnetwork-1029.html,100,100,100,100,100,100
42,cooking_html/nytimes-1780.html,100,100,100,100,100,100
42,cooking_html/tasty-0756.html,100,0,100,0,100,0
42,cooking_html/foodnetwork-2126.html,100,100,100,100,100,100
42,cooking_html/foodnetwork-2056.html,100,100,100,100,100,100
42,cooking_html/foodnetwork-2219.html,100,100,100,100,100,100
42,cooking_html/allrecipes-1691.html,100,100,100,100,100,100
42,cooking_html/cookingclassy-0457.html,100,100,100,100,100,100
42,cooking_html/tasty-1870.html,100,0,100,0,100,0
42,cooking_html/allrecipes-1436.html,100,100,100,100,100,100
42,cooking_html/nytimes-2018.html,100,100,100,100,100,100
42,cooking_html/tasty-2284.html,100,0,100,0,100,0
42,cooking_html/tasty-0940.html,100,0,100,0,100,0
42,cooking_html/foodnetwork-1192.html,100,100,100,100,0,0
42,cooking_html/nytimes-1725.html,100,100,100,100,100,100
42,cooking_html/cookingclassy-0826.html,100,100,100,100,100,100
42,cooking_html/foodnetwork-0558.html,100,100,100,100,100,100
42,cooking_html/foodnetwork-0162.html,100,100,100,100,100,100
42,cooking_html/tasty-2220.html,100,0,100,0,100,0
42,cooking_html/foodnetwork-1037.html,100,100,100,100,0,0
42,cooking_html/nytimes-0296.html,100,100,100,100,100,100
42,cooking_html/tasty-0489.html,100,0,100,0,100,0
42,cooking_html/foodnetwork-0475.html,100,100,0,100,100,0
42,cooking_html/allrecipes-1034.html,100,100,100,100,100,100
42,cooking_html/tasty-1388.html,100,0,100,0,100,0
42,cooking_html/nytimes-0683.html,100,100,100,100,100,100
42,cooking_html/tasty-0719.html,100,0,100,0,100,0
42,cooking_html/nytimes-1046.html,100,100,100,100,100,100
42,cooking_html/nytimes-0199.html,100,100,100,100,100,100
42,cooking_html/tasty-0554.html,100,0,100,0,100,0
42,cooking_html/tasty-0909.html,100,0,0,0,100,0
42,cooking_html/foodnetwork-1022.html,100,100,100,100,0,0
42,cooking_html/cookingclassy-0190.html,100,100,100,100,100,100
42,cooking_html/allrecipes-0117.html,100,100,100,100,100,100
42,cooking_html/nytimes-0563.html,100,100,100,100,100,100
42,cooking_html/tasty-1796.html,100,0,100,100,100,0
42,cooking_html/allrecipes-0815.html,100,100,100,100,100,100
42,cooking_html/tasty-0787.html,100,0,100,100,100,0
42,cooking_html/allrecipes-1204.html,100,100,100,100,100,100
42,cooking_html/nytimes-1770.html,100,100,100,100,100,100
42,cooking_html/cookingclassy-0948.html,100,100,100,100,100,100
42,cooking_html/nytimes-1243.html,100,100,100,100,100,100
42,cooking_html/foodnetwork-0984.html,100,100,100,100,100,100
42,cooking_html/tasty-1489.html,100,0,100,0,100,0
42,cooking_html/nytimes-1792.html,100,100,100,100,100,100
42,cooking_html/allrecipes-1020.html,100,100,100,100,100,100
42,cooking_html/nytimes-1889.html,100,100,100,100,100,100
42,cooking_html/nytimes-0249.html,100,100,100,100,100,100
42,cooking_html/cookingclassy-1138.html,100,100,100,100,100,100
42,cooking_html/cookingclassy-0165.html,100,0,100,100,100,0
42,cooking_html/nytimes-0028.html,100,100,100,100,100,100
42,cooking_html/cookingclassy-1149.html,100,100,100,100,100,100
42,cooking_html/tasty-0852.html,100,0,100,100,100,0
42,cooking_html/tasty-1045.html,100,0,100,0,100,0
42,cooking_html/allrecipes-0340.html,100,100,100,100,100,100
42,cooking_html/tasty-0100.html,100,0,100,0,100,0
42,cooking_html/nytimes-1974.html,100,100,100,100,100,100
42,cooking_html/nytimes-0954.html,100,100,100,100,100,100
42,cooking_html/tasty-2208.html,100,0,100,0,100,0
42,cooking_html/allrecipes-0569.html,100,100,100,100,100,100
42,cooking_html/nytimes-1621.html,100,100,100,100,100,100
42,cooking_html/allrecipes-1083.html,100,100,100,100,100,100
42,cooking_html/allrecipes-1453.html,100,0,100,100,100,0
42,cooking_html/cookingclassy-0731.html,100,100,100,100,100,100
42,cooking_html/nytimes-1876.html,100,100,100,100,100,100
42,cooking_html/tasty-0994.html,100,0,100,0,100,0
42,cooking_html/tasty-0704.html,100,0,100,0,100,0
42,cooking_html/tasty-0311.html,100,0,100,0,100,0
42,cooking_html/allrecipes-0965.html,100,100,100,100,100,100
42,cooking_html/allrecipes-1081.html,100,100,100,100,100,100
42,cooking_html/tasty-2259.html,100,0,100,0,100,0
42,cooking_html/tasty-2086.html,100,0,100,100,100,0
42,cooking_html/tasty-1596.html,100,0,100,0,100,0
42,cooking_html/cookingclassy-0454.html,100,100,100,100,100,100
42,cooking_html/foodnetwork-2165.html,100,100,100,100,0,0
42,cooking_html/tasty-0634.html,100,0,100,0,100,0
42,cooking_html/cookingclassy-0112.html,100,0,100,100,100,0
42,cooking_html/tasty-0870.html,100,0,100,0,100,0
42,cooking_html/allrecipes-0856.html,100,100,100,100,100,100
42,cooking_html/tasty-0941.html,100,0,100,0,100,0
42,cooking_html/tasty-2383.html,100,0,0,100,100,0
42,cooking_html/nytimes-0851.html,100,100,100,100,100,100
42,cooking_html/nytimes-0000.html,100,100,100,100,100,100
42,cooking_html/foodnetwork-0476.html,100,100,0,100,0,0
42,cooking_html/allrecipes-0108.html,100,100,100,100,100,100
42,cooking_html/tasty-0569.html,100,0,100,0,100,0
42,cooking_html/tasty-2380.html,100,0,100,0,100,0
42,cooking_html/allrecipes-1331.html,100,100,100,100,100,100
42,cooking_html/foodnetwork-0316.html,100,100,100,100,0,0
42,cooking_html/nytimes-0572.html,100,100,100,100,100,100
42,cooking_html/nytimes-0335.html,100,100,100,100,100,100
42,cooking_html/allrecipes-1688.html,100,100,100,100,100,100
42,cooking_html/allrecipes-0534.html,100,0,100,100,100,0
42,cooking_html/tasty-1124.html,100,0,100,0,100,0
42,cooking_html/tasty-1046.html,100,0,100,0,100,0
42,cooking_html/nytimes-0355.html,100,100,100,100,100,100
42,cooking_html/tasty-1163.html,100,0,0,0,100,0
42,cooking_html/tasty-1632.html,100,0,100,0,100,0
42,cooking_html/tasty-2020.html,100,0,100,0,100,0
42,cooking_html/allrecipes-1296.html,100,100,100,100,100,100
42,cooking_html/allrecipes-0115.html,100,100,100,100,100,100
42,cooking_html/cookingclassy-0658.html,100,100,100,100,100,100
42,cooking_html/tasty-2465.html,100,0,100,0,100,0
42,cooking_html/nytimes-1690.html,100,100,100,100,100,100
42,cooking_html/tasty-2296.html,100,0,100,0,100,0
42,cooking_html/nytimes-1253.html,100,100,100,100,100,100
42,cooking_html/foodnetwork-1340.html,100,100,100,100,0,0
42,cooking_html/foodnetwork-0499.html,100,100,100,100,100,100
42,cooking_html/cookingclassy-0526.html,100,100,100,100,100,100
42,cooking_html/allrecipes-0660.html,100,100,100,100,100,100
42,cooking_html/tasty-1999.html,100,0,100,100,100,0
42,cooking_html/cookingclassy-0955.html,100,100,100,100,100,100
42,cooking_html/cookingclassy-0472.html,100,100,100,100,100,100
42,cooking_html/foodnetwork-1663.html,100,100,0,100,0,0
42,cooking_html/foodnetwork-0559.html,100,100,100,100,100,100
42,cooking_html/tasty-2459.html,100,0,100,100,100,0
42,cooking_html/nytimes-1078.html,100,100,100,100,100,100
42,cooking_html/foodnetwork-1472.html,100,100,100,100,0,0
42,cooking_html/tasty-2137.html,100,0,100,100,100,0
42,cooking_html/nytimes-0377.html,100,100,100,100,100,100
42,cooking_html/allrecipes-1486.html,100,100,100,100,100,100
42,cooking_html/cookingclassy-0694.html,100,100,100,100,100,100
42,cooking_html/nytimes-0233.html,100,100,100,100,100,100
42,cooking_html/tasty-1700.html,100,0,100,0,100,0
42,cooking_html/allrecipes-0538.html,100,0,100,100,100,0
42,cooking_html/tasty-1335.html,100,0,100,0,100,0
42,cooking_html/tasty-1956.html,100,0,100,0,100,0
42,cooking_html/tasty-2274.html,100,0,100,0,100,0
42,cooking_html/allrecipes-0122.html,100,100,100,100,100,100
42,cooking_html/nytimes-1928.html,100,0,100,100,100,0
42,cooking_html/nytimes-0805.html,100,100,100,100,100,100
42,cooking_html/foodnetwork-0139.html,100,100,0,100,100,0
42,cooking_html/nytimes-0694.html,100,100,100,100,100,100
42,cooking_html/allrecipes-1188.html,100,100,100,100,100,100
42,cooking_html/foodnetwork-0500.html,100,100,100,100,100,100
42,cooking_html/tasty-0441.html,100,0,100,0,100,0
42,cooking_html/allrecipes-0809.html,100,100,100,100,100,100
42,cooking_html/nytimes-0802.html,100,100,100,100,100,100
42,cooking_html/tasty-1575.html,100,0,100,100,100,0
42,cooking_html/nytimes-1999.html,100,0,100,100,100,0
42,cooking_html/tasty-0078.html,100,0,100,0,100,0
42,cooking_html/cookingclassy-1207.html,100,100,100,100,100,100
42,cooking_html/tasty-0026.html,100,0,0,0,100,0
42,cooking_html/tasty-0991.html,100,0,100,0,100,0
42,cooking_html/allrecipes-0947.html,100,100,100,100,100,100
42,cooking_html/tasty-1310.html,100,0,0,0,100,0
42,cooking_html/foodnetwork-0952.html,100,100,0,100,0,0
42,cooking_html/foodnetwork-0477.html,100,100,0,100,100,0
42,cooking_html/tasty-0504.html,100,0,100,0,100,0
42,cooking_html/cookingclassy-0726.html,100,100,100,100,100,100
42,cooking_html/tasty-2463.html,100,0,100,0,100,0
42,cooking_html/foodnetwork-0627.html,100,100,0,100,0,0
42,cooking_html/foodnetwork-0981.html,100,100,100,100,100,100
42,cooking_html/nytimes-0965.html,100,100,100,100,100,100
42,cooking_html/nytimes-0175.html,100,100,100,100,100,100
42,cooking_html/foodnetwork-0102.html,100,100,0,100,100,0
42,cooking_html/allrecipes-1163.html,100,100,100,100,100,100
42,cooking_html/allrecipes-0051.html,100,100,100,100,100,100
42,cooking_html/nytimes-1086.html,100,100,100,100,100,100
42,cooking_html/foodnetwork-2086.html,100,100,100,100,100,100
42,cooking_html/tasty-0327.html,100,0,100,0,100,0
42,cooking_html/tasty-1710.html,100,0,100,0,100,0
42,cooking_html/tasty-0776.html,100,0,100,0,100,0
42,cooking_html/cookingclassy-0203.html,100,100,100,100,100,100
42,cooking_html/tasty-2217.html,100,0,100,0,100,0
42,cooking_html/cookingclassy-0991.html,100,100,100,100,100,100
42,cooking_html/tasty-0646.html,100,0,100,0,100,0
42,cooking_html/tasty-1062.html,100,0,100,0,100,0
42,cooking_html/tasty-0692.html,100,100,100,0,100,0
42,cooking_html/tasty-0883.html,100,0,100,0,100,0
42,cooking_html/nytimes-1195.html,100,100,100,100,100,100
42,cooking_html/tasty-2202.html,100,0,100,0,100,0
42,cooking_html/tasty-0926.html,100,0,100,0,100,0
42,cooking_html/foodnetwork-0977.html,100,100,0,100,100,0
42,cooking_html/nytimes-0733.html,100,100,100,100,100,100
42,cooking_html/allrecipes-1370.html,100,100,100,100,100,100
42,cooking_html/foodnetwork-0907.html,100,100,100,100,100,100
42,cooking_html/tasty-1116.html,100,0,100,0,100,0
42,cooking_html/nytimes-0715.html,100,100,100,100,100,100
42,cooking_html/nytimes-0552.html,100,100,100,100,100,100
42,cooking_html/foodnetwork-0890.html,100,100,0,100,100,0
42,cooking_html/nytimes-1989.html,100,100,100,100,100,100
42,cooking_html/cookingclassy-1178.html,100,100,100,100,100,100
42,cooking_html/foodnetwork-1162.html,100,100,100,100,100,100
42,cooking_html/tasty-1684.html,100,0,100,100,100,0
42,cooking_html/nytimes-0213.html,100,100,100,100,100,100
42,cooking_html/cookingclassy-0758.html,100,0,100,100,100,0
42,cooking_html/nytimes-0158.html,100,100,100,100,100,100
42,cooking_html/nytimes-0618.html,100,100,100,100,100,100
42,cooking_html/cookingclassy-1148.html,100,100,100,100,100,100
42,cooking_html/cookingclassy-0603.html,100,100,100,100,100,100
42,cooking_html/allrecipes-1025.html,100,100,100,100,100,100
42,cooking_html/allrecipes-0407.html,100,100,100,100,100,100
42,cooking_html/nytimes-0891.html,100,100,100,100,100,100
42,cooking_html/tasty-0556.html,100,0,100,0,100,0
42,cooking_html/cookingclassy-0083.html,100,100,100,100,100,100
42,cooking_html/nytimes-1158.html,100,100,100,100,100,100
42,cooking_html/nytimes-0736.html,100,100,100,100,100,100
42,cooking_html/foodnetwork-1666.html,100,100,0,100,100,0
42,cooking_html/tasty-1212.html,100,0,100,0,100,0
42,cooking_html/foodnetwork-0542.html,100,100,0,100,100,0
42,cooking_html/allrecipes-0245.html,100,100,100,100,100,100
42,cooking_html/nytimes-0279.html,100,100,100,100,100,100
42,cooking_html/tasty-1830.html,100,0,100,0,100,0
42,cooking_html/nytimes-1977.html,100,100,100,100,100,100
42,cooking_html/tasty-1043.html,100,0,100,0,100,0
42,cooking_html/foodnetwork-0432.html,100,100,100,100,0,0
42,cooking_html/foodnetwork-1584.html,100,100,0,100,100,0
42,cooking_html/nytimes-0448.html,100,100,100,100,100,100
42,cooking_html/cookingclassy-0231.html,100,100,100,100,100,100
42,cooking_html/tasty-2045.html,100,0,0,0,100,0
42,cooking_html/nytimes-1183.html,100,100,100,100,100,100
42,cooking_html/nytimes-0116.html,100,100,100,100,100,100
42,cooking_html/nytimes-0184.html,100,100,100,100,100,100
42,cooking_html/tasty-1962.html,100,0,100,0,100,0
42,cooking_html/tasty-2482.html,100,0,100,100,100,0
42,cooking_html/nytimes-0903.html,100,100,100,100,100,100
42,cooking_html/cookingclassy-0760.html,100,100,100,100,100,100
42,cooking_html/foodnetwork-1356.html,100,100,0,100,100,0
42,cooking_html/cookingclassy-0330.html,100,100,100,100,100,100
42,cooking_html/cookingclassy-1202.html,100,100,100,100,100,100
42,cooking_html/allrecipes-1565.html,100,100,100,100,100,100
42,cooking_html/tasty-0832.html,100,0,100,0,100,0
42,cooking_html/tasty-2161.html,100,0,100,0,100,0
42,cooking_html/allrecipes-1142.html,100,0,100,100,100,0
42,cooking_html/tasty-1013.html,100,0,100,0,100,0
42,cooking_html/tasty-1475.html,100,0,100,0,100,0
42,cooking_html/tasty-1145.html,100,0,100,100,100,0
42,cooking_html/nytimes-0379.html,100,100,100,100,100,100
42,cooking_html/nytimes-0603.html,100,100,100,100,100,100
42,cooking_html/allrecipes-1406.html,100,100,100,100,100,100
42,cooking_html/allrecipes-1096.html,100,100,100,100,100,100
42,cooking_html/allrecipes-0450.html,100,100,100,100,100,100
42,cooking_html/nytimes-1848.html,100,100,100,100,100,100
42,cooking_html/nytimes-1402.html,100,100,100,100,100,100
42,cooking_html/tasty-1267.html,100,0,0,0,100,0
42,cooking_html/foodnetwork-1523.html,100,100,100,100,100,100
42,cooking_html/tasty-0753.html,100,0,100,0,100,0
42,cooking_html/foodnetwork-0928.html,100,100,100,100,100,100
42,cooking_html/tasty-1670.html,100,0,100,0,100,0
42,cooking_html/foodnetwork-0889.html,100,100,0,100,100,0
42,cooking_html/foodnetwork-0726.html,100,100,100,100,100,100
42,cooking_html/tasty-0022.html,100,0,100,0,100,0
42,cooking_html/nytimes-1308.html,100,100,100,100,100,100
42,cooking_html/foodnetwork-0086.html,100,100,100,100,100,100
42,cooking_html/tasty-1609.html,100,0,0,0,100,0
42,cooking_html/nytimes-1020.html,100,100,100,100,100,100
42,cooking_html/tasty-1932.html,100,0,0,0,100,0
42,cooking_html/nytimes-1578.html,100,100,100,100,100,100
42,cooking_html/cookingclassy-1082.html,100,100,100,100,100,100
42,cooking_html/allrecipes-0495.html,100,100,100,100,100,100
42,cooking_html/cookingclassy-1234.html,100,100,100,100,100,100
42,cooking_html/tasty-0242.html,100,0,100,0,100,0
42,cooking_html/cookingclassy-0329.html,100,100,100,100,100,100
42,cooking_html/cookingclassy-0706.html,100,100,100,100,100,100
42,cooking_html/nytimes-1059.html,100,100,100,100,100,100
42,cooking_html/foodnetwork-0027.html,100,100,100,100,0,0
42,cooking_html/foodnetwork-1720.html,100,100,0,100,0,0
42,cooking_html/foodnetwork-0154.html,100,100,100,100,100,100
42,cooking_html/nytimes-1875.html,100,100,100,100,100,100
42,cooking_html/allrecipes-0561.html,100,0,100,100,100,0
42,cooking_html/foodnetwork-0280.html,100,100,100,100,0,0
42,cooking_html/foodnetwork-1462.html,100,100,0,100,0,0
42,cooking_html/tasty-0185.html,100,0,100,0,100,0
42,cooking_html/tasty-1937.html,100,0,100,0,100,0
42,cooking_html/allrecipes-1258.html,100,100,100,100,100,100
42,cooking_html/tasty-0353.html,100,0,100,0,100,0
42,cooking_html/allrecipes-1183.html,100,100,100,100,100,100
42,cooking_html/foodnetwork-1036.html,100,100,100,100,0,0
42,cooking_html/allrecipes-0620.html,100,100,100,100,100,100
42,cooking_html/foodnetwork-1101.html,100,100,0,100,0,0
42,cooking_html/foodnetwork-0823.html,100,100,100,100,100,100
42,cooking_html/allrecipes-1320.html,100,100,100,100,100,100
42,cooking_html/allrecipes-1307.html,100,100,100,100,100,100
42,cooking_html/foodnetwork-0940.html,100,100,0,100,0,0
42,cooking_html/tasty-2233.html,100,0,100,0,100,0
42,cooking_html/tasty-1871.html,100,0,100,100,100,0
42,cooking_html/allrecipes-0175.html,100,100,100,100,100,100
42,cooking_html/allrecipes-0485.html,100,100,100,100,100,100
42,cooking_html/nytimes-1252.html,100,100,100,100,100,100
42,cooking_html/tasty-1300.html,100,0,0,0,100,0
42,cooking_html/tasty-0684.html,100,0,100,0,100,0
42,cooking_html/foodnetwork-1786.html,100,100,0,100,100,0
42,cooking_html/foodnetwork-1086.html,100,100,100,100,0,0
42,cooking_html/foodnetwork-1848.html,100,100,100,100,100,100
42,cooking_html/tasty-0793.html,100,0,100,0,100,0
42,cooking_html/allrecipes-1560.html,100,100,100,100,100,100
42,cooking_html/allrecipes-1310.html,100,100,100,100,100,100
42,cooking_html/cookingclassy-0271.html,100,0,100,100,100,0
42,cooking_html/allrecipes-0536.html,100,100,100,100,100,100
42,cooking_html/allrecipes-1617.html,100,100,100,100,100,100
42,cooking_html/allrecipes-1447.html,100,100,100,100,100,100
42,cooking_html/nytimes-0982.html,100,100,100,100,100,100
42,cooking_html/allrecipes-1532.html,100,100,100,100,100,100
42,cooking_html/cookingclassy-0769.html,100,100,100,100,100,100
42,cooking_html/tasty-2219.html,100,0,100,0,100,0
42,cooking_html/nytimes-0357.html,100,100,100,100,100,100
42,cooking_html/tasty-1207.html,100,0,100,0,100,0
42,cooking_html/nytimes-1557.html,100,100,100,100,100,100
42,cooking_html/foodnetwork-0853.html,100,100,0,100,100,0
42,cooking_html/foodnetwork-0211.html,100,100,100,100,100,100
42,cooking_html/allrecipes-0913.html,100,100,100,100,100,100
42,cooking_html/foodnetwork-0573.html,100,100,0,100,100,0
42,cooking_html/tasty-1197.html,100,0,100,0,100,0
42,cooking_html/nytimes-1685.html,100,100,100,100,100,100
42,cooking_html/nytimes-0987.html,100,100,100,100,100,100
42,cooking_html/allrecipes-1216.html,100,100,100,100,100,100
42,cooking_html/allrecipes-0673.html,100,100,100,100,100,100
42,cooking_html/foodnetwork-0594.html,100,100,100,100,100,100
42,cooking_html/nytimes-0441.html,100,100,100,100,100,100
42,cooking_html/nytimes-1182.html,100,100,100,100,100,100
42,cooking_html/allrecipes-1354.html,100,100,100,100,100,100
42,cooking_html/tasty-1343.html,100,0,100,0,100,0
42,cooking_html/allrecipes-1104.html,100,100,100,100,100,100
42,cooking_html/allrecipes-0953.html,100,100,100,100,100,100
42,cooking_html/nytimes-0190.html,100,100,100,100,100,100
42,cooking_html/tasty-1579.html,100,0,100,0,100,0
42,cooking_html/allrecipes-0309.html,100,100,100,100,100,100
42,cooking_html/cookingclassy-0294.html,100,100,100,100,100,100
42,cooking_html/allrecipes-1242.html,100,100,100,100,0,0
42,cooking_html/nytimes-0538.html,100,100,100,100,100,100
42,cooking_html/tasty-0881.html,100,0,100,0,100,0
42,cooking_html/tasty-0442.html,100,0,100,0,100,0
42,cooking_html/tasty-0231.html,100,0,100,0,100,0
42,cooking_html/allrecipes-0962.html,100,100,100,100,100,100
42,cooking_html/tasty-0560.html,100,0,100,0,100,0
42,cooking_html/tasty-0063.html,100,0,100,0,100,0
42,cooking_html/allrecipes-0824.html,100,100,100,100,100,100
42,cooking_html/nytimes-0791.html,100,100,100,100,100,100
42,cooking_html/foodnetwork-0796.html,100,100,100,100,0,0
42,cooking_html/tasty-0054.html,100,0,0,0,100,0
42,cooking_html/cookingclassy-0800.html,100,100,100,100,100,100
42,cooking_html/allrecipes-0885.html,100,100,100,100,100,100
42,cooking_html/nytimes-1914.html,100,100,100,100,100,100
42,cooking_html/tasty-2425.html,100,0,100,0,100,0
42,cooking_html/cookingclassy-0335.html,100,100,100,100,100,100
42,cooking_html/tasty-1520.html,100,0,100,0,100,0
42,cooking_html/foodnetwork-0252.html,100,100,100,100,100,100
42,cooking_html/allrecipes-0935.html,100,100,100,100,100,100
42,cooking_html/nytimes-1587.html,100,100,100,100,100,100
42,cooking_html/tasty-1424.html,100,0,100,0,100,0
42,cooking_html/allrecipes-0594.html,100,100,100,100,100,100
42,cooking_html/allrecipes-0604.html,100,100,100,100,100,100
42,cooking_html/cookingclassy-0209.html,100,100,100,100,100,100
42,cooking_html/cookingclassy-0918.html,100,100,100,100,100,100
42,cooking_html/foodnetwork-0804.html,100,100,0,100,100,0
42,cooking_html/nytimes-1639.html,100,100,100,100,100,100
42,cooking_html/tasty-0328.html,100,0,100,0,100,0
42,cooking_html/nytimes-1504.html,100,100,100,100,100,100
42,cooking_html/tasty-2487.html,100,0,100,0,100,0
42,cooking_html/nytimes-2000.html,100,100,100,100,100,100
42,cooking_html/tasty-2154.html,100,0,100,0,100,0
42,cooking_html/tasty-0289.html,100,0,100,0,100,0
42,cooking_html/tasty-0627.html,100,100,100,0,100,0
42,cooking_html/foodnetwork-0869.html,100,100,100,100,0,0
42,cooking_html/tasty-0361.html,100,0,100,0,100,0
42,cooking_html/tasty-1494.html,100,0,100,0,100,0
42,cooking_html/cookingclassy-0668.html,100,100,100,100,100,100
42,cooking_html/tasty-1800.html,100,0,100,0,100,0
42,cooking_html/tasty-1610.html,100,0,100,0,100,0
42,cooking_html/tasty-2413.html,100,0,100,100,100,0
42,cooking_html/tasty-0296.html,100,0,100,0,100,0
42,cooking_html/nytimes-1348.html,100,100,100,100,100,100
42,cooking_html/foodnetwork-0855.html,100,100,100,100,0,0
42,cooking_html/foodnetwork-0243.html,100,100,0,100,100,0
42,cooking_html/nytimes-1506.html,100,100,100,100,100,100
42,cooking_html/cookingclassy-1181.html,100,100,100,100,100,100
42,cooking_html/foodnetwork-1027.html,100,100,100,100,100,100
42,cooking_html/cookingclassy-0716.html,100,100,100,100,100,100
42,cooking_html/tasty-1425.html,100,0,100,0,100,0
42,cooking_html/foodnetwork-0765.html,100,100,100,100,100,100
42,cooking_html/tasty-0458.html,100,0,100,0,100,0
42,cooking_html/tasty-1033.html,100,0,100,0,100,0
42,cooking_html/foodnetwork-0387.html,100,100,100,100,100,100
42,cooking_html/tasty-1231.html,100,0,100,0,100,0
42,cooking_html/allrecipes-0767.html,100,100,100,100,100,100
42,cooking_html/tasty-0512.html,100,0,100,0,100,0
42,cooking_html/tasty-1587.html,100,100,100,0,100,0
42,cooking_html/foodnetwork-0382.html,100,100,100,100,0,0
42,cooking_html/tasty-0570.html,100,0,100,0,100,0
42,cooking_html/cookingclassy-0557.html,100,100,100,100,100,100
42,cooking_html/foodnetwork-1021.html,100,100,100,100,100,100
42,cooking_html/tasty-0743.html,100,0,100,0,100,0
42,cooking_html/foodnetwork-0233.html,100,100,0,100,100,0
42,cooking_html/allrecipes-1647.html,100,100,100,100,100,100
42,cooking_html/nytimes-0294.html,100,100,100,100,100,100
42,cooking_html/cookingclassy-0899.html,100,0,100,100,100,0
42,cooking_html/foodnetwork-1606.html,100,100,0,100,100,0
42,cooking_html/nytimes-1810.html,100,100,100,100,100,100
42,cooking_html/nytimes-1494.html,100,100,100,100,100,100
42,cooking_html/nytimes-0500.html,100,100,100,100,100,100
42,cooking_html/nytimes-0776.html,100,100,100,100,100,100
42,cooking_html/tasty-1693.html,100,0,100,0,100,0
42,cooking_html/allrecipes-0447.html,100,100,100,100,100,100
42,cooking_html/nytimes-0096.html,100,100,100,100,100,100
42,cooking_html/nytimes-0156.html,100,100,100,100,100,100
42,cooking_html/tasty-1217.html,100,0,100,0,100,0
42,cooking_html/nytimes-0463.html,100,100,100,100,100,100
42,cooking_html/nytimes-1360.html,100,100,100,100,100,100
42,cooking_html/allrecipes-0113.html,100,100,100,100,100,100
42,cooking_html/allrecipes-1510.html,100,100,100,100,100,100
42,cooking_html/cookingclassy-0960.html,100,100,100,100,100,100
42,cooking_html/allrecipes-1269.html,100,100,100,100,100,100
42,cooking_html/allrecipes-0064.html,100,100,100,100,100,100
42,cooking_html/nytimes-0406.html,100,100,100,100,100,100
42,cooking_html/allrecipes-1603.html,100,100,100,100,100,100
42,cooking_html/allrecipes-0878.html,100,100,100,100,100,100
42,cooking_html/tasty-1827.html,100,0,100,0,100,0
42,cooking_html/tasty-0239.html,100,0,100,0,100,0
42,cooking_html/nytimes-0300.html,100,100,100,100,100,100
42,cooking_html/foodnetwork-0801.html,100,100,0,100,0,0
42,cooking_html/tasty-0315.html,100,0,100,0,100,0
42,cooking_html/foodnetwork-1888.html,100,100,100,100,100,100
42,cooking_html/nytimes-0750.html,100,100,100,100,100,100
42,cooking_html/nytimes-1995.html,100,100,100,100,100,100
42,cooking_html/allrecipes-1209.html,100,100,100,100,100,100
42,cooking_html/foodnetwork-1865.html,100,100,100,100,100,100
42,cooking_html/foodnetwork-0079.html,100,100,100,100,100,100
42,cooking_html/nytimes-0995.html,100,100,100,100,100,100
42,cooking_html/nytimes-1544.html,100,100,100,100,100,100
42,cooking_html/tasty-0059.html,100,0,0,0,100,0
42,cooking_html/tasty-1224.html,100,0,0,0,100,0
42,cooking_html/foodnetwork-2022.html,100,100,100,100,100,100
42,cooking_html/nytimes-0964.html,100,100,100,100,100,100
42,cooking_html/tasty-1754.html,100,0,100,0,100,0
42,cooking_html/nytimes-0801.html,100,100,100,100,100,100
42,cooking_html/tasty-2420.html,100,0,100,0,100,0
42,cooking_html/cookingclassy-0486.html,100,0,100,100,100,0
42,cooking_html/tasty-0948.html,100,0,100,0,100,0
42,cooking_html/cookingclassy-0449.html,100,100,0,100,100,0
42,cooking_html/allrecipes-1120.html,100,100,100,100,100,100
42,cooking_html/foodnetwork-0105.html,100,100,0,100,100,0
42,cooking_html/tasty-1832.html,100,0,0,0,100,0
42,cooking_html/tasty-1858.html,100,0,100,0,100,0
42,cooking_html/nytimes-0570.html,100,100,100,100,100,100
42,cooking_html/allrecipes-1376.html,100,100,100,100,100,100
42,cooking_html/foodnetwork-1387.html,100,100,0,100,100,0
42,cooking_html/tasty-0874.html,100,0,0,0,100,0
42,cooking_html/allrecipes-1250.html,100,0,100,100,100,0
42,cooking_html/foodnetwork-0246.html,100,100,0,100,100,0
42,cooking_html/allrecipes-1637.html,100,100,100,100,100,100
42,cooking_html/foodnetwork-1750.html,100,100,100,100,100,100
42,cooking_html/foodnetwork-1199.html,100,100,100,100,100,100
42,cooking_html/foodnetwork-1187.html,100,100,100,100,100,100
42,cooking_html/cookingclassy-0598.html,100,100,100,100,100,100
42,cooking_html/cookingclassy-0584.html,100,100,100,100,100,100
42,cooking_html/allrecipes-0313.html,100,100,100,100,100,100
42,cooking_html/allrecipes-1403.html,100,100,100,100,100,100
42,cooking_html/nytimes-0604.html,100,100,100,100,100,100
42,cooking_html/allrecipes-0424.html,100,100,100,100,100,100
42,cooking_html/cookingclassy-0397.html,100,100,100,100,100,100
42,cooking_html/allrecipes-1640.html,100,100,100,100,100,100
42,cooking_html/cookingclassy-0384.html,100,100,100,100,100,100
42,cooking_html/nytimes-0313.html,100,100,100,100,100,100
42,cooking_html/tasty-0650.html,100,0,100,0,100,0
42,cooking_html/foodnetwork-0353.html,100,100,0,100,100,0
42,cooking_html/tasty-0796.html,100,0,100,100,100,0
42,cooking_html/allrecipes-1578.html,100,0,100,100,100,0
42,cooking_html/nytimes-0911.html,100,100,100,100,100,100
42,cooking_html/cookingclassy-0987.html,100,100,100,100,100,100
42,cooking_html/foodnetwork-0323.html,100,100,100,100,0,0
42,cooking_html/nytimes-1962.html,100,100,100,100,100,100
42,cooking_html/foodnetwork-1135.html,100,100,100,100,100,100
42,cooking_html/tasty-2314.html,100,0,100,0,100,0
42,cooking_html/tasty-0358.html,100,0,100,0,100,0
42,cooking_html/foodnetwork-0985.html,100,100,100,100,100,100
42,cooking_html/cookingclassy-0642.html,100,100,100,100,100,100
42,cooking_html/nytimes-0762.html,100,100,100,100,100,100
42,cooking_html/tasty-1788.html,100,0,100,0,100,0
42,cooking_html/tasty-2056.html,100,0,0,0,100,0
42,cooking_html/allrecipes-1546.html,100,100,100,100,100,100
42,cooking_html/allrecipes-0181.html,100,100,100,100,100,100
42,cooking_html/tasty-0507.html,100,0,100,0,100,0
42,cooking_html/nytimes-0678.html,100,100,100,100,100,100
42,cooking_html/tasty-0092.html,100,0,100,0,100,0
42,cooking_html/tasty-1405.html,100,0,100,100,100,0
42,cooking_html/nytimes-1043.html,100,100,100,100,100,100
42,cooking_html/foodnetwork-0886.html,100,100,100,100,100,100
42,cooking_html/tasty-1020.html,100,0,100,0,100,0
42,cooking_html/tasty-0535.html,100,0,100,0,100,0
42,cooking_html/tasty-0418.html,100,0,100,0,100,0
42,cooking_html/foodnetwork-0010.html,100,100,0,100,100,0
42,cooking_html/foodnetwork-1110.html,100,100,100,100,0,0
42,cooking_html/tasty-0066.html,100,0,100,0,100,0
42,cooking_html/foodnetwork-0007.html,100,100,0,100,100,0
42,cooking_html/nytimes-1436.html,100,100,100,100,100,100
42,cooking_html/nytimes-1142.html,100,100,100,100,100,100
42,cooking_html/foodnetwork-1203.html,100,100,100,100,0,0
42,cooking_html/tasty-1963.html,100,0,100,0,100,0
42,cooking_html/nytimes-0556.html,100,100,100,100,100,100
42,cooking_html/allrecipes-1277.html,100,100,100,100,100,100
42,cooking_html/allrecipes-0083.html,100,100,100,100,100,100
42,cooking_html/foodnetwork-1053.html,100,100,0,100,100,0
42,cooking_html/allrecipes-0989.html,100,100,100,100,100,100
42,cooking_html/allrecipes-0865.html,100,100,100,100,100,100
42,cooking_html/tasty-2222.html,100,0,100,0,100,0
42,cooking_html/allrecipes-1306.html,100,100,100,100,100,100
42,cooking_html/foodnetwork-0788.html,100,100,0,100,100,0
42,cooking_html/allrecipes-0248.html,100,100,100,100,100,100
42,cooking_html/tasty-2443.html,100,0,100,100,100,0
42,cooking_html/tasty-2227.html,100,0,100,0,100,0
42,cooking_html/tasty-1853.html,100,0,100,0,100,0
42,cooking_html/tasty-1061.html,100,0,100,0,100,0
42,cooking_html/tasty-1196.html,100,0,0,0,100,0
42,cooking_html/nytimes-1363.html,100,100,100,100,100,100
42,cooking_html/cookingclassy-1303.html,100,100,100,100,100,100
42,cooking_html/nytimes-0681.html,100,100,100,100,100,100
42,cooking_html/tasty-1456.html,100,0,100,100,100,0
42,cooking_html/foodnetwork-0179.html,100,100,100,100,100,100
42,cooking_html/allrecipes-0836.html,100,100,100,100,100,100
42,cooking_html/tasty-0099.html,100,0,100,0,100,0
42,cooking_html/allrecipes-0046.html,100,100,100,100,100,100
42,cooking_html/tasty-1098.html,100,0,100,0,100,0
42,cooking_html/cookingclassy-0661.html,100,100,100,100,100,100
42,cooking_html/allrecipes-0868.html,100,100,100,100,100,100
42,cooking_html/cookingclassy-0614.html,100,100,100,100,100,100
42,cooking_html/cookingclassy-0924.html,100,100,100,100,100,100
42,cooking_html/tasty-0020.html,100,0,100,0,100,0
42,cooking_html/cookingclassy-1017.html,100,100,100,100,100,100
42,cooking_html/tasty-0483.html,100,0,100,0,100,0
42,cooking_html/allrecipes-0923.html,100,100,100,100,100,100
42,cooking_html/cookingclassy-1040.html,100,100,100,100,100,100
42,cooking_html/allrecipes-0109.html,100,100,100,100,100,100
42,cooking_html/foodnetwork-1227.html,100,100,100,100,0,0
42,cooking_html/cookingclassy-0872.html,100,0,100,100,100,0
42,cooking_html/nytimes-0866.html,100,100,100,100,100,100
42,cooking_html/tasty-2196.html,100,0,100,0,100,0
42,cooking_html/allrecipes-1443.html,100,100,100,100,100,100
42,cooking_html/nytimes-0332.html,100,100,100,100,100,100
42,cooking_html/tasty-1378.html,100,0,100,100,100,0
42,cooking_html/nytimes-0073.html,100,100,100,100,100,100
42,cooking_html/nytimes-0328.html,100,100,100,100,100,100
42,cooking_html/foodnetwork-0849.html,100,100,100,100,100,100
42,cooking_html/foodnetwork-0821.html,100,100,0,100,100,0
42,cooking_html/allrecipes-1248.html,100,100,100,100,100,100
42,cooking_html/tasty-1115.html,100,0,100,0,100,0
42,cooking_html/nytimes-0286.html,100,100,100,100,100,100
42,cooking_html/nytimes-1831.html,100,100,100,100,100,100
42,cooking_html/allrecipes-1038.html,100,100,100,100,100,100
42,cooking_html/cookingclassy-1109.html,100,100,100,100,100,100
42,cooking_html/tasty-0251.html,100,0,100,0,100,0
42,cooking_html/tasty-0288.html,100,0,100,0,100,0
42,cooking_html/allrecipes-0726.html,100,100,100,100,100,100
42,cooking_html/cookingclassy-0379.html,100,100,100,100,100,100
42,cooking_html/cookingclassy-0193.html,100,100,100,100,100,100
42,cooking_html/cookingclassy-0597.html,100,100,100,100,100,100
42,cooking_html/nytimes-0549.html,100,100,100,100,100,100
42,cooking_html/allrecipes-1194.html,100,100,100,100,100,100
42,cooking_html/nytimes-0752.html,100,100,100,100,100,100
42,cooking_html/allrecipes-0870.html,100,100,100,100,100,100
42,cooking_html/foodnetwork-1149.html,100,100,100,100,0,0
42,cooking_html/tasty-0782.html,100,0,0,0,100,0
42,cooking_html/foodnetwork-0707.html,100,100,100,100,100,100
42,cooking_html/foodnetwork-1309.html,100,100,100,100,100,100
42,cooking_html/foodnetwork-0641.html,100,100,100,100,100,100
42,cooking_html/cookingclassy-0820.html,100,100,100,100,100,100
42,cooking_html/foodnetwork-1158.html,100,100,100,100,100,100
42,cooking_html/cookingclassy-0553.html,100,100,100,100,100,100
42,cooking_html/nytimes-1119.html,100,100,100,100,100,100
42,cooking_html/nytimes-1905.html,100,100,100,100,100,100
42,cooking_html/nytimes-0490.html,100,100,100,100,100,100
42,cooking_html/nytimes-1410.html,100,100,100,100,100,100
42,cooking_html/tasty-0745.html,100,0,100,0,100,0
42,cooking_html/tasty-0034.html,100,0,0,0,100,0
42,cooking_html/tasty-2053.html,100,0,100,0,100,0
42,cooking_html/foodnetwork-1213.html,100,100,0,100,0,0
42,cooking_html/cookingclassy-1274.html,100,100,100,100,100,100
42,cooking_html/allrecipes-1584.html,100,100,100,100,100,100
42,cooking_html/allrecipes-0347.html,100,100,100,100,100,100
42,cooking_html/tasty-0907.html,100,100,100,0,100,0
42,cooking_html/tasty-1822.html,100,0,100,0,100,0
42,cooking_html/cookingclassy-0393.html,100,100,100,100,100,100
42,cooking_html/foodnetwork-0157.html,100,100,0,100,0,0
42,cooking_html/nytimes-2031.html,100,100,100,100,100,100
42,cooking_html/tasty-2445.html,100,0,0,0,100,0
42,cooking_html/tasty-0165.html,100,0,100,100,100,0
42,cooking_html/tasty-2138.html,100,0,100,0,100,0
42,cooking_html/foodnetwork-1214.html,100,100,100,100,100,100
42,cooking_html/cookingclassy-0106.html,100,100,100,100,100,100
42,cooking_html/cookingclassy-0305.html,100,100,100,100,100,100
42,cooking_html/nytimes-0661.html,100,100,100,100,100,100
42,cooking_html/allrecipes-1111.html,100,100,100,100,100,100
42,cooking_html/allrecipes-0039.html,100,0,100,100,0,0
42,cooking_html/tasty-0898.html,100,0,0,0,100,0
42,cooking_html/foodnetwork-1406.html,100,100,100,100,100,100
42,cooking_html/allrecipes-0631.html,100,100,100,100,100,100
42,cooking_html/nytimes-0177.html,100,100,100,100,100,100
42,cooking_html/foodnetwork-1284.html,100,100,100,100,100,100
42,cooking_html/foodnetwork-2259.html,100,100,100,100,100,100
42,cooking_html/foodnetwork-1211.html,100,100,100,100,100,100
42,cooking_html/tasty-2025.html,100,0,100,0,100,0
42,cooking_html/nytimes-0315.html,100,100,100,100,100,100
42,cooking_html/nytimes-1691.html,100,100,100,100,100,100
42,cooking_html/tasty-2391.html,100,0,100,100,100,0
42,cooking_html/cookingclassy-0014.html,100,0,100,100,100,0
42,cooking_html/allrecipes-1496.html,100,100,100,100,100,100
42,cooking_html/tasty-1984.html,100,0,100,0,100,0
42,cooking_html/allrecipes-1544.html,100,100,100,100,100,100
42,cooking_html/cookingclassy-0148.html,100,100,100,100,100,100
42,cooking_html/tasty-0598.html,100,0,0,0,100,0
42,cooking_html/nytimes-1851.html,100,100,100,100,100,100
42,cooking_html/tasty-0605.html,100,0,100,0,100,0
42,cooking_html/nytimes-0785.html,100,100,100,100,100,100
42,cooking_html/tasty-0879.html,100,0,100,0,100,0
42,cooking_html/tasty-1925.html,100,0,100,100,100,0
42,cooking_html/allrecipes-0823.html,100,100,100,100,100,100
42,cooking_html/cookingclassy-0550.html,100,100,100,100,100,100
42,cooking_html/foodnetwork-0524.html,100,100,100,100,100,100
42,cooking_html/nytimes-1947.html,100,100,100,100,100,100
42,cooking_html/foodnetwork-1239.html,100,100,100,100,100,100
42,cooking_html/nytimes-1262.html,100,100,100,100,100,100
42,cooking_html/nytimes-0874.html,100,100,100,100,100,100
42,cooking_html/allrecipes-0333.html,100,100,100,100,100,100
42,cooking_html/nytimes-1534.html,100,100,100,100,100,100
42,cooking_html/tasty-0019.html,100,0,100,0,100,0
42,cooking_html/allrecipes-1471.html,100,100,100,100,100,100
42,cooking_html/tasty-1430.html,100,0,100,0,100,0
42,cooking_html/foodnetwork-0276.html,100,100,100,100,0,0
42,cooking_html/allrecipes-0078.html,100,100,100,100,100,100
42,cooking_html/tasty-0303.html,100,0,100,0,100,0
42,cooking_html/cookingclassy-0341.html,100,100,100,100,100,100
42,cooking_html/tasty-0789.html,100,0,100,0,100,0
42,cooking_html/tasty-1499.html,100,0,100,0,100,0
42,cooking_html/allrecipes-0751.html,100,100,100,100,100,100
42,cooking_html/allrecipes-0696.html,100,100,100,100,100,100
42,cooking_html/cookingclassy-0197.html,100,100,100,100,100,100
42,cooking_html/foodnetwork-1500.html,100,100,0,100,100,0
42,cooking_html/allrecipes-1268.html,100,100,100,100,100,100
42,cooking_html/foodnetwork-0546.html,100,100,0,100,100,0
42,cooking_html/cookingclassy-0786.html,100,100,100,100,100,100
42,cooking_html/tasty-1202.html,100,0,100,0,100,0
42,cooking_html/cookingclassy-1042.html,100,100,100,100,100,100
42,cooking_html/nytimes-1717.html,100,100,100,100,100,100
42,cooking_html/cookingclassy-0458.html,100,100,100,100,100,100
42,cooking_html/foodnetwork-2218.html,100,100,100,100,100,100
42,cooking_html/tasty-1383.html,100,0,100,0,100,0
42,cooking_html/nytimes-1528.html,100,100,100,100,100,100
42,cooking_html/tasty-2131.html,100,0,100,0,100,0
42,cooking_html/nytimes-1417.html,100,100,100,100,100,100
42,cooking_html/nytimes-0166.html,100,100,100,100,100,100
42,cooking_html/tasty-1833.html,100,0,100,100,100,0
42,cooking_html/tasty-1285.html,100,0,100,100,100,0
42,cooking_html/tasty-1403.html,100,0,100,0,100,0
42,cooking_html/allrecipes-0951.html,100,100,100,100,100,100
42,cooking_html/tasty-2017.html,100,0,100,0,100,0
42,cooking_html/allrecipes-1433.html,100,100,100,100,100,100
42,cooking_html/nytimes-1162.html,100,100,100,100,100,100
42,cooking_html/nytimes-1496.html,100,100,100,100,100,100
42,cooking_html/foodnetwork-0191.html,100,100,0,100,0,0
42,cooking_html/foodnetwork-0458.html,100,100,0,100,100,0
42,cooking_html/allrecipes-0427.html,100,100,100,100,100,100
42,cooking_html/cookingclassy-1011.html,100,100,100,100,100,100
42,cooking_html/cookingclassy-0947.html,100,100,100,100,100,100
42,cooking_html/tasty-0017.html,100,0,0,0,100,0
42,cooking_html/cookingclassy-0663.html,100,100,100,100,100,100
42,cooking_html/cookingclassy-0793.html,100,100,100,100,100,100
42,cooking_html/foodnetwork-0965.html,100,100,100,100,100,100
42,cooking_html/foodnetwork-0069.html,100,100,100,100,0,0
42,cooking_html/nytimes-1016.html,100,100,100,100,100,100
42,cooking_html/foodnetwork-0391.html,100,100,100,100,100,100
42,cooking_html/foodnetwork-1143.html,100,100,0,100,0,0
42,cooking_html/tasty-2447.html,100,0,0,0,100,0
42,cooking_html/tasty-0920.html,100,0,100,0,100,0
42,cooking_html/cookingclassy-0473.html,100,100,100,100,100,100
42,cooking_html/foodnetwork-0704.html,100,100,0,100,0,0
42,cooking_html/foodnetwork-1739.html,100,100,100,100,100,100
42,cooking_html/cookingclassy-0878.html,100,100,100,100,100,100
42,cooking_html/foodnetwork-1148.html,100,100,100,100,100,100
42,cooking_html/cookingclassy-1222.html,100,100,100,100,100,100
42,cooking_html/nytimes-1744.html,100,100,100,100,100,100
42,cooking_html/tasty-1149.html,100,0,100,0,100,0
42,cooking_html/foodnetwork-0018.html,100,100,100,100,100,100
42,cooking_html/cookingclassy-1185.html,100,100,100,100,100,100
42,cooking_html/foodnetwork-0637.html,100,100,100,100,0,0
42,cooking_html/foodnetwork-0657.html,100,100,0,100,100,0
42,cooking_html/tasty-2306.html,100,0,100,0,100,0
42,cooking_html/allrecipes-0350.html,100,100,100,100,100,100
42,cooking_html/foodnetwork-1166.html,100,100,100,100,0,0
42,cooking_html/nytimes-1190.html,100,100,100,100,100,100
42,cooking_html/nytimes-0146.html,100,100,100,100,100,100
42,cooking_html/tasty-0927.html,100,0,100,0,100,0
42,cooking_html/foodnetwork-0495.html,100,100,100,100,100,100
42,cooking_html/nytimes-1140.html,100,100,100,100,100,100
42,cooking_html/nytimes-0458.html,100,100,100,100,100,100
42,cooking_html/foodnetwork-0511.html,100,100,100,100,0,0
42,cooking_html/nytimes-1525.html,100,100,100,100,100,100
42,cooking_html/foodnetwork-0881.html,100,100,100,100,0,0
42,cooking_html/nytimes-1549.html,100,100,100,100,100,100
42,cooking_html/tasty-2036.html,100,0,100,0,100,0
42,cooking_html/cookingclassy-0512.html,100,100,100,100,100,100
42,cooking_html/nytimes-0400.html,100,100,100,100,100,100
42,cooking_html/allrecipes-0624.html,100,100,100,100,100,100
42,cooking_html/tasty-0550.html,100,0,100,0,100,0
42,cooking_html/allrecipes-0833.html,100,100,100,100,100,100
42,cooking_html/allrecipes-1686.html,100,100,100,100,100,100
42,cooking_html/foodnetwork-0815.html,100,100,0,100,100,0
42,cooking_html/foodnetwork-0955.html,100,100,0,100,100,0
42,cooking_html/allrecipes-0253.html,100,100,100,100,100,100
42,cooking_html/allrecipes-1351.html,100,0,100,100,100,0
42,cooking_html/foodnetwork-1180.html,100,100,100,100,0,0
42,cooking_html/nytimes-1971.html,100,100,100,100,100,100
42,cooking_html/allrecipes-0262.html,100,100,100,100,100,100
42,cooking_html/cookingclassy-0301.html,100,0,100,100,100,0
42,cooking_html/tasty-0298.html,100,0,0,0,100,0
42,cooking_html/allrecipes-0635.html,100,0,100,100,0,0
42,cooking_html/cookingclassy-0120.html,100,100,100,100,100,100
42,cooking_html/nytimes-1749.html,100,100,100,100,100,100
42,cooking_html/allrecipes-0033.html,100,0,100,100,0,0
42,cooking_html/nytimes-1935.html,100,100,100,100,100,100
42,cooking_html/nytimes-0935.html,100,100,100,100,100,100
42,cooking_html/tasty-0437.html,100,0,100,0,100,0
42,cooking_html/nytimes-1374.html,100,100,100,100,100,100
42,cooking_html/nytimes-0845.html,100,100,100,100,100,100
42,cooking_html/foodnetwork-0706.html,100,100,100,100,100,100
42,cooking_html/nytimes-1151.html,100,100,100,100,100,100
42,cooking_html/nytimes-1516.html,100,100,100,100,100,100
42,cooking_html/tasty-0010.html,100,0,100,0,100,0
42,cooking_html/foodnetwork-1823.html,100,100,100,100,100,100
42,cooking_html/nytimes-0434.html,100,100,100,100,100,100
42,cooking_html/nytimes-1058.html,100,100,100,100,100,100
42,cooking_html/allrecipes-0665.html,100,100,100,100,100,100
42,cooking_html/allrecipes-1086.html,100,100,100,100,100,100
42,cooking_html/cookingclassy-0624.html,100,100,100,100,100,100
42,cooking_html/cookingclassy-0537.html,100,100,100,0,100,0
42,cooking_html/nytimes-0349.html,100,100,100,100,100,100
42,cooking_html/cookingclassy-1251.html,100,100,100,100,100,100
42,cooking_html/allrecipes-1253.html,100,100,100,100,100,100
42,cooking_html/tasty-1366.html,100,0,100,0,100,0
42,cooking_html/nytimes-0786.html,100,100,100,100,100,100
42,cooking_html/cookingclassy-0426.html,100,100,100,100,100,100
42,cooking_html/foodnetwork-0433.html,100,100,100,100,0,0
42,cooking_html/tasty-1153.html,100,0,100,100,100,0
42,cooking_html/foodnetwork-1927.html,100,100,100,100,100,100
42,cooking_html/nytimes-1764.html,100,100,100,100,100,100
42,cooking_html/nytimes-1538.html,100,100,100,100,100,100
42,cooking_html/cookingclassy-0047.html,100,100,100,100,100,100
42,cooking_html/tasty-2225.html,100,0,100,100,100,0
42,cooking_html/tasty-1179.html,100,0,100,0,100,0
42,cooking_html/tasty-0810.html,100,0,100,0,100,0
42,cooking_html/tasty-0873.html,100,0,100,0,100,0
42,cooking_html/nytimes-1222.html,100,100,100,100,100,100
42,cooking_html/foodnetwork-2127.html,100,100,100,100,100,100
42,cooking_html/nytimes-0740.html,100,100,100,100,100,100
42,cooking_html/allrecipes-0132.html,100,100,100,100,100,100
42,cooking_html/tasty-0541.html,100,0,100,0,100,0
42,cooking_html/foodnetwork-0875.html,100,100,0,100,100,0
42,cooking_html/tasty-1473.html,100,0,100,0,100,0
42,cooking_html/tasty-2403.html,100,0,100,0,100,0
42,cooking_html/foodnetwork-2183.html,100,100,100,100,100,100
42,cooking_html/foodnetwork-0566.html,100,100,100,100,100,100
42,cooking_html/tasty-0830.html,100,0,100,0,100,0
42,cooking_html/tasty-0534.html,100,0,0,0,100,0
42,cooking_html/allrecipes-1095.html,100,100,100,100,100,100
42,cooking_html/tasty-1672.html,100,0,100,0,100,0
42,cooking_html/nytimes-1394.html,100,100,100,100,100,100
42,cooking_html/nytimes-0339.html,100,100,100,100,100,100
42,cooking_html/tasty-1929.html,100,0,100,0,100,0
42,cooking_html/nytimes-0790.html,100,100,100,100,100,100
42,cooking_html/allrecipes-0143.html,100,100,100,100,100,100
42,cooking_html/allrecipes-1695.html,100,100,100,100,100,100
42,cooking_html/tasty-1824.html,100,0,100,0,100,0
42,cooking_html/tasty-1023.html,100,0,0,0,100,0
42,cooking_html/foodnetwork-1614.html,100,100,0,100,100,0
42,cooking_html/foodnetwork-0116.html,100,100,100,100,100,100
42,cooking_html/allrecipes-1371.html,100,100,100,100,100,100
42,cooking_html/nytimes-0738.html,100,100,100,100,100,100
42,cooking_html/tasty-2212.html,100,0,100,0,100,0
42,cooking_html/tasty-0797.html,100,0,100,0,100,0
42,cooking_html/nytimes-0765.html,100,100,100,100,100,100
42,cooking_html/allrecipes-0505.html,100,0,100,100,100,0
42,cooking_html/allrecipes-0119.html,100,0,100,100,100,0
42,cooking_html/tasty-0370.html,100,0,100,0,100,0
42,cooking_html/allrecipes-0154.html,100,100,100,100,100,100
42,cooking_html/allrecipes-0948.html,100,100,100,100,100,100
42,cooking_html/nytimes-1963.html,100,100,100,100,100,100
42,cooking_html/allrecipes-0959.html,100,100,100,100,100,100
42,cooking_html/tasty-1259.html,100,0,100,0,100,0
42,cooking_html/tasty-2116.html,100,0,100,0,100,0
42,cooking_html/cookingclassy-1116.html,100,100,100,100,100,100
42,cooking_html/tasty-1667.html,100,0,0,0,100,0
42,cooking_html/tasty-2460.html,100,0,100,0,100,0
42,cooking_html/allrecipes-0999.html,100,100,100,100,100,100
42,cooking_html/allrecipes-0332.html,100,100,100,100,100,100
42,cooking_html/tasty-1799.html,100,0,100,100,100,0
42,cooking_html/nytimes-0025.html,100,100,100,100,100,100
42,cooking_html/foodnetwork-1184.html,100,100,100,100,0,0
42,cooking_html/cookingclassy-0415.html,100,100,100,100,100,100
42,cooking_html/cookingclassy-0503.html,100,100,100,100,100,100
42,cooking_html/tasty-2242.html,100,0,100,0,100,0
42,cooking_html/nytimes-1514.html,100,100,100,100,100,100
42,cooking_html/tasty-0047.html,100,0,100,0,100,0
42,__SUMMARY__,100.00,68.25,90.36,75.09,94.51,57.64
