seed,file,name_presence,rating_presence,author_presence,time_presence,type_presence,all5_presence
43,cooking_html/tasty-0679.html,100,0,100,0,100,0
43,cooking_html/foodnetwork-1384.html,100,100,0,100,100,0
43,cooking_html/cookingclassy-0861.html,100,100,100,100,100,100
43,cooking_html/nytimes-1498.html,100,100,100,100,100,100
43,cooking_html/nytimes-1010.html,100,100,100,100,100,100
43,cooking_html/tasty-0027.html,100,0,100,100,100,0
43,cooking_html/tasty-0362.html,100,0,100,0,100,0
43,cooking_html/tasty-1314.html,100,0,100,0,100,0
43,cooking_html/nytimes-1105.html,100,100,100,100,100,100
43,cooking_html/tasty-1045.html,100,0,100,0,100,0
43,cooking_html/tasty-0123.html,100,0,100,0,100,0
43,cooking_html/nytimes-1269.html,100,100,100,100,100,100
43,cooking_html/cookingclassy-0476.html,100,100,100,100,100,100
43,cooking_html/allrecipes-0228.html,100,100,100,100,100,100
43,cooking_html/nytimes-0621.html,100,100,100,100,100,100
43,cooking_html/cookingclassy-1124.html,100,100,100,100,100,100
43,cooking_html/tasty-2116.html,100,0,100,0,100,0
43,cooking_html/cookingclassy-0138.html,100,100,100,100,100,100
43,cooking_html/tasty-2099.html,100,0,100,100,100,0
43,cooking_html/cookingclassy-0333.html,100,100,100,100,100,100
43,cooking_html/nytimes-0545.html,100,100,100,100,100,100
43,cooking_html/tasty-1059.html,100,0,100,0,100,0
43,cooking_html/foodnetwork-0639.html,100,100,100,100,0,0
43,cooking_html/foodnetwork-2121.html,100,100,100,100,100,100
43,cooking_html/allrecipes-0838.html,100,100,100,100,100,100
43,cooking_html/allrecipes-1702.html,100,100,100,100,100,100
43,cooking_html/nytimes-0923.html,100,100,100,100,100,100
43,cooking_html/allrecipes-1014.html,100,100,100,100,100,100
43,cooking_html/allrecipes-0611.html,100,100,100,100,100,100
43,cooking_html/allrecipes-1574.html,100,100,100,100,100,100
43,cooking_html/cookingclassy-1116.html,100,100,100,100,100,100
43,cooking_html/foodnetwork-0648.html,100,100,0,100,100,0
43,cooking_html/tasty-1811.html,100,0,100,0,100,0
43,cooking_html/foodnetwork-0753.html,100,100,100,100,100,100
43,cooking_html/tasty-1623.html,100,0,100,100,100,0
43,cooking_html/allrecipes-0573.html,100,100,100,100,100,100
43,cooking_html/allrecipes-1682.html,100,100,100,100,100,100
43,cooking_html/tasty-1234.html,100,0,0,0,100,0
43,cooking_html/foodnetwork-0149.html,100,100,100,100,0,0
43,cooking_html/tasty-1029.html,100,0,100,0,100,0
43,cooking_html/tasty-1114.html,100,0,100,0,100,0
43,cooking_html/allrecipes-0169.html,100,100,100,100,100,100
43,cooking_html/allrecipes-1322.html,100,100,100,100,100,100
43,cooking_html/nytimes-0496.html,100,100,100,100,100,100
43,cooking_html/nytimes-1656.html,100,100,100,100,100,100
43,cooking_html/foodnetwork-0175.html,100,100,100,100,0,0
43,cooking_html/foodnetwork-1054.html,100,100,100,100,100,100
43,cooking_html/allrecipes-0945.html,100,0,100,100,100,0
43,cooking_html/nytimes-1558.html,100,100,100,100,100,100
43,cooking_html/cookingclassy-0795.html,100,0,100,100,100,0
43,cooking_html/foodnetwork-1261.html,100,100,0,100,100,0
43,cooking_html/nytimes-0459.html,100,100,100,100,100,100
43,cooking_html/tasty-0397.html,100,0,100,0,100,0
43,cooking_html/foodnetwork-0616.html,100,100,100,100,0,0
43,cooking_html/nytimes-0982.html,100,100,100,100,100,100
43,cooking_html/allrecipes-1579.html,100,100,100,100,100,100
43,cooking_html/tasty-1158.html,100,0,100,0,100,0
43,cooking_html/cookingclassy-0843.html,100,100,100,100,100,100
43,cooking_html/nytimes-1562.html,100,100,100,100,100,100
43,cooking_html/allrecipes-0796.html,100,100,100,100,100,100
43,cooking_html/cookingclassy-0965.html,100,100,100,100,100,100
43,cooking_html/cookingclassy-0973.html,100,100,0,100,100,0
43,cooking_html/foodnetwork-1130.html,100,100,100,100,100,100
43,cooking_html/foodnetwork-0844.html,100,100,100,100,100,100
43,cooking_html/allrecipes-1288.html,100,100,100,100,100,100
43,cooking_html/foodnetwork-1993.html,100,100,100,100,100,100
43,cooking_html/cookingclassy-1015.html,100,100,100,100,100,100
43,cooking_html/tasty-1245.html,100,0,100,0,100,0
43,cooking_html/nytimes-0944.html,100,100,100,100,100,100
43,cooking_html/tasty-1192.html,100,0,100,0,100,0
43,cooking_html/nytimes-1037.html,100,100,100,100,100,100
43,cooking_html/tasty-0721.html,100,0,100,0,100,0
43,cooking_html/allrecipes-0515.html,100,100,100,100,100,100
43,cooking_html/nytimes-0178.html,100,100,100,100,100,100
43,cooking_html/allrecipes-0282.html,100,100,100,100,100,100
43,cooking_html/foodnetwork-1457.html,100,100,100,100,100,100
43,cooking_html/tasty-1867.html,100,0,100,0,100,0
43,cooking_html/tasty-2075.html,100,0,100,0,100,0
43,cooking_html/cookingclassy-0107.html,100,100,100,100,100,100
43,cooking_html/cookingclassy-1060.html,100,100,100,100,100,100
43,cooking_html/tasty-0965.html,100,0,100,100,100,0
43,cooking_html/allrecipes-1098.html,100,100,100,100,100,100
43,cooking_html/allrecipes-0841.html,100,100,100,100,100,100
43,cooking_html/allrecipes-0394.html,100,100,100,100,100,100
43,cooking_html/allrecipes-0564.html,100,0,100,100,100,0
43,cooking_html/nytimes-1525.html,100,100,100,100,100,100
43,cooking_html/allrecipes-1120.html,100,100,100,100,100,100
43,cooking_html/tasty-1579.html,100,0,100,100,100,0
43,cooking_html/foodnetwork-1089.html,100,100,0,100,100,0
43,cooking_html/foodnetwork-0538.html,100,100,100,100,0,0
43,cooking_html/tasty-0298.html,100,0,0,0,100,0
43,cooking_html/foodnetwork-0303.html,100,100,100,100,0,0
43,cooking_html/cookingclassy-0364.html,100,100,100,100,100,100
43,cooking_html/tasty-0328.html,100,0,100,0,100,0
43,cooking_html/foodnetwork-1133.html,100,100,100,100,0,0
43,cooking_html/allrecipes-1149.html,100,0,100,100,100,0
43,cooking_html/tasty-2016.html,100,0,100,0,100,0
43,cooking_html/cookingclassy-1071.html,100,100,100,100,100,100
43,cooking_html/tasty-1936.html,100,0,100,0,100,0
43,cooking_html/cookingclassy-0785.html,100,100,100,100,100,100
43,cooking_html/nytimes-0372.html,100,100,100,100,100,100
43,cooking_html/foodnetwork-0265.html,100,100,0,100,100,0
43,cooking_html/tasty-1257.html,100,0,0,0,100,0
43,cooking_html/cookingclassy-0736.html,100,100,100,100,100,100
43,cooking_html/tasty-1236.html,100,0,0,0,100,0
43,cooking_html/tasty-1282.html,100,0,100,0,100,0
43,cooking_html/nytimes-1248.html,100,100,100,100,100,100
43,cooking_html/nytimes-0808.html,100,100,100,100,100,100
43,cooking_html/cookingclassy-0075.html,100,100,100,100,100,100
43,cooking_html/allrecipes-1079.html,100,100,100,100,100,100
43,cooking_html/nytimes-1548.html,100,100,100,100,100,100
43,cooking_html/nytimes-0889.html,100,100,100,100,100,100
43,cooking_html/allrecipes-1435.html,100,100,100,100,100,100
43,cooking_html/allrecipes-1511.html,100,0,100,100,100,0
43,cooking_html/tasty-0719.html,100,0,100,0,100,0
43,cooking_html/allrecipes-1338.html,100,100,100,100,100,100
43,cooking_html/nytimes-1702.html,100,100,100,100,100,100
43,cooking_html/allrecipes-0478.html,100,0,100,100,100,0
43,cooking_html/foodnetwork-0812.html,100,100,100,100,0,0
43,cooking_html/nytimes-1090.html,100,100,100,100,100,100
43,cooking_html/tasty-1696.html,100,0,100,0,100,0
43,cooking_html/nytimes-1956.html,100,0,100,100,100,0
43,cooking_html/tasty-2022.html,100,0,100,100,100,0
43,cooking_html/allrecipes-0562.html,100,0,100,100,100,0
43,cooking_html/cookingclassy-1236.html,100,100,100,100,100,100
43,cooking_html/allrecipes-0965.html,100,100,100,100,100,100
43,cooking_html/allrecipes-0692.html,100,100,100,100,100,100
43,cooking_html/tasty-1497.html,100,0,100,0,100,0
43,cooking_html/tasty-1430.html,100,0,100,0,100,0
43,cooking_html/foodnetwork-0187.html,100,100,100,100,100,100
43,cooking_html/foodnetwork-0943.html,100,100,100,100,100,100
43,cooking_html/allrecipes-1111.html,100,100,100,100,100,100
43,cooking_html/tasty-0853.html,100,0,0,0,100,0
43,cooking_html/nytimes-1685.html,100,100,100,100,100,100
43,cooking_html/cookingclassy-0300.html,100,100,100,100,100,100
43,cooking_html/nytimes-1807.html,100,100,100,100,100,100
43,cooking_html/cookingclassy-0992.html,100,100,100,100,100,100
43,cooking_html/tasty-0938.html,100,0,100,0,100,0
43,cooking_html/tasty-2410.html,100,0,0,0,100,0
43,cooking_html/allrecipes-0865.html,100,100,100,100,100,100
43,cooking_html/cookingclassy-0784.html,100,100,100,100,100,100
43,cooking_html/cookingclassy-0483.html,100,100,100,100,100,100
43,cooking_html/foodnetwork-0164.html,100,100,0,100,100,0
43,cooking_html/nytimes-1048.html,100,100,100,100,100,100
43,cooking_html/allrecipes-0505.html,100,0,100,100,100,0
43,cooking_html/cookingclassy-0646.html,100,100,100,100,100,100
43,cooking_html/foodnetwork-1002.html,100,100,100,100,0,0
43,cooking_html/allrecipes-0166.html,100,100,100,100,100,100
43,cooking_html/allrecipes-1189.html,100,100,100,100,100,100
43,cooking_html/nytimes-1976.html,100,100,100,100,100,100
43,cooking_html/nytimes-1504.html,100,100,100,100,100,100
43,cooking_html/tasty-1670.html,100,0,100,100,100,0
43,cooking_html/foodnetwork-0747.html,100,100,100,100,100,100
43,cooking_html/tasty-1580.html,100,0,100,0,100,0
43,cooking_html/foodnetwork-1358.html,100,100,0,100,100,0
43,cooking_html/foodnetwork-1779.html,100,100,0,100,100,0
43,cooking_html/nytimes-1774.html,100,100,100,100,100,100
43,cooking_html/nytimes-1701.html,100,100,100,100,100,100
43,cooking_html/allrecipes-0389.html,100,0,100,100,100,0
43,cooking_html/allrecipes-1033.html,100,100,100,100,100,100
43,cooking_html/allrecipes-0631.html,100,100,100,100,100,100
43,cooking_html/tasty-2247.html,100,0,100,0,100,0
43,cooking_html/tasty-1218.html,100,0,100,100,100,0
43,cooking_html/nytimes-0271.html,100,100,100,100,100,100
43,cooking_html/nytimes-0826.html,100,100,100,100,100,100
43,cooking_html/nytimes-0868.html,100,100,100,100,100,100
43,cooking_html/tasty-2379.html,100,0,100,100,100,0
43,cooking_html/tasty-2287.html,100,0,100,0,100,0
43,cooking_html/nytimes-0413.html,100,100,100,100,100,100
43,cooking_html/tasty-0860.html,100,0,100,0,100,0
43,cooking_html/allrecipes-1250.html,100,0,100,100,100,0
43,cooking_html/foodnetwork-0804.html,100,100,0,100,100,0
43,cooking_html/nytimes-1045.html,100,100,100,100,100,100
43,cooking_html/allrecipes-0094.html,100,100,100,100,100,100
43,cooking_html/cookingclassy-0903.html,100,0,100,100,100,0
43,cooking_html/allrecipes-1527.html,100,100,100,100,100,100
43,cooking_html/tasty-0891.html,100,0,100,0,100,0
43,cooking_html/cookingclassy-0923.html,100,100,100,100,100,100
43,cooking_html/nytimes-0864.html,100,100,100,100,100,100
43,cooking_html/nytimes-1424.html,100,100,100,100,100,100
43,cooking_html/allrecipes-0073.html,100,100,100,100,100,100
43,cooking_html/foodnetwork-0344.html,100,100,100,100,100,100
43,cooking_html/tasty-2437.html,100,0,100,0,100,0
43,cooking_html/tasty-1030.html,100,0,100,0,100,0
43,cooking_html/tasty-2295.html,100,0,100,0,100,0
43,cooking_html/nytimes-0053.html,100,100,100,100,100,100
43,cooking_html/tasty-0317.html,100,0,100,100,100,0
43,cooking_html/allrecipes-0438.html,100,100,100,100,100,100
43,cooking_html/nytimes-0633.html,100,100,100,100,100,100
43,cooking_html/cookingclassy-0604.html,100,100,100,100,100,100
43,cooking_html/foodnetwork-0521.html,100,100,100,100,0,0
43,cooking_html/cookingclassy-0938.html,100,100,100,100,100,100
43,cooking_html/tasty-0481.html,100,100,100,0,100,0
43,cooking_html/cookingclassy-1114.html,100,100,100,100,100,100
43,cooking_html/cookingclassy-0854.html,100,100,100,100,100,100
43,cooking_html/nytimes-1501.html,100,100,100,100,100,100
43,cooking_html/tasty-0594.html,100,0,100,0,100,0
43,cooking_html/allrecipes-0675.html,100,100,100,100,100,100
43,cooking_html/nytimes-1989.html,100,100,100,100,100,100
43,cooking_html/allrecipes-1455.html,100,100,100,100,100,100
43,cooking_html/tasty-2465.html,100,0,100,100,100,0
43,cooking_html/nytimes-1696.html,100,100,100,100,100,100
43,cooking_html/foodnetwork-1432.html,100,100,0,100,100,0
43,cooking_html/tasty-0546.html,100,0,100,0,100,0
43,cooking_html/tasty-0183.html,100,0,100,0,100,0
43,cooking_html/allrecipes-1256.html,100,100,100,100,100,100
43,cooking_html/cookingclassy-0392.html,100,100,100,100,100,100
43,cooking_html/nytimes-1578.html,100,100,100,100,100,100
43,cooking_html/cookingclassy-0990.html,100,100,100,100,100,100
43,cooking_html/tasty-0561.html,100,0,100,0,100,0
43,cooking_html/nytimes-0815.html,100,100,100,100,100,100
43,cooking_html/tasty-0677.html,100,0,100,0,100,0
43,cooking_html/foodnetwork-0203.html,100,100,100,100,100,100
43,cooking_html/foodnetwork-0328.html,100,100,100,100,100,100
43,cooking_html/tasty-2444.html,100,0,0,0,100,0
43,cooking_html/tasty-1816.html,100,0,100,100,100,0
43,cooking_html/tasty-2409.html,100,0,100,0,100,0
43,cooking_html/tasty-1242.html,100,0,100,100,100,0
43,cooking_html/allrecipes-1068.html,100,100,100,100,100,100
43,cooking_html/tasty-1328.html,100,0,0,0,100,0
43,cooking_html/foodnetwork-0089.html,100,100,0,100,100,0
43,cooking_html/cookingclassy-0248.html,100,100,0,100,100,0
43,cooking_html/nytimes-1293.html,100,100,100,100,100,100
43,cooking_html/foodnetwork-1217.html,100,100,100,100,100,100
43,cooking_html/cookingclassy-1001.html,100,100,100,100,100,100
43,cooking_html/allrecipes-1032.html,100,100,100,100,100,100
43,cooking_html/cookingclassy-0380.html,100,100,100,100,100,100
43,cooking_html/tasty-1001.html,100,0,100,0,100,0
43,cooking_html/tasty-0673.html,100,0,100,0,100,0
43,cooking_html/allrecipes-0317.html,100,0,100,100,100,0
43,cooking_html/tasty-0020.html,100,0,100,0,100,0
43,cooking_html/nytimes-1873.html,100,100,100,100,100,100
43,cooking_html/tasty-2397.html,100,0,100,0,100,0
43,cooking_html/tasty-1449.html,100,0,100,100,100,0
43,cooking_html/nytimes-1954.html,100,100,100,100,100,100
43,cooking_html/allrecipes-0711.html,100,100,100,100,100,100
43,cooking_html/nytimes-1684.html,100,100,100,100,100,100
43,cooking_html/foodnetwork-0890.html,100,100,0,100,100,0
43,cooking_html/nytimes-1768.html,100,100,100,100,100,100
43,cooking_html/foodnetwork-0791.html,100,100,100,100,0,0
43,cooking_html/nytimes-0560.html,100,100,100,100,100,100
43,cooking_html/foodnetwork-0891.html,100,100,100,100,0,0
43,cooking_html/cookingclassy-0945.html,100,100,100,100,100,100
43,cooking_html/tasty-0699.html,100,0,100,0,100,0
43,cooking_html/cookingclassy-0378.html,100,100,100,100,100,100
43,cooking_html/allrecipes-0182.html,100,0,100,100,100,0
43,cooking_html/nytimes-1516.html,100,100,100,100,100,100
43,cooking_html/cookingclassy-0819.html,100,100,100,100,100,100
43,cooking_html/nytimes-1681.html,100,100,100,100,100,100
43,cooking_html/nytimes-1838.html,100,100,100,100,100,100
43,cooking_html/foodnetwork-0341.html,100,100,100,100,100,100
43,cooking_html/cookingclassy-0326.html,100,100,100,100,100,100
43,cooking_html/nytimes-0123.html,100,100,100,100,100,100
43,cooking_html/nytimes-0612.html,100,100,100,100,100,100
43,cooking_html/nytimes-0576.html,100,100,100,100,100,100
43,cooking_html/cookingclassy-0345.html,100,100,100,100,100,100
43,cooking_html/allrecipes-1582.html,100,100,100,100,100,100
43,cooking_html/tasty-0049.html,100,0,100,0,100,0
43,cooking_html/foodnetwork-1827.html,100,100,0,100,100,0
43,cooking_html/cookingclassy-0253.html,100,100,100,100,100,100
43,cooking_html/foodnetwork-0825.html,100,100,100,100,0,0
43,cooking_html/tasty-1209.html,100,0,100,0,100,0
43,cooking_html/tasty-2291.html,100,0,100,100,100,0
43,cooking_html/cookingclassy-0110.html,100,100,100,100,100,100
43,cooking_html/tasty-2488.html,100,0,100,0,100,0
43,cooking_html/nytimes-0298.html,100,100,100,100,100,100
43,cooking_html/allrecipes-0307.html,100,100,100,100,100,100
43,cooking_html/tasty-1281.html,100,0,0,100,100,0
43,cooking_html/tasty-2191.html,100,0,100,0,100,0
43,cooking_html/allrecipes-1442.html,100,100,100,100,100,100
43,cooking_html/nytimes-0290.html,100,100,100,100,100,100
43,cooking_html/allrecipes-0122.html,100,100,100,100,100,100
43,cooking_html/allrecipes-0297.html,100,100,100,100,100,100
43,cooking_html/tasty-1195.html,100,0,0,0,100,0
43,cooking_html/foodnetwork-2244.html,100,100,100,100,100,100
43,cooking_html/tasty-0690.html,100,0,100,0,100,0
43,cooking_html/cookingclassy-0739.html,100,100,100,100,100,100
43,cooking_html/allrecipes-0577.html,100,0,100,100,100,0
43,cooking_html/cookingclassy-0384.html,100,100,100,100,100,100
43,cooking_html/nytimes-0269.html,100,100,100,100,100,100
43,cooking_html/nytimes-1309.html,100,100,100,100,100,100
43,cooking_html/allrecipes-1311.html,100,100,100,100,100,100
43,cooking_html/cookingclassy-0972.html,100,100,100,100,100,100
43,cooking_html/allrecipes-0400.html,100,100,100,100,100,100
43,cooking_html/cookingclassy-1162.html,100,100,100,100,100,100
43,cooking_html/allrecipes-1172.html,100,0,100,100,100,0
43,cooking_html/foodnetwork-0809.html,100,100,100,100,100,100
43,cooking_html/nytimes-0448.html,100,100,100,100,100,100
43,cooking_html/foodnetwork-0239.html,100,100,0,100,100,0
43,cooking_html/foodnetwork-1043.html,100,100,100,100,100,100
43,cooking_html/foodnetwork-1352.html,100,100,0,100,100,0
43,cooking_html/nytimes-0297.html,100,100,100,100,100,100
43,cooking_html/tasty-0329.html,100,0,100,100,100,0
43,cooking_html/tasty-0255.html,100,0,100,0,100,0
43,cooking_html/tasty-0788.html,100,0,100,0,100,0
43,cooking_html/nytimes-0865.html,100,100,100,100,100,100
43,cooking_html/tasty-2013.html,100,0,100,0,100,0
43,cooking_html/tasty-2429.html,100,0,100,100,100,0
43,cooking_html/allrecipes-0912.html,100,100,100,100,100,100
43,cooking_html/tasty-0331.html,100,0,100,0,100,0
43,cooking_html/allrecipes-1684.html,100,100,100,100,100,100
43,cooking_html/foodnetwork-0313.html,100,100,100,100,0,0
43,cooking_html/tasty-2318.html,100,0,100,0,100,0
43,cooking_html/tasty-2050.html,100,0,100,0,100,0
43,cooking_html/nytimes-1896.html,100,100,100,100,100,100
43,cooking_html/cookingclassy-0601.html,100,100,100,100,100,100
43,cooking_html/nytimes-0316.html,100,100,100,100,100,100
43,cooking_html/tasty-2245.html,100,0,100,0,100,0
43,cooking_html/nytimes-1765.html,100,100,100,100,100,100
43,cooking_html/allrecipes-1464.html,100,100,100,100,100,100
43,cooking_html/nytimes-0742.html,100,100,100,100,100,100
43,cooking_html/cookingclassy-0658.html,100,100,100,100,100,100
43,cooking_html/foodnetwork-0394.html,100,100,0,100,100,0
43,cooking_html/foodnetwork-1991.html,100,100,100,100,100,100
43,cooking_html/tasty-1225.html,100,0,0,0,100,0
43,cooking_html/tasty-1723.html,100,100,100,0,100,0
43,cooking_html/allrecipes-0575.html,100,100,100,100,100,100
43,cooking_html/foodnetwork-0352.html,100,100,0,100,100,0
43,cooking_html/allrecipes-1139.html,100,100,100,100,100,100
43,cooking_html/tasty-0543.html,100,0,100,0,100,0
43,cooking_html/foodnetwork-1447.html,100,100,0,100,100,0
43,cooking_html/nytimes-0946.html,100,100,100,100,100,100
43,cooking_html/foodnetwork-1488.html,100,100,100,100,0,0
43,cooking_html/tasty-1368.html,100,0,100,0,100,0
43,cooking_html/tasty-1253.html,100,0,100,0,100,0
43,cooking_html/tasty-1275.html,100,0,0,100,100,0
43,cooking_html/tasty-1149.html,100,0,100,0,100,0
43,cooking_html/allrecipes-0550.html,100,0,100,100,100,0
43,cooking_html/nytimes-1776.html,100,100,100,100,100,100
43,cooking_html/nytimes-1995.html,100,100,100,100,100,100
43,cooking_html/nytimes-1631.html,100,100,100,100,100,100
43,cooking_html/foodnetwork-0185.html,100,100,100,100,0,0
43,cooking_html/nytimes-0622.html,100,100,100,100,100,100
43,cooking_html/tasty-0450.html,100,0,0,100,100,0
43,cooking_html/tasty-0271.html,100,0,100,0,100,0
43,cooking_html/foodnetwork-0915.html,100,100,0,100,100,0
43,cooking_html/cookingclassy-0534.html,100,100,100,100,100,100
43,cooking_html/cookingclassy-1022.html,100,100,100,100,100,100
43,cooking_html/nytimes-0132.html,100,100,100,100,100,100
43,cooking_html/tasty-1441.html,100,0,100,0,100,0
43,cooking_html/tasty-1288.html,100,0,100,100,100,0
43,cooking_html/foodnetwork-0426.html,100,100,100,100,100,100
43,cooking_html/allrecipes-0679.html,100,100,100,100,100,100
43,cooking_html/allrecipes-0299.html,100,0,100,100,100,0
43,cooking_html/allrecipes-1616.html,100,0,100,100,100,0
43,cooking_html/allrecipes-1656.html,100,100,100,100,100,100
43,cooking_html/foodnetwork-1510.html,100,100,100,100,0,0
43,cooking_html/nytimes-0887.html,100,100,100,100,100,100
43,cooking_html/foodnetwork-0808.html,100,100,100,100,100,100
43,cooking_html/nytimes-1554.html,100,100,100,100,100,100
43,cooking_html/tasty-0936.html,100,0,100,100,100,0
43,cooking_html/nytimes-0166.html,100,100,100,100,100,100
43,cooking_html/nytimes-1341.html,100,100,100,100,100,100
43,cooking_html/cookingclassy-0436.html,100,0,100,100,100,0
43,cooking_html/tasty-0732.html,100,0,100,100,100,0
43,cooking_html/allrecipes-1486.html,100,100,100,100,100,100
43,cooking_html/cookingclassy-0404.html,100,100,100,100,100,100
43,cooking_html/tasty-1142.html,100,0,100,0,100,0
43,cooking_html/nytimes-1151.html,100,100,100,100,100,100
43,cooking_html/tasty-0323.html,100,0,100,0,100,0
43,cooking_html/allrecipes-0900.html,100,100,100,100,100,100
43,cooking_html/foodnetwork-1131.html,100,100,100,100,100,100
43,cooking_html/tasty-0733.html,100,0,100,0,100,0
43,cooking_html/tasty-0369.html,100,0,100,0,100,0
43,cooking_html/allrecipes-1038.html,100,100,100,100,100,100
43,cooking_html/cookingclassy-0463.html,100,100,100,100,100,100
43,cooking_html/allrecipes-0463.html,100,100,100,100,100,100
43,cooking_html/nytimes-0375.html,100,100,100,100,100,100
43,cooking_html/allrecipes-1415.html,100,100,100,100,100,100
43,cooking_html/foodnetwork-0497.html,100,100,100,100,100,100
43,cooking_html/tasty-0294.html,100,0,100,0,100,0
43,cooking_html/allrecipes-0407.html,100,100,100,100,100,100
43,cooking_html/nytimes-0856.html,100,100,100,100,100,100
43,cooking_html/tasty-1196.html,100,0,0,0,100,0
43,cooking_html/tasty-2328.html,100,0,100,0,100,0
43,cooking_html/cookingclassy-0628.html,100,100,100,100,100,100
43,cooking_html/allrecipes-0724.html,100,100,100,100,100,100
43,cooking_html/cookingclassy-0502.html,100,0,100,100,100,0
43,cooking_html/tasty-1093.html,100,0,100,0,100,0
43,cooking_html/allrecipes-0820.html,100,100,100,100,100,100
43,cooking_html/allrecipes-1050.html,100,100,100,100,100,100
43,cooking_html/nytimes-1883.html,100,100,100,100,100,100
43,cooking_html/allrecipes-0026.html,100,100,100,100,100,100
43,cooking_html/foodnetwork-1886.html,100,100,0,100,100,0
43,cooking_html/allrecipes-0771.html,100,100,100,100,100,100
43,cooking_html/tasty-0560.html,100,0,100,0,100,0
43,cooking_html/tasty-0149.html,100,0,100,0,100,0
43,cooking_html/nytimes-0185.html,100,100,100,100,100,100
43,cooking_html/tasty-0098.html,100,0,0,0,100,0
43,cooking_html/tasty-2141.html,100,0,100,0,100,0
43,cooking_html/tasty-1291.html,100,0,100,0,100,0
43,cooking_html/allrecipes-1389.html,100,0,100,100,100,0
43,cooking_html/foodnetwork-0568.html,100,100,0,100,100,0
43,cooking_html/cookingclassy-0840.html,100,100,100,100,100,100
43,cooking_html/nytimes-0435.html,100,100,100,100,100,100
43,cooking_html/foodnetwork-0679.html,100,100,0,100,100,0
43,cooking_html/foodnetwork-1154.html,100,100,100,100,100,100
43,cooking_html/nytimes-1689.html,100,100,100,100,100,100
43,cooking_html/nytimes-0924.html,100,100,100,100,100,100
43,cooking_html/tasty-2452.html,100,0,100,100,100,0
43,cooking_html/cookingclassy-0581.html,100,100,100,100,100,100
43,cooking_html/cookingclassy-0665.html,100,100,100,100,100,100
43,cooking_html/nytimes-1394.html,100,100,100,100,100,100
43,cooking_html/tasty-1892.html,100,0,100,0,100,0
43,cooking_html/cookingclassy-0783.html,100,0,100,100,100,0
43,cooking_html/foodnetwork-1169.html,100,100,100,100,100,100
43,cooking_html/cookingclassy-1107.html,100,100,100,100,100,100
43,cooking_html/tasty-1109.html,100,0,100,0,100,0
43,cooking_html/nytimes-0637.html,100,100,100,100,100,100
43,cooking_html/foodnetwork-0587.html,100,100,0,100,100,0
43,cooking_html/cookingclassy-0166.html,100,100,100,100,100,100
43,cooking_html/cookingclassy-1240.html,100,100,100,100,100,100
43,cooking_html/cookingclassy-0036.html,100,100,100,100,100,100
43,cooking_html/allrecipes-1431.html,100,100,100,100,100,100
43,cooking_html/foodnetwork-0888.html,100,100,0,100,100,0
43,cooking_html/allrecipes-0805.html,100,100,100,100,100,100
43,cooking_html/allrecipes-0886.html,100,100,100,100,100,100
43,cooking_html/tasty-1713.html,100,0,0,0,100,0
43,cooking_html/foodnetwork-0400.html,100,100,100,100,100,100
43,cooking_html/cookingclassy-0154.html,100,100,100,100,100,100
43,cooking_html/tasty-1761.html,100,0,100,0,100,0
43,cooking_html/tasty-2254.html,100,100,100,100,100,100
43,cooking_html/allrecipes-0364.html,100,100,100,100,100,100
43,cooking_html/cookingclassy-1038.html,100,100,100,100,100,100
43,cooking_html/allrecipes-0023.html,100,100,100,100,100,100
43,cooking_html/tasty-0235.html,100,0,100,0,100,0
43,cooking_html/cookingclassy-0317.html,100,100,100,100,100,100
43,cooking_html/allrecipes-1240.html,100,100,100,100,100,100
43,cooking_html/tasty-1403.html,100,0,100,0,100,0
43,cooking_html/cookingclassy-0216.html,100,100,100,100,100,100
43,cooking_html/allrecipes-0889.html,100,100,100,100,100,100
43,cooking_html/tasty-1941.html,100,0,100,0,100,0
43,cooking_html/tasty-0931.html,100,0,100,0,100,0
43,cooking_html/cookingclassy-1199.html,100,0,100,100,100,0
43,cooking_html/tasty-2159.html,100,0,100,0,100,0
43,cooking_html/tasty-1011.html,100,0,100,0,100,0
43,cooking_html/tasty-0440.html,100,0,100,0,100,0
43,cooking_html/tasty-1445.html,100,0,0,0,100,0
43,cooking_html/nytimes-0638.html,100,100,100,100,100,100
43,cooking_html/tasty-0578.html,100,0,100,0,100,0
43,cooking_html/nytimes-2003.html,100,100,100,100,100,100
43,cooking_html/tasty-0885.html,100,0,100,100,100,0
43,cooking_html/nytimes-0420.html,100,100,100,100,100,100
43,cooking_html/foodnetwork-0442.html,100,100,100,100,0,0
43,cooking_html/tasty-1707.html,100,0,100,0,0,0
43,cooking_html/tasty-1658.html,100,0,100,100,100,0
43,cooking_html/tasty-2403.html,100,0,100,0,100,0
43,cooking_html/allrecipes-0206.html,100,100,100,100,100,100
43,cooking_html/foodnetwork-0874.html,100,100,0,100,100,0
43,cooking_html/tasty-0712.html,100,0,100,0,100,0
43,cooking_html/allrecipes-1100.html,100,100,100,100,100,100
43,cooking_html/foodnetwork-2061.html,100,100,0,100,100,0
43,cooking_html/tasty-0432.html,100,0,100,0,100,0
43,cooking_html/cookingclassy-0508.html,100,100,100,100,100,100
43,cooking_html/tasty-0187.html,100,0,100,0,100,0
43,cooking_html/cookingclassy-0108.html,100,0,100,100,100,0
43,cooking_html/nytimes-1065.html,100,100,100,100,100,100
43,cooking_html/tasty-1935.html,100,0,100,100,100,0
43,cooking_html/tasty-1948.html,100,0,0,0,100,0
43,cooking_html/tasty-2133.html,100,0,100,100,100,0
43,cooking_html/foodnetwork-0198.html,100,100,0,100,100,0
43,cooking_html/allrecipes-0896.html,100,100,100,100,100,100
43,cooking_html/foodnetwork-0098.html,100,100,0,100,100,0
43,cooking_html/foodnetwork-0675.html,100,100,0,100,100,0
43,cooking_html/tasty-0806.html,100,0,100,0,100,0
43,cooking_html/allrecipes-0209.html,100,100,100,100,100,100
43,cooking_html/tasty-2464.html,100,0,100,100,100,0
43,cooking_html/nytimes-0228.html,100,100,100,100,100,100
43,cooking_html/allrecipes-0939.html,100,100,100,100,100,100
43,cooking_html/cookingclassy-0517.html,100,100,100,100,100,100
43,cooking_html/nytimes-1737.html,100,100,100,100,100,100
43,cooking_html/allrecipes-0081.html,100,100,100,100,100,100
43,cooking_html/foodnetwork-0939.html,100,100,100,100,100,100
43,cooking_html/allrecipes-0950.html,100,100,100,100,100,100
43,cooking_html/allrecipes-1011.html,100,100,100,100,100,100
43,cooking_html/tasty-0161.html,100,0,0,0,100,0
43,cooking_html/nytimes-1902.html,100,100,100,100,100,100
43,cooking_html/nytimes-0338.html,100,100,100,100,100,100
43,cooking_html/nytimes-0975.html,100,100,100,100,100,100
43,cooking_html/tasty-2149.html,100,0,100,0,100,0
43,cooking_html/allrecipes-0833.html,100,100,100,100,100,100
43,cooking_html/foodnetwork-1141.html,100,100,100,100,100,100
43,cooking_html/foodnetwork-1050.html,100,100,0,100,100,0
43,cooking_html/tasty-1407.html,100,0,100,100,100,0
43,cooking_html/allrecipes-1570.html,100,100,100,100,100,100
43,cooking_html/nytimes-0422.html,100,100,100,100,100,100
43,cooking_html/nytimes-0769.html,100,100,100,100,100,100
43,cooking_html/tasty-0341.html,100,0,0,0,100,0
43,cooking_html/tasty-1478.html,100,0,100,100,100,0
43,cooking_html/cookingclassy-0518.html,100,100,100,100,100,100
43,cooking_html/allrecipes-0835.html,100,100,100,100,100,100
43,cooking_html/cookingclassy-0092.html,100,100,100,100,100,100
43,cooking_html/tasty-2414.html,100,0,0,0,100,0
43,cooking_html/foodnetwork-0691.html,100,100,100,100,0,0
43,cooking_html/cookingclassy-0204.html,100,100,100,100,100,100
43,cooking_html/allrecipes-0121.html,100,0,100,100,100,0
43,cooking_html/tasty-1890.html,100,0,100,0,100,0
43,cooking_html/nytimes-1398.html,100,100,100,100,100,100
43,cooking_html/tasty-0726.html,100,0,100,100,100,0
43,cooking_html/tasty-0970.html,100,0,100,0,100,0
43,cooking_html/foodnetwork-0298.html,100,100,0,100,100,0
43,cooking_html/nytimes-0327.html,100,100,100,100,100,100
43,cooking_html/cookingclassy-0247.html,100,100,100,100,100,100
43,cooking_html/tasty-2381.html,100,0,100,100,100,0
43,cooking_html/allrecipes-0146.html,100,100,100,100,100,100
43,cooking_html/nytimes-0164.html,100,100,100,100,100,100
43,cooking_html/tasty-1089.html,100,100,100,100,100,100
43,cooking_html/foodnetwork-0688.html,100,100,100,100,100,100
43,cooking_html/foodnetwork-1685.html,100,100,100,100,0,0
43,cooking_html/allrecipes-1013.html,100,100,100,100,100,100
43,cooking_html/tasty-2168.html,100,0,100,0,100,0
43,cooking_html/tasty-2079.html,100,0,100,0,100,0
43,cooking_html/cookingclassy-0222.html,100,100,100,100,100,100
43,cooking_html/allrecipes-1202.html,100,100,100,100,100,100
43,cooking_html/nytimes-1920.html,100,100,100,100,0,0
43,cooking_html/nytimes-0410.html,100,100,100,100,100,100
43,cooking_html/nytimes-0516.html,100,100,100,100,100,100
43,cooking_html/nytimes-1494.html,100,100,100,100,100,100
43,cooking_html/allrecipes-0753.html,100,100,100,100,100,100
43,cooking_html/foodnetwork-0794.html,100,100,100,100,0,0
43,cooking_html/foodnetwork-1103.html,100,100,100,100,100,100
43,cooking_html/nytimes-0745.html,100,100,100,100,100,100
43,cooking_html/tasty-0025.html,100,100,100,0,100,0
43,cooking_html/allrecipes-1284.html,100,100,100,100,100,100
43,cooking_html/nytimes-1691.html,100,100,100,100,100,100
43,cooking_html/tasty-2308.html,100,0,100,0,100,0
43,cooking_html/cookingclassy-0847.html,100,100,100,100,100,100
43,cooking_html/nytimes-1641.html,100,100,100,100,100,100
43,cooking_html/tasty-2170.html,100,0,100,100,100,0
43,cooking_html/tasty-1465.html,100,0,100,0,100,0
43,cooking_html/nytimes-0210.html,100,100,100,100,100,100
43,cooking_html/tasty-0127.html,100,0,0,0,100,0
43,cooking_html/foodnetwork-0490.html,100,100,100,100,100,100
43,cooking_html/cookingclassy-1265.html,100,100,100,100,100,100
43,cooking_html/allrecipes-0147.html,100,100,100,100,100,100
43,cooking_html/foodnetwork-0270.html,100,100,100,100,100,100
43,cooking_html/tasty-1100.html,100,0,100,100,100,0
43,cooking_html/nytimes-0009.html,100,100,100,100,100,100
43,cooking_html/foodnetwork-0083.html,100,100,100,100,0,0
43,cooking_html/allrecipes-0231.html,100,100,100,100,100,100
43,cooking_html/foodnetwork-0111.html,100,100,100,100,0,0
43,cooking_html/tasty-2213.html,100,0,100,100,100,0
43,cooking_html/foodnetwork-0493.html,100,100,100,100,0,0
43,cooking_html/foodnetwork-1218.html,100,100,100,100,100,100
43,cooking_html/nytimes-0001.html,100,100,100,100,100,100
43,cooking_html/cookingclassy-1271.html,100,100,100,100,100,100
43,cooking_html/tasty-2489.html,100,0,100,0,100,0
43,cooking_html/foodnetwork-1216.html,100,100,100,100,100,100
43,cooking_html/foodnetwork-0022.html,100,100,100,100,0,0
43,cooking_html/foodnetwork-0290.html,100,100,100,100,0,0
43,cooking_html/foodnetwork-0080.html,100,100,0,100,100,0
43,cooking_html/tasty-1613.html,100,0,100,100,100,0
43,cooking_html/foodnetwork-1026.html,100,100,100,100,0,0
43,cooking_html/tasty-1330.html,100,0,100,0,100,0
43,cooking_html/cookingclassy-0756.html,100,100,100,100,100,100
43,cooking_html/foodnetwork-0858.html,100,100,100,100,100,100
43,cooking_html/cookingclassy-0285.html,100,100,100,100,100,100
43,cooking_html/foodnetwork-0061.html,100,100,100,100,100,100
43,cooking_html/cookingclassy-0770.html,100,100,100,100,100,100
43,cooking_html/nytimes-1543.html,100,100,100,100,100,100
43,cooking_html/tasty-1758.html,100,0,0,0,100,0
43,cooking_html/nytimes-1642.html,100,100,100,100,100,100
43,cooking_html/allrecipes-0447.html,100,100,100,100,100,100
43,cooking_html/allrecipes-1052.html,100,100,100,100,100,100
43,cooking_html/tasty-1433.html,100,0,100,0,100,0
43,cooking_html/nytimes-0076.html,100,100,100,100,100,100
43,cooking_html/allrecipes-1639.html,100,100,100,100,100,100
43,cooking_html/tasty-1900.html,100,0,100,100,100,0
43,cooking_html/nytimes-1216.html,100,100,100,100,100,100
43,cooking_html/allrecipes-0246.html,100,100,100,100,100,100
43,cooking_html/nytimes-1058.html,100,100,100,100,100,100
43,cooking_html/tasty-1955.html,100,0,100,0,100,0
43,cooking_html/foodnetwork-0399.html,100,100,0,100,100,0
43,cooking_html/tasty-2227.html,100,0,100,0,100,0
43,cooking_html/nytimes-1213.html,100,100,100,100,100,100
43,cooking_html/nytimes-0891.html,100,100,100,100,100,100
43,cooking_html/allrecipes-0566.html,100,100,100,100,100,100
43,cooking_html/tasty-1024.html,100,0,100,0,100,0
43,cooking_html/allrecipes-1354.html,100,100,100,100,100,100
43,cooking_html/tasty-2064.html,100,0,100,0,100,0
43,cooking_html/foodnetwork-1008.html,100,100,0,100,100,0
43,cooking_html/allrecipes-1653.html,100,100,100,100,100,100
43,cooking_html/tasty-1228.html,100,0,100,100,100,0
43,cooking_html/nytimes-1471.html,100,100,100,100,100,100
43,cooking_html/nytimes-0813.html,100,100,100,100,100,100
43,cooking_html/nytimes-0793.html,100,100,100,100,100,100
43,cooking_html/foodnetwork-0969.html,100,100,100,100,100,100
43,cooking_html/tasty-1591.html,100,100,100,100,100,100
43,cooking_html/allrecipes-1499.html,100,100,100,100,100,100
43,cooking_html/cookingclassy-0119.html,100,100,100,100,100,100
43,cooking_html/foodnetwork-0657.html,100,100,0,100,100,0
43,cooking_html/nytimes-0240.html,100,100,100,100,100,100
43,cooking_html/tasty-1652.html,100,0,100,0,100,0
43,cooking_html/cookingclassy-0015.html,100,100,100,100,100,100
43,cooking_html/allrecipes-0227.html,100,100,100,100,100,100
43,cooking_html/allrecipes-1430.html,100,100,100,100,100,100
43,cooking_html/tasty-1110.html,100,0,100,0,100,0
43,cooking_html/nytimes-1005.html,100,100,100,100,100,100
43,cooking_html/foodnetwork-0086.html,100,100,100,100,0,0
43,cooking_html/allrecipes-1140.html,100,0,100,100,100,0
43,cooking_html/foodnetwork-0588.html,100,100,0,100,100,0
43,cooking_html/tasty-2329.html,100,100,100,0,100,0
43,cooking_html/cookingclassy-1058.html,100,100,100,100,100,100
43,cooking_html/foodnetwork-0559.html,100,100,100,100,0,0
43,cooking_html/allrecipes-0880.html,100,100,100,100,100,100
43,cooking_html/foodnetwork-1059.html,100,100,0,100,100,0
43,cooking_html/tasty-1660.html,100,0,100,0,100,0
43,cooking_html/nytimes-1459.html,100,100,100,100,100,100
43,cooking_html/allrecipes-0337.html,100,0,100,100,100,0
43,cooking_html/nytimes-1714.html,100,100,100,100,100,100
43,cooking_html/cookingclassy-0466.html,100,100,100,100,100,100
43,cooking_html/tasty-0764.html,100,0,100,0,100,0
43,cooking_html/nytimes-0928.html,100,100,100,100,100,100
43,cooking_html/nytimes-0446.html,100,100,100,100,100,100
43,cooking_html/cookingclassy-0976.html,100,100,100,100,100,100
43,cooking_html/foodnetwork-1895.html,100,100,100,100,0,0
43,cooking_html/foodnetwork-2056.html,100,100,100,100,100,100
43,cooking_html/foodnetwork-0731.html,100,100,0,100,100,0
43,cooking_html/allrecipes-0516.html,100,0,100,100,100,0
43,cooking_html/cookingclassy-0935.html,100,0,100,100,100,0
43,cooking_html/cookingclassy-0305.html,100,100,100,100,100,100
43,cooking_html/tasty-1533.html,100,0,100,100,100,0
43,cooking_html/allrecipes-1617.html,100,100,100,100,100,100
43,cooking_html/allrecipes-0218.html,100,100,100,100,100,100
43,cooking_html/cookingclassy-0225.html,100,100,100,100,100,100
43,cooking_html/nytimes-1096.html,100,100,100,100,100,100
43,cooking_html/tasty-1303.html,100,0,100,0,100,0
43,cooking_html/tasty-1436.html,100,0,100,100,100,0
43,cooking_html/tasty-0215.html,100,0,0,0,100,0
43,cooking_html/allrecipes-0386.html,100,100,100,100,100,100
43,cooking_html/tasty-1686.html,100,0,100,0,100,0
43,cooking_html/cookingclassy-0006.html,100,100,100,100,100,100
43,cooking_html/cookingclassy-0221.html,100,100,100,100,100,100
43,cooking_html/tasty-0534.html,100,0,0,0,100,0
43,cooking_html/tasty-2413.html,100,0,100,100,100,0
43,cooking_html/tasty-0325.html,100,0,100,0,100,0
43,cooking_html/tasty-2342.html,100,0,100,100,100,0
43,cooking_html/allrecipes-1002.html,100,100,100,100,100,100
43,cooking_html/tasty-1112.html,100,0,100,0,100,0
43,cooking_html/tasty-1735.html,100,0,100,0,100,0
43,cooking_html/cookingclassy-0081.html,100,100,100,100,100,100
43,cooking_html/foodnetwork-0510.html,100,100,100,100,100,100
43,cooking_html/tasty-0037.html,100,0,100,0,100,0
43,cooking_html/tasty-1193.html,100,0,100,0,100,0
43,cooking_html/allrecipes-0399.html,100,100,100,100,100,100
43,cooking_html/allrecipes-1137.html,100,0,100,100,100,0
43,cooking_html/allrecipes-1058.html,100,100,100,100,100,100
43,cooking_html/tasty-0924.html,100,0,100,0,100,0
43,cooking_html/allrecipes-0161.html,100,100,100,100,100,100
43,cooking_html/cookingclassy-0064.html,100,100,100,100,100,100
43,cooking_html/tasty-1038.html,100,0,100,0,100,0
43,cooking_html/nytimes-1747.html,100,100,100,100,100,100
43,cooking_html/foodnetwork-0692.html,100,100,0,100,100,0
43,cooking_html/allrecipes-0154.html,100,100,100,100,100,100
43,cooking_html/allrecipes-1384.html,100,0,100,100,100,0
43,cooking_html/tasty-0367.html,100,0,100,0,100,0
43,cooking_html/tasty-0159.html,100,0,100,0,100,0
43,cooking_html/nytimes-0781.html,100,100,100,100,100,100
43,cooking_html/nytimes-1100.html,100,100,100,100,100,100
43,cooking_html/tasty-1417.html,100,0,100,0,100,0
43,cooking_html/foodnetwork-0695.html,100,100,100,100,0,0
43,cooking_html/nytimes-0438.html,100,100,100,100,100,100
43,cooking_html/nytimes-1802.html,100,100,100,100,100,100
43,cooking_html/allrecipes-0313.html,100,100,100,100,100,100
43,cooking_html/allrecipes-0870.html,100,100,100,100,100,100
43,cooking_html/foodnetwork-1271.html,100,100,0,100,100,0
43,cooking_html/tasty-2180.html,100,0,100,0,0,0
43,cooking_html/cookingclassy-1131.html,100,100,100,100,100,100
43,cooking_html/foodnetwork-0748.html,100,100,100,100,0,0
43,cooking_html/foodnetwork-0673.html,100,100,0,100,100,0
43,cooking_html/allrecipes-0050.html,100,100,100,100,100,100
43,cooking_html/tasty-1783.html,100,0,0,0,100,0
43,cooking_html/cookingclassy-0683.html,100,100,100,100,100,100
43,cooking_html/foodnetwork-0266.html,100,100,100,100,0,0
43,cooking_html/allrecipes-0694.html,100,100,100,100,100,100
43,cooking_html/foodnetwork-0346.html,100,100,100,100,0,0
43,cooking_html/foodnetwork-0746.html,100,100,100,100,100,100
43,cooking_html/allrecipes-1282.html,100,100,100,100,100,100
43,cooking_html/allrecipes-0570.html,100,100,100,100,100,100
43,cooking_html/foodnetwork-2086.html,100,100,100,100,100,100
43,cooking_html/foodnetwork-1894.html,100,100,100,100,0,0
43,cooking_html/nytimes-0645.html,100,100,100,100,100,100
43,cooking_html/nytimes-1692.html,100,100,100,100,100,100
43,cooking_html/foodnetwork-2194.html,100,100,100,100,100,100
43,cooking_html/cookingclassy-0896.html,100,100,100,100,100,100
43,cooking_html/nytimes-0948.html,100,100,100,100,100,100
43,cooking_html/foodnetwork-1104.html,100,100,0,100,100,0
43,cooking_html/tasty-1459.html,100,0,100,0,100,0
43,cooking_html/cookingclassy-0773.html,100,100,100,100,100,100
43,cooking_html/tasty-1511.html,100,0,100,0,100,0
43,cooking_html/foodnetwork-1129.html,100,100,100,100,0,0
43,cooking_html/allrecipes-1706.html,100,100,100,100,100,100
43,cooking_html/cookingclassy-1125.html,100,100,100,100,100,100
43,cooking_html/cookingclassy-0592.html,100,100,100,100,100,100
43,cooking_html/tasty-1042.html,100,0,100,0,100,0
43,cooking_html/tasty-1550.html,100,0,100,0,100,0
43,cooking_html/cookingclassy-0273.html,100,100,100,100,100,100
43,cooking_html/tasty-1208.html,100,0,100,0,100,0
43,cooking_html/allrecipes-0435.html,100,100,100,100,100,100
43,cooking_html/nytimes-1192.html,100,100,100,100,100,100
43,cooking_html/tasty-0744.html,100,0,100,0,100,0
43,cooking_html/nytimes-0070.html,100,100,100,100,100,100
43,cooking_html/cookingclassy-1249.html,100,100,100,100,100,100
43,cooking_html/tasty-2171.html,100,0,100,100,100,0
43,cooking_html/tasty-0787.html,100,0,100,100,0,0
43,cooking_html/nytimes-1229.html,100,100,100,100,100,100
43,cooking_html/tasty-1824.html,100,0,100,0,100,0
43,cooking_html/tasty-1765.html,100,0,100,0,100,0
43,cooking_html/allrecipes-1493.html,100,100,100,100,100,100
43,cooking_html/allrecipes-0380.html,100,100,100,100,100,100
43,cooking_html/nytimes-0606.html,100,100,100,100,100,100
43,cooking_html/allrecipes-0002.html,100,100,100,100,100,100
43,cooking_html/tasty-0232.html,100,0,0,0,100,0
43,cooking_html/nytimes-0558.html,100,100,100,100,100,100
43,cooking_html/foodnetwork-0056.html,100,100,100,100,100,100
43,cooking_html/tasty-1911.html,100,0,100,0,100,0
43,cooking_html/nytimes-1480.html,100,100,100,100,100,100
43,cooking_html/tasty-0864.html,100,0,100,0,100,0
43,cooking_html/nytimes-1089.html,100,100,100,100,100,100
43,cooking_html/cookingclassy-1220.html,100,100,100,100,100,100
43,cooking_html/allrecipes-0947.html,100,100,100,100,100,100
43,cooking_html/allrecipes-0980.html,100,100,100,100,100,100
43,cooking_html/tasty-2040.html,100,0,100,0,100,0
43,cooking_html/foodnetwork-1662.html,100,100,0,100,100,0
43,cooking_html/allrecipes-0242.html,100,0,100,100,100,0
43,cooking_html/nytimes-0866.html,100,100,100,100,100,100
43,cooking_html/allrecipes-0143.html,100,100,100,100,100,100
43,cooking_html/foodnetwork-1121.html,100,100,100,100,0,0
43,cooking_html/tasty-1803.html,100,0,100,0,100,0
43,cooking_html/tasty-1375.html,100,0,100,0,100,0
43,cooking_html/tasty-1795.html,100,0,100,0,100,0
43,cooking_html/tasty-0559.html,100,0,100,0,100,0
43,cooking_html/foodnetwork-1398.html,100,100,100,100,0,0
43,cooking_html/tasty-0486.html,100,0,100,0,100,0
43,cooking_html/cookingclassy-1007.html,100,100,100,100,100,100
43,cooking_html/cookingclassy-1003.html,100,100,100,100,100,100
43,cooking_html/foodnetwork-0582.html,100,100,100,100,0,0
43,cooking_html/foodnetwork-0932.html,100,100,100,100,0,0
43,cooking_html/nytimes-0196.html,100,100,100,100,100,100
43,cooking_html/tasty-0580.html,100,0,100,0,100,0
43,cooking_html/tasty-2448.html,100,0,100,0,100,0
43,cooking_html/cookingclassy-0906.html,100,100,100,100,100,100
43,cooking_html/foodnetwork-0997.html,100,100,0,100,100,0
43,cooking_html/nytimes-1233.html,100,100,100,100,100,100
43,cooking_html/foodnetwork-0405.html,100,100,0,100,100,0
43,cooking_html/nytimes-1843.html,100,100,100,100,100,100
43,cooking_html/allrecipes-1553.html,100,100,100,100,100,100
43,cooking_html/nytimes-0617.html,100,100,100,100,100,100
43,cooking_html/tasty-0968.html,100,0,100,0,100,0
43,cooking_html/nytimes-1653.html,100,100,100,100,100,100
43,cooking_html/cookingclassy-0338.html,100,100,100,100,100,100
43,cooking_html/allrecipes-1386.html,100,100,100,100,100,100
43,cooking_html/tasty-2462.html,100,0,100,100,100,0
43,cooking_html/foodnetwork-0925.html,100,100,100,100,0,0
43,cooking_html/allrecipes-0763.html,100,100,100,100,100,100
43,cooking_html/nytimes-1204.html,100,100,100,100,100,100
43,cooking_html/allrecipes-1300.html,100,100,100,100,100,100
43,cooking_html/tasty-1940.html,100,0,100,0,100,0
43,cooking_html/tasty-1490.html,100,0,0,0,100,0
43,cooking_html/allrecipes-1175.html,100,100,100,100,100,100
43,cooking_html/foodnetwork-0385.html,100,100,0,100,100,0
43,cooking_html/nytimes-1997.html,100,100,100,100,100,100
43,cooking_html/nytimes-1751.html,100,100,100,100,100,100
43,cooking_html/nytimes-1114.html,100,100,100,100,100,100
43,cooking_html/allrecipes-0409.html,100,100,100,100,100,100
43,cooking_html/allrecipes-0614.html,100,0,100,100,100,0
43,cooking_html/allrecipes-1124.html,100,100,100,100,100,100
43,cooking_html/tasty-0375.html,100,0,100,100,100,0
43,cooking_html/allrecipes-0289.html,100,100,100,100,100,100
43,cooking_html/foodnetwork-1607.html,100,100,100,100,100,100
43,cooking_html/allrecipes-1147.html,100,0,100,100,100,0
43,cooking_html/foodnetwork-0898.html,100,100,0,100,100,0
43,cooking_html/foodnetwork-0526.html,100,100,0,100,100,0
43,cooking_html/cookingclassy-1061.html,100,100,100,100,100,100
43,cooking_html/cookingclassy-0915.html,100,100,100,100,100,100
43,cooking_html/allrecipes-1253.html,100,100,100,100,100,100
43,cooking_html/tasty-0047.html,100,0,100,0,100,0
43,cooking_html/tasty-0896.html,100,0,100,0,100,0
43,cooking_html/foodnetwork-0228.html,100,100,0,100,100,0
43,cooking_html/nytimes-1019.html,100,100,100,100,100,100
43,cooking_html/nytimes-1637.html,100,100,100,100,100,100
43,cooking_html/cookingclassy-0914.html,100,100,100,100,100,100
43,cooking_html/tasty-0111.html,100,0,0,100,100,0
43,cooking_html/nytimes-1853.html,100,100,100,100,100,100
43,cooking_html/cookingclassy-1068.html,100,100,100,100,100,100
43,cooking_html/cookingclassy-0963.html,100,100,100,100,100,100
43,cooking_html/tasty-1274.html,100,0,0,0,100,0
43,cooking_html/nytimes-0008.html,100,100,100,100,100,100
43,cooking_html/nytimes-0692.html,100,100,100,100,100,100
43,cooking_html/allrecipes-0342.html,100,100,100,100,100,100
43,cooking_html/cookingclassy-0818.html,100,0,100,100,100,0
43,cooking_html/tasty-1691.html,100,0,100,0,100,0
43,cooking_html/allrecipes-0373.html,100,0,100,100,100,0
43,cooking_html/tasty-2049.html,100,0,100,100,100,0
43,cooking_html/tasty-1085.html,100,0,100,0,100,0
43,cooking_html/allrecipes-0617.html,100,100,100,100,100,100
43,cooking_html/nytimes-1098.html,100,100,100,100,100,100
43,cooking_html/tasty-2027.html,100,0,100,0,100,0
43,cooking_html/nytimes-0450.html,100,100,100,100,100,100
43,cooking_html/foodnetwork-0063.html,100,100,100,100,0,0
43,cooking_html/tasty-2239.html,100,0,100,0,100,0
43,cooking_html/tasty-1128.html,100,0,100,0,100,0
43,cooking_html/cookingclassy-1295.html,100,100,100,100,100,100
43,cooking_html/foodnetwork-0994.html,100,100,0,100,100,0
43,cooking_html/foodnetwork-1617.html,100,100,0,100,100,0
43,cooking_html/foodnetwork-0819.html,100,100,0,100,100,0
43,cooking_html/nytimes-1147.html,100,100,100,100,100,100
43,cooking_html/nytimes-1063.html,100,100,100,100,100,100
43,cooking_html/nytimes-1901.html,100,100,100,100,100,100
43,cooking_html/tasty-0181.html,100,0,100,0,100,0
43,cooking_html/nytimes-1055.html,100,100,100,100,100,100
43,cooking_html/cookingclassy-0013.html,100,100,100,100,100,100
43,cooking_html/cookingclassy-0043.html,100,100,100,100,100,100
43,cooking_html/foodnetwork-0841.html,100,100,0,100,100,0
43,cooking_html/nytimes-1203.html,100,100,100,100,100,100
43,cooking_html/tasty-0406.html,100,0,100,0,100,0
43,cooking_html/nytimes-0458.html,100,100,100,100,100,100
43,cooking_html/nytimes-1332.html,100,100,100,100,100,100
43,cooking_html/allrecipes-1302.html,100,100,100,100,100,100
43,cooking_html/nytimes-0907.html,100,100,100,100,100,100
43,cooking_html/nytimes-0972.html,100,100,100,100,100,100
43,cooking_html/cookingclassy-1014.html,100,100,100,100,100,100
43,cooking_html/tasty-1460.html,100,0,100,0,100,0
43,cooking_html/foodnetwork-0593.html,100,100,0,100,100,0
43,cooking_html/nytimes-1465.html,100,100,100,100,100,100
43,cooking_html/tasty-2161.html,100,0,100,0,100,0
43,cooking_html/tasty-1190.html,100,0,100,0,100,0
43,cooking_html/allrecipes-0747.html,100,100,100,100,100,100
43,cooking_html/foodnetwork-0814.html,100,100,100,100,100,100
43,cooking_html/allrecipes-0362.html,100,100,100,100,100,100
43,cooking_html/nytimes-0371.html,100,100,100,100,100,100
43,cooking_html/cookingclassy-0084.html,100,100,100,100,100,100
43,cooking_html/allrecipes-0140.html,100,0,100,100,100,0
43,cooking_html/tasty-0105.html,100,0,100,0,0,0
43,cooking_html/foodnetwork-1743.html,100,100,0,100,100,0
43,cooking_html/allrecipes-0985.html,100,0,100,100,100,0
43,cooking_html/nytimes-0055.html,100,100,100,100,100,100
43,cooking_html/tasty-0918.html,100,0,100,100,100,0
43,cooking_html/nytimes-0661.html,100,100,100,100,100,100
43,cooking_html/foodnetwork-1149.html,100,100,100,100,0,0
43,cooking_html/nytimes-1837.html,100,100,100,100,100,100
43,cooking_html/allrecipes-0149.html,100,100,100,100,100,100
43,cooking_html/allrecipes-1205.html,100,100,100,100,100,100
43,cooking_html/cookingclassy-0934.html,100,100,100,100,100,100
43,cooking_html/nytimes-0550.html,100,100,100,100,100,100
43,cooking_html/foodnetwork-0630.html,100,100,0,100,100,0
43,cooking_html/foodnetwork-1194.html,100,100,100,100,100,100
43,cooking_html/allrecipes-0830.html,100,100,100,100,100,100
43,cooking_html/nytimes-1527.html,100,100,100,100,100,100
43,cooking_html/cookingclassy-0416.html,100,100,100,100,100,100
43,cooking_html/nytimes-1819.html,100,100,100,100,100,100
43,cooking_html/allrecipes-1481.html,100,100,100,100,100,100
43,cooking_html/allrecipes-1151.html,100,0,100,100,100,0
43,cooking_html/nytimes-1893.html,100,100,100,100,100,100
43,cooking_html/nytimes-1136.html,100,100,100,100,100,100
43,cooking_html/tasty-1563.html,100,0,100,100,100,0
43,cooking_html/nytimes-1491.html,100,100,100,100,100,100
43,cooking_html/allrecipes-0234.html,100,100,100,100,100,100
43,cooking_html/nytimes-1083.html,100,100,100,100,100,100
43,cooking_html/cookingclassy-1067.html,100,100,100,100,100,100
43,cooking_html/foodnetwork-0074.html,100,100,100,100,0,0
43,cooking_html/cookingclassy-0003.html,100,100,100,100,100,100
43,cooking_html/nytimes-0264.html,100,100,100,100,100,100
43,cooking_html/allrecipes-1249.html,100,100,100,100,100,100
43,cooking_html/tasty-2137.html,100,0,100,0,100,0
43,cooking_html/cookingclassy-0858.html,100,0,100,100,100,0
43,cooking_html/tasty-1617.html,100,0,0,0,100,0
43,cooking_html/foodnetwork-1762.html,100,100,0,100,100,0
43,cooking_html/nytimes-2019.html,100,100,100,100,100,100
43,cooking_html/allrecipes-1003.html,100,100,100,100,100,100
43,cooking_html/foodnetwork-0472.html,100,100,100,100,0,0
43,cooking_html/allrecipes-1374.html,100,100,100,100,100,100
43,cooking_html/allrecipes-1413.html,100,100,100,100,100,100
43,cooking_html/tasty-0736.html,100,0,100,0,100,0
43,cooking_html/allrecipes-0080.html,100,100,100,100,100,100
43,cooking_html/nytimes-1335.html,100,100,100,100,100,100
43,cooking_html/cookingclassy-0420.html,100,100,100,100,100,100
43,cooking_html/tasty-2210.html,100,0,100,100,100,0
43,cooking_html/cookingclassy-0505.html,100,100,100,100,100,100
43,cooking_html/nytimes-1823.html,100,100,100,100,100,100
43,cooking_html/allrecipes-1487.html,100,100,100,100,100,100
43,cooking_html/tasty-1131.html,100,0,100,0,100,0
43,cooking_html/cookingclassy-1223.html,100,100,100,100,100,100
43,cooking_html/cookingclassy-0362.html,100,100,100,100,100,100
43,cooking_html/cookingclassy-0993.html,100,100,100,100,100,100
43,cooking_html/tasty-2235.html,100,0,0,100,100,0
43,cooking_html/allrecipes-1166.html,100,0,100,100,100,0
43,cooking_html/foodnetwork-2210.html,100,100,0,100,100,0
43,cooking_html/allrecipes-0768.html,100,100,100,100,100,100
43,cooking_html/allrecipes-1081.html,100,100,100,100,100,100
43,cooking_html/foodnetwork-2219.html,100,100,100,100,0,0
43,cooking_html/tasty-1233.html,100,100,100,0,100,0
43,cooking_html/foodnetwork-1552.html,100,100,100,100,0,0
43,cooking_html/nytimes-0590.html,100,100,100,100,100,100
43,cooking_html/cookingclassy-1030.html,100,100,100,100,100,100
43,cooking_html/tasty-0120.html,100,0,100,0,100,0
43,cooking_html/tasty-2266.html,100,0,100,100,100,0
43,cooking_html/foodnetwork-0246.html,100,100,0,100,100,0
43,cooking_html/tasty-0214.html,100,0,100,0,100,0
43,cooking_html/allrecipes-1091.html,100,100,100,100,100,100
43,cooking_html/tasty-0018.html,100,0,0,0,100,0
43,cooking_html/tasty-1719.html,100,0,100,0,100,0
43,cooking_html/tasty-1383.html,100,0,100,0,100,0
43,cooking_html/tasty-0239.html,100,0,100,0,100,0
43,cooking_html/allrecipes-0156.html,100,100,100,100,100,100
43,cooking_html/allrecipes-1076.html,100,100,100,100,100,100
43,cooking_html/cookingclassy-0928.html,100,100,100,100,100,100
43,cooking_html/tasty-0234.html,100,0,100,0,100,0
43,cooking_html/foodnetwork-1383.html,100,100,0,100,100,0
43,cooking_html/cookingclassy-1119.html,100,100,100,100,100,100
43,cooking_html/allrecipes-0672.html,100,100,100,100,100,100
43,cooking_html/tasty-0857.html,100,0,100,0,100,0
43,cooking_html/nytimes-0041.html,100,100,100,100,100,100
43,cooking_html/allrecipes-0273.html,100,100,100,100,100,100
43,cooking_html/allrecipes-1293.html,100,100,100,100,100,100
43,cooking_html/tasty-0286.html,100,0,100,0,100,0
43,cooking_html/tasty-1944.html,100,0,100,0,100,0
43,cooking_html/tasty-0541.html,100,0,100,0,100,0
43,cooking_html/foodnetwork-0084.html,100,100,100,100,100,100
43,cooking_html/foodnetwork-0886.html,100,100,100,100,100,100
43,cooking_html/cookingclassy-1011.html,100,100,100,100,100,100
43,cooking_html/foodnetwork-2130.html,100,100,100,100,100,100
43,cooking_html/tasty-1481.html,100,0,0,0,100,0
43,cooking_html/tasty-2182.html,100,0,100,0,100,0
43,cooking_html/cookingclassy-1109.html,100,100,100,100,100,100
43,cooking_html/cookingclassy-1204.html,100,100,100,100,100,100
43,cooking_html/allrecipes-0529.html,100,0,100,100,100,0
43,cooking_html/nytimes-0329.html,100,100,100,100,100,100
43,cooking_html/nytimes-0963.html,100,100,100,100,100,100
43,cooking_html/foodnetwork-0715.html,100,100,100,100,100,100
43,cooking_html/allrecipes-0615.html,100,100,100,100,100,100
43,cooking_html/cookingclassy-0045.html,100,100,100,100,100,100
43,cooking_html/allrecipes-1157.html,100,0,100,100,100,0
43,cooking_html/tasty-2466.html,100,0,100,0,100,0
43,cooking_html/nytimes-0850.html,100,100,100,100,100,100
43,cooking_html/nytimes-1644.html,100,100,100,100,100,100
43,cooking_html/nytimes-1026.html,100,100,100,100,100,100
43,cooking_html/nytimes-0794.html,100,100,100,100,100,100
43,cooking_html/foodnetwork-1532.html,100,100,100,100,0,0
43,cooking_html/cookingclassy-0615.html,100,100,100,100,100,100
43,cooking_html/foodnetwork-1021.html,100,100,100,100,100,100
43,cooking_html/foodnetwork-0474.html,100,100,0,100,100,0
43,cooking_html/tasty-1561.html,100,0,100,0,100,0
43,cooking_html/allrecipes-1525.html,100,100,100,100,100,100
43,cooking_html/tasty-0487.html,100,0,100,0,100,0
43,cooking_html/foodnetwork-2252.html,100,100,0,100,100,0
43,cooking_html/tasty-1575.html,100,0,100,100,100,0
43,cooking_html/foodnetwork-1406.html,100,100,100,100,0,0
43,cooking_html/allrecipes-0511.html,100,100,100,100,100,100
43,cooking_html/foodnetwork-1378.html,100,100,0,100,100,0
43,cooking_html/cookingclassy-1171.html,100,100,100,100,100,100
43,cooking_html/foodnetwork-0366.html,100,100,100,100,0,0
43,cooking_html/cookingclassy-1033.html,100,0,100,100,100,0
43,cooking_html/cookingclassy-0134.html,100,100,0,100,100,0
43,cooking_html/cookingclassy-0192.html,100,100,100,100,100,100
43,cooking_html/allrecipes-1658.html,100,100,100,100,100,100
43,cooking_html/foodnetwork-0642.html,100,100,100,100,100,100
43,cooking_html/nytimes-1187.html,100,100,100,100,100,100
43,cooking_html/foodnetwork-0705.html,100,100,0,100,100,0
43,cooking_html/nytimes-0618.html,100,100,100,100,100,100
43,cooking_html/nytimes-1444.html,100,100,100,100,100,100
43,cooking_html/allrecipes-0164.html,100,100,100,100,100,100
43,cooking_html/foodnetwork-0883.html,100,100,100,100,100,100
43,cooking_html/allrecipes-0222.html,100,0,100,100,100,0
43,cooking_html/foodnetwork-1666.html,100,100,0,100,100,0
43,cooking_html/allrecipes-0773.html,100,100,100,100,100,100
43,cooking_html/tasty-0038.html,100,0,100,0,100,0
43,cooking_html/foodnetwork-0768.html,100,100,100,100,0,0
43,cooking_html/allrecipes-0659.html,100,100,100,100,100,100
43,cooking_html/allrecipes-0264.html,100,100,100,100,100,100
43,cooking_html/tasty-1170.html,100,0,100,0,100,0
43,cooking_html/nytimes-1003.html,100,100,100,100,100,100
43,cooking_html/nytimes-0630.html,100,100,100,100,100,100
43,cooking_html/foodnetwork-1576.html,100,100,0,100,100,0
43,cooking_html/tasty-2398.html,100,0,0,0,100,0
43,cooking_html/foodnetwork-1839.html,100,100,100,100,100,100
43,cooking_html/tasty-0895.html,100,0,100,100,100,0
43,cooking_html/foodnetwork-1259.html,100,100,100,100,0,0
43,cooking_html/nytimes-1563.html,100,100,100,100,100,100
43,cooking_html/allrecipes-0799.html,100,100,100,100,100,100
43,cooking_html/nytimes-0071.html,100,100,100,100,100,100
43,cooking_html/allrecipes-0645.html,100,0,100,100,100,0
43,cooking_html/nytimes-1622.html,100,100,100,100,100,100
43,cooking_html/tasty-0172.html,100,100,0,0,100,0
43,cooking_html/cookingclassy-1192.html,100,100,100,100,100,100
43,cooking_html/nytimes-0389.html,100,100,100,100,100,100
43,cooking_html/nytimes-0890.html,100,100,100,100,0,0
43,cooking_html/cookingclassy-0235.html,100,100,100,100,100,100
43,cooking_html/nytimes-1718.html,100,100,100,100,100,100
43,cooking_html/nytimes-1091.html,100,100,100,100,100,100
43,cooking_html/foodnetwork-1593.html,100,100,100,100,0,0
43,cooking_html/nytimes-1870.html,100,100,100,100,100,100
43,cooking_html/cookingclassy-1279.html,100,100,100,100,100,100
43,cooking_html/cookingclassy-1252.html,100,100,100,100,100,100
43,cooking_html/cookingclassy-0733.html,100,100,100,100,100,100
43,cooking_html/foodnetwork-0241.html,100,100,100,100,0,0
43,cooking_html/foodnetwork-0009.html,100,100,0,100,100,0
43,cooking_html/cookingclassy-1244.html,100,100,100,100,100,100
43,cooking_html/nytimes-0875.html,100,100,100,100,100,100
43,cooking_html/tasty-1015.html,100,0,100,0,100,0
43,cooking_html/cookingclassy-0281.html,100,100,100,100,100,100
43,cooking_html/nytimes-0288.html,100,100,100,100,100,100
43,cooking_html/allrecipes-0034.html,100,0,100,100,100,0
43,cooking_html/allrecipes-1207.html,100,100,100,100,100,100
43,cooking_html/cookingclassy-0967.html,100,100,100,100,100,100
43,cooking_html/allrecipes-1704.html,100,100,100,100,100,100
43,cooking_html/tasty-1681.html,100,0,100,0,100,0
43,cooking_html/cookingclassy-0809.html,100,100,100,100,100,100
43,cooking_html/foodnetwork-0591.html,100,100,100,100,100,100
43,cooking_html/cookingclassy-0977.html,100,100,100,100,100,100
43,cooking_html/nytimes-1191.html,100,100,100,100,100,100
43,cooking_html/cookingclassy-0183.html,100,100,100,100,100,100
43,cooking_html/cookingclassy-0047.html,100,100,100,100,100,100
43,cooking_html/foodnetwork-0700.html,100,100,0,100,100,0
43,cooking_html/tasty-0548.html,100,0,0,0,100,0
43,cooking_html/allrecipes-1222.html,100,100,100,100,100,100
43,cooking_html/nytimes-1851.html,100,100,100,100,100,100
43,cooking_html/tasty-0849.html,100,0,100,0,100,0
43,cooking_html/allrecipes-1510.html,100,100,100,100,100,100
43,cooking_html/cookingclassy-0238.html,100,100,100,100,100,100
43,cooking_html/allrecipes-1576.html,100,100,100,100,100,100
43,cooking_html/allrecipes-1490.html,100,100,100,100,100,100
43,cooking_html/foodnetwork-0583.html,100,100,0,100,100,0
43,cooking_html/tasty-1177.html,100,0,100,100,100,0
43,cooking_html/nytimes-0537.html,100,100,100,100,100,100
43,cooking_html/foodnetwork-1132.html,100,100,0,100,100,0
43,cooking_html/nytimes-0756.html,100,100,100,100,100,100
43,cooking_html/allrecipes-0548.html,100,0,100,100,100,0
43,cooking_html/allrecipes-1387.html,100,100,100,100,100,100
43,cooking_html/foodnetwork-0996.html,100,100,100,100,0,0
43,cooking_html/tasty-2109.html,100,0,100,0,100,0
43,cooking_html/allrecipes-1559.html,100,100,100,100,100,100
43,cooking_html/foodnetwork-0355.html,100,100,100,100,100,100
43,cooking_html/foodnetwork-1393.html,100,100,100,100,0,0
43,cooking_html/nytimes-0557.html,100,100,100,100,100,100
43,cooking_html/nytimes-0501.html,100,100,100,100,100,100
43,cooking_html/tasty-1017.html,100,0,0,0,100,0
43,cooking_html/nytimes-0081.html,100,100,100,100,100,100
43,cooking_html/allrecipes-0433.html,100,100,100,100,100,100
43,cooking_html/allrecipes-0012.html,100,100,100,100,100,100
43,cooking_html/allrecipes-1204.html,100,100,100,100,100,100
43,cooking_html/cookingclassy-0948.html,100,100,100,100,100,100
43,cooking_html/allrecipes-1148.html,100,0,100,100,100,0
43,cooking_html/foodnetwork-0778.html,100,100,100,100,100,100
43,cooking_html/allrecipes-1518.html,100,100,100,100,100,100
43,cooking_html/tasty-2297.html,100,0,100,0,100,0
43,cooking_html/allrecipes-0802.html,100,0,100,100,100,0
43,cooking_html/nytimes-0023.html,100,100,100,100,100,100
43,cooking_html/tasty-0504.html,100,0,100,0,100,0
43,cooking_html/foodnetwork-1171.html,100,100,100,100,100,100
43,cooking_html/foodnetwork-1487.html,100,100,100,100,0,0
43,cooking_html/tasty-0786.html,100,0,100,0,100,0
43,cooking_html/tasty-1883.html,100,0,100,0,100,0
43,cooking_html/allrecipes-0374.html,100,100,100,100,100,100
43,cooking_html/foodnetwork-0815.html,100,100,0,100,100,0
43,cooking_html/tasty-2042.html,100,0,100,0,100,0
43,cooking_html/nytimes-1529.html,100,100,100,100,100,100
43,cooking_html/cookingclassy-1241.html,100,100,100,100,100,100
43,cooking_html/foodnetwork-1252.html,100,100,100,100,0,0
43,cooking_html/tasty-1853.html,100,0,100,0,100,0
43,cooking_html/tasty-0343.html,100,0,0,0,100,0
43,cooking_html/tasty-0940.html,100,0,100,0,100,0
43,cooking_html/allrecipes-0967.html,100,100,100,100,100,100
43,cooking_html/foodnetwork-1145.html,100,100,100,100,0,0
43,cooking_html/nytimes-1646.html,100,100,100,100,100,100
43,cooking_html/foodnetwork-1182.html,100,100,100,100,100,100
43,cooking_html/tasty-0030.html,100,0,100,100,0,0
43,cooking_html/nytimes-1897.html,100,100,100,100,100,100
43,cooking_html/nytimes-1948.html,100,100,100,100,100,100
43,cooking_html/tasty-2372.html,100,0,100,0,100,0
43,cooking_html/nytimes-1821.html,100,100,100,100,100,100
43,cooking_html/allrecipes-1410.html,100,100,100,100,100,100
43,cooking_html/allrecipes-1084.html,100,100,100,100,100,100
43,cooking_html/foodnetwork-0454.html,100,100,100,100,100,100
43,cooking_html/foodnetwork-2238.html,100,100,0,100,100,0
43,cooking_html/nytimes-1936.html,100,100,100,100,100,100
43,cooking_html/foodnetwork-1523.html,100,100,100,100,100,100
43,cooking_html/allrecipes-1564.html,100,100,100,100,100,100
43,cooking_html/allrecipes-0580.html,100,100,100,100,100,100
43,cooking_html/tasty-0829.html,100,0,100,0,100,0
43,cooking_html/allrecipes-1135.html,100,100,100,100,100,100
43,cooking_html/tasty-1822.html,100,0,100,0,100,0
43,cooking_html/tasty-0003.html,100,0,0,0,100,0
43,cooking_html/tasty-1143.html,100,0,0,100,100,0
43,cooking_html/nytimes-0514.html,100,100,100,100,100,100
43,cooking_html/nytimes-0207.html,100,100,100,100,100,100
43,cooking_html/foodnetwork-1954.html,100,100,100,100,100,100
43,cooking_html/nytimes-0554.html,100,100,100,100,100,100
43,cooking_html/nytimes-1828.html,100,100,100,100,100,100
43,cooking_html/nytimes-0032.html,100,100,100,100,100,100
43,cooking_html/nytimes-0520.html,100,100,100,100,100,100
43,cooking_html/nytimes-0257.html,100,100,100,100,100,100
43,cooking_html/cookingclassy-0484.html,100,100,100,100,100,100
43,cooking_html/allrecipes-0470.html,100,100,100,100,100,100
43,cooking_html/foodnetwork-2092.html,100,100,100,100,100,100
43,cooking_html/allrecipes-0626.html,100,0,100,100,100,0
43,cooking_html/tasty-1331.html,100,0,100,0,100,0
43,cooking_html/allrecipes-1513.html,100,100,100,100,100,100
43,cooking_html/allrecipes-1214.html,100,100,100,100,100,100
43,cooking_html/cookingclassy-0471.html,100,100,100,100,100,100
43,cooking_html/allrecipes-1187.html,100,100,100,100,100,100
43,cooking_html/foodnetwork-0305.html,100,100,100,100,0,0
43,cooking_html/cookingclassy-1085.html,100,100,100,100,100,100
43,cooking_html/foodnetwork-0407.html,100,100,0,100,100,0
43,cooking_html/cookingclassy-0365.html,100,100,100,100,100,100
43,cooking_html/cookingclassy-0091.html,100,100,100,100,100,100
43,cooking_html/allrecipes-0948.html,100,100,100,100,100,100
43,cooking_html/foodnetwork-1641.html,100,100,0,100,100,0
43,cooking_html/nytimes-1242.html,100,100,100,100,100,100
43,cooking_html/nytimes-0095.html,100,100,100,100,100,100
43,cooking_html/tasty-0061.html,100,0,100,0,100,0
43,cooking_html/cookingclassy-0603.html,100,100,100,100,100,100
43,cooking_html/foodnetwork-0790.html,100,100,0,100,100,0
43,cooking_html/foodnetwork-1401.html,100,100,100,100,100,100
43,cooking_html/nytimes-0248.html,100,100,100,100,100,100
43,cooking_html/allrecipes-0425.html,100,100,100,100,100,100
43,cooking_html/cookingclassy-1155.html,100,100,100,100,100,100
43,cooking_html/tasty-1654.html,100,100,100,0,100,0
43,cooking_html/tasty-0348.html,100,0,100,0,100,0
43,cooking_html/cookingclassy-1255.html,100,100,100,100,100,100
43,cooking_html/cookingclassy-0867.html,100,0,100,100,100,0
43,cooking_html/cookingclassy-0548.html,100,100,100,100,100,100
43,cooking_html/tasty-1169.html,100,0,100,0,100,0
43,cooking_html/cookingclassy-0447.html,100,100,100,100,100,100
43,cooking_html/tasty-1781.html,100,0,0,0,100,0
43,cooking_html/tasty-1322.html,100,100,100,0,100,0
43,cooking_html/tasty-1555.html,100,0,100,0,100,0
43,cooking_html/allrecipes-1458.html,100,100,100,100,100,100
43,cooking_html/cookingclassy-0400.html,100,100,100,100,100,100
43,cooking_html/nytimes-1530.html,100,100,100,100,100,100
43,cooking_html/foodnetwork-1380.html,100,100,0,100,100,0
43,cooking_html/allrecipes-1075.html,100,100,100,100,100,100
43,cooking_html/tasty-2472.html,100,0,100,0,100,0
43,cooking_html/tasty-1829.html,100,0,100,0,100,0
43,cooking_html/allrecipes-1526.html,100,100,100,100,100,100
43,cooking_html/nytimes-0607.html,100,100,100,100,100,100
43,cooking_html/tasty-1878.html,100,0,100,100,100,0
43,cooking_html/allrecipes-1657.html,100,100,100,100,100,100
43,cooking_html/allrecipes-1223.html,100,100,100,100,100,100
43,cooking_html/tasty-1153.html,100,0,100,100,100,0
43,cooking_html/tasty-1390.html,100,0,100,100,100,0
43,cooking_html/cookingclassy-1206.html,100,100,100,100,100,100
43,cooking_html/nytimes-0143.html,100,100,100,100,100,100
43,cooking_html/tasty-1644.html,100,0,100,0,100,0
43,cooking_html/allrecipes-0630.html,100,0,100,100,100,0
43,cooking_html/foodnetwork-0934.html,100,100,100,100,0,0
43,cooking_html/allrecipes-0938.html,100,100,100,100,100,100
43,cooking_html/nytimes-0321.html,100,100,100,100,100,100
43,cooking_html/allrecipes-0979.html,100,100,100,100,100,100
43,cooking_html/foodnetwork-0174.html,100,100,100,100,100,100
43,cooking_html/nytimes-1409.html,100,100,100,100,100,100
43,cooking_html/nytimes-1616.html,100,100,100,100,100,100
43,cooking_html/cookingclassy-0097.html,100,100,100,100,100,100
43,cooking_html/nytimes-0281.html,100,100,100,100,100,100
43,cooking_html/allrecipes-1112.html,100,100,100,100,100,100
43,cooking_html/cookingclassy-0718.html,100,100,100,100,100,100
43,cooking_html/nytimes-1727.html,100,100,100,100,100,100
43,cooking_html/nytimes-1869.html,100,100,100,100,100,100
43,cooking_html/cookingclassy-1306.html,100,0,100,100,100,0
43,cooking_html/foodnetwork-1533.html,100,100,0,100,100,0
43,cooking_html/cookingclassy-1047.html,100,100,100,100,100,100
43,cooking_html/foodnetwork-0382.html,100,100,100,100,100,100
43,cooking_html/tasty-0599.html,100,0,100,0,100,0
43,cooking_html/cookingclassy-0025.html,100,100,100,100,100,100
43,cooking_html/nytimes-1236.html,100,100,100,100,100,100
43,cooking_html/nytimes-0360.html,100,100,100,100,100,100
43,cooking_html/tasty-1766.html,100,0,100,0,100,0
43,cooking_html/nytimes-0836.html,100,100,100,100,100,100
43,cooking_html/nytimes-1299.html,100,100,100,100,100,100
43,cooking_html/nytimes-0006.html,100,100,100,100,100,100
43,cooking_html/nytimes-0444.html,100,100,100,100,100,100
43,cooking_html/allrecipes-0702.html,100,100,100,100,100,100
43,cooking_html/nytimes-1598.html,100,100,100,100,100,100
43,cooking_html/allrecipes-1515.html,100,100,100,100,100,100
43,cooking_html/nytimes-0544.html,100,100,100,100,100,100
43,cooking_html/allrecipes-0558.html,100,0,100,100,100,0
43,cooking_html/nytimes-0579.html,100,100,100,100,100,100
43,cooking_html/tasty-1285.html,100,0,100,0,100,0
43,cooking_html/nytimes-1194.html,100,100,100,100,100,100
43,cooking_html/tasty-0405.html,100,0,100,100,100,0
43,cooking_html/cookingclassy-0578.html,100,100,100,100,100,100
43,cooking_html/nytimes-0325.html,100,100,100,100,100,100
43,cooking_html/foodnetwork-0208.html,100,100,100,100,0,0
43,cooking_html/tasty-0254.html,100,0,100,0,100,0
43,cooking_html/nytimes-2004.html,100,100,100,100,100,100
43,cooking_html/tasty-0496.html,100,0,0,0,100,0
43,cooking_html/allrecipes-0089.html,100,100,100,100,100,100
43,cooking_html/cookingclassy-1064.html,100,100,100,0,100,0
43,cooking_html/nytimes-1657.html,100,100,100,100,100,100
43,cooking_html/allrecipes-1242.html,100,100,100,100,100,100
43,cooking_html/tasty-1887.html,100,0,100,100,100,0
43,cooking_html/tasty-0810.html,100,0,100,0,100,0
43,cooking_html/nytimes-1585.html,100,100,100,100,100,100
43,cooking_html/tasty-1448.html,100,0,100,0,100,0
43,cooking_html/cookingclassy-1164.html,100,100,100,100,100,100
43,cooking_html/tasty-0796.html,100,0,100,100,100,0
43,cooking_html/allrecipes-1254.html,100,100,100,100,100,100
43,cooking_html/tasty-1053.html,100,0,100,100,100,0
43,cooking_html/nytimes-0525.html,100,100,100,100,100,100
43,cooking_html/nytimes-0075.html,100,100,100,100,100,100
43,cooking_html/nytimes-0675.html,100,100,100,100,0,0
43,cooking_html/tasty-0390.html,100,0,100,0,100,0
43,cooking_html/tasty-0812.html,100,0,100,100,100,0
43,cooking_html/tasty-0705.html,100,0,0,0,100,0
43,cooking_html/foodnetwork-0641.html,100,100,100,100,100,100
43,cooking_html/tasty-1607.html,100,0,100,0,100,0
43,cooking_html/tasty-1625.html,100,0,100,0,100,0
43,cooking_html/nytimes-0938.html,100,100,100,100,100,100
43,cooking_html/nytimes-1454.html,100,100,100,100,100,100
43,cooking_html/nytimes-1706.html,100,100,100,100,100,100
43,cooking_html/foodnetwork-1083.html,100,100,0,100,100,0
43,cooking_html/allrecipes-0824.html,100,100,100,100,100,100
43,cooking_html/tasty-0509.html,100,0,100,0,100,0
43,cooking_html/foodnetwork-1605.html,100,100,100,100,0,0
43,cooking_html/nytimes-0730.html,100,100,100,100,100,100
43,cooking_html/tasty-0173.html,100,0,100,0,100,0
43,cooking_html/allrecipes-0007.html,100,100,100,100,100,100
43,cooking_html/tasty-0945.html,100,0,100,0,100,0
43,cooking_html/foodnetwork-0494.html,100,100,100,100,0,0
43,cooking_html/tasty-1653.html,100,0,100,100,100,0
43,cooking_html/nytimes-0616.html,100,100,100,100,100,100
43,cooking_html/tasty-0072.html,100,0,100,0,100,0
43,cooking_html/tasty-1750.html,100,0,100,100,100,0
43,cooking_html/tasty-0008.html,100,0,100,0,100,0
43,cooking_html/tasty-0220.html,100,0,0,0,100,0
43,cooking_html/cookingclassy-0408.html,100,100,100,100,100,100
43,cooking_html/allrecipes-1613.html,100,100,100,100,100,100
43,cooking_html/cookingclassy-0981.html,100,100,100,100,100,100
43,cooking_html/foodnetwork-0486.html,100,100,100,100,100,100
43,cooking_html/foodnetwork-1775.html,100,100,100,100,100,100
43,cooking_html/tasty-1881.html,100,0,100,0,100,0
43,cooking_html/nytimes-1079.html,100,100,100,100,100,100
43,cooking_html/cookingclassy-0278.html,100,100,100,100,100,100
43,cooking_html/tasty-2114.html,100,0,100,0,100,0
43,cooking_html/cookingclassy-0370.html,100,100,100,100,100,100
43,cooking_html/cookingclassy-0746.html,100,0,100,100,100,0
43,cooking_html/nytimes-0570.html,100,100,100,100,100,100
43,cooking_html/allrecipes-0688.html,100,100,100,100,100,100
43,cooking_html/nytimes-1758.html,100,100,100,100,100,100
43,cooking_html/tasty-0273.html,100,0,100,0,100,0
43,cooking_html/nytimes-0028.html,100,100,100,100,100,100
43,cooking_html/tasty-2057.html,100,0,100,0,100,0
43,cooking_html/cookingclassy-1115.html,100,100,100,100,100,100
43,cooking_html/allrecipes-0220.html,100,100,100,100,100,100
43,cooking_html/nytimes-0043.html,100,100,100,100,100,100
43,cooking_html/allrecipes-0629.html,100,0,100,100,100,0
43,cooking_html/cookingclassy-0191.html,100,100,100,100,100,100
43,cooking_html/nytimes-1307.html,100,100,100,100,100,100
43,cooking_html/foodnetwork-0811.html,100,100,100,100,100,100
43,cooking_html/foodnetwork-0337.html,100,100,100,100,100,100
43,cooking_html/allrecipes-1416.html,100,100,100,100,100,100
43,cooking_html/allrecipes-0270.html,100,100,100,100,100,100
43,cooking_html/allrecipes-1696.html,100,100,100,100,100,100
43,cooking_html/tasty-1273.html,100,0,100,0,100,0
43,cooking_html/foodnetwork-0541.html,100,100,100,100,0,0
43,cooking_html/allrecipes-0719.html,100,100,100,100,100,100
43,cooking_html/tasty-1924.html,100,0,100,0,100,0
43,cooking_html/allrecipes-0245.html,100,100,100,100,100,100
43,cooking_html/tasty-1351.html,100,0,100,0,100,0
43,cooking_html/foodnetwork-0782.html,100,100,100,100,0,0
43,cooking_html/cookingclassy-0259.html,100,0,100,100,100,0
43,cooking_html/cookingclassy-0442.html,100,100,100,100,100,100
43,cooking_html/tasty-0582.html,100,0,100,0,100,0
43,cooking_html/nytimes-0140.html,100,100,100,100,100,100
43,cooking_html/tasty-0622.html,100,0,100,0,100,0
43,cooking_html/foodnetwork-0062.html,100,100,100,100,0,0
43,cooking_html/tasty-0935.html,100,0,100,0,100,0
43,cooking_html/foodnetwork-1926.html,100,100,100,100,100,100
43,cooking_html/nytimes-1777.html,100,100,100,100,100,100
43,cooking_html/cookingclassy-1285.html,100,100,100,100,100,100
43,cooking_html/allrecipes-0314.html,100,100,100,100,100,100
43,cooking_html/tasty-2357.html,100,0,100,0,100,0
43,cooking_html/allrecipes-0347.html,100,100,100,100,100,100
43,cooking_html/cookingclassy-0527.html,100,100,100,100,100,100
43,cooking_html/foodnetwork-0380.html,100,100,0,100,100,0
43,cooking_html/nytimes-1295.html,100,100,100,100,100,100
43,cooking_html/foodnetwork-0318.html,100,100,100,100,100,100
43,cooking_html/allrecipes-0443.html,100,0,100,100,100,0
43,cooking_html/allrecipes-1093.html,100,100,100,100,100,100
43,cooking_html/allrecipes-0160.html,100,100,100,100,100,100
43,cooking_html/cookingclassy-0910.html,100,100,100,100,100,100
43,cooking_html/allrecipes-0360.html,100,100,100,100,100,100
43,cooking_html/cookingclassy-0104.html,100,100,100,100,100,100
43,cooking_html/allrecipes-1426.html,100,100,100,100,100,100
43,cooking_html/tasty-1410.html,100,0,100,0,100,0
43,cooking_html/foodnetwork-0955.html,100,100,0,100,100,0
43,cooking_html/allrecipes-0467.html,100,100,100,100,100,100
43,cooking_html/foodnetwork-1086.html,100,100,100,100,0,0
43,cooking_html/nytimes-1931.html,100,100,100,100,100,100
43,cooking_html/foodnetwork-1362.html,100,100,0,100,100,0
43,cooking_html/tasty-2187.html,100,0,100,0,100,0
43,cooking_html/allrecipes-0534.html,100,0,100,100,100,0
43,cooking_html/nytimes-0784.html,100,100,100,100,100,100
43,cooking_html/nytimes-0033.html,100,100,100,100,100,100
43,cooking_html/allrecipes-1186.html,100,100,100,100,100,100
43,cooking_html/tasty-2301.html,100,0,100,0,100,0
43,cooking_html/foodnetwork-1082.html,100,100,0,100,100,0
43,cooking_html/allrecipes-1473.html,100,100,100,100,100,100
43,cooking_html/nytimes-0863.html,100,100,100,100,100,100
43,cooking_html/foodnetwork-0615.html,100,100,100,100,100,100
43,cooking_html/tasty-1913.html,100,0,0,0,100,0
43,cooking_html/cookingclassy-0487.html,100,100,100,100,100,100
43,cooking_html/cookingclassy-1179.html,100,100,100,100,100,100
43,cooking_html/allrecipes-1200.html,100,100,100,100,100,100
43,cooking_html/foodnetwork-1135.html,100,100,100,100,100,100
43,cooking_html/allrecipes-1325.html,100,100,100,100,100,100
43,cooking_html/cookingclassy-0403.html,100,100,100,100,100,100
43,cooking_html/allrecipes-0837.html,100,100,100,100,100,100
43,cooking_html/nytimes-0350.html,100,100,100,100,100,100
43,cooking_html/nytimes-1536.html,100,100,100,100,100,100
43,cooking_html/tasty-2047.html,100,0,100,100,100,0
43,cooking_html/nytimes-0511.html,100,100,100,100,100,100
43,cooking_html/allrecipes-0127.html,100,0,100,100,100,0
43,cooking_html/tasty-1655.html,100,0,100,100,100,0
43,cooking_html/tasty-1300.html,100,0,0,100,100,0
43,cooking_html/tasty-1237.html,100,0,100,0,100,0
43,cooking_html/nytimes-0577.html,100,100,100,100,100,100
43,cooking_html/foodnetwork-2141.html,100,100,100,100,100,100
43,cooking_html/tasty-0442.html,100,0,100,0,100,0
43,cooking_html/nytimes-0229.html,100,100,100,100,100,100
43,cooking_html/allrecipes-0378.html,100,100,100,100,100,100
43,cooking_html/tasty-2294.html,100,0,100,0,100,0
43,cooking_html/allrecipes-0426.html,100,0,100,100,100,0
43,cooking_html/allrecipes-1504.html,100,100,100,100,100,100
43,cooking_html/foodnetwork-0701.html,100,100,100,100,100,100
43,cooking_html/allrecipes-1316.html,100,100,100,100,100,100
43,cooking_html/foodnetwork-0860.html,100,100,100,100,100,100
43,cooking_html/cookingclassy-1143.html,100,100,100,100,100,100
43,cooking_html/tasty-1359.html,100,0,100,0,100,0
43,cooking_html/foodnetwork-2021.html,100,100,100,100,0,0
43,cooking_html/foodnetwork-0655.html,100,100,0,100,100,0
43,cooking_html/allrecipes-0532.html,100,100,100,100,100,100
43,cooking_html/allrecipes-0807.html,100,100,100,100,100,100
43,cooking_html/nytimes-1123.html,100,100,100,100,100,100
43,cooking_html/cookingclassy-0970.html,100,100,100,100,100,100
43,cooking_html/nytimes-1659.html,100,100,100,100,100,100
43,cooking_html/tasty-1791.html,100,0,100,0,100,0
43,cooking_html/tasty-0090.html,100,0,0,0,100,0
43,cooking_html/nytimes-1217.html,100,100,100,100,100,100
43,cooking_html/tasty-0124.html,100,0,100,0,100,0
43,cooking_html/foodnetwork-0868.html,100,100,100,100,100,100
43,cooking_html/foodnetwork-0745.html,100,100,100,100,100,100
43,cooking_html/cookingclassy-0522.html,100,100,100,100,100,100
43,cooking_html/tasty-1308.html,100,0,100,0,100,0
43,cooking_html/allrecipes-0019.html,100,100,100,100,100,100
43,cooking_html/foodnetwork-0801.html,100,100,0,100,100,0
43,cooking_html/tasty-0287.html,100,0,0,0,100,0
43,cooking_html/cookingclassy-1166.html,100,100,100,100,100,100
43,cooking_html/cookingclassy-0582.html,100,100,100,100,100,100
43,cooking_html/foodnetwork-1434.html,100,100,0,100,100,0
43,cooking_html/foodnetwork-1970.html,100,100,0,100,100,0
43,cooking_html/tasty-1572.html,100,0,100,0,100,0
43,cooking_html/cookingclassy-1098.html,100,100,100,100,100,100
43,cooking_html/nytimes-1370.html,100,100,100,100,100,100
43,cooking_html/cookingclassy-0012.html,100,100,100,100,100,100
43,cooking_html/tasty-0588.html,100,0,100,100,100,0
43,cooking_html/allrecipes-0597.html,100,100,100,100,100,100
43,cooking_html/tasty-1266.html,100,0,100,0,100,0
43,cooking_html/tasty-2331.html,100,0,100,100,100,0
43,cooking_html/nytimes-0273.html,100,100,100,100,100,100
43,cooking_html/tasty-0110.html,100,0,100,0,100,0
43,cooking_html/tasty-2003.html,100,0,100,0,100,0
43,cooking_html/foodnetwork-2085.html,100,100,100,100,0,0
43,cooking_html/nytimes-0434.html,100,100,100,100,100,100
43,cooking_html/nytimes-0958.html,100,100,100,100,100,100
43,cooking_html/foodnetwork-0169.html,100,100,100,100,100,100
43,cooking_html/nytimes-1371.html,100,100,100,100,100,100
43,cooking_html/tasty-0337.html,100,0,100,0,100,0
43,cooking_html/allrecipes-0244.html,100,100,100,100,100,100
43,cooking_html/foodnetwork-0516.html,100,100,100,100,100,100
43,cooking_html/cookingclassy-1278.html,100,100,100,100,100,100
43,cooking_html/nytimes-1292.html,100,100,100,100,100,100
43,cooking_html/foodnetwork-1140.html,100,100,100,100,100,100
43,cooking_html/tasty-1519.html,100,0,100,0,100,0
43,cooking_html/tasty-2323.html,100,100,100,0,100,0
43,cooking_html/allrecipes-1635.html,100,100,100,100,100,100
43,cooking_html/nytimes-1553.html,100,100,100,100,100,100
43,cooking_html/nytimes-1126.html,100,100,100,100,100,100
43,cooking_html/cookingclassy-0180.html,100,100,100,100,100,100
43,cooking_html/tasty-1747.html,100,0,100,0,100,0
43,cooking_html/foodnetwork-0293.html,100,100,100,100,100,100
43,cooking_html/tasty-1548.html,100,0,100,0,100,0
43,cooking_html/tasty-1945.html,100,0,100,0,100,0
43,cooking_html/cookingclassy-1070.html,100,0,100,100,100,0
43,cooking_html/cookingclassy-1183.html,100,100,100,100,100,100
43,cooking_html/foodnetwork-0930.html,100,100,100,100,100,100
43,cooking_html/tasty-2305.html,100,0,100,0,100,0
43,cooking_html/nytimes-1046.html,100,100,100,100,100,100
43,cooking_html/foodnetwork-0785.html,100,100,100,100,100,100
43,cooking_html/allrecipes-0432.html,100,0,100,100,100,0
43,cooking_html/nytimes-1544.html,100,100,100,100,100,100
43,cooking_html/tasty-1531.html,100,0,0,0,100,0
43,cooking_html/allrecipes-1571.html,100,100,100,100,100,100
43,cooking_html/cookingclassy-0301.html,100,0,100,100,100,0
43,cooking_html/allrecipes-0339.html,100,0,100,100,100,0
43,cooking_html/tasty-2156.html,100,0,100,0,100,0
43,cooking_html/cookingclassy-0647.html,100,100,100,100,100,100
43,cooking_html/tasty-0107.html,100,0,100,0,100,0
43,cooking_html/cookingclassy-0286.html,100,100,100,100,100,100
43,cooking_html/nytimes-1352.html,100,100,100,100,100,100
43,cooking_html/foodnetwork-1612.html,100,100,0,100,100,0
43,cooking_html/foodnetwork-1953.html,100,100,100,100,100,100
43,cooking_html/foodnetwork-0535.html,100,100,100,100,100,100
43,cooking_html/nytimes-0562.html,100,100,100,100,100,100
43,cooking_html/nytimes-1247.html,100,100,100,100,100,100
43,cooking_html/nytimes-1720.html,100,100,100,100,100,100
43,cooking_html/tasty-1305.html,100,0,100,0,100,0
43,cooking_html/nytimes-0714.html,100,100,100,100,100,100
43,cooking_html/foodnetwork-0315.html,100,100,100,100,0,0
43,cooking_html/nytimes-0386.html,100,100,100,100,100,100
43,cooking_html/tasty-2233.html,100,0,100,0,100,0
43,cooking_html/nytimes-1818.html,100,100,100,100,100,100
43,cooking_html/cookingclassy-1281.html,100,100,100,100,100,100
43,cooking_html/tasty-1923.html,100,0,100,100,100,0
43,cooking_html/cookingclassy-0361.html,100,100,100,100,100,100
43,cooking_html/cookingclassy-0710.html,100,100,100,100,100,100
43,cooking_html/tasty-1906.html,100,0,0,0,100,0
43,cooking_html/allrecipes-0531.html,100,100,100,100,100,100
43,cooking_html/nytimes-0160.html,100,100,100,100,100,100
43,cooking_html/tasty-0899.html,100,0,100,0,100,0
43,cooking_html/tasty-0145.html,100,0,100,0,100,0
43,cooking_html/nytimes-0065.html,100,100,100,100,100,100
43,cooking_html/nytimes-1911.html,100,100,100,100,100,100
43,cooking_html/tasty-1841.html,100,0,100,0,100,0
43,cooking_html/cookingclassy-1076.html,100,0,100,100,100,0
43,cooking_html/allrecipes-1323.html,100,100,100,100,100,100
43,cooking_html/cookingclassy-0654.html,100,100,100,100,100,100
43,cooking_html/cookingclassy-0641.html,100,100,100,100,100,100
43,cooking_html/nytimes-0852.html,100,100,100,100,100,100
43,cooking_html/tasty-0036.html,100,0,0,0,100,0
43,cooking_html/tasty-2360.html,100,0,100,0,100,0
43,cooking_html/nytimes-2028.html,100,100,100,100,100,100
43,cooking_html/foodnetwork-1197.html,100,100,100,100,100,100
43,cooking_html/tasty-2332.html,100,0,100,0,100,0
43,cooking_html/cookingclassy-1289.html,100,100,100,100,100,100
43,cooking_html/foodnetwork-0755.html,100,100,100,100,0,0
43,cooking_html/foodnetwork-0242.html,100,100,0,100,100,0
43,cooking_html/allrecipes-1373.html,100,0,100,100,100,0
43,cooking_html/cookingclassy-0933.html,100,100,100,100,100,100
43,cooking_html/allrecipes-1335.html,100,100,100,100,100,100
43,cooking_html/tasty-1622.html,100,0,100,0,100,0
43,cooking_html/allrecipes-0775.html,100,100,100,100,100,100
43,cooking_html/tasty-1071.html,100,0,100,100,100,0
43,cooking_html/tasty-0426.html,100,0,100,0,100,0
43,cooking_html/nytimes-1569.html,100,100,100,100,100,100
43,cooking_html/nytimes-0795.html,100,100,100,100,100,100
43,cooking_html/allrecipes-1266.html,100,100,100,100,100,100
43,cooking_html/nytimes-0253.html,100,100,100,100,100,100
43,cooking_html/tasty-1121.html,100,0,100,0,100,0
43,cooking_html/nytimes-1886.html,100,100,100,100,100,100
43,cooking_html/cookingclassy-0723.html,100,100,100,100,100,100
43,cooking_html/tasty-2380.html,100,0,100,0,100,0
43,cooking_html/tasty-2229.html,100,0,100,0,100,0
43,cooking_html/nytimes-0407.html,100,100,100,100,100,100
43,cooking_html/foodnetwork-0564.html,100,100,100,100,0,0
43,cooking_html/nytimes-1127.html,100,100,100,100,100,100
43,cooking_html/allrecipes-0287.html,100,100,100,100,100,100
43,cooking_html/allrecipes-1087.html,100,100,100,100,100,100
43,cooking_html/nytimes-1043.html,100,100,100,100,100,100
43,cooking_html/foodnetwork-0457.html,100,100,0,100,100,0
43,cooking_html/cookingclassy-0660.html,100,100,100,100,100,100
43,cooking_html/nytimes-0256.html,100,100,100,100,100,100
43,cooking_html/allrecipes-1448.html,100,0,100,100,100,0
43,cooking_html/cookingclassy-1274.html,100,100,100,100,100,100
43,cooking_html/nytimes-1546.html,100,100,100,100,100,100
43,cooking_html/tasty-0023.html,100,0,100,0,100,0
43,cooking_html/foodnetwork-0375.html,100,100,0,100,100,0
43,cooking_html/allrecipes-0431.html,100,100,100,100,100,100
43,cooking_html/cookingclassy-0325.html,100,100,100,100,100,100
43,cooking_html/cookingclassy-0407.html,100,100,100,100,100,100
43,cooking_html/tasty-2417.html,100,0,100,0,100,0
43,cooking_html/allrecipes-1567.html,100,100,100,100,100,100
43,cooking_html/foodnetwork-1719.html,100,100,0,100,100,0
43,cooking_html/nytimes-1120.html,100,100,100,100,100,100
43,cooking_html/cookingclassy-0417.html,100,100,100,100,100,100
43,cooking_html/allrecipes-0459.html,100,100,100,100,100,100
43,cooking_html/cookingclassy-1170.html,100,100,100,100,100,100
43,cooking_html/cookingclassy-1046.html,100,100,100,100,100,100
43,cooking_html/allrecipes-1414.html,100,100,100,100,100,100
43,cooking_html/allrecipes-0159.html,100,100,100,100,100,100
43,cooking_html/nytimes-0897.html,100,100,100,100,100,100
43,cooking_html/nytimes-0405.html,100,100,100,100,100,100
43,cooking_html/nytimes-0918.html,100,100,100,100,100,100
43,cooking_html/cookingclassy-0704.html,100,100,100,100,100,100
43,cooking_html/nytimes-1034.html,100,100,100,100,100,100
43,cooking_html/tasty-2037.html,100,0,100,0,100,0
43,cooking_html/allrecipes-0680.html,100,100,100,100,100,100
43,cooking_html/nytimes-0453.html,100,100,100,100,100,100
43,cooking_html/tasty-0648.html,100,0,100,0,100,0
43,cooking_html/nytimes-1590.html,100,100,100,100,100,100
43,cooking_html/tasty-0238.html,100,0,100,0,100,0
43,cooking_html/allrecipes-0013.html,100,0,100,100,100,0
43,cooking_html/cookingclassy-1247.html,100,0,100,100,100,0
43,cooking_html/tasty-1463.html,100,0,100,100,100,0
43,cooking_html/cookingclassy-1207.html,100,100,100,100,100,100
43,cooking_html/tasty-1267.html,100,0,0,100,100,0
43,cooking_html/cookingclassy-0648.html,100,100,100,100,100,100
43,cooking_html/foodnetwork-1017.html,100,100,100,100,0,0
43,cooking_html/nytimes-1139.html,100,100,100,100,100,100
43,cooking_html/foodnetwork-0852.html,100,100,0,100,100,0
43,cooking_html/tasty-0056.html,100,0,0,0,100,0
43,cooking_html/cookingclassy-0394.html,100,100,100,100,100,100
43,cooking_html/allrecipes-0098.html,100,100,100,100,100,100
43,cooking_html/nytimes-0583.html,100,100,100,100,100,100
43,cooking_html/allrecipes-0163.html,100,100,100,100,100,100
43,cooking_html/tasty-1845.html,100,0,100,0,100,0
43,cooking_html/tasty-0852.html,100,0,100,100,100,0
43,cooking_html/allrecipes-0803.html,100,100,100,100,100,100
43,cooking_html/cookingclassy-1275.html,100,100,100,100,100,100
43,cooking_html/foodnetwork-0437.html,100,100,100,100,0,0
43,cooking_html/nytimes-1735.html,100,100,100,100,100,100
43,cooking_html/cookingclassy-0821.html,100,100,100,100,100,100
43,cooking_html/allrecipes-0907.html,100,100,100,100,100,100
43,cooking_html/tasty-1754.html,100,0,100,0,100,0
43,cooking_html/cookingclassy-0547.html,100,100,100,100,100,100
43,cooking_html/cookingclassy-0761.html,100,100,100,100,100,100
43,cooking_html/cookingclassy-0398.html,100,100,100,100,100,100
43,cooking_html/tasty-1295.html,100,0,100,0,100,0
43,cooking_html/tasty-2020.html,100,0,100,0,100,0
43,cooking_html/tasty-2068.html,100,0,100,0,100,0
43,cooking_html/cookingclassy-0335.html,100,100,100,100,100,100
43,cooking_html/nytimes-1822.html,100,100,100,100,100,100
43,cooking_html/nytimes-1281.html,100,100,100,100,100,100
43,cooking_html/foodnetwork-0961.html,100,100,0,100,100,0
43,cooking_html/foodnetwork-0170.html,100,100,100,100,100,100
43,cooking_html/tasty-1516.html,100,0,100,0,100,0
43,cooking_html/cookingclassy-0140.html,100,0,100,100,100,0
43,cooking_html/foodnetwork-1099.html,100,100,0,100,100,0
43,cooking_html/nytimes-0874.html,100,100,100,100,100,100
43,cooking_html/nytimes-0062.html,100,100,100,100,100,100
43,cooking_html/nytimes-1426.html,100,100,100,100,100,100
43,cooking_html/cookingclassy-1006.html,100,100,100,100,100,100
43,cooking_html/allrecipes-1686.html,100,100,100,100,100,100
43,cooking_html/nytimes-0079.html,100,100,100,100,100,100
43,cooking_html/cookingclassy-0834.html,100,100,100,100,100,100
43,cooking_html/cookingclassy-0608.html,100,100,100,100,100,100
43,cooking_html/tasty-0880.html,100,0,100,0,100,0
43,cooking_html/foodnetwork-0948.html,100,100,100,100,100,100
43,cooking_html/cookingclassy-0069.html,100,100,100,100,100,100
43,cooking_html/nytimes-1582.html,100,100,100,100,100,100
43,cooking_html/cookingclassy-0453.html,100,100,100,100,100,100
43,cooking_html/foodnetwork-1105.html,100,100,100,100,100,100
43,cooking_html/tasty-1624.html,100,0,100,0,100,0
43,cooking_html/foodnetwork-1768.html,100,100,0,100,100,0
43,cooking_html/allrecipes-1674.html,100,100,100,100,100,100
43,cooking_html/tasty-0053.html,100,0,100,0,100,0
43,cooking_html/foodnetwork-1418.html,100,100,0,100,100,0
43,cooking_html/allrecipes-1088.html,100,100,100,100,100,100
43,cooking_html/allrecipes-0713.html,100,100,100,100,100,100
43,cooking_html/nytimes-1358.html,100,100,100,100,100,100
43,cooking_html/allrecipes-1523.html,100,100,100,100,100,100
43,cooking_html/cookingclassy-0501.html,100,100,100,100,100,100
43,cooking_html/tasty-2023.html,100,0,100,0,100,0
43,cooking_html/nytimes-1773.html,100,100,100,100,100,100
43,cooking_html/nytimes-1359.html,100,100,100,100,100,100
43,cooking_html/tasty-1657.html,100,0,100,100,100,0
43,cooking_html/nytimes-0774.html,100,100,100,100,100,100
43,cooking_html/tasty-1199.html,100,0,100,0,100,0
43,cooking_html/foodnetwork-1822.html,100,100,100,100,100,100
43,cooking_html/foodnetwork-0238.html,100,100,0,100,100,0
43,cooking_html/nytimes-0587.html,100,100,100,100,100,100
43,cooking_html/tasty-2264.html,100,0,100,0,100,0
43,cooking_html/nytimes-1170.html,100,100,100,100,100,100
43,cooking_html/nytimes-0565.html,100,100,100,100,100,100
43,cooking_html/foodnetwork-0264.html,100,100,100,100,0,0
43,cooking_html/foodnetwork-0783.html,100,100,100,100,0,0
43,cooking_html/foodnetwork-0612.html,100,100,0,100,100,0
43,cooking_html/tasty-0942.html,100,0,100,0,100,0
43,cooking_html/foodnetwork-1763.html,100,100,100,100,0,0
43,cooking_html/tasty-1805.html,100,0,100,0,100,0
43,cooking_html/foodnetwork-0411.html,100,100,0,100,100,0
43,cooking_html/tasty-0900.html,100,0,100,0,100,0
43,cooking_html/nytimes-0280.html,100,100,100,100,100,100
43,cooking_html/foodnetwork-0714.html,100,100,100,100,100,100
43,cooking_html/cookingclassy-0949.html,100,100,100,100,100,100
43,cooking_html/tasty-1612.html,100,0,100,0,100,0
43,cooking_html/tasty-0868.html,100,0,0,100,100,0
43,cooking_html/cookingclassy-0521.html,100,100,100,100,100,100
43,cooking_html/foodnetwork-0010.html,100,100,0,100,100,0
43,cooking_html/tasty-2347.html,100,0,100,0,100,0
43,cooking_html/foodnetwork-0429.html,100,100,100,100,100,100
43,cooking_html/tasty-1155.html,100,0,100,100,100,0
43,cooking_html/tasty-2311.html,100,0,100,0,100,0
43,cooking_html/foodnetwork-1376.html,100,100,0,100,100,0
43,cooking_html/foodnetwork-0864.html,100,100,0,100,100,0
43,cooking_html/tasty-0191.html,100,0,100,0,100,0
43,cooking_html/tasty-0907.html,100,100,100,0,100,0
43,cooking_html/tasty-2457.html,100,0,100,100,100,0
43,cooking_html/foodnetwork-1370.html,100,100,0,100,100,0
43,cooking_html/foodnetwork-1584.html,100,100,0,100,100,0
43,cooking_html/tasty-1012.html,100,0,100,0,100,0
43,cooking_html/tasty-1174.html,100,0,100,0,100,0
43,cooking_html/allrecipes-1360.html,100,100,100,100,100,100
43,cooking_html/tasty-0164.html,100,0,100,100,100,0
43,cooking_html/nytimes-0399.html,100,100,100,100,100,100
43,cooking_html/foodnetwork-0736.html,100,100,100,100,0,0
43,cooking_html/cookingclassy-0250.html,100,100,100,100,100,100
43,cooking_html/tasty-1022.html,100,0,100,0,100,0
43,cooking_html/allrecipes-0391.html,100,100,100,100,100,100
43,cooking_html/nytimes-0180.html,100,100,100,100,100,100
43,cooking_html/foodnetwork-1215.html,100,100,100,100,100,100
43,cooking_html/tasty-0728.html,100,0,100,0,100,0
43,cooking_html/tasty-0470.html,100,0,100,0,100,0
43,cooking_html/foodnetwork-0772.html,100,100,0,100,100,0
43,cooking_html/foodnetwork-0438.html,100,100,100,100,100,100
43,cooking_html/nytimes-0726.html,100,100,100,100,100,100
43,cooking_html/tasty-1526.html,100,0,0,0,100,0
43,cooking_html/allrecipes-1703.html,100,100,100,100,100,100
43,cooking_html/foodnetwork-0423.html,100,100,100,100,100,100
43,cooking_html/cookingclassy-0951.html,100,100,100,100,100,100
43,cooking_html/cookingclassy-1133.html,100,100,100,100,100,100
43,cooking_html/tasty-0492.html,100,0,100,0,100,0
43,cooking_html/allrecipes-0990.html,100,100,100,100,100,100
43,cooking_html/cookingclassy-1028.html,100,100,100,100,100,100
43,cooking_html/tasty-1068.html,100,0,100,100,100,0
43,cooking_html/nytimes-0209.html,100,100,100,100,100,100
43,cooking_html/tasty-1006.html,100,0,100,0,100,0
43,cooking_html/tasty-0552.html,100,0,100,0,100,0
43,cooking_html/nytimes-1053.html,100,100,100,100,100,100
43,cooking_html/cookingclassy-0905.html,100,100,100,100,100,100
43,cooking_html/nytimes-0411.html,100,100,100,100,100,100
43,cooking_html/foodnetwork-0158.html,100,100,100,100,0,0
43,cooking_html/tasty-0279.html,100,0,100,0,100,0
43,cooking_html/tasty-1206.html,100,0,0,0,100,0
43,cooking_html/cookingclassy-1146.html,100,100,100,100,100,100
43,cooking_html/allrecipes-0401.html,100,0,100,100,100,0
43,cooking_html/nytimes-0746.html,100,100,100,100,100,100
43,cooking_html/tasty-0616.html,100,0,100,0,100,0
43,cooking_html/nytimes-1400.html,100,100,100,100,100,100
43,cooking_html/tasty-0301.html,100,0,0,0,100,0
43,cooking_html/nytimes-0880.html,100,100,100,100,100,100
43,cooking_html/nytimes-0519.html,100,100,100,100,100,100
43,cooking_html/allrecipes-0687.html,100,100,100,100,100,100
43,cooking_html/nytimes-0898.html,100,100,100,100,100,100
43,cooking_html/foodnetwork-1073.html,100,100,100,100,100,100
43,cooking_html/allrecipes-0978.html,100,100,100,100,100,100
43,cooking_html/cookingclassy-0727.html,100,0,100,100,100,0
43,cooking_html/cookingclassy-0800.html,100,100,100,100,100,100
43,cooking_html/tasty-0383.html,100,0,100,0,100,0
43,cooking_html/foodnetwork-1582.html,100,100,100,100,0,0
43,cooking_html/foodnetwork-1354.html,100,100,0,100,100,0
43,cooking_html/tasty-2481.html,100,0,100,0,100,0
43,cooking_html/foodnetwork-1260.html,100,100,100,100,0,0
43,cooking_html/foodnetwork-0401.html,100,100,0,100,100,0
43,cooking_html/cookingclassy-0815.html,100,100,100,100,100,100
43,cooking_html/cookingclassy-0559.html,100,100,100,100,100,100
43,cooking_html/tasty-0070.html,100,0,100,0,100,0
43,cooking_html/cookingclassy-0509.html,100,100,100,100,100,100
43,cooking_html/allrecipes-0415.html,100,100,100,100,100,100
43,cooking_html/allrecipes-0997.html,100,100,100,100,100,100
43,cooking_html/tasty-0309.html,100,0,100,0,100,0
43,cooking_html/tasty-0219.html,100,0,0,100,100,0
43,cooking_html/nytimes-1077.html,100,100,100,100,100,100
43,cooking_html/allrecipes-1446.html,100,100,100,100,100,100
43,cooking_html/cookingclassy-0429.html,100,100,100,100,100,100
43,cooking_html/foodnetwork-0984.html,100,100,100,100,100,100
43,cooking_html/nytimes-1966.html,100,100,100,100,100,100
43,cooking_html/nytimes-1615.html,100,100,100,100,100,100
43,cooking_html/cookingclassy-0728.html,100,100,100,100,100,100
43,cooking_html/tasty-0170.html,100,0,100,0,100,0
43,cooking_html/tasty-1957.html,100,0,100,100,100,0
43,cooking_html/tasty-1860.html,100,0,0,100,100,0
43,cooking_html/nytimes-1482.html,100,100,100,100,100,100
43,cooking_html/nytimes-0738.html,100,100,100,100,100,100
43,cooking_html/allrecipes-0197.html,100,100,100,100,100,100
43,cooking_html/nytimes-1725.html,100,100,100,100,100,100
43,cooking_html/foodnetwork-2059.html,100,100,100,100,100,100
43,cooking_html/foodnetwork-0750.html,100,100,100,100,100,100
43,cooking_html/allrecipes-0186.html,100,0,100,100,100,0
43,cooking_html/foodnetwork-1904.html,100,100,100,100,100,100
43,cooking_html/cookingclassy-0614.html,100,100,100,100,100,100
43,cooking_html/nytimes-0953.html,100,100,100,100,100,100
43,cooking_html/tasty-0338.html,100,0,100,0,100,0
43,cooking_html/foodnetwork-0200.html,100,100,0,100,100,0
43,cooking_html/tasty-2439.html,100,0,100,0,100,0
43,cooking_html/foodnetwork-0210.html,100,100,100,100,0,0
43,cooking_html/tasty-2349.html,100,0,0,100,100,0
43,cooking_html/nytimes-0652.html,100,100,100,100,100,100
43,cooking_html/nytimes-0960.html,100,100,100,100,100,100
43,cooking_html/nytimes-0000.html,100,100,100,100,100,100
43,cooking_html/tasty-1971.html,100,0,100,0,100,0
43,cooking_html/nytimes-0839.html,100,100,100,100,100,100
43,cooking_html/tasty-1954.html,100,0,100,100,100,0
43,cooking_html/foodnetwork-0923.html,100,100,100,100,100,100
43,cooking_html/tasty-1930.html,100,0,100,100,100,0
43,cooking_html/allrecipes-1548.html,100,100,100,100,100,100
43,cooking_html/allrecipes-0205.html,100,100,100,100,100,100
43,cooking_html/foodnetwork-0894.html,100,100,100,100,0,0
43,cooking_html/nytimes-1698.html,100,100,100,100,100,100
43,cooking_html/nytimes-1941.html,100,0,100,100,100,0
43,cooking_html/foodnetwork-0205.html,100,100,100,100,0,0
43,cooking_html/foodnetwork-1850.html,100,100,100,100,100,100
43,cooking_html/foodnetwork-1696.html,100,100,0,100,100,0
43,cooking_html/allrecipes-0395.html,100,100,100,100,100,100
43,cooking_html/tasty-0074.html,100,0,100,0,100,0
43,cooking_html/nytimes-0779.html,100,100,100,100,100,100
43,cooking_html/cookingclassy-0666.html,100,100,100,100,100,100
43,cooking_html/cookingclassy-0980.html,100,100,100,100,100,100
43,cooking_html/allrecipes-1245.html,100,0,100,100,100,0
43,cooking_html/tasty-0910.html,100,0,0,0,100,0
43,cooking_html/tasty-0283.html,100,0,100,0,100,0
43,cooking_html/tasty-0433.html,100,0,100,0,100,0
43,cooking_html/foodnetwork-0737.html,100,100,100,100,0,0
43,cooking_html/cookingclassy-0303.html,100,100,100,100,100,100
43,cooking_html/nytimes-0326.html,100,100,100,100,100,100
43,cooking_html/tasty-1425.html,100,0,100,0,100,0
43,cooking_html/tasty-1286.html,100,0,0,0,100,0
43,cooking_html/tasty-0295.html,100,0,100,0,100,0
43,cooking_html/tasty-0958.html,100,0,100,0,100,0
43,cooking_html/cookingclassy-1243.html,100,0,100,100,100,0
43,cooking_html/tasty-0277.html,100,0,100,0,100,0
43,cooking_html/foodnetwork-0415.html,100,100,100,100,100,100
43,cooking_html/nytimes-0239.html,100,100,100,100,100,100
43,cooking_html/nytimes-0278.html,100,100,100,100,100,100
43,cooking_html/cookingclassy-0312.html,100,100,100,100,100,100
43,cooking_html/nytimes-2029.html,100,100,100,100,100,100
43,cooking_html/allrecipes-0141.html,100,100,100,100,100,100
43,cooking_html/tasty-0807.html,100,0,100,0,100,0
43,cooking_html/allrecipes-1071.html,100,100,100,100,100,100
43,cooking_html/tasty-0108.html,100,0,100,100,100,0
43,cooking_html/tasty-1679.html,100,0,100,0,100,0
43,cooking_html/nytimes-1524.html,100,100,100,100,100,100
43,cooking_html/nytimes-0541.html,100,100,100,100,100,100
43,cooking_html/foodnetwork-0093.html,100,100,0,100,100,0
43,cooking_html/nytimes-0275.html,100,100,100,100,100,100
43,cooking_html/foodnetwork-1786.html,100,100,0,100,100,0
43,cooking_html/foodnetwork-0013.html,100,100,0,100,100,0
43,cooking_html/tasty-1144.html,100,0,100,0,100,0
43,cooking_html/foodnetwork-0649.html,100,100,100,100,100,100
43,cooking_html/nytimes-0513.html,100,100,100,100,100,100
43,cooking_html/nytimes-1981.html,100,100,100,100,100,100
43,cooking_html/cookingclassy-1178.html,100,100,100,100,100,100
43,cooking_html/tasty-0654.html,100,0,0,0,100,0
43,cooking_html/allrecipes-0421.html,100,100,100,100,100,100
43,cooking_html/foodnetwork-0256.html,100,100,100,100,0,0
43,cooking_html/cookingclassy-0752.html,100,100,100,100,100,100
43,cooking_html/foodnetwork-1780.html,100,100,100,100,100,100
43,cooking_html/cookingclassy-0824.html,100,100,100,100,100,100
43,cooking_html/foodnetwork-0821.html,100,100,0,100,100,0
43,cooking_html/cookingclassy-0399.html,100,100,100,100,100,100
43,cooking_html/foodnetwork-1387.html,100,100,0,100,100,0
43,cooking_html/nytimes-0831.html,100,100,100,100,100,100
43,cooking_html/tasty-2248.html,100,0,100,0,100,0
43,cooking_html/nytimes-1528.html,100,100,100,100,100,100
43,cooking_html/tasty-0909.html,100,0,0,0,100,0
43,cooking_html/nytimes-0659.html,100,100,100,100,100,100
43,cooking_html/allrecipes-1053.html,100,100,100,100,100,100
43,cooking_html/tasty-1125.html,100,0,100,0,100,0
43,cooking_html/foodnetwork-2245.html,100,100,100,100,100,100
43,cooking_html/tasty-1414.html,100,0,100,100,100,0
43,cooking_html/tasty-0076.html,100,0,100,0,100,0
43,cooking_html/allrecipes-0785.html,100,100,100,100,100,100
43,cooking_html/foodnetwork-0288.html,100,100,100,100,0,0
43,cooking_html/nytimes-0401.html,100,100,100,100,100,100
43,cooking_html/cookingclassy-0553.html,100,100,100,100,100,100
43,cooking_html/tasty-2346.html,100,0,100,0,100,0
43,cooking_html/nytimes-0359.html,100,100,100,100,100,100
43,cooking_html/allrecipes-1475.html,100,100,100,100,100,100
43,cooking_html/foodnetwork-0971.html,100,100,100,100,0,0
43,cooking_html/tasty-1500.html,100,0,100,0,100,0
43,cooking_html/nytimes-1021.html,100,100,100,100,100,100
43,cooking_html/tasty-2059.html,100,0,100,0,100,0
43,cooking_html/tasty-2160.html,100,0,100,0,100,0
43,cooking_html/tasty-0950.html,100,0,100,0,100,0
43,cooking_html/cookingclassy-0298.html,100,100,100,100,100,100
43,cooking_html/tasty-1362.html,100,0,100,0,100,0
43,cooking_html/tasty-1387.html,100,0,0,0,100,0
43,cooking_html/nytimes-0478.html,100,100,100,100,100,100
43,cooking_html/tasty-1327.html,100,0,100,0,100,0
43,cooking_html/allrecipes-0774.html,100,100,100,100,100,100
43,cooking_html/tasty-2376.html,100,0,100,0,100,0
43,cooking_html/cookingclassy-0419.html,100,100,100,100,100,100
43,cooking_html/allrecipes-0266.html,100,100,100,100,100,100
43,cooking_html/nytimes-0517.html,100,100,100,100,100,100
43,cooking_html/tasty-1214.html,100,0,100,0,100,0
43,cooking_html/cookingclassy-0701.html,100,100,100,100,100,100
43,cooking_html/foodnetwork-1033.html,100,100,0,100,100,0
43,cooking_html/foodnetwork-1928.html,100,100,100,100,0,0
43,cooking_html/cookingclassy-0359.html,100,100,100,100,100,100
43,cooking_html/cookingclassy-0173.html,100,0,100,100,100,0
43,cooking_html/tasty-2007.html,100,0,100,0,100,0
43,cooking_html/foodnetwork-1924.html,100,100,100,100,100,100
43,cooking_html/allrecipes-0544.html,100,0,100,100,100,0
43,cooking_html/tasty-2353.html,100,0,100,0,100,0
43,cooking_html/tasty-0024.html,100,0,0,0,100,0
43,cooking_html/foodnetwork-1881.html,100,100,100,100,100,100
43,cooking_html/nytimes-1617.html,100,100,100,100,100,100
43,cooking_html/nytimes-1678.html,100,100,100,100,100,100
43,cooking_html/tasty-1079.html,100,0,100,100,100,0
43,cooking_html/tasty-1041.html,100,0,100,0,100,0
43,cooking_html/tasty-2051.html,100,0,100,100,100,0
43,cooking_html/nytimes-1287.html,100,100,100,100,100,100
43,cooking_html/tasty-1837.html,100,0,100,0,100,0
43,cooking_html/cookingclassy-0512.html,100,100,100,100,100,100
43,cooking_html/nytimes-0382.html,100,100,100,100,100,100
43,cooking_html/cookingclassy-0161.html,100,100,100,100,100,100
43,cooking_html/foodnetwork-1765.html,100,100,0,100,100,0
43,cooking_html/nytimes-1925.html,100,100,100,100,100,100
43,cooking_html/tasty-1307.html,100,0,100,0,100,0
43,cooking_html/cookingclassy-1280.html,100,100,100,100,100,100
43,cooking_html/cookingclassy-0645.html,100,100,100,100,100,100
43,cooking_html/tasty-1026.html,100,0,100,100,100,0
43,cooking_html/foodnetwork-0995.html,100,100,0,100,100,0
43,cooking_html/nytimes-0246.html,100,100,100,100,100,100
43,cooking_html/tasty-1005.html,100,0,100,0,100,0
43,cooking_html/tasty-1444.html,100,0,100,100,100,0
43,cooking_html/allrecipes-0567.html,100,0,100,100,100,0
43,cooking_html/cookingclassy-0885.html,100,100,100,100,100,100
43,cooking_html/cookingclassy-0037.html,100,100,100,100,100,100
43,cooking_html/foodnetwork-1759.html,100,100,100,100,100,100
43,cooking_html/tasty-0937.html,100,0,100,100,100,0
43,cooking_html/nytimes-0373.html,100,100,100,100,100,100
43,cooking_html/tasty-1101.html,100,0,100,0,100,0
43,cooking_html/allrecipes-0029.html,100,100,100,100,100,100
43,cooking_html/allrecipes-0404.html,100,100,100,100,100,100
43,cooking_html/allrecipes-0252.html,100,100,100,100,0,0
43,cooking_html/foodnetwork-0223.html,100,100,100,100,0,0
43,cooking_html/foodnetwork-0546.html,100,100,0,100,100,0
43,cooking_html/tasty-0246.html,100,0,100,0,100,0
43,cooking_html/tasty-0445.html,100,0,100,100,100,0
43,cooking_html/allrecipes-1201.html,100,100,100,100,100,100
43,cooking_html/allrecipes-0095.html,100,100,100,100,100,100
43,cooking_html/nytimes-0624.html,100,100,100,100,100,100
43,cooking_html/foodnetwork-0480.html,100,100,100,100,100,100
43,cooking_html/nytimes-0013.html,100,100,100,100,100,100
43,cooking_html/cookingclassy-0155.html,100,100,100,100,100,100
43,cooking_html/tasty-0066.html,100,0,100,0,100,0
43,cooking_html/tasty-1918.html,100,0,100,100,100,0
43,cooking_html/tasty-0318.html,100,0,100,0,100,0
43,cooking_html/nytimes-2018.html,100,100,100,100,100,100
43,cooking_html/tasty-0694.html,100,0,100,0,100,0
43,cooking_html/nytimes-0906.html,100,100,100,100,100,100
43,cooking_html/nytimes-0532.html,100,100,100,100,100,100
43,cooking_html/foodnetwork-0278.html,100,100,100,100,0,0
43,cooking_html/nytimes-1729.html,100,100,100,100,100,100
43,cooking_html/foodnetwork-0524.html,100,100,100,100,0,0
43,cooking_html/tasty-2485.html,100,0,100,0,100,0
43,cooking_html/tasty-0740.html,100,0,100,0,100,0
43,cooking_html/foodnetwork-0082.html,100,100,100,100,0,0
43,cooking_html/nytimes-1551.html,100,100,100,100,100,100
43,cooking_html/nytimes-0876.html,100,100,100,100,100,100
43,cooking_html/allrecipes-1647.html,100,100,100,100,100,100
43,cooking_html/tasty-2196.html,100,0,100,0,100,0
43,cooking_html/nytimes-0302.html,100,100,100,100,100,100
43,cooking_html/allrecipes-0784.html,100,100,100,100,100,100
43,cooking_html/foodnetwork-0831.html,100,100,100,100,100,100
43,cooking_html/tasty-0512.html,100,0,100,100,100,0
43,cooking_html/nytimes-0829.html,100,100,100,100,100,100
43,cooking_html/tasty-1504.html,100,0,0,100,100,0
43,cooking_html/nytimes-0287.html,100,100,100,100,100,100
43,cooking_html/foodnetwork-1116.html,100,100,100,100,100,100
43,cooking_html/nytimes-1930.html,100,100,100,100,100,100
43,cooking_html/allrecipes-0424.html,100,100,100,100,100,100
43,cooking_html/nytimes-0941.html,100,100,100,100,100,100
43,cooking_html/nytimes-1182.html,100,100,100,100,100,100
43,cooking_html/nytimes-1514.html,100,100,100,100,100,100
43,cooking_html/tasty-2011.html,100,0,100,0,100,0
43,cooking_html/allrecipes-0608.html,100,0,100,100,100,0
43,cooking_html/nytimes-1979.html,100,100,100,100,100,100
43,cooking_html/allrecipes-0045.html,100,100,100,100,100,100
43,cooking_html/allrecipes-1382.html,100,0,100,100,100,0
43,cooking_html/nytimes-0707.html,100,100,100,100,100,100
43,cooking_html/foodnetwork-1028.html,100,100,0,100,100,0
43,cooking_html/foodnetwork-0875.html,100,100,0,100,100,0
43,cooking_html/cookingclassy-0944.html,100,100,100,100,100,100
43,cooking_html/tasty-0071.html,100,0,100,0,100,0
43,cooking_html/foodnetwork-0928.html,100,100,100,100,100,100
43,cooking_html/cookingclassy-0978.html,100,100,100,100,100,100
43,cooking_html/foodnetwork-0677.html,100,100,100,100,0,0
43,cooking_html/tasty-1175.html,100,0,100,0,100,0
43,cooking_html/allrecipes-0086.html,100,100,100,100,100,100
43,cooking_html/foodnetwork-0357.html,100,100,100,100,0,0
43,cooking_html/nytimes-0349.html,100,100,100,100,100,100
43,cooking_html/nytimes-0094.html,100,100,100,100,0,0
43,cooking_html/cookingclassy-0562.html,100,100,100,100,100,100
43,cooking_html/foodnetwork-0687.html,100,100,100,100,100,100
43,cooking_html/cookingclassy-0790.html,100,100,100,100,100,100
43,cooking_html/tasty-2354.html,100,0,0,0,100,0
43,cooking_html/nytimes-1249.html,100,100,100,100,100,100
43,cooking_html/allrecipes-0582.html,100,100,100,100,100,100
43,cooking_html/cookingclassy-0602.html,100,100,100,100,100,100
43,cooking_html/tasty-2265.html,100,0,100,0,100,0
43,cooking_html/allrecipes-1233.html,100,100,100,100,100,100
43,cooking_html/nytimes-1235.html,100,100,100,100,100,100
43,cooking_html/foodnetwork-0449.html,100,100,100,100,0,0
43,cooking_html/foodnetwork-0188.html,100,100,0,100,100,0
43,cooking_html/tasty-0439.html,100,0,100,100,100,0
43,cooking_html/tasty-0637.html,100,0,100,0,100,0
43,cooking_html/cookingclassy-0814.html,100,100,100,100,100,100
43,cooking_html/tasty-0825.html,100,0,100,0,100,0
43,cooking_html/tasty-0005.html,100,0,100,100,100,0
43,cooking_html/allrecipes-0318.html,100,100,100,100,100,100
43,cooking_html/tasty-1983.html,100,0,100,100,100,0
43,cooking_html/nytimes-1159.html,100,100,100,100,100,100
43,cooking_html/nytimes-0088.html,100,100,100,100,100,100
43,cooking_html/foodnetwork-0905.html,100,100,0,100,100,0
43,cooking_html/nytimes-0824.html,100,100,100,100,100,100
43,cooking_html/tasty-1998.html,100,0,100,0,100,0
43,cooking_html/foodnetwork-0589.html,100,100,0,100,100,0
43,cooking_html/foodnetwork-0622.html,100,100,100,100,100,100
43,cooking_html/foodnetwork-1052.html,100,100,100,100,0,0
43,cooking_html/cookingclassy-0086.html,100,100,100,100,100,100
43,cooking_html/tasty-2204.html,100,0,100,100,100,0
43,cooking_html/tasty-1545.html,100,0,100,0,100,0
43,cooking_html/allrecipes-1562.html,100,100,100,100,100,100
43,cooking_html/tasty-1451.html,100,0,100,0,100,0
43,cooking_html/allrecipes-0895.html,100,100,100,100,100,100
43,cooking_html/cookingclassy-0667.html,100,100,100,100,100,100
43,cooking_html/foodnetwork-0122.html,100,100,100,100,100,100
43,cooking_html/allrecipes-0144.html,100,100,100,100,100,100
43,cooking_html/foodnetwork-0202.html,100,100,0,100,100,0
43,cooking_html/tasty-1708.html,100,0,100,100,100,0
43,cooking_html/foodnetwork-1064.html,100,100,100,100,100,100
43,cooking_html/tasty-0409.html,100,0,100,0,100,0
43,cooking_html/tasty-2172.html,100,0,100,100,100,0
43,cooking_html/cookingclassy-0904.html,100,100,100,100,100,100
43,cooking_html/nytimes-1876.html,100,100,100,100,100,100
43,cooking_html/allrecipes-0667.html,100,100,100,100,100,100
43,cooking_html/tasty-1016.html,100,0,100,0,100,0
43,cooking_html/nytimes-1198.html,100,100,100,100,100,100
43,cooking_html/tasty-2273.html,100,0,0,0,100,0
43,cooking_html/nytimes-0801.html,100,100,100,100,100,100
43,cooking_html/tasty-1703.html,100,0,100,0,100,0
43,cooking_html/cookingclassy-1112.html,100,100,100,100,100,100
43,cooking_html/foodnetwork-1736.html,100,100,100,100,0,0
43,cooking_html/nytimes-0921.html,100,100,100,100,100,100
43,cooking_html/foodnetwork-0190.html,100,100,100,100,0,0
43,cooking_html/nytimes-0254.html,100,100,100,100,100,100
43,cooking_html/nytimes-1385.html,100,100,100,100,100,100
43,cooking_html/tasty-1340.html,100,0,100,0,100,0
43,cooking_html/cookingclassy-1082.html,100,100,100,100,100,100
43,cooking_html/tasty-2017.html,100,0,100,0,100,0
43,cooking_html/cookingclassy-1186.html,100,100,100,100,100,100
43,cooking_html/foodnetwork-1815.html,100,100,0,100,100,0
43,cooking_html/cookingclassy-0302.html,100,100,100,100,100,100
43,cooking_html/nytimes-1683.html,100,100,100,100,100,100
43,cooking_html/tasty-0590.html,100,0,100,0,100,0
43,cooking_html/cookingclassy-0376.html,100,100,100,100,100,100
43,cooking_html/tasty-1992.html,100,0,100,0,100,0
43,cooking_html/allrecipes-0452.html,100,100,100,100,100,100
43,cooking_html/foodnetwork-0462.html,100,100,0,100,100,0
43,cooking_html/tasty-1947.html,100,0,0,0,100,0
43,cooking_html/tasty-0707.html,100,0,0,100,100,0
43,cooking_html/tasty-1348.html,100,0,100,100,100,0
43,cooking_html/tasty-1049.html,100,0,100,0,100,0
43,cooking_html/tasty-1502.html,100,0,100,0,100,0
43,cooking_html/foodnetwork-2234.html,100,100,100,100,100,100
43,cooking_html/nytimes-1732.html,100,100,100,100,100,100
43,cooking_html/cookingclassy-0950.html,100,100,100,100,100,100
43,cooking_html/tasty-2261.html,100,0,100,100,100,0
43,cooking_html/cookingclassy-0310.html,100,100,100,100,100,100
43,cooking_html/tasty-1356.html,100,0,100,0,100,0
43,cooking_html/nytimes-1018.html,100,100,100,100,100,100
43,cooking_html/foodnetwork-0360.html,100,100,100,100,100,100
43,cooking_html/allrecipes-0930.html,100,100,100,100,100,100
43,cooking_html/foodnetwork-1631.html,100,100,0,100,100,0
43,cooking_html/tasty-0766.html,100,0,100,0,100,0
43,cooking_html/foodnetwork-0762.html,100,100,0,100,100,0
43,cooking_html/tasty-0984.html,100,0,100,100,100,0
43,cooking_html/cookingclassy-0049.html,100,100,100,0,100,0
43,cooking_html/allrecipes-0926.html,100,100,100,100,100,100
43,cooking_html/tasty-1032.html,100,0,100,0,100,0
43,cooking_html/foodnetwork-2054.html,100,100,100,100,100,100
43,cooking_html/nytimes-1033.html,100,100,100,100,100,100
43,cooking_html/nytimes-1799.html,100,100,100,100,100,100
43,cooking_html/allrecipes-1565.html,100,100,100,100,100,100
43,cooking_html/nytimes-1675.html,100,100,100,100,100,100
43,cooking_html/tasty-0843.html,100,0,100,0,100,0
43,cooking_html/allrecipes-0916.html,100,100,100,100,100,100
43,cooking_html/allrecipes-1549.html,100,100,100,100,100,100
43,cooking_html/cookingclassy-0490.html,100,0,100,100,100,0
43,cooking_html/nytimes-0777.html,100,100,100,100,100,100
43,cooking_html/cookingclassy-0759.html,100,100,100,100,100,100
43,cooking_html/cookingclassy-0829.html,100,100,100,100,100,100
43,cooking_html/foodnetwork-0085.html,100,100,0,100,100,0
43,cooking_html/tasty-2073.html,100,0,100,0,100,0
43,cooking_html/cookingclassy-0633.html,100,100,100,100,100,100
43,cooking_html/nytimes-0162.html,100,100,100,100,100,100
43,cooking_html/tasty-2284.html,100,0,100,0,100,0
43,cooking_html/allrecipes-1234.html,100,100,100,100,100,100
43,cooking_html/cookingclassy-0845.html,100,100,100,100,100,100
43,cooking_html/nytimes-0548.html,100,100,100,100,100,100
43,cooking_html/allrecipes-0251.html,100,100,100,100,100,100
43,cooking_html/foodnetwork-0937.html,100,100,100,100,0,0
43,cooking_html/nytimes-1611.html,100,100,100,100,100,100
43,cooking_html/allrecipes-1394.html,100,0,100,100,100,0
43,cooking_html/foodnetwork-0549.html,100,100,100,100,0,0
43,cooking_html/allrecipes-0778.html,100,100,100,100,100,100
43,cooking_html/nytimes-1107.html,100,100,100,100,100,100
43,cooking_html/cookingclassy-0421.html,100,100,100,100,100,100
43,cooking_html/tasty-1529.html,100,0,100,0,100,0
43,cooking_html/cookingclassy-0306.html,100,100,100,100,100,100
43,cooking_html/allrecipes-1644.html,100,100,100,100,100,100
43,cooking_html/allrecipes-0490.html,100,0,100,100,100,0
43,cooking_html/cookingclassy-0178.html,100,100,100,100,100,100
43,cooking_html/cookingclassy-1200.html,100,100,100,100,100,100
43,cooking_html/tasty-2253.html,100,0,100,100,100,0
43,cooking_html/foodnetwork-0571.html,100,100,0,100,100,0
43,cooking_html/allrecipes-0008.html,100,0,100,100,100,0
43,cooking_html/nytimes-0174.html,100,100,100,100,100,100
43,cooking_html/allrecipes-1479.html,100,100,100,100,100,100
43,cooking_html/cookingclassy-0124.html,100,100,100,100,100,100
43,cooking_html/tasty-0550.html,100,0,100,0,100,0
43,cooking_html/tasty-2112.html,100,0,100,0,100,0
43,cooking_html/foodnetwork-0216.html,100,100,0,100,100,0
43,cooking_html/allrecipes-0955.html,100,100,100,100,100,100
43,cooking_html/tasty-0777.html,100,0,100,0,100,0
43,cooking_html/foodnetwork-0139.html,100,100,0,100,100,0
43,cooking_html/nytimes-0425.html,100,100,100,100,100,100
43,cooking_html/nytimes-0131.html,100,100,100,100,100,100
43,cooking_html/cookingclassy-1251.html,100,100,100,100,100,100
43,cooking_html/allrecipes-1317.html,100,100,100,100,100,100
43,cooking_html/tasty-0957.html,100,0,100,100,100,0
43,cooking_html/allrecipes-1687.html,100,100,100,100,100,100
43,cooking_html/tasty-0196.html,100,0,0,100,100,0
43,cooking_html/tasty-0382.html,100,0,0,100,100,0
43,cooking_html/tasty-1421.html,100,0,0,0,100,0
43,cooking_html/tasty-1152.html,100,0,100,0,100,0
43,cooking_html/nytimes-1374.html,100,100,100,100,100,100
43,cooking_html/tasty-2491.html,100,0,100,100,100,0
43,cooking_html/cookingclassy-0360.html,100,100,100,100,100,100
43,cooking_html/foodnetwork-0049.html,100,100,100,100,100,100
43,cooking_html/tasty-1173.html,100,0,100,0,100,0
43,cooking_html/allrecipes-1578.html,100,0,100,100,100,0
43,cooking_html/allrecipes-1680.html,100,100,100,100,100,100
43,cooking_html/cookingclassy-1193.html,100,100,100,100,100,100
43,cooking_html/nytimes-1824.html,100,100,100,100,100,100
43,cooking_html/nytimes-0895.html,100,100,100,100,100,100
43,cooking_html/nytimes-0331.html,100,100,100,100,100,100
43,cooking_html/nytimes-1373.html,100,100,100,100,100,100
43,cooking_html/cookingclassy-0979.html,100,100,100,100,100,100
43,cooking_html/tasty-0831.html,100,0,100,0,100,0
43,cooking_html/cookingclassy-0427.html,100,100,100,100,100,100
43,cooking_html/tasty-2181.html,100,0,100,0,100,0
43,cooking_html/allrecipes-0280.html,100,100,100,100,100,100
43,cooking_html/allrecipes-0905.html,100,100,100,100,100,100
43,cooking_html/nytimes-1874.html,100,100,100,100,100,100
43,cooking_html/allrecipes-0009.html,100,100,100,100,100,100
43,cooking_html/foodnetwork-0432.html,100,100,100,100,0,0
43,cooking_html/foodnetwork-1166.html,100,100,100,100,0,0
43,cooking_html/tasty-1790.html,100,0,100,0,100,0
43,cooking_html/foodnetwork-1226.html,100,100,100,100,100,100
43,cooking_html/tasty-0059.html,100,0,0,0,100,0
43,cooking_html/tasty-0258.html,100,0,100,0,100,0
43,cooking_html/cookingclassy-0765.html,100,100,100,100,100,100
43,cooking_html/cookingclassy-0347.html,100,100,100,100,100,100
43,cooking_html/allrecipes-0215.html,100,100,100,100,100,100
43,cooking_html/foodnetwork-1290.html,100,100,0,100,100,0
43,cooking_html/nytimes-0473.html,100,100,100,100,100,100
43,cooking_html/allrecipes-0493.html,100,0,100,100,100,0
43,cooking_html/cookingclassy-0051.html,100,100,100,100,100,100
43,cooking_html/nytimes-1534.html,100,100,100,100,100,100
43,cooking_html/nytimes-1606.html,100,100,100,100,100,100
43,cooking_html/cookingclassy-0726.html,100,100,100,100,100,100
43,cooking_html/tasty-2046.html,100,0,100,0,100,0
43,cooking_html/foodnetwork-0342.html,100,100,100,100,100,100
43,cooking_html/allrecipes-1305.html,100,100,100,100,100,100
43,cooking_html/foodnetwork-0725.html,100,100,100,100,0,0
43,cooking_html/nytimes-1811.html,100,100,100,100,100,100
43,cooking_html/nytimes-0464.html,100,100,100,100,100,100
43,cooking_html/nytimes-1676.html,100,100,100,100,100,100
43,cooking_html/nytimes-1518.html,100,100,100,100,100,100
43,cooking_html/tasty-0349.html,100,0,100,0,100,0
43,cooking_html/tasty-0280.html,100,0,100,0,100,0
43,cooking_html/foodnetwork-0625.html,100,100,100,100,0,0
43,cooking_html/tasty-0499.html,100,0,100,0,100,0
43,cooking_html/nytimes-0995.html,100,100,100,100,100,100
43,cooking_html/cookingclassy-1130.html,100,100,100,100,100,100
43,cooking_html/foodnetwork-1372.html,100,100,0,100,100,0
43,cooking_html/allrecipes-0269.html,100,100,100,100,100,100
43,cooking_html/foodnetwork-1577.html,100,100,0,100,100,0
43,cooking_html/nytimes-0111.html,100,100,100,100,100,100
43,cooking_html/nytimes-1508.html,100,100,100,100,100,100
43,cooking_html/cookingclassy-0449.html,100,100,0,100,100,0
43,cooking_html/nytimes-1703.html,100,100,100,100,100,100
43,cooking_html/cookingclassy-1158.html,100,100,100,100,100,100
43,cooking_html/tasty-0498.html,100,0,100,0,100,0
43,cooking_html/cookingclassy-0478.html,100,100,100,100,100,100
43,cooking_html/nytimes-0985.html,100,100,100,100,100,100
43,cooking_html/tasty-1301.html,100,0,100,0,100,0
43,cooking_html/foodnetwork-0735.html,100,100,100,100,100,100
43,cooking_html/foodnetwork-0079.html,100,100,100,100,0,0
43,cooking_html/allrecipes-1183.html,100,100,100,100,100,100
43,cooking_html/foodnetwork-0751.html,100,100,0,100,100,0
43,cooking_html/tasty-1582.html,100,0,100,0,100,0
43,cooking_html/cookingclassy-0120.html,100,100,100,100,100,100
43,cooking_html/foodnetwork-0193.html,100,100,0,100,100,0
43,cooking_html/foodnetwork-0314.html,100,100,100,100,0,0
43,cooking_html/cookingclassy-0009.html,100,100,100,100,100,100
43,cooking_html/nytimes-0986.html,100,100,100,100,100,100
43,cooking_html/tasty-1212.html,100,0,100,0,100,0
43,cooking_html/tasty-0981.html,100,0,100,0,100,0
43,cooking_html/tasty-0535.html,100,0,100,0,100,0
43,cooking_html/allrecipes-1055.html,100,100,100,100,100,100
43,cooking_html/cookingclassy-0424.html,100,100,100,100,100,100
43,cooking_html/allrecipes-0302.html,100,0,100,100,100,0
43,cooking_html/tasty-2283.html,100,0,100,0,100,0
43,cooking_html/tasty-1294.html,100,0,100,0,100,0
43,cooking_html/foodnetwork-0160.html,100,100,0,100,100,0
43,cooking_html/cookingclassy-1048.html,100,100,100,100,100,100
43,cooking_html/allrecipes-0116.html,100,100,100,100,100,100
43,cooking_html/nytimes-1898.html,100,100,100,100,100,100
43,cooking_html/tasty-0649.html,100,0,100,100,0,0
43,cooking_html/nytimes-0236.html,100,100,100,100,100,100
43,cooking_html/nytimes-1064.html,100,100,100,100,100,100
43,cooking_html/tasty-0793.html,100,0,100,0,100,0
43,cooking_html/foodnetwork-0716.html,100,100,100,100,100,100
43,cooking_html/foodnetwork-0847.html,100,100,100,100,0,0
43,cooking_html/foodnetwork-1841.html,100,100,100,100,100,100
43,cooking_html/cookingclassy-1201.html,100,100,100,100,100,100
43,cooking_html/nytimes-1260.html,100,100,100,100,100,100
43,cooking_html/nytimes-0426.html,100,100,100,100,100,100
43,cooking_html/cookingclassy-1004.html,100,100,100,100,100,100
43,cooking_html/foodnetwork-1430.html,100,100,100,100,0,0
43,cooking_html/nytimes-0238.html,100,100,100,100,100,100
43,cooking_html/tasty-2144.html,100,0,0,0,100,0
43,cooking_html/allrecipes-0536.html,100,100,100,100,100,100
43,cooking_html/nytimes-0428.html,100,100,100,100,100,100
43,cooking_html/tasty-1835.html,100,0,100,0,100,0
43,cooking_html/allrecipes-1097.html,100,100,100,100,100,100
43,cooking_html/tasty-0955.html,100,0,100,0,100,0
43,cooking_html/tasty-0118.html,100,0,0,0,100,0
43,cooking_html/allrecipes-0720.html,100,100,100,100,100,100
43,cooking_html/tasty-0811.html,100,0,100,100,100,0
43,cooking_html/foodnetwork-0817.html,100,100,100,100,0,0
43,cooking_html/nytimes-1381.html,100,100,100,100,100,100
43,cooking_html/foodnetwork-0985.html,100,100,100,100,100,100
43,cooking_html/allrecipes-1109.html,100,100,100,100,100,100
43,cooking_html/foodnetwork-0113.html,100,100,100,100,0,0
43,cooking_html/tasty-0646.html,100,0,100,0,100,0
43,cooking_html/foodnetwork-0180.html,100,100,100,100,0,0
43,cooking_html/allrecipes-0752.html,100,100,100,100,100,100
43,cooking_html/allrecipes-0509.html,100,0,100,100,100,0
43,cooking_html/tasty-0932.html,100,0,100,100,100,0
43,cooking_html/cookingclassy-0090.html,100,100,100,100,100,100
43,cooking_html/foodnetwork-0443.html,100,100,100,100,0,0
43,cooking_html/tasty-0446.html,100,0,100,0,100,0
43,cooking_html/nytimes-0406.html,100,100,100,100,100,100
43,cooking_html/tasty-2045.html,100,0,0,0,100,0
43,cooking_html/tasty-1648.html,100,0,100,0,100,0
43,cooking_html/foodnetwork-1539.html,100,100,0,100,100,0
43,cooking_html/nytimes-1066.html,100,100,100,100,100,100
43,cooking_html/cookingclassy-0557.html,100,100,100,100,100,100
43,cooking_html/allrecipes-1583.html,100,0,100,100,100,0
43,cooking_html/tasty-1592.html,100,0,100,0,100,0
43,cooking_html/nytimes-1428.html,100,100,100,100,100,100
43,cooking_html/tasty-0675.html,100,0,0,0,100,0
43,cooking_html/foodnetwork-0684.html,100,100,100,100,100,100
43,cooking_html/tasty-1140.html,100,0,100,0,100,0
43,cooking_html/tasty-0710.html,100,0,100,0,100,0
43,cooking_html/allrecipes-1597.html,100,100,100,100,100,100
43,cooking_html/nytimes-1506.html,100,100,100,100,100,100
43,cooking_html/tasty-1651.html,100,0,100,0,100,0
43,cooking_html/cookingclassy-1149.html,100,100,100,100,100,100
43,cooking_html/allrecipes-0572.html,100,0,100,100,100,0
43,cooking_html/tasty-0299.html,100,0,100,0,100,0
43,cooking_html/nytimes-1477.html,100,100,100,100,100,100
43,cooking_html/tasty-1564.html,100,0,100,100,100,0
43,cooking_html/allrecipes-0862.html,100,100,100,100,100,100
43,cooking_html/allrecipes-0919.html,100,100,100,100,100,100
43,cooking_html/nytimes-1810.html,100,100,100,100,100,100
43,cooking_html/foodnetwork-0861.html,100,100,100,100,0,0
43,cooking_html/nytimes-1211.html,100,100,100,100,100,100
43,cooking_html/allrecipes-1611.html,100,100,100,100,100,100
43,cooking_html/foodnetwork-0311.html,100,100,100,100,0,0
43,cooking_html/nytimes-0379.html,100,100,100,100,100,100
43,cooking_html/allrecipes-0092.html,100,100,100,100,100,100
43,cooking_html/nytimes-1238.html,100,100,100,100,100,100
43,cooking_html/tasty-2422.html,100,0,0,100,100,0
43,cooking_html/allrecipes-1138.html,100,0,100,100,100,0
43,cooking_html/tasty-0004.html,100,0,100,0,100,0
43,cooking_html/tasty-2458.html,100,0,100,0,100,0
43,cooking_html/allrecipes-0323.html,100,100,100,100,100,100
43,cooking_html/nytimes-0909.html,100,100,100,100,100,100
43,cooking_html/cookingclassy-0586.html,100,100,100,100,100,100
43,cooking_html/nytimes-0230.html,100,100,100,100,100,100
43,cooking_html/tasty-1185.html,100,0,100,0,100,0
43,cooking_html/tasty-0137.html,100,0,100,0,100,0
43,cooking_html/nytimes-1753.html,100,100,100,100,100,100
43,cooking_html/allrecipes-0135.html,100,0,100,100,100,0
43,cooking_html/cookingclassy-0709.html,100,100,100,100,100,100
43,cooking_html/allrecipes-0152.html,100,100,100,100,100,100
43,cooking_html/tasty-1159.html,100,0,100,0,100,0
43,cooking_html/allrecipes-1444.html,100,100,100,100,100,100
43,cooking_html/tasty-1920.html,100,0,100,0,100,0
43,cooking_html/allrecipes-0331.html,100,100,100,100,100,100
43,cooking_html/tasty-1352.html,100,0,100,0,100,0
43,cooking_html/tasty-0041.html,100,0,100,0,100,0
43,cooking_html/tasty-0125.html,100,0,100,100,100,0
43,cooking_html/allrecipes-1215.html,100,100,100,100,100,100
43,cooking_html/nytimes-0414.html,100,100,100,100,100,100
43,cooking_html/allrecipes-1554.html,100,100,100,100,100,100
43,cooking_html/cookingclassy-0448.html,100,100,100,100,100,100
43,cooking_html/foodnetwork-1629.html,100,100,0,100,100,0
43,cooking_html/foodnetwork-0260.html,100,100,100,100,100,100
43,cooking_html/allrecipes-0484.html,100,0,100,100,100,0
43,cooking_html/nytimes-1739.html,100,100,100,100,100,100
43,cooking_html/foodnetwork-1155.html,100,100,100,100,100,100
43,cooking_html/tasty-0630.html,100,0,100,0,100,0
43,cooking_html/tasty-0674.html,100,0,100,0,100,0
43,cooking_html/tasty-1977.html,100,0,100,100,100,0
43,cooking_html/foodnetwork-1163.html,100,100,0,100,100,0
43,cooking_html/tasty-0842.html,100,0,100,0,100,0
43,cooking_html/allrecipes-0665.html,100,100,100,100,100,100
43,cooking_html/tasty-0933.html,100,0,100,0,100,0
43,cooking_html/foodnetwork-1456.html,100,100,0,100,100,0
43,cooking_html/foodnetwork-1597.html,100,100,0,100,100,0
43,cooking_html/tasty-0371.html,100,0,100,0,100,0
43,cooking_html/allrecipes-0390.html,100,100,100,100,100,100
43,cooking_html/nytimes-1929.html,100,100,100,100,100,100
43,cooking_html/tasty-0418.html,100,0,100,0,100,0
43,cooking_html/tasty-2420.html,100,0,100,0,100,0
43,cooking_html/tasty-1701.html,100,0,100,100,100,0
43,cooking_html/nytimes-0722.html,100,100,100,100,100,100
43,cooking_html/cookingclassy-0194.html,100,100,100,100,100,100
43,cooking_html/cookingclassy-0760.html,100,100,100,100,100,100
43,cooking_html/allrecipes-1631.html,100,100,100,100,100,100
43,cooking_html/tasty-1364.html,100,0,100,100,100,0
43,cooking_html/tasty-0042.html,100,0,100,0,100,0
43,cooking_html/foodnetwork-0965.html,100,100,100,100,100,100
43,cooking_html/nytimes-1140.html,100,100,100,100,100,100
43,cooking_html/foodnetwork-0163.html,100,100,0,100,100,0
43,cooking_html/allrecipes-0225.html,100,100,100,100,100,100
43,cooking_html/allrecipes-0594.html,100,100,100,100,100,100
43,cooking_html/tasty-0310.html,100,0,0,0,100,0
43,cooking_html/allrecipes-1440.html,100,100,100,100,100,100
43,cooking_html/tasty-0179.html,100,0,100,0,100,0
43,cooking_html/nytimes-1638.html,100,100,100,100,100,100
43,cooking_html/allrecipes-0136.html,100,100,100,100,100,100
43,cooking_html/tasty-0939.html,100,0,100,0,100,0
43,cooking_html/foodnetwork-1303.html,100,100,100,100,0,0
43,cooking_html/cookingclassy-0316.html,100,100,100,100,100,100
43,cooking_html/cookingclassy-0929.html,100,100,100,100,100,100
43,cooking_html/allrecipes-1488.html,100,100,100,100,100,100
43,cooking_html/tasty-2084.html,100,0,100,0,100,0
43,cooking_html/allrecipes-1143.html,100,100,100,100,100,100
43,cooking_html/tasty-1023.html,100,0,0,0,100,0
43,cooking_html/nytimes-0546.html,100,100,100,100,100,100
43,cooking_html/tasty-1306.html,100,0,100,0,100,0
43,cooking_html/foodnetwork-0553.html,100,100,100,100,100,100
43,cooking_html/nytimes-1440.html,100,100,100,100,100,100
43,cooking_html/nytimes-1451.html,100,100,100,100,100,100
43,cooking_html/nytimes-1327.html,100,100,100,100,100,100
43,cooking_html/cookingclassy-0152.html,100,0,100,100,100,0
43,cooking_html/tasty-0422.html,100,0,100,0,100,0
43,cooking_html/cookingclassy-0994.html,100,100,100,100,100,100
43,cooking_html/cookingclassy-1237.html,100,100,100,100,100,100
43,cooking_html/tasty-1720.html,100,0,100,100,100,0
43,cooking_html/cookingclassy-0662.html,100,100,100,100,100,100
43,cooking_html/cookingclassy-0241.html,100,100,100,100,100,100
43,cooking_html/cookingclassy-1194.html,100,100,100,100,100,100
43,cooking_html/foodnetwork-0029.html,100,100,0,100,100,0
43,cooking_html/foodnetwork-0418.html,100,100,0,100,100,0
43,cooking_html/tasty-2153.html,100,0,100,100,100,0
43,cooking_html/nytimes-1150.html,100,100,100,100,100,100
43,cooking_html/allrecipes-0265.html,100,0,100,100,100,0
43,cooking_html/cookingclassy-0159.html,100,100,100,100,100,100
43,cooking_html/tasty-2094.html,100,0,100,100,100,0
43,cooking_html/nytimes-1742.html,100,100,100,100,100,100
43,cooking_html/tasty-1630.html,100,0,100,0,100,0
43,cooking_html/tasty-1027.html,100,0,100,0,100,0
43,cooking_html/allrecipes-1226.html,100,100,100,100,100,100
43,cooking_html/nytimes-1368.html,100,100,100,100,100,100
43,cooking_html/allrecipes-1194.html,100,100,100,100,100,100
43,cooking_html/nytimes-0093.html,100,100,100,100,100,100
43,cooking_html/allrecipes-1672.html,100,100,100,100,100,100
43,cooking_html/nytimes-0089.html,100,100,100,100,100,100
43,cooking_html/foodnetwork-1159.html,100,100,100,100,0,0
43,cooking_html/foodnetwork-1509.html,100,100,100,100,100,100
43,cooking_html/allrecipes-0744.html,100,100,100,100,100,100
43,cooking_html/foodnetwork-0534.html,100,100,100,100,100,100
43,cooking_html/tasty-1738.html,100,0,100,0,100,0
43,cooking_html/foodnetwork-1644.html,100,100,100,100,0,0
43,cooking_html/cookingclassy-1129.html,100,100,100,100,100,100
43,cooking_html/allrecipes-1304.html,100,100,100,100,100,100
43,cooking_html/cookingclassy-0943.html,100,100,100,100,100,100
43,cooking_html/foodnetwork-0276.html,100,100,100,100,100,100
43,cooking_html/cookingclassy-0272.html,100,0,0,100,100,0
43,cooking_html/tasty-1168.html,100,0,100,0,100,0
43,cooking_html/cookingclassy-0541.html,100,100,100,100,100,100
43,cooking_html/foodnetwork-1388.html,100,100,0,100,100,0
43,cooking_html/nytimes-1567.html,100,100,100,100,100,100
43,cooking_html/cookingclassy-0999.html,100,100,100,100,100,100
43,cooking_html/allrecipes-0968.html,100,100,100,100,100,100
43,cooking_html/allrecipes-0598.html,100,100,100,100,100,100
43,cooking_html/allrecipes-0699.html,100,100,100,100,100,100
43,cooking_html/tasty-2285.html,100,0,0,100,100,0
43,cooking_html/tasty-0524.html,100,0,100,100,100,0
43,cooking_html/foodnetwork-1777.html,100,100,100,100,100,100
43,cooking_html/allrecipes-0625.html,100,100,100,100,100,100
43,cooking_html/tasty-0342.html,100,0,100,0,0,0
43,cooking_html/nytimes-1300.html,100,100,100,100,100,100
43,cooking_html/tasty-0827.html,100,0,100,0,100,0
43,cooking_html/foodnetwork-0624.html,100,100,100,100,0,0
43,cooking_html/allrecipes-0884.html,100,100,100,100,100,100
43,cooking_html/foodnetwork-0842.html,100,100,0,100,100,0
43,cooking_html/foodnetwork-0112.html,100,100,100,100,100,100
43,cooking_html/allrecipes-0454.html,100,100,100,100,100,100
43,cooking_html/foodnetwork-0154.html,100,100,100,100,0,0
43,cooking_html/foodnetwork-0807.html,100,100,100,100,100,100
43,cooking_html/cookingclassy-0254.html,100,100,100,100,100,100
43,cooking_html/allrecipes-0413.html,100,100,100,100,100,100
43,cooking_html/nytimes-1355.html,100,100,100,100,100,100
43,cooking_html/allrecipes-0157.html,100,100,100,100,100,100
43,cooking_html/tasty-0925.html,100,0,100,0,100,0
43,cooking_html/tasty-1188.html,100,0,100,100,100,0
43,cooking_html/foodnetwork-0215.html,100,100,100,100,100,100
43,cooking_html/nytimes-1946.html,100,100,100,100,100,100
43,cooking_html/foodnetwork-1287.html,100,100,100,100,0,0
43,cooking_html/cookingclassy-0227.html,100,100,100,100,100,100
43,cooking_html/allrecipes-0738.html,100,100,100,100,100,100
43,cooking_html/cookingclassy-1167.html,100,100,100,100,100,100
43,cooking_html/tasty-0879.html,100,0,100,0,100,0
43,cooking_html/cookingclassy-0205.html,100,100,100,100,100,100
43,cooking_html/cookingclassy-0689.html,100,100,100,100,100,100
43,cooking_html/foodnetwork-0272.html,100,100,0,100,100,0
43,cooking_html/foodnetwork-1120.html,100,100,0,100,100,0
43,cooking_html/foodnetwork-0254.html,100,100,100,100,0,0
43,cooking_html/tasty-1614.html,100,0,100,0,100,0
43,cooking_html/nytimes-1039.html,100,100,100,100,100,100
43,cooking_html/allrecipes-0053.html,100,100,100,100,100,100
43,cooking_html/foodnetwork-1414.html,100,100,0,100,100,0
43,cooking_html/nytimes-0274.html,100,100,100,100,100,100
43,cooking_html/nytimes-1998.html,100,100,100,100,0,0
43,cooking_html/tasty-0906.html,100,0,100,0,100,0
43,cooking_html/tasty-1409.html,100,0,100,100,100,0
43,cooking_html/allrecipes-0368.html,100,100,100,100,100,100
43,cooking_html/cookingclassy-0193.html,100,100,100,100,100,100
43,cooking_html/nytimes-1416.html,100,100,100,100,100,100
43,cooking_html/allrecipes-0585.html,100,100,100,100,100,100
43,cooking_html/nytimes-1340.html,100,100,100,100,100,100
43,cooking_html/nytimes-0512.html,100,100,100,100,100,100
43,cooking_html/tasty-0452.html,100,0,100,0,100,0
43,cooking_html/allrecipes-0602.html,100,0,100,100,100,0
43,cooking_html/tasty-1302.html,100,0,100,100,100,0
43,cooking_html/nytimes-0100.html,100,100,100,100,100,100
43,cooking_html/nytimes-0474.html,100,100,100,100,100,100
43,cooking_html/tasty-2061.html,100,0,100,0,100,0
43,cooking_html/foodnetwork-1196.html,100,100,0,100,100,0
43,cooking_html/cookingclassy-0656.html,100,100,100,100,100,100
43,cooking_html/cookingclassy-0035.html,100,100,100,100,100,100
43,cooking_html/allrecipes-1438.html,100,100,100,100,100,100
43,cooking_html/tasty-1262.html,100,0,100,100,100,0
43,cooking_html/tasty-0999.html,100,0,100,0,100,0
43,cooking_html/nytimes-0310.html,100,100,100,100,100,100
43,cooking_html/tasty-1632.html,100,0,100,0,100,0
43,cooking_html/nytimes-1967.html,100,100,100,100,100,100
43,cooking_html/nytimes-2013.html,100,100,100,100,100,100
43,cooking_html/nytimes-0241.html,100,100,100,100,100,100
43,cooking_html/cookingclassy-1008.html,100,100,100,100,100,100
43,cooking_html/nytimes-1658.html,100,100,100,100,100,100
43,cooking_html/nytimes-1826.html,100,100,100,100,100,100
43,cooking_html/allrecipes-0929.html,100,100,100,100,100,100
43,cooking_html/nytimes-0654.html,100,100,100,100,100,100
43,cooking_html/tasty-1776.html,100,0,100,0,100,0
43,cooking_html/allrecipes-0729.html,100,100,100,100,100,100
43,cooking_html/tasty-2358.html,100,0,100,0,100,0
43,cooking_html/tasty-1616.html,100,0,0,0,100,0
43,cooking_html/tasty-1329.html,100,0,0,0,100,0
43,cooking_html/cookingclassy-0767.html,100,100,100,100,100,100
43,cooking_html/foodnetwork-0512.html,100,100,100,100,100,100
43,cooking_html/tasty-2453.html,100,0,100,0,100,0
43,cooking_html/allrecipes-1348.html,100,100,100,100,100,100
43,cooking_html/foodnetwork-0173.html,100,100,100,100,0,0
43,cooking_html/tasty-1202.html,100,0,100,0,100,0
43,cooking_html/cookingclassy-1218.html,100,100,100,100,100,100
43,cooking_html/tasty-2053.html,100,0,100,0,100,0
43,cooking_html/nytimes-0757.html,100,100,100,100,100,100
43,cooking_html/tasty-1122.html,100,0,100,0,100,0
43,cooking_html/cookingclassy-0021.html,100,100,100,100,100,100
43,cooking_html/nytimes-1108.html,100,100,100,100,100,100
43,cooking_html/nytimes-0965.html,100,100,100,100,100,100
43,cooking_html/tasty-0839.html,100,0,100,0,100,0
43,cooking_html/nytimes-1935.html,100,100,100,100,100,100
43,cooking_html/tasty-2147.html,100,0,100,0,100,0
43,cooking_html/nytimes-1257.html,100,100,100,100,100,100
43,cooking_html/nytimes-0834.html,100,100,100,100,100,100
43,cooking_html/allrecipes-1121.html,100,100,100,100,100,100
43,cooking_html/allrecipes-0330.html,100,0,100,100,100,0
43,cooking_html/nytimes-1612.html,100,100,100,100,100,100
43,cooking_html/foodnetwork-0744.html,100,100,100,100,0,0
43,cooking_html/tasty-1664.html,100,0,100,0,100,0
43,cooking_html/allrecipes-0049.html,100,100,100,100,100,100
43,cooking_html/foodnetwork-0623.html,100,100,0,100,100,0
43,cooking_html/nytimes-0315.html,100,100,100,100,100,100
43,cooking_html/nytimes-1704.html,100,100,100,100,100,100
43,cooking_html/allrecipes-1466.html,100,100,100,100,100,100
43,cooking_html/tasty-1106.html,100,0,0,0,100,0
43,cooking_html/cookingclassy-0754.html,100,100,100,100,100,100
43,cooking_html/nytimes-0858.html,100,100,100,100,100,100
43,cooking_html/tasty-1215.html,100,0,100,100,100,0
43,cooking_html/cookingclassy-0055.html,100,100,100,100,100,100
43,cooking_html/foodnetwork-0209.html,100,100,100,100,0,0
43,cooking_html/nytimes-0536.html,100,100,100,100,100,100
43,cooking_html/cookingclassy-0712.html,100,100,0,100,100,0
43,cooking_html/nytimes-1763.html,100,100,100,100,100,100
43,cooking_html/tasty-0087.html,100,0,100,100,100,0
43,cooking_html/foodnetwork-0307.html,100,100,100,100,0,0
43,cooking_html/nytimes-0378.html,100,100,100,100,100,100
43,cooking_html/foodnetwork-1524.html,100,100,100,100,0,0
43,cooking_html/tasty-0666.html,100,0,100,100,100,0
43,cooking_html/nytimes-0296.html,100,100,100,100,100,100
43,cooking_html/cookingclassy-0451.html,100,100,100,100,100,100
43,cooking_html/nytimes-1860.html,100,100,100,100,100,100
43,cooking_html/allrecipes-0418.html,100,100,100,100,100,100
43,cooking_html/foodnetwork-1048.html,100,100,100,100,100,100
43,cooking_html/tasty-1640.html,100,0,0,0,100,0
43,cooking_html/nytimes-0595.html,100,100,100,100,100,100
43,cooking_html/cookingclassy-0257.html,100,100,100,100,100,100
43,cooking_html/cookingclassy-0486.html,100,0,100,100,100,0
43,cooking_html/nytimes-1432.html,100,100,100,100,100,100
43,cooking_html/cookingclassy-0203.html,100,100,100,100,100,100
43,cooking_html/tasty-1115.html,100,0,100,0,100,0
43,cooking_html/nytimes-0456.html,100,100,100,100,100,100
43,cooking_html/nytimes-0916.html,100,100,100,100,100,100
43,cooking_html/foodnetwork-0839.html,100,100,100,100,100,100
43,cooking_html/tasty-2216.html,100,0,100,0,100,0
43,cooking_html/foodnetwork-0354.html,100,100,100,100,0,0
43,cooking_html/nytimes-1411.html,100,100,100,100,100,100
43,cooking_html/cookingclassy-0210.html,100,100,100,100,100,100
43,cooking_html/allrecipes-0138.html,100,100,100,100,100,100
43,cooking_html/tasty-1344.html,100,0,100,0,100,0
43,cooking_html/cookingclassy-0426.html,100,100,100,100,100,100
43,cooking_html/nytimes-0837.html,100,100,100,100,100,100
43,cooking_html/nytimes-0650.html,100,100,100,100,100,100
43,cooking_html/tasty-2270.html,100,0,100,0,100,0
43,cooking_html/foodnetwork-0560.html,100,100,0,100,100,0
43,cooking_html/tasty-0302.html,100,0,100,0,100,0
43,cooking_html/tasty-1246.html,100,0,100,100,100,0
43,cooking_html/cookingclassy-0692.html,100,100,100,100,100,100
43,cooking_html/nytimes-1486.html,100,100,100,100,100,100
43,cooking_html/tasty-0897.html,100,0,100,0,100,0
43,cooking_html/nytimes-0045.html,100,100,100,100,100,100
43,cooking_html/tasty-0420.html,100,0,100,0,100,0
43,cooking_html/foodnetwork-1918.html,100,100,100,100,0,0
43,cooking_html/allrecipes-0663.html,100,100,100,100,100,100
43,cooking_html/tasty-2014.html,100,0,100,0,100,0
43,cooking_html/allrecipes-1331.html,100,100,100,100,100,100
43,cooking_html/nytimes-1286.html,100,100,100,100,100,100
43,cooking_html/nytimes-0184.html,100,100,100,100,100,100
43,cooking_html/tasty-0926.html,100,0,100,0,100,0
43,cooking_html/tasty-1568.html,100,0,100,0,100,0
43,cooking_html/nytimes-0502.html,100,100,100,100,100,100
43,cooking_html/foodnetwork-1863.html,100,100,0,100,100,0
43,cooking_html/allrecipes-0921.html,100,100,100,100,100,100
43,cooking_html/allrecipes-1199.html,100,100,100,100,100,100
43,cooking_html/nytimes-1769.html,100,100,100,100,100,100
43,cooking_html/cookingclassy-1305.html,100,100,100,100,100,100
43,cooking_html/cookingclassy-0925.html,100,100,100,100,100,100
43,cooking_html/cookingclassy-0524.html,100,100,100,100,100,100
43,cooking_html/allrecipes-0212.html,100,0,100,100,100,0
43,cooking_html/foodnetwork-0503.html,100,100,100,100,100,100
43,cooking_html/nytimes-1346.html,100,100,100,100,100,100
43,cooking_html/allrecipes-0522.html,100,0,100,100,100,0
43,cooking_html/cookingclassy-0757.html,100,100,100,100,100,100
43,cooking_html/cookingclassy-1301.html,100,100,100,100,100,100
43,cooking_html/tasty-0064.html,100,0,100,0,100,0
43,cooking_html/allrecipes-0527.html,100,0,100,100,100,0
43,cooking_html/tasty-1136.html,100,0,0,0,100,0
43,cooking_html/foodnetwork-1656.html,100,100,100,100,0,0
43,cooking_html/tasty-0195.html,100,0,100,0,100,0
43,cooking_html/cookingclassy-0189.html,100,100,100,100,100,100
43,cooking_html/tasty-0321.html,100,0,100,0,100,0
43,cooking_html/allrecipes-0825.html,100,0,100,100,100,0
43,cooking_html/tasty-0293.html,100,0,100,0,100,0
43,cooking_html/tasty-0633.html,100,0,100,100,100,0
43,cooking_html/foodnetwork-1183.html,100,100,0,100,100,0
43,cooking_html/cookingclassy-0292.html,100,100,100,100,100,100
43,cooking_html/foodnetwork-0102.html,100,100,0,100,100,0
43,cooking_html/cookingclassy-0437.html,100,100,100,100,100,100
43,cooking_html/allrecipes-0172.html,100,100,100,100,100,100
43,cooking_html/tasty-1252.html,100,0,100,0,100,0
43,cooking_html/allrecipes-0412.html,100,100,100,100,100,100
43,cooking_html/tasty-0536.html,100,0,100,0,100,0
43,cooking_html/tasty-0202.html,100,0,100,0,100,0
43,cooking_html/nytimes-1505.html,100,100,100,100,100,100
43,cooking_html/nytimes-0418.html,100,100,100,100,100,100
43,cooking_html/foodnetwork-2020.html,100,100,100,100,100,100
43,cooking_html/foodnetwork-0592.html,100,100,100,100,0,0
43,cooking_html/tasty-0423.html,100,0,100,100,100,0
43,cooking_html/allrecipes-1045.html,100,100,100,100,100,100
43,cooking_html/cookingclassy-0866.html,100,100,100,100,100,100
43,cooking_html/foodnetwork-0017.html,100,100,0,100,100,0
43,cooking_html/nytimes-1488.html,100,100,100,100,100,100
43,cooking_html/nytimes-0725.html,100,100,100,100,100,100
43,cooking_html/tasty-1332.html,100,100,0,100,100,0
43,cooking_html/allrecipes-1677.html,100,100,100,100,100,100
43,cooking_html/tasty-1474.html,100,0,100,0,100,0
43,cooking_html/allrecipes-0986.html,100,100,100,100,100,100
43,cooking_html/tasty-2179.html,100,0,100,0,100,0
43,cooking_html/nytimes-1912.html,100,100,100,100,100,100
43,cooking_html/tasty-2371.html,100,0,100,100,100,0
43,cooking_html/cookingclassy-1040.html,100,100,100,100,100,100
43,cooking_html/allrecipes-0316.html,100,0,100,100,100,0
43,cooking_html/nytimes-1984.html,100,100,100,100,100,100
43,cooking_html/tasty-0759.html,100,0,0,0,100,0
43,cooking_html/allrecipes-1026.html,100,100,100,100,100,100
43,cooking_html/cookingclassy-0844.html,100,100,100,100,100,100
43,cooking_html/allrecipes-0649.html,100,0,100,100,100,0
43,cooking_html/nytimes-1218.html,100,100,100,100,100,100
43,cooking_html/allrecipes-0067.html,100,100,100,100,100,100
43,cooking_html/foodnetwork-0901.html,100,100,100,100,0,0
43,cooking_html/tasty-2461.html,100,0,100,100,100,0
43,cooking_html/nytimes-0716.html,100,100,100,100,100,100
43,cooking_html/foodnetwork-1036.html,100,100,100,100,0,0
43,cooking_html/nytimes-0161.html,100,100,100,100,100,100
43,cooking_html/foodnetwork-1348.html,100,100,0,100,100,0
43,cooking_html/nytimes-1275.html,100,100,100,100,100,100
43,cooking_html/foodnetwork-0920.html,100,100,0,100,100,0
43,cooking_html/tasty-0903.html,100,0,100,0,100,0
43,cooking_html/allrecipes-1552.html,100,100,100,100,100,100
43,cooking_html/tasty-0824.html,100,0,100,0,100,0
43,cooking_html/nytimes-0467.html,100,100,100,100,100,100
43,cooking_html/tasty-1111.html,100,0,100,0,100,0
43,cooking_html/foodnetwork-0986.html,100,100,100,100,100,100
43,cooking_html/foodnetwork-0277.html,100,100,100,100,100,100
43,cooking_html/nytimes-0611.html,100,100,100,100,100,100
43,cooking_html/allrecipes-1483.html,100,100,100,100,100,100
43,cooking_html/nytimes-0462.html,100,100,100,100,100,100
43,cooking_html/nytimes-1178.html,100,100,100,100,100,100
43,cooking_html/nytimes-0324.html,100,100,100,100,100,100
43,cooking_html/cookingclassy-0415.html,100,100,100,100,100,100
43,cooking_html/allrecipes-0795.html,100,100,100,100,100,100
43,cooking_html/cookingclassy-0004.html,100,0,100,100,100,0
43,cooking_html/tasty-1521.html,100,0,100,100,100,0
43,cooking_html/nytimes-0358.html,100,100,100,100,100,100
43,cooking_html/cookingclassy-0071.html,100,100,100,100,100,100
43,cooking_html/cookingclassy-0061.html,100,100,100,100,100,100
43,cooking_html/nytimes-1420.html,100,100,100,100,100,100
43,cooking_html/foodnetwork-0076.html,100,100,0,100,100,0
43,cooking_html/tasty-1025.html,100,0,100,0,100,0
43,cooking_html/nytimes-1176.html,100,100,100,100,100,100
43,cooking_html/nytimes-0284.html,100,100,100,100,100,100
43,cooking_html/tasty-0209.html,100,0,100,0,100,0
43,cooking_html/tasty-0847.html,100,0,100,0,100,0
43,cooking_html/tasty-1157.html,100,0,100,0,100,0
43,cooking_html/tasty-0617.html,100,0,100,100,100,0
43,cooking_html/nytimes-0603.html,100,100,100,100,100,100
43,cooking_html/nytimes-0050.html,100,100,100,100,100,100
43,cooking_html/allrecipes-0414.html,100,100,100,100,100,100
43,cooking_html/tasty-1532.html,100,0,0,100,100,0
43,cooking_html/foodnetwork-1274.html,100,100,0,100,100,0
43,cooking_html/foodnetwork-0632.html,100,100,100,100,100,100
43,cooking_html/tasty-2197.html,100,0,0,100,100,0
43,cooking_html/foodnetwork-1751.html,100,100,100,100,100,100
43,cooking_html/allrecipes-1633.html,100,100,100,100,100,100
43,cooking_html/tasty-1171.html,100,0,100,0,100,0
43,cooking_html/nytimes-1155.html,100,100,100,100,100,100
43,cooking_html/foodnetwork-0840.html,100,100,100,100,0,0
43,cooking_html/foodnetwork-0301.html,100,100,0,100,100,0
43,cooking_html/allrecipes-1080.html,100,100,100,100,100,100
43,cooking_html/foodnetwork-0909.html,100,100,100,100,0,0
43,cooking_html/nytimes-0653.html,100,100,100,100,100,100
43,cooking_html/tasty-2352.html,100,0,100,0,100,0
43,cooking_html/foodnetwork-1039.html,100,100,100,100,0,0
43,cooking_html/foodnetwork-1022.html,100,100,100,100,100,100
43,cooking_html/nytimes-0992.html,100,100,100,100,100,100
43,cooking_html/nytimes-1913.html,100,100,100,100,100,100
43,cooking_html/cookingclassy-1150.html,100,100,100,100,100,100
43,cooking_html/foodnetwork-2104.html,100,100,100,100,100,100
43,cooking_html/tasty-1113.html,100,0,100,0,100,0
43,cooking_html/foodnetwork-0771.html,100,100,0,100,100,0
43,cooking_html/tasty-0428.html,100,0,100,0,100,0
43,cooking_html/nytimes-1549.html,100,100,100,100,100,100
43,cooking_html/nytimes-1252.html,100,100,100,100,100,100
43,cooking_html/allrecipes-0701.html,100,100,100,100,100,100
43,cooking_html/allrecipes-1154.html,100,0,100,100,100,0
43,cooking_html/tasty-0174.html,100,0,100,0,100,0
43,cooking_html/tasty-1201.html,100,0,100,100,100,0
43,cooking_html/cookingclassy-1089.html,100,100,100,100,100,100
43,cooking_html/tasty-1047.html,100,0,100,0,100,0
43,cooking_html/nytimes-1511.html,100,100,100,100,100,100
43,cooking_html/foodnetwork-1428.html,100,100,100,100,0,0
43,cooking_html/tasty-1183.html,100,0,100,100,100,0
43,cooking_html/tasty-2387.html,100,0,100,0,100,0
43,cooking_html/allrecipes-0288.html,100,100,100,100,100,100
43,cooking_html/tasty-1872.html,100,0,100,0,100,0
43,cooking_html/nytimes-0945.html,100,100,100,100,100,100
43,cooking_html/cookingclassy-0742.html,100,100,0,100,100,0
43,cooking_html/tasty-2029.html,100,0,100,100,100,0
43,cooking_html/nytimes-1013.html,100,100,100,100,100,100
43,cooking_html/cookingclassy-1121.html,100,100,100,100,100,100
43,cooking_html/allrecipes-1211.html,100,100,100,100,100,100
43,cooking_html/nytimes-1429.html,100,100,100,100,100,100
43,cooking_html/allrecipes-1363.html,100,100,100,100,100,100
43,cooking_html/allrecipes-1170.html,100,100,100,100,100,100
43,cooking_html/allrecipes-1685.html,100,100,100,100,100,100
43,cooking_html/foodnetwork-0643.html,100,100,100,100,0,0
43,cooking_html/foodnetwork-1041.html,100,100,0,100,100,0
43,cooking_html/cookingclassy-0774.html,100,100,100,100,100,100
43,cooking_html/nytimes-1573.html,100,100,100,100,100,100
43,cooking_html/foodnetwork-0628.html,100,100,0,100,100,0
43,cooking_html/allrecipes-1285.html,100,100,100,100,100,100
43,cooking_html/tasty-1427.html,100,0,100,0,100,0
43,cooking_html/nytimes-0999.html,100,100,100,100,100,100
43,cooking_html/cookingclassy-0334.html,100,100,100,100,100,100
43,cooking_html/foodnetwork-0398.html,100,100,0,100,100,0
43,cooking_html/foodnetwork-0192.html,100,100,0,100,100,0
43,cooking_html/tasty-1756.html,100,0,100,0,100,0
43,cooking_html/cookingclassy-0351.html,100,100,100,100,100,100
43,cooking_html/nytimes-1556.html,100,100,100,100,100,100
43,cooking_html/foodnetwork-0739.html,100,100,100,100,0,0
43,cooking_html/tasty-1048.html,100,0,100,100,100,0
43,cooking_html/tasty-0044.html,100,0,100,100,100,0
43,cooking_html/tasty-2108.html,100,0,100,0,100,0
43,cooking_html/nytimes-1877.html,100,100,100,100,100,100
43,cooking_html/cookingclassy-0510.html,100,100,100,100,100,100
43,cooking_html/cookingclassy-0702.html,100,100,100,100,100,100
43,cooking_html/nytimes-1145.html,100,100,100,100,100,100
43,cooking_html/cookingclassy-0336.html,100,100,100,100,100,100
43,cooking_html/cookingclassy-1113.html,100,100,100,100,100,100
43,cooking_html/foodnetwork-0410.html,100,100,0,100,100,0
43,cooking_html/nytimes-1473.html,100,100,100,100,100,100
43,cooking_html/tasty-1419.html,100,0,100,0,100,0
43,cooking_html/foodnetwork-0723.html,100,100,0,100,100,0
43,cooking_html/allrecipes-1556.html,100,100,100,100,100,100
43,cooking_html/allrecipes-1263.html,100,100,100,100,100,100
43,cooking_html/foodnetwork-0884.html,100,100,100,100,0,0
43,cooking_html/tasty-2275.html,100,0,100,100,100,0
43,cooking_html/cookingclassy-0794.html,100,100,100,100,100,100
43,cooking_html/nytimes-1980.html,100,100,100,100,100,100
43,cooking_html/tasty-1413.html,100,0,100,0,100,0
43,cooking_html/tasty-2036.html,100,0,100,0,100,0
43,cooking_html/nytimes-1531.html,100,100,100,100,100,100
43,cooking_html/foodnetwork-0578.html,100,100,0,100,100,0
43,cooking_html/nytimes-0568.html,100,100,100,100,100,100
43,cooking_html/cookingclassy-0076.html,100,100,100,100,100,100
43,cooking_html/tasty-1799.html,100,0,100,100,100,0
43,cooking_html/allrecipes-1271.html,100,100,100,100,100,100
43,cooking_html/tasty-1896.html,100,0,100,0,100,0
43,cooking_html/allrecipes-1480.html,100,100,100,100,100,100
43,cooking_html/tasty-2419.html,100,0,100,100,100,0
43,cooking_html/allrecipes-0533.html,100,100,100,100,100,100
43,cooking_html/foodnetwork-0855.html,100,100,100,100,0,0
43,cooking_html/nytimes-0263.html,100,100,100,100,100,100
43,cooking_html/allrecipes-0708.html,100,100,100,100,100,100
43,cooking_html/tasty-1154.html,100,0,0,0,100,0
43,cooking_html/foodnetwork-1010.html,100,100,100,100,100,100
43,cooking_html/nytimes-1137.html,100,100,100,100,100,100
43,cooking_html/allrecipes-0393.html,100,100,100,100,100,100
43,cooking_html/nytimes-0990.html,100,100,100,100,100,100
43,cooking_html/cookingclassy-1165.html,100,100,100,100,100,100
43,cooking_html/foodnetwork-1053.html,100,100,0,100,100,0
43,cooking_html/foodnetwork-1195.html,100,100,100,100,100,100
43,cooking_html/cookingclassy-0423.html,100,100,100,100,100,100
43,cooking_html/tasty-1056.html,100,0,100,0,100,0
43,cooking_html/foodnetwork-0919.html,100,100,0,100,100,0
43,cooking_html/allrecipes-1006.html,100,100,100,100,100,100
43,cooking_html/tasty-0467.html,100,0,100,100,100,0
43,cooking_html/allrecipes-0184.html,100,0,100,100,100,0
43,cooking_html/tasty-0573.html,100,0,100,100,100,0
43,cooking_html/tasty-1912.html,100,0,100,0,100,0
43,cooking_html/cookingclassy-0941.html,100,100,100,100,100,100
43,cooking_html/nytimes-0758.html,100,100,100,100,100,100
43,cooking_html/nytimes-1052.html,100,100,100,100,100,100
43,cooking_html/foodnetwork-0694.html,100,100,100,100,0,0
43,cooking_html/foodnetwork-0087.html,100,100,100,100,0,0
43,cooking_html/foodnetwork-1074.html,100,100,0,100,100,0
43,cooking_html/tasty-2418.html,100,0,100,100,100,0
43,cooking_html/nytimes-0484.html,100,100,100,100,100,100
43,cooking_html/nytimes-0096.html,100,100,100,100,100,100
43,cooking_html/foodnetwork-0026.html,100,100,100,100,0,0
43,cooking_html/cookingclassy-0551.html,100,100,100,100,100,100
43,cooking_html/foodnetwork-0681.html,100,100,100,100,100,100
43,cooking_html/cookingclassy-0465.html,100,100,100,100,100,100
43,cooking_html/allrecipes-0193.html,100,100,100,100,0,0
43,cooking_html/tasty-0962.html,100,0,100,0,100,0
43,cooking_html/tasty-0754.html,100,0,100,0,100,0
43,cooking_html/nytimes-0893.html,100,100,100,100,100,100
43,cooking_html/allrecipes-0191.html,100,100,100,100,100,100
43,cooking_html/cookingclassy-0779.html,100,100,100,100,100,100
43,cooking_html/tasty-2060.html,100,0,100,0,100,0
43,cooking_html/foodnetwork-0563.html,100,100,100,100,100,100
43,cooking_html/allrecipes-1106.html,100,100,100,100,100,100
43,cooking_html/nytimes-1212.html,100,100,100,100,100,100
43,cooking_html/allrecipes-0989.html,100,100,100,100,100,100
43,cooking_html/foodnetwork-0698.html,100,100,0,100,100,0
43,cooking_html/allrecipes-1159.html,100,0,100,100,100,0
43,cooking_html/foodnetwork-0024.html,100,100,100,100,0,0
43,cooking_html/cookingclassy-0319.html,100,100,100,100,100,100
43,cooking_html/tasty-1513.html,100,0,100,0,100,0
43,cooking_html/allrecipes-1155.html,100,0,100,100,100,0
43,cooking_html/tasty-0063.html,100,0,100,0,100,0
43,cooking_html/tasty-0979.html,100,0,0,0,100,0
43,cooking_html/tasty-2449.html,100,0,100,0,100,0
43,cooking_html/tasty-0193.html,100,0,100,0,100,0
43,cooking_html/tasty-0988.html,100,0,100,100,100,0
43,cooking_html/allrecipes-1551.html,100,100,100,100,100,100
43,cooking_html/tasty-0158.html,100,100,100,100,100,100
43,cooking_html/nytimes-0773.html,100,100,100,100,100,100
43,cooking_html/nytimes-2002.html,100,100,100,100,100,100
43,cooking_html/allrecipes-0592.html,100,100,100,100,100,100
43,cooking_html/allrecipes-1535.html,100,100,100,100,100,100
43,cooking_html/allrecipes-1590.html,100,100,100,100,100,100
43,cooking_html/nytimes-0884.html,100,100,100,100,100,100
43,cooking_html/tasty-2404.html,100,0,100,0,100,0
43,cooking_html/nytimes-1060.html,100,100,100,100,100,100
43,cooking_html/nytimes-0017.html,100,100,100,100,100,100
43,cooking_html/cookingclassy-1303.html,100,100,100,100,100,100
43,cooking_html/foodnetwork-0666.html,100,100,0,100,100,0
43,cooking_html/nytimes-0497.html,100,100,100,100,100,100
43,cooking_html/tasty-0823.html,100,0,100,0,100,0
43,cooking_html/nytimes-1443.html,100,100,100,100,100,100
43,cooking_html/allrecipes-1404.html,100,100,100,100,100,100
43,cooking_html/nytimes-1367.html,100,100,100,100,100,100
43,cooking_html/allrecipes-0047.html,100,100,100,100,100,100
43,cooking_html/nytimes-1610.html,100,100,100,100,100,100
43,cooking_html/tasty-1665.html,100,0,0,0,100,0
43,cooking_html/nytimes-1575.html,100,100,100,100,100,100
43,cooking_html/tasty-0576.html,100,0,100,0,100,0
43,cooking_html/nytimes-0739.html,100,100,100,100,100,100
43,cooking_html/nytimes-0308.html,100,100,100,100,100,100
43,cooking_html/nytimes-1071.html,100,100,100,100,100,100
43,cooking_html/tasty-0714.html,100,0,100,0,100,0
43,cooking_html/nytimes-1074.html,100,100,100,100,100,100
43,cooking_html/cookingclassy-0128.html,100,100,100,100,100,100
43,cooking_html/cookingclassy-0997.html,100,100,100,100,100,100
43,cooking_html/nytimes-1951.html,100,100,100,100,100,100
43,cooking_html/tasty-1337.html,100,100,100,0,100,0
43,cooking_html/tasty-1156.html,100,0,100,0,100,0
43,cooking_html/foodnetwork-0722.html,100,100,100,100,100,100
43,cooking_html/foodnetwork-1334.html,100,100,100,100,100,100
43,cooking_html/cookingclassy-0781.html,100,100,100,100,100,100
43,cooking_html/cookingclassy-0797.html,100,100,100,100,100,100
43,cooking_html/allrecipes-0736.html,100,100,100,100,100,100
43,cooking_html/nytimes-1906.html,100,100,100,100,100,100
43,cooking_html/cookingclassy-0096.html,100,0,100,100,100,0
43,cooking_html/allrecipes-0654.html,100,100,100,100,100,100
43,cooking_html/foodnetwork-0575.html,100,100,0,100,100,0
43,cooking_html/nytimes-1023.html,100,100,100,100,100,100
43,cooking_html/tasty-0600.html,100,0,0,0,100,0
43,cooking_html/allrecipes-0832.html,100,100,100,100,100,100
43,cooking_html/tasty-1349.html,100,0,100,0,100,0
43,cooking_html/cookingclassy-0776.html,100,100,100,100,100,100
43,cooking_html/nytimes-1841.html,100,100,100,100,100,100
43,cooking_html/nytimes-1404.html,100,100,100,100,100,100
43,cooking_html/cookingclassy-0531.html,100,100,100,100,100,100
43,cooking_html/foodnetwork-0977.html,100,100,0,100,100,0
43,cooking_html/cookingclassy-0441.html,100,100,100,100,100,100
43,cooking_html/nytimes-1456.html,100,100,100,100,100,100
43,cooking_html/foodnetwork-1124.html,100,100,100,100,100,100
43,cooking_html/allrecipes-0793.html,100,100,100,100,100,100
43,cooking_html/allrecipes-0069.html,100,100,100,100,100,100
43,cooking_html/nytimes-0328.html,100,100,100,100,100,100
43,cooking_html/tasty-1270.html,100,0,100,0,100,0
43,cooking_html/cookingclassy-0279.html,100,100,100,100,100,100
43,cooking_html/allrecipes-0090.html,100,100,100,100,100,100
43,__SUMMARY__,100.00,69.42,89.73,78.92,94.18,56.64
