seed,file,name_presence,rating_presence,author_presence,time_presence,type_presence,all5_presence
44,cooking_html/cookingclassy-0437.html,100,100,100,100,100,100
44,cooking_html/tasty-2392.html,100,0,100,0,100,0
44,cooking_html/allrecipes-1077.html,100,100,100,100,100,100
44,cooking_html/allrecipes-1479.html,100,100,100,100,100,100
44,cooking_html/foodnetwork-1020.html,100,100,100,100,100,100
44,cooking_html/tasty-0549.html,100,0,100,0,100,0
44,cooking_html/nytimes-1632.html,100,100,100,100,100,100
44,cooking_html/nytimes-0226.html,100,100,100,100,100,100
44,cooking_html/nytimes-1958.html,100,100,100,100,100,100
44,cooking_html/nytimes-0196.html,100,100,100,100,100,100
44,cooking_html/nytimes-1909.html,100,100,100,100,100,100
44,cooking_html/foodnetwork-0001.html,100,100,100,100,100,100
44,cooking_html/tasty-2330.html,100,0,100,0,100,0
44,cooking_html/foodnetwork-0605.html,100,100,100,100,100,100
44,cooking_html/tasty-0878.html,100,0,100,0,100,0
44,cooking_html/tasty-0584.html,100,0,100,0,100,0
44,cooking_html/tasty-1449.html,100,0,100,0,100,0
44,cooking_html/foodnetwork-1299.html,100,100,0,100,100,0
44,cooking_html/nytimes-1924.html,100,100,100,100,100,100
44,cooking_html/tasty-1779.html,100,0,100,0,100,0
44,cooking_html/allrecipes-0062.html,100,100,100,100,0,0
44,cooking_html/cookingclassy-0298.html,100,100,100,100,100,100
44,cooking_html/foodnetwork-0897.html,100,100,0,100,100,0
44,cooking_html/tasty-1139.html,100,0,100,0,100,0
44,cooking_html/tasty-1614.html,100,0,100,0,100,0
44,cooking_html/allrecipes-0916.html,100,100,100,100,100,100
44,cooking_html/tasty-0244.html,100,0,100,0,100,0
44,cooking_html/tasty-0746.html,100,0,100,0,100,0
44,cooking_html/nytimes-1583.html,100,100,100,100,100,100
44,cooking_html/tasty-0388.html,100,0,100,0,100,0
44,cooking_html/cookingclassy-0178.html,100,100,100,100,100,100
44,cooking_html/tasty-0071.html,100,0,100,0,100,0
44,cooking_html/tasty-0716.html,100,0,100,0,100,0
44,cooking_html/allrecipes-0772.html,100,100,100,100,100,100
44,cooking_html/tasty-0995.html,100,0,100,0,100,0
44,cooking_html/tasty-2040.html,100,0,100,0,100,0
44,cooking_html/foodnetwork-1102.html,100,100,100,100,100,100
44,cooking_html/foodnetwork-0667.html,100,100,0,100,100,0
44,cooking_html/tasty-1241.html,100,0,100,0,100,0
44,cooking_html/tasty-2291.html,100,0,100,0,100,0
44,cooking_html/allrecipes-0997.html,100,100,100,100,100,100
44,cooking_html/foodnetwork-0068.html,100,100,100,100,100,100
44,cooking_html/foodnetwork-0701.html,100,100,100,100,100,100
44,cooking_html/nytimes-0571.html,100,100,100,100,100,100
44,cooking_html/allrecipes-1144.html,100,0,100,100,100,0
44,cooking_html/foodnetwork-0534.html,100,100,100,100,100,100
44,cooking_html/allrecipes-1417.html,100,100,100,100,100,100
44,cooking_html/allrecipes-0315.html,100,0,100,100,100,0
44,cooking_html/tasty-0189.html,100,100,100,0,100,0
44,cooking_html/nytimes-0099.html,100,100,100,100,100,100
44,cooking_html/allrecipes-1472.html,100,100,100,100,100,100
44,cooking_html/tasty-0551.html,100,0,100,0,0,0
44,cooking_html/nytimes-1185.html,100,100,100,100,100,100
44,cooking_html/allrecipes-1157.html,100,0,100,100,100,0
44,cooking_html/allrecipes-1513.html,100,100,100,100,100,100
44,cooking_html/tasty-1183.html,100,0,100,100,100,0
44,cooking_html/allrecipes-0857.html,100,100,100,100,100,100
44,cooking_html/allrecipes-1705.html,100,100,100,100,100,100
44,cooking_html/foodnetwork-0267.html,100,100,100,100,100,100
44,cooking_html/nytimes-0606.html,100,100,100,100,100,100
44,cooking_html/foodnetwork-0494.html,100,100,100,100,100,100
44,cooking_html/foodnetwork-0684.html,100,100,100,100,100,100
44,cooking_html/nytimes-0123.html,100,100,100,100,100,100
44,cooking_html/foodnetwork-1785.html,100,100,100,100,100,100
44,cooking_html/allrecipes-0611.html,100,100,100,100,100,100
44,cooking_html/foodnetwork-1416.html,100,100,100,100,100,100
44,cooking_html/foodnetwork-1711.html,100,100,0,100,100,0
44,cooking_html/nytimes-1865.html,100,100,100,100,100,100
44,cooking_html/tasty-0745.html,100,0,100,0,100,0
44,cooking_html/tasty-0206.html,100,0,100,0,100,0
44,cooking_html/cookingclassy-0344.html,100,100,100,100,100,100
44,cooking_html/nytimes-0251.html,100,100,100,100,100,100
44,cooking_html/nytimes-0268.html,100,100,100,100,100,100
44,cooking_html/cookingclassy-0834.html,100,100,100,100,100,100
44,cooking_html/nytimes-1625.html,100,100,100,100,100,100
44,cooking_html/nytimes-1627.html,100,100,100,100,100,100
44,cooking_html/cookingclassy-0991.html,100,100,100,100,100,100
44,cooking_html/tasty-1740.html,100,0,100,100,100,0
44,cooking_html/tasty-1213.html,100,0,100,0,100,0
44,cooking_html/foodnetwork-1558.html,100,100,0,100,100,0
44,cooking_html/cookingclassy-0427.html,100,100,100,100,100,100
44,cooking_html/foodnetwork-0763.html,100,100,100,100,100,100
44,cooking_html/cookingclassy-0303.html,100,100,100,100,100,100
44,cooking_html/cookingclassy-1273.html,100,100,100,100,100,100
44,cooking_html/cookingclassy-1278.html,100,100,100,100,100,100
44,cooking_html/allrecipes-0177.html,100,100,100,100,100,100
44,cooking_html/tasty-0637.html,100,0,100,0,100,0
44,cooking_html/tasty-1051.html,100,0,100,0,100,0
44,cooking_html/foodnetwork-0920.html,100,100,0,100,100,0
44,cooking_html/tasty-0190.html,100,0,100,0,100,0
44,cooking_html/tasty-2004.html,100,0,100,0,100,0
44,cooking_html/allrecipes-0335.html,100,100,100,100,100,100
44,cooking_html/nytimes-0709.html,100,100,100,100,100,100
44,cooking_html/nytimes-0007.html,100,100,100,100,100,100
44,cooking_html/nytimes-1427.html,100,100,100,100,100,100
44,cooking_html/tasty-0671.html,100,0,100,0,100,0
44,cooking_html/allrecipes-1204.html,100,100,100,100,100,100
44,cooking_html/nytimes-0717.html,100,100,100,100,100,100
44,cooking_html/allrecipes-0922.html,100,100,100,100,100,100
44,cooking_html/nytimes-1611.html,100,100,100,100,100,100
44,cooking_html/nytimes-1876.html,100,100,100,100,100,100
44,cooking_html/nytimes-0526.html,100,100,100,100,100,100
44,cooking_html/nytimes-1767.html,100,100,100,100,100,100
44,cooking_html/tasty-1348.html,100,0,100,100,0,0
44,cooking_html/tasty-1986.html,100,100,100,0,100,0
44,cooking_html/tasty-1136.html,100,0,0,0,100,0
44,cooking_html/cookingclassy-1216.html,100,100,100,100,100,100
44,cooking_html/nytimes-0927.html,100,100,100,100,100,100
44,cooking_html/tasty-0886.html,100,0,100,0,100,0
44,cooking_html/foodnetwork-0844.html,100,100,100,100,100,100
44,cooking_html/allrecipes-1216.html,100,100,100,100,100,100
44,cooking_html/nytimes-0108.html,100,100,100,100,100,100
44,cooking_html/nytimes-1646.html,100,100,100,100,100,100
44,cooking_html/tasty-2437.html,100,0,100,0,100,0
44,cooking_html/allrecipes-0956.html,100,100,100,100,100,100
44,cooking_html/allrecipes-0565.html,100,100,100,100,100,100
44,cooking_html/foodnetwork-0457.html,100,100,0,100,100,0
44,cooking_html/tasty-2435.html,100,0,100,0,100,0
44,cooking_html/foodnetwork-1428.html,100,100,100,100,100,100
44,cooking_html/nytimes-1915.html,100,100,100,100,100,100
44,cooking_html/tasty-1184.html,100,0,100,0,100,0
44,cooking_html/nytimes-1489.html,100,100,100,100,100,100
44,cooking_html/cookingclassy-0275.html,100,100,100,100,100,100
44,cooking_html/allrecipes-0736.html,100,100,100,100,100,100
44,cooking_html/foodnetwork-0192.html,100,100,0,100,100,0
44,cooking_html/tasty-1531.html,100,0,0,0,0,0
44,cooking_html/foodnetwork-0311.html,100,100,100,100,100,100
44,cooking_html/tasty-0122.html,100,0,100,0,100,0
44,cooking_html/cookingclassy-1181.html,100,100,100,100,100,100
44,cooking_html/allrecipes-1347.html,100,0,100,100,100,0
44,cooking_html/nytimes-0451.html,100,100,100,100,100,100
44,cooking_html/allrecipes-1105.html,100,100,100,100,100,100
44,cooking_html/allrecipes-1023.html,100,100,100,100,100,100
44,cooking_html/allrecipes-0151.html,100,100,100,100,100,100
44,cooking_html/allrecipes-0066.html,100,100,100,100,100,100
44,cooking_html/allrecipes-0498.html,100,0,100,100,100,0
44,cooking_html/tasty-2079.html,100,0,100,100,0,0
44,cooking_html/allrecipes-0971.html,100,100,100,100,100,100
44,cooking_html/allrecipes-1218.html,100,100,100,100,100,100
44,cooking_html/tasty-1256.html,100,0,100,0,100,0
44,cooking_html/allrecipes-0867.html,100,100,100,100,100,100
44,cooking_html/tasty-1220.html,100,0,100,0,100,0
44,cooking_html/nytimes-1815.html,100,100,100,100,100,100
44,cooking_html/nytimes-0266.html,100,100,100,100,100,100
44,cooking_html/tasty-1419.html,100,0,100,0,100,0
44,cooking_html/foodnetwork-1969.html,100,100,0,100,100,0
44,cooking_html/foodnetwork-0829.html,100,100,100,100,100,100
44,cooking_html/allrecipes-0457.html,100,100,100,100,100,100
44,cooking_html/allrecipes-0976.html,100,100,100,100,100,100
44,cooking_html/allrecipes-0035.html,100,0,100,100,100,0
44,cooking_html/allrecipes-0911.html,100,100,100,100,100,100
44,cooking_html/allrecipes-1566.html,100,100,100,100,100,100
44,cooking_html/foodnetwork-0251.html,100,100,100,100,100,100
44,cooking_html/foodnetwork-0837.html,100,100,100,100,100,100
44,cooking_html/cookingclassy-1160.html,100,100,100,100,100,100
44,cooking_html/allrecipes-1362.html,100,0,100,100,100,0
44,cooking_html/tasty-1697.html,100,0,100,0,100,0
44,cooking_html/nytimes-1881.html,100,100,100,100,100,100
44,cooking_html/cookingclassy-0844.html,100,100,100,100,100,100
44,cooking_html/nytimes-1393.html,100,100,100,100,100,100
44,cooking_html/allrecipes-1473.html,100,100,100,100,100,100
44,cooking_html/nytimes-0718.html,100,100,100,100,100,100
44,cooking_html/allrecipes-0458.html,100,100,100,100,100,100
44,cooking_html/nytimes-0697.html,100,100,100,100,100,100
44,cooking_html/cookingclassy-0758.html,100,0,100,100,100,0
44,cooking_html/tasty-1953.html,100,0,100,0,100,0
44,cooking_html/nytimes-0456.html,100,100,100,100,100,100
44,cooking_html/nytimes-0405.html,100,100,100,100,100,100
44,cooking_html/tasty-0722.html,100,0,100,0,100,0
44,cooking_html/tasty-0560.html,100,0,100,0,100,0
44,cooking_html/allrecipes-0829.html,100,100,100,100,100,100
44,cooking_html/foodnetwork-0034.html,100,100,100,100,100,100
44,cooking_html/allrecipes-1201.html,100,100,100,100,100,100
44,cooking_html/foodnetwork-1002.html,100,100,100,100,100,100
44,cooking_html/tasty-0989.html,100,0,100,0,100,0
44,cooking_html/foodnetwork-0825.html,100,100,100,100,100,100
44,cooking_html/allrecipes-0708.html,100,100,100,100,100,100
44,cooking_html/tasty-1796.html,100,0,100,100,100,0
44,cooking_html/nytimes-0068.html,100,100,100,100,100,100
44,cooking_html/nytimes-1636.html,100,100,100,100,100,100
44,cooking_html/allrecipes-0246.html,100,100,100,100,100,100
44,cooking_html/allrecipes-0931.html,100,100,100,100,100,100
44,cooking_html/nytimes-1739.html,100,100,100,100,100,100
44,cooking_html/allrecipes-1527.html,100,100,100,100,100,100
44,cooking_html/tasty-1385.html,100,0,100,0,100,0
44,cooking_html/tasty-0358.html,100,0,100,0,100,0
44,cooking_html/nytimes-1323.html,100,100,100,100,100,100
44,cooking_html/allrecipes-1120.html,100,100,100,100,100,100
44,cooking_html/foodnetwork-0666.html,100,100,0,100,100,0
44,cooking_html/cookingclassy-0887.html,100,100,100,100,100,100
44,cooking_html/allrecipes-1072.html,100,100,100,100,100,100
44,cooking_html/cookingclassy-0685.html,100,100,100,100,100,100
44,cooking_html/nytimes-0841.html,100,100,100,100,100,100
44,cooking_html/nytimes-1068.html,100,100,100,100,100,100
44,cooking_html/nytimes-0220.html,100,100,100,100,100,100
44,cooking_html/nytimes-1628.html,100,100,100,100,100,100
44,cooking_html/foodnetwork-0168.html,100,100,100,100,100,100
44,cooking_html/allrecipes-0602.html,100,0,100,100,100,0
44,cooking_html/cookingclassy-0060.html,100,100,100,100,100,100
44,cooking_html/foodnetwork-0574.html,100,100,0,100,100,0
44,cooking_html/tasty-0470.html,100,0,100,0,100,0
44,cooking_html/tasty-2214.html,100,0,0,0,100,0
44,cooking_html/foodnetwork-0273.html,100,100,0,100,100,0
44,cooking_html/cookingclassy-1260.html,100,100,100,100,100,100
44,cooking_html/allrecipes-1053.html,100,100,100,100,100,100
44,cooking_html/foodnetwork-0606.html,100,100,100,100,100,100
44,cooking_html/tasty-1712.html,100,0,100,0,100,0
44,cooking_html/tasty-0116.html,100,0,100,0,100,0
44,cooking_html/tasty-2080.html,100,0,100,0,100,0
44,cooking_html/nytimes-1902.html,100,100,100,100,100,100
44,cooking_html/cookingclassy-0862.html,100,0,100,100,100,0
44,cooking_html/allrecipes-0921.html,100,100,100,100,100,100
44,cooking_html/nytimes-1528.html,100,100,100,100,100,100
44,cooking_html/foodnetwork-0696.html,100,100,100,100,100,100
44,cooking_html/allrecipes-1531.html,100,100,100,100,100,100
44,cooking_html/allrecipes-1622.html,100,0,100,100,100,0
44,cooking_html/tasty-0229.html,100,0,100,0,100,0
44,cooking_html/foodnetwork-0586.html,100,100,0,100,100,0
44,cooking_html/tasty-0129.html,100,0,100,0,100,0
44,cooking_html/cookingclassy-0171.html,100,100,100,100,100,100
44,cooking_html/allrecipes-1272.html,100,100,100,100,100,100
44,cooking_html/cookingclassy-0926.html,100,100,100,100,100,100
44,cooking_html/foodnetwork-1355.html,100,100,0,100,100,0
44,cooking_html/foodnetwork-0093.html,100,100,0,100,100,0
44,cooking_html/nytimes-1664.html,100,100,100,100,100,100
44,cooking_html/tasty-2062.html,100,0,100,0,100,0
44,cooking_html/allrecipes-1451.html,100,100,100,100,100,100
44,cooking_html/allrecipes-0439.html,100,0,100,100,100,0
44,cooking_html/nytimes-0021.html,100,100,100,100,100,100
44,cooking_html/cookingclassy-1016.html,100,100,100,100,100,100
44,cooking_html/tasty-1432.html,100,0,100,0,100,0
44,cooking_html/foodnetwork-2060.html,100,100,100,100,100,100
44,cooking_html/tasty-1121.html,100,0,100,0,0,0
44,cooking_html/allrecipes-1031.html,100,100,100,100,100,100
44,cooking_html/nytimes-1979.html,100,100,100,100,100,100
44,cooking_html/tasty-1768.html,100,0,100,0,100,0
44,cooking_html/nytimes-2025.html,100,100,100,100,100,100
44,cooking_html/cookingclassy-0492.html,100,100,100,100,100,100
44,cooking_html/foodnetwork-0263.html,100,100,100,100,100,100
44,cooking_html/foodnetwork-0305.html,100,100,100,100,100,100
44,cooking_html/tasty-0539.html,100,0,100,0,100,0
44,cooking_html/nytimes-0617.html,100,100,100,100,100,100
44,cooking_html/allrecipes-0886.html,100,100,100,100,100,100
44,cooking_html/tasty-0740.html,100,0,100,100,0,0
44,cooking_html/foodnetwork-1408.html,100,100,0,100,100,0
44,cooking_html/tasty-2352.html,100,0,100,0,100,0
44,cooking_html/foodnetwork-0711.html,100,100,100,100,100,100
44,cooking_html/tasty-0706.html,100,0,100,0,100,0
44,cooking_html/tasty-1848.html,100,0,100,0,100,0
44,cooking_html/allrecipes-1386.html,100,100,100,100,100,100
44,cooking_html/allrecipes-0584.html,100,0,100,100,100,0
44,cooking_html/foodnetwork-1089.html,100,100,0,100,100,0
44,cooking_html/nytimes-0346.html,100,100,100,100,100,100
44,cooking_html/nytimes-1093.html,100,100,100,100,100,100
44,cooking_html/foodnetwork-0016.html,100,100,100,100,100,100
44,cooking_html/cookingclassy-0810.html,100,100,100,100,100,100
44,cooking_html/allrecipes-1129.html,100,100,100,100,100,100
44,cooking_html/tasty-1981.html,100,0,100,100,100,0
44,cooking_html/allrecipes-0991.html,100,100,100,100,100,100
44,cooking_html/tasty-1744.html,100,0,100,0,100,0
44,cooking_html/foodnetwork-0419.html,100,100,0,100,100,0
44,cooking_html/allrecipes-1316.html,100,100,100,100,100,100
44,cooking_html/tasty-1457.html,100,0,100,0,100,0
44,cooking_html/foodnetwork-0163.html,100,100,0,100,100,0
44,cooking_html/allrecipes-0034.html,100,0,100,100,100,0
44,cooking_html/foodnetwork-0764.html,100,100,100,100,100,100
44,cooking_html/tasty-0151.html,100,0,100,0,100,0
44,cooking_html/allrecipes-0803.html,100,100,100,100,100,100
44,cooking_html/cookingclassy-0548.html,100,100,100,100,100,100
44,cooking_html/foodnetwork-1260.html,100,100,100,100,100,100
44,cooking_html/tasty-1802.html,100,0,100,0,100,0
44,cooking_html/tasty-0622.html,100,0,100,0,100,0
44,cooking_html/cookingclassy-0289.html,100,100,100,100,100,100
44,cooking_html/nytimes-1835.html,100,100,100,100,100,100
44,cooking_html/foodnetwork-1537.html,100,100,0,100,100,0
44,cooking_html/cookingclassy-0600.html,100,100,100,100,100,100
44,cooking_html/tasty-1963.html,100,0,100,0,100,0
44,cooking_html/foodnetwork-0119.html,100,100,0,100,100,0
44,cooking_html/foodnetwork-1895.html,100,100,100,100,100,100
44,cooking_html/nytimes-1526.html,100,100,100,100,100,100
44,cooking_html/tasty-0566.html,100,0,100,0,100,0
44,cooking_html/tasty-0187.html,100,0,100,0,100,0
44,cooking_html/nytimes-0398.html,100,100,100,100,100,100
44,cooking_html/tasty-1584.html,100,0,100,0,100,0
44,cooking_html/nytimes-0480.html,100,100,100,100,100,100
44,cooking_html/nytimes-0822.html,100,100,100,100,100,100
44,cooking_html/cookingclassy-0809.html,100,100,100,100,100,100
44,cooking_html/cookingclassy-0667.html,100,100,100,100,100,100
44,cooking_html/nytimes-0642.html,100,100,100,100,100,100
44,cooking_html/foodnetwork-0391.html,100,100,100,100,100,100
44,cooking_html/cookingclassy-0576.html,100,100,100,100,100,100
44,cooking_html/allrecipes-0530.html,100,0,100,100,100,0
44,cooking_html/tasty-1674.html,100,0,100,0,100,0
44,cooking_html/foodnetwork-0551.html,100,100,100,100,100,100
44,cooking_html/nytimes-0186.html,100,100,100,100,100,100
44,cooking_html/cookingclassy-0891.html,100,100,100,100,100,100
44,cooking_html/nytimes-0189.html,100,100,100,100,100,100
44,cooking_html/nytimes-0564.html,100,100,100,100,100,100
44,cooking_html/cookingclassy-0186.html,100,100,100,100,100,100
44,cooking_html/cookingclassy-0444.html,100,100,100,100,100,100
44,cooking_html/tasty-1361.html,100,0,100,0,100,0
44,cooking_html/allrecipes-0425.html,100,100,100,100,100,100
44,cooking_html/allrecipes-0490.html,100,0,100,100,100,0
44,cooking_html/foodnetwork-1790.html,100,100,100,100,100,100
44,cooking_html/foodnetwork-1388.html,100,100,0,100,100,0
44,cooking_html/tasty-0450.html,100,0,0,100,100,0
44,cooking_html/tasty-0286.html,100,0,100,0,100,0
44,cooking_html/tasty-0679.html,100,0,100,0,100,0
44,cooking_html/nytimes-1903.html,100,100,100,100,100,100
44,cooking_html/tasty-1785.html,100,0,100,100,100,0
44,cooking_html/allrecipes-1511.html,100,0,100,100,100,0
44,cooking_html/tasty-2354.html,100,0,0,0,100,0
44,cooking_html/allrecipes-0093.html,100,100,100,100,100,100
44,cooking_html/allrecipes-1420.html,100,100,100,100,100,100
44,cooking_html/nytimes-0512.html,100,100,100,100,100,100
44,cooking_html/foodnetwork-1925.html,100,100,100,100,100,100
44,cooking_html/nytimes-0403.html,100,100,100,100,100,100
44,cooking_html/tasty-2135.html,100,0,100,0,100,0
44,cooking_html/tasty-1196.html,100,0,0,0,100,0
44,cooking_html/nytimes-0004.html,100,100,100,100,100,100
44,cooking_html/cookingclassy-0807.html,100,100,100,100,100,100
44,cooking_html/tasty-0329.html,100,0,100,0,100,0
44,cooking_html/foodnetwork-1754.html,100,100,100,100,100,100
44,cooking_html/tasty-0264.html,100,0,100,0,100,0
44,cooking_html/allrecipes-0515.html,100,100,100,100,100,100
44,cooking_html/nytimes-0825.html,100,100,100,100,100,100
44,cooking_html/cookingclassy-1140.html,100,100,100,100,100,100
44,cooking_html/cookingclassy-0413.html,100,100,100,100,100,100
44,cooking_html/nytimes-0597.html,100,100,100,100,100,100
44,cooking_html/nytimes-0654.html,100,100,100,100,100,100
44,cooking_html/tasty-0101.html,100,0,100,0,100,0
44,cooking_html/tasty-1545.html,100,0,100,0,100,0
44,cooking_html/nytimes-1672.html,100,100,100,100,100,100
44,cooking_html/tasty-0794.html,100,0,100,0,100,0
44,cooking_html/cookingclassy-1225.html,100,0,100,100,100,0
44,cooking_html/nytimes-0661.html,100,100,100,100,100,100
44,cooking_html/nytimes-0440.html,100,100,100,100,100,100
44,cooking_html/foodnetwork-1201.html,100,100,100,100,100,100
44,cooking_html/allrecipes-0635.html,100,0,100,100,100,0
44,cooking_html/allrecipes-0460.html,100,100,100,100,100,100
44,cooking_html/foodnetwork-0349.html,100,100,100,100,100,100
44,cooking_html/cookingclassy-0670.html,100,100,100,100,100,100
44,cooking_html/cookingclassy-0608.html,100,100,100,100,100,100
44,cooking_html/allrecipes-1333.html,100,100,100,100,100,100
44,cooking_html/foodnetwork-0578.html,100,100,0,100,100,0
44,cooking_html/allrecipes-1063.html,100,100,100,100,100,100
44,cooking_html/tasty-1273.html,100,0,100,0,100,0
44,cooking_html/cookingclassy-0239.html,100,100,100,100,100,100
44,cooking_html/foodnetwork-1146.html,100,100,0,100,100,0
44,cooking_html/foodnetwork-1326.html,100,100,0,100,100,0
44,cooking_html/cookingclassy-0888.html,100,100,100,100,100,100
44,cooking_html/cookingclassy-0636.html,100,100,100,100,100,100
44,cooking_html/tasty-1576.html,100,0,100,0,100,0
44,cooking_html/tasty-1408.html,100,0,100,0,100,0
44,cooking_html/tasty-0403.html,100,0,100,0,100,0
44,cooking_html/nytimes-0404.html,100,100,100,100,100,100
44,cooking_html/foodnetwork-1385.html,100,100,0,100,100,0
44,cooking_html/cookingclassy-0058.html,100,100,100,100,100,100
44,cooking_html/cookingclassy-0642.html,100,100,100,100,100,100
44,cooking_html/tasty-0326.html,100,0,100,0,100,0
44,cooking_html/nytimes-0147.html,100,100,100,100,100,100
44,cooking_html/tasty-2239.html,100,0,100,0,100,0
44,cooking_html/tasty-1975.html,100,0,100,0,100,0
44,cooking_html/foodnetwork-0811.html,100,100,100,100,100,100
44,cooking_html/foodnetwork-1378.html,100,100,0,100,100,0
44,cooking_html/nytimes-1275.html,100,100,100,100,100,100
44,cooking_html/nytimes-1157.html,100,100,100,100,100,100
44,cooking_html/tasty-2157.html,100,0,100,0,100,0
44,cooking_html/allrecipes-0950.html,100,100,100,100,100,100
44,cooking_html/tasty-0003.html,100,0,0,0,100,0
44,cooking_html/foodnetwork-0358.html,100,100,100,100,100,100
44,cooking_html/tasty-0488.html,100,0,100,0,100,0
44,cooking_html/allrecipes-0194.html,100,100,100,100,100,100
44,cooking_html/allrecipes-0160.html,100,100,100,100,100,100
44,cooking_html/tasty-1309.html,100,0,100,100,100,0
44,cooking_html/tasty-2145.html,100,0,100,0,100,0
44,cooking_html/allrecipes-0064.html,100,100,100,100,100,100
44,cooking_html/allrecipes-0497.html,100,0,100,100,100,0
44,cooking_html/nytimes-0100.html,100,100,100,100,100,100
44,cooking_html/nytimes-1753.html,100,100,100,100,100,100
44,cooking_html/nytimes-0672.html,100,100,100,100,100,100
44,cooking_html/foodnetwork-0156.html,100,100,0,100,100,0
44,cooking_html/allrecipes-0786.html,100,100,100,100,100,100
44,cooking_html/tasty-1632.html,100,0,100,0,100,0
44,cooking_html/allrecipes-1066.html,100,100,100,100,100,100
44,cooking_html/foodnetwork-0277.html,100,100,100,100,100,100
44,cooking_html/cookingclassy-0056.html,100,100,100,100,100,100
44,cooking_html/foodnetwork-0904.html,100,100,0,100,100,0
44,cooking_html/foodnetwork-0256.html,100,100,100,100,100,100
44,cooking_html/allrecipes-0438.html,100,100,100,100,100,100
44,cooking_html/allrecipes-0517.html,100,0,100,100,100,0
44,cooking_html/tasty-2439.html,100,0,100,0,100,0
44,cooking_html/foodnetwork-0862.html,100,100,100,100,100,100
44,cooking_html/foodnetwork-1152.html,100,100,100,100,100,100
44,cooking_html/allrecipes-0305.html,100,0,100,100,100,0
44,cooking_html/tasty-0754.html,100,0,100,0,100,0
44,cooking_html/tasty-2431.html,100,0,100,0,100,0
44,cooking_html/cookingclassy-0368.html,100,100,100,100,100,100
44,cooking_html/allrecipes-1047.html,100,0,100,100,100,0
44,cooking_html/allrecipes-1345.html,100,100,100,100,100,100
44,cooking_html/nytimes-1233.html,100,100,100,100,100,100
44,cooking_html/nytimes-1850.html,100,100,100,100,100,100
44,cooking_html/allrecipes-0619.html,100,0,100,100,100,0
44,cooking_html/nytimes-1440.html,100,100,100,100,100,100
44,cooking_html/tasty-0214.html,100,0,100,0,100,0
44,cooking_html/foodnetwork-0191.html,100,100,0,100,100,0
44,cooking_html/allrecipes-1270.html,100,100,100,100,100,100
44,cooking_html/foodnetwork-1715.html,100,100,0,100,100,0
44,cooking_html/nytimes-1689.html,100,100,100,100,100,100
44,cooking_html/allrecipes-1002.html,100,100,100,100,100,100
44,cooking_html/allrecipes-0132.html,100,100,100,100,100,100
44,cooking_html/allrecipes-1523.html,100,100,100,100,100,100
44,cooking_html/tasty-2362.html,100,0,100,0,100,0
44,cooking_html/tasty-0751.html,100,0,100,0,100,0
44,cooking_html/tasty-2015.html,100,0,100,0,100,0
44,cooking_html/nytimes-0849.html,100,100,100,100,100,100
44,cooking_html/tasty-1416.html,100,0,100,0,100,0
44,cooking_html/tasty-0775.html,100,0,0,0,100,0
44,cooking_html/nytimes-0187.html,100,100,100,100,100,100
44,cooking_html/allrecipes-1185.html,100,100,100,100,100,100
44,cooking_html/foodnetwork-0855.html,100,100,100,100,100,100
44,cooking_html/cookingclassy-0265.html,100,0,100,100,100,0
44,cooking_html/tasty-1646.html,100,0,100,0,100,0
44,cooking_html/allrecipes-0707.html,100,100,100,100,100,100
44,cooking_html/foodnetwork-0521.html,100,100,100,100,100,100
44,cooking_html/allrecipes-0577.html,100,0,100,100,100,0
44,cooking_html/foodnetwork-1771.html,100,100,0,100,100,0
44,cooking_html/nytimes-0614.html,100,100,100,100,100,100
44,cooking_html/tasty-1710.html,100,0,100,0,100,0
44,cooking_html/cookingclassy-0948.html,100,100,100,100,100,100
44,cooking_html/nytimes-1717.html,100,100,100,100,100,100
44,cooking_html/cookingclassy-0637.html,100,100,100,100,100,100
44,cooking_html/foodnetwork-1487.html,100,100,100,100,100,100
44,cooking_html/foodnetwork-1739.html,100,100,100,100,100,100
44,cooking_html/foodnetwork-0787.html,100,100,0,100,100,0
44,cooking_html/cookingclassy-0925.html,100,100,100,100,100,100
44,cooking_html/foodnetwork-1424.html,100,100,0,100,100,0
44,cooking_html/tasty-2082.html,100,0,100,0,100,0
44,cooking_html/foodnetwork-0005.html,100,100,100,100,100,100
44,cooking_html/tasty-1941.html,100,0,100,0,100,0
44,cooking_html/nytimes-1329.html,100,100,100,100,100,100
44,cooking_html/tasty-2204.html,100,0,100,0,100,0
44,cooking_html/nytimes-1598.html,100,100,100,100,100,100
44,cooking_html/foodnetwork-1107.html,100,100,100,100,100,100
44,cooking_html/foodnetwork-0908.html,100,100,100,100,100,100
44,cooking_html/tasty-0874.html,100,0,0,0,100,0
44,cooking_html/tasty-0777.html,100,0,100,0,100,0
44,cooking_html/allrecipes-1371.html,100,100,100,100,100,100
44,cooking_html/tasty-0437.html,100,0,100,0,100,0
44,cooking_html/nytimes-1458.html,100,100,100,100,100,100
44,cooking_html/foodnetwork-1066.html,100,100,100,100,100,100
44,cooking_html/nytimes-0225.html,100,100,100,100,100,100
44,cooking_html/foodnetwork-0475.html,100,100,0,100,100,0
44,cooking_html/nytimes-0315.html,100,100,100,100,100,100
44,cooking_html/foodnetwork-0751.html,100,100,0,100,100,0
44,cooking_html/tasty-1856.html,100,0,100,0,100,0
44,cooking_html/allrecipes-1310.html,100,100,100,100,100,100
44,cooking_html/allrecipes-0625.html,100,100,100,100,100,100
44,cooking_html/nytimes-0353.html,100,100,100,100,100,100
44,cooking_html/allrecipes-0858.html,100,100,100,100,100,100
44,cooking_html/foodnetwork-0255.html,100,100,0,100,100,0
44,cooking_html/allrecipes-1361.html,100,0,100,100,100,0
44,cooking_html/tasty-1842.html,100,0,100,0,100,0
44,cooking_html/nytimes-0965.html,100,100,100,100,100,100
44,cooking_html/foodnetwork-0128.html,100,100,100,100,100,100
44,cooking_html/nytimes-1952.html,100,100,100,100,100,100
44,cooking_html/allrecipes-0622.html,100,100,100,100,100,100
44,cooking_html/tasty-0209.html,100,0,100,0,100,0
44,cooking_html/cookingclassy-0271.html,100,0,100,100,100,0
44,cooking_html/tasty-0254.html,100,0,100,0,100,0
44,cooking_html/foodnetwork-1623.html,100,100,100,100,100,100
44,cooking_html/tasty-1435.html,100,0,100,0,100,0
44,cooking_html/tasty-2205.html,100,0,100,0,100,0
44,cooking_html/tasty-2216.html,100,0,100,100,100,0
44,cooking_html/foodnetwork-1781.html,100,100,100,100,100,100
44,cooking_html/foodnetwork-0896.html,100,100,100,100,100,100
44,cooking_html/nytimes-0859.html,100,100,100,100,100,100
44,cooking_html/nytimes-1519.html,100,100,100,100,100,100
44,cooking_html/nytimes-1712.html,100,100,100,100,100,100
44,cooking_html/foodnetwork-0687.html,100,100,100,100,100,100
44,cooking_html/tasty-2301.html,100,0,100,0,100,0
44,cooking_html/tasty-0233.html,100,0,100,0,100,0
44,cooking_html/tasty-2035.html,100,0,100,100,100,0
44,cooking_html/allrecipes-0307.html,100,100,100,100,100,100
44,cooking_html/tasty-0045.html,100,0,0,0,100,0
44,cooking_html/cookingclassy-0475.html,100,100,100,100,100,100
44,cooking_html/cookingclassy-0627.html,100,100,100,100,100,100
44,cooking_html/cookingclassy-1267.html,100,100,100,100,100,100
44,cooking_html/foodnetwork-1553.html,100,100,100,100,100,100
44,cooking_html/allrecipes-1010.html,100,100,100,100,100,100
44,cooking_html/allrecipes-1565.html,100,100,100,100,100,100
44,cooking_html/cookingclassy-0919.html,100,100,100,100,100,100
44,cooking_html/allrecipes-1691.html,100,100,100,100,100,100
44,cooking_html/foodnetwork-0369.html,100,100,0,100,100,0
44,cooking_html/tasty-0976.html,100,0,100,100,100,0
44,cooking_html/cookingclassy-0019.html,100,100,100,100,100,100
44,cooking_html/cookingclassy-0359.html,100,100,100,100,100,100
44,cooking_html/cookingclassy-0928.html,100,100,100,100,100,100
44,cooking_html/nytimes-2014.html,100,100,100,100,100,100
44,cooking_html/cookingclassy-0431.html,100,100,100,100,100,100
44,cooking_html/tasty-2127.html,100,0,100,0,100,0
44,cooking_html/allrecipes-0783.html,100,100,100,100,100,100
44,cooking_html/nytimes-1776.html,100,100,100,100,100,100
44,cooking_html/allrecipes-1198.html,100,100,100,100,100,100
44,cooking_html/nytimes-1500.html,100,100,100,100,100,100
44,cooking_html/cookingclassy-0505.html,100,100,100,100,100,100
44,cooking_html/cookingclassy-0950.html,100,100,100,100,100,100
44,cooking_html/tasty-2146.html,100,0,100,0,100,0
44,cooking_html/nytimes-1934.html,100,100,100,100,100,100
44,cooking_html/allrecipes-0917.html,100,100,100,100,100,100
44,cooking_html/cookingclassy-0435.html,100,100,100,100,100,100
44,cooking_html/foodnetwork-0750.html,100,100,100,100,100,100
44,cooking_html/tasty-0162.html,100,0,100,0,100,0
44,cooking_html/nytimes-1295.html,100,100,100,100,100,100
44,cooking_html/foodnetwork-0965.html,100,100,100,100,100,100
44,cooking_html/nytimes-0795.html,100,100,100,100,100,100
44,cooking_html/allrecipes-0798.html,100,100,100,100,100,100
44,cooking_html/tasty-0726.html,100,0,100,0,100,0
44,cooking_html/tasty-2471.html,100,0,100,0,100,0
44,cooking_html/nytimes-0954.html,100,100,100,100,100,100
44,cooking_html/nytimes-0843.html,100,100,100,100,100,100
44,cooking_html/cookingclassy-1283.html,100,100,100,100,100,100
44,cooking_html/nytimes-1615.html,100,100,100,100,100,100
44,cooking_html/tasty-1830.html,100,0,100,0,100,0
44,cooking_html/cookingclassy-1089.html,100,100,100,100,100,100
44,cooking_html/cookingclassy-0071.html,100,100,100,100,100,100
44,cooking_html/allrecipes-0881.html,100,100,100,100,100,100
44,cooking_html/cookingclassy-0100.html,100,100,100,100,100,100
44,cooking_html/allrecipes-0364.html,100,100,100,100,100,100
44,cooking_html/cookingclassy-1224.html,100,0,100,100,100,0
44,cooking_html/foodnetwork-1017.html,100,100,100,100,100,100
44,cooking_html/allrecipes-1448.html,100,0,100,100,100,0
44,cooking_html/tasty-0136.html,100,0,100,0,100,0
44,cooking_html/tasty-0927.html,100,0,100,0,100,0
44,cooking_html/foodnetwork-0857.html,100,100,100,100,100,100
44,cooking_html/foodnetwork-1815.html,100,100,0,100,100,0
44,cooking_html/nytimes-0153.html,100,100,100,100,100,100
44,cooking_html/tasty-2203.html,100,0,100,0,0,0
44,cooking_html/allrecipes-1405.html,100,100,100,100,100,100
44,cooking_html/foodnetwork-0303.html,100,100,100,100,100,100
44,cooking_html/tasty-1033.html,100,0,100,0,100,0
44,cooking_html/foodnetwork-1590.html,100,100,100,100,100,100
44,cooking_html/foodnetwork-1167.html,100,100,100,100,100,100
44,cooking_html/nytimes-1228.html,100,100,100,100,100,100
44,cooking_html/tasty-2426.html,100,0,100,0,100,0
44,cooking_html/cookingclassy-0015.html,100,100,100,100,100,100
44,cooking_html/nytimes-1984.html,100,100,100,100,100,100
44,cooking_html/allrecipes-0683.html,100,100,100,100,100,100
44,cooking_html/tasty-2436.html,100,0,100,0,100,0
44,cooking_html/nytimes-1840.html,100,100,100,100,100,100
44,cooking_html/tasty-0672.html,100,0,100,100,100,0
44,cooking_html/tasty-0369.html,100,0,100,0,100,0
44,cooking_html/cookingclassy-0762.html,100,100,100,100,100,100
44,cooking_html/allrecipes-0893.html,100,100,100,100,100,100
44,cooking_html/nytimes-2035.html,100,0,100,100,100,0
44,cooking_html/tasty-0692.html,100,100,100,0,100,0
44,cooking_html/nytimes-1294.html,100,100,100,100,100,100
44,cooking_html/cookingclassy-0989.html,100,100,100,100,100,100
44,cooking_html/cookingclassy-0365.html,100,100,100,100,100,100
44,cooking_html/nytimes-0653.html,100,100,100,100,100,100
44,cooking_html/tasty-0113.html,100,0,0,0,100,0
44,cooking_html/foodnetwork-0021.html,100,100,100,100,100,100
44,cooking_html/tasty-2438.html,100,0,100,0,100,0
44,cooking_html/cookingclassy-1029.html,100,100,100,100,100,100
44,cooking_html/tasty-2010.html,100,0,100,100,100,0
44,cooking_html/cookingclassy-1023.html,100,100,100,100,100,100
44,cooking_html/foodnetwork-0308.html,100,100,100,100,100,100
44,cooking_html/allrecipes-1546.html,100,100,100,100,100,100
44,cooking_html/nytimes-0967.html,100,100,100,100,100,100
44,cooking_html/foodnetwork-1181.html,100,100,100,100,100,100
44,cooking_html/allrecipes-1153.html,100,0,100,100,100,0
44,cooking_html/allrecipes-1501.html,100,100,100,100,100,100
44,cooking_html/tasty-1439.html,100,0,0,0,100,0
44,cooking_html/tasty-0482.html,100,0,100,0,100,0
44,cooking_html/nytimes-0688.html,100,100,100,100,100,100
44,cooking_html/cookingclassy-0036.html,100,100,100,100,100,100
44,cooking_html/nytimes-0882.html,100,100,100,100,100,100
44,cooking_html/allrecipes-0745.html,100,100,100,100,100,100
44,cooking_html/nytimes-0946.html,100,100,100,100,100,100
44,cooking_html/nytimes-0605.html,100,100,100,100,100,100
44,cooking_html/nytimes-0811.html,100,100,100,100,100,100
44,cooking_html/foodnetwork-0465.html,100,100,0,100,100,0
44,cooking_html/tasty-2315.html,100,0,0,0,100,0
44,cooking_html/nytimes-0387.html,100,100,100,100,100,100
44,cooking_html/tasty-0260.html,100,0,100,0,100,0
44,cooking_html/nytimes-1030.html,100,100,100,100,100,100
44,cooking_html/nytimes-0646.html,100,100,100,100,100,100
44,cooking_html/foodnetwork-0292.html,100,100,100,100,100,100
44,cooking_html/cookingclassy-1087.html,100,100,100,100,100,100
44,cooking_html/nytimes-1531.html,100,100,100,100,100,100
44,cooking_html/cookingclassy-0158.html,100,100,100,100,100,100
44,cooking_html/tasty-1014.html,100,0,100,0,100,0
44,cooking_html/nytimes-1433.html,100,100,100,100,100,100
44,cooking_html/nytimes-1087.html,100,100,100,100,100,100
44,cooking_html/tasty-0406.html,100,0,100,0,100,0
44,cooking_html/nytimes-1843.html,100,100,100,100,100,100
44,cooking_html/nytimes-1930.html,100,100,100,100,100,100
44,cooking_html/nytimes-1019.html,100,100,100,100,100,100
44,cooking_html/tasty-0985.html,100,0,0,0,100,0
44,cooking_html/foodnetwork-1644.html,100,100,100,100,100,100
44,cooking_html/tasty-1565.html,100,0,100,0,100,0
44,cooking_html/allrecipes-0946.html,100,100,100,100,100,100
44,cooking_html/nytimes-1612.html,100,100,100,100,100,100
44,cooking_html/allrecipes-0168.html,100,100,100,100,100,100
44,cooking_html/foodnetwork-1279.html,100,100,100,100,100,100
44,cooking_html/nytimes-0434.html,100,100,100,100,100,100
44,cooking_html/cookingclassy-0777.html,100,100,100,100,100,100
44,cooking_html/foodnetwork-0539.html,100,100,0,100,100,0
44,cooking_html/allrecipes-1340.html,100,100,100,100,100,100
44,cooking_html/cookingclassy-0509.html,100,100,100,100,100,100
44,cooking_html/foodnetwork-2199.html,100,100,100,100,100,100
44,cooking_html/tasty-0928.html,100,0,100,0,100,0
44,cooking_html/foodnetwork-0814.html,100,100,100,100,100,100
44,cooking_html/nytimes-1328.html,100,100,100,100,100,100
44,cooking_html/tasty-1732.html,100,0,0,0,100,0
44,cooking_html/nytimes-0039.html,100,100,100,100,100,100
44,cooking_html/nytimes-0990.html,100,100,100,100,100,100
44,cooking_html/foodnetwork-0647.html,100,100,100,100,100,100
44,cooking_html/tasty-0670.html,100,0,100,0,100,0
44,cooking_html/nytimes-1937.html,100,100,100,100,100,100
44,cooking_html/foodnetwork-0840.html,100,100,100,100,100,100
44,cooking_html/nytimes-0312.html,100,100,100,100,100,100
44,cooking_html/tasty-2094.html,100,0,100,100,100,0
44,cooking_html/tasty-1054.html,100,0,100,0,100,0
44,cooking_html/foodnetwork-1507.html,100,100,0,100,100,0
44,cooking_html/nytimes-0886.html,100,100,100,100,0,0
44,cooking_html/tasty-2342.html,100,0,100,100,100,0
44,cooking_html/nytimes-1255.html,100,100,100,100,100,100
44,cooking_html/allrecipes-0485.html,100,100,100,100,100,100
44,cooking_html/allrecipes-1696.html,100,100,100,100,100,100
44,cooking_html/allrecipes-0004.html,100,100,100,100,100,100
44,cooking_html/nytimes-0622.html,100,100,100,100,100,100
44,cooking_html/foodnetwork-2244.html,100,100,100,100,100,100
44,cooking_html/cookingclassy-0315.html,100,100,100,100,100,100
44,cooking_html/tasty-1536.html,100,0,100,100,0,0
44,cooking_html/cookingclassy-0678.html,100,100,100,100,100,100
44,cooking_html/cookingclassy-0716.html,100,100,100,100,100,100
44,cooking_html/allrecipes-0329.html,100,100,100,100,100,100
44,cooking_html/tasty-1696.html,100,0,100,0,100,0
44,cooking_html/tasty-1851.html,100,0,0,0,100,0
44,cooking_html/nytimes-0647.html,100,100,100,100,100,100
44,cooking_html/tasty-0917.html,100,0,100,0,100,0
44,cooking_html/tasty-1259.html,100,0,100,0,100,0
44,cooking_html/tasty-0602.html,100,0,100,0,100,0
44,cooking_html/cookingclassy-0957.html,100,100,100,100,100,100
44,cooking_html/tasty-1994.html,100,0,100,0,0,0
44,cooking_html/nytimes-0804.html,100,100,100,100,100,100
44,cooking_html/nytimes-1556.html,100,100,100,100,100,100
44,cooking_html/tasty-0823.html,100,0,100,0,100,0
44,cooking_html/tasty-0193.html,100,0,100,0,100,0
44,cooking_html/cookingclassy-1247.html,100,0,100,100,100,0
44,cooking_html/tasty-1927.html,100,0,100,0,100,0
44,cooking_html/nytimes-1764.html,100,100,100,100,100,100
44,cooking_html/cookingclassy-0174.html,100,100,100,100,100,100
44,cooking_html/foodnetwork-0207.html,100,100,100,100,100,100
44,cooking_html/cookingclassy-0826.html,100,100,100,100,100,100
44,cooking_html/tasty-2323.html,100,100,100,0,100,0
44,cooking_html/foodnetwork-0157.html,100,100,0,100,100,0
44,cooking_html/nytimes-1530.html,100,100,100,100,100,100
44,cooking_html/allrecipes-0669.html,100,100,100,100,100,100
44,cooking_html/foodnetwork-0247.html,100,100,100,100,100,100
44,cooking_html/foodnetwork-1786.html,100,100,0,100,100,0
44,cooking_html/foodnetwork-0591.html,100,100,100,100,100,100
44,cooking_html/foodnetwork-0440.html,100,100,0,100,100,0
44,cooking_html/foodnetwork-0320.html,100,100,100,100,100,100
44,cooking_html/foodnetwork-0338.html,100,100,0,100,100,0
44,cooking_html/tasty-2380.html,100,0,100,0,100,0
44,cooking_html/tasty-0228.html,100,0,100,0,100,0
44,cooking_html/foodnetwork-0042.html,100,100,0,100,100,0
44,cooking_html/tasty-1526.html,100,0,0,0,100,0
44,cooking_html/tasty-0496.html,100,0,0,0,100,0
44,cooking_html/foodnetwork-1331.html,100,100,0,100,100,0
44,cooking_html/tasty-2344.html,100,0,100,0,100,0
44,cooking_html/foodnetwork-0676.html,100,100,100,100,100,100
44,cooking_html/cookingclassy-0814.html,100,100,100,100,100,100
44,cooking_html/cookingclassy-0340.html,100,100,100,100,100,100
44,cooking_html/cookingclassy-1200.html,100,100,100,100,100,100
44,cooking_html/tasty-1326.html,100,0,100,0,100,0
44,cooking_html/tasty-0532.html,100,0,0,0,100,0
44,cooking_html/nytimes-1756.html,100,100,100,100,100,100
44,cooking_html/cookingclassy-0142.html,100,100,100,100,100,100
44,cooking_html/nytimes-1804.html,100,100,100,100,100,100
44,cooking_html/allrecipes-1238.html,100,100,100,100,100,100
44,cooking_html/tasty-2075.html,100,0,100,0,100,0
44,cooking_html/allrecipes-0760.html,100,100,100,100,100,100
44,cooking_html/allrecipes-1224.html,100,100,100,100,100,100
44,cooking_html/allrecipes-0961.html,100,100,100,100,100,100
44,cooking_html/nytimes-1225.html,100,100,100,100,100,100
44,cooking_html/allrecipes-1249.html,100,100,100,100,100,100
44,cooking_html/tasty-1971.html,100,0,100,0,100,0
44,cooking_html/tasty-0167.html,100,0,100,0,100,0
44,cooking_html/allrecipes-1521.html,100,100,100,100,100,100
44,cooking_html/allrecipes-0131.html,100,100,100,100,100,100
44,cooking_html/allrecipes-1162.html,100,100,100,100,100,100
44,cooking_html/allrecipes-0218.html,100,100,100,100,100,100
44,cooking_html/cookingclassy-0570.html,100,100,100,100,100,100
44,cooking_html/tasty-1145.html,100,0,100,100,100,0
44,cooking_html/tasty-0349.html,100,0,100,0,100,0
44,cooking_html/allrecipes-1202.html,100,100,100,100,100,100
44,cooking_html/foodnetwork-1995.html,100,100,100,100,100,100
44,cooking_html/tasty-2281.html,100,0,0,0,100,0
44,cooking_html/nytimes-1160.html,100,100,100,100,100,100
44,cooking_html/nytimes-0466.html,100,100,100,100,100,100
44,cooking_html/tasty-1066.html,100,0,100,0,100,0
44,cooking_html/cookingclassy-0452.html,100,100,100,100,100,100
44,cooking_html/tasty-0721.html,100,0,100,0,100,0
44,cooking_html/tasty-0828.html,100,0,100,100,100,0
44,cooking_html/nytimes-0956.html,100,100,100,100,100,100
44,cooking_html/nytimes-0362.html,100,100,100,100,100,100
44,cooking_html/tasty-0060.html,100,0,100,0,100,0
44,cooking_html/nytimes-0561.html,100,100,100,100,100,100
44,cooking_html/foodnetwork-0552.html,100,100,100,100,100,100
44,cooking_html/foodnetwork-0607.html,100,100,100,100,100,100
44,cooking_html/tasty-0424.html,100,0,100,0,100,0
44,cooking_html/nytimes-1910.html,100,100,100,100,100,100
44,cooking_html/allrecipes-1079.html,100,100,100,100,100,100
44,cooking_html/cookingclassy-0499.html,100,100,100,100,100,100
44,cooking_html/cookingclassy-0875.html,100,100,100,100,100,100
44,cooking_html/foodnetwork-0248.html,100,100,100,100,100,100
44,cooking_html/tasty-2276.html,100,0,100,100,100,0
44,cooking_html/nytimes-0913.html,100,100,100,100,100,100
44,cooking_html/nytimes-1056.html,100,100,100,100,100,100
44,cooking_html/allrecipes-0087.html,100,100,100,100,100,100
44,cooking_html/allrecipes-0162.html,100,100,100,100,100,100
44,cooking_html/tasty-2416.html,100,0,100,100,100,0
44,cooking_html/foodnetwork-1277.html,100,100,100,100,100,100
44,cooking_html/nytimes-0814.html,100,100,100,100,100,100
44,cooking_html/nytimes-1907.html,100,100,100,100,100,100
44,cooking_html/nytimes-1086.html,100,100,100,100,100,100
44,cooking_html/allrecipes-1632.html,100,100,100,100,100,100
44,cooking_html/nytimes-0126.html,100,100,100,100,100,100
44,cooking_html/nytimes-1460.html,100,100,100,100,100,100
44,cooking_html/tasty-1170.html,100,0,100,0,100,0
44,cooking_html/tasty-2400.html,100,0,0,0,100,0
44,cooking_html/foodnetwork-0815.html,100,100,0,100,100,0
44,cooking_html/allrecipes-1650.html,100,100,100,100,100,100
44,cooking_html/allrecipes-1380.html,100,100,100,100,100,100
44,cooking_html/tasty-1162.html,100,0,100,0,100,0
44,cooking_html/cookingclassy-0430.html,100,100,100,100,100,100
44,cooking_html/tasty-1272.html,100,0,100,0,100,0
44,cooking_html/allrecipes-1001.html,100,100,100,100,100,100
44,cooking_html/tasty-1723.html,100,100,100,0,100,0
44,cooking_html/nytimes-1097.html,100,100,100,100,100,100
44,cooking_html/nytimes-1596.html,100,100,100,100,100,100
44,cooking_html/tasty-2257.html,100,0,0,0,100,0
44,cooking_html/cookingclassy-0349.html,100,100,100,100,100,100
44,cooking_html/foodnetwork-0909.html,100,100,100,100,100,100
44,cooking_html/tasty-0909.html,100,0,0,0,100,0
44,cooking_html/tasty-0629.html,100,0,100,0,100,0
44,cooking_html/nytimes-0200.html,100,100,100,100,100,100
44,cooking_html/nytimes-1133.html,100,100,100,100,100,100
44,cooking_html/allrecipes-1442.html,100,100,100,100,100,100
44,cooking_html/tasty-1964.html,100,0,100,0,100,0
44,cooking_html/nytimes-1706.html,100,100,100,100,100,100
44,cooking_html/tasty-1730.html,100,0,100,100,100,0
44,cooking_html/foodnetwork-0211.html,100,100,100,100,100,100
44,cooking_html/allrecipes-0556.html,100,100,100,100,100,100
44,cooking_html/cookingclassy-1091.html,100,100,100,100,100,100
44,cooking_html/cookingclassy-0653.html,100,100,100,100,100,100
44,cooking_html/nytimes-1918.html,100,100,100,100,0,0
44,cooking_html/cookingclassy-0222.html,100,100,100,100,100,100
44,cooking_html/nytimes-1698.html,100,100,100,100,100,100
44,cooking_html/allrecipes-1240.html,100,100,100,100,100,100
44,cooking_html/foodnetwork-1131.html,100,100,100,100,100,100
44,cooking_html/allrecipes-0782.html,100,100,100,100,100,100
44,cooking_html/nytimes-1002.html,100,100,100,100,100,100
44,cooking_html/tasty-0464.html,100,0,100,0,100,0
44,cooking_html/foodnetwork-1353.html,100,100,0,100,100,0
44,cooking_html/nytimes-0201.html,100,100,100,100,100,100
44,cooking_html/tasty-0658.html,100,0,100,0,100,0
44,cooking_html/foodnetwork-0310.html,100,100,100,100,100,100
44,cooking_html/cookingclassy-0648.html,100,100,100,100,100,100
44,cooking_html/foodnetwork-1747.html,100,100,100,100,100,100
44,cooking_html/foodnetwork-1086.html,100,100,100,100,100,100
44,cooking_html/allrecipes-1124.html,100,100,100,100,100,100
44,cooking_html/tasty-0412.html,100,0,100,0,100,0
44,cooking_html/nytimes-0236.html,100,100,100,100,100,100
44,cooking_html/nytimes-0082.html,100,100,100,100,100,100
44,cooking_html/nytimes-0046.html,100,100,100,100,100,100
44,cooking_html/nytimes-1251.html,100,100,100,100,100,100
44,cooking_html/foodnetwork-2193.html,100,100,100,100,100,100
44,cooking_html/foodnetwork-0690.html,100,100,0,100,100,0
44,cooking_html/foodnetwork-0390.html,100,100,100,100,100,100
44,cooking_html/cookingclassy-0753.html,100,100,100,100,100,100
44,cooking_html/cookingclassy-1037.html,100,100,100,100,100,100
44,cooking_html/foodnetwork-0262.html,100,100,100,100,100,100
44,cooking_html/allrecipes-0489.html,100,0,100,100,100,0
44,cooking_html/nytimes-0878.html,100,100,100,100,100,100
44,cooking_html/allrecipes-0560.html,100,100,100,100,100,100
44,cooking_html/nytimes-0583.html,100,100,100,100,100,100
44,cooking_html/cookingclassy-1293.html,100,100,100,100,100,100
44,cooking_html/foodnetwork-0323.html,100,100,100,100,100,100
44,cooking_html/allrecipes-1379.html,100,0,100,100,100,0
44,cooking_html/foodnetwork-1856.html,100,100,0,100,100,0
44,cooking_html/nytimes-1333.html,100,100,100,100,100,100
44,cooking_html/tasty-0429.html,100,0,100,100,100,0
44,cooking_html/cookingclassy-0220.html,100,100,100,100,100,100
44,cooking_html/cookingclassy-0404.html,100,100,100,100,100,100
44,cooking_html/allrecipes-0585.html,100,100,100,100,100,100
44,cooking_html/cookingclassy-0099.html,100,100,100,100,100,100
44,cooking_html/foodnetwork-1615.html,100,100,0,100,100,0
44,cooking_html/tasty-0757.html,100,0,0,0,100,0
44,cooking_html/nytimes-2003.html,100,100,100,100,100,100
44,cooking_html/cookingclassy-0660.html,100,100,100,100,100,100
44,cooking_html/tasty-2173.html,100,0,100,100,100,0
44,cooking_html/tasty-2473.html,100,0,100,0,100,0
44,cooking_html/nytimes-0764.html,100,100,100,100,100,100
44,cooking_html/cookingclassy-0679.html,100,100,100,100,100,100
44,cooking_html/cookingclassy-0818.html,100,0,100,100,100,0
44,cooking_html/nytimes-0212.html,100,100,100,100,100,100
44,cooking_html/cookingclassy-0908.html,100,100,100,100,100,100
44,cooking_html/foodnetwork-0478.html,100,100,0,100,100,0
44,cooking_html/tasty-1670.html,100,0,100,0,100,0
44,cooking_html/nytimes-1045.html,100,100,100,100,100,100
44,cooking_html/cookingclassy-0068.html,100,100,100,100,100,100
44,cooking_html/foodnetwork-0778.html,100,100,100,100,100,100
44,cooking_html/foodnetwork-1774.html,100,100,0,100,100,0
44,cooking_html/allrecipes-1177.html,100,100,100,100,100,100
44,cooking_html/foodnetwork-1422.html,100,100,0,100,100,0
44,cooking_html/foodnetwork-0479.html,100,100,100,100,100,100
44,cooking_html/foodnetwork-1870.html,100,100,100,100,100,100
44,cooking_html/tasty-0510.html,100,0,0,0,100,0
44,cooking_html/foodnetwork-1198.html,100,100,100,100,100,100
44,cooking_html/nytimes-2036.html,100,100,100,100,100,100
44,cooking_html/tasty-2340.html,100,0,100,0,100,0
44,cooking_html/nytimes-1906.html,100,100,100,100,100,100
44,cooking_html/foodnetwork-0833.html,100,100,100,100,100,100
44,cooking_html/tasty-0367.html,100,0,100,0,100,0
44,cooking_html/foodnetwork-1692.html,100,100,0,100,100,0
44,cooking_html/foodnetwork-1368.html,100,100,0,100,100,0
44,cooking_html/nytimes-0908.html,100,100,100,100,100,100
44,cooking_html/tasty-2160.html,100,0,100,0,100,0
44,cooking_html/nytimes-1557.html,100,100,100,100,100,100
44,cooking_html/allrecipes-1350.html,100,100,100,100,100,100
44,cooking_html/cookingclassy-1209.html,100,100,100,100,100,100
44,cooking_html/foodnetwork-0078.html,100,100,100,100,100,100
44,cooking_html/allrecipes-1168.html,100,100,100,100,100,100
44,cooking_html/allrecipes-1697.html,100,100,100,100,100,100
44,cooking_html/cookingclassy-0204.html,100,100,100,100,100,100
44,cooking_html/allrecipes-1659.html,100,100,100,100,100,100
44,cooking_html/cookingclassy-0105.html,100,100,100,100,100,100
44,cooking_html/foodnetwork-1314.html,100,100,0,100,100,0
44,cooking_html/nytimes-1795.html,100,100,100,100,100,100
44,cooking_html/nytimes-1308.html,100,100,100,100,100,100
44,cooking_html/tasty-0299.html,100,0,100,0,100,0
44,cooking_html/tasty-0340.html,100,0,100,0,100,0
44,cooking_html/foodnetwork-0408.html,100,100,0,100,100,0
44,cooking_html/cookingclassy-0527.html,100,100,100,100,100,100
44,cooking_html/cookingclassy-0346.html,100,100,100,100,100,100
44,cooking_html/foodnetwork-2024.html,100,100,0,100,100,0
44,cooking_html/allrecipes-0124.html,100,100,100,100,100,100
44,cooking_html/allrecipes-0235.html,100,100,100,100,100,100
44,cooking_html/cookingclassy-0537.html,100,100,100,0,100,0
44,cooking_html/allrecipes-0723.html,100,100,100,100,100,100
44,cooking_html/tasty-0674.html,100,0,100,0,100,0
44,cooking_html/allrecipes-1580.html,100,100,100,100,100,100
44,cooking_html/nytimes-1439.html,100,100,100,100,100,100
44,cooking_html/tasty-1437.html,100,0,100,0,100,0
44,cooking_html/tasty-1950.html,100,0,100,100,100,0
44,cooking_html/allrecipes-0748.html,100,100,100,100,100,100
44,cooking_html/cookingclassy-1275.html,100,100,100,100,100,100
44,cooking_html/allrecipes-1006.html,100,100,100,100,100,100
44,cooking_html/tasty-1739.html,100,0,100,0,100,0
44,cooking_html/foodnetwork-0497.html,100,100,100,100,100,100
44,cooking_html/cookingclassy-1256.html,100,100,100,100,100,100
44,cooking_html/nytimes-0091.html,100,100,100,100,100,100
44,cooking_html/tasty-2051.html,100,0,100,100,100,0
44,cooking_html/cookingclassy-0854.html,100,100,100,100,100,100
44,cooking_html/nytimes-1554.html,100,100,100,100,100,100
44,cooking_html/foodnetwork-0877.html,100,100,0,100,100,0
44,cooking_html/nytimes-1273.html,100,100,100,100,100,100
44,cooking_html/allrecipes-0209.html,100,100,100,100,100,100
44,cooking_html/allrecipes-1327.html,100,100,100,100,100,100
44,cooking_html/allrecipes-0923.html,100,100,100,100,100,100
44,cooking_html/foodnetwork-0138.html,100,100,0,100,100,0
44,cooking_html/cookingclassy-0160.html,100,100,100,100,100,100
44,cooking_html/cookingclassy-0779.html,100,100,100,100,100,100
44,cooking_html/nytimes-0724.html,100,100,100,100,100,100
44,cooking_html/cookingclassy-0588.html,100,100,100,100,100,100
44,cooking_html/nytimes-0750.html,100,100,100,100,100,100
44,cooking_html/allrecipes-0521.html,100,0,100,100,100,0
44,cooking_html/tasty-1869.html,100,0,100,0,100,0
44,cooking_html/foodnetwork-1203.html,100,100,100,100,100,100
44,cooking_html/foodnetwork-1347.html,100,100,0,100,100,0
44,cooking_html/cookingclassy-0512.html,100,100,100,100,100,100
44,cooking_html/nytimes-1352.html,100,100,100,100,100,100
44,cooking_html/tasty-0074.html,100,0,100,0,100,0
44,cooking_html/allrecipes-0746.html,100,100,100,100,100,100
44,cooking_html/foodnetwork-0416.html,100,100,0,100,100,0
44,cooking_html/nytimes-0116.html,100,100,100,100,100,100
44,cooking_html/foodnetwork-0724.html,100,100,100,100,100,100
44,cooking_html/nytimes-1971.html,100,100,100,100,100,100
44,cooking_html/foodnetwork-0428.html,100,100,100,100,100,100
44,cooking_html/tasty-1092.html,100,0,100,0,100,0
44,cooking_html/allrecipes-0383.html,100,100,100,100,100,100
44,cooking_html/cookingclassy-0734.html,100,100,100,100,100,100
44,cooking_html/tasty-2111.html,100,0,100,0,100,0
44,cooking_html/foodnetwork-0818.html,100,100,100,100,100,100
44,cooking_html/allrecipes-1230.html,100,100,100,100,100,100
44,cooking_html/tasty-1685.html,100,0,0,0,100,0
44,cooking_html/foodnetwork-0240.html,100,100,0,100,100,0
44,cooking_html/allrecipes-0290.html,100,100,100,100,100,100
44,cooking_html/foodnetwork-0330.html,100,100,0,100,100,0
44,cooking_html/tasty-2356.html,100,0,0,0,100,0
44,cooking_html/cookingclassy-0568.html,100,100,100,0,100,0
44,cooking_html/tasty-0725.html,100,0,100,0,100,0
44,cooking_html/cookingclassy-0250.html,100,100,100,100,100,100
44,cooking_html/allrecipes-1176.html,100,100,100,100,100,100
44,cooking_html/foodnetwork-0258.html,100,100,100,100,100,100
44,cooking_html/foodnetwork-0933.html,100,100,0,100,100,0
44,cooking_html/foodnetwork-1393.html,100,100,100,100,100,100
44,cooking_html/tasty-0855.html,100,0,0,0,100,0
44,cooking_html/cookingclassy-0904.html,100,100,100,100,100,100
44,cooking_html/tasty-2144.html,100,0,0,0,100,0
44,cooking_html/cookingclassy-0520.html,100,100,100,100,100,100
44,cooking_html/allrecipes-0294.html,100,100,100,100,100,100
44,cooking_html/tasty-1065.html,100,0,100,0,100,0
44,cooking_html/tasty-2136.html,100,0,100,0,100,0
44,cooking_html/nytimes-0248.html,100,100,100,100,100,100
44,cooking_html/tasty-1692.html,100,0,0,0,100,0
44,cooking_html/cookingclassy-0046.html,100,100,100,100,100,100
44,cooking_html/nytimes-0812.html,100,100,100,100,100,100
44,cooking_html/nytimes-1643.html,100,100,100,100,100,100
44,cooking_html/tasty-1787.html,100,0,100,100,100,0
44,cooking_html/tasty-0364.html,100,0,100,0,100,0
44,cooking_html/nytimes-0024.html,100,100,100,100,100,100
44,cooking_html/cookingclassy-0003.html,100,100,100,100,100,100
44,cooking_html/cookingclassy-0301.html,100,0,100,100,100,0
44,cooking_html/tasty-1482.html,100,0,100,100,0,0
44,cooking_html/foodnetwork-0123.html,100,100,0,100,100,0
44,cooking_html/tasty-1713.html,100,0,0,0,100,0
44,cooking_html/tasty-1422.html,100,0,0,0,100,0
44,cooking_html/nytimes-1108.html,100,100,100,100,100,100
44,cooking_html/nytimes-1773.html,100,100,100,100,100,100
44,cooking_html/tasty-0534.html,100,0,0,0,0,0
44,cooking_html/tasty-0105.html,100,0,100,0,0,0
44,cooking_html/foodnetwork-0780.html,100,100,100,100,100,100
44,cooking_html/nytimes-1921.html,100,100,100,100,100,100
44,cooking_html/cookingclassy-0633.html,100,100,100,100,100,100
44,cooking_html/tasty-0910.html,100,0,0,0,100,0
44,cooking_html/nytimes-1901.html,100,100,100,100,100,100
44,cooking_html/allrecipes-0339.html,100,0,100,100,100,0
44,cooking_html/tasty-1686.html,100,0,100,0,100,0
44,cooking_html/nytimes-0818.html,100,100,100,100,100,100
44,cooking_html/tasty-0929.html,100,0,0,0,100,0
44,cooking_html/tasty-2071.html,100,0,100,0,100,0
44,cooking_html/allrecipes-0167.html,100,100,100,100,100,100
44,cooking_html/foodnetwork-0450.html,100,100,100,100,100,100
44,cooking_html/tasty-2353.html,100,0,100,0,100,0
44,cooking_html/nytimes-0978.html,100,100,100,100,100,100
44,cooking_html/allrecipes-0958.html,100,100,100,100,100,100
44,cooking_html/cookingclassy-0918.html,100,100,100,100,100,100
44,cooking_html/allrecipes-0107.html,100,100,100,100,100,100
44,cooking_html/tasty-0603.html,100,0,100,0,100,0
44,cooking_html/cookingclassy-0571.html,100,100,100,100,100,100
44,cooking_html/cookingclassy-1274.html,100,100,100,100,100,100
44,cooking_html/allrecipes-0072.html,100,100,100,100,100,100
44,cooking_html/allrecipes-0569.html,100,100,100,100,100,100
44,cooking_html/nytimes-1784.html,100,100,100,100,100,100
44,cooking_html/nytimes-1099.html,100,100,100,100,100,100
44,cooking_html/foodnetwork-0444.html,100,100,100,100,100,100
44,cooking_html/foodnetwork-0887.html,100,100,100,100,100,100
44,cooking_html/nytimes-1162.html,100,100,100,100,100,100
44,cooking_html/nytimes-0613.html,100,100,100,100,100,100
44,cooking_html/nytimes-1445.html,100,100,100,100,100,100
44,cooking_html/nytimes-0803.html,100,100,100,100,100,100
44,cooking_html/allrecipes-0882.html,100,100,100,100,100,100
44,cooking_html/tasty-1205.html,100,0,0,100,100,0
44,cooking_html/cookingclassy-0631.html,100,100,100,100,100,100
44,cooking_html/tasty-0000.html,100,0,100,0,100,0
44,cooking_html/allrecipes-0387.html,100,0,100,100,100,0
44,cooking_html/nytimes-1148.html,100,100,100,100,100,100
44,cooking_html/nytimes-1704.html,100,100,100,100,100,100
44,cooking_html/tasty-1182.html,100,0,100,0,100,0
44,cooking_html/allrecipes-1225.html,100,100,100,100,100,100
44,cooking_html/tasty-0911.html,100,0,0,0,100,0
44,cooking_html/allrecipes-1297.html,100,100,100,100,100,100
44,cooking_html/cookingclassy-0549.html,100,0,100,100,100,0
44,cooking_html/foodnetwork-0994.html,100,100,0,100,100,0
44,cooking_html/cookingclassy-0167.html,100,100,100,100,100,100
44,cooking_html/tasty-1764.html,100,0,100,0,100,0
44,cooking_html/cookingclassy-1014.html,100,100,100,100,100,100
44,cooking_html/tasty-0943.html,100,0,100,0,100,0
44,cooking_html/foodnetwork-0395.html,100,100,100,100,100,100
44,cooking_html/tasty-2364.html,100,0,100,0,100,0
44,cooking_html/cookingclassy-0700.html,100,100,100,100,100,100
44,cooking_html/tasty-0961.html,100,0,100,0,100,0
44,cooking_html/cookingclassy-1125.html,100,100,100,100,100,100
44,cooking_html/cookingclassy-0065.html,100,100,100,100,100,100
44,cooking_html/tasty-1250.html,100,0,100,100,100,0
44,cooking_html/tasty-2493.html,100,0,100,0,100,0
44,cooking_html/cookingclassy-0518.html,100,100,100,100,100,100
44,cooking_html/allrecipes-1209.html,100,100,100,100,100,100
44,cooking_html/cookingclassy-0508.html,100,100,100,100,100,100
44,cooking_html/cookingclassy-0841.html,100,100,100,100,100,100
44,cooking_html/allrecipes-0986.html,100,100,100,100,100,100
44,cooking_html/tasty-1015.html,100,0,100,0,100,0
44,cooking_html/foodnetwork-0381.html,100,100,100,100,100,100
44,cooking_html/nytimes-0240.html,100,100,100,100,100,100
44,cooking_html/nytimes-1521.html,100,100,100,100,100,100
44,cooking_html/nytimes-1699.html,100,100,100,100,100,100
44,cooking_html/tasty-0497.html,100,0,100,0,0,0
44,cooking_html/nytimes-0476.html,100,100,100,100,100,100
44,cooking_html/nytimes-0544.html,100,100,100,100,100,100
44,cooking_html/nytimes-2011.html,100,100,100,100,100,100
44,cooking_html/tasty-1087.html,100,0,100,0,100,0
44,cooking_html/tasty-0327.html,100,0,100,0,100,0
44,cooking_html/cookingclassy-0767.html,100,100,100,100,100,100
44,cooking_html/allrecipes-0765.html,100,100,100,100,100,100
44,cooking_html/nytimes-1224.html,100,100,100,100,100,100
44,cooking_html/nytimes-0399.html,100,100,100,100,100,100
44,cooking_html/tasty-2085.html,100,0,100,0,100,0
44,cooking_html/allrecipes-1366.html,100,100,100,100,100,100
44,cooking_html/nytimes-1423.html,100,100,100,100,100,100
44,cooking_html/allrecipes-1239.html,100,100,100,100,100,100
44,cooking_html/nytimes-0928.html,100,100,100,100,100,100
44,cooking_html/tasty-2442.html,100,0,100,100,100,0
44,cooking_html/nytimes-1395.html,100,100,100,100,100,100
44,cooking_html/cookingclassy-0696.html,100,100,100,100,100,100
44,cooking_html/nytimes-1986.html,100,100,100,100,100,100
44,cooking_html/allrecipes-0085.html,100,100,100,100,100,100
44,cooking_html/nytimes-0919.html,100,100,100,100,100,100
44,cooking_html/tasty-2363.html,100,0,100,0,100,0
44,cooking_html/cookingclassy-0042.html,100,100,100,100,100,100
44,cooking_html/tasty-0918.html,100,0,100,0,100,0
44,cooking_html/tasty-1133.html,100,0,100,0,100,0
44,cooking_html/nytimes-1608.html,100,100,100,100,100,100
44,cooking_html/nytimes-0810.html,100,100,100,100,100,100
44,cooking_html/allrecipes-1283.html,100,100,100,100,100,100
44,cooking_html/nytimes-0743.html,100,100,100,100,100,100
44,cooking_html/tasty-0964.html,100,0,0,0,100,0
44,cooking_html/tasty-0427.html,100,0,100,0,100,0
44,cooking_html/tasty-2491.html,100,0,100,100,100,0
44,cooking_html/nytimes-1212.html,100,100,100,100,100,100
44,cooking_html/nytimes-0295.html,100,100,100,100,100,100
44,cooking_html/nytimes-0922.html,100,100,100,100,100,100
44,cooking_html/foodnetwork-1093.html,100,100,0,100,100,0
44,cooking_html/tasty-0212.html,100,0,100,0,100,0
44,cooking_html/foodnetwork-0976.html,100,100,100,100,100,100
44,cooking_html/cookingclassy-0257.html,100,100,100,100,100,100
44,cooking_html/nytimes-0845.html,100,100,100,100,100,100
44,cooking_html/cookingclassy-1027.html,100,100,100,100,100,100
44,cooking_html/allrecipes-0607.html,100,0,100,100,100,0
44,cooking_html/allrecipes-0630.html,100,0,100,100,100,0
44,cooking_html/foodnetwork-0816.html,100,100,100,100,100,100
44,cooking_html/nytimes-1860.html,100,100,100,100,100,100
44,cooking_html/nytimes-0064.html,100,100,100,100,100,100
44,cooking_html/tasty-0410.html,100,0,100,100,100,0
44,cooking_html/foodnetwork-1662.html,100,100,0,100,100,0
44,cooking_html/foodnetwork-1370.html,100,100,0,100,100,0
44,cooking_html/foodnetwork-1794.html,100,100,0,100,100,0
44,cooking_html/nytimes-1914.html,100,100,100,100,100,100
44,cooking_html/foodnetwork-0977.html,100,100,0,100,100,0
44,cooking_html/tasty-2200.html,100,0,100,0,100,0
44,cooking_html/tasty-0148.html,100,0,100,100,100,0
44,cooking_html/tasty-1351.html,100,0,100,0,100,0
44,cooking_html/nytimes-1957.html,100,100,100,100,100,100
44,cooking_html/allrecipes-1556.html,100,100,100,100,100,100
44,cooking_html/foodnetwork-0407.html,100,100,0,100,100,0
44,cooking_html/cookingclassy-0558.html,100,100,100,100,100,100
44,cooking_html/foodnetwork-0886.html,100,100,100,100,100,100
44,cooking_html/tasty-0503.html,100,0,100,0,100,0
44,cooking_html/allrecipes-1197.html,100,100,100,100,100,100
44,cooking_html/allrecipes-0130.html,100,100,100,100,100,100
44,cooking_html/nytimes-1155.html,100,100,100,100,100,100
44,cooking_html/tasty-0307.html,100,0,0,0,100,0
44,cooking_html/foodnetwork-0438.html,100,100,100,100,100,100
44,cooking_html/tasty-2294.html,100,0,100,0,100,0
44,cooking_html/foodnetwork-1132.html,100,100,0,100,100,0
44,cooking_html/tasty-2341.html,100,0,100,0,100,0
44,cooking_html/tasty-0407.html,100,0,0,0,100,0
44,cooking_html/tasty-1568.html,100,0,100,0,100,0
44,cooking_html/foodnetwork-0401.html,100,100,0,100,100,0
44,cooking_html/tasty-2142.html,100,0,100,0,100,0
44,cooking_html/foodnetwork-1751.html,100,100,100,100,100,100
44,cooking_html/cookingclassy-1203.html,100,0,100,100,100,0
44,cooking_html/cookingclassy-0069.html,100,100,100,100,100,100
44,cooking_html/foodnetwork-0474.html,100,100,0,100,100,0
44,cooking_html/cookingclassy-0526.html,100,100,100,100,100,100
44,cooking_html/tasty-2274.html,100,0,100,0,100,0
44,cooking_html/tasty-2446.html,100,0,100,0,100,0
44,cooking_html/tasty-0344.html,100,0,100,0,100,0
44,cooking_html/cookingclassy-1279.html,100,100,100,100,100,100
44,cooking_html/nytimes-1809.html,100,100,100,100,100,100
44,cooking_html/foodnetwork-0342.html,100,100,100,100,100,100
44,cooking_html/nytimes-1387.html,100,100,100,100,100,100
44,cooking_html/foodnetwork-0087.html,100,100,100,100,100,100
44,cooking_html/allrecipes-0378.html,100,100,100,100,100,100
44,cooking_html/allrecipes-0529.html,100,0,100,100,100,0
44,cooking_html/allrecipes-0495.html,100,100,100,100,100,100
44,cooking_html/tasty-2090.html,100,0,100,0,100,0
44,cooking_html/allrecipes-0404.html,100,100,100,100,100,100
44,cooking_html/nytimes-0168.html,100,100,100,100,100,100
44,cooking_html/nytimes-0887.html,100,100,100,100,100,100
44,cooking_html/cookingclassy-0224.html,100,100,100,100,100,100
44,cooking_html/allrecipes-0845.html,100,100,100,100,100,100
44,cooking_html/tasty-0273.html,100,0,100,0,100,0
44,cooking_html/allrecipes-0528.html,100,0,100,100,100,0
44,cooking_html/allrecipes-0636.html,100,0,100,100,100,0
44,cooking_html/cookingclassy-0629.html,100,100,100,100,100,100
44,cooking_html/cookingclassy-0179.html,100,100,100,100,100,100
44,cooking_html/cookingclassy-0322.html,100,100,100,100,100,100
44,cooking_html/foodnetwork-1087.html,100,100,0,100,100,0
44,cooking_html/nytimes-1365.html,100,100,100,100,100,100
44,cooking_html/cookingclassy-1220.html,100,100,100,100,100,100
44,cooking_html/tasty-1062.html,100,0,100,0,100,0
44,cooking_html/foodnetwork-0922.html,100,100,0,100,100,0
44,cooking_html/tasty-0372.html,100,0,100,0,100,0
44,cooking_html/nytimes-0730.html,100,100,100,100,100,100
44,cooking_html/nytimes-0426.html,100,100,100,100,100,100
44,cooking_html/tasty-2311.html,100,0,100,0,100,0
44,cooking_html/foodnetwork-0411.html,100,100,0,100,100,0
44,cooking_html/tasty-0217.html,100,0,100,0,100,0
44,cooking_html/foodnetwork-1457.html,100,100,100,100,100,100
44,cooking_html/allrecipes-0580.html,100,100,100,100,100,100
44,cooking_html/tasty-0128.html,100,0,100,0,100,0
44,cooking_html/nytimes-1447.html,100,100,100,100,100,100
44,cooking_html/cookingclassy-0168.html,100,100,100,100,100,100
44,cooking_html/allrecipes-0173.html,100,100,100,100,100,100
44,cooking_html/foodnetwork-0405.html,100,100,0,100,100,0
44,cooking_html/allrecipes-0756.html,100,100,100,100,100,100
44,cooking_html/tasty-2095.html,100,0,100,100,100,0
44,cooking_html/nytimes-1793.html,100,100,100,100,100,100
44,cooking_html/allrecipes-1330.html,100,100,100,100,100,100
44,cooking_html/cookingclassy-0119.html,100,100,100,100,100,100
44,cooking_html/nytimes-0174.html,100,100,100,100,100,100
44,cooking_html/foodnetwork-0260.html,100,100,100,100,100,100
44,cooking_html/tasty-2163.html,100,0,100,0,100,0
44,cooking_html/tasty-1206.html,100,0,0,0,100,0
44,cooking_html/nytimes-1236.html,100,100,100,100,100,100
44,cooking_html/foodnetwork-1375.html,100,100,0,100,100,0
44,cooking_html/tasty-1967.html,100,0,0,0,100,0
44,cooking_html/allrecipes-1012.html,100,100,100,100,100,100
44,cooking_html/allrecipes-0078.html,100,100,100,100,100,100
44,cooking_html/tasty-2177.html,100,0,100,0,100,0
44,cooking_html/cookingclassy-1291.html,100,100,100,100,100,100
44,cooking_html/tasty-1261.html,100,0,100,0,100,0
44,cooking_html/foodnetwork-0265.html,100,100,0,100,100,0
44,cooking_html/tasty-0763.html,100,0,100,0,100,0
44,cooking_html/tasty-1109.html,100,0,100,0,100,0
44,cooking_html/nytimes-0889.html,100,100,100,100,100,100
44,cooking_html/tasty-2406.html,100,0,100,0,100,0
44,cooking_html/tasty-1231.html,100,0,100,0,100,0
44,cooking_html/nytimes-1540.html,100,100,100,100,100,100
44,cooking_html/cookingclassy-0953.html,100,100,100,100,100,100
44,cooking_html/nytimes-0664.html,100,100,100,100,100,100
44,cooking_html/foodnetwork-0397.html,100,100,100,100,100,100
44,cooking_html/tasty-0392.html,100,0,100,0,100,0
44,cooking_html/tasty-1174.html,100,0,100,0,100,0
44,cooking_html/allrecipes-0939.html,100,100,100,100,100,100
44,cooking_html/foodnetwork-0819.html,100,100,0,100,100,0
44,cooking_html/allrecipes-0650.html,100,0,100,100,100,0
44,cooking_html/cookingclassy-1167.html,100,100,100,100,100,100
44,cooking_html/tasty-0078.html,100,0,100,0,100,0
44,cooking_html/tasty-1513.html,100,0,100,0,100,0
44,cooking_html/tasty-0586.html,100,0,100,0,100,0
44,cooking_html/cookingclassy-0515.html,100,0,100,100,100,0
44,cooking_html/tasty-0332.html,100,0,100,0,100,0
44,cooking_html/tasty-2233.html,100,0,100,0,100,0
44,cooking_html/nytimes-0704.html,100,100,100,100,100,100
44,cooking_html/foodnetwork-0583.html,100,100,0,100,100,0
44,cooking_html/allrecipes-0998.html,100,0,100,100,100,0
44,cooking_html/foodnetwork-1215.html,100,100,100,100,100,100
44,cooking_html/tasty-1035.html,100,0,100,100,100,0
44,cooking_html/tasty-0220.html,100,0,0,0,100,0
44,cooking_html/cookingclassy-0363.html,100,100,100,100,100,100
44,cooking_html/foodnetwork-1261.html,100,100,0,100,100,0
44,cooking_html/nytimes-0741.html,100,100,100,100,100,100
44,cooking_html/foodnetwork-1435.html,100,100,0,100,100,0
44,cooking_html/foodnetwork-1115.html,100,100,100,100,100,100
44,cooking_html/tasty-1445.html,100,0,0,0,100,0
44,cooking_html/tasty-1366.html,100,0,100,0,100,0
44,cooking_html/tasty-0544.html,100,0,100,0,100,0
44,cooking_html/nytimes-1204.html,100,100,100,100,0,0
44,cooking_html/allrecipes-0110.html,100,100,100,100,100,100
44,cooking_html/nytimes-0337.html,100,100,100,100,100,100
44,cooking_html/tasty-1008.html,100,0,100,0,100,0
44,cooking_html/foodnetwork-0894.html,100,100,100,100,100,100
44,cooking_html/cookingclassy-0754.html,100,100,100,100,100,100
44,cooking_html/cookingclassy-0334.html,100,100,100,100,100,100
44,cooking_html/foodnetwork-1759.html,100,100,100,100,100,100
44,cooking_html/nytimes-0152.html,100,100,100,100,100,100
44,cooking_html/tasty-0355.html,100,0,100,0,100,0
44,cooking_html/cookingclassy-0395.html,100,100,100,100,100,100
44,cooking_html/tasty-0643.html,100,0,100,0,100,0
44,cooking_html/foodnetwork-0294.html,100,100,100,100,100,100
44,cooking_html/tasty-1748.html,100,0,0,0,0,0
44,cooking_html/nytimes-0525.html,100,100,100,100,100,100
44,cooking_html/cookingclassy-0016.html,100,100,100,100,100,100
44,cooking_html/nytimes-0274.html,100,100,100,100,100,100
44,cooking_html/foodnetwork-0244.html,100,100,0,100,100,0
44,cooking_html/allrecipes-0281.html,100,100,100,100,100,100
44,cooking_html/tasty-1688.html,100,0,100,100,100,0
44,cooking_html/nytimes-1592.html,100,100,100,100,100,100
44,cooking_html/nytimes-1217.html,100,100,100,100,100,100
44,cooking_html/allrecipes-1453.html,100,0,100,100,100,0
44,cooking_html/allrecipes-0505.html,100,0,100,100,100,0
44,cooking_html/allrecipes-0570.html,100,100,100,100,100,100
44,cooking_html/allrecipes-1207.html,100,100,100,100,100,100
44,cooking_html/tasty-0486.html,100,0,100,0,100,0
44,cooking_html/tasty-1825.html,100,0,100,0,100,0
44,cooking_html/allrecipes-0861.html,100,100,100,100,100,100
44,cooking_html/allrecipes-1317.html,100,100,100,100,100,100
44,cooking_html/foodnetwork-0748.html,100,100,100,100,100,100
44,cooking_html/nytimes-1270.html,100,100,100,100,100,100
44,cooking_html/nytimes-0539.html,100,100,100,100,100,100
44,cooking_html/tasty-0453.html,100,0,100,0,100,0
44,cooking_html/allrecipes-0734.html,100,100,100,100,100,100
44,cooking_html/foodnetwork-0103.html,100,100,0,100,100,0
44,cooking_html/foodnetwork-0706.html,100,100,100,100,100,100
44,cooking_html/nytimes-1880.html,100,100,100,100,100,100
44,cooking_html/cookingclassy-0256.html,100,0,100,100,100,0
44,cooking_html/tasty-1668.html,100,0,100,0,100,0
44,cooking_html/nytimes-0317.html,100,100,100,100,100,100
44,cooking_html/nytimes-1655.html,100,100,100,100,100,100
44,cooking_html/tasty-1440.html,100,0,0,0,100,0
44,cooking_html/nytimes-0514.html,100,100,100,100,100,100
44,cooking_html/tasty-1837.html,100,0,100,100,100,0
44,cooking_html/foodnetwork-0125.html,100,100,0,100,100,0
44,cooking_html/cookingclassy-0816.html,100,100,100,100,100,100
44,cooking_html/tasty-2470.html,100,0,100,0,100,0
44,cooking_html/allrecipes-1007.html,100,100,100,100,100,100
44,cooking_html/nytimes-1073.html,100,100,100,100,100,100
44,cooking_html/cookingclassy-0337.html,100,100,100,100,100,100
44,cooking_html/foodnetwork-0554.html,100,100,100,100,100,100
44,cooking_html/tasty-1550.html,100,0,100,0,100,0
44,cooking_html/foodnetwork-0485.html,100,100,0,100,100,0
44,cooking_html/allrecipes-0797.html,100,0,100,100,100,0
44,cooking_html/nytimes-0669.html,100,100,100,100,100,100
44,cooking_html/cookingclassy-1261.html,100,100,100,100,100,100
44,cooking_html/tasty-1888.html,100,0,100,0,100,0
44,cooking_html/foodnetwork-1649.html,100,100,100,100,100,100
44,cooking_html/cookingclassy-0325.html,100,100,100,100,100,100
44,cooking_html/tasty-1107.html,100,0,100,0,100,0
44,cooking_html/tasty-0752.html,100,0,100,0,100,0
44,cooking_html/foodnetwork-0964.html,100,100,100,100,100,100
44,cooking_html/cookingclassy-0619.html,100,100,100,100,100,100
44,cooking_html/cookingclassy-0563.html,100,100,100,100,100,100
44,cooking_html/cookingclassy-0203.html,100,100,100,100,100,100
44,cooking_html/allrecipes-1183.html,100,100,100,100,100,100
44,cooking_html/tasty-2258.html,100,0,100,0,100,0
44,cooking_html/cookingclassy-1121.html,100,100,100,100,100,100
44,cooking_html/foodnetwork-0074.html,100,100,100,100,100,100
44,cooking_html/nytimes-0611.html,100,100,100,100,100,100
44,cooking_html/tasty-1454.html,100,0,100,0,100,0
44,cooking_html/foodnetwork-0066.html,100,100,100,100,100,100
44,cooking_html/allrecipes-0269.html,100,100,100,100,100,100
44,cooking_html/allrecipes-1633.html,100,100,100,100,100,100
44,cooking_html/cookingclassy-0442.html,100,100,100,100,100,100
44,cooking_html/tasty-0342.html,100,0,100,0,0,0
44,cooking_html/cookingclassy-0863.html,100,0,100,100,100,0
44,cooking_html/allrecipes-0461.html,100,100,100,100,100,100
44,cooking_html/tasty-1001.html,100,0,100,0,100,0
44,cooking_html/nytimes-1929.html,100,100,100,100,100,100
44,cooking_html/foodnetwork-1381.html,100,100,0,100,100,0
44,cooking_html/tasty-2247.html,100,0,100,0,100,0
44,cooking_html/tasty-0780.html,100,0,100,0,100,0
44,cooking_html/cookingclassy-0799.html,100,100,100,100,100,100
44,cooking_html/allrecipes-0754.html,100,100,100,100,100,100
44,cooking_html/foodnetwork-0222.html,100,100,0,100,100,0
44,cooking_html/foodnetwork-2063.html,100,100,0,100,100,0
44,cooking_html/foodnetwork-0333.html,100,100,100,100,100,100
44,cooking_html/cookingclassy-0930.html,100,100,100,100,100,100
44,cooking_html/foodnetwork-1593.html,100,100,100,100,100,100
44,cooking_html/tasty-0150.html,100,0,0,0,100,0
44,cooking_html/cookingclassy-0164.html,100,100,100,100,100,100
44,cooking_html/tasty-1861.html,100,0,100,0,100,0
44,cooking_html/nytimes-0725.html,100,100,100,100,100,100
44,cooking_html/tasty-1094.html,100,0,100,100,0,0
44,cooking_html/tasty-2018.html,100,0,100,100,100,0
44,cooking_html/foodnetwork-0439.html,100,100,100,100,100,100
44,cooking_html/tasty-0788.html,100,0,100,0,100,0
44,cooking_html/tasty-2221.html,100,0,100,0,0,0
44,cooking_html/allrecipes-1352.html,100,0,100,100,100,0
44,cooking_html/nytimes-1384.html,100,100,100,100,100,100
44,cooking_html/tasty-1902.html,100,0,100,0,100,0
44,cooking_html/tasty-0760.html,100,0,100,100,100,0
44,cooking_html/nytimes-1286.html,100,100,100,100,100,100
44,cooking_html/cookingclassy-0701.html,100,100,100,100,100,100
44,cooking_html/tasty-1484.html,100,0,100,0,100,0
44,cooking_html/foodnetwork-1630.html,100,100,0,100,100,0
44,cooking_html/nytimes-0726.html,100,100,100,100,100,100
44,cooking_html/allrecipes-1654.html,100,100,100,100,100,100
44,cooking_html/tasty-1731.html,100,0,100,0,100,0
44,cooking_html/cookingclassy-0128.html,100,100,100,100,100,100
44,cooking_html/tasty-0866.html,100,0,100,0,100,0
44,cooking_html/nytimes-1725.html,100,100,100,100,100,100
44,cooking_html/tasty-1780.html,100,0,100,0,100,0
44,cooking_html/allrecipes-0135.html,100,0,100,100,100,0
44,cooking_html/nytimes-0639.html,100,100,100,100,100,100
44,cooking_html/tasty-0840.html,100,0,100,0,100,0
44,cooking_html/tasty-0180.html,100,0,100,0,100,0
44,cooking_html/tasty-1397.html,100,0,100,0,100,0
44,cooking_html/foodnetwork-0963.html,100,100,0,100,100,0
44,cooking_html/nytimes-0760.html,100,100,100,100,100,100
44,cooking_html/allrecipes-1266.html,100,100,100,100,100,100
44,cooking_html/cookingclassy-0076.html,100,100,100,100,100,100
44,cooking_html/foodnetwork-1664.html,100,100,0,100,100,0
44,cooking_html/allrecipes-0799.html,100,100,100,100,100,100
44,cooking_html/foodnetwork-0865.html,100,100,100,100,100,100
44,cooking_html/foodnetwork-0210.html,100,100,100,100,100,100
44,cooking_html/cookingclassy-0110.html,100,100,100,100,100,100
44,cooking_html/allrecipes-0660.html,100,100,100,100,100,100
44,cooking_html/allrecipes-1648.html,100,100,100,100,100,100
44,cooking_html/foodnetwork-0456.html,100,100,100,100,100,100
44,cooking_html/nytimes-0569.html,100,100,100,100,100,100
44,cooking_html/foodnetwork-0756.html,100,100,100,100,100,100
44,cooking_html/tasty-0011.html,100,0,100,0,100,0
44,cooking_html/nytimes-0393.html,100,100,100,100,100,100
44,cooking_html/allrecipes-1334.html,100,100,100,100,100,100
44,cooking_html/foodnetwork-1312.html,100,100,100,100,100,100
44,cooking_html/foodnetwork-0059.html,100,100,0,100,100,0
44,cooking_html/cookingclassy-0381.html,100,100,100,100,100,100
44,cooking_html/tasty-1353.html,100,0,100,0,100,0
44,cooking_html/foodnetwork-0682.html,100,100,0,100,100,0
44,cooking_html/tasty-1034.html,100,0,100,100,100,0
44,cooking_html/allrecipes-0065.html,100,100,100,100,100,100
44,cooking_html/foodnetwork-0939.html,100,100,100,100,100,100
44,cooking_html/cookingclassy-1170.html,100,100,100,100,100,100
44,cooking_html/cookingclassy-0622.html,100,100,100,100,100,100
44,cooking_html/nytimes-0759.html,100,100,100,100,100,100
44,cooking_html/foodnetwork-0017.html,100,100,0,100,100,0
44,cooking_html/tasty-2041.html,100,0,0,0,100,0
44,cooking_html/nytimes-0261.html,100,100,100,100,100,100
44,cooking_html/allrecipes-0459.html,100,100,100,100,100,100
44,cooking_html/foodnetwork-0545.html,100,100,100,100,100,100
44,cooking_html/cookingclassy-0621.html,100,100,100,100,100,100
44,cooking_html/foodnetwork-0506.html,100,100,0,100,100,0
44,cooking_html/nytimes-1940.html,100,100,100,100,100,100
44,cooking_html/allrecipes-1695.html,100,100,100,100,100,100
44,cooking_html/foodnetwork-0735.html,100,100,100,100,100,100
44,cooking_html/tasty-1111.html,100,0,100,0,100,0
44,cooking_html/tasty-1240.html,100,0,0,0,100,0
44,cooking_html/nytimes-1544.html,100,100,100,100,100,100
44,cooking_html/cookingclassy-0332.html,100,100,100,100,100,100
44,cooking_html/cookingclassy-1288.html,100,100,100,100,100,100
44,cooking_html/allrecipes-0895.html,100,100,100,100,100,100
44,cooking_html/foodnetwork-1928.html,100,100,100,100,100,100
44,cooking_html/cookingclassy-0050.html,100,100,100,100,100,100
44,cooking_html/foodnetwork-0360.html,100,100,100,100,100,100
44,cooking_html/cookingclassy-0690.html,100,100,100,100,100,100
44,cooking_html/tasty-2009.html,100,0,100,0,100,0
44,cooking_html/tasty-0805.html,100,0,0,100,100,0
44,cooking_html/foodnetwork-0195.html,100,100,0,100,100,0
44,cooking_html/cookingclassy-0429.html,100,100,100,100,100,100
44,cooking_html/foodnetwork-0346.html,100,100,100,100,100,100
44,cooking_html/nytimes-0846.html,100,100,100,100,100,100
44,cooking_html/foodnetwork-1114.html,100,100,0,100,100,0
44,cooking_html/tasty-1558.html,100,0,100,0,100,0
44,cooking_html/cookingclassy-0709.html,100,100,100,100,100,100
44,cooking_html/cookingclassy-0121.html,100,100,100,100,100,100
44,cooking_html/foodnetwork-1404.html,100,100,100,100,100,100
44,cooking_html/allrecipes-0743.html,100,100,100,100,100,100
44,cooking_html/tasty-2026.html,100,0,100,0,100,0
44,cooking_html/foodnetwork-0954.html,100,100,100,100,100,100
44,cooking_html/foodnetwork-0028.html,100,100,0,100,100,0
44,cooking_html/cookingclassy-0246.html,100,100,100,100,100,100
44,cooking_html/allrecipes-0568.html,100,100,100,100,100,100
44,cooking_html/tasty-0301.html,100,0,0,0,100,0
44,cooking_html/cookingclassy-0675.html,100,100,100,100,100,100
44,cooking_html/cookingclassy-0940.html,100,100,100,100,100,100
44,cooking_html/nytimes-1872.html,100,100,100,100,100,100
44,cooking_html/tasty-0904.html,100,0,100,0,100,0
44,cooking_html/allrecipes-1441.html,100,100,100,100,100,100
44,cooking_html/tasty-0820.html,100,0,100,0,100,0
44,cooking_html/nytimes-0739.html,100,100,100,100,100,100
44,cooking_html/foodnetwork-1134.html,100,100,100,100,100,100
44,cooking_html/tasty-1903.html,100,0,100,0,100,0
44,cooking_html/tasty-1672.html,100,0,100,0,100,0
44,cooking_html/cookingclassy-1251.html,100,100,100,100,100,100
44,cooking_html/tasty-2141.html,100,0,100,0,100,0
44,cooking_html/tasty-1610.html,100,0,100,0,100,0
44,cooking_html/tasty-0738.html,100,0,100,0,100,0
44,cooking_html/cookingclassy-0022.html,100,100,100,100,100,100
44,cooking_html/nytimes-1297.html,100,100,100,100,100,100
44,cooking_html/nytimes-0160.html,100,100,100,100,100,100
44,cooking_html/allrecipes-0512.html,100,100,100,100,100,100
44,cooking_html/tasty-1074.html,100,0,100,0,100,0
44,cooking_html/allrecipes-1400.html,100,100,100,100,100,100
44,cooking_html/foodnetwork-1228.html,100,100,100,100,100,100
44,cooking_html/foodnetwork-1138.html,100,100,0,100,100,0
44,cooking_html/tasty-2384.html,100,0,100,100,100,0
44,cooking_html/foodnetwork-0354.html,100,100,100,100,100,100
44,cooking_html/foodnetwork-1440.html,100,100,100,100,100,100
44,cooking_html/cookingclassy-0965.html,100,100,100,100,100,100
44,cooking_html/allrecipes-0843.html,100,100,100,100,100,100
44,cooking_html/nytimes-0844.html,100,100,100,100,100,100
44,cooking_html/tasty-1284.html,100,0,100,0,100,0
44,cooking_html/allrecipes-0098.html,100,100,100,100,100,100
44,cooking_html/tasty-0612.html,100,0,100,0,100,0
44,cooking_html/foodnetwork-1465.html,100,100,0,100,100,0
44,cooking_html/tasty-1913.html,100,0,0,0,100,0
44,cooking_html/foodnetwork-0359.html,100,100,100,100,100,100
44,cooking_html/nytimes-0176.html,100,100,100,100,100,100
44,cooking_html/allrecipes-0764.html,100,100,100,100,100,100
44,cooking_html/tasty-1881.html,100,0,100,0,100,0
44,cooking_html/foodnetwork-0018.html,100,100,100,100,100,100
44,cooking_html/foodnetwork-0991.html,100,100,100,100,100,100
44,cooking_html/nytimes-1833.html,100,100,100,100,100,100
44,cooking_html/foodnetwork-0654.html,100,100,0,100,100,0
44,cooking_html/nytimes-1823.html,100,100,100,100,100,100
44,cooking_html/foodnetwork-0133.html,100,100,100,100,100,100
44,cooking_html/nytimes-0414.html,100,100,100,100,100,100
44,cooking_html/nytimes-1121.html,100,100,100,100,0,0
44,cooking_html/tasty-0547.html,100,0,100,0,100,0
44,cooking_html/allrecipes-0878.html,100,100,100,100,100,100
44,cooking_html/nytimes-0805.html,100,100,100,100,100,100
44,cooking_html/allrecipes-1155.html,100,0,100,100,100,0
44,cooking_html/foodnetwork-0200.html,100,100,0,100,100,0
44,cooking_html/nytimes-0384.html,100,100,100,100,100,100
44,cooking_html/allrecipes-1049.html,100,100,100,100,100,100
44,cooking_html/tasty-2361.html,100,0,100,0,100,0
44,cooking_html/tasty-2488.html,100,0,100,0,100,0
44,cooking_html/allrecipes-0374.html,100,100,100,100,100,100
44,cooking_html/allrecipes-1469.html,100,100,100,100,100,100
44,cooking_html/nytimes-0807.html,100,100,100,100,100,100
44,cooking_html/tasty-2210.html,100,0,100,0,100,0
44,cooking_html/cookingclassy-0013.html,100,100,100,100,100,100
44,cooking_html/nytimes-0486.html,100,100,100,100,100,100
44,cooking_html/cookingclassy-0921.html,100,100,100,0,100,0
44,cooking_html/nytimes-1169.html,100,100,100,100,100,100
44,cooking_html/tasty-0508.html,100,0,100,0,100,0
44,cooking_html/nytimes-0962.html,100,100,100,100,100,100
44,cooking_html/cookingclassy-0130.html,100,100,100,100,100,100
44,cooking_html/tasty-1158.html,100,0,100,0,100,0
44,cooking_html/foodnetwork-1515.html,100,100,100,100,100,100
44,cooking_html/cookingclassy-0910.html,100,100,100,100,100,100
44,cooking_html/nytimes-0197.html,100,100,100,100,100,100
44,cooking_html/allrecipes-1017.html,100,100,100,100,100,100
44,cooking_html/allrecipes-0777.html,100,100,100,100,100,100
44,cooking_html/allrecipes-0286.html,100,100,100,100,100,100
44,cooking_html/tasty-1289.html,100,0,100,0,100,0
44,cooking_html/tasty-1532.html,100,0,0,0,0,0
44,cooking_html/foodnetwork-1432.html,100,100,0,100,100,0
44,cooking_html/allrecipes-0891.html,100,100,100,100,100,100
44,cooking_html/tasty-2456.html,100,0,100,100,100,0
44,cooking_html/tasty-1562.html,100,0,100,0,100,0
44,cooking_html/tasty-1749.html,100,0,100,0,100,0
44,cooking_html/foodnetwork-0054.html,100,100,0,100,100,0
44,cooking_html/foodnetwork-0452.html,100,100,0,100,100,0
44,cooking_html/nytimes-0832.html,100,100,100,100,100,100
44,cooking_html/tasty-0819.html,100,0,0,100,100,0
44,cooking_html/allrecipes-0796.html,100,100,100,100,100,100
44,cooking_html/foodnetwork-1286.html,100,100,100,100,100,100
44,cooking_html/nytimes-1200.html,100,100,100,100,100,100
44,cooking_html/cookingclassy-1298.html,100,100,100,100,100,100
44,cooking_html/tasty-1069.html,100,0,0,100,100,0
44,cooking_html/cookingclassy-0723.html,100,100,100,100,100,100
44,cooking_html/foodnetwork-0968.html,100,100,100,100,100,100
44,cooking_html/cookingclassy-0439.html,100,0,100,100,100,0
44,cooking_html/allrecipes-0243.html,100,100,100,100,100,100
44,cooking_html/tasty-0890.html,100,0,100,0,100,0
44,cooking_html/foodnetwork-0523.html,100,100,100,100,100,100
44,cooking_html/tasty-0132.html,100,0,100,0,100,0
44,cooking_html/nytimes-1074.html,100,100,100,100,100,100
44,cooking_html/nytimes-1411.html,100,100,100,100,100,100
44,cooking_html/foodnetwork-0959.html,100,100,0,100,100,0
44,cooking_html/nytimes-1923.html,100,100,100,100,100,100
44,cooking_html/foodnetwork-0772.html,100,100,0,100,100,0
44,cooking_html/tasty-2226.html,100,0,100,0,100,0
44,cooking_html/foodnetwork-1026.html,100,100,100,100,100,100
44,cooking_html/cookingclassy-1015.html,100,100,100,100,100,100
44,cooking_html/foodnetwork-0657.html,100,100,0,100,100,0
44,cooking_html/tasty-1973.html,100,0,100,100,100,0
44,cooking_html/nytimes-1681.html,100,100,100,100,100,100
44,cooking_html/foodnetwork-0821.html,100,100,0,100,100,0
44,cooking_html/foodnetwork-0490.html,100,100,100,100,100,100
44,cooking_html/foodnetwork-1733.html,100,100,100,100,100,100
44,cooking_html/allrecipes-1406.html,100,100,100,100,100,100
44,cooking_html/tasty-0568.html,100,0,100,0,100,0
44,cooking_html/nytimes-1184.html,100,100,100,100,100,100
44,cooking_html/foodnetwork-0579.html,100,100,100,100,100,100
44,cooking_html/tasty-0732.html,100,0,100,100,100,0
44,cooking_html/nytimes-0976.html,100,100,100,100,100,100
44,cooking_html/nytimes-1381.html,100,100,100,100,100,100
44,cooking_html/allrecipes-0859.html,100,100,100,100,100,100
44,cooking_html/nytimes-0630.html,100,100,100,100,100,100
44,cooking_html/foodnetwork-1778.html,100,100,100,100,100,100
44,cooking_html/nytimes-1853.html,100,100,100,100,100,100
44,cooking_html/tasty-0138.html,100,0,100,0,100,0
44,cooking_html/allrecipes-0024.html,100,100,100,100,100,100
44,cooking_html/tasty-2244.html,100,0,100,0,100,0
44,cooking_html/allrecipes-0001.html,100,100,100,100,100,100
44,cooking_html/nytimes-0602.html,100,100,100,100,100,100
44,cooking_html/nytimes-1882.html,100,100,100,100,100,100
44,cooking_html/tasty-0304.html,100,0,100,0,100,0
44,cooking_html/tasty-2242.html,100,0,100,0,100,0
44,cooking_html/allrecipes-1698.html,100,100,100,100,100,100
44,cooking_html/allrecipes-0075.html,100,100,100,100,100,100
44,cooking_html/foodnetwork-1045.html,100,100,100,100,100,100
44,cooking_html/tasty-2263.html,100,0,100,0,100,0
44,cooking_html/nytimes-2004.html,100,100,100,100,100,100
44,cooking_html/cookingclassy-0707.html,100,100,100,100,100,100
44,cooking_html/cookingclassy-0348.html,100,100,100,100,100,100
44,cooking_html/tasty-0288.html,100,0,100,0,0,0
44,cooking_html/allrecipes-0090.html,100,100,100,100,100,100
44,cooking_html/nytimes-1477.html,100,100,100,100,100,100
44,cooking_html/nytimes-1103.html,100,100,100,100,100,100
44,cooking_html/tasty-1770.html,100,0,100,0,100,0
44,cooking_html/cookingclassy-1032.html,100,100,100,100,100,100
44,cooking_html/tasty-1862.html,100,0,100,0,100,0
44,cooking_html/foodnetwork-1437.html,100,100,0,100,100,0
44,cooking_html/nytimes-0156.html,100,100,100,100,100,100
44,cooking_html/foodnetwork-1244.html,100,100,100,100,100,100
44,cooking_html/foodnetwork-2210.html,100,100,0,100,100,0
44,cooking_html/tasty-1992.html,100,0,100,0,100,0
44,cooking_html/allrecipes-0692.html,100,100,100,100,100,100
44,cooking_html/foodnetwork-1376.html,100,100,0,100,100,0
44,cooking_html/cookingclassy-1211.html,100,100,100,100,100,100
44,cooking_html/tasty-1452.html,100,0,100,0,100,0
44,cooking_html/tasty-0211.html,100,0,100,0,100,0
44,cooking_html/allrecipes-0354.html,100,100,100,100,100,100
44,cooking_html/allrecipes-1180.html,100,100,100,100,100,100
44,cooking_html/nytimes-1713.html,100,100,100,100,100,100
44,cooking_html/cookingclassy-0882.html,100,0,100,100,100,0
44,cooking_html/tasty-0119.html,100,0,0,0,100,0
44,cooking_html/nytimes-1899.html,100,100,100,100,100,100
44,cooking_html/nytimes-1120.html,100,100,100,100,100,100
44,cooking_html/foodnetwork-0937.html,100,100,100,100,100,100
44,cooking_html/foodnetwork-0020.html,100,100,100,100,100,100
44,cooking_html/tasty-0202.html,100,0,100,0,100,0
44,cooking_html/foodnetwork-0705.html,100,100,0,100,100,0
44,cooking_html/allrecipes-0593.html,100,100,100,100,100,100
44,cooking_html/nytimes-0177.html,100,100,100,100,100,100
44,cooking_html/allrecipes-1271.html,100,100,100,100,100,100
44,cooking_html/allrecipes-0042.html,100,100,100,100,100,100
44,cooking_html/nytimes-0332.html,100,100,100,100,100,100
44,cooking_html/allrecipes-0944.html,100,100,100,100,100,100
44,cooking_html/tasty-1615.html,100,0,100,0,100,0
44,cooking_html/tasty-0778.html,100,0,100,0,100,0
44,cooking_html/foodnetwork-1022.html,100,100,100,100,100,100
44,cooking_html/foodnetwork-1732.html,100,100,0,100,100,0
44,cooking_html/foodnetwork-0254.html,100,100,100,100,100,100
44,cooking_html/allrecipes-0274.html,100,100,100,100,100,100
44,cooking_html/tasty-0933.html,100,0,100,0,100,0
44,cooking_html/tasty-1653.html,100,0,100,100,100,0
44,cooking_html/tasty-0501.html,100,0,100,0,100,0
44,cooking_html/allrecipes-0548.html,100,0,100,100,100,0
44,cooking_html/cookingclassy-0521.html,100,100,100,100,100,100
44,cooking_html/allrecipes-0369.html,100,0,100,100,100,0
44,cooking_html/tasty-2444.html,100,0,0,0,100,0
44,cooking_html/nytimes-0207.html,100,100,100,100,100,100
44,cooking_html/nytimes-1821.html,100,100,100,100,100,100
44,cooking_html/foodnetwork-1189.html,100,100,100,100,100,100
44,cooking_html/foodnetwork-0625.html,100,100,100,100,100,100
44,cooking_html/tasty-0315.html,100,0,100,0,100,0
44,cooking_html/tasty-2429.html,100,0,100,100,100,0
44,cooking_html/foodnetwork-0678.html,100,100,100,100,100,100
44,cooking_html/nytimes-0505.html,100,100,100,100,100,100
44,cooking_html/foodnetwork-0412.html,100,100,0,100,100,0
44,cooking_html/nytimes-1762.html,100,100,100,100,100,100
44,cooking_html/nytimes-0428.html,100,100,100,100,100,100
44,cooking_html/allrecipes-0967.html,100,100,100,100,100,100
44,cooking_html/cookingclassy-1111.html,100,100,100,100,100,100
44,cooking_html/nytimes-0742.html,100,100,100,100,100,100
44,cooking_html/tasty-0034.html,100,0,0,0,100,0
44,cooking_html/tasty-1131.html,100,0,100,0,100,0
44,cooking_html/foodnetwork-0033.html,100,100,0,100,100,0
44,cooking_html/nytimes-1241.html,100,100,100,100,100,100
44,cooking_html/cookingclassy-0400.html,100,100,100,100,100,100
44,cooking_html/foodnetwork-1200.html,100,100,100,100,100,100
44,cooking_html/nytimes-1202.html,100,100,100,100,100,100
44,cooking_html/cookingclassy-1257.html,100,0,100,100,100,0
44,cooking_html/nytimes-1468.html,100,100,100,100,100,100
44,cooking_html/nytimes-0447.html,100,100,100,100,100,100
44,cooking_html/cookingclassy-0839.html,100,100,100,100,100,100
44,cooking_html/tasty-0110.html,100,0,100,0,100,0
44,cooking_html/nytimes-1179.html,100,100,100,100,100,100
44,cooking_html/cookingclassy-0197.html,100,100,100,100,100,100
44,cooking_html/allrecipes-1112.html,100,100,100,100,100,100
44,cooking_html/tasty-1984.html,100,0,100,0,100,0
44,cooking_html/tasty-0708.html,100,0,100,0,100,0
44,cooking_html/allrecipes-0187.html,100,0,100,100,100,0
44,cooking_html/tasty-0647.html,100,0,0,0,100,0
44,cooking_html/tasty-0531.html,100,0,100,0,100,0
44,cooking_html/tasty-0027.html,100,0,100,0,100,0
44,cooking_html/cookingclassy-0525.html,100,100,100,100,100,100
44,cooking_html/tasty-0298.html,100,0,0,0,100,0
44,cooking_html/tasty-0902.html,100,0,100,100,100,0
44,cooking_html/cookingclassy-0646.html,100,100,100,100,100,100
44,cooking_html/nytimes-1834.html,100,100,100,100,100,100
44,cooking_html/nytimes-0880.html,100,100,100,100,100,100
44,cooking_html/nytimes-1837.html,100,100,100,100,100,100
44,cooking_html/nytimes-0911.html,100,100,100,100,100,100
44,cooking_html/foodnetwork-2061.html,100,100,0,100,100,0
44,cooking_html/allrecipes-1265.html,100,100,100,100,100,100
44,cooking_html/allrecipes-0759.html,100,100,100,100,100,100
44,cooking_html/nytimes-1649.html,100,100,100,100,100,100
44,cooking_html/nytimes-1229.html,100,100,100,100,100,100
44,cooking_html/allrecipes-0215.html,100,100,100,100,100,100
44,cooking_html/tasty-1853.html,100,0,100,0,100,0
44,cooking_html/tasty-1908.html,100,0,100,0,100,0
44,cooking_html/nytimes-0980.html,100,100,100,100,100,100
44,cooking_html/tasty-0935.html,100,0,100,0,100,0
44,cooking_html/nytimes-0367.html,100,100,100,100,100,100
44,cooking_html/nytimes-0118.html,100,100,100,100,100,100
44,cooking_html/nytimes-0351.html,100,100,100,100,100,100
44,cooking_html/tasty-0842.html,100,0,100,0,100,0
44,cooking_html/tasty-0924.html,100,0,100,0,100,0
44,cooking_html/allrecipes-0193.html,100,100,100,100,0,0
44,cooking_html/tasty-1607.html,100,0,100,0,100,0
44,cooking_html/tasty-1044.html,100,0,0,0,100,0
44,cooking_html/nytimes-1471.html,100,100,100,100,100,100
44,cooking_html/tasty-0937.html,100,0,100,100,100,0
44,cooking_html/cookingclassy-0747.html,100,100,100,100,100,100
44,cooking_html/foodnetwork-0974.html,100,100,100,100,100,100
44,cooking_html/foodnetwork-1629.html,100,100,0,100,100,0
44,cooking_html/allrecipes-1680.html,100,100,100,100,100,100
44,cooking_html/nytimes-1003.html,100,100,100,100,100,100
44,cooking_html/tasty-1832.html,100,0,0,0,100,0
44,cooking_html/foodnetwork-1586.html,100,100,0,100,100,0
44,cooking_html/tasty-0156.html,100,0,0,0,100,0
44,cooking_html/tasty-0389.html,100,0,100,0,100,0
44,cooking_html/tasty-0759.html,100,0,0,0,100,0
44,cooking_html/nytimes-0130.html,100,100,100,100,100,100
44,cooking_html/nytimes-0448.html,100,100,100,100,100,100
44,cooking_html/nytimes-1455.html,100,100,100,100,100,100
44,cooking_html/tasty-1955.html,100,0,100,0,100,0
44,cooking_html/nytimes-0110.html,100,100,100,100,100,100
44,cooking_html/nytimes-0558.html,100,100,100,100,100,100
44,cooking_html/tasty-2425.html,100,0,100,0,100,0
44,cooking_html/tasty-2267.html,100,0,100,0,100,0
44,cooking_html/allrecipes-1131.html,100,100,100,100,100,100
44,cooking_html/tasty-1948.html,100,0,0,0,100,0
44,cooking_html/tasty-0843.html,100,0,100,0,100,0
44,cooking_html/allrecipes-0983.html,100,100,100,100,100,100
44,cooking_html/cookingclassy-0302.html,100,100,100,100,100,100
44,cooking_html/tasty-1083.html,100,0,100,100,100,0
44,cooking_html/tasty-2287.html,100,0,100,0,100,0
44,cooking_html/nytimes-2007.html,100,100,100,100,100,100
44,cooking_html/cookingclassy-0247.html,100,100,100,100,100,100
44,cooking_html/cookingclassy-0595.html,100,100,100,100,100,100
44,cooking_html/cookingclassy-0481.html,100,100,100,100,100,100
44,cooking_html/allrecipes-1615.html,100,100,100,100,100,100
44,cooking_html/nytimes-0302.html,100,100,100,100,100,100
44,cooking_html/tasty-2190.html,100,0,100,0,100,0
44,cooking_html/nytimes-0655.html,100,100,100,100,100,100
44,cooking_html/tasty-2399.html,100,0,100,0,100,0
44,cooking_html/foodnetwork-2086.html,100,100,100,100,100,100
44,cooking_html/cookingclassy-0031.html,100,100,100,100,100,100
44,cooking_html/cookingclassy-1067.html,100,100,100,100,100,100
44,cooking_html/tasty-2001.html,100,0,100,0,100,0
44,cooking_html/allrecipes-1399.html,100,100,100,100,100,100
44,cooking_html/allrecipes-1506.html,100,100,100,100,100,100
44,cooking_html/tasty-1636.html,100,0,0,100,100,0
44,cooking_html/allrecipes-0232.html,100,0,100,100,100,0
44,cooking_html/nytimes-0244.html,100,100,100,100,100,100
44,cooking_html/allrecipes-0665.html,100,100,100,100,100,100
44,cooking_html/nytimes-1303.html,100,100,100,100,100,100
44,cooking_html/cookingclassy-0775.html,100,100,100,100,100,100
44,cooking_html/foodnetwork-0966.html,100,100,100,100,100,100
44,cooking_html/allrecipes-1382.html,100,0,100,100,100,0
44,cooking_html/cookingclassy-0674.html,100,100,100,100,100,100
44,cooking_html/allrecipes-1288.html,100,100,100,100,100,100
44,cooking_html/nytimes-1107.html,100,100,100,100,100,100
44,cooking_html/tasty-2427.html,100,0,100,0,100,0
44,cooking_html/tasty-1652.html,100,0,100,0,0,0
44,cooking_html/cookingclassy-0292.html,100,100,100,100,100,100
44,cooking_html/cookingclassy-1131.html,100,100,100,100,100,100
44,cooking_html/cookingclassy-0835.html,100,100,100,100,100,100
44,cooking_html/tasty-0582.html,100,0,100,0,100,0
44,cooking_html/allrecipes-0105.html,100,100,100,100,100,100
44,cooking_html/tasty-1729.html,100,0,0,0,100,0
44,cooking_html/nytimes-1637.html,100,100,100,100,100,100
44,cooking_html/tasty-1215.html,100,0,100,100,100,0
44,cooking_html/allrecipes-1261.html,100,100,100,100,100,100
44,cooking_html/foodnetwork-1836.html,100,100,100,100,100,100
44,cooking_html/cookingclassy-0969.html,100,100,100,100,100,100
44,cooking_html/nytimes-0366.html,100,100,100,100,100,100
44,cooking_html/foodnetwork-1764.html,100,100,0,100,100,0
44,cooking_html/cookingclassy-0342.html,100,100,100,100,100,100
44,cooking_html/allrecipes-0099.html,100,100,100,100,100,100
44,cooking_html/cookingclassy-0229.html,100,100,100,100,100,100
44,cooking_html/tasty-0511.html,100,0,0,0,100,0
44,cooking_html/tasty-0992.html,100,0,0,0,100,0
44,cooking_html/foodnetwork-1784.html,100,100,100,100,100,100
44,cooking_html/nytimes-1702.html,100,100,100,100,100,100
44,cooking_html/tasty-1150.html,100,0,100,0,100,0
44,cooking_html/foodnetwork-2190.html,100,100,100,100,100,100
44,cooking_html/tasty-2479.html,100,0,100,0,100,0
44,cooking_html/allrecipes-1692.html,100,100,100,100,100,100
44,cooking_html/tasty-2419.html,100,0,100,100,100,0
44,cooking_html/nytimes-0662.html,100,100,100,100,100,100
44,cooking_html/nytimes-1980.html,100,100,100,100,100,100
44,cooking_html/nytimes-1973.html,100,100,100,100,100,100
44,cooking_html/nytimes-1897.html,100,100,100,100,100,100
44,cooking_html/allrecipes-0399.html,100,100,100,100,100,100
44,cooking_html/foodnetwork-0809.html,100,100,100,100,100,100
44,cooking_html/nytimes-1607.html,100,100,100,100,100,100
44,cooking_html/tasty-1960.html,100,0,100,100,0,0
44,cooking_html/nytimes-1276.html,100,100,100,100,100,100
44,cooking_html/tasty-1063.html,100,0,100,0,100,0
44,cooking_html/foodnetwork-0035.html,100,100,100,100,100,100
44,cooking_html/tasty-1269.html,100,0,0,0,100,0
44,cooking_html/tasty-0990.html,100,0,100,0,100,0
44,cooking_html/cookingclassy-0654.html,100,100,100,100,100,100
44,cooking_html/tasty-0381.html,100,0,100,0,100,0
44,cooking_html/tasty-0733.html,100,0,100,0,100,0
44,cooking_html/nytimes-1985.html,100,100,100,100,100,100
44,cooking_html/cookingclassy-0963.html,100,100,100,100,100,100
44,cooking_html/nytimes-1842.html,100,100,100,100,100,100
44,cooking_html/foodnetwork-0238.html,100,100,0,100,100,0
44,cooking_html/allrecipes-1237.html,100,100,100,100,100,100
44,cooking_html/tasty-1000.html,100,0,100,0,100,0
44,cooking_html/tasty-1804.html,100,0,0,100,100,0
44,cooking_html/allrecipes-1367.html,100,100,100,100,100,100
44,cooking_html/allrecipes-0166.html,100,100,100,100,100,100
44,cooking_html/tasty-0587.html,100,0,100,0,100,0
44,cooking_html/cookingclassy-1192.html,100,100,100,100,100,100
44,cooking_html/allrecipes-1095.html,100,100,100,100,100,100
44,cooking_html/tasty-2218.html,100,0,100,100,100,0
44,cooking_html/tasty-2089.html,100,0,0,0,100,0
44,cooking_html/foodnetwork-0714.html,100,100,100,100,100,100
44,cooking_html/nytimes-1943.html,100,100,100,100,100,100
44,cooking_html/nytimes-1561.html,100,100,100,100,100,100
44,cooking_html/tasty-1161.html,100,0,100,100,100,0
44,cooking_html/tasty-2139.html,100,0,100,0,100,0
44,cooking_html/tasty-2121.html,100,0,100,100,100,0
44,cooking_html/foodnetwork-0378.html,100,100,100,100,100,100
44,cooking_html/nytimes-0291.html,100,100,100,100,100,100
44,cooking_html/allrecipes-1219.html,100,100,100,100,100,100
44,cooking_html/foodnetwork-0433.html,100,100,100,100,100,100
44,cooking_html/nytimes-0323.html,100,100,100,100,100,100
44,cooking_html/foodnetwork-0723.html,100,100,0,100,100,0
44,cooking_html/allrecipes-0711.html,100,100,100,100,100,100
44,cooking_html/nytimes-0670.html,100,100,100,100,100,100
44,cooking_html/nytimes-1181.html,100,100,100,100,100,100
44,cooking_html/foodnetwork-0296.html,100,100,100,100,100,100
44,cooking_html/cookingclassy-0138.html,100,100,100,100,100,100
44,cooking_html/cookingclassy-0364.html,100,100,100,100,100,100
44,cooking_html/tasty-2412.html,100,0,100,100,100,0
44,cooking_html/allrecipes-1618.html,100,100,100,100,100,100
44,cooking_html/tasty-1047.html,100,0,100,0,100,0
44,cooking_html/allrecipes-1439.html,100,100,100,100,100,100
44,cooking_html/cookingclassy-1088.html,100,100,100,100,100,100
44,cooking_html/foodnetwork-0261.html,100,100,100,100,100,100
44,cooking_html/tasty-2011.html,100,0,100,0,100,0
44,cooking_html/foodnetwork-0744.html,100,100,100,100,100,100
44,cooking_html/nytimes-0077.html,100,100,100,100,100,100
44,cooking_html/allrecipes-0567.html,100,0,100,100,100,0
44,cooking_html/cookingclassy-0821.html,100,100,100,100,100,100
44,cooking_html/tasty-2197.html,100,0,0,0,100,0
44,cooking_html/allrecipes-0826.html,100,0,100,100,100,0
44,cooking_html/tasty-0396.html,100,0,100,0,0,0
44,cooking_html/allrecipes-0137.html,100,100,100,100,100,100
44,cooking_html/foodnetwork-0875.html,100,100,0,100,100,0
44,cooking_html/nytimes-0765.html,100,100,100,100,100,100
44,cooking_html/allrecipes-0949.html,100,100,100,100,100,100
44,cooking_html/tasty-1684.html,100,0,100,100,100,0
44,cooking_html/cookingclassy-0089.html,100,100,100,100,100,100
44,cooking_html/allrecipes-0672.html,100,100,100,100,100,100
44,cooking_html/allrecipes-0027.html,100,100,100,100,100,100
44,cooking_html/foodnetwork-1880.html,100,100,100,100,100,100
44,cooking_html/nytimes-0328.html,100,100,100,100,100,100
44,cooking_html/tasty-0505.html,100,0,100,0,100,0
44,cooking_html/tasty-0784.html,100,0,0,0,100,0
44,cooking_html/allrecipes-1255.html,100,100,100,100,100,100
44,cooking_html/nytimes-0831.html,100,100,100,100,100,100
44,cooking_html/nytimes-1827.html,100,100,100,100,100,100
44,cooking_html/tasty-1511.html,100,0,100,0,100,0
44,cooking_html/tasty-1505.html,100,0,100,0,100,0
44,cooking_html/cookingclassy-1116.html,100,100,100,100,100,100
44,cooking_html/cookingclassy-0533.html,100,100,100,100,100,100
44,cooking_html/foodnetwork-0385.html,100,100,0,100,100,0
44,cooking_html/nytimes-0158.html,100,100,100,100,100,100
44,cooking_html/nytimes-1963.html,100,100,100,100,100,100
44,cooking_html/foodnetwork-0755.html,100,100,100,100,100,100
44,cooking_html/nytimes-1878.html,100,100,100,100,100,100
44,cooking_html/tasty-1028.html,100,0,100,0,100,0
44,cooking_html/cookingclassy-0598.html,100,100,100,100,100,100
44,cooking_html/cookingclassy-0780.html,100,100,100,100,100,100
44,cooking_html/foodnetwork-0721.html,100,100,100,100,100,100
44,cooking_html/nytimes-1394.html,100,100,100,100,100,100
44,cooking_html/foodnetwork-0183.html,100,100,100,100,100,100
44,cooking_html/foodnetwork-0982.html,100,100,100,100,100,100
44,cooking_html/nytimes-0443.html,100,100,100,100,100,100
44,cooking_html/allrecipes-1564.html,100,100,100,100,100,100
44,cooking_html/tasty-0261.html,100,0,100,0,100,0
44,cooking_html/foodnetwork-0769.html,100,100,100,100,100,100
44,cooking_html/tasty-1055.html,100,0,100,0,100,0
44,cooking_html/allrecipes-0959.html,100,100,100,100,100,100
44,cooking_html/allrecipes-0982.html,100,100,100,100,100,100
44,cooking_html/foodnetwork-0546.html,100,100,0,100,100,0
44,cooking_html/cookingclassy-0173.html,100,0,100,100,100,0
44,cooking_html/tasty-0984.html,100,0,100,100,100,0
44,cooking_html/foodnetwork-0386.html,100,100,100,100,100,100
44,cooking_html/nytimes-0184.html,100,100,100,100,100,100
44,cooking_html/allrecipes-1554.html,100,100,100,100,100,100
44,cooking_html/tasty-0484.html,100,0,100,100,100,0
44,cooking_html/cookingclassy-0920.html,100,100,100,100,100,100
44,cooking_html/nytimes-0871.html,100,100,100,100,100,100
44,cooking_html/allrecipes-1200.html,100,100,100,100,100,100
44,cooking_html/foodnetwork-0553.html,100,100,100,100,100,100
44,cooking_html/allrecipes-1166.html,100,0,100,100,100,0
44,cooking_html/nytimes-1296.html,100,100,100,100,100,100
44,cooking_html/allrecipes-0296.html,100,100,100,100,100,100
44,cooking_html/nytimes-1436.html,100,100,100,100,100,100
44,cooking_html/nytimes-1604.html,100,100,100,100,100,100
44,cooking_html/nytimes-0142.html,100,100,100,100,100,100
44,cooking_html/tasty-2256.html,100,0,100,100,100,0
44,cooking_html/nytimes-1962.html,100,100,100,100,100,100
44,cooking_html/cookingclassy-0630.html,100,100,100,100,100,100
44,cooking_html/nytimes-1046.html,100,100,100,100,100,100
44,cooking_html/foodnetwork-0007.html,100,100,0,100,100,0
44,cooking_html/cookingclassy-0773.html,100,100,100,100,100,100
44,cooking_html/allrecipes-1328.html,100,100,100,100,100,100
44,cooking_html/allrecipes-1456.html,100,100,100,100,100,100
44,cooking_html/nytimes-0590.html,100,100,100,100,100,100
44,cooking_html/foodnetwork-0688.html,100,100,100,100,100,100
44,cooking_html/allrecipes-0960.html,100,100,100,100,100,100
44,cooking_html/allrecipes-0731.html,100,0,100,100,100,0
44,cooking_html/foodnetwork-0187.html,100,100,100,100,100,100
44,cooking_html/allrecipes-0344.html,100,100,100,100,100,100
44,cooking_html/cookingclassy-1269.html,100,100,100,100,100,100
44,cooking_html/allrecipes-0259.html,100,100,100,100,100,100
44,cooking_html/allrecipes-0849.html,100,100,100,100,100,100
44,cooking_html/cookingclassy-0643.html,100,100,100,100,100,100
44,cooking_html/cookingclassy-1188.html,100,100,100,100,100,100
44,cooking_html/allrecipes-1125.html,100,100,100,100,100,100
44,cooking_html/foodnetwork-1127.html,100,100,100,100,100,100
44,cooking_html/tasty-2020.html,100,0,100,0,100,0
44,cooking_html/nytimes-1277.html,100,100,100,100,100,100
44,cooking_html/tasty-0165.html,100,0,100,100,100,0
44,cooking_html/foodnetwork-1991.html,100,100,100,100,100,100
44,cooking_html/tasty-1666.html,100,0,100,0,100,0
44,cooking_html/tasty-1822.html,100,0,100,0,100,0
44,cooking_html/cookingclassy-0353.html,100,100,100,100,100,100
44,cooking_html/cookingclassy-0228.html,100,100,100,100,100,100
44,cooking_html/nytimes-1866.html,100,100,100,100,100,100
44,cooking_html/tasty-1370.html,100,0,100,0,100,0
44,cooking_html/tasty-1928.html,100,0,0,0,100,0
44,cooking_html/tasty-2084.html,100,0,100,0,100,0
44,cooking_html/allrecipes-0088.html,100,100,100,100,100,100
44,cooking_html/tasty-1327.html,100,0,100,0,100,0
44,cooking_html/tasty-1595.html,100,0,100,0,100,0
44,cooking_html/cookingclassy-0297.html,100,100,100,100,100,100
44,cooking_html/cookingclassy-0530.html,100,100,100,100,100,100
44,cooking_html/cookingclassy-0994.html,100,100,100,100,100,100
44,cooking_html/allrecipes-0876.html,100,100,100,100,100,100
44,cooking_html/nytimes-0238.html,100,100,100,100,100,100
44,cooking_html/tasty-0155.html,100,0,100,0,100,0
44,cooking_html/nytimes-0671.html,100,100,100,100,100,100
44,cooking_html/nytimes-0205.html,100,100,100,100,100,100
44,cooking_html/tasty-0620.html,100,0,100,0,100,0
44,cooking_html/tasty-2255.html,100,0,100,100,100,0
44,cooking_html/tasty-2031.html,100,0,100,100,100,0
44,cooking_html/nytimes-1085.html,100,100,100,100,100,100
44,cooking_html/tasty-0192.html,100,0,0,0,100,0
44,cooking_html/allrecipes-0673.html,100,100,100,100,100,100
44,cooking_html/allrecipes-1484.html,100,100,100,100,100,100
44,cooking_html/allrecipes-0820.html,100,100,100,100,100,100
44,cooking_html/foodnetwork-0148.html,100,100,100,100,100,100
44,cooking_html/foodnetwork-0798.html,100,100,0,100,100,0
44,cooking_html/nytimes-1377.html,100,100,100,100,100,100
44,cooking_html/tasty-1575.html,100,0,100,100,100,0
44,cooking_html/tasty-1077.html,100,0,0,0,100,0
44,cooking_html/allrecipes-0830.html,100,100,100,100,100,100
44,cooking_html/tasty-0426.html,100,0,100,0,100,0
44,cooking_html/tasty-2487.html,100,0,100,0,100,0
44,cooking_html/allrecipes-0705.html,100,100,100,100,100,100
44,cooking_html/tasty-1543.html,100,0,100,0,100,0
44,cooking_html/nytimes-0515.html,100,100,100,100,100,100
44,cooking_html/nytimes-0728.html,100,100,100,100,100,100
44,cooking_html/tasty-2132.html,100,0,100,0,100,0
44,cooking_html/allrecipes-0464.html,100,0,100,100,100,0
44,cooking_html/cookingclassy-0846.html,100,0,100,100,100,0
44,cooking_html/nytimes-1110.html,100,100,100,100,100,100
44,cooking_html/nytimes-0327.html,100,100,100,100,100,100
44,cooking_html/cookingclassy-1180.html,100,100,100,100,100,100
44,cooking_html/allrecipes-0253.html,100,100,100,100,100,100
44,cooking_html/foodnetwork-0611.html,100,100,0,100,100,0
44,cooking_html/tasty-2008.html,100,0,100,0,100,0
44,cooking_html/nytimes-0247.html,100,100,100,100,100,100
44,cooking_html/allrecipes-0443.html,100,0,100,100,100,0
44,cooking_html/tasty-1734.html,100,0,100,0,100,0
44,cooking_html/cookingclassy-0126.html,100,100,100,100,100,100
44,cooking_html/allrecipes-0889.html,100,100,100,100,100,100
44,cooking_html/cookingclassy-0449.html,100,100,0,100,100,0
44,cooking_html/allrecipes-1423.html,100,100,100,100,100,100
44,cooking_html/tasty-2333.html,100,0,100,0,100,0
44,cooking_html/nytimes-1617.html,100,100,100,100,100,100
44,cooking_html/nytimes-1407.html,100,100,100,100,100,100
44,cooking_html/allrecipes-1346.html,100,100,100,100,100,100
44,cooking_html/cookingclassy-0473.html,100,100,100,100,100,100
44,cooking_html/allrecipes-0561.html,100,0,100,100,100,0
44,cooking_html/tasty-1186.html,100,0,0,0,100,0
44,cooking_html/cookingclassy-0213.html,100,100,100,100,100,100
44,cooking_html/allrecipes-1043.html,100,100,100,100,100,100
44,cooking_html/cookingclassy-0196.html,100,100,100,100,100,100
44,cooking_html/nytimes-1367.html,100,100,100,100,100,100
44,cooking_html/foodnetwork-0063.html,100,100,100,100,100,100
44,cooking_html/tasty-0294.html,100,0,100,0,100,0
44,cooking_html/allrecipes-1597.html,100,100,100,100,100,100
44,cooking_html/foodnetwork-0317.html,100,100,100,100,100,100
44,cooking_html/allrecipes-0446.html,100,0,100,100,100,0
44,cooking_html/tasty-0145.html,100,0,100,0,100,0
44,cooking_html/nytimes-1993.html,100,100,100,100,100,100
44,cooking_html/nytimes-0713.html,100,100,100,100,100,100
44,cooking_html/nytimes-0422.html,100,100,100,100,100,100
44,cooking_html/cookingclassy-0051.html,100,100,100,100,100,100
44,cooking_html/nytimes-0208.html,100,100,100,100,100,100
44,cooking_html/allrecipes-0773.html,100,100,100,100,100,100
44,cooking_html/tasty-1551.html,100,0,0,0,100,0
44,cooking_html/nytimes-0595.html,100,100,100,100,100,100
44,cooking_html/nytimes-1406.html,100,100,100,100,100,100
44,cooking_html/nytimes-0072.html,100,100,100,100,100,100
44,cooking_html/nytimes-1114.html,100,100,100,100,100,100
44,cooking_html/allrecipes-1664.html,100,100,100,100,100,100
44,cooking_html/nytimes-0695.html,100,100,100,100,100,100
44,cooking_html/foodnetwork-0023.html,100,100,100,100,100,100
44,cooking_html/tasty-0204.html,100,0,100,0,100,0
44,cooking_html/nytimes-1171.html,100,100,100,100,100,100
44,cooking_html/allrecipes-0349.html,100,0,100,100,100,0
44,cooking_html/nytimes-1111.html,100,100,100,100,100,100
44,cooking_html/tasty-2298.html,100,0,100,100,100,0
44,cooking_html/cookingclassy-1041.html,100,100,100,100,100,100
44,cooking_html/tasty-2458.html,100,0,100,0,100,0
44,cooking_html/nytimes-1077.html,100,100,100,100,100,100
44,cooking_html/allrecipes-0670.html,100,100,100,100,100,100
44,cooking_html/tasty-1620.html,100,0,0,0,100,0
44,cooking_html/cookingclassy-0610.html,100,100,100,100,100,100
44,cooking_html/tasty-0951.html,100,0,100,0,100,0
44,cooking_html/allrecipes-0714.html,100,100,100,100,100,100
44,cooking_html/tasty-1368.html,100,0,100,0,100,0
44,cooking_html/allrecipes-0581.html,100,100,100,100,100,100
44,cooking_html/allrecipes-0000.html,100,100,100,100,100,100
44,cooking_html/foodnetwork-1406.html,100,100,100,100,100,100
44,cooking_html/cookingclassy-0976.html,100,100,100,100,100,100
44,cooking_html/foodnetwork-1474.html,100,100,100,100,100,100
44,cooking_html/allrecipes-1450.html,100,100,100,100,100,100
44,cooking_html/cookingclassy-0267.html,100,100,100,100,100,100
44,cooking_html/tasty-1155.html,100,0,100,0,100,0
44,cooking_html/nytimes-0681.html,100,100,100,100,100,100
44,cooking_html/tasty-0693.html,100,0,100,0,100,0
44,cooking_html/allrecipes-0415.html,100,100,100,100,100,100
44,cooking_html/nytimes-0711.html,100,100,100,100,100,100
44,cooking_html/allrecipes-1027.html,100,100,100,100,100,100
44,cooking_html/nytimes-0069.html,100,100,100,100,100,100
44,cooking_html/allrecipes-0388.html,100,100,100,100,100,100
44,cooking_html/nytimes-1696.html,100,100,100,100,100,100
44,cooking_html/foodnetwork-1595.html,100,100,0,100,100,0
44,cooking_html/foodnetwork-1640.html,100,100,0,100,100,0
44,cooking_html/nytimes-1829.html,100,100,100,100,100,100
44,cooking_html/cookingclassy-1066.html,100,100,100,0,100,0
44,cooking_html/tasty-2044.html,100,0,100,0,100,0
44,cooking_html/allrecipes-1537.html,100,100,100,100,100,100
44,cooking_html/nytimes-1096.html,100,100,100,100,100,100
44,cooking_html/cookingclassy-0569.html,100,100,100,100,100,100
44,cooking_html/tasty-1831.html,100,0,100,0,100,0
44,cooking_html/foodnetwork-1096.html,100,100,0,100,100,0
44,cooking_html/nytimes-1106.html,100,100,100,100,100,100
44,cooking_html/nytimes-0319.html,100,100,100,100,100,100
44,cooking_html/tasty-2076.html,100,0,100,0,100,0
44,cooking_html/allrecipes-0126.html,100,100,100,100,100,100
44,cooking_html/cookingclassy-1264.html,100,100,100,100,100,100
44,cooking_html/tasty-1814.html,100,0,100,0,100,0
44,cooking_html/nytimes-0198.html,100,100,100,100,100,100
44,cooking_html/nytimes-1680.html,100,100,100,100,100,100
44,cooking_html/tasty-0892.html,100,0,100,0,100,0
44,cooking_html/foodnetwork-0903.html,100,100,100,100,100,100
44,cooking_html/cookingclassy-0162.html,100,100,100,0,100,0
44,cooking_html/nytimes-1348.html,100,100,100,100,100,100
44,cooking_html/tasty-1709.html,100,0,100,0,100,0
44,cooking_html/tasty-0124.html,100,0,100,0,100,0
44,cooking_html/tasty-0750.html,100,0,0,0,100,0
44,cooking_html/nytimes-1320.html,100,100,100,100,100,100
44,cooking_html/tasty-2217.html,100,0,100,0,100,0
44,cooking_html/allrecipes-0332.html,100,100,100,100,100,100
44,cooking_html/allrecipes-1610.html,100,100,100,100,100,100
44,cooking_html/tasty-0868.html,100,0,0,0,100,0
44,cooking_html/nytimes-0159.html,100,100,100,100,100,100
44,cooking_html/cookingclassy-0038.html,100,100,100,100,100,100
44,cooking_html/allrecipes-1629.html,100,100,100,100,100,100
44,cooking_html/foodnetwork-0941.html,100,100,0,100,100,0
44,cooking_html/cookingclassy-0092.html,100,100,100,100,100,100
44,cooking_html/nytimes-1390.html,100,100,100,100,100,100
44,cooking_html/allrecipes-1449.html,100,0,100,100,100,0
44,cooking_html/foodnetwork-0171.html,100,100,0,100,100,0
44,cooking_html/tasty-0191.html,100,0,100,0,100,0
44,cooking_html/tasty-0143.html,100,0,100,0,100,0
44,cooking_html/tasty-1404.html,100,0,100,0,100,0
44,cooking_html/nytimes-1602.html,100,100,100,100,100,100
44,cooking_html/nytimes-0439.html,100,100,100,100,100,100
44,cooking_html/foodnetwork-0476.html,100,100,0,100,100,0
44,cooking_html/cookingclassy-0087.html,100,100,100,100,100,100
44,cooking_html/allrecipes-0653.html,100,100,100,100,100,100
44,cooking_html/tasty-1157.html,100,0,100,0,100,0
44,cooking_html/cookingclassy-1185.html,100,100,100,100,100,100
44,cooking_html/nytimes-0324.html,100,100,100,100,100,100
44,cooking_html/allrecipes-0327.html,100,0,100,100,100,0
44,cooking_html/nytimes-0687.html,100,100,100,100,100,100
44,cooking_html/tasty-1841.html,100,0,100,0,100,0
44,cooking_html/foodnetwork-1760.html,100,100,100,100,100,100
44,cooking_html/allrecipes-0140.html,100,0,100,100,100,0
44,cooking_html/nytimes-2017.html,100,100,100,100,100,100
44,cooking_html/nytimes-0025.html,100,100,100,100,100,100
44,cooking_html/tasty-0017.html,100,0,0,0,100,0
44,cooking_html/foodnetwork-0841.html,100,100,0,100,100,0
44,cooking_html/tasty-1782.html,100,0,0,0,100,0
44,cooking_html/nytimes-1432.html,100,100,100,100,100,100
44,cooking_html/foodnetwork-0356.html,100,100,100,100,100,100
44,cooking_html/foodnetwork-2183.html,100,100,100,100,100,100
44,cooking_html/allrecipes-0667.html,100,100,100,100,100,100
44,cooking_html/foodnetwork-0566.html,100,100,100,100,100,100
44,cooking_html/tasty-1711.html,100,0,100,0,100,0
44,cooking_html/allrecipes-1115.html,100,100,100,100,100,100
44,cooking_html/tasty-0170.html,100,0,100,0,100,0
44,cooking_html/tasty-1501.html,100,0,100,0,100,0
44,cooking_html/nytimes-0769.html,100,100,100,100,100,100
44,cooking_html/allrecipes-0620.html,100,100,100,100,100,100
44,cooking_html/allrecipes-0362.html,100,100,100,100,100,100
44,cooking_html/nytimes-0427.html,100,100,100,100,100,100
44,cooking_html/cookingclassy-0788.html,100,100,100,100,100,100
44,cooking_html/cookingclassy-0084.html,100,100,100,100,100,100
44,cooking_html/nytimes-0939.html,100,100,100,100,100,100
44,cooking_html/tasty-0184.html,100,0,100,0,100,0
44,cooking_html/nytimes-1414.html,100,100,100,100,100,100
44,cooking_html/tasty-2220.html,100,0,100,0,100,0
44,cooking_html/foodnetwork-0692.html,100,100,0,100,100,0
44,cooking_html/allrecipes-1314.html,100,100,100,100,100,100
44,cooking_html/tasty-1386.html,100,0,100,0,100,0
44,cooking_html/nytimes-1248.html,100,100,100,100,100,100
44,cooking_html/nytimes-1801.html,100,100,100,100,100,100
44,cooking_html/foodnetwork-0167.html,100,100,100,100,100,100
44,cooking_html/tasty-2460.html,100,0,100,0,100,0
44,cooking_html/nytimes-1513.html,100,100,100,100,100,100
44,cooking_html/foodnetwork-0526.html,100,100,0,100,100,0
44,cooking_html/nytimes-0249.html,100,100,100,100,100,100
44,cooking_html/nytimes-0582.html,100,100,100,100,0,0
44,cooking_html/nytimes-1344.html,100,100,100,100,100,100
44,cooking_html/foodnetwork-0559.html,100,100,100,100,100,100
44,cooking_html/tasty-1629.html,100,0,0,100,100,0
44,cooking_html/cookingclassy-1184.html,100,100,100,100,100,100
44,cooking_html/tasty-0402.html,100,0,100,0,100,0
44,cooking_html/nytimes-0668.html,100,100,100,100,100,100
44,cooking_html/tasty-2265.html,100,0,100,100,100,0
44,cooking_html/allrecipes-0089.html,100,100,100,100,100,100
44,cooking_html/foodnetwork-1561.html,100,100,0,100,100,0
44,cooking_html/tasty-0080.html,100,0,100,0,100,0
44,cooking_html/cookingclassy-1050.html,100,100,100,100,100,100
44,cooking_html/foodnetwork-0064.html,100,100,0,100,100,0
44,cooking_html/foodnetwork-0466.html,100,100,100,100,100,100
44,cooking_html/allrecipes-1595.html,100,100,100,100,100,100
44,cooking_html/tasty-2087.html,100,0,100,100,100,0
44,cooking_html/nytimes-0966.html,100,100,100,100,100,100
44,cooking_html/allrecipes-0083.html,100,100,100,100,100,100
44,cooking_html/allrecipes-1229.html,100,100,100,100,100,100
44,cooking_html/foodnetwork-0791.html,100,100,100,100,100,100
44,cooking_html/tasty-0084.html,100,0,100,0,100,0
44,cooking_html/nytimes-0936.html,100,100,100,100,100,100
44,cooking_html/cookingclassy-0064.html,100,100,100,100,100,100
44,cooking_html/nytimes-0615.html,100,100,100,100,100,100
44,cooking_html/foodnetwork-1841.html,100,100,100,100,100,100
44,cooking_html/allrecipes-0163.html,100,100,100,100,100,100
44,cooking_html/foodnetwork-1130.html,100,100,100,100,100,100
44,cooking_html/cookingclassy-0794.html,100,100,100,100,100,100
44,cooking_html/allrecipes-1587.html,100,100,100,100,100,100
44,cooking_html/foodnetwork-1835.html,100,100,0,100,100,0
44,cooking_html/allrecipes-1404.html,100,100,100,100,100,100
44,cooking_html/allrecipes-1603.html,100,100,100,100,100,100
44,cooking_html/tasty-1018.html,100,0,100,0,100,0
44,cooking_html/allrecipes-0771.html,100,100,100,100,100,100
44,cooking_html/cookingclassy-0884.html,100,100,100,100,100,100
44,cooking_html/nytimes-1505.html,100,100,100,100,100,100
44,cooking_html/foodnetwork-1142.html,100,100,100,100,100,100
44,cooking_html/tasty-0466.html,100,0,100,0,100,0
44,cooking_html/foodnetwork-0956.html,100,100,100,100,100,100
44,cooking_html/tasty-1572.html,100,0,100,0,100,0
44,cooking_html/cookingclassy-1190.html,100,100,100,100,100,100
44,cooking_html/tasty-1724.html,100,0,100,0,100,0
44,cooking_html/tasty-1464.html,100,0,100,100,100,0
44,cooking_html/nytimes-0475.html,100,100,100,100,100,100
44,cooking_html/cookingclassy-0193.html,100,100,100,100,100,100
44,cooking_html/tasty-2279.html,100,0,100,100,100,0
44,cooking_html/foodnetwork-0056.html,100,100,100,100,100,100
44,cooking_html/foodnetwork-1953.html,100,100,100,100,100,100
44,cooking_html/tasty-1656.html,100,0,0,0,100,0
44,cooking_html/cookingclassy-0522.html,100,100,100,100,100,100
44,cooking_html/allrecipes-0007.html,100,100,100,100,100,100
44,cooking_html/allrecipes-0025.html,100,100,100,100,100,100
44,cooking_html/allrecipes-1581.html,100,100,100,100,100,100
44,cooking_html/allrecipes-0825.html,100,0,100,100,100,0
44,cooking_html/nytimes-1421.html,100,100,100,100,100,100
44,cooking_html/tasty-1588.html,100,0,100,0,100,0
44,cooking_html/allrecipes-0284.html,100,100,100,100,100,100
44,cooking_html/cookingclassy-1136.html,100,100,100,100,100,100
44,cooking_html/allrecipes-1567.html,100,100,100,100,100,100
44,cooking_html/tasty-1701.html,100,0,100,100,100,0
44,cooking_html/foodnetwork-0427.html,100,100,0,100,100,0
44,cooking_html/cookingclassy-0937.html,100,100,100,100,100,100
44,cooking_html/cookingclassy-0744.html,100,0,100,100,100,0
44,cooking_html/tasty-1300.html,100,0,0,0,100,0
44,cooking_html/tasty-1179.html,100,0,100,0,100,0
44,cooking_html/allrecipes-0496.html,100,0,100,100,100,0
44,cooking_html/nytimes-1316.html,100,100,100,100,100,100
44,cooking_html/allrecipes-0479.html,100,100,100,100,100,100
44,cooking_html/cookingclassy-1153.html,100,100,100,100,100,100
44,cooking_html/allrecipes-1576.html,100,100,100,100,100,100
44,cooking_html/tasty-2430.html,100,0,100,100,100,0
44,cooking_html/cookingclassy-0942.html,100,100,100,100,100,100
44,cooking_html/tasty-0126.html,100,0,100,0,100,0
44,cooking_html/tasty-1580.html,100,0,100,0,100,0
44,cooking_html/nytimes-1514.html,100,100,100,100,100,100
44,cooking_html/allrecipes-1458.html,100,100,100,100,100,100
44,cooking_html/foodnetwork-0429.html,100,100,100,100,100,100
44,cooking_html/cookingclassy-1295.html,100,100,100,100,100,100
44,cooking_html/cookingclassy-0710.html,100,100,100,100,100,100
44,cooking_html/cookingclassy-1292.html,100,100,100,100,100,100
44,cooking_html/nytimes-0974.html,100,100,100,100,100,100
44,cooking_html/allrecipes-0293.html,100,100,100,100,100,100
44,cooking_html/allrecipes-0979.html,100,100,100,100,100,100
44,cooking_html/cookingclassy-0977.html,100,100,100,100,100,100
44,cooking_html/nytimes-0734.html,100,100,100,100,100,100
44,cooking_html/nytimes-1904.html,100,100,100,100,100,100
44,cooking_html/nytimes-1956.html,100,0,100,100,100,0
44,cooking_html/nytimes-1527.html,100,100,100,100,100,100
44,cooking_html/nytimes-1868.html,100,100,100,100,100,100
44,cooking_html/tasty-1920.html,100,0,100,0,0,0
44,cooking_html/foodnetwork-0233.html,100,100,0,100,100,0
44,cooking_html/foodnetwork-1721.html,100,100,100,100,100,100
44,cooking_html/foodnetwork-1918.html,100,100,100,100,100,100
44,cooking_html/tasty-2187.html,100,0,100,0,100,0
44,cooking_html/tasty-0885.html,100,0,100,0,100,0
44,cooking_html/foodnetwork-0422.html,100,100,100,100,100,100
44,cooking_html/foodnetwork-1217.html,100,100,100,100,100,100
44,cooking_html/tasty-1253.html,100,0,100,100,100,0
44,cooking_html/tasty-1721.html,100,0,100,0,100,0
44,cooking_html/tasty-0197.html,100,0,100,0,100,0
44,cooking_html/foodnetwork-0931.html,100,100,100,100,100,100
44,cooking_html/cookingclassy-0613.html,100,100,100,100,100,100
44,cooking_html/tasty-1209.html,100,0,100,0,100,0
44,cooking_html/nytimes-1812.html,100,100,100,100,100,100
44,cooking_html/nytimes-1669.html,100,100,100,100,100,100
44,cooking_html/allrecipes-1623.html,100,100,100,100,100,100
44,cooking_html/cookingclassy-0699.html,100,0,100,100,100,0
44,cooking_html/foodnetwork-1730.html,100,100,0,100,100,0
44,cooking_html/cookingclassy-0282.html,100,0,100,100,100,0
44,cooking_html/foodnetwork-1274.html,100,100,0,100,100,0
44,cooking_html/allrecipes-1119.html,100,100,100,100,100,100
44,cooking_html/foodnetwork-0180.html,100,100,100,100,100,100
44,cooking_html/allrecipes-1213.html,100,100,100,100,100,100
44,cooking_html/tasty-0320.html,100,0,100,0,100,0
44,cooking_html/allrecipes-0180.html,100,100,100,100,100,100
44,cooking_html/nytimes-0148.html,100,100,100,100,100,100
44,cooking_html/foodnetwork-0372.html,100,100,0,100,100,0
44,cooking_html/allrecipes-1424.html,100,100,100,100,100,100
44,cooking_html/tasty-1103.html,100,0,100,0,100,0
44,cooking_html/cookingclassy-0493.html,100,0,100,100,100,0
44,cooking_html/cookingclassy-1049.html,100,100,100,100,100,100
44,cooking_html/allrecipes-1628.html,100,100,100,100,100,100
44,cooking_html/foodnetwork-0387.html,100,100,100,100,100,100
44,cooking_html/tasty-0983.html,100,0,100,0,100,0
44,cooking_html/nytimes-1839.html,100,100,100,100,100,100
44,cooking_html/allrecipes-1681.html,100,100,100,100,100,100
44,cooking_html/allrecipes-1142.html,100,0,100,100,100,0
44,cooking_html/allrecipes-0504.html,100,100,100,100,100,100
44,cooking_html/foodnetwork-0597.html,100,100,0,100,100,0
44,cooking_html/foodnetwork-1626.html,100,100,100,100,100,100
44,cooking_html/cookingclassy-0951.html,100,100,100,100,100,100
44,cooking_html/cookingclassy-1229.html,100,0,100,100,100,0
44,cooking_html/nytimes-0777.html,100,100,100,100,100,100
44,cooking_html/tasty-2369.html,100,0,100,0,100,0
44,cooking_html/nytimes-0401.html,100,100,100,100,100,100
44,cooking_html/cookingclassy-0901.html,100,0,100,100,100,0
44,cooking_html/tasty-0627.html,100,100,100,0,100,0
44,cooking_html/allrecipes-1504.html,100,100,100,100,100,100
44,cooking_html/nytimes-1044.html,100,100,100,100,100,100
44,cooking_html/nytimes-1264.html,100,100,100,100,100,100
44,cooking_html/tasty-0860.html,100,0,100,100,100,0
44,cooking_html/tasty-2134.html,100,0,100,0,0,0
44,cooking_html/cookingclassy-0328.html,100,100,100,100,100,100
44,cooking_html/nytimes-0508.html,100,100,100,100,100,100
44,cooking_html/tasty-0609.html,100,0,100,0,100,0
44,cooking_html/nytimes-0691.html,100,100,100,100,100,100
44,cooking_html/tasty-1938.html,100,0,100,0,100,0
44,cooking_html/foodnetwork-1899.html,100,100,100,100,100,100
44,cooking_html/allrecipes-1040.html,100,100,100,100,100,100
44,cooking_html/nytimes-0478.html,100,100,100,100,100,100
44,cooking_html/tasty-1911.html,100,0,100,0,100,0
44,cooking_html/nytimes-0175.html,100,100,100,100,100,100
44,cooking_html/foodnetwork-1386.html,100,100,0,100,100,0
44,cooking_html/allrecipes-0295.html,100,100,100,100,100,100
44,cooking_html/nytimes-1691.html,100,100,100,100,100,100
44,cooking_html/allrecipes-1103.html,100,100,100,100,100,100
44,cooking_html/nytimes-1309.html,100,100,100,100,100,100
44,cooking_html/tasty-0808.html,100,0,0,0,100,0
44,cooking_html/nytimes-0461.html,100,100,100,100,100,100
44,cooking_html/tasty-2332.html,100,0,100,0,100,0
44,cooking_html/allrecipes-0587.html,100,100,100,100,100,100
44,cooking_html/foodnetwork-1438.html,100,100,0,100,100,0
44,cooking_html/tasty-0127.html,100,0,0,0,100,0
44,cooking_html/nytimes-0500.html,100,100,100,100,100,100
44,cooking_html/cookingclassy-1276.html,100,100,100,100,100,100
44,cooking_html/nytimes-2027.html,100,100,100,100,100,100
44,cooking_html/tasty-0515.html,100,0,0,0,100,0
44,cooking_html/cookingclassy-0593.html,100,100,100,100,100,100
44,cooking_html/allrecipes-0115.html,100,100,100,100,100,100
44,cooking_html/foodnetwork-0895.html,100,100,100,100,100,100
44,cooking_html/tasty-1622.html,100,0,100,0,100,0
44,cooking_html/foodnetwork-0700.html,100,100,0,100,100,0
44,cooking_html/allrecipes-1560.html,100,100,100,100,100,100
44,cooking_html/cookingclassy-1062.html,100,100,100,100,100,100
44,cooking_html/cookingclassy-0405.html,100,100,100,100,100,100
44,cooking_html/tasty-2360.html,100,0,100,0,100,0
44,cooking_html/nytimes-0241.html,100,100,100,100,100,100
44,cooking_html/foodnetwork-1150.html,100,100,100,100,100,100
44,cooking_html/foodnetwork-1160.html,100,100,0,100,100,0
44,cooking_html/cookingclassy-0764.html,100,100,100,100,100,100
44,cooking_html/nytimes-1055.html,100,100,100,100,100,100
44,cooking_html/foodnetwork-1012.html,100,100,0,100,100,0
44,cooking_html/foodnetwork-0962.html,100,100,100,100,100,100
44,cooking_html/foodnetwork-0870.html,100,100,100,100,100,100
44,cooking_html/tasty-1524.html,100,0,100,0,100,0
44,cooking_html/tasty-1715.html,100,0,100,0,100,0
44,cooking_html/foodnetwork-0318.html,100,100,100,100,100,100
44,cooking_html/tasty-1651.html,100,0,100,0,100,0
44,cooking_html/tasty-1771.html,100,0,100,0,100,0
44,cooking_html/foodnetwork-0717.html,100,100,0,100,100,0
44,cooking_html/tasty-0295.html,100,0,100,0,100,0
44,cooking_html/nytimes-1234.html,100,100,100,100,100,100
44,cooking_html/tasty-2485.html,100,0,100,0,100,0
44,cooking_html/foodnetwork-1780.html,100,100,100,100,100,100
44,cooking_html/nytimes-1889.html,100,100,100,100,100,100
44,cooking_html/tasty-0772.html,100,0,100,0,100,0
44,cooking_html/cookingclassy-1194.html,100,100,100,100,100,100
44,cooking_html/tasty-0948.html,100,0,100,0,100,0
44,cooking_html/allrecipes-0546.html,100,100,100,100,100,100
44,cooking_html/nytimes-0817.html,100,100,100,100,100,100
44,cooking_html/tasty-0158.html,100,100,100,0,100,0
44,cooking_html/tasty-0152.html,100,0,100,0,100,0
44,cooking_html/allrecipes-0647.html,100,100,100,100,100,100
44,cooking_html/cookingclassy-0093.html,100,100,100,100,100,100
44,cooking_html/tasty-1362.html,100,0,100,0,100,0
44,cooking_html/foodnetwork-1064.html,100,100,100,100,100,100
44,cooking_html/allrecipes-0942.html,100,100,100,100,100,100
44,cooking_html/foodnetwork-0590.html,100,100,0,100,100,0
44,cooking_html/cookingclassy-1057.html,100,100,100,100,100,100
44,cooking_html/foodnetwork-0500.html,100,100,100,100,100,100
44,cooking_html/nytimes-1349.html,100,100,100,100,100,100
44,cooking_html/foodnetwork-0892.html,100,100,100,100,100,100
44,cooking_html/tasty-0698.html,100,0,100,0,100,0
44,cooking_html/allrecipes-0244.html,100,100,100,100,100,100
44,cooking_html/allrecipes-0014.html,100,100,100,100,100,100
44,cooking_html/tasty-1163.html,100,0,0,0,100,0
44,cooking_html/foodnetwork-0158.html,100,100,100,100,100,100
44,cooking_html/cookingclassy-0372.html,100,100,100,100,100,100
44,cooking_html/tasty-0656.html,100,0,100,0,0,0
44,cooking_html/tasty-0659.html,100,0,100,0,100,0
44,cooking_html/tasty-1274.html,100,0,0,0,100,0
44,cooking_html/tasty-1450.html,100,0,100,0,100,0
44,cooking_html/nytimes-1128.html,100,100,100,100,100,100
44,cooking_html/cookingclassy-1152.html,100,100,100,100,100,100
44,cooking_html/tasty-0770.html,100,0,100,0,100,0
44,cooking_html/foodnetwork-0046.html,100,100,100,100,100,100
44,cooking_html/allrecipes-0841.html,100,100,100,100,100,100
44,cooking_html/nytimes-1618.html,100,100,100,100,100,100
44,cooking_html/allrecipes-0207.html,100,100,100,100,100,100
44,cooking_html/foodnetwork-0174.html,100,100,100,100,100,100
44,cooking_html/cookingclassy-1289.html,100,100,100,100,100,100
44,cooking_html/foodnetwork-2141.html,100,100,100,100,100,100
44,cooking_html/tasty-0664.html,100,0,0,0,100,0
44,cooking_html/tasty-0558.html,100,0,0,0,100,0
44,cooking_html/tasty-0617.html,100,0,100,0,100,0
44,cooking_html/tasty-0225.html,100,0,100,0,100,0
44,cooking_html/nytimes-1573.html,100,100,100,100,100,100
44,cooking_html/allrecipes-0270.html,100,100,100,100,100,100
44,cooking_html/allrecipes-0608.html,100,0,100,100,100,0
44,cooking_html/allrecipes-1306.html,100,100,100,100,100,100
44,cooking_html/tasty-0912.html,100,0,100,0,100,0
44,cooking_html/nytimes-1437.html,100,100,100,100,100,100
44,cooking_html/cookingclassy-0975.html,100,100,100,100,100,100
44,cooking_html/cookingclassy-1045.html,100,100,100,100,100,100
44,cooking_html/tasty-0179.html,100,0,100,0,100,0
44,cooking_html/cookingclassy-0457.html,100,100,100,100,100,100
44,cooking_html/cookingclassy-0820.html,100,100,100,100,100,100
44,cooking_html/allrecipes-1706.html,100,100,100,100,100,100
44,cooking_html/foodnetwork-0496.html,100,100,100,100,100,100
44,cooking_html/nytimes-1253.html,100,100,100,100,100,100
44,cooking_html/allrecipes-0903.html,100,100,100,100,100,100
44,cooking_html/nytimes-0788.html,100,100,100,100,100,100
44,cooking_html/tasty-0644.html,100,0,100,0,100,0
44,cooking_html/foodnetwork-1822.html,100,100,100,100,100,100
44,cooking_html/nytimes-1490.html,100,100,100,100,100,100
44,cooking_html/foodnetwork-0890.html,100,100,0,100,100,0
44,cooking_html/allrecipes-0188.html,100,0,100,100,100,0
44,cooking_html/cookingclassy-1266.html,100,100,100,100,100,100
44,cooking_html/cookingclassy-1302.html,100,100,100,100,100,100
44,cooking_html/allrecipes-0417.html,100,100,100,100,100,100
44,cooking_html/tasty-0652.html,100,0,100,100,100,0
44,cooking_html/allrecipes-1182.html,100,100,100,100,100,100
44,cooking_html/foodnetwork-1663.html,100,100,0,100,100,0
44,cooking_html/nytimes-1434.html,100,100,100,100,100,100
44,cooking_html/allrecipes-1033.html,100,100,100,100,100,100
44,cooking_html/tasty-0336.html,100,0,100,0,100,0
44,cooking_html/tasty-0490.html,100,0,100,0,100,0
44,cooking_html/nytimes-0321.html,100,100,100,100,100,100
44,cooking_html/foodnetwork-0208.html,100,100,100,100,100,100
44,cooking_html/tasty-0865.html,100,0,100,0,100,0
44,cooking_html/allrecipes-0169.html,100,100,100,100,100,100
44,cooking_html/nytimes-0133.html,100,100,100,100,100,100
44,cooking_html/cookingclassy-0226.html,100,100,100,100,100,100
44,cooking_html/foodnetwork-0340.html,100,100,0,100,100,0
44,cooking_html/cookingclassy-0774.html,100,100,100,100,100,100
44,cooking_html/tasty-2061.html,100,0,100,0,100,0
44,cooking_html/nytimes-1156.html,100,100,100,100,100,100
44,cooking_html/tasty-0968.html,100,0,100,100,100,0
44,cooking_html/nytimes-1944.html,100,100,100,100,100,100
44,cooking_html/cookingclassy-0338.html,100,100,100,100,100,100
44,cooking_html/foodnetwork-1621.html,100,100,100,100,100,100
44,cooking_html/tasty-1559.html,100,0,0,0,100,0
44,cooking_html/cookingclassy-0417.html,100,100,100,100,100,100
44,cooking_html/tasty-1381.html,100,0,100,0,100,0
44,cooking_html/allrecipes-0920.html,100,100,100,100,100,100
44,cooking_html/allrecipes-1627.html,100,100,100,100,100,100
44,cooking_html/foodnetwork-0324.html,100,100,100,100,100,100
44,cooking_html/allrecipes-1376.html,100,100,100,100,100,100
44,cooking_html/tasty-0703.html,100,0,100,0,100,0
44,cooking_html/nytimes-0618.html,100,100,100,100,100,100
44,cooking_html/tasty-1124.html,100,0,100,0,100,0
44,cooking_html/foodnetwork-1136.html,100,100,0,100,100,0
44,cooking_html/allrecipes-0988.html,100,100,100,100,100,100
44,cooking_html/tasty-1783.html,100,0,0,0,100,0
44,cooking_html/allrecipes-0283.html,100,100,100,100,100,100
44,cooking_html/nytimes-0848.html,100,100,100,100,100,100
44,cooking_html/allrecipes-0639.html,100,0,100,100,100,0
44,cooking_html/foodnetwork-0458.html,100,100,0,100,100,0
44,cooking_html/foodnetwork-0754.html,100,100,100,100,100,100
44,cooking_html/tasty-2443.html,100,0,100,100,100,0
44,cooking_html/tasty-1308.html,100,0,100,0,100,0
44,cooking_html/foodnetwork-1684.html,100,100,100,100,100,100
44,cooking_html/nytimes-1571.html,100,100,100,100,100,100
44,cooking_html/allrecipes-1583.html,100,0,100,100,100,0
44,cooking_html/tasty-1207.html,100,0,100,0,100,0
44,cooking_html/foodnetwork-1539.html,100,100,0,100,100,0
44,cooking_html/allrecipes-0268.html,100,100,100,100,100,100
44,cooking_html/tasty-2002.html,100,0,100,0,100,0
44,cooking_html/tasty-1613.html,100,0,100,0,100,0
44,cooking_html/nytimes-1341.html,100,100,100,100,100,100
44,cooking_html/nytimes-1873.html,100,100,100,100,100,100
44,cooking_html/nytimes-0057.html,100,100,100,100,100,100
44,cooking_html/tasty-1490.html,100,0,0,0,100,0
44,cooking_html/foodnetwork-0336.html,100,100,0,100,100,0
44,cooking_html/tasty-0235.html,100,0,100,0,100,0
44,cooking_html/cookingclassy-1034.html,100,100,100,100,100,100
44,cooking_html/tasty-1883.html,100,0,100,0,100,0
44,cooking_html/foodnetwork-1450.html,100,100,100,100,100,100
44,cooking_html/nytimes-0383.html,100,100,100,100,100,100
44,cooking_html/nytimes-1249.html,100,100,100,100,100,100
44,cooking_html/nytimes-1695.html,100,100,100,100,100,100
44,cooking_html/tasty-0513.html,100,0,100,0,100,0
44,cooking_html/allrecipes-1454.html,100,100,100,100,100,100
44,cooking_html/cookingclassy-0441.html,100,100,100,100,100,100
44,cooking_html/tasty-2130.html,100,0,100,0,100,0
44,cooking_html/nytimes-0746.html,100,100,100,100,100,100
44,cooking_html/allrecipes-0185.html,100,0,100,100,100,0
44,cooking_html/foodnetwork-1041.html,100,100,0,100,100,0
44,cooking_html/nytimes-1470.html,100,100,100,100,100,100
44,cooking_html/foodnetwork-0332.html,100,100,100,100,100,100
44,cooking_html/nytimes-0278.html,100,100,100,100,100,100
44,cooking_html/tasty-1350.html,100,0,100,0,100,0
44,cooking_html/nytimes-0721.html,100,100,100,100,100,100
44,cooking_html/cookingclassy-1123.html,100,100,100,100,100,100
44,cooking_html/cookingclassy-1222.html,100,100,100,100,100,100
44,cooking_html/tasty-1359.html,100,0,100,0,100,0
44,cooking_html/foodnetwork-1419.html,100,100,100,100,100,100
44,cooking_html/tasty-1487.html,100,0,100,0,100,0
44,cooking_html/tasty-1793.html,100,0,100,0,100,0
44,cooking_html/foodnetwork-0978.html,100,100,0,100,100,0
44,cooking_html/allrecipes-1078.html,100,100,100,100,100,100
44,cooking_html/tasty-2234.html,100,100,100,0,100,0
44,cooking_html/foodnetwork-1157.html,100,100,0,100,100,0
44,cooking_html/nytimes-1999.html,100,0,100,100,100,0
44,cooking_html/nytimes-1614.html,100,100,100,100,100,100
44,cooking_html/tasty-0481.html,100,100,100,0,100,0
44,cooking_html/nytimes-1098.html,100,100,100,100,100,100
44,cooking_html/allrecipes-1285.html,100,100,100,100,100,100
44,cooking_html/cookingclassy-1252.html,100,100,100,100,100,100
44,cooking_html/allrecipes-0074.html,100,100,100,100,100,100
44,cooking_html/cookingclassy-1114.html,100,100,100,100,100,100
44,cooking_html/nytimes-0960.html,100,100,100,100,100,100
44,cooking_html/tasty-2480.html,100,0,100,0,100,0
44,cooking_html/allrecipes-0106.html,100,100,100,100,100,100
44,cooking_html/nytimes-0979.html,100,100,100,100,100,100
44,cooking_html/foodnetwork-1309.html,100,100,100,100,100,100
44,cooking_html/cookingclassy-0272.html,100,0,0,100,100,0
44,cooking_html/nytimes-1828.html,100,100,100,100,100,100
44,cooking_html/allrecipes-0706.html,100,100,100,100,100,100
44,cooking_html/nytimes-0899.html,100,100,100,100,100,100
44,cooking_html/foodnetwork-0118.html,100,100,100,100,100,100
44,cooking_html/allrecipes-0172.html,100,100,100,100,100,100
44,cooking_html/allrecipes-0008.html,100,0,100,100,100,0
44,cooking_html/cookingclassy-0947.html,100,100,100,100,100,100
44,cooking_html/nytimes-0285.html,100,100,100,100,100,100
44,cooking_html/tasty-1937.html,100,0,100,0,100,0
44,cooking_html/cookingclassy-0745.html,100,100,100,100,100,100
44,cooking_html/tasty-1389.html,100,0,100,0,100,0
44,cooking_html/cookingclassy-0080.html,100,100,100,100,100,100
44,cooking_html/tasty-1064.html,100,0,100,0,100,0
44,cooking_html/allrecipes-0147.html,100,100,100,100,100,100
44,cooking_html/tasty-0841.html,100,0,100,0,100,0
44,cooking_html/nytimes-0523.html,100,100,100,100,100,100
44,cooking_html/tasty-0373.html,100,0,100,0,100,0
44,cooking_html/nytimes-1388.html,100,100,100,100,100,100
44,cooking_html/tasty-1320.html,100,0,100,100,100,0
44,cooking_html/nytimes-0984.html,100,100,100,100,100,100
44,cooking_html/foodnetwork-1719.html,100,100,0,100,100,0
44,cooking_html/foodnetwork-1718.html,100,100,0,100,100,0
44,cooking_html/cookingclassy-0577.html,100,100,100,100,100,100
44,cooking_html/tasty-0975.html,100,0,100,0,100,0
44,cooking_html/tasty-0877.html,100,0,100,0,100,0
44,cooking_html/tasty-2124.html,100,0,100,0,100,0
44,cooking_html/allrecipes-0179.html,100,100,100,100,100,100
44,cooking_html/foodnetwork-1219.html,100,100,100,100,100,100
44,cooking_html/tasty-1117.html,100,0,100,0,100,0
44,cooking_html/allrecipes-0406.html,100,100,100,100,100,100
44,cooking_html/allrecipes-0128.html,100,100,100,100,100,100
44,cooking_html/tasty-0958.html,100,0,100,0,100,0
44,cooking_html/allrecipes-1613.html,100,100,100,100,100,100
44,cooking_html/allrecipes-1455.html,100,100,100,100,100,100
44,cooking_html/foodnetwork-1851.html,100,100,0,100,100,0
44,cooking_html/allrecipes-1147.html,100,0,100,100,100,0
44,cooking_html/cookingclassy-0644.html,100,100,100,100,100,100
44,cooking_html/allrecipes-0909.html,100,100,100,100,100,100
44,cooking_html/foodnetwork-1000.html,100,100,100,100,100,100
44,cooking_html/tasty-0383.html,100,0,100,0,100,0
44,cooking_html/allrecipes-1203.html,100,100,100,100,100,100
44,cooking_html/tasty-1132.html,100,0,100,0,100,0
44,cooking_html/allrecipes-1267.html,100,100,100,100,100,100
44,cooking_html/allrecipes-1324.html,100,100,100,100,100,100
44,cooking_html/allrecipes-1693.html,100,100,100,100,100,100
44,cooking_html/nytimes-0368.html,100,100,100,100,100,100
44,cooking_html/tasty-2028.html,100,0,100,0,0,0
44,cooking_html/allrecipes-0613.html,100,100,100,100,100,100
44,cooking_html/cookingclassy-0116.html,100,100,100,100,100,100
44,cooking_html/nytimes-1790.html,100,100,100,100,100,100
44,cooking_html/nytimes-0005.html,100,100,100,100,100,100
44,cooking_html/foodnetwork-0716.html,100,100,100,100,100,100
44,cooking_html/nytimes-1256.html,100,100,100,100,100,100
44,cooking_html/tasty-0346.html,100,0,100,0,100,0
44,cooking_html/allrecipes-1008.html,100,100,100,100,100,100
44,cooking_html/cookingclassy-0249.html,100,100,100,100,100,100
44,cooking_html/foodnetwork-0279.html,100,100,0,100,100,0
44,cooking_html/allrecipes-0992.html,100,0,100,100,100,0
44,cooking_html/allrecipes-0590.html,100,100,100,100,100,100
44,cooking_html/foodnetwork-0789.html,100,100,100,100,100,100
44,cooking_html/tasty-1956.html,100,0,100,0,100,0
44,cooking_html/allrecipes-1704.html,100,100,100,100,100,100
44,cooking_html/allrecipes-1431.html,100,100,100,100,100,100
44,cooking_html/nytimes-1919.html,100,100,100,100,0,0
44,cooking_html/allrecipes-0150.html,100,100,100,100,100,100
44,cooking_html/tasty-1725.html,100,0,100,0,100,0
44,cooking_html/cookingclassy-0002.html,100,0,100,100,100,0
44,cooking_html/tasty-1258.html,100,0,100,0,100,0
44,cooking_html/tasty-1338.html,100,0,100,0,100,0
44,cooking_html/allrecipes-1497.html,100,100,100,100,100,100
44,cooking_html/foodnetwork-1182.html,100,100,100,100,100,100
44,cooking_html/tasty-1794.html,100,0,100,0,100,0
44,cooking_html/cookingclassy-1001.html,100,100,100,100,100,100
44,cooking_html/allrecipes-0352.html,100,100,100,100,100,100
44,cooking_html/foodnetwork-1577.html,100,100,0,100,100,0
44,cooking_html/cookingclassy-1075.html,100,100,100,100,100,100
44,cooking_html/cookingclassy-0192.html,100,100,100,100,100,100
44,cooking_html/allrecipes-0262.html,100,100,100,100,100,100
44,cooking_html/cookingclassy-0423.html,100,100,100,100,100,100
44,cooking_html/tasty-1746.html,100,0,0,0,100,0
44,cooking_html/tasty-2101.html,100,0,100,0,100,0
44,cooking_html/foodnetwork-0079.html,100,100,100,100,100,100
44,cooking_html/foodnetwork-1197.html,100,100,100,100,100,100
44,cooking_html/tasty-2038.html,100,0,100,0,100,0
44,cooking_html/nytimes-0496.html,100,100,100,100,100,100
44,cooking_html/tasty-0608.html,100,0,100,0,100,0
44,cooking_html/allrecipes-1312.html,100,100,100,100,100,100
44,cooking_html/allrecipes-1625.html,100,100,100,100,100,100
44,cooking_html/tasty-0366.html,100,0,100,100,100,0
44,cooking_html/foodnetwork-0037.html,100,100,100,100,100,100
44,cooking_html/tasty-0837.html,100,0,100,0,100,0
44,cooking_html/foodnetwork-0082.html,100,100,100,100,100,100
44,cooking_html/allrecipes-0955.html,100,100,100,100,100,100
44,cooking_html/foodnetwork-0738.html,100,100,0,100,100,0
44,cooking_html/foodnetwork-0339.html,100,100,100,100,100,100
44,cooking_html/allrecipes-1375.html,100,100,100,100,100,100
44,cooking_html/tasty-1631.html,100,0,100,0,100,0
44,cooking_html/allrecipes-1250.html,100,0,100,100,100,0
44,cooking_html/nytimes-1492.html,100,100,100,100,100,100
44,cooking_html/tasty-0014.html,100,0,100,0,100,0
44,cooking_html/foodnetwork-1697.html,100,100,0,100,100,0
44,cooking_html/cookingclassy-0662.html,100,100,100,100,100,100
44,cooking_html/foodnetwork-1776.html,100,100,100,100,100,100
44,cooking_html/tasty-0419.html,100,0,100,0,100,0
44,cooking_html/cookingclassy-0529.html,100,100,100,100,100,100
44,cooking_html/nytimes-1603.html,100,100,100,100,100,100
44,cooking_html/tasty-1555.html,100,0,100,0,100,0
44,cooking_html/nytimes-0587.html,100,100,100,100,100,100
44,cooking_html/allrecipes-1634.html,100,100,100,100,100,100
44,cooking_html/nytimes-1567.html,100,100,100,100,100,100
44,cooking_html/allrecipes-0323.html,100,100,100,100,100,100
44,cooking_html/foodnetwork-0326.html,100,100,100,100,100,100
44,cooking_html/allrecipes-0936.html,100,100,100,100,100,100
44,cooking_html/tasty-1557.html,100,0,100,0,100,0
44,cooking_html/cookingclassy-0617.html,100,100,100,100,100,100
44,cooking_html/nytimes-0609.html,100,100,100,100,100,100
44,cooking_html/nytimes-1022.html,100,100,100,100,100,100
44,cooking_html/allrecipes-0003.html,100,100,100,100,100,100
44,cooking_html/allrecipes-1048.html,100,100,100,100,100,100
44,cooking_html/cookingclassy-0713.html,100,100,100,100,100,100
44,cooking_html/tasty-2432.html,100,0,100,100,100,0
44,cooking_html/nytimes-0164.html,100,100,100,100,100,100
44,cooking_html/nytimes-1887.html,100,100,100,100,100,100
44,cooking_html/allrecipes-1428.html,100,100,100,100,100,100
44,cooking_html/allrecipes-1069.html,100,100,100,100,100,100
44,cooking_html/foodnetwork-1282.html,100,100,100,100,100,100
44,cooking_html/nytimes-0155.html,100,100,100,100,100,100
44,cooking_html/foodnetwork-0095.html,100,100,0,100,100,0
44,cooking_html/foodnetwork-0567.html,100,100,0,100,100,0
44,cooking_html/tasty-2024.html,100,0,100,100,100,0
44,cooking_html/nytimes-0941.html,100,100,100,100,100,100
44,cooking_html/tasty-0120.html,100,0,100,0,100,0
44,cooking_html/nytimes-1247.html,100,100,100,100,100,100
44,cooking_html/nytimes-1838.html,100,100,100,100,100,100
44,cooking_html/cookingclassy-0345.html,100,100,100,100,100,100
44,cooking_html/tasty-0810.html,100,0,100,0,100,0
44,cooking_html/nytimes-0495.html,100,100,100,100,100,100
44,cooking_html/tasty-1726.html,100,0,100,0,100,0
44,cooking_html/tasty-2186.html,100,0,100,0,100,0
44,cooking_html/nytimes-1535.html,100,100,100,100,100,100
44,cooking_html/cookingclassy-0074.html,100,100,100,100,100,100
44,cooking_html/nytimes-0731.html,100,100,100,100,100,100
44,cooking_html/allrecipes-1004.html,100,100,100,100,100,100
44,cooking_html/tasty-0903.html,100,0,100,0,100,0
44,cooking_html/tasty-1907.html,100,0,100,100,100,0
44,cooking_html/cookingclassy-0688.html,100,100,100,100,100,100
44,cooking_html/foodnetwork-0673.html,100,100,0,100,100,0
44,cooking_html/allrecipes-0441.html,100,100,100,100,100,100
44,cooking_html/tasty-2152.html,100,0,100,0,100,0
44,cooking_html/nytimes-0036.html,100,100,100,100,100,100
44,cooking_html/tasty-2249.html,100,0,100,0,100,0
44,cooking_html/allrecipes-0476.html,100,100,100,100,100,100
44,cooking_html/tasty-1378.html,100,0,100,100,100,0
44,cooking_html/tasty-1172.html,100,0,100,0,100,0
44,cooking_html/tasty-0028.html,100,0,0,0,100,0
44,cooking_html/nytimes-1732.html,100,100,100,100,100,100
44,cooking_html/nytimes-0193.html,100,100,100,100,100,100
44,cooking_html/nytimes-0528.html,100,100,100,100,100,100
44,cooking_html/allrecipes-0649.html,100,0,100,100,100,0
44,cooking_html/tasty-0543.html,100,0,100,0,100,0
44,cooking_html/foodnetwork-1724.html,100,100,0,100,100,0
44,cooking_html/nytimes-0774.html,100,100,100,100,100,100
44,cooking_html/tasty-2486.html,100,0,100,0,100,0
44,cooking_html/nytimes-0553.html,100,100,100,100,100,100
44,cooking_html/foodnetwork-0784.html,100,100,0,100,100,0
44,cooking_html/foodnetwork-0712.html,100,100,100,100,100,100
44,cooking_html/tasty-1473.html,100,0,100,0,100,0
44,cooking_html/tasty-2476.html,100,0,0,0,100,0
44,cooking_html/allrecipes-0373.html,100,0,100,100,100,0
44,cooking_html/nytimes-1783.html,100,100,100,100,100,100
44,cooking_html/allrecipes-0758.html,100,100,100,100,100,100
44,cooking_html/nytimes-2037.html,100,100,100,100,100,100
44,cooking_html/nytimes-0961.html,100,100,100,100,100,100
44,cooking_html/nytimes-1743.html,100,100,100,100,100,100
44,cooking_html/nytimes-1278.html,100,100,100,100,100,100
44,cooking_html/cookingclassy-1134.html,100,100,100,100,100,100
44,cooking_html/tasty-2240.html,100,0,100,0,100,0
44,cooking_html/allrecipes-0957.html,100,100,100,100,100,100
44,cooking_html/allrecipes-1491.html,100,100,100,100,100,100
44,cooking_html/cookingclassy-0578.html,100,100,100,100,100,100
44,cooking_html/allrecipes-1137.html,100,0,100,100,100,0
44,cooking_html/tasty-1846.html,100,0,100,100,100,0
44,cooking_html/allrecipes-0055.html,100,100,100,100,100,100
44,cooking_html/allrecipes-0659.html,100,100,100,100,100,100
44,cooking_html/nytimes-0386.html,100,100,100,100,100,100
44,cooking_html/allrecipes-1068.html,100,100,100,100,100,100
44,cooking_html/tasty-0352.html,100,0,100,0,100,0
44,cooking_html/allrecipes-1694.html,100,100,100,100,100,100
44,cooking_html/tasty-1277.html,100,0,100,100,100,0
44,cooking_html/foodnetwork-0986.html,100,100,100,100,100,100
44,cooking_html/cookingclassy-1235.html,100,0,100,100,100,0
44,cooking_html/tasty-1951.html,100,0,100,0,100,0
44,cooking_html/tasty-1498.html,100,0,100,100,100,0
44,cooking_html/foodnetwork-1389.html,100,100,0,100,100,0
44,cooking_html/cookingclassy-1038.html,100,100,100,100,100,100
44,cooking_html/foodnetwork-0910.html,100,100,100,100,100,100
44,cooking_html/cookingclassy-0147.html,100,100,100,100,100,100
44,cooking_html/nytimes-0417.html,100,100,100,100,100,100
44,cooking_html/foodnetwork-0761.html,100,100,100,100,100,100
44,cooking_html/allrecipes-0273.html,100,100,100,100,100,100
44,cooking_html/allrecipes-1605.html,100,100,100,100,100,100
44,cooking_html/cookingclassy-0785.html,100,100,100,100,100,100
44,cooking_html/allrecipes-1551.html,100,100,100,100,100,100
44,cooking_html/foodnetwork-0722.html,100,100,100,100,100,100
44,cooking_html/allrecipes-0342.html,100,100,100,100,100,100
44,cooking_html/allrecipes-0224.html,100,100,100,100,100,100
44,cooking_html/cookingclassy-0323.html,100,100,100,100,100,100
44,cooking_html/nytimes-0634.html,100,100,100,100,100,100
44,cooking_html/allrecipes-0965.html,100,100,100,100,100,100
44,cooking_html/foodnetwork-0945.html,100,100,100,100,100,100
44,cooking_html/cookingclassy-0594.html,100,100,100,100,100,100
44,cooking_html/nytimes-0497.html,100,100,100,100,100,100
44,cooking_html/nytimes-1640.html,100,100,100,100,100,100
44,cooking_html/cookingclassy-0694.html,100,100,100,100,100,100
44,cooking_html/nytimes-0306.html,100,100,100,100,100,100
44,cooking_html/allrecipes-0225.html,100,100,100,100,100,100
44,cooking_html/nytimes-1861.html,100,100,100,100,100,100
44,cooking_html/cookingclassy-0419.html,100,100,100,100,100,100
44,cooking_html/cookingclassy-0306.html,100,100,100,100,100,100
44,cooking_html/tasty-1483.html,100,0,100,0,100,0
44,cooking_html/tasty-0178.html,100,0,100,0,100,0
44,cooking_html/nytimes-0253.html,100,100,100,100,100,100
44,cooking_html/tasty-0806.html,100,0,100,0,100,0
44,cooking_html/nytimes-0355.html,100,100,100,100,100,100
44,cooking_html/nytimes-1494.html,100,100,100,100,100,100
44,cooking_html/foodnetwork-1394.html,100,100,0,100,100,0
44,cooking_html/nytimes-0429.html,100,100,100,100,100,100
44,cooking_html/nytimes-0754.html,100,100,100,100,100,100
44,cooking_html/cookingclassy-0511.html,100,100,100,100,100,100
44,cooking_html/allrecipes-1135.html,100,100,100,100,100,100
44,cooking_html/tasty-0689.html,100,0,100,0,100,0
44,cooking_html/tasty-0428.html,100,0,100,0,100,0
44,cooking_html/tasty-1358.html,100,0,100,0,100,0
44,cooking_html/tasty-0142.html,100,0,100,0,100,0
44,cooking_html/tasty-0455.html,100,0,100,0,100,0
44,cooking_html/allrecipes-0906.html,100,100,100,100,100,100
44,cooking_html/foodnetwork-1356.html,100,100,0,100,100,0
44,cooking_html/tasty-2178.html,100,0,100,0,100,0
44,cooking_html/nytimes-0047.html,100,100,100,100,100,100
44,cooking_html/nytimes-0369.html,100,100,100,100,100,100
44,cooking_html/allrecipes-1372.html,100,0,100,100,100,0
44,cooking_html/nytimes-1758.html,100,100,100,100,100,100
44,cooking_html/cookingclassy-0931.html,100,100,100,100,100,100
44,cooking_html/tasty-0660.html,100,0,0,100,100,0
44,cooking_html/cookingclassy-1268.html,100,100,100,100,100,100
44,cooking_html/tasty-2093.html,100,0,100,0,100,0
44,cooking_html/nytimes-1065.html,100,100,100,100,100,100
44,cooking_html/tasty-2413.html,100,0,100,100,100,0
44,cooking_html/tasty-1497.html,100,0,100,0,100,0
44,cooking_html/nytimes-0104.html,100,100,100,100,100,100
44,cooking_html/foodnetwork-0665.html,100,100,0,100,100,0
44,cooking_html/allrecipes-1003.html,100,100,100,100,100,100
44,cooking_html/foodnetwork-1359.html,100,100,0,100,100,0
44,cooking_html/foodnetwork-1968.html,100,100,100,100,100,100
44,cooking_html/foodnetwork-0409.html,100,100,0,100,100,0
44,cooking_html/foodnetwork-0316.html,100,100,100,100,100,100
44,cooking_html/allrecipes-0513.html,100,0,100,100,100,0
44,cooking_html/tasty-1455.html,100,0,100,0,100,0
44,cooking_html/cookingclassy-0847.html,100,100,100,100,100,100
44,cooking_html/allrecipes-1370.html,100,100,100,100,100,100
44,cooking_html/tasty-1197.html,100,0,100,0,100,0
44,cooking_html/nytimes-1560.html,100,100,100,100,100,100
44,cooking_html/nytimes-1211.html,100,100,100,100,100,100
44,cooking_html/nytimes-1082.html,100,100,100,100,100,100
44,cooking_html/nytimes-0438.html,100,100,100,100,100,100
44,cooking_html/cookingclassy-1104.html,100,100,100,100,100,100
44,cooking_html/nytimes-0284.html,100,100,100,100,100,100
44,cooking_html/allrecipes-0341.html,100,0,100,100,100,0
44,cooking_html/nytimes-1187.html,100,100,100,100,100,100
44,cooking_html/tasty-1058.html,100,0,100,0,100,0
44,cooking_html/nytimes-1683.html,100,100,100,100,100,100
44,cooking_html/nytimes-0388.html,100,100,100,100,100,100
44,cooking_html/nytimes-1678.html,100,100,100,100,100,100
44,cooking_html/nytimes-1362.html,100,100,100,100,100,100
44,cooking_html/nytimes-1606.html,100,100,100,100,100,100
44,cooking_html/tasty-0090.html,100,0,0,0,100,0
44,cooking_html/allrecipes-0111.html,100,100,100,100,100,100
44,cooking_html/nytimes-1231.html,100,100,100,100,100,100
44,cooking_html/tasty-1549.html,100,0,100,0,100,0
44,cooking_html/tasty-1626.html,100,0,0,0,100,0
44,cooking_html/cookingclassy-1086.html,100,100,100,100,100,100
44,cooking_html/cookingclassy-0649.html,100,0,100,100,100,0
44,cooking_html/allrecipes-1322.html,100,100,100,100,100,100
44,cooking_html/foodnetwork-0057.html,100,100,0,100,100,0
44,cooking_html/tasty-1798.html,100,0,100,0,100,0
44,cooking_html/cookingclassy-0411.html,100,100,100,100,100,100
44,cooking_html/nytimes-0299.html,100,100,100,100,100,100
44,cooking_html/allrecipes-0346.html,100,100,100,100,100,100
44,cooking_html/cookingclassy-1138.html,100,100,100,100,100,100
44,cooking_html/nytimes-0693.html,100,100,100,100,100,100
44,cooking_html/tasty-2350.html,100,0,100,0,100,0
44,cooking_html/nytimes-0703.html,100,100,100,100,100,100
44,cooking_html/tasty-1180.html,100,0,100,0,100,0
44,cooking_html/tasty-2271.html,100,0,100,0,100,0
44,cooking_html/cookingclassy-0017.html,100,100,100,100,100,100
44,cooking_html/allrecipes-1418.html,100,100,100,100,100,100
44,cooking_html/tasty-0347.html,100,0,100,0,100,0
44,cooking_html/allrecipes-0359.html,100,100,100,100,100,100
44,cooking_html/tasty-1210.html,100,0,100,0,100,0
44,cooking_html/foodnetwork-2121.html,100,100,100,100,100,100
44,cooking_html/nytimes-1300.html,100,100,100,100,100,100
44,cooking_html/tasty-0854.html,100,0,100,0,100,0
44,cooking_html/allrecipes-1289.html,100,100,100,100,100,100
44,cooking_html/allrecipes-0925.html,100,100,100,100,100,100
44,cooking_html/nytimes-1768.html,100,100,100,100,100,100
44,cooking_html/tasty-1271.html,100,0,100,0,100,0
44,cooking_html/nytimes-1548.html,100,100,100,100,100,100
44,cooking_html/cookingclassy-0575.html,100,100,100,100,100,100
44,cooking_html/nytimes-1443.html,100,100,100,100,100,100
44,cooking_html/tasty-2259.html,100,0,100,0,100,0
44,cooking_html/tasty-0196.html,100,0,0,100,100,0
44,cooking_html/nytimes-1707.html,100,100,100,100,100,100
44,cooking_html/nytimes-0009.html,100,100,100,100,100,100
44,cooking_html/nytimes-0666.html,100,100,100,100,100,100
44,cooking_html/allrecipes-0058.html,100,100,100,100,100,100
44,cooking_html/allrecipes-0656.html,100,0,100,100,100,0
44,cooking_html/tasty-1085.html,100,0,100,0,100,0
44,cooking_html/nytimes-1050.html,100,100,100,100,100,100
44,cooking_html/tasty-1827.html,100,0,100,0,100,0
44,cooking_html/tasty-1887.html,100,0,100,100,100,0
44,cooking_html/allrecipes-1532.html,100,100,100,100,100,100
44,cooking_html/tasty-2012.html,100,0,100,0,100,0
44,cooking_html/tasty-1128.html,100,0,100,0,100,0
44,cooking_html/tasty-1658.html,100,0,100,100,100,0
44,cooking_html/tasty-0640.html,100,0,100,0,100,0
44,cooking_html/tasty-1310.html,100,0,0,0,100,0
44,cooking_html/tasty-0215.html,100,0,0,0,100,0
44,cooking_html/allrecipes-1235.html,100,100,100,100,100,100
44,cooking_html/cookingclassy-0378.html,100,100,100,100,100,100
44,cooking_html/allrecipes-0077.html,100,100,100,100,100,100
44,cooking_html/foodnetwork-1124.html,100,100,100,100,100,100
44,cooking_html/tasty-0173.html,100,0,100,0,100,0
44,cooking_html/foodnetwork-1722.html,100,100,0,100,100,0
44,cooking_html/foodnetwork-0126.html,100,100,100,100,100,100
44,cooking_html/tasty-0435.html,100,0,100,0,100,0
44,cooking_html/allrecipes-1222.html,100,100,100,100,100,100
44,cooking_html/nytimes-1746.html,100,100,100,100,100,100
44,cooking_html/nytimes-1486.html,100,100,100,100,100,100
44,cooking_html/tasty-0758.html,100,0,100,100,100,0
44,cooking_html/nytimes-1576.html,100,100,100,100,100,100
44,cooking_html/nytimes-0824.html,100,100,100,100,100,100
44,cooking_html/allrecipes-1062.html,100,100,100,100,100,100
44,cooking_html/nytimes-0139.html,100,100,100,100,100,100
44,cooking_html/cookingclassy-0813.html,100,100,100,100,100,100
44,cooking_html/foodnetwork-1077.html,100,100,100,100,100,100
44,cooking_html/nytimes-1859.html,100,100,100,100,100,100
44,cooking_html/tasty-0041.html,100,0,100,0,100,0
44,cooking_html/allrecipes-1653.html,100,100,100,100,100,100
44,cooking_html/nytimes-0682.html,100,100,100,100,100,100
44,cooking_html/nytimes-0308.html,100,100,100,100,100,100
44,cooking_html/allrecipes-0805.html,100,100,100,100,100,100
44,cooking_html/cookingclassy-0808.html,100,100,100,100,100,100
44,cooking_html/tasty-0343.html,100,0,0,0,100,0
44,cooking_html/tasty-2337.html,100,0,100,0,100,0
44,cooking_html/cookingclassy-0859.html,100,100,100,100,100,100
44,cooking_html/tasty-0553.html,100,0,100,0,100,0
44,cooking_html/tasty-1961.html,100,0,0,100,0,0
44,cooking_html/tasty-0147.html,100,0,100,0,100,0
44,cooking_html/nytimes-0987.html,100,100,100,100,100,100
44,cooking_html/allrecipes-0053.html,100,100,100,100,100,100
44,cooking_html/nytimes-0797.html,100,100,100,100,100,100
44,cooking_html/allrecipes-1136.html,100,100,100,100,100,100
44,cooking_html/tasty-0686.html,100,0,100,0,100,0
44,cooking_html/allrecipes-0784.html,100,100,100,100,100,100
44,cooking_html/nytimes-0231.html,100,100,100,100,100,100
44,cooking_html/cookingclassy-0848.html,100,100,100,100,100,100
44,cooking_html/nytimes-0875.html,100,100,100,100,100,100
44,cooking_html/foodnetwork-0794.html,100,100,100,100,100,100
44,cooking_html/tasty-1410.html,100,0,100,0,100,0
44,cooking_html/allrecipes-0255.html,100,100,100,100,100,100
44,cooking_html/allrecipes-0492.html,100,100,100,100,100,100
44,__SUMMARY__,100.00,69.16,89.08,76.34,98.73,61.39
