seed,file,title_presence,location_presence,price_presence,area_presence,bedrooms_presence,bathrooms_presence,all6_presence
44,realestate_html/realtor-1140.html,100,100,100,100,100,100,100
44,realestate_html/rightmove-1714.html,100,100,100,100,100,100,100
44,realestate_html/propertyguru-0416.html,100,100,100,100,100,100,100
44,realestate_html/realtor-1946.html,100,100,100,100,100,100,100
44,realestate_html/zillow-1904.html,100,100,100,100,100,100,100
44,realestate_html/propertyguru-1492.html,100,100,100,100,100,100,100
44,realestate_html/propertyguru-0087.html,100,100,100,100,100,100,100
44,realestate_html/rightmove-1346.html,100,100,100,100,100,100,100
44,realestate_html/propertyguru-1556.html,100,100,100,100,100,100,100
44,realestate_html/realestate-1820.html,100,100,100,100,0,100,0
44,realestate_html/propertyguru-0970.html,100,100,100,100,100,100,100
44,realestate_html/realtor-1240.html,100,100,100,100,100,100,100
44,realestate_html/zillow-1831.html,0,100,100,100,100,100,0
44,realestate_html/propertyguru-1692.html,100,100,100,100,100,100,100
44,realestate_html/realtor-1506.html,100,100,100,100,100,100,100
44,realestate_html/rightmove-0877.html,100,100,100,100,100,100,100
44,realestate_html/realestate-0481.html,100,100,100,100,100,100,100
44,realestate_html/propertyguru-1608.html,100,100,100,100,100,100,100
44,realestate_html/rightmove-0903.html,100,100,100,100,100,100,100
44,realestate_html/rightmove-0622.html,100,100,100,100,100,100,100
44,realestate_html/rightmove-0901.html,100,100,100,100,100,100,100
44,realestate_html/realtor-2005.html,100,100,100,100,100,100,100
44,realestate_html/realtor-1145.html,100,100,100,100,100,100,100
44,realestate_html/realtor-1556.html,100,100,100,100,100,100,100
44,realestate_html/propertyguru-1165.html,100,100,100,100,100,100,100
44,realestate_html/propertyguru-1514.html,100,100,100,100,100,100,100
44,realestate_html/realestate-1091.html,100,100,100,0,100,100,0
44,realestate_html/realtor-1478.html,100,100,100,100,100,100,100
44,realestate_html/propertyguru-0862.html,100,100,100,100,100,100,100
44,realestate_html/rightmove-0881.html,100,100,100,100,100,100,100
44,realestate_html/realtor-0746.html,100,100,100,100,100,100,100
44,realestate_html/realestate-0031.html,100,100,100,100,100,100,100
44,realestate_html/propertyguru-1957.html,100,100,100,100,100,100,100
44,realestate_html/realestate-0398.html,100,100,100,100,100,100,100
44,realestate_html/zillow-0839.html,100,100,100,100,100,100,100
44,realestate_html/realestate-1988.html,100,100,100,100,100,100,100
44,realestate_html/realestate-0557.html,100,100,100,100,100,100,100
44,realestate_html/realtor-0253.html,100,100,100,100,100,100,100
44,realestate_html/zillow-0960.html,100,100,100,100,100,100,100
44,realestate_html/realtor-0269.html,100,100,100,100,100,100,100
44,realestate_html/propertyguru-1321.html,100,100,100,100,100,100,100
44,realestate_html/zillow-0168.html,0,100,100,100,100,100,0
44,realestate_html/rightmove-1911.html,100,100,100,100,100,100,100
44,realestate_html/rightmove-0396.html,100,100,100,100,100,100,100
44,realestate_html/realestate-0617.html,100,100,100,100,100,100,100
44,realestate_html/realtor-1747.html,100,100,100,100,100,100,100
44,realestate_html/realestate-0454.html,100,100,100,100,0,0,0
44,realestate_html/zillow-0706.html,100,100,100,100,100,100,100
44,realestate_html/realtor-1375.html,100,100,100,100,100,0,0
44,realestate_html/rightmove-0297.html,100,100,100,100,100,100,100
44,realestate_html/zillow-1050.html,0,100,100,100,100,100,0
44,realestate_html/rightmove-1383.html,100,100,100,100,100,100,100
44,realestate_html/zillow-1513.html,100,100,100,100,100,100,100
44,realestate_html/zillow-1717.html,100,100,100,100,100,100,100
44,realestate_html/rightmove-1370.html,100,100,100,100,100,100,100
44,realestate_html/realtor-1448.html,100,100,100,100,100,100,100
44,realestate_html/rightmove-0553.html,100,100,100,100,100,100,100
44,realestate_html/realestate-0623.html,100,100,100,100,100,100,100
44,realestate_html/zillow-1703.html,100,100,100,100,100,100,100
44,realestate_html/rightmove-1470.html,100,100,100,100,100,100,100
44,realestate_html/rightmove-0331.html,100,100,100,100,100,100,100
44,realestate_html/zillow-1358.html,100,100,100,100,100,100,100
44,realestate_html/realestate-1857.html,100,100,100,100,100,100,100
44,realestate_html/rightmove-0788.html,100,100,100,100,100,100,100
44,realestate_html/realestate-0347.html,100,100,100,100,100,0,0
44,realestate_html/realtor-1672.html,100,100,100,100,100,100,100
44,realestate_html/zillow-1679.html,100,100,100,100,100,100,100
44,realestate_html/propertyguru-1160.html,100,100,100,100,100,100,100
44,realestate_html/realestate-0647.html,100,100,100,100,100,100,100
44,realestate_html/rightmove-1880.html,100,100,100,100,100,100,100
44,realestate_html/realestate-0021.html,100,100,100,100,100,100,100
44,realestate_html/propertyguru-1818.html,100,100,100,100,100,100,100
44,realestate_html/realtor-1402.html,100,100,100,100,100,0,0
44,realestate_html/realtor-1214.html,100,100,100,100,100,100,100
44,realestate_html/propertyguru-0539.html,100,100,100,100,100,100,100
44,realestate_html/rightmove-0872.html,100,100,100,100,100,100,100
44,realestate_html/realestate-1300.html,100,100,100,0,100,0,0
44,realestate_html/rightmove-0483.html,100,100,100,100,100,100,100
44,realestate_html/zillow-1510.html,100,100,100,100,100,100,100
44,realestate_html/realtor-1622.html,100,100,100,100,100,100,100
44,realestate_html/realtor-1032.html,100,100,100,100,100,100,100
44,realestate_html/rightmove-1307.html,100,100,100,100,100,100,100
44,realestate_html/zillow-1036.html,100,100,100,100,100,100,100
44,realestate_html/realestate-1795.html,100,100,100,100,100,100,100
44,realestate_html/realtor-0074.html,100,100,100,100,100,100,100
44,realestate_html/realestate-1216.html,100,100,100,100,100,100,100
44,realestate_html/realestate-1596.html,100,100,100,100,100,100,100
44,realestate_html/realestate-1114.html,100,100,100,100,100,100,100
44,realestate_html/realestate-0351.html,100,100,100,100,100,100,100
44,realestate_html/propertyguru-1892.html,100,100,100,100,100,100,100
44,realestate_html/realtor-0945.html,100,100,0,100,100,100,0
44,realestate_html/realtor-2073.html,100,100,100,100,100,100,100
44,realestate_html/realtor-0433.html,100,100,100,100,100,100,100
44,realestate_html/zillow-0536.html,100,100,100,100,100,100,100
44,realestate_html/realtor-0317.html,100,100,100,100,100,100,100
44,realestate_html/realestate-1491.html,100,100,100,100,100,100,100
44,realestate_html/rightmove-1526.html,100,100,100,100,100,100,100
44,realestate_html/rightmove-0182.html,100,100,100,100,100,100,100
44,realestate_html/realestate-0069.html,100,100,100,100,100,100,100
44,realestate_html/realestate-0200.html,100,100,100,100,100,100,100
44,realestate_html/rightmove-0377.html,100,100,100,100,100,100,100
44,realestate_html/realtor-1738.html,100,100,100,100,100,100,100
44,realestate_html/zillow-1721.html,100,100,100,100,100,100,100
44,realestate_html/rightmove-0070.html,100,100,100,100,100,100,100
44,realestate_html/propertyguru-2037.html,100,100,100,100,100,100,100
44,realestate_html/zillow-1640.html,100,100,100,100,100,100,100
44,realestate_html/rightmove-0514.html,100,100,100,100,100,100,100
44,realestate_html/zillow-1338.html,100,100,100,100,100,100,100
44,realestate_html/propertyguru-0776.html,100,100,100,100,100,100,100
44,realestate_html/realtor-0742.html,100,100,100,100,100,100,100
44,realestate_html/realtor-1547.html,100,0,100,100,100,100,0
44,realestate_html/rightmove-1399.html,100,100,100,100,100,100,100
44,realestate_html/realtor-0243.html,100,100,100,100,100,100,100
44,realestate_html/rightmove-1608.html,100,100,100,100,100,100,100
44,realestate_html/propertyguru-0753.html,100,100,100,100,100,100,100
44,realestate_html/propertyguru-0067.html,100,100,100,100,100,100,100
44,realestate_html/realtor-1091.html,100,100,100,100,100,100,100
44,realestate_html/zillow-0142.html,100,100,100,100,100,100,100
44,realestate_html/rightmove-0859.html,100,100,100,100,100,100,100
44,realestate_html/realestate-1830.html,100,100,100,100,100,100,100
44,realestate_html/propertyguru-1545.html,100,100,100,100,100,100,100
44,realestate_html/zillow-0080.html,100,100,100,100,100,100,100
44,realestate_html/realestate-0982.html,100,100,100,100,100,100,100
44,realestate_html/realtor-0641.html,100,100,100,100,100,100,100
44,realestate_html/zillow-1507.html,100,100,100,100,100,100,100
44,realestate_html/zillow-1982.html,100,100,100,100,100,100,100
44,realestate_html/realestate-0012.html,100,100,100,100,100,100,100
44,realestate_html/rightmove-1099.html,100,100,100,100,100,100,100
44,realestate_html/rightmove-0173.html,100,100,100,100,100,100,100
44,realestate_html/realestate-1880.html,100,100,100,100,100,100,100
44,realestate_html/propertyguru-1336.html,100,100,100,100,100,100,100
44,realestate_html/realestate-0517.html,100,100,100,100,100,100,100
44,realestate_html/rightmove-1441.html,100,100,100,100,100,100,100
44,realestate_html/realestate-0430.html,100,100,100,100,100,100,100
44,realestate_html/realtor-0862.html,100,100,100,100,100,100,100
44,realestate_html/propertyguru-0999.html,100,100,100,100,100,100,100
44,realestate_html/propertyguru-0380.html,100,100,100,100,100,100,100
44,realestate_html/realestate-0559.html,100,100,100,100,100,100,100
44,realestate_html/realestate-0408.html,100,100,100,100,100,100,100
44,realestate_html/realtor-0336.html,100,100,100,100,100,100,100
44,realestate_html/realtor-1795.html,100,100,100,100,100,100,100
44,realestate_html/propertyguru-0211.html,100,100,100,100,100,100,100
44,realestate_html/propertyguru-0640.html,100,100,100,100,100,100,100
44,realestate_html/rightmove-1814.html,100,100,100,100,100,100,100
44,realestate_html/propertyguru-1870.html,100,100,100,100,100,100,100
44,realestate_html/zillow-0847.html,0,100,100,100,100,100,0
44,realestate_html/realtor-0582.html,100,100,100,100,100,100,100
44,realestate_html/zillow-1445.html,100,100,100,100,100,100,100
44,realestate_html/realestate-0133.html,100,100,100,100,100,100,100
44,realestate_html/realtor-1097.html,100,100,100,100,100,100,100
44,realestate_html/realtor-0274.html,100,100,100,100,100,100,100
44,realestate_html/realestate-0690.html,100,100,100,100,100,100,100
44,realestate_html/propertyguru-0498.html,100,100,100,100,100,100,100
44,realestate_html/zillow-0989.html,100,100,100,100,100,100,100
44,realestate_html/zillow-1563.html,100,100,100,100,100,100,100
44,realestate_html/realtor-0385.html,100,100,100,100,100,100,100
44,realestate_html/zillow-0954.html,100,100,100,100,100,100,100
44,realestate_html/zillow-1468.html,100,100,100,100,100,100,100
44,realestate_html/zillow-1013.html,100,100,100,100,100,100,100
44,realestate_html/zillow-1281.html,0,100,100,100,100,100,0
44,realestate_html/propertyguru-1955.html,100,100,100,100,100,100,100
44,realestate_html/realtor-0924.html,100,100,100,100,100,100,100
44,realestate_html/rightmove-1901.html,100,100,100,100,100,100,100
44,realestate_html/realestate-1806.html,100,100,100,100,100,100,100
44,realestate_html/realestate-1147.html,100,100,100,100,100,100,100
44,realestate_html/realtor-0545.html,100,100,100,100,100,100,100
44,realestate_html/zillow-1903.html,100,100,100,100,100,100,100
44,realestate_html/propertyguru-1758.html,100,100,100,100,100,100,100
44,realestate_html/zillow-0102.html,100,100,100,100,100,100,100
44,realestate_html/zillow-1371.html,100,100,100,100,100,100,100
44,realestate_html/realtor-0146.html,100,100,100,100,100,100,100
44,realestate_html/realtor-0908.html,100,100,100,100,100,100,100
44,realestate_html/zillow-0452.html,100,100,100,100,100,100,100
44,realestate_html/rightmove-1754.html,100,100,100,100,100,100,100
44,realestate_html/zillow-0981.html,100,100,100,100,100,100,100
44,realestate_html/zillow-2001.html,0,100,100,100,100,100,0
44,realestate_html/propertyguru-1932.html,100,100,100,100,100,100,100
44,realestate_html/propertyguru-0680.html,100,100,100,100,100,100,100
44,realestate_html/realestate-1057.html,100,100,100,100,100,100,100
44,realestate_html/propertyguru-0127.html,100,100,100,100,100,100,100
44,realestate_html/zillow-1260.html,100,100,100,100,100,100,100
44,realestate_html/zillow-1541.html,0,100,100,100,100,100,0
44,realestate_html/realestate-0243.html,100,100,100,100,100,100,100
44,realestate_html/zillow-1880.html,100,100,100,100,100,100,100
44,realestate_html/realtor-1753.html,100,100,100,100,100,0,0
44,realestate_html/propertyguru-1765.html,100,100,100,100,100,100,100
44,realestate_html/realestate-1154.html,100,100,100,100,100,100,100
44,realestate_html/rightmove-0908.html,100,100,100,100,100,100,100
44,realestate_html/zillow-1557.html,100,100,100,100,100,100,100
44,realestate_html/realestate-0661.html,100,100,100,100,100,100,100
44,realestate_html/propertyguru-1184.html,100,100,100,100,100,100,100
44,realestate_html/zillow-1959.html,100,100,100,100,100,100,100
44,realestate_html/realtor-0692.html,100,100,100,100,100,100,100
44,realestate_html/realtor-0769.html,100,100,100,100,100,100,100
44,realestate_html/propertyguru-0409.html,100,100,100,100,100,100,100
44,realestate_html/rightmove-0616.html,100,100,100,100,100,100,100
44,realestate_html/realestate-0764.html,100,100,100,100,100,100,100
44,realestate_html/realestate-0542.html,100,100,100,100,100,100,100
44,realestate_html/realtor-1006.html,100,100,100,100,100,100,100
44,realestate_html/rightmove-0197.html,100,100,100,100,100,100,100
44,realestate_html/realtor-0414.html,100,100,100,100,100,100,100
44,realestate_html/propertyguru-1465.html,100,100,100,100,100,100,100
44,realestate_html/zillow-0479.html,100,100,100,100,100,100,100
44,realestate_html/realtor-1133.html,100,100,100,100,100,100,100
44,realestate_html/realestate-1858.html,100,100,100,100,100,100,100
44,realestate_html/realtor-1346.html,100,100,100,100,100,0,0
44,realestate_html/realtor-0466.html,100,100,100,100,100,100,100
44,realestate_html/realtor-0839.html,100,100,100,100,100,100,100
44,realestate_html/realtor-0507.html,100,100,100,100,100,100,100
44,realestate_html/realtor-1763.html,100,0,100,100,100,100,0
44,realestate_html/zillow-0976.html,100,100,100,100,100,100,100
44,realestate_html/propertyguru-1030.html,100,100,100,100,100,100,100
44,realestate_html/zillow-1314.html,100,100,100,100,100,100,100
44,realestate_html/rightmove-1364.html,100,100,100,100,100,100,100
44,realestate_html/propertyguru-2012.html,100,100,100,100,100,100,100
44,realestate_html/rightmove-1393.html,100,100,100,100,100,100,100
44,realestate_html/propertyguru-0689.html,100,100,100,100,0,100,0
44,realestate_html/propertyguru-1297.html,100,100,100,100,100,100,100
44,realestate_html/rightmove-1554.html,100,100,100,100,100,100,100
44,realestate_html/realestate-1144.html,100,100,100,100,100,100,100
44,realestate_html/rightmove-1032.html,100,100,100,100,100,100,100
44,realestate_html/rightmove-0454.html,100,100,100,100,100,100,100
44,realestate_html/realestate-1240.html,100,100,100,100,100,100,100
44,realestate_html/realtor-0832.html,100,100,100,100,100,100,100
44,realestate_html/propertyguru-0453.html,100,100,100,100,100,100,100
44,realestate_html/propertyguru-1800.html,100,100,100,100,100,100,100
44,realestate_html/propertyguru-0940.html,100,100,100,100,100,100,100
44,realestate_html/propertyguru-0616.html,100,100,100,100,100,100,100
44,realestate_html/realtor-0836.html,100,100,100,100,100,100,100
44,realestate_html/rightmove-0346.html,100,100,100,100,100,100,100
44,realestate_html/realestate-0866.html,100,100,100,100,100,100,100
44,realestate_html/propertyguru-0222.html,100,100,100,100,100,100,100
44,realestate_html/realestate-1063.html,100,100,100,100,100,100,100
44,realestate_html/realtor-1039.html,100,100,100,100,100,100,100
44,realestate_html/propertyguru-1218.html,100,100,100,100,0,100,0
44,realestate_html/realestate-0157.html,100,100,100,100,100,100,100
44,realestate_html/zillow-0263.html,100,100,100,100,100,100,100
44,realestate_html/zillow-0997.html,100,100,100,100,100,100,100
44,realestate_html/zillow-1646.html,0,100,100,100,100,100,0
44,realestate_html/realestate-0210.html,100,100,100,100,100,100,100
44,realestate_html/realestate-1601.html,100,100,100,100,100,100,100
44,realestate_html/realestate-0619.html,100,100,100,100,100,100,100
44,realestate_html/rightmove-1445.html,100,100,100,100,100,100,100
44,realestate_html/rightmove-0464.html,100,100,100,100,100,100,100
44,realestate_html/rightmove-0382.html,100,100,100,100,100,100,100
44,realestate_html/realestate-0818.html,100,100,100,100,100,100,100
44,realestate_html/rightmove-1193.html,100,100,100,100,100,100,100
44,realestate_html/realtor-1373.html,100,100,100,100,100,100,100
44,realestate_html/zillow-0482.html,100,100,100,100,100,100,100
44,realestate_html/realtor-0681.html,100,100,100,100,100,100,100
44,realestate_html/rightmove-0948.html,100,100,100,100,100,0,0
44,realestate_html/realtor-0340.html,100,100,100,100,100,100,100
44,realestate_html/propertyguru-1352.html,100,100,100,100,100,100,100
44,realestate_html/zillow-1705.html,100,100,100,100,100,100,100
44,realestate_html/rightmove-2080.html,100,100,100,100,100,100,100
44,realestate_html/realestate-0182.html,100,100,100,100,100,100,100
44,realestate_html/realtor-0790.html,100,100,100,100,100,100,100
44,realestate_html/realestate-1249.html,100,100,100,100,100,100,100
44,realestate_html/realtor-2002.html,100,100,100,100,100,100,100
44,realestate_html/propertyguru-1716.html,100,100,100,100,100,100,100
44,realestate_html/realtor-1465.html,100,100,100,100,100,100,100
44,realestate_html/propertyguru-0715.html,100,100,100,100,100,100,100
44,realestate_html/realtor-0981.html,100,100,100,100,100,100,100
44,realestate_html/realtor-1503.html,100,100,100,100,100,100,100
44,realestate_html/realestate-1864.html,100,100,100,100,100,100,100
44,realestate_html/realestate-1261.html,100,100,100,100,100,0,0
44,realestate_html/realtor-1394.html,100,100,100,100,100,100,100
44,realestate_html/realtor-1433.html,100,100,100,100,100,100,100
44,realestate_html/rightmove-0962.html,100,100,100,100,100,100,100
44,realestate_html/rightmove-1577.html,100,100,100,100,100,100,100
44,realestate_html/propertyguru-1964.html,100,100,100,100,100,100,100
44,realestate_html/realtor-0042.html,100,0,100,100,100,100,0
44,realestate_html/propertyguru-0031.html,100,100,100,100,100,100,100
44,realestate_html/propertyguru-0274.html,100,100,100,100,100,100,100
44,realestate_html/realtor-0015.html,100,100,100,100,100,100,100
44,realestate_html/zillow-0703.html,100,100,100,100,100,100,100
44,realestate_html/realtor-1161.html,100,100,100,100,100,100,100
44,realestate_html/realestate-0155.html,100,100,100,100,100,0,0
44,realestate_html/propertyguru-1515.html,100,100,100,100,100,100,100
44,realestate_html/rightmove-2040.html,100,100,100,100,100,100,100
44,realestate_html/realtor-0584.html,100,100,100,100,100,100,100
44,realestate_html/realestate-1803.html,100,100,100,100,100,100,100
44,realestate_html/realestate-1185.html,100,100,100,100,100,100,100
44,realestate_html/rightmove-1765.html,100,100,100,100,100,100,100
44,realestate_html/propertyguru-1447.html,100,100,100,100,100,100,100
44,realestate_html/rightmove-0706.html,100,100,100,100,100,100,100
44,realestate_html/propertyguru-1166.html,100,100,100,100,100,100,100
44,realestate_html/zillow-1514.html,100,100,100,100,100,100,100
44,realestate_html/propertyguru-1293.html,100,100,100,100,100,100,100
44,realestate_html/rightmove-0754.html,100,100,100,100,100,100,100
44,realestate_html/realestate-1701.html,100,100,100,100,100,100,100
44,realestate_html/propertyguru-0664.html,100,100,100,100,100,100,100
44,realestate_html/zillow-0517.html,100,100,100,100,100,100,100
44,realestate_html/realtor-1382.html,100,100,100,100,0,0,0
44,realestate_html/rightmove-1831.html,100,100,100,100,100,100,100
44,realestate_html/realtor-1203.html,100,100,100,100,100,100,100
44,realestate_html/realestate-0153.html,100,100,100,100,100,100,100
44,realestate_html/zillow-1639.html,0,100,100,100,100,100,0
44,realestate_html/realestate-0136.html,100,100,100,100,100,100,100
44,realestate_html/realtor-1485.html,100,100,100,0,100,0,0
44,realestate_html/realtor-1458.html,100,100,100,100,100,100,100
44,realestate_html/propertyguru-0337.html,100,100,100,100,100,100,100
44,realestate_html/zillow-1257.html,100,100,100,100,100,100,100
44,realestate_html/rightmove-0385.html,100,100,100,100,100,100,100
44,realestate_html/rightmove-1428.html,100,100,100,100,100,100,100
44,realestate_html/propertyguru-1769.html,100,100,100,100,100,100,100
44,realestate_html/realtor-0964.html,100,100,100,100,0,100,0
44,realestate_html/rightmove-1343.html,100,100,100,100,100,100,100
44,realestate_html/realtor-0188.html,100,100,100,100,100,100,100
44,realestate_html/zillow-1473.html,100,100,100,100,100,100,100
44,realestate_html/zillow-1095.html,100,100,100,100,100,100,100
44,realestate_html/realestate-0983.html,100,100,100,100,100,100,100
44,realestate_html/realestate-0424.html,100,100,100,100,100,100,100
44,realestate_html/propertyguru-1032.html,100,100,100,100,100,100,100
44,realestate_html/zillow-0100.html,100,100,100,100,100,100,100
44,realestate_html/realestate-0659.html,100,100,100,100,100,100,100
44,realestate_html/rightmove-0049.html,100,100,100,100,100,100,100
44,realestate_html/realtor-0766.html,100,100,100,100,100,100,100
44,realestate_html/rightmove-1359.html,100,100,100,100,100,100,100
44,realestate_html/realtor-0696.html,100,100,100,100,100,100,100
44,realestate_html/zillow-1723.html,100,100,100,100,100,100,100
44,realestate_html/propertyguru-0494.html,100,100,100,100,100,100,100
44,realestate_html/realestate-1989.html,100,100,100,100,100,100,100
44,realestate_html/realtor-0195.html,100,100,100,100,100,100,100
44,realestate_html/rightmove-0246.html,100,100,100,100,100,100,100
44,realestate_html/realtor-1467.html,100,100,100,100,100,100,100
44,realestate_html/rightmove-0224.html,100,100,100,100,100,100,100
44,realestate_html/zillow-0574.html,100,100,100,100,100,100,100
44,realestate_html/rightmove-1974.html,100,100,100,100,100,100,100
44,realestate_html/realestate-1138.html,100,100,100,0,100,100,0
44,realestate_html/realestate-1765.html,100,100,100,100,100,100,100
44,realestate_html/zillow-1368.html,100,100,100,100,100,100,100
44,realestate_html/realestate-1177.html,100,100,100,100,100,100,100
44,realestate_html/realestate-0613.html,100,100,100,100,100,100,100
44,realestate_html/propertyguru-1791.html,100,100,100,100,100,100,100
44,realestate_html/zillow-0549.html,100,100,100,100,100,100,100
44,realestate_html/rightmove-1031.html,100,100,100,100,100,100,100
44,realestate_html/realestate-1793.html,100,100,100,0,100,100,0
44,realestate_html/realtor-1731.html,100,100,100,100,100,100,100
44,realestate_html/propertyguru-2057.html,100,100,100,100,100,100,100
44,realestate_html/zillow-1177.html,100,100,100,100,100,100,100
44,realestate_html/rightmove-0817.html,100,100,100,100,100,100,100
44,realestate_html/zillow-0606.html,0,100,100,100,100,100,0
44,realestate_html/realestate-0594.html,100,100,100,100,100,100,100
44,realestate_html/realtor-1074.html,100,100,100,100,100,100,100
44,realestate_html/propertyguru-0071.html,100,100,100,100,100,100,100
44,realestate_html/realtor-0675.html,100,100,100,100,100,100,100
44,realestate_html/realestate-0322.html,100,100,100,100,100,100,100
44,realestate_html/realestate-0126.html,100,100,100,100,100,100,100
44,realestate_html/realtor-0512.html,100,100,100,100,100,100,100
44,realestate_html/rightmove-0597.html,100,100,100,100,100,100,100
44,realestate_html/propertyguru-1200.html,100,100,100,100,100,100,100
44,realestate_html/rightmove-0625.html,100,100,100,100,100,100,100
44,realestate_html/realestate-1423.html,100,100,100,100,100,100,100
44,realestate_html/zillow-1329.html,0,100,100,100,100,100,0
44,realestate_html/propertyguru-2052.html,100,100,100,100,100,100,100
44,realestate_html/rightmove-1702.html,100,100,100,100,100,100,100
44,realestate_html/zillow-2009.html,100,100,100,100,100,100,100
44,realestate_html/propertyguru-1145.html,100,100,100,100,100,100,100
44,realestate_html/realtor-1855.html,100,100,100,100,100,100,100
44,realestate_html/zillow-0781.html,0,100,100,100,100,100,0
44,realestate_html/rightmove-1275.html,100,100,100,100,100,100,100
44,realestate_html/realestate-0280.html,100,100,100,100,100,100,100
44,realestate_html/realtor-1320.html,100,0,100,100,100,100,0
44,realestate_html/rightmove-0606.html,100,100,100,100,100,100,100
44,realestate_html/realtor-1933.html,100,100,100,100,100,100,100
44,realestate_html/realtor-0416.html,100,100,100,100,100,100,100
44,realestate_html/realtor-0490.html,100,100,100,100,100,100,100
44,realestate_html/realtor-1564.html,100,100,100,100,100,100,100
44,realestate_html/zillow-1455.html,100,100,100,100,100,100,100
44,realestate_html/realtor-0203.html,100,100,100,100,100,100,100
44,realestate_html/propertyguru-1344.html,100,100,100,100,100,100,100
44,realestate_html/realtor-2068.html,100,100,100,100,100,100,100
44,realestate_html/rightmove-0435.html,100,100,100,100,100,100,100
44,realestate_html/propertyguru-1306.html,100,100,100,100,100,100,100
44,realestate_html/realtor-0534.html,100,100,100,100,100,100,100
44,realestate_html/propertyguru-0293.html,100,100,100,100,100,100,100
44,realestate_html/realestate-0350.html,100,100,100,100,100,100,100
44,realestate_html/realestate-1101.html,100,100,100,100,100,100,100
44,realestate_html/rightmove-1221.html,100,100,100,100,100,100,100
44,realestate_html/rightmove-1153.html,100,100,100,100,100,100,100
44,realestate_html/propertyguru-1018.html,100,100,100,100,100,100,100
44,realestate_html/propertyguru-1150.html,100,100,100,100,100,100,100
44,realestate_html/zillow-1522.html,0,100,100,100,100,100,0
44,realestate_html/realestate-1796.html,100,100,100,100,100,100,100
44,realestate_html/zillow-0797.html,100,100,100,100,100,100,100
44,realestate_html/rightmove-0590.html,100,100,100,100,100,100,100
44,realestate_html/rightmove-0703.html,100,100,100,100,100,100,100
44,realestate_html/rightmove-1734.html,100,100,100,100,100,100,100
44,realestate_html/realestate-0230.html,100,100,100,100,100,0,0
44,realestate_html/zillow-0600.html,100,100,100,100,100,100,100
44,realestate_html/realestate-1955.html,100,100,100,100,100,100,100
44,realestate_html/zillow-1702.html,100,100,100,100,100,100,100
44,realestate_html/realtor-2077.html,100,100,100,100,100,100,100
44,realestate_html/realtor-1592.html,100,0,100,100,100,100,0
44,realestate_html/propertyguru-0556.html,100,100,100,100,100,100,100
44,realestate_html/rightmove-1507.html,100,100,100,100,100,100,100
44,realestate_html/propertyguru-1282.html,100,100,100,100,100,100,100
44,realestate_html/realtor-1024.html,100,100,100,100,100,100,100
44,realestate_html/realtor-0199.html,100,100,100,100,100,100,100
44,realestate_html/rightmove-0060.html,100,100,100,100,100,100,100
44,realestate_html/realestate-0787.html,100,100,100,100,100,100,100
44,realestate_html/realtor-0196.html,100,100,100,100,100,100,100
44,realestate_html/zillow-0986.html,100,100,100,100,100,100,100
44,realestate_html/zillow-0447.html,100,100,100,100,100,100,100
44,realestate_html/propertyguru-1866.html,100,100,100,100,100,100,100
44,realestate_html/realtor-0187.html,100,100,100,100,100,100,100
44,realestate_html/propertyguru-1826.html,100,100,100,100,100,100,100
44,realestate_html/zillow-0907.html,100,100,100,100,100,100,100
44,realestate_html/realestate-0864.html,100,100,100,100,100,100,100
44,realestate_html/zillow-1218.html,100,100,100,100,100,100,100
44,realestate_html/zillow-0442.html,100,100,100,100,100,100,100
44,realestate_html/propertyguru-0058.html,100,100,100,100,100,100,100
44,realestate_html/realestate-1102.html,100,100,100,100,100,100,100
44,realestate_html/realestate-1651.html,100,100,100,100,100,100,100
44,realestate_html/realestate-1982.html,100,100,100,100,100,0,0
44,realestate_html/rightmove-1489.html,100,100,100,100,100,100,100
44,realestate_html/propertyguru-0305.html,100,100,100,100,100,100,100
44,realestate_html/realtor-1298.html,100,100,100,100,0,0,0
44,realestate_html/propertyguru-1831.html,100,100,100,100,100,100,100
44,realestate_html/propertyguru-1077.html,100,100,100,100,100,100,100
44,realestate_html/rightmove-0970.html,100,100,100,100,100,100,100
44,realestate_html/realestate-1723.html,100,100,100,100,100,100,100
44,realestate_html/zillow-1543.html,100,100,100,100,100,100,100
44,realestate_html/zillow-1940.html,100,100,100,100,100,100,100
44,realestate_html/zillow-1589.html,0,100,100,100,100,100,0
44,realestate_html/zillow-1773.html,0,100,100,100,100,100,0
44,realestate_html/rightmove-1089.html,100,100,100,100,100,100,100
44,realestate_html/propertyguru-0773.html,100,100,100,100,100,100,100
44,realestate_html/zillow-0403.html,100,100,100,100,100,100,100
44,realestate_html/realtor-0656.html,100,100,100,100,100,100,100
44,realestate_html/zillow-1542.html,100,100,100,100,100,100,100
44,realestate_html/realtor-1239.html,100,100,100,100,0,100,0
44,realestate_html/zillow-1892.html,100,100,100,100,100,100,100
44,realestate_html/realestate-0582.html,100,100,100,100,100,0,0
44,realestate_html/propertyguru-0391.html,100,100,100,100,100,100,100
44,realestate_html/realtor-0851.html,100,100,100,100,100,100,100
44,realestate_html/zillow-1078.html,100,100,100,100,100,100,100
44,realestate_html/rightmove-0339.html,100,100,100,100,100,100,100
44,realestate_html/zillow-1391.html,100,100,100,100,100,100,100
44,realestate_html/zillow-1536.html,100,100,100,100,100,100,100
44,realestate_html/realtor-2099.html,100,100,100,100,100,100,100
44,realestate_html/propertyguru-0857.html,100,100,100,100,100,100,100
44,realestate_html/rightmove-1055.html,100,100,100,100,0,100,0
44,realestate_html/zillow-1286.html,0,100,100,100,100,100,0
44,realestate_html/rightmove-1830.html,100,100,100,100,100,100,100
44,realestate_html/realtor-0159.html,100,100,100,100,100,100,100
44,realestate_html/realtor-0736.html,100,100,100,100,100,100,100
44,realestate_html/realestate-0651.html,100,100,100,100,0,0,0
44,realestate_html/propertyguru-0897.html,100,100,100,100,100,100,100
44,realestate_html/zillow-0594.html,100,100,100,100,100,100,100
44,realestate_html/propertyguru-0103.html,100,100,100,100,100,100,100
44,realestate_html/propertyguru-0366.html,100,100,100,100,100,100,100
44,realestate_html/propertyguru-0959.html,100,100,100,100,100,100,100
44,realestate_html/realtor-1183.html,100,100,100,100,100,100,100
44,realestate_html/realestate-1400.html,100,100,100,100,100,0,0
44,realestate_html/rightmove-0440.html,100,100,100,100,100,100,100
44,realestate_html/realtor-0136.html,100,100,100,100,100,100,100
44,realestate_html/realestate-0952.html,100,100,100,100,100,100,100
44,realestate_html/realtor-1439.html,100,100,100,100,100,100,100
44,realestate_html/realestate-1882.html,100,100,100,100,100,100,100
44,realestate_html/rightmove-1305.html,100,100,100,100,100,100,100
44,realestate_html/realestate-1547.html,100,100,100,100,100,100,100
44,realestate_html/zillow-0736.html,100,100,100,100,100,100,100
44,realestate_html/zillow-0950.html,100,100,100,100,100,100,100
44,realestate_html/rightmove-0704.html,100,100,100,100,100,100,100
44,realestate_html/rightmove-0955.html,100,100,100,100,100,100,100
44,realestate_html/realtor-0758.html,100,100,100,100,100,100,100
44,realestate_html/rightmove-0015.html,100,100,100,100,100,100,100
44,realestate_html/realtor-0370.html,100,100,100,100,100,100,100
44,realestate_html/realtor-0911.html,100,0,100,100,100,100,0
44,realestate_html/propertyguru-0436.html,100,100,100,100,100,100,100
44,realestate_html/realtor-1407.html,100,100,100,100,100,100,100
44,realestate_html/propertyguru-1698.html,100,100,100,100,100,100,100
44,realestate_html/realestate-1318.html,100,100,100,100,100,100,100
44,realestate_html/propertyguru-1459.html,100,100,100,100,100,100,100
44,realestate_html/zillow-1242.html,100,100,100,100,100,100,100
44,realestate_html/realestate-1055.html,100,0,100,100,0,100,0
44,realestate_html/propertyguru-1343.html,100,100,100,100,100,100,100
44,realestate_html/realtor-1528.html,100,100,100,100,100,100,100
44,realestate_html/propertyguru-0983.html,100,100,100,100,100,100,100
44,realestate_html/realestate-0790.html,100,100,100,100,100,0,0
44,realestate_html/realtor-1554.html,100,100,100,100,100,100,100
44,realestate_html/realestate-0860.html,100,100,100,100,100,100,100
44,realestate_html/realtor-0960.html,100,100,100,100,100,100,100
44,realestate_html/zillow-0891.html,100,100,100,100,100,100,100
44,realestate_html/realtor-0595.html,100,100,100,100,100,100,100
44,realestate_html/realestate-1757.html,100,100,100,100,100,100,100
44,realestate_html/realestate-1771.html,100,100,100,100,100,100,100
44,realestate_html/zillow-0660.html,100,100,100,100,100,100,100
44,realestate_html/zillow-1585.html,0,100,100,100,100,100,0
44,realestate_html/realtor-0402.html,100,100,100,100,100,100,100
44,realestate_html/realtor-1846.html,100,100,100,100,100,100,100
44,realestate_html/rightmove-0202.html,100,100,100,100,100,100,100
44,realestate_html/realestate-1930.html,100,100,100,100,100,100,100
44,realestate_html/realestate-1310.html,100,100,100,100,100,100,100
44,realestate_html/zillow-1851.html,100,100,100,100,100,100,100
44,realestate_html/propertyguru-1616.html,100,100,100,100,100,100,100
44,realestate_html/realestate-1543.html,100,100,100,100,100,100,100
44,realestate_html/realtor-1692.html,100,100,100,100,100,100,100
44,realestate_html/realtor-0313.html,100,100,100,100,100,100,100
44,realestate_html/realestate-0577.html,100,100,100,100,100,100,100
44,realestate_html/realestate-0479.html,100,100,100,100,100,100,100
44,realestate_html/rightmove-0391.html,100,100,100,100,100,100,100
44,realestate_html/propertyguru-1855.html,100,100,100,100,100,100,100
44,realestate_html/propertyguru-1531.html,100,100,100,100,100,100,100
44,realestate_html/realtor-0112.html,100,100,100,100,100,100,100
44,realestate_html/propertyguru-1417.html,100,100,100,100,100,100,100
44,realestate_html/realestate-1173.html,100,100,100,100,100,100,100
44,realestate_html/rightmove-0588.html,100,100,100,100,100,100,100
44,realestate_html/rightmove-0054.html,100,100,100,100,100,100,100
44,realestate_html/realestate-0160.html,100,100,100,100,100,100,100
44,realestate_html/realtor-1588.html,100,100,100,100,100,100,100
44,realestate_html/propertyguru-0830.html,100,100,100,100,100,100,100
44,realestate_html/rightmove-0448.html,100,100,100,100,100,100,100
44,realestate_html/rightmove-1531.html,100,100,100,100,100,100,100
44,realestate_html/propertyguru-0994.html,100,100,100,100,100,100,100
44,realestate_html/rightmove-0603.html,100,100,100,100,100,100,100
44,realestate_html/propertyguru-0480.html,100,100,100,100,100,100,100
44,realestate_html/propertyguru-0170.html,100,100,100,100,100,100,100
44,realestate_html/propertyguru-1513.html,100,100,100,100,100,100,100
44,realestate_html/rightmove-1060.html,100,100,100,100,100,100,100
44,realestate_html/rightmove-0032.html,100,100,100,100,100,100,100
44,realestate_html/rightmove-1087.html,100,100,100,100,100,100,100
44,realestate_html/realestate-0305.html,100,100,100,100,100,100,100
44,realestate_html/zillow-0092.html,100,100,100,100,100,100,100
44,realestate_html/realestate-0333.html,100,100,100,0,100,100,0
44,realestate_html/realtor-0441.html,100,100,100,100,100,100,100
44,realestate_html/realtor-1594.html,100,100,100,100,100,100,100
44,realestate_html/zillow-0707.html,100,100,100,100,100,100,100
44,realestate_html/rightmove-0329.html,100,100,100,100,100,100,100
44,realestate_html/realestate-0213.html,100,100,100,100,100,100,100
44,realestate_html/rightmove-0974.html,100,100,100,100,100,100,100
44,realestate_html/realtor-1777.html,100,100,100,100,100,100,100
44,realestate_html/realtor-0417.html,100,100,100,100,100,100,100
44,realestate_html/rightmove-1988.html,100,100,100,100,100,100,100
44,realestate_html/zillow-1710.html,100,100,100,100,100,100,100
44,realestate_html/realestate-1777.html,100,100,100,100,100,100,100
44,realestate_html/realestate-1370.html,100,100,100,100,100,100,100
44,realestate_html/rightmove-0846.html,100,100,100,100,100,100,100
44,realestate_html/realestate-0251.html,100,100,100,100,100,0,0
44,realestate_html/rightmove-1508.html,100,100,100,100,100,100,100
44,realestate_html/realtor-0875.html,100,100,100,100,100,100,100
44,realestate_html/realestate-1854.html,100,100,100,100,100,100,100
44,realestate_html/realestate-0728.html,100,100,100,100,100,100,100
44,realestate_html/realestate-1188.html,100,100,100,100,100,100,100
44,realestate_html/propertyguru-0486.html,100,100,100,100,100,100,100
44,realestate_html/realtor-0365.html,100,100,100,100,100,100,100
44,realestate_html/rightmove-1960.html,100,100,100,100,100,100,100
44,realestate_html/realtor-1597.html,100,100,100,100,100,100,100
44,realestate_html/zillow-1854.html,100,100,100,100,100,100,100
44,realestate_html/realestate-0971.html,100,100,100,0,100,100,0
44,realestate_html/zillow-1900.html,100,100,100,100,100,100,100
44,realestate_html/realestate-0643.html,100,100,100,100,100,100,100
44,realestate_html/rightmove-0316.html,100,100,100,100,100,100,100
44,realestate_html/rightmove-1049.html,100,100,100,100,100,100,100
44,realestate_html/realestate-0335.html,100,100,100,100,100,100,100
44,realestate_html/realestate-0959.html,100,100,100,100,100,100,100
44,realestate_html/zillow-0635.html,100,100,100,100,100,100,100
44,realestate_html/propertyguru-1733.html,100,100,100,100,100,100,100
44,realestate_html/rightmove-1915.html,100,100,100,100,0,100,0
44,realestate_html/zillow-0942.html,100,100,100,100,100,100,100
44,realestate_html/realtor-0718.html,100,100,100,100,100,100,100
44,realestate_html/zillow-0626.html,100,100,100,100,100,100,100
44,realestate_html/realestate-1007.html,100,100,100,100,100,100,100
44,realestate_html/realtor-1726.html,100,100,100,100,0,100,0
44,realestate_html/realestate-0571.html,100,100,100,100,100,0,0
44,realestate_html/realestate-1753.html,100,100,100,100,100,100,100
44,realestate_html/zillow-0303.html,100,100,100,100,100,100,100
44,realestate_html/rightmove-0157.html,100,100,100,100,100,100,100
44,realestate_html/realtor-0241.html,100,100,100,100,100,100,100
44,realestate_html/zillow-0149.html,100,100,100,100,100,100,100
44,realestate_html/realtor-0413.html,100,100,100,100,100,100,100
44,realestate_html/rightmove-1509.html,100,100,100,100,100,100,100
44,realestate_html/propertyguru-1517.html,100,100,100,100,100,100,100
44,realestate_html/realtor-1444.html,100,100,100,100,100,100,100
44,realestate_html/zillow-0434.html,0,100,100,100,100,100,0
44,realestate_html/realestate-0223.html,100,100,100,100,100,100,100
44,realestate_html/realtor-1325.html,100,100,100,100,100,0,0
44,realestate_html/rightmove-1677.html,100,100,100,100,100,100,100
44,realestate_html/propertyguru-1781.html,100,100,100,100,100,100,100
44,realestate_html/zillow-1124.html,100,100,100,100,100,100,100
44,realestate_html/realestate-0783.html,100,100,100,100,100,100,100
44,realestate_html/zillow-1181.html,100,100,100,100,100,100,100
44,realestate_html/realestate-1605.html,100,100,100,0,100,100,0
44,realestate_html/propertyguru-0669.html,100,100,100,100,100,100,100
44,realestate_html/rightmove-1935.html,100,100,100,100,100,100,100
44,realestate_html/zillow-1284.html,100,100,100,100,100,100,100
44,realestate_html/propertyguru-0876.html,100,100,100,100,100,100,100
44,realestate_html/realtor-2025.html,100,100,100,100,100,100,100
44,realestate_html/realtor-0488.html,100,100,100,100,100,100,100
44,realestate_html/realtor-1064.html,100,100,100,100,100,100,100
44,realestate_html/zillow-0416.html,100,100,100,100,100,100,100
44,realestate_html/zillow-1315.html,0,100,100,100,100,100,0
44,realestate_html/realestate-1813.html,100,100,100,100,100,100,100
44,realestate_html/realtor-0198.html,100,100,100,100,100,100,100
44,realestate_html/zillow-1435.html,100,100,100,100,100,100,100
44,realestate_html/realtor-0912.html,100,0,100,100,100,100,0
44,realestate_html/zillow-1725.html,100,100,100,100,100,100,100
44,realestate_html/zillow-0672.html,100,100,100,100,100,100,100
44,realestate_html/realestate-0072.html,100,100,100,100,100,0,0
44,realestate_html/propertyguru-1766.html,100,100,100,100,100,100,100
44,realestate_html/propertyguru-1699.html,100,100,100,100,100,100,100
44,realestate_html/zillow-0882.html,100,100,100,100,100,100,100
44,realestate_html/realestate-1369.html,100,100,100,100,100,100,100
44,realestate_html/realtor-0975.html,100,100,100,100,100,100,100
44,realestate_html/realtor-1504.html,100,100,100,100,100,100,100
44,realestate_html/zillow-1070.html,100,100,100,100,100,100,100
44,realestate_html/propertyguru-0230.html,100,100,100,100,100,100,100
44,realestate_html/realtor-1886.html,100,100,100,100,100,100,100
44,realestate_html/propertyguru-0030.html,100,100,100,100,100,100,100
44,realestate_html/propertyguru-1511.html,100,100,100,100,100,100,100
44,realestate_html/zillow-0567.html,100,100,100,100,100,100,100
44,realestate_html/realtor-0506.html,100,100,100,100,100,100,100
44,realestate_html/rightmove-1321.html,100,100,100,100,100,100,100
44,realestate_html/realestate-1113.html,100,100,100,100,100,100,100
44,realestate_html/propertyguru-2040.html,100,100,100,100,100,100,100
44,realestate_html/rightmove-0646.html,100,100,100,100,100,100,100
44,realestate_html/propertyguru-1233.html,100,100,100,100,100,100,100
44,realestate_html/zillow-1752.html,100,100,100,100,100,100,100
44,realestate_html/realtor-1406.html,100,100,100,100,100,100,100
44,realestate_html/zillow-1089.html,100,100,100,100,100,100,100
44,realestate_html/zillow-1670.html,100,100,100,100,100,100,100
44,realestate_html/realtor-1125.html,100,100,100,100,100,100,100
44,realestate_html/propertyguru-0032.html,100,100,100,100,100,100,100
44,realestate_html/rightmove-1720.html,100,100,100,100,100,100,100
44,realestate_html/rightmove-1375.html,100,100,100,100,100,100,100
44,realestate_html/realtor-1363.html,100,0,100,100,100,100,0
44,realestate_html/realestate-0625.html,100,100,100,100,100,100,100
44,realestate_html/zillow-0247.html,100,100,100,100,100,100,100
44,realestate_html/rightmove-2082.html,100,100,100,100,100,100,100
44,realestate_html/propertyguru-1859.html,100,100,100,100,100,100,100
44,realestate_html/propertyguru-0788.html,100,100,100,100,100,100,100
44,realestate_html/realtor-2037.html,100,100,100,100,100,100,100
44,realestate_html/realestate-1699.html,100,100,100,100,100,100,100
44,realestate_html/zillow-0502.html,100,100,100,100,100,100,100
44,realestate_html/rightmove-1616.html,100,100,100,100,100,100,100
44,realestate_html/propertyguru-1451.html,100,100,100,100,100,100,100
44,realestate_html/realestate-0566.html,100,100,100,100,100,0,0
44,realestate_html/realestate-1468.html,100,100,100,100,100,100,100
44,realestate_html/realtor-1835.html,100,100,100,100,100,100,100
44,realestate_html/zillow-1480.html,100,100,100,100,100,100,100
44,realestate_html/realestate-0666.html,100,100,100,100,100,100,100
44,realestate_html/realtor-2000.html,100,100,100,100,100,100,100
44,realestate_html/realtor-0579.html,100,100,100,100,100,100,100
44,realestate_html/zillow-1045.html,0,100,100,100,100,100,0
44,realestate_html/realestate-1843.html,100,100,100,100,100,0,0
44,realestate_html/rightmove-0631.html,100,100,100,100,100,100,100
44,realestate_html/realestate-0814.html,100,100,100,100,100,100,100
44,realestate_html/realtor-1342.html,100,100,100,100,100,0,0
44,realestate_html/rightmove-0263.html,100,100,100,100,100,100,100
44,realestate_html/rightmove-0635.html,100,100,100,100,100,100,100
44,realestate_html/propertyguru-1959.html,100,100,100,100,100,100,100
44,realestate_html/rightmove-0170.html,100,100,100,100,100,100,100
44,realestate_html/propertyguru-1216.html,100,100,100,100,100,100,100
44,realestate_html/realestate-1679.html,100,100,100,0,100,100,0
44,realestate_html/rightmove-1024.html,100,100,100,100,0,0,0
44,realestate_html/propertyguru-0171.html,100,100,100,100,100,100,100
44,realestate_html/propertyguru-0658.html,100,100,100,100,100,100,100
44,realestate_html/realtor-0069.html,100,100,100,100,100,100,100
44,realestate_html/realestate-1473.html,100,100,100,100,100,100,100
44,realestate_html/zillow-1626.html,100,100,100,100,100,100,100
44,realestate_html/realtor-1767.html,100,0,100,100,100,100,0
44,realestate_html/propertyguru-0787.html,100,100,100,100,100,100,100
44,realestate_html/rightmove-1588.html,100,100,100,100,100,100,100
44,realestate_html/realestate-1639.html,100,100,100,100,100,100,100
44,realestate_html/propertyguru-0052.html,100,100,100,100,100,100,100
44,realestate_html/propertyguru-1177.html,100,100,100,100,100,100,100
44,realestate_html/realestate-1689.html,100,100,100,100,100,100,100
44,realestate_html/realestate-0682.html,100,100,100,100,100,100,100
44,realestate_html/propertyguru-2019.html,100,100,100,100,100,100,100
44,realestate_html/realestate-1231.html,100,100,100,100,100,100,100
44,realestate_html/realestate-0461.html,100,100,100,100,100,100,100
44,realestate_html/propertyguru-0130.html,100,100,100,100,100,100,100
44,realestate_html/realestate-0436.html,100,100,100,100,100,100,100
44,realestate_html/propertyguru-0350.html,100,100,100,100,100,100,100
44,realestate_html/realestate-1708.html,100,100,100,0,100,100,0
44,realestate_html/propertyguru-0365.html,100,100,100,100,100,100,100
44,realestate_html/realestate-1359.html,100,100,100,100,100,100,100
44,realestate_html/propertyguru-0083.html,100,100,100,100,100,100,100
44,realestate_html/realtor-0331.html,100,100,100,100,100,100,100
44,realestate_html/realtor-1656.html,100,100,100,100,100,100,100
44,realestate_html/propertyguru-1860.html,100,100,100,100,100,100,100
44,realestate_html/realtor-0399.html,100,100,100,100,100,100,100
44,realestate_html/rightmove-1197.html,100,100,100,100,100,100,100
44,realestate_html/realestate-0522.html,100,100,100,100,100,100,100
44,realestate_html/zillow-0199.html,100,100,100,100,100,100,100
44,realestate_html/rightmove-2083.html,100,100,100,100,100,100,100
44,realestate_html/rightmove-1397.html,100,100,100,100,100,100,100
44,realestate_html/realtor-1442.html,100,100,100,100,100,100,100
44,realestate_html/zillow-0206.html,100,100,100,100,100,100,100
44,realestate_html/realestate-0945.html,100,100,100,100,100,0,0
44,realestate_html/propertyguru-1736.html,100,100,100,100,100,100,100
44,realestate_html/realestate-1585.html,100,100,100,100,100,100,100
44,realestate_html/realtor-0277.html,100,100,100,100,100,100,100
44,realestate_html/rightmove-0056.html,100,100,100,100,100,100,100
44,realestate_html/propertyguru-0844.html,100,100,100,100,100,100,100
44,realestate_html/rightmove-0147.html,100,100,100,100,100,100,100
44,realestate_html/propertyguru-0847.html,100,100,100,100,100,100,100
44,realestate_html/realestate-1287.html,100,100,100,100,100,100,100
44,realestate_html/propertyguru-1436.html,100,100,100,100,100,100,100
44,realestate_html/rightmove-1768.html,100,100,100,100,100,100,100
44,realestate_html/propertyguru-0016.html,100,100,100,100,100,100,100
44,realestate_html/propertyguru-1057.html,100,100,100,100,100,100,100
44,realestate_html/realtor-0705.html,100,100,100,100,100,100,100
44,realestate_html/realtor-1993.html,100,100,100,100,0,100,0
44,realestate_html/realestate-1451.html,100,100,100,100,100,100,100
44,realestate_html/zillow-1094.html,100,100,100,100,100,100,100
44,realestate_html/zillow-0223.html,100,100,100,100,100,100,100
44,realestate_html/propertyguru-1935.html,100,100,100,100,100,100,100
44,realestate_html/zillow-0844.html,0,100,100,100,100,100,0
44,realestate_html/realtor-1525.html,100,100,100,100,100,100,100
44,realestate_html/zillow-0684.html,100,100,100,100,100,100,100
44,realestate_html/realtor-0528.html,100,100,100,100,100,100,100
44,realestate_html/realestate-1550.html,100,100,100,100,100,100,100
44,realestate_html/zillow-0975.html,100,100,100,100,100,100,100
44,realestate_html/realestate-1213.html,100,100,100,100,100,100,100
44,realestate_html/zillow-1353.html,100,100,100,100,100,100,100
44,realestate_html/realtor-1233.html,100,100,100,100,100,100,100
44,realestate_html/realtor-1137.html,100,100,100,100,100,100,100
44,realestate_html/propertyguru-0668.html,100,100,100,100,100,100,100
44,realestate_html/realestate-1728.html,100,100,100,100,100,100,100
44,realestate_html/zillow-0728.html,100,100,100,100,100,100,100
44,realestate_html/propertyguru-0277.html,100,100,100,100,100,100,100
44,realestate_html/propertyguru-1687.html,100,100,100,100,100,100,100
44,realestate_html/realestate-0843.html,100,100,100,100,100,100,100
44,realestate_html/rightmove-0491.html,100,100,100,100,100,100,100
44,realestate_html/zillow-0868.html,100,100,100,100,100,100,100
44,realestate_html/realestate-0941.html,100,100,100,100,100,100,100
44,realestate_html/zillow-1197.html,100,100,100,100,100,100,100
44,realestate_html/propertyguru-0207.html,100,100,100,100,100,100,100
44,realestate_html/realtor-0436.html,100,100,100,100,100,100,100
44,realestate_html/zillow-0948.html,100,100,100,100,100,100,100
44,realestate_html/propertyguru-0610.html,100,100,100,100,100,100,100
44,realestate_html/realtor-1897.html,100,100,100,100,100,0,0
44,realestate_html/zillow-1741.html,100,100,100,100,100,100,100
44,realestate_html/propertyguru-0795.html,100,100,100,100,100,100,100
44,realestate_html/realtor-0075.html,100,100,100,100,100,100,100
44,realestate_html/propertyguru-0639.html,100,100,100,100,100,100,100
44,realestate_html/zillow-0511.html,100,100,100,100,100,100,100
44,realestate_html/propertyguru-1526.html,100,100,100,100,100,100,100
44,realestate_html/realestate-0977.html,100,100,100,100,100,100,100
44,realestate_html/rightmove-1568.html,100,100,100,100,100,100,100
44,realestate_html/realestate-1137.html,100,100,100,100,100,100,100
44,realestate_html/zillow-1716.html,100,100,100,100,100,100,100
44,realestate_html/realtor-0233.html,100,100,100,100,100,100,100
44,realestate_html/rightmove-1693.html,100,100,100,100,100,100,100
44,realestate_html/propertyguru-1777.html,100,100,100,100,100,100,100
44,realestate_html/realestate-1143.html,100,100,100,100,100,100,100
44,realestate_html/realtor-1822.html,100,100,100,100,100,100,100
44,realestate_html/realtor-0449.html,100,100,100,100,100,100,100
44,realestate_html/rightmove-0033.html,100,100,100,100,100,100,100
44,realestate_html/realestate-1031.html,100,100,100,100,100,100,100
44,realestate_html/realtor-0251.html,100,100,100,100,100,100,100
44,realestate_html/propertyguru-1795.html,100,100,100,100,100,100,100
44,realestate_html/zillow-1682.html,100,100,100,100,100,100,100
44,realestate_html/rightmove-0820.html,100,100,100,100,100,100,100
44,realestate_html/propertyguru-0313.html,100,100,100,100,100,100,100
44,realestate_html/zillow-1157.html,100,100,100,100,100,100,100
44,realestate_html/rightmove-0814.html,100,100,100,100,100,100,100
44,realestate_html/realestate-0116.html,100,100,100,0,100,100,0
44,realestate_html/propertyguru-1869.html,100,100,100,100,100,100,100
44,realestate_html/realestate-1867.html,100,100,100,100,100,100,100
44,realestate_html/rightmove-0893.html,100,100,100,100,100,100,100
44,realestate_html/realtor-1814.html,100,100,100,100,100,100,100
44,realestate_html/rightmove-0745.html,100,100,100,100,100,100,100
44,realestate_html/realtor-0845.html,100,100,100,100,100,100,100
44,realestate_html/propertyguru-0174.html,100,100,100,100,100,100,100
44,realestate_html/realestate-0017.html,100,100,100,100,100,100,100
44,realestate_html/zillow-0571.html,100,100,100,100,100,100,100
44,realestate_html/rightmove-0774.html,100,100,100,100,100,100,100
44,realestate_html/rightmove-0181.html,100,100,100,100,100,100,100
44,realestate_html/zillow-0603.html,100,100,100,100,100,100,100
44,realestate_html/propertyguru-1727.html,100,100,100,100,100,100,100
44,realestate_html/propertyguru-1693.html,100,100,100,100,100,100,100
44,realestate_html/realtor-0819.html,100,100,100,100,100,100,100
44,realestate_html/zillow-1533.html,100,100,100,100,100,100,100
44,realestate_html/rightmove-1474.html,100,100,100,100,100,100,100
44,realestate_html/zillow-0552.html,100,100,100,100,100,100,100
44,realestate_html/realtor-0619.html,100,100,100,100,100,100,100
44,realestate_html/rightmove-1724.html,100,100,100,100,100,100,100
44,realestate_html/realestate-0970.html,100,100,100,100,100,100,100
44,realestate_html/propertyguru-0559.html,100,100,100,100,100,100,100
44,realestate_html/realestate-1642.html,100,100,100,100,100,100,100
44,realestate_html/propertyguru-1677.html,100,100,100,100,100,100,100
44,realestate_html/realtor-0861.html,100,100,100,100,100,100,100
44,realestate_html/zillow-1458.html,100,100,100,100,100,100,100
44,realestate_html/propertyguru-0858.html,100,100,100,100,100,100,100
44,realestate_html/realtor-1655.html,100,100,100,100,100,100,100
44,realestate_html/propertyguru-1703.html,100,100,100,100,100,100,100
44,realestate_html/realestate-0065.html,100,100,100,100,100,100,100
44,realestate_html/realestate-0663.html,100,100,100,100,100,100,100
44,realestate_html/rightmove-0992.html,100,100,100,100,100,100,100
44,realestate_html/realtor-0567.html,100,100,100,100,100,100,100
44,realestate_html/propertyguru-0384.html,100,100,100,100,100,100,100
44,realestate_html/rightmove-1703.html,100,100,100,100,100,100,100
44,realestate_html/realtor-1939.html,100,100,100,100,100,100,100
44,realestate_html/propertyguru-0424.html,100,100,100,100,100,100,100
44,realestate_html/propertyguru-1680.html,100,100,100,100,100,100,100
44,realestate_html/realtor-0275.html,100,100,100,100,100,100,100
44,realestate_html/realtor-1711.html,100,100,100,100,100,100,100
44,realestate_html/realtor-1725.html,100,100,100,100,100,100,100
44,realestate_html/realestate-0948.html,100,100,100,100,100,100,100
44,realestate_html/realestate-1149.html,100,100,100,0,100,100,0
44,realestate_html/rightmove-0536.html,100,100,100,100,100,100,100
44,realestate_html/zillow-0198.html,100,100,100,100,100,100,100
44,realestate_html/rightmove-1109.html,100,100,100,100,0,0,0
44,realestate_html/rightmove-1220.html,100,100,100,100,100,100,100
44,realestate_html/realtor-1419.html,100,100,100,100,100,100,100
44,realestate_html/rightmove-0376.html,100,100,100,100,100,100,100
44,realestate_html/propertyguru-0403.html,100,100,100,100,100,100,100
44,realestate_html/zillow-1990.html,100,100,100,100,100,100,100
44,realestate_html/propertyguru-1450.html,100,100,100,100,100,100,100
44,realestate_html/rightmove-0296.html,100,100,100,100,100,100,100
44,realestate_html/realtor-0167.html,100,100,100,100,100,100,100
44,realestate_html/realestate-0698.html,100,100,100,100,100,100,100
44,realestate_html/zillow-0683.html,100,100,100,100,100,100,100
44,realestate_html/realestate-0844.html,100,100,100,100,100,100,100
44,realestate_html/realestate-1799.html,100,100,100,100,100,0,0
44,realestate_html/realtor-1863.html,100,100,100,100,100,100,100
44,realestate_html/zillow-0615.html,100,100,100,100,100,100,100
44,realestate_html/propertyguru-0688.html,100,100,100,100,100,100,100
44,realestate_html/realtor-1166.html,100,100,100,100,100,100,100
44,realestate_html/rightmove-0517.html,100,100,100,100,100,100,100
44,realestate_html/rightmove-0971.html,100,100,100,100,100,100,100
44,realestate_html/propertyguru-0653.html,100,100,100,100,100,100,100
44,realestate_html/realestate-0898.html,100,100,100,100,100,100,100
44,realestate_html/zillow-0573.html,100,100,100,100,100,100,100
44,realestate_html/rightmove-0959.html,100,100,100,100,100,100,100
44,realestate_html/realtor-2064.html,100,100,100,100,100,100,100
44,realestate_html/realtor-0961.html,100,100,100,100,0,100,0
44,realestate_html/zillow-0744.html,100,100,100,100,100,100,100
44,realestate_html/realtor-0453.html,100,100,100,100,100,100,100
44,realestate_html/realtor-1771.html,100,100,100,100,100,0,0
44,realestate_html/realestate-0573.html,100,100,100,100,100,100,100
44,realestate_html/realestate-1501.html,100,100,0,100,100,0,0
44,realestate_html/realtor-1981.html,100,100,100,100,100,100,100
44,realestate_html/zillow-1388.html,100,100,100,100,100,100,100
44,realestate_html/rightmove-1067.html,100,100,100,100,100,100,100
44,realestate_html/realestate-0477.html,100,100,100,100,100,100,100
44,realestate_html/realtor-0355.html,100,100,100,100,100,100,100
44,realestate_html/realtor-0829.html,100,100,100,100,100,100,100
44,realestate_html/realtor-0894.html,100,100,100,100,100,100,100
44,realestate_html/propertyguru-0270.html,100,100,100,100,100,100,100
44,realestate_html/rightmove-0884.html,100,100,100,100,100,100,100
44,realestate_html/zillow-0259.html,100,100,100,100,100,100,100
44,realestate_html/zillow-1955.html,0,100,100,100,100,100,0
44,realestate_html/realtor-0378.html,100,100,100,100,100,0,0
44,realestate_html/propertyguru-0632.html,100,100,100,100,100,100,100
44,realestate_html/zillow-0809.html,100,100,100,100,100,100,100
44,realestate_html/zillow-1373.html,100,100,100,100,100,100,100
44,realestate_html/realestate-1121.html,100,100,100,100,100,100,100
44,realestate_html/rightmove-0100.html,100,100,100,100,100,100,100
44,realestate_html/realestate-1275.html,100,100,100,100,100,0,0
44,realestate_html/propertyguru-0666.html,100,100,100,100,100,100,100
44,realestate_html/propertyguru-1937.html,100,100,100,100,100,100,100
44,realestate_html/realtor-0236.html,100,100,100,100,100,100,100
44,realestate_html/zillow-1484.html,100,100,100,100,100,100,100
44,realestate_html/realestate-0612.html,100,100,100,0,100,100,0
44,realestate_html/propertyguru-0812.html,100,100,100,100,100,100,100
44,realestate_html/rightmove-1118.html,100,100,100,100,100,100,100
44,realestate_html/propertyguru-2033.html,100,100,100,100,100,100,100
44,realestate_html/realtor-1652.html,100,100,100,100,100,100,100
44,realestate_html/propertyguru-0552.html,100,100,100,100,100,100,100
44,realestate_html/rightmove-2074.html,100,100,100,100,100,100,100
44,realestate_html/realtor-0192.html,100,100,100,100,100,100,100
44,realestate_html/propertyguru-1675.html,100,100,100,100,100,100,100
44,realestate_html/realestate-1283.html,100,100,100,100,100,100,100
44,realestate_html/zillow-0305.html,0,100,100,100,100,100,0
44,realestate_html/rightmove-2081.html,100,100,100,100,100,100,100
44,realestate_html/realestate-0851.html,100,100,100,100,100,100,100
44,realestate_html/realestate-1695.html,100,100,100,100,100,100,100
44,realestate_html/zillow-0179.html,100,100,100,100,100,100,100
44,realestate_html/realestate-0314.html,100,100,100,100,100,100,100
44,realestate_html/propertyguru-1999.html,100,100,100,100,100,100,100
44,realestate_html/realtor-1638.html,100,100,100,100,100,100,100
44,realestate_html/zillow-0047.html,100,100,100,100,100,100,100
44,realestate_html/propertyguru-0253.html,100,100,100,100,100,100,100
44,realestate_html/realestate-0444.html,100,100,0,100,100,0,0
44,realestate_html/rightmove-1125.html,100,100,100,100,100,100,100
44,realestate_html/rightmove-1360.html,100,100,100,100,100,100,100
44,realestate_html/rightmove-1074.html,100,100,100,100,100,100,100
44,realestate_html/realtor-1158.html,100,100,100,100,100,100,100
44,realestate_html/rightmove-2049.html,100,100,100,100,100,100,100
44,realestate_html/propertyguru-1566.html,100,100,100,100,100,100,100
44,realestate_html/rightmove-1325.html,100,100,100,100,100,100,100
44,realestate_html/zillow-0664.html,100,100,100,100,100,100,100
44,realestate_html/realtor-0540.html,100,100,100,100,100,100,100
44,realestate_html/rightmove-1244.html,100,100,100,100,100,100,100
44,realestate_html/propertyguru-0674.html,100,100,100,100,100,100,100
44,realestate_html/realestate-0978.html,100,100,100,100,100,100,100
44,realestate_html/propertyguru-1475.html,100,100,100,100,100,100,100
44,realestate_html/realtor-0056.html,100,100,100,100,100,100,100
44,realestate_html/realestate-0449.html,100,100,100,100,100,0,0
44,realestate_html/zillow-1302.html,100,100,100,100,100,100,100
44,realestate_html/realestate-0423.html,100,100,100,0,100,100,0
44,realestate_html/realtor-0390.html,100,100,100,100,100,100,100
44,realestate_html/realestate-0386.html,100,100,100,100,100,100,100
44,realestate_html/rightmove-0829.html,100,100,100,100,100,100,100
44,realestate_html/realestate-0147.html,100,100,100,100,100,0,0
44,realestate_html/zillow-1269.html,100,100,100,100,100,100,100
44,realestate_html/realtor-2054.html,100,100,100,100,100,100,100
44,realestate_html/zillow-1490.html,100,100,100,100,100,100,100
44,realestate_html/realestate-0766.html,100,100,100,100,100,0,0
44,realestate_html/realestate-0140.html,100,100,100,100,100,100,100
44,realestate_html/propertyguru-1661.html,100,100,100,100,100,100,100
44,realestate_html/zillow-1360.html,100,100,100,100,100,100,100
44,realestate_html/rightmove-1536.html,100,100,100,100,100,100,100
44,realestate_html/realestate-0199.html,100,100,100,100,100,100,100
44,realestate_html/realestate-0581.html,100,0,100,100,100,100,0
44,realestate_html/rightmove-0967.html,100,100,100,100,100,100,100
44,realestate_html/zillow-0161.html,100,100,100,100,100,100,100
44,realestate_html/realestate-1922.html,100,100,100,100,100,100,100
44,realestate_html/rightmove-0508.html,100,100,100,100,100,100,100
44,realestate_html/realtor-1544.html,100,100,100,100,100,100,100
44,realestate_html/rightmove-0427.html,100,100,100,100,100,100,100
44,realestate_html/zillow-0758.html,100,100,100,100,100,100,100
44,realestate_html/propertyguru-0199.html,100,100,100,100,0,100,0
44,realestate_html/rightmove-1273.html,100,100,100,100,100,100,100
44,realestate_html/zillow-0329.html,100,100,100,100,100,100,100
44,realestate_html/propertyguru-1633.html,100,100,100,100,100,100,100
44,realestate_html/realtor-1317.html,100,0,100,100,100,100,0
44,realestate_html/propertyguru-1099.html,100,100,100,100,100,100,100
44,realestate_html/realtor-0583.html,100,100,100,100,100,100,100
44,realestate_html/realtor-1769.html,100,100,100,100,100,100,100
44,realestate_html/rightmove-1821.html,100,100,100,100,100,100,100
44,realestate_html/zillow-0655.html,100,100,100,100,100,100,100
44,realestate_html/propertyguru-0542.html,100,100,100,100,100,100,100
44,realestate_html/propertyguru-0136.html,100,100,100,100,100,100,100
44,realestate_html/realestate-0526.html,100,100,100,0,100,100,0
44,realestate_html/realestate-1531.html,100,100,100,100,100,100,100
44,realestate_html/zillow-0397.html,100,100,100,100,100,100,100
44,realestate_html/realestate-1874.html,100,100,100,100,100,100,100
44,realestate_html/realtor-0168.html,100,100,100,100,100,100,100
44,realestate_html/zillow-0958.html,0,100,100,100,100,100,0
44,realestate_html/rightmove-0484.html,100,100,100,100,100,100,100
44,realestate_html/rightmove-1304.html,100,100,100,100,100,100,100
44,realestate_html/realtor-1744.html,100,100,100,100,100,100,100
44,realestate_html/rightmove-0772.html,100,100,100,100,100,100,100
44,realestate_html/propertyguru-0990.html,100,100,100,100,100,100,100
44,realestate_html/rightmove-2008.html,100,100,100,100,100,100,100
44,realestate_html/rightmove-1959.html,100,100,100,100,100,100,100
44,realestate_html/rightmove-1217.html,100,100,100,100,100,100,100
44,realestate_html/rightmove-1361.html,100,100,100,100,100,100,100
44,realestate_html/realestate-0473.html,100,100,100,100,100,100,100
44,realestate_html/realestate-0455.html,100,100,100,100,100,100,100
44,realestate_html/realtor-0834.html,100,100,100,100,100,100,100
44,realestate_html/realtor-1008.html,100,100,100,100,100,100,100
44,realestate_html/zillow-0514.html,100,100,100,100,100,100,100
44,realestate_html/rightmove-1779.html,100,100,100,100,100,100,100
44,realestate_html/zillow-1524.html,100,100,100,100,100,100,100
44,realestate_html/rightmove-1572.html,100,100,100,100,100,100,100
44,realestate_html/propertyguru-0848.html,100,100,100,100,100,100,100
44,realestate_html/realestate-0654.html,100,100,100,100,100,100,100
44,realestate_html/realtor-1626.html,100,100,100,100,100,100,100
44,realestate_html/propertyguru-0029.html,100,100,100,100,100,100,100
44,realestate_html/realestate-1599.html,100,100,100,100,100,100,100
44,realestate_html/realestate-0489.html,100,100,100,100,100,0,0
44,realestate_html/rightmove-1640.html,100,100,100,100,100,100,100
44,realestate_html/zillow-0846.html,100,100,100,100,100,100,100
44,realestate_html/realestate-0921.html,100,100,100,100,100,100,100
44,realestate_html/zillow-1339.html,100,100,100,100,100,100,100
44,realestate_html/propertyguru-0364.html,100,100,100,100,100,100,100
44,realestate_html/realestate-0040.html,100,100,100,0,100,100,0
44,realestate_html/realestate-1030.html,100,100,100,100,100,0,0
44,realestate_html/zillow-0831.html,100,100,100,100,100,100,100
44,realestate_html/realestate-0961.html,100,100,100,100,100,100,100
44,realestate_html/rightmove-0658.html,100,100,100,100,100,100,100
44,realestate_html/zillow-0115.html,100,100,100,100,100,100,100
44,realestate_html/rightmove-2012.html,100,100,100,100,100,100,100
44,realestate_html/rightmove-1443.html,100,100,100,100,100,100,100
44,realestate_html/zillow-1261.html,100,100,100,100,100,100,100
44,realestate_html/zillow-1805.html,100,100,100,100,100,100,100
44,realestate_html/zillow-1419.html,100,100,100,100,100,100,100
44,realestate_html/rightmove-0940.html,100,100,100,100,100,100,100
44,realestate_html/propertyguru-0910.html,100,100,100,100,100,100,100
44,realestate_html/propertyguru-1592.html,100,100,100,100,100,100,100
44,realestate_html/realtor-1364.html,100,0,100,100,100,100,0
44,realestate_html/realtor-0143.html,100,100,100,100,100,100,100
44,realestate_html/realestate-1495.html,100,100,100,100,100,0,0
44,realestate_html/realtor-1509.html,100,100,100,100,100,100,100
44,realestate_html/realtor-0527.html,100,0,100,100,100,100,0
44,realestate_html/rightmove-0860.html,100,100,100,100,100,100,100
44,realestate_html/rightmove-1986.html,100,100,100,100,100,100,100
44,realestate_html/rightmove-0274.html,100,100,100,100,100,100,100
44,realestate_html/propertyguru-0037.html,100,100,100,100,100,100,100
44,realestate_html/rightmove-0189.html,100,100,100,100,100,100,100
44,realestate_html/rightmove-1618.html,100,100,100,100,100,100,100
44,realestate_html/realestate-1990.html,100,100,100,100,100,100,100
44,realestate_html/rightmove-0996.html,100,100,100,100,100,100,100
44,realestate_html/rightmove-1861.html,100,100,100,100,100,100,100
44,realestate_html/zillow-0632.html,100,100,100,100,100,100,100
44,realestate_html/realtor-1710.html,100,100,100,100,100,100,100
44,realestate_html/rightmove-1896.html,100,100,100,100,100,100,100
44,realestate_html/zillow-0061.html,0,100,100,100,100,100,0
44,realestate_html/rightmove-0662.html,100,100,100,100,100,100,100
44,realestate_html/realtor-1534.html,100,100,100,100,100,100,100
44,realestate_html/rightmove-1978.html,100,100,100,100,100,100,100
44,realestate_html/realestate-1859.html,100,100,100,100,100,100,100
44,realestate_html/zillow-0801.html,100,100,100,100,100,100,100
44,realestate_html/realestate-1566.html,100,100,100,100,100,100,100
44,realestate_html/realtor-1353.html,100,100,100,100,100,100,100
44,realestate_html/realtor-0347.html,100,100,100,100,100,100,100
44,realestate_html/propertyguru-0464.html,100,100,100,100,100,100,100
44,realestate_html/rightmove-1867.html,100,100,100,100,100,100,100
44,realestate_html/realestate-0949.html,100,100,100,0,100,100,0
44,realestate_html/propertyguru-1722.html,100,100,100,100,100,100,100
44,realestate_html/propertyguru-0343.html,100,100,100,100,100,100,100
44,realestate_html/rightmove-0150.html,100,100,100,100,100,100,100
44,realestate_html/rightmove-0826.html,100,100,100,100,100,100,100
44,realestate_html/zillow-1327.html,100,100,100,100,100,100,100
44,realestate_html/realestate-1454.html,100,100,100,100,100,100,100
44,realestate_html/realtor-1034.html,100,100,100,100,100,100,100
44,realestate_html/propertyguru-1322.html,100,100,100,100,100,100,100
44,realestate_html/realestate-0899.html,100,100,100,0,100,100,0
44,realestate_html/zillow-0424.html,100,100,100,100,100,100,100
44,realestate_html/zillow-1584.html,100,100,100,100,100,100,100
44,realestate_html/realtor-0276.html,100,100,100,100,100,100,100
44,realestate_html/realestate-0057.html,100,100,100,0,100,100,0
44,realestate_html/rightmove-1165.html,100,100,100,100,100,100,100
44,realestate_html/zillow-1608.html,100,100,100,100,100,100,100
44,realestate_html/propertyguru-0941.html,100,100,100,100,100,100,100
44,realestate_html/realestate-1492.html,100,100,100,100,100,100,100
44,realestate_html/realestate-1471.html,100,100,100,0,100,100,0
44,realestate_html/propertyguru-0663.html,100,100,100,100,100,100,100
44,realestate_html/zillow-1004.html,100,100,100,100,100,100,100
44,realestate_html/propertyguru-0742.html,100,100,100,100,100,100,100
44,realestate_html/realtor-1891.html,100,100,100,100,100,100,100
44,realestate_html/rightmove-1237.html,100,100,100,100,100,100,100
44,realestate_html/realtor-0899.html,100,100,100,100,100,100,100
44,realestate_html/rightmove-1849.html,100,100,100,100,100,100,100
44,realestate_html/realtor-1411.html,100,0,100,100,100,100,0
44,realestate_html/zillow-0783.html,100,100,100,100,100,100,100
44,realestate_html/realestate-0248.html,100,100,100,100,100,100,100
44,realestate_html/realtor-1149.html,100,100,100,100,100,100,100
44,realestate_html/rightmove-0017.html,100,100,100,100,100,100,100
44,realestate_html/realestate-1393.html,100,100,100,100,100,100,100
44,realestate_html/rightmove-0052.html,100,100,100,100,100,100,100
44,realestate_html/rightmove-1910.html,100,100,100,100,100,100,100
44,realestate_html/propertyguru-0332.html,100,100,100,100,100,100,100
44,realestate_html/realtor-0869.html,100,100,100,100,100,100,100
44,realestate_html/zillow-0228.html,100,100,100,100,100,100,100
44,realestate_html/zillow-1323.html,100,100,100,100,100,100,100
44,realestate_html/propertyguru-1537.html,100,100,100,100,100,100,100
44,realestate_html/rightmove-0026.html,100,100,100,100,100,100,100
44,realestate_html/realestate-1432.html,100,100,100,100,100,100,100
44,realestate_html/rightmove-0929.html,100,100,100,100,100,100,100
44,realestate_html/propertyguru-0472.html,100,100,100,100,100,100,100
44,realestate_html/rightmove-1444.html,100,100,100,100,100,100,100
44,realestate_html/realestate-0908.html,100,100,100,100,100,100,100
44,realestate_html/propertyguru-1458.html,100,100,100,100,100,100,100
44,realestate_html/rightmove-0793.html,100,100,100,100,100,100,100
44,realestate_html/realtor-0799.html,100,100,100,100,100,100,100
44,realestate_html/zillow-0598.html,100,100,100,100,100,100,100
44,realestate_html/rightmove-0787.html,100,100,100,100,100,100,100
44,realestate_html/propertyguru-1215.html,100,100,100,100,100,100,100
44,realestate_html/propertyguru-1491.html,100,100,100,100,100,100,100
44,realestate_html/rightmove-0555.html,100,100,100,100,100,100,100
44,realestate_html/propertyguru-1619.html,100,100,100,100,100,100,100
44,realestate_html/realtor-0591.html,100,100,100,100,100,100,100
44,realestate_html/propertyguru-1205.html,100,100,100,100,100,100,100
44,realestate_html/realestate-1156.html,100,100,100,100,100,100,100
44,realestate_html/realtor-1307.html,100,100,100,100,100,100,100
44,realestate_html/propertyguru-1947.html,100,100,100,100,100,100,100
44,realestate_html/realestate-0955.html,100,100,100,0,100,100,0
44,realestate_html/rightmove-1926.html,100,100,100,100,100,100,100
44,realestate_html/realtor-1601.html,100,100,100,100,100,100,100
44,realestate_html/realtor-2094.html,100,100,100,100,100,100,100
44,realestate_html/rightmove-1930.html,100,100,100,100,100,100,100
44,realestate_html/rightmove-2010.html,100,100,100,100,100,100,100
44,realestate_html/realestate-1002.html,100,100,100,100,0,0,0
44,realestate_html/rightmove-0504.html,100,100,100,100,100,100,100
44,realestate_html/zillow-1606.html,0,100,100,100,100,100,0
44,realestate_html/realtor-1787.html,100,100,100,100,100,100,100
44,realestate_html/propertyguru-0396.html,100,100,100,100,100,100,100
44,realestate_html/zillow-1265.html,100,100,100,100,100,100,100
44,realestate_html/zillow-0716.html,0,100,100,100,100,100,0
44,realestate_html/realtor-1816.html,100,100,100,100,100,100,100
44,realestate_html/zillow-1487.html,100,100,100,100,100,100,100
44,realestate_html/realtor-1701.html,100,100,100,100,100,0,0
44,realestate_html/zillow-1091.html,100,100,100,100,100,100,100
44,realestate_html/zillow-0816.html,100,100,100,100,100,100,100
44,realestate_html/propertyguru-0768.html,100,100,100,100,100,100,100
44,realestate_html/propertyguru-0246.html,100,100,100,100,100,100,100
44,realestate_html/realestate-1894.html,100,100,100,100,100,100,100
44,realestate_html/realestate-0891.html,100,100,100,100,100,0,0
44,realestate_html/realestate-1595.html,100,100,100,100,100,100,100
44,realestate_html/propertyguru-1501.html,100,100,100,100,100,100,100
44,realestate_html/rightmove-1501.html,100,100,100,100,100,100,100
44,realestate_html/zillow-0307.html,0,100,100,100,100,100,0
44,realestate_html/rightmove-0451.html,100,100,100,100,100,100,100
44,realestate_html/realtor-0021.html,100,100,100,100,100,100,100
44,realestate_html/rightmove-1874.html,100,100,100,100,100,100,100
44,realestate_html/rightmove-0310.html,100,100,100,100,100,100,100
44,realestate_html/zillow-1238.html,100,100,100,100,100,100,100
44,realestate_html/realtor-0096.html,100,100,100,100,100,100,100
44,realestate_html/propertyguru-1650.html,100,100,100,100,100,100,100
44,realestate_html/realtor-1817.html,100,100,100,100,100,100,100
44,realestate_html/propertyguru-1840.html,100,100,100,100,100,100,100
44,realestate_html/realestate-1006.html,100,100,100,100,100,100,100
44,realestate_html/rightmove-1376.html,100,100,100,100,100,100,100
44,realestate_html/zillow-1604.html,100,100,100,100,100,100,100
44,realestate_html/realtor-0156.html,100,100,100,100,100,100,100
44,realestate_html/propertyguru-1101.html,100,100,100,100,100,100,100
44,realestate_html/zillow-1698.html,100,100,100,100,100,100,100
44,realestate_html/rightmove-0580.html,100,100,100,100,100,100,100
44,realestate_html/propertyguru-0466.html,100,100,100,100,0,100,0
44,realestate_html/rightmove-1917.html,100,100,100,100,100,100,100
44,realestate_html/propertyguru-0413.html,100,100,100,100,100,100,100
44,realestate_html/zillow-1449.html,0,100,100,100,100,100,0
44,realestate_html/zillow-0631.html,100,100,100,100,100,100,100
44,realestate_html/realestate-1347.html,100,0,100,100,100,0,0
44,realestate_html/zillow-1824.html,100,100,100,100,100,100,100
44,realestate_html/rightmove-0813.html,100,100,100,100,100,100,100
44,realestate_html/realtor-0300.html,100,100,100,100,100,100,100
44,realestate_html/zillow-0183.html,100,100,100,100,100,100,100
44,realestate_html/propertyguru-0138.html,100,100,100,100,100,100,100
44,realestate_html/rightmove-0714.html,100,100,100,100,100,100,100
44,realestate_html/realtor-1294.html,100,100,100,100,100,100,100
44,realestate_html/propertyguru-1373.html,100,100,100,100,100,100,100
44,realestate_html/zillow-1364.html,100,100,100,100,100,100,100
44,realestate_html/zillow-0261.html,100,100,100,100,100,100,100
44,realestate_html/rightmove-0332.html,100,100,100,100,100,100,100
44,realestate_html/zillow-1195.html,100,100,100,100,100,100,100
44,realestate_html/rightmove-1303.html,100,100,100,100,100,100,100
44,realestate_html/realestate-1236.html,100,100,100,100,100,100,100
44,realestate_html/zillow-1328.html,100,100,100,100,100,100,100
44,realestate_html/zillow-0901.html,0,100,100,100,100,100,0
44,realestate_html/zillow-0460.html,100,100,100,100,100,100,100
44,realestate_html/zillow-1061.html,100,100,100,100,100,100,100
44,realestate_html/realestate-1895.html,100,100,100,100,100,100,100
44,realestate_html/realtor-1820.html,100,100,100,100,100,100,100
44,realestate_html/rightmove-0367.html,100,100,100,100,100,100,100
44,realestate_html/propertyguru-1902.html,100,100,100,100,100,100,100
44,realestate_html/propertyguru-1041.html,100,100,100,100,100,100,100
44,realestate_html/realtor-0068.html,100,100,100,100,100,100,100
44,realestate_html/realtor-0092.html,100,0,100,100,100,100,0
44,realestate_html/propertyguru-1749.html,100,100,100,100,100,100,100
44,realestate_html/rightmove-0963.html,100,100,100,100,100,100,100
44,realestate_html/rightmove-1817.html,100,100,100,100,100,100,100
44,realestate_html/zillow-1645.html,100,100,100,100,100,100,100
44,realestate_html/zillow-0451.html,100,100,100,100,100,100,100
44,realestate_html/propertyguru-1942.html,100,100,100,100,100,100,100
44,realestate_html/zillow-0788.html,0,100,100,100,100,100,0
44,realestate_html/realtor-0970.html,100,100,100,100,100,100,100
44,realestate_html/rightmove-0592.html,100,100,100,100,100,100,100
44,realestate_html/rightmove-0225.html,100,100,100,100,100,100,100
44,realestate_html/zillow-1802.html,100,100,100,100,100,100,100
44,realestate_html/rightmove-1696.html,100,100,100,100,100,100,100
44,realestate_html/zillow-0780.html,100,100,100,100,100,100,100
44,realestate_html/realtor-0285.html,100,100,100,100,100,100,100
44,realestate_html/propertyguru-1226.html,100,100,100,100,100,100,100
44,realestate_html/zillow-1081.html,100,100,100,100,100,100,100
44,realestate_html/realtor-1959.html,100,100,100,100,100,100,100
44,realestate_html/zillow-0123.html,100,100,100,100,100,100,100
44,realestate_html/realestate-1291.html,100,100,100,0,100,100,0
44,realestate_html/realestate-0854.html,100,100,100,100,100,0,0
44,realestate_html/rightmove-0760.html,100,100,100,100,100,100,100
44,realestate_html/rightmove-0507.html,100,100,100,100,100,100,100
44,realestate_html/realestate-1439.html,100,100,100,100,100,0,0
44,realestate_html/zillow-1002.html,100,100,100,100,100,100,100
44,realestate_html/realestate-1363.html,100,100,100,100,100,100,100
44,realestate_html/realestate-0034.html,100,100,100,100,100,100,100
44,realestate_html/realestate-1020.html,100,100,100,100,100,100,100
44,realestate_html/propertyguru-0438.html,100,100,100,100,100,100,100
44,realestate_html/propertyguru-0582.html,100,100,100,100,100,100,100
44,realestate_html/realestate-1068.html,100,100,100,100,100,100,100
44,realestate_html/zillow-1853.html,100,100,100,100,100,100,100
44,realestate_html/rightmove-0039.html,100,100,100,100,100,100,100
44,realestate_html/rightmove-0163.html,100,100,100,100,100,100,100
44,realestate_html/rightmove-1621.html,100,100,100,100,100,100,100
44,realestate_html/realestate-1127.html,100,100,100,100,100,100,100
44,realestate_html/realestate-0250.html,100,100,100,100,100,100,100
44,realestate_html/propertyguru-0157.html,100,100,100,100,100,100,100
44,realestate_html/rightmove-1567.html,100,100,100,100,100,100,100
44,realestate_html/realtor-1092.html,100,100,100,100,100,100,100
44,realestate_html/realtor-1232.html,100,100,100,100,100,100,100
44,realestate_html/zillow-0965.html,100,100,100,100,100,100,100
44,realestate_html/realestate-1145.html,100,100,100,100,100,100,100
44,realestate_html/realtor-1205.html,100,100,100,100,100,100,100
44,realestate_html/zillow-1496.html,100,100,100,100,100,100,100
44,realestate_html/zillow-0369.html,0,100,100,100,100,100,0
44,realestate_html/propertyguru-0131.html,100,100,100,100,100,100,100
44,realestate_html/propertyguru-0191.html,100,100,100,100,100,100,100
44,realestate_html/rightmove-0306.html,100,100,100,100,100,100,100
44,realestate_html/realtor-0784.html,100,100,100,100,100,100,100
44,realestate_html/realestate-1469.html,100,100,100,100,100,100,100
44,realestate_html/rightmove-0915.html,100,100,100,100,100,100,100
44,realestate_html/realtor-1982.html,100,100,100,100,100,100,100
44,realestate_html/rightmove-0944.html,100,100,100,100,100,100,100
44,realestate_html/realtor-0959.html,100,100,100,100,100,100,100
44,realestate_html/propertyguru-0039.html,100,100,100,100,100,100,100
44,realestate_html/propertyguru-0503.html,100,100,100,100,100,100,100
44,realestate_html/realestate-0596.html,100,100,100,100,100,100,100
44,realestate_html/rightmove-0226.html,100,100,100,100,100,100,100
44,realestate_html/zillow-1483.html,100,100,100,100,100,100,100
44,realestate_html/realtor-1579.html,100,100,100,100,100,100,100
44,realestate_html/realtor-1160.html,100,100,100,100,100,100,100
44,realestate_html/zillow-0194.html,100,100,100,100,100,100,100
44,realestate_html/propertyguru-0180.html,100,100,100,100,100,100,100
44,realestate_html/propertyguru-0135.html,100,100,100,100,100,100,100
44,realestate_html/zillow-1154.html,100,100,100,100,100,100,100
44,realestate_html/rightmove-1905.html,100,100,100,100,100,100,100
44,realestate_html/propertyguru-0202.html,100,100,100,100,100,100,100
44,realestate_html/rightmove-2001.html,100,100,100,100,100,100,100
44,realestate_html/realtor-1839.html,100,100,100,100,100,100,100
44,realestate_html/zillow-0852.html,100,100,100,100,100,100,100
44,realestate_html/propertyguru-0655.html,100,100,100,100,100,100,100
44,realestate_html/zillow-1313.html,100,100,100,100,100,100,100
44,realestate_html/realtor-0622.html,100,100,100,100,100,100,100
44,realestate_html/zillow-1171.html,100,100,100,100,100,100,100
44,realestate_html/rightmove-0972.html,100,100,100,100,100,100,100
44,realestate_html/rightmove-1603.html,100,100,100,100,100,100,100
44,realestate_html/propertyguru-0519.html,100,100,100,100,100,100,100
44,realestate_html/rightmove-2017.html,100,100,100,100,100,100,100
44,realestate_html/rightmove-1624.html,100,100,100,100,100,100,100
44,realestate_html/zillow-1357.html,100,100,100,100,100,100,100
44,realestate_html/propertyguru-0662.html,100,100,100,100,100,100,100
44,realestate_html/realestate-1312.html,100,100,100,0,100,100,0
44,realestate_html/rightmove-0234.html,100,100,100,100,100,100,100
44,realestate_html/zillow-1199.html,0,100,100,100,100,100,0
44,realestate_html/zillow-1576.html,0,100,100,100,100,100,0
44,realestate_html/realestate-1535.html,100,100,100,100,100,100,100
44,realestate_html/realestate-1808.html,100,100,100,100,100,100,100
44,realestate_html/rightmove-0187.html,100,100,100,100,100,100,100
44,realestate_html/zillow-1101.html,100,100,100,100,100,100,100
44,realestate_html/realestate-0137.html,100,100,100,100,100,100,100
44,realestate_html/propertyguru-0333.html,100,100,100,100,100,100,100
44,realestate_html/realtor-2026.html,100,100,100,100,100,100,100
44,realestate_html/zillow-0351.html,0,100,100,100,100,100,0
44,realestate_html/zillow-1628.html,100,100,100,100,100,100,100
44,realestate_html/propertyguru-0864.html,100,100,100,100,100,100,100
44,realestate_html/zillow-0215.html,100,100,100,100,100,100,100
44,realestate_html/realestate-1467.html,100,100,100,100,100,100,100
44,realestate_html/realtor-0272.html,100,100,100,100,100,100,100
44,realestate_html/rightmove-0724.html,100,100,100,100,100,100,100
44,realestate_html/rightmove-0737.html,100,100,100,100,100,0,0
44,realestate_html/realestate-1015.html,100,100,100,100,100,100,100
44,realestate_html/realestate-1644.html,100,100,100,100,100,100,100
44,realestate_html/realtor-0375.html,100,100,100,100,100,100,100
44,realestate_html/realtor-0610.html,100,100,100,100,100,100,100
44,realestate_html/zillow-0525.html,0,100,100,100,100,100,0
44,realestate_html/zillow-1413.html,100,100,100,100,100,100,100
44,realestate_html/realestate-0929.html,100,100,100,0,100,100,0
44,realestate_html/realestate-1980.html,100,100,100,100,100,0,0
44,realestate_html/rightmove-1597.html,100,100,100,100,100,100,100
44,realestate_html/rightmove-0159.html,100,100,100,100,100,100,100
44,realestate_html/rightmove-0857.html,100,100,100,100,100,100,100
44,realestate_html/realtor-1490.html,100,100,100,100,100,100,100
44,realestate_html/zillow-0114.html,100,100,100,100,100,100,100
44,realestate_html/propertyguru-0096.html,100,100,100,100,100,100,100
44,realestate_html/propertyguru-1197.html,100,100,100,100,100,100,100
44,realestate_html/propertyguru-0930.html,100,100,100,100,100,100,100
44,realestate_html/rightmove-0894.html,100,100,100,100,100,100,100
44,realestate_html/realestate-0778.html,100,100,100,100,100,100,100
44,realestate_html/realestate-0531.html,100,100,100,100,100,100,100
44,realestate_html/realestate-1116.html,100,100,100,100,100,100,100
44,realestate_html/zillow-1811.html,0,100,100,100,100,100,0
44,realestate_html/realtor-1610.html,100,100,100,100,100,100,100
44,realestate_html/zillow-1406.html,100,100,100,100,100,100,100
44,realestate_html/propertyguru-0245.html,100,100,100,100,100,100,100
44,realestate_html/realtor-1524.html,100,100,100,100,100,100,100
44,realestate_html/rightmove-0151.html,100,100,100,100,100,100,100
44,realestate_html/propertyguru-0571.html,100,100,100,100,100,100,100
44,realestate_html/zillow-1865.html,100,100,100,100,100,100,100
44,realestate_html/realtor-0671.html,100,100,100,100,100,100,100
44,realestate_html/rightmove-0133.html,100,100,100,100,100,100,100
44,realestate_html/zillow-0659.html,0,100,100,100,100,100,0
44,realestate_html/propertyguru-0320.html,100,100,100,100,100,100,100
44,realestate_html/rightmove-1450.html,100,100,100,100,100,100,100
44,realestate_html/realtor-0458.html,100,100,100,100,100,100,100
44,realestate_html/zillow-1671.html,100,100,100,100,100,100,100
44,realestate_html/propertyguru-0534.html,100,100,100,100,100,100,100
44,realestate_html/realestate-1268.html,100,100,100,100,100,100,100
44,realestate_html/zillow-0478.html,100,100,100,100,100,100,100
44,realestate_html/rightmove-0712.html,100,100,100,100,100,100,100
44,realestate_html/realestate-0876.html,100,100,100,100,100,100,100
44,realestate_html/rightmove-1499.html,100,100,100,100,100,100,100
44,realestate_html/rightmove-0917.html,100,100,100,100,100,100,100
44,realestate_html/realestate-1807.html,100,100,100,100,100,100,100
44,realestate_html/realestate-1452.html,100,100,100,100,100,100,100
44,realestate_html/propertyguru-1948.html,100,100,100,100,100,100,100
44,realestate_html/propertyguru-1612.html,100,100,100,100,100,100,100
44,realestate_html/rightmove-1953.html,100,100,100,100,100,100,100
44,realestate_html/zillow-0775.html,0,100,100,100,100,100,0
44,realestate_html/realtor-1179.html,100,100,100,100,100,100,100
44,realestate_html/propertyguru-1807.html,100,100,100,100,100,100,100
44,realestate_html/rightmove-0856.html,100,100,100,100,100,100,100
44,realestate_html/realestate-0997.html,100,100,100,100,100,100,100
44,realestate_html/realtor-0632.html,100,100,100,100,100,100,100
44,realestate_html/propertyguru-1012.html,100,100,100,100,100,100,100
44,realestate_html/realtor-0377.html,100,100,100,100,100,100,100
44,realestate_html/realtor-0824.html,100,100,100,100,100,100,100
44,realestate_html/realestate-0850.html,100,100,100,100,100,100,100
44,realestate_html/realtor-0543.html,100,100,100,100,100,100,100
44,realestate_html/zillow-0392.html,100,100,100,100,100,100,100
44,realestate_html/realtor-0329.html,100,100,100,100,100,100,100
44,realestate_html/rightmove-1394.html,100,100,100,100,100,100,100
44,realestate_html/propertyguru-1238.html,100,100,100,100,100,100,100
44,realestate_html/rightmove-0324.html,100,100,100,100,100,100,100
44,realestate_html/rightmove-0002.html,100,100,100,100,100,100,100
44,realestate_html/propertyguru-0985.html,100,100,100,100,100,100,100
44,realestate_html/realestate-0904.html,100,100,100,0,100,100,0
44,realestate_html/zillow-1704.html,100,100,100,100,100,100,100
44,realestate_html/realtor-1852.html,100,100,100,100,100,100,100
44,realestate_html/realestate-1191.html,100,100,100,100,100,100,100
44,realestate_html/zillow-0757.html,100,100,100,100,100,100,100
44,realestate_html/zillow-1678.html,100,100,100,100,100,100,100
44,realestate_html/rightmove-0863.html,100,100,100,100,100,100,100
44,realestate_html/zillow-1969.html,100,100,100,100,100,100,100
44,realestate_html/zillow-0538.html,0,100,100,100,100,100,0
44,realestate_html/zillow-0254.html,100,100,100,100,100,100,100
44,realestate_html/realtor-1766.html,100,0,100,100,100,100,0
44,realestate_html/rightmove-0450.html,100,100,100,100,100,100,100
44,realestate_html/realtor-0437.html,100,100,100,100,100,100,100
44,realestate_html/realtor-0242.html,100,100,100,100,100,100,100
44,realestate_html/realtor-0698.html,100,100,100,100,100,100,100
44,realestate_html/zillow-1472.html,0,100,100,100,100,100,0
44,realestate_html/realestate-1483.html,100,100,100,100,100,100,100
44,realestate_html/realestate-0939.html,100,100,100,100,100,100,100
44,realestate_html/zillow-1814.html,100,100,100,100,100,100,100
44,realestate_html/rightmove-0529.html,100,100,100,100,100,100,100
44,realestate_html/propertyguru-1188.html,100,100,100,100,100,100,100
44,realestate_html/propertyguru-1776.html,100,100,100,100,100,100,100
44,realestate_html/propertyguru-1107.html,100,100,100,100,100,100,100
44,realestate_html/realtor-1944.html,100,100,100,100,0,100,0
44,realestate_html/zillow-1096.html,100,100,100,100,100,100,100
44,realestate_html/propertyguru-0975.html,100,100,100,100,100,100,100
44,realestate_html/realtor-1704.html,100,100,100,100,100,100,100
44,realestate_html/propertyguru-0369.html,100,100,100,100,100,100,100
44,realestate_html/zillow-1277.html,0,100,100,100,100,100,0
44,realestate_html/realtor-1540.html,100,100,100,100,100,100,100
44,realestate_html/realtor-1609.html,100,100,100,100,100,100,100
44,realestate_html/realtor-1700.html,100,100,100,100,100,100,100
44,realestate_html/zillow-1578.html,100,100,100,100,100,100,100
44,realestate_html/zillow-1156.html,100,100,100,100,100,100,100
44,realestate_html/propertyguru-1821.html,100,100,100,100,100,100,100
44,realestate_html/propertyguru-1052.html,100,100,100,100,100,100,100
44,realestate_html/realtor-0125.html,100,100,100,100,100,100,100
44,realestate_html/propertyguru-0233.html,100,100,100,100,100,100,100
44,realestate_html/propertyguru-1946.html,100,100,100,100,100,100,100
44,realestate_html/realtor-0002.html,100,100,100,100,100,100,100
44,realestate_html/zillow-1250.html,0,100,100,100,100,100,0
44,realestate_html/realestate-0967.html,100,100,100,100,100,100,100
44,realestate_html/realestate-1005.html,100,100,100,0,100,100,0
44,realestate_html/zillow-0240.html,100,100,100,100,100,100,100
44,realestate_html/propertyguru-1427.html,100,100,100,100,100,100,100
44,realestate_html/realestate-0331.html,100,100,100,100,100,100,100
44,realestate_html/propertyguru-0045.html,100,100,100,100,100,100,100
44,realestate_html/realestate-1295.html,100,100,100,100,100,100,100
44,realestate_html/rightmove-0126.html,100,100,100,100,100,100,100
44,realestate_html/rightmove-0873.html,100,100,100,100,100,100,100
44,realestate_html/rightmove-2035.html,100,100,100,100,100,100,100
44,realestate_html/zillow-1856.html,100,100,100,100,100,100,100
44,realestate_html/realtor-1454.html,100,100,100,100,100,0,0
44,realestate_html/rightmove-0978.html,100,100,100,100,100,100,100
44,realestate_html/realtor-0213.html,100,100,100,100,100,100,100
44,realestate_html/zillow-0266.html,100,100,100,100,100,100,100
44,realestate_html/realtor-1707.html,100,100,100,100,100,100,100
44,realestate_html/realestate-0606.html,100,100,100,100,100,0,0
44,realestate_html/zillow-1236.html,100,100,100,100,100,100,100
44,realestate_html/zillow-1164.html,0,100,100,100,100,100,0
44,realestate_html/realtor-1865.html,100,100,100,100,100,100,100
44,realestate_html/zillow-1832.html,100,100,100,100,100,100,100
44,realestate_html/propertyguru-1877.html,100,100,100,100,100,100,100
44,realestate_html/realestate-1608.html,100,100,100,100,100,100,100
44,realestate_html/propertyguru-1068.html,100,100,100,100,100,100,100
44,realestate_html/rightmove-1068.html,100,100,100,100,100,100,100
44,realestate_html/zillow-0053.html,100,100,100,100,100,100,100
44,realestate_html/realtor-2091.html,100,100,100,100,100,100,100
44,realestate_html/realestate-0746.html,100,100,100,0,100,100,0
44,realestate_html/zillow-1213.html,100,100,100,100,100,100,100
44,realestate_html/realestate-0090.html,100,100,100,100,100,100,100
44,realestate_html/rightmove-0995.html,100,100,100,100,100,100,100
44,realestate_html/realestate-0214.html,100,100,100,100,100,100,100
44,realestate_html/rightmove-1161.html,100,100,100,100,100,100,100
44,realestate_html/zillow-0955.html,100,100,100,100,100,100,100
44,realestate_html/realtor-1989.html,100,100,100,100,0,100,0
44,realestate_html/propertyguru-1614.html,100,100,100,100,100,100,100
44,realestate_html/realestate-0422.html,100,100,100,100,100,100,100
44,realestate_html/realestate-1629.html,100,100,100,100,100,100,100
44,realestate_html/zillow-0612.html,100,100,100,100,100,100,100
44,realestate_html/realestate-1229.html,100,100,100,100,100,100,100
44,realestate_html/zillow-1336.html,100,100,100,100,100,100,100
44,realestate_html/propertyguru-1707.html,100,100,100,100,100,100,100
44,realestate_html/rightmove-0577.html,100,100,100,100,100,100,100
44,realestate_html/realtor-0948.html,100,100,100,100,0,100,0
44,realestate_html/propertyguru-1573.html,100,100,100,100,100,100,100
44,realestate_html/realtor-0131.html,100,100,100,100,100,100,100
44,realestate_html/realestate-1991.html,100,100,100,100,100,100,100
44,realestate_html/propertyguru-0134.html,100,100,100,100,100,100,100
44,realestate_html/realtor-1847.html,100,100,100,100,0,100,0
44,realestate_html/zillow-1530.html,100,100,100,100,100,100,100
44,realestate_html/realestate-0025.html,100,100,100,100,100,100,100
44,realestate_html/propertyguru-0324.html,100,100,100,100,100,100,100
44,realestate_html/realestate-0015.html,100,100,100,100,100,100,100
44,realestate_html/realtor-0513.html,100,100,100,100,100,100,100
44,realestate_html/zillow-1744.html,100,100,100,100,100,100,100
44,realestate_html/propertyguru-0573.html,100,100,100,100,100,100,100
44,realestate_html/zillow-0888.html,100,100,100,100,100,100,100
44,realestate_html/realestate-1051.html,100,100,100,100,100,100,100
44,realestate_html/realestate-0534.html,100,100,100,100,100,100,100
44,realestate_html/rightmove-0400.html,100,100,100,100,100,0,0
44,realestate_html/zillow-1395.html,100,100,100,100,100,100,100
44,realestate_html/zillow-0903.html,100,100,100,100,100,100,100
44,realestate_html/rightmove-1137.html,100,100,100,100,100,100,100
44,realestate_html/zillow-1697.html,0,100,100,100,100,100,0
44,realestate_html/propertyguru-0097.html,100,100,100,100,100,100,100
44,realestate_html/propertyguru-0459.html,100,100,100,100,100,100,100
44,realestate_html/realestate-1676.html,100,100,100,0,100,100,0
44,realestate_html/realestate-0786.html,100,100,100,100,100,100,100
44,realestate_html/realtor-1681.html,100,100,100,100,100,100,100
44,realestate_html/realestate-0695.html,100,100,100,100,100,100,100
44,realestate_html/propertyguru-0496.html,100,100,100,100,100,100,100
44,realestate_html/realestate-1998.html,100,100,100,100,100,100,100
44,realestate_html/rightmove-0932.html,100,100,100,100,100,100,100
44,realestate_html/realestate-0399.html,100,100,100,100,100,100,100
44,realestate_html/realtor-0028.html,100,100,100,100,100,100,100
44,realestate_html/realestate-0712.html,100,100,100,0,100,100,0
44,realestate_html/propertyguru-0414.html,100,100,100,100,100,100,100
44,realestate_html/realtor-0294.html,100,100,100,100,100,100,100
44,realestate_html/realtor-0618.html,100,100,100,100,100,100,100
44,realestate_html/rightmove-0160.html,100,100,100,100,100,100,100
44,realestate_html/rightmove-1829.html,100,100,100,100,100,100,100
44,realestate_html/realtor-0757.html,100,100,100,100,100,100,100
44,realestate_html/propertyguru-1851.html,100,100,100,100,100,100,100
44,realestate_html/realestate-0884.html,100,100,100,100,100,100,100
44,realestate_html/rightmove-1257.html,100,100,100,100,100,100,100
44,realestate_html/zillow-0969.html,100,100,100,100,100,100,100
44,realestate_html/realtor-1746.html,100,100,100,100,100,100,100
44,realestate_html/propertyguru-1938.html,100,100,100,100,100,100,100
44,realestate_html/realtor-0013.html,100,100,100,100,100,100,100
44,realestate_html/zillow-0428.html,0,100,100,100,100,100,0
44,realestate_html/realestate-0217.html,100,100,100,100,100,0,0
44,realestate_html/zillow-0583.html,100,100,100,100,100,100,100
44,realestate_html/rightmove-1416.html,100,100,100,100,100,100,100
44,realestate_html/propertyguru-1756.html,100,100,100,100,100,100,100
44,realestate_html/zillow-0072.html,100,100,100,100,100,100,100
44,realestate_html/zillow-1350.html,0,100,100,100,100,100,0
44,realestate_html/realtor-2047.html,100,100,100,100,100,100,100
44,realestate_html/propertyguru-0282.html,100,100,100,100,100,100,100
44,realestate_html/rightmove-0479.html,100,100,100,100,100,100,100
44,realestate_html/propertyguru-1615.html,100,100,100,100,100,100,100
44,realestate_html/zillow-0260.html,100,100,100,100,100,100,100
44,realestate_html/zillow-0256.html,0,100,100,100,100,100,0
44,realestate_html/realtor-0133.html,100,100,100,100,100,100,100
44,realestate_html/realestate-0258.html,100,100,100,100,100,100,100
44,realestate_html/propertyguru-1024.html,100,100,100,100,100,100,100
44,realestate_html/rightmove-1963.html,100,100,100,100,100,100,100
44,realestate_html/rightmove-2031.html,100,100,100,100,100,100,100
44,realestate_html/realtor-1871.html,100,100,100,100,100,100,100
44,realestate_html/rightmove-1708.html,100,100,100,100,100,100,100
44,realestate_html/rightmove-1065.html,100,100,100,100,0,0,0
44,realestate_html/rightmove-0566.html,100,100,100,100,100,100,100
44,realestate_html/zillow-1866.html,100,100,100,100,100,100,100
44,realestate_html/rightmove-1029.html,100,100,100,100,100,100,100
44,realestate_html/realestate-1890.html,100,100,100,100,100,100,100
44,realestate_html/realestate-1918.html,100,100,100,0,100,100,0
44,realestate_html/zillow-0067.html,100,100,100,100,100,100,100
44,realestate_html/realtor-0152.html,100,100,100,100,100,100,100
44,realestate_html/realtor-1422.html,100,100,100,100,100,100,100
44,realestate_html/propertyguru-1439.html,100,100,100,100,100,100,100
44,realestate_html/realtor-0065.html,100,100,100,100,100,100,100
44,realestate_html/zillow-1134.html,100,100,100,100,100,100,100
44,realestate_html/realestate-1401.html,100,100,100,100,100,100,100
44,realestate_html/propertyguru-1551.html,100,100,100,100,100,100,100
44,realestate_html/zillow-1046.html,100,100,100,100,100,100,100
44,realestate_html/zillow-1937.html,100,100,100,100,100,100,100
44,realestate_html/realestate-0014.html,100,100,0,100,100,100,0
44,realestate_html/rightmove-0935.html,100,100,100,100,100,100,100
44,realestate_html/realestate-1080.html,100,100,100,100,100,0,0
44,realestate_html/rightmove-0965.html,100,100,100,100,100,100,100
44,realestate_html/realtor-0781.html,100,100,100,100,100,100,100
44,realestate_html/realestate-1889.html,100,100,100,100,100,100,100
44,realestate_html/rightmove-1181.html,100,100,100,100,100,100,100
44,realestate_html/propertyguru-1390.html,100,100,100,100,100,100,100
44,realestate_html/zillow-0754.html,100,100,100,100,100,100,100
44,realestate_html/rightmove-1879.html,100,100,100,100,100,100,100
44,realestate_html/rightmove-0344.html,100,100,100,100,100,100,100
44,realestate_html/propertyguru-1167.html,100,100,100,100,100,100,100
44,realestate_html/rightmove-0598.html,100,100,100,100,100,100,100
44,realestate_html/realestate-0089.html,100,100,100,100,100,0,0
44,realestate_html/zillow-1993.html,100,100,100,100,100,100,100
44,realestate_html/propertyguru-1374.html,100,100,100,100,100,100,100
44,realestate_html/zillow-1150.html,100,100,100,100,100,100,100
44,realestate_html/rightmove-0066.html,100,100,100,100,100,100,100
44,realestate_html/zillow-0036.html,100,100,100,100,100,100,100
44,realestate_html/realtor-0418.html,100,100,100,100,100,100,100
44,realestate_html/rightmove-1386.html,100,100,100,100,100,100,100
44,realestate_html/realtor-1055.html,100,100,100,100,100,100,100
44,realestate_html/zillow-0365.html,100,100,100,100,100,100,100
44,realestate_html/propertyguru-0507.html,100,100,100,100,100,100,100
44,realestate_html/rightmove-0489.html,100,100,100,100,100,100,100
44,realestate_html/rightmove-1213.html,100,100,100,100,100,100,100
44,realestate_html/realtor-1144.html,100,100,100,100,100,100,100
44,realestate_html/realestate-1409.html,100,100,100,100,100,100,100
44,realestate_html/rightmove-0380.html,100,100,100,100,100,100,100
44,realestate_html/zillow-1251.html,100,100,100,100,100,100,100
44,realestate_html/realtor-0544.html,100,100,100,100,100,100,100
44,realestate_html/realestate-0734.html,100,100,100,100,100,0,0
44,realestate_html/rightmove-0605.html,100,100,100,100,100,100,100
44,realestate_html/realtor-1856.html,100,100,100,100,0,0,0
44,realestate_html/propertyguru-0673.html,100,100,100,100,100,100,100
44,realestate_html/zillow-0348.html,100,100,100,100,100,100,100
44,realestate_html/realtor-0792.html,100,100,100,100,100,100,100
44,realestate_html/propertyguru-0132.html,100,100,100,100,100,100,100
44,realestate_html/rightmove-1224.html,100,100,100,100,100,100,100
44,realestate_html/propertyguru-1975.html,100,100,100,100,100,100,100
44,realestate_html/realtor-0078.html,100,100,100,100,100,0,0
44,realestate_html/zillow-0534.html,100,100,100,100,100,100,100
44,realestate_html/propertyguru-1770.html,100,100,100,100,100,100,100
44,realestate_html/propertyguru-0259.html,100,100,100,100,100,100,100
44,realestate_html/zillow-0853.html,100,100,100,100,100,100,100
44,realestate_html/propertyguru-1535.html,100,100,100,100,100,100,100
44,realestate_html/rightmove-2029.html,100,100,100,100,100,100,100
44,realestate_html/rightmove-1495.html,100,100,100,100,100,100,100
44,realestate_html/zillow-1607.html,100,100,100,100,100,100,100
44,realestate_html/realtor-1941.html,100,100,100,100,100,100,100
44,realestate_html/rightmove-1199.html,100,100,100,100,100,100,100
44,realestate_html/propertyguru-1854.html,100,100,100,100,100,100,100
44,realestate_html/propertyguru-1763.html,100,100,100,100,100,100,100
44,realestate_html/propertyguru-2031.html,100,100,100,100,100,100,100
44,realestate_html/realtor-1105.html,100,100,100,100,100,100,100
44,realestate_html/realestate-0998.html,100,100,100,100,100,0,0
44,realestate_html/propertyguru-1270.html,100,100,100,100,100,100,100
44,realestate_html/rightmove-1142.html,100,100,100,100,100,100,100
44,realestate_html/propertyguru-1829.html,100,100,100,100,100,100,100
44,realestate_html/rightmove-2068.html,100,100,100,100,100,100,100
44,realestate_html/rightmove-0559.html,100,100,100,100,100,100,100
44,realestate_html/propertyguru-1173.html,100,100,100,100,100,100,100
44,realestate_html/rightmove-1711.html,100,100,100,100,100,100,100
44,realestate_html/propertyguru-1153.html,100,100,100,100,100,100,100
44,realestate_html/realestate-0570.html,100,100,100,100,100,100,100
44,realestate_html/rightmove-0277.html,100,100,100,100,100,100,100
44,realestate_html/zillow-1403.html,0,100,100,100,100,100,0
44,realestate_html/realestate-0662.html,100,100,100,100,100,100,100
44,realestate_html/realestate-1285.html,100,100,100,100,100,0,0
44,realestate_html/zillow-0798.html,0,100,100,100,100,100,0
44,realestate_html/rightmove-1561.html,100,100,100,100,100,100,100
44,realestate_html/realestate-0245.html,100,100,100,100,100,100,100
44,realestate_html/propertyguru-0432.html,100,100,100,100,100,100,100
44,realestate_html/zillow-1272.html,0,100,100,100,100,100,0
44,realestate_html/propertyguru-2051.html,100,100,100,100,100,100,100
44,realestate_html/realestate-1938.html,100,100,100,100,100,100,100
44,realestate_html/propertyguru-1578.html,100,100,100,100,100,100,100
44,realestate_html/realtor-1225.html,100,100,100,100,100,100,100
44,realestate_html/realestate-0376.html,100,100,100,100,100,100,100
44,realestate_html/realestate-0445.html,100,100,100,100,100,100,100
44,realestate_html/realestate-1936.html,100,100,100,100,100,100,100
44,realestate_html/realestate-0471.html,100,100,100,0,0,100,0
44,realestate_html/zillow-1919.html,100,100,100,100,100,100,100
44,realestate_html/realtor-0435.html,100,100,100,100,100,100,100
44,realestate_html/propertyguru-1802.html,100,100,100,100,100,100,100
44,realestate_html/rightmove-1408.html,100,100,100,100,100,100,100
44,realestate_html/propertyguru-1010.html,100,100,100,100,100,100,100
44,realestate_html/realestate-1727.html,100,100,100,100,100,100,100
44,realestate_html/zillow-1690.html,100,100,100,100,100,100,100
44,realestate_html/rightmove-1570.html,100,100,100,100,100,100,100
44,realestate_html/propertyguru-1835.html,100,100,100,100,100,100,100
44,realestate_html/realestate-0426.html,100,100,100,100,100,100,100
44,realestate_html/realestate-1748.html,100,100,100,0,100,0,0
44,realestate_html/rightmove-1204.html,100,100,100,100,100,100,100
44,realestate_html/realestate-1797.html,100,100,100,0,100,100,0
44,realestate_html/rightmove-0044.html,100,100,100,100,100,100,100
44,realestate_html/zillow-1130.html,100,100,100,100,100,100,100
44,realestate_html/realestate-1551.html,100,100,100,100,100,100,100
44,realestate_html/zillow-0350.html,100,100,100,100,100,100,100
44,realestate_html/rightmove-0190.html,100,100,100,100,100,100,100
44,realestate_html/rightmove-1777.html,100,100,100,100,100,100,100
44,realestate_html/realtor-1589.html,100,100,100,100,100,100,100
44,realestate_html/realtor-0040.html,100,100,100,100,100,100,100
44,realestate_html/realtor-0722.html,100,100,100,100,100,100,100
44,realestate_html/realestate-0937.html,100,100,100,100,0,100,0
44,realestate_html/rightmove-1339.html,100,100,100,100,100,100,100
44,realestate_html/rightmove-1431.html,100,100,100,100,100,100,100
44,realestate_html/rightmove-0125.html,100,100,100,100,100,100,100
44,realestate_html/propertyguru-0682.html,100,100,100,100,100,100,100
44,realestate_html/realestate-1397.html,100,100,100,100,100,100,100
44,realestate_html/realestate-0088.html,100,100,100,100,100,0,0
44,realestate_html/zillow-0851.html,100,100,100,100,100,100,100
44,realestate_html/zillow-1075.html,100,100,100,100,100,100,100
44,realestate_html/realestate-1646.html,100,100,100,0,100,0,0
44,realestate_html/realestate-1203.html,100,100,100,100,100,100,100
44,realestate_html/rightmove-0487.html,100,100,100,100,100,100,100
44,realestate_html/propertyguru-0101.html,100,100,100,100,100,100,100
44,realestate_html/propertyguru-0140.html,100,100,100,100,100,100,100
44,realestate_html/propertyguru-0500.html,100,100,100,100,100,100,100
44,realestate_html/realtor-0321.html,100,100,100,100,100,100,100
44,realestate_html/zillow-0790.html,0,100,100,100,100,100,0
44,realestate_html/rightmove-1349.html,100,100,100,100,100,100,100
44,realestate_html/propertyguru-0665.html,100,100,100,100,100,100,100
44,realestate_html/realestate-1726.html,100,100,100,100,100,100,100
44,realestate_html/realestate-1306.html,100,100,100,100,100,100,100
44,realestate_html/rightmove-1128.html,100,100,100,100,100,100,100
44,realestate_html/propertyguru-0718.html,100,100,100,100,100,100,100
44,realestate_html/realtor-1868.html,100,100,100,100,100,0,0
44,realestate_html/zillow-1499.html,0,100,100,100,100,100,0
44,realestate_html/realtor-1278.html,100,100,100,100,100,100,100
44,realestate_html/rightmove-0791.html,100,100,100,100,100,100,100
44,realestate_html/rightmove-0168.html,100,100,100,100,100,100,100
44,realestate_html/rightmove-1302.html,100,100,100,100,100,100,100
44,realestate_html/realestate-1290.html,100,100,100,100,100,0,0
44,realestate_html/realestate-1575.html,100,100,100,100,0,0,0
44,realestate_html/zillow-1317.html,100,100,100,100,100,100,100
44,realestate_html/realestate-0536.html,100,100,100,100,100,100,100
44,realestate_html/propertyguru-0973.html,100,100,100,100,100,100,100
44,realestate_html/rightmove-0595.html,100,100,100,100,100,100,100
44,realestate_html/realestate-0650.html,100,100,100,100,100,100,100
44,realestate_html/zillow-1521.html,0,100,100,100,100,100,0
44,realestate_html/realtor-0650.html,100,100,100,100,100,100,100
44,realestate_html/realestate-0420.html,100,100,100,100,100,100,100
44,realestate_html/zillow-1037.html,100,100,100,100,100,100,100
44,realestate_html/propertyguru-0961.html,100,100,100,100,100,100,100
44,realestate_html/rightmove-0199.html,100,100,100,100,100,100,100
44,realestate_html/realtor-1644.html,100,100,100,100,100,0,0
44,realestate_html/rightmove-2070.html,100,100,100,100,100,100,100
44,realestate_html/rightmove-1891.html,100,100,100,100,100,100,100
44,realestate_html/realtor-0191.html,100,100,100,100,100,100,100
44,realestate_html/zillow-1740.html,100,100,100,100,100,100,100
44,realestate_html/realtor-1910.html,100,100,100,100,100,0,0
44,realestate_html/propertyguru-0523.html,100,100,100,100,100,100,100
44,realestate_html/propertyguru-0075.html,100,100,100,100,100,100,100
44,realestate_html/realestate-1667.html,100,100,100,100,100,100,100
44,realestate_html/zillow-1379.html,0,100,100,100,100,100,0
44,realestate_html/zillow-0269.html,100,100,100,100,100,100,100
44,realestate_html/realestate-1498.html,100,100,100,100,100,100,100
44,realestate_html/realestate-0842.html,100,100,100,0,100,100,0
44,realestate_html/propertyguru-1435.html,100,100,100,100,100,100,100
44,realestate_html/realtor-1109.html,100,100,100,100,100,100,100
44,realestate_html/realtor-1885.html,100,100,100,100,100,100,100
44,realestate_html/propertyguru-1602.html,100,100,100,100,100,100,100
44,realestate_html/realestate-0321.html,100,100,100,100,100,100,100
44,realestate_html/zillow-0423.html,100,100,100,100,100,100,100
44,realestate_html/rightmove-0293.html,100,100,100,100,100,100,100
44,realestate_html/realtor-0910.html,100,0,100,100,100,100,0
44,realestate_html/realtor-1569.html,100,100,100,100,100,100,100
44,realestate_html/rightmove-1033.html,100,100,100,100,100,100,100
44,realestate_html/propertyguru-1069.html,100,100,100,100,100,100,100
44,realestate_html/realtor-1367.html,100,0,100,100,100,100,0
44,realestate_html/realestate-0750.html,100,100,100,100,100,100,100
44,realestate_html/zillow-1291.html,100,100,100,100,100,100,100
44,realestate_html/realtor-0971.html,100,100,100,100,100,100,100
44,realestate_html/realtor-1447.html,100,100,100,100,100,100,100
44,realestate_html/propertyguru-1571.html,100,100,100,100,100,100,100
44,realestate_html/rightmove-0021.html,100,100,100,100,100,100,100
44,realestate_html/propertyguru-1004.html,100,100,100,100,100,100,100
44,realestate_html/rightmove-1300.html,100,100,100,100,100,100,100
44,realestate_html/zillow-0136.html,100,100,100,100,100,100,100
44,realestate_html/propertyguru-0061.html,100,100,100,100,100,100,100
44,realestate_html/realestate-0580.html,100,100,100,0,100,100,0
44,realestate_html/zillow-1539.html,100,100,100,100,100,100,100
44,realestate_html/realestate-0815.html,100,100,100,100,100,100,100
44,realestate_html/realtor-0782.html,100,100,100,100,100,100,100
44,realestate_html/rightmove-0077.html,100,100,100,100,100,100,100
44,realestate_html/propertyguru-0428.html,100,100,100,100,100,100,100
44,realestate_html/propertyguru-1407.html,100,100,100,100,100,100,100
44,realestate_html/zillow-0417.html,100,100,100,100,100,100,100
44,realestate_html/rightmove-0711.html,100,100,100,100,100,100,100
44,realestate_html/zillow-1996.html,100,100,100,100,100,100,100
44,realestate_html/propertyguru-1227.html,100,100,100,100,100,100,100
44,realestate_html/realtor-0889.html,100,100,100,100,100,100,100
44,realestate_html/zillow-1010.html,100,100,100,100,100,100,100
44,realestate_html/realestate-0894.html,100,100,100,100,100,100,100
44,realestate_html/zillow-1069.html,100,100,100,100,100,100,100
44,realestate_html/realtor-0691.html,100,100,100,100,100,100,100
44,realestate_html/propertyguru-0358.html,100,100,100,100,100,100,100
44,realestate_html/rightmove-0501.html,100,100,100,100,100,100,100
44,realestate_html/zillow-0711.html,0,100,100,100,100,100,0
44,realestate_html/zillow-1041.html,100,100,100,100,100,100,100
44,realestate_html/propertyguru-1482.html,100,100,100,100,100,100,100
44,realestate_html/realtor-1387.html,100,100,100,100,100,100,100
44,realestate_html/realestate-1774.html,100,100,100,100,100,100,100
44,realestate_html/realtor-0925.html,100,100,100,100,0,0,0
44,realestate_html/rightmove-0960.html,100,100,100,100,100,100,100
44,realestate_html/rightmove-0821.html,100,100,100,100,100,100,100
44,realestate_html/zillow-0544.html,0,100,100,100,100,100,0
44,realestate_html/propertyguru-0802.html,100,100,100,100,100,100,100
44,realestate_html/realestate-0283.html,100,100,100,100,100,0,0
44,realestate_html/zillow-0265.html,100,100,100,100,100,100,100
44,realestate_html/zillow-0652.html,100,100,100,100,100,100,100
44,realestate_html/propertyguru-1261.html,100,100,100,100,100,100,100
44,realestate_html/rightmove-0018.html,100,100,100,100,100,100,100
44,realestate_html/zillow-0173.html,100,100,100,100,100,100,100
44,realestate_html/realtor-1408.html,100,100,100,100,100,100,100
44,realestate_html/realestate-0329.html,100,100,100,100,100,100,100
44,realestate_html/realestate-0231.html,100,100,100,100,100,100,100
44,realestate_html/realtor-1604.html,100,100,100,100,100,100,100
44,realestate_html/zillow-2015.html,0,100,100,100,100,100,0
44,realestate_html/realtor-1155.html,100,100,100,100,100,100,100
44,realestate_html/zillow-1635.html,100,100,100,100,100,100,100
44,realestate_html/zillow-1474.html,100,100,100,100,100,100,100
44,realestate_html/rightmove-1429.html,100,100,100,100,100,100,100
44,realestate_html/realestate-0504.html,100,100,100,0,100,100,0
44,realestate_html/realtor-0826.html,100,100,100,100,100,100,100
44,realestate_html/zillow-0273.html,0,100,100,100,100,100,0
44,realestate_html/propertyguru-0723.html,100,100,100,100,100,100,100
44,realestate_html/realestate-0472.html,100,100,100,100,100,100,100
44,realestate_html/realestate-1373.html,100,100,100,100,100,100,100
44,realestate_html/realtor-0360.html,100,100,100,100,100,100,100
44,realestate_html/rightmove-2071.html,100,100,100,100,100,100,100
44,realestate_html/realestate-0780.html,100,100,100,100,100,100,100
44,realestate_html/zillow-0013.html,100,100,100,100,100,100,100
44,realestate_html/rightmove-1168.html,100,100,100,100,100,100,100
44,realestate_html/realestate-0936.html,100,100,100,100,100,100,100
44,realestate_html/realestate-1720.html,100,100,100,100,100,100,100
44,realestate_html/realtor-1801.html,100,100,100,100,100,100,100
44,realestate_html/zillow-0014.html,100,100,100,100,0,100,0
44,realestate_html/realestate-1973.html,100,100,100,100,100,100,100
44,realestate_html/realestate-0257.html,100,100,100,100,100,100,100
44,realestate_html/realtor-1481.html,100,100,100,100,100,100,100
44,realestate_html/realtor-1778.html,100,100,100,100,100,100,100
44,realestate_html/zillow-0022.html,0,100,100,100,100,100,0
44,realestate_html/zillow-1141.html,0,100,100,100,100,100,0
44,realestate_html/realtor-0451.html,100,100,100,100,100,100,100
44,realestate_html/zillow-0645.html,100,100,100,100,100,100,100
44,realestate_html/zillow-0624.html,0,100,100,100,100,100,0
44,realestate_html/realtor-1580.html,100,100,100,100,100,100,100
44,realestate_html/zillow-0235.html,100,100,100,100,100,100,100
44,realestate_html/realestate-1716.html,100,100,100,100,100,0,0
44,realestate_html/realtor-0093.html,100,0,100,100,100,100,0
44,realestate_html/realestate-1047.html,100,100,100,100,100,100,100
44,realestate_html/rightmove-0827.html,100,100,100,100,100,100,100
44,realestate_html/zillow-1185.html,100,100,100,100,100,100,100
44,realestate_html/zillow-1998.html,100,100,100,100,100,100,100
44,realestate_html/realestate-1770.html,100,100,100,100,100,100,100
44,realestate_html/realtor-0481.html,100,0,100,100,100,100,0
44,realestate_html/propertyguru-1785.html,100,100,100,100,100,100,100
44,realestate_html/rightmove-1292.html,100,100,100,100,100,100,100
44,realestate_html/propertyguru-1065.html,100,100,100,100,100,100,100
44,realestate_html/zillow-0390.html,100,100,100,100,100,100,100
44,realestate_html/realestate-1834.html,100,100,100,100,0,100,0
44,realestate_html/propertyguru-0918.html,100,100,100,100,100,100,100
44,realestate_html/rightmove-1432.html,100,100,100,100,100,100,100
44,realestate_html/propertyguru-1487.html,100,100,100,100,100,100,100
44,realestate_html/propertyguru-1486.html,100,100,100,100,100,100,100
44,realestate_html/realestate-1674.html,100,100,100,100,100,100,100
44,realestate_html/rightmove-1725.html,100,100,100,100,100,100,100
44,realestate_html/rightmove-1417.html,100,100,100,100,100,100,100
44,realestate_html/realestate-0512.html,100,100,100,0,100,100,0
44,realestate_html/realtor-1457.html,100,100,100,100,100,100,100
44,realestate_html/realestate-0343.html,100,100,100,100,100,100,100
44,realestate_html/realestate-1957.html,100,100,100,100,100,100,100
44,realestate_html/rightmove-1691.html,100,100,100,100,100,100,100
44,realestate_html/realestate-0080.html,100,100,100,0,100,100,0
44,realestate_html/realestate-1293.html,100,100,100,100,100,100,100
44,realestate_html/realtor-1102.html,100,100,100,100,100,100,100
44,realestate_html/zillow-0453.html,100,100,100,100,100,100,100
44,realestate_html/propertyguru-0611.html,100,100,100,100,100,100,100
44,realestate_html/realestate-1134.html,100,100,100,100,100,100,100
44,realestate_html/rightmove-0117.html,100,100,100,100,100,100,100
44,realestate_html/realtor-1021.html,100,100,100,100,100,100,100
44,realestate_html/realestate-1496.html,100,100,100,100,100,100,100
44,realestate_html/propertyguru-0677.html,100,100,100,100,100,100,100
44,realestate_html/realtor-1971.html,100,100,100,100,100,100,100
44,realestate_html/realtor-0395.html,100,100,100,100,100,100,100
44,realestate_html/propertyguru-1103.html,100,100,100,100,100,100,100
44,realestate_html/propertyguru-0495.html,100,100,100,100,100,100,100
44,realestate_html/zillow-1169.html,100,100,100,100,100,100,100
44,realestate_html/realestate-0533.html,100,100,100,0,100,100,0
44,realestate_html/realtor-1676.html,100,100,100,100,100,100,100
44,realestate_html/zillow-0819.html,100,100,100,100,100,100,100
44,realestate_html/realestate-0681.html,100,100,100,100,0,0,0
44,realestate_html/propertyguru-0288.html,100,100,100,100,100,100,100
44,realestate_html/realtor-1537.html,100,100,100,100,100,100,100
44,realestate_html/zillow-1312.html,100,100,100,100,100,100,100
44,realestate_html/rightmove-0883.html,100,100,100,100,100,100,100
44,realestate_html/zillow-1642.html,100,100,100,100,100,100,100
44,realestate_html/zillow-0171.html,100,100,100,100,100,100,100
44,realestate_html/realestate-1399.html,100,100,100,100,100,100,100
44,realestate_html/realtor-1269.html,100,100,100,100,100,100,100
44,realestate_html/rightmove-1400.html,100,100,100,100,100,100,100
44,realestate_html/realtor-0529.html,100,100,100,100,100,100,100
44,realestate_html/propertyguru-0423.html,100,100,100,100,100,100,100
44,realestate_html/propertyguru-1140.html,100,100,100,100,100,100,100
44,realestate_html/realtor-0497.html,100,100,100,100,100,100,100
44,realestate_html/realtor-0121.html,100,100,100,100,100,100,100
44,realestate_html/realtor-0616.html,100,0,100,100,100,100,0
44,realestate_html/realtor-1716.html,100,100,100,100,100,100,100
44,realestate_html/zillow-0693.html,100,100,100,100,100,100,100
44,realestate_html/realestate-0761.html,100,100,100,100,100,100,100
44,realestate_html/realtor-1786.html,100,100,100,100,100,100,100
44,realestate_html/realtor-1515.html,100,100,100,100,100,100,100
44,realestate_html/propertyguru-2006.html,100,100,100,100,100,100,100
44,realestate_html/rightmove-0423.html,100,100,100,100,100,100,100
44,realestate_html/rightmove-1749.html,100,100,100,100,100,0,0
44,realestate_html/zillow-0475.html,100,100,100,100,100,100,100
44,realestate_html/realestate-1372.html,100,100,100,100,100,100,100
44,realestate_html/propertyguru-1806.html,100,100,100,100,100,100,100
44,realestate_html/realestate-1953.html,100,100,100,100,100,100,100
44,realestate_html/rightmove-0176.html,100,100,100,100,100,100,100
44,realestate_html/zillow-1076.html,100,100,100,100,100,100,100
44,realestate_html/rightmove-1680.html,100,100,100,100,100,0,0
44,realestate_html/realestate-0177.html,100,100,100,100,100,100,100
44,realestate_html/realtor-0637.html,100,100,100,100,100,100,100
44,realestate_html/rightmove-1478.html,100,100,100,100,100,100,100
44,realestate_html/realestate-0956.html,100,100,100,100,100,0,0
44,realestate_html/realtor-2009.html,100,100,100,100,100,100,100
44,realestate_html/zillow-0317.html,100,100,100,100,100,100,100
44,realestate_html/propertyguru-1203.html,100,100,100,100,100,100,100
44,realestate_html/realestate-0173.html,100,100,100,100,100,100,100
44,realestate_html/zillow-1807.html,100,100,100,100,100,100,100
44,realestate_html/rightmove-0982.html,100,100,100,100,100,100,100
44,realestate_html/realtor-0322.html,100,100,100,100,100,100,100
44,realestate_html/rightmove-1113.html,100,100,100,100,100,100,100
44,realestate_html/rightmove-0031.html,100,100,100,100,100,100,100
44,realestate_html/realtor-0483.html,100,100,100,100,100,100,100
44,realestate_html/zillow-1984.html,100,100,100,100,100,100,100
44,realestate_html/propertyguru-1209.html,100,100,100,100,100,100,100
44,realestate_html/realtor-0018.html,100,100,100,100,100,100,100
44,realestate_html/zillow-1432.html,100,100,100,100,100,100,100
44,realestate_html/rightmove-1841.html,100,100,100,100,100,100,100
44,realestate_html/propertyguru-1011.html,100,100,100,100,100,100,100
44,realestate_html/propertyguru-1497.html,100,100,100,100,100,100,100
44,realestate_html/propertyguru-1969.html,100,100,100,100,100,100,100
44,realestate_html/realtor-0659.html,100,100,100,100,100,100,100
44,realestate_html/realtor-0234.html,100,100,100,100,100,100,100
44,realestate_html/propertyguru-1553.html,100,100,100,100,100,100,100
44,realestate_html/propertyguru-1607.html,100,100,100,100,100,100,100
44,realestate_html/rightmove-0611.html,100,100,100,100,100,100,100
44,realestate_html/propertyguru-0760.html,100,100,100,100,100,100,100
44,realestate_html/realtor-0316.html,100,100,100,100,100,100,100
44,realestate_html/realestate-1085.html,100,100,100,100,100,100,100
44,realestate_html/realtor-0487.html,100,100,100,100,100,100,100
44,realestate_html/propertyguru-0286.html,100,100,100,100,100,100,100
44,realestate_html/zillow-0922.html,0,100,100,100,100,100,0
44,realestate_html/zillow-0214.html,100,100,100,100,100,100,100
44,realestate_html/zillow-0763.html,100,100,100,100,100,100,100
44,realestate_html/propertyguru-1774.html,100,100,100,100,100,100,100
44,realestate_html/propertyguru-0357.html,100,100,100,100,100,100,100
44,realestate_html/realtor-0338.html,100,100,100,100,100,100,100
44,realestate_html/realtor-0009.html,100,100,100,100,100,100,100
44,realestate_html/realtor-1737.html,100,100,100,100,100,100,100
44,realestate_html/propertyguru-1762.html,100,100,100,100,100,100,100
44,realestate_html/realtor-0403.html,100,100,100,100,100,100,100
44,realestate_html/realestate-1934.html,100,100,100,100,100,100,100
44,realestate_html/zillow-1763.html,100,100,100,100,100,100,100
44,realestate_html/propertyguru-0554.html,100,100,100,100,0,100,0
44,realestate_html/zillow-0845.html,100,100,100,100,100,100,100
44,realestate_html/realestate-1581.html,100,100,100,100,100,0,0
44,realestate_html/realtor-0400.html,100,100,100,100,100,100,100
44,realestate_html/realtor-1129.html,100,100,100,100,100,100,100
44,realestate_html/zillow-1953.html,100,100,100,100,100,100,100
44,realestate_html/propertyguru-0898.html,100,100,100,100,100,100,100
44,realestate_html/rightmove-1551.html,100,100,100,100,100,100,100
44,realestate_html/realestate-1611.html,100,100,100,100,100,100,100
44,realestate_html/zillow-0764.html,0,100,100,100,100,100,0
44,realestate_html/rightmove-0879.html,100,100,100,100,100,100,100
44,realestate_html/propertyguru-0434.html,100,100,100,100,100,100,100
44,realestate_html/rightmove-1968.html,100,100,100,100,100,100,100
44,realestate_html/propertyguru-1350.html,100,100,100,100,100,100,100
44,realestate_html/propertyguru-2038.html,100,100,100,100,100,100,100
44,realestate_html/zillow-0972.html,100,100,100,100,100,100,100
44,realestate_html/realtor-1005.html,100,100,100,100,100,100,100
44,realestate_html/propertyguru-2029.html,100,100,100,100,0,100,0
44,realestate_html/propertyguru-1852.html,100,100,100,100,100,100,100
44,realestate_html/zillow-0471.html,100,100,100,100,100,100,100
44,realestate_html/zillow-0513.html,100,100,100,100,100,100,100
44,realestate_html/propertyguru-0469.html,100,100,100,100,100,100,100
44,realestate_html/realestate-0268.html,100,100,100,100,100,100,100
44,realestate_html/zillow-0810.html,100,100,100,100,100,100,100
44,realestate_html/realtor-0611.html,100,100,100,100,100,100,100
44,realestate_html/rightmove-1424.html,100,100,100,100,100,100,100
44,realestate_html/realtor-1197.html,100,100,100,100,100,100,100
44,realestate_html/zillow-1006.html,100,100,100,100,100,100,100
44,realestate_html/realtor-0989.html,100,100,100,100,100,100,100
44,realestate_html/zillow-0799.html,100,100,100,100,100,100,100
44,realestate_html/rightmove-0266.html,100,100,100,100,100,100,100
44,realestate_html/propertyguru-1368.html,100,100,100,100,100,100,100
44,realestate_html/realestate-1897.html,100,100,100,100,100,100,100
44,realestate_html/propertyguru-1896.html,100,100,100,100,100,100,100
44,realestate_html/rightmove-0394.html,100,100,100,100,100,100,100
44,realestate_html/rightmove-0505.html,100,100,100,100,100,100,100
44,realestate_html/zillow-0244.html,0,100,100,100,100,100,0
44,realestate_html/rightmove-0495.html,100,100,100,100,100,100,100
44,realestate_html/zillow-0197.html,100,100,100,100,100,100,100
44,realestate_html/rightmove-1471.html,100,100,100,100,100,100,100
44,realestate_html/realtor-1706.html,100,100,100,100,100,100,100
44,realestate_html/realtor-0530.html,100,100,100,100,100,100,100
44,realestate_html/zillow-0988.html,100,100,100,100,100,100,100
44,realestate_html/rightmove-0162.html,100,100,100,100,100,100,100
44,realestate_html/realtor-0431.html,100,100,100,100,100,100,100
44,realestate_html/rightmove-1203.html,100,100,100,100,100,100,100
44,realestate_html/rightmove-0108.html,100,100,100,100,100,100,100
44,realestate_html/realestate-1323.html,100,100,100,100,100,100,100
44,realestate_html/zillow-0596.html,0,100,100,100,100,100,0
44,realestate_html/zillow-0722.html,100,100,100,100,100,100,100
44,realestate_html/realtor-0420.html,100,100,100,100,100,100,100
44,realestate_html/propertyguru-1179.html,100,100,100,100,100,100,100
44,realestate_html/rightmove-0670.html,100,100,100,100,100,100,100
44,realestate_html/zillow-0947.html,100,100,100,100,100,100,100
44,realestate_html/propertyguru-2034.html,100,100,100,100,100,100,100
44,realestate_html/realtor-1421.html,100,100,100,100,100,100,100
44,realestate_html/zillow-1115.html,100,100,100,100,100,100,100
44,realestate_html/propertyguru-1846.html,100,100,100,100,100,100,100
44,realestate_html/realtor-1942.html,100,100,100,100,100,100,100
44,realestate_html/realtor-0789.html,100,100,100,100,100,100,100
44,realestate_html/rightmove-1759.html,100,100,100,100,100,100,100
44,realestate_html/realestate-0061.html,100,100,100,100,100,100,100
44,realestate_html/realestate-1983.html,100,100,100,100,100,100,100
44,realestate_html/realtor-1165.html,100,100,100,100,100,100,100
44,realestate_html/zillow-1905.html,100,100,100,100,100,100,100
44,realestate_html/realtor-0326.html,100,100,100,100,100,100,100
44,realestate_html/rightmove-0930.html,100,100,100,100,100,100,100
44,realestate_html/zillow-1720.html,100,100,100,100,100,100,100
44,realestate_html/realestate-0863.html,100,100,100,100,100,100,100
44,realestate_html/rightmove-1835.html,100,100,100,100,100,100,100
44,realestate_html/propertyguru-0852.html,100,100,100,100,100,100,100
44,realestate_html/rightmove-0175.html,100,100,100,100,100,100,100
44,realestate_html/rightmove-1823.html,100,100,100,100,100,100,100
44,realestate_html/realestate-1856.html,100,100,100,100,100,100,100
44,realestate_html/propertyguru-0450.html,100,100,100,100,100,100,100
44,realestate_html/zillow-1304.html,100,100,100,100,100,100,100
44,realestate_html/rightmove-1452.html,100,100,100,100,100,100,100
44,realestate_html/realestate-0309.html,100,100,100,100,100,100,100
44,realestate_html/realtor-1641.html,100,100,100,100,100,100,100
44,realestate_html/rightmove-1594.html,100,100,100,100,100,100,100
44,realestate_html/rightmove-0845.html,100,100,100,100,100,100,100
44,realestate_html/propertyguru-0141.html,100,100,100,100,100,100,100
44,realestate_html/zillow-0503.html,0,100,100,100,100,100,0
44,realestate_html/rightmove-0708.html,100,100,100,100,100,100,100
44,realestate_html/realestate-1404.html,100,100,100,100,100,0,0
44,realestate_html/realestate-0360.html,100,100,100,100,100,100,100
44,realestate_html/zillow-0869.html,100,100,100,100,100,100,100
44,realestate_html/propertyguru-1558.html,100,100,100,100,100,100,100
44,realestate_html/rightmove-0912.html,100,100,100,100,100,100,100
44,realestate_html/realtor-0665.html,100,100,100,100,100,100,100
44,realestate_html/zillow-1356.html,100,100,100,100,100,100,100
44,realestate_html/realestate-0825.html,100,100,100,100,100,0,0
44,realestate_html/rightmove-1108.html,100,100,100,100,100,100,100
44,realestate_html/realestate-1519.html,100,100,100,100,100,100,100
44,realestate_html/rightmove-1743.html,100,100,100,100,100,100,100
44,realestate_html/propertyguru-0888.html,100,100,100,100,100,100,100
44,realestate_html/rightmove-1694.html,100,100,100,100,100,100,100
44,realestate_html/propertyguru-1131.html,100,100,100,100,0,100,0
44,realestate_html/zillow-0238.html,0,100,100,100,100,100,0
44,realestate_html/realestate-0300.html,100,100,100,100,100,100,100
44,realestate_html/realtor-1236.html,100,100,100,100,100,100,100
44,realestate_html/propertyguru-1185.html,100,100,100,100,100,100,100
44,realestate_html/rightmove-1195.html,100,100,100,100,100,100,100
44,realestate_html/propertyguru-1423.html,100,100,100,100,100,100,100
44,realestate_html/rightmove-0343.html,100,100,100,100,100,100,100
44,realestate_html/realestate-0467.html,100,100,100,100,100,100,100
44,realestate_html/realtor-0812.html,100,100,100,100,100,100,100
44,realestate_html/realtor-1472.html,100,100,100,100,100,100,100
44,realestate_html/realtor-0973.html,100,100,100,100,0,0,0
44,realestate_html/propertyguru-1604.html,100,100,100,100,100,100,100
44,realestate_html/realestate-0020.html,100,100,100,100,100,100,100
44,realestate_html/realtor-1770.html,100,100,100,100,100,100,100
44,realestate_html/realtor-1810.html,100,100,100,100,100,100,100
44,realestate_html/rightmove-1150.html,100,100,100,100,100,100,100
44,realestate_html/zillow-0388.html,100,100,100,100,100,100,100
44,realestate_html/realtor-1764.html,100,0,100,100,100,100,0
44,realestate_html/realestate-0974.html,100,100,100,100,100,100,100
44,realestate_html/propertyguru-0457.html,100,100,100,100,100,100,100
44,realestate_html/rightmove-1786.html,100,100,100,100,100,100,100
44,realestate_html/propertyguru-1157.html,100,100,100,100,100,100,100
44,realestate_html/rightmove-0736.html,100,100,100,100,100,100,100
44,realestate_html/propertyguru-1788.html,100,100,100,100,100,100,100
44,realestate_html/realtor-0446.html,100,100,100,100,100,100,100
44,realestate_html/realtor-1762.html,100,0,100,100,100,100,0
44,realestate_html/realestate-1390.html,100,100,100,100,100,100,100
44,realestate_html/zillow-0190.html,0,100,100,100,100,100,0
44,realestate_html/zillow-2003.html,0,100,100,100,100,100,0
44,realestate_html/rightmove-2030.html,100,100,100,100,100,100,100
44,realestate_html/realtor-0606.html,100,100,100,100,100,100,100
44,realestate_html/realtor-0484.html,100,100,100,100,100,100,100
44,realestate_html/propertyguru-0070.html,100,100,100,100,100,100,100
44,realestate_html/zillow-0218.html,100,100,100,100,100,100,100
44,realestate_html/realestate-1490.html,100,100,100,100,100,100,100
44,realestate_html/realtor-0556.html,100,100,100,100,100,100,100
44,realestate_html/realtor-0043.html,100,0,100,100,100,100,0
44,realestate_html/realtor-0943.html,100,100,100,100,100,100,100
44,realestate_html/realestate-0992.html,100,100,100,100,100,0,0
44,realestate_html/realtor-1301.html,100,100,100,100,100,0,0
44,realestate_html/realestate-1481.html,100,100,100,100,100,100,100
44,realestate_html/zillow-0870.html,100,100,100,100,100,100,100
44,realestate_html/rightmove-1654.html,100,100,100,100,100,100,100
44,realestate_html/rightmove-1822.html,100,100,100,100,100,100,100
44,realestate_html/realtor-1068.html,100,100,100,100,100,100,100
44,realestate_html/propertyguru-1432.html,100,100,100,100,100,100,100
44,realestate_html/realtor-0057.html,100,100,100,100,100,0,0
44,realestate_html/realestate-1672.html,100,100,100,100,100,0,0
44,realestate_html/realestate-0963.html,100,100,100,100,100,0,0
44,realestate_html/zillow-1459.html,100,100,100,100,100,100,100
44,realestate_html/rightmove-0364.html,100,100,100,100,100,100,100
44,realestate_html/realestate-0102.html,100,100,100,100,100,100,100
44,realestate_html/realestate-0237.html,100,100,100,100,100,100,100
44,realestate_html/rightmove-0939.html,100,100,100,100,100,100,100
44,realestate_html/zillow-0512.html,100,100,100,100,100,100,100
44,realestate_html/rightmove-0643.html,100,100,100,100,100,100,100
44,realestate_html/propertyguru-0904.html,100,100,100,100,100,100,100
44,realestate_html/zillow-1298.html,100,100,100,100,100,100,100
44,realestate_html/realestate-0130.html,100,100,100,100,100,100,100
44,realestate_html/realestate-1089.html,100,100,100,100,100,100,100
44,realestate_html/propertyguru-0451.html,100,100,100,100,100,100,100
44,realestate_html/propertyguru-1480.html,100,100,100,100,100,100,100
44,realestate_html/realtor-1443.html,100,100,100,100,100,100,100
44,realestate_html/zillow-1080.html,100,100,100,100,100,100,100
44,realestate_html/rightmove-0699.html,100,100,100,100,100,100,100
44,realestate_html/realestate-0405.html,100,100,100,100,100,100,100
44,realestate_html/propertyguru-0169.html,100,100,100,100,100,100,100
44,realestate_html/zillow-0808.html,100,100,100,100,100,100,100
44,realestate_html/rightmove-0537.html,100,100,100,100,100,100,100
44,realestate_html/propertyguru-0512.html,100,100,100,100,100,100,100
44,realestate_html/rightmove-1319.html,100,100,100,100,100,100,100
44,realestate_html/realestate-1123.html,100,100,100,100,100,100,100
44,realestate_html/zillow-1092.html,100,100,100,100,100,100,100
44,realestate_html/rightmove-0455.html,100,100,100,100,100,100,100
44,realestate_html/rightmove-0880.html,100,100,100,100,100,100,100
44,realestate_html/zillow-1330.html,0,100,100,100,100,100,0
44,realestate_html/rightmove-1316.html,100,100,100,100,100,100,100
44,realestate_html/realtor-0485.html,100,100,100,100,100,100,100
44,realestate_html/realestate-0679.html,100,100,100,0,100,100,0
44,realestate_html/realtor-1780.html,100,100,100,100,100,0,0
44,realestate_html/propertyguru-1928.html,100,100,100,100,100,100,100
44,realestate_html/realtor-1182.html,100,100,100,100,100,100,100
44,realestate_html/propertyguru-0289.html,100,100,100,100,100,100,100
44,realestate_html/rightmove-0373.html,100,100,100,100,100,100,100
44,realestate_html/realtor-1296.html,100,100,100,100,100,100,100
44,realestate_html/rightmove-1645.html,100,100,100,100,100,100,100
44,realestate_html/zillow-0985.html,100,100,100,100,100,100,100
44,realestate_html/propertyguru-0958.html,100,100,100,100,100,100,100
44,realestate_html/realestate-1671.html,100,100,100,100,100,100,100
44,realestate_html/realtor-0208.html,100,100,100,100,100,100,100
44,realestate_html/propertyguru-0178.html,100,100,100,100,100,100,100
44,realestate_html/propertyguru-1689.html,100,100,100,100,100,100,100
44,realestate_html/rightmove-1384.html,100,100,100,100,100,100,100
44,realestate_html/rightmove-0524.html,100,100,100,100,100,100,100
44,realestate_html/propertyguru-1659.html,100,100,100,100,100,100,100
44,realestate_html/zillow-0940.html,100,100,100,100,100,100,100
44,realestate_html/realestate-0757.html,100,100,100,100,100,100,100
44,realestate_html/realestate-0007.html,100,100,100,100,100,100,100
44,realestate_html/realestate-0912.html,100,100,100,100,100,100,100
44,realestate_html/zillow-0360.html,100,100,100,100,100,100,100
44,realestate_html/realestate-0285.html,100,100,100,100,100,0,0
44,realestate_html/rightmove-1722.html,100,100,100,100,100,100,100
44,realestate_html/zillow-1575.html,100,100,100,100,100,100,100
44,realestate_html/realestate-1758.html,100,100,100,100,100,100,100
44,realestate_html/realtor-0185.html,100,100,100,100,100,100,100
44,realestate_html/realestate-0980.html,100,100,100,100,100,0,0
44,realestate_html/zillow-1073.html,0,100,100,100,100,100,0
44,realestate_html/realestate-0163.html,100,100,100,100,100,100,100
44,realestate_html/rightmove-1770.html,100,100,100,100,100,100,100
44,realestate_html/rightmove-1166.html,100,100,100,100,100,100,100
44,realestate_html/realestate-1273.html,100,100,100,100,0,100,0
44,realestate_html/realestate-1979.html,100,100,100,100,100,100,100
44,realestate_html/zillow-1375.html,100,100,100,100,100,100,100
44,realestate_html/rightmove-1215.html,100,100,100,100,100,100,100
44,realestate_html/rightmove-1404.html,100,100,100,100,100,100,100
44,realestate_html/rightmove-0981.html,100,100,100,100,100,100,100
44,realestate_html/zillow-1165.html,100,100,100,100,100,100,100
44,realestate_html/zillow-0051.html,100,100,100,100,100,100,100
44,realestate_html/realtor-2088.html,100,100,100,100,100,100,100
44,realestate_html/rightmove-1003.html,100,100,100,100,100,100,100
44,realestate_html/zillow-0225.html,100,100,100,100,100,100,100
44,realestate_html/realestate-0495.html,100,100,100,100,100,100,100
44,realestate_html/realtor-1262.html,100,100,100,100,100,100,100
44,realestate_html/realestate-1553.html,100,100,100,100,100,100,100
44,realestate_html/zillow-1430.html,100,100,100,100,100,100,100
44,realestate_html/realestate-1207.html,100,100,100,100,100,100,100
44,realestate_html/realtor-0118.html,100,100,100,100,100,100,100
44,realestate_html/propertyguru-1232.html,100,100,100,100,100,100,100
44,realestate_html/realestate-1544.html,100,100,100,0,100,100,0
44,realestate_html/realtor-0739.html,100,100,100,100,100,100,100
44,realestate_html/realtor-1076.html,100,100,100,100,100,100,100
44,realestate_html/rightmove-1933.html,100,100,100,100,100,100,100
44,realestate_html/rightmove-1096.html,100,100,100,100,100,100,100
44,realestate_html/realtor-0202.html,100,100,100,100,100,0,0
44,realestate_html/realestate-1718.html,100,100,100,100,100,100,100
44,realestate_html/realestate-0294.html,100,100,100,100,100,0,0
44,realestate_html/realtor-0248.html,100,100,100,100,100,100,100
44,realestate_html/realestate-0077.html,100,100,100,100,100,100,100
44,realestate_html/realtor-1343.html,100,100,100,100,100,0,0
44,realestate_html/rightmove-0776.html,100,100,100,100,100,100,100
44,realestate_html/rightmove-0195.html,100,100,100,100,100,100,100
44,realestate_html/realestate-1345.html,100,100,100,100,100,100,100
44,realestate_html/realtor-0524.html,100,0,100,100,100,100,0
44,realestate_html/realtor-0479.html,100,0,100,100,100,100,0
44,realestate_html/propertyguru-0586.html,100,100,100,100,100,100,100
44,realestate_html/rightmove-1626.html,100,100,100,100,100,100,100
44,realestate_html/realtor-0555.html,100,100,100,100,100,100,100
44,realestate_html/realtor-0723.html,100,100,100,100,100,100,100
44,realestate_html/realtor-0480.html,100,0,100,100,100,100,0
44,realestate_html/realestate-1375.html,100,100,100,100,100,0,0
44,realestate_html/rightmove-1249.html,100,100,100,100,100,100,100
44,realestate_html/realtor-1606.html,100,100,100,100,100,100,100
44,realestate_html/rightmove-1629.html,100,100,100,100,100,100,100
44,realestate_html/realestate-0634.html,100,100,100,100,100,100,100
44,realestate_html/rightmove-0697.html,100,100,100,100,100,100,100
44,realestate_html/realestate-0798.html,100,100,100,100,100,100,100
44,realestate_html/realtor-1925.html,100,100,100,100,100,100,100
44,realestate_html/zillow-0827.html,100,100,100,100,100,100,100
44,realestate_html/realtor-0104.html,100,100,100,100,100,100,100
44,realestate_html/realestate-1884.html,100,100,100,0,0,100,0
44,realestate_html/rightmove-0989.html,100,100,100,100,100,100,100
44,realestate_html/propertyguru-0917.html,100,100,100,100,100,100,100
44,realestate_html/realtor-1359.html,100,100,100,100,100,0,0
44,realestate_html/zillow-1935.html,100,100,100,100,100,100,100
44,realestate_html/rightmove-1330.html,100,100,100,100,100,100,100
44,realestate_html/realestate-1460.html,100,100,100,100,100,100,100
44,realestate_html/realestate-1917.html,100,100,100,100,100,100,100
44,realestate_html/propertyguru-1649.html,100,100,100,100,100,100,100
44,realestate_html/realtor-1687.html,100,100,100,100,100,100,100
44,realestate_html/zillow-0457.html,100,100,100,100,100,100,100
44,realestate_html/rightmove-1613.html,100,100,100,100,100,100,100
44,realestate_html/zillow-0352.html,100,100,100,100,100,100,100
44,realestate_html/propertyguru-1833.html,100,100,100,100,100,100,100
44,realestate_html/realestate-0234.html,100,100,100,100,100,100,100
44,realestate_html/realtor-0457.html,100,100,100,100,100,100,100
44,realestate_html/rightmove-0300.html,100,100,100,100,100,100,100
44,realestate_html/propertyguru-0261.html,100,100,100,100,100,100,100
44,realestate_html/zillow-0127.html,100,100,100,100,100,100,100
44,realestate_html/propertyguru-0685.html,100,100,100,100,100,100,100
44,realestate_html/realtor-0244.html,100,100,100,100,100,100,100
44,realestate_html/realestate-1772.html,100,100,100,0,100,100,0
44,realestate_html/propertyguru-1176.html,100,100,100,100,100,100,100
44,realestate_html/rightmove-0854.html,100,100,100,100,100,100,100
44,realestate_html/zillow-0060.html,100,100,100,100,100,100,100
44,realestate_html/propertyguru-0359.html,100,100,100,100,100,100,100
44,realestate_html/propertyguru-1790.html,100,100,100,100,100,100,100
44,realestate_html/zillow-0275.html,100,100,100,100,100,100,100
44,realestate_html/propertyguru-1363.html,100,100,100,100,100,100,100
44,realestate_html/zillow-0871.html,100,100,100,100,100,100,100
44,realestate_html/realtor-0252.html,100,100,100,100,100,100,100
44,realestate_html/zillow-1303.html,100,100,100,100,100,100,100
44,realestate_html/realestate-0768.html,100,100,100,0,100,100,0
44,realestate_html/rightmove-0243.html,100,100,100,100,100,100,100
44,realestate_html/propertyguru-0767.html,100,100,100,100,100,100,100
44,realestate_html/realtor-1561.html,100,100,100,100,100,100,100
44,realestate_html/zillow-1956.html,0,100,100,100,100,100,0
44,realestate_html/realestate-0687.html,100,100,100,100,100,100,100
44,realestate_html/realestate-0315.html,100,100,100,100,100,0,0
44,realestate_html/propertyguru-1906.html,100,100,100,100,100,100,100
44,realestate_html/realtor-1276.html,100,100,100,100,0,0,0
44,realestate_html/rightmove-0682.html,100,100,100,100,100,100,100
44,realestate_html/realestate-1286.html,100,100,100,100,100,100,100
44,realestate_html/zillow-0601.html,100,100,100,100,100,100,100
44,realestate_html/propertyguru-0560.html,100,100,100,100,100,100,100
44,realestate_html/propertyguru-0524.html,100,100,100,100,100,100,100
44,realestate_html/rightmove-1555.html,100,100,100,100,100,100,100
44,realestate_html/realtor-1216.html,100,100,100,100,100,100,100
44,realestate_html/propertyguru-1998.html,100,100,100,100,100,100,100
44,realestate_html/zillow-0362.html,100,100,100,100,100,100,100
44,realestate_html/rightmove-0424.html,100,100,100,100,100,100,100
44,realestate_html/realestate-0271.html,100,100,100,100,100,100,100
44,realestate_html/realestate-1631.html,100,100,100,100,100,100,100
44,realestate_html/zillow-0066.html,100,100,100,100,100,100,100
44,realestate_html/propertyguru-0407.html,100,100,100,100,100,100,100
44,realestate_html/rightmove-1641.html,100,100,100,100,100,100,100
44,realestate_html/realtor-1445.html,100,100,100,100,100,100,100
44,realestate_html/propertyguru-1787.html,100,100,100,100,100,100,100
44,realestate_html/realtor-1991.html,100,100,100,100,100,100,100
44,realestate_html/zillow-1523.html,0,100,100,100,100,100,0
44,realestate_html/realtor-0658.html,100,100,100,100,100,100,100
44,realestate_html/realestate-1212.html,100,100,100,100,100,100,100
44,realestate_html/propertyguru-1744.html,100,100,100,100,100,100,100
44,realestate_html/propertyguru-1991.html,100,100,100,100,100,100,100
44,realestate_html/rightmove-1308.html,100,100,100,100,100,100,100
44,realestate_html/realestate-1534.html,100,100,100,100,100,100,100
44,realestate_html/realestate-0390.html,100,100,100,100,100,0,0
44,realestate_html/propertyguru-0849.html,100,100,100,100,100,100,100
44,realestate_html/zillow-0560.html,100,100,100,100,100,100,100
44,realestate_html/realestate-0859.html,100,100,100,100,100,100,100
44,realestate_html/realestate-0915.html,100,100,100,100,100,100,100
44,realestate_html/rightmove-1420.html,100,100,100,100,100,100,100
44,realestate_html/zillow-0685.html,100,100,100,100,100,100,100
44,realestate_html/rightmove-0807.html,100,100,100,100,100,100,100
44,realestate_html/propertyguru-1147.html,100,100,100,100,100,100,100
44,realestate_html/realtor-0796.html,100,100,100,100,100,100,100
44,realestate_html/realtor-1108.html,100,100,100,100,100,100,100
44,realestate_html/rightmove-1185.html,100,100,100,100,100,100,100
44,realestate_html/realestate-0820.html,100,100,100,100,0,0,0
44,realestate_html/propertyguru-0578.html,100,100,100,100,100,100,100
44,realestate_html/propertyguru-2000.html,100,100,100,100,100,100,100
44,realestate_html/rightmove-0174.html,100,100,100,100,100,100,100
44,realestate_html/propertyguru-1256.html,100,100,100,100,100,100,100
44,realestate_html/realestate-0836.html,100,100,100,100,0,100,0
44,realestate_html/realestate-0747.html,100,100,100,100,100,0,0
44,realestate_html/zillow-0977.html,100,100,100,100,100,100,100
44,realestate_html/zillow-0302.html,100,100,100,100,100,100,100
44,realestate_html/realestate-0989.html,100,100,100,100,100,100,100
44,realestate_html/realestate-0476.html,100,100,100,100,100,100,100
44,realestate_html/rightmove-1482.html,100,100,100,100,100,100,100
44,realestate_html/zillow-0421.html,100,100,100,100,100,100,100
44,realestate_html/realestate-0179.html,100,100,100,100,100,100,100
44,realestate_html/zillow-1564.html,100,100,100,100,100,100,100
44,realestate_html/zillow-1446.html,100,100,100,100,100,100,100
44,realestate_html/realtor-1837.html,100,100,100,100,100,100,100
44,realestate_html/realestate-0834.html,100,100,100,100,100,100,100
44,realestate_html/propertyguru-1016.html,100,100,100,100,100,100,100
44,realestate_html/realtor-0575.html,100,100,100,100,100,100,100
44,realestate_html/realtor-1669.html,100,100,100,100,100,100,100
44,realestate_html/zillow-0519.html,100,100,100,100,100,100,100
44,realestate_html/rightmove-1729.html,100,100,100,100,100,100,100
44,realestate_html/zillow-1140.html,100,100,100,100,100,100,100
44,realestate_html/realestate-0907.html,100,100,100,100,100,100,100
44,realestate_html/realestate-1099.html,100,100,100,0,100,0,0
44,realestate_html/propertyguru-0429.html,100,100,100,100,100,100,100
44,realestate_html/rightmove-0701.html,100,100,100,100,100,100,100
44,realestate_html/propertyguru-0008.html,100,100,100,100,100,100,100
44,realestate_html/propertyguru-1058.html,100,100,100,100,100,100,100
44,realestate_html/propertyguru-1355.html,100,100,100,100,100,100,100
44,realestate_html/propertyguru-1797.html,100,100,100,100,100,100,100
44,realestate_html/propertyguru-0003.html,100,100,100,100,100,100,100
44,realestate_html/propertyguru-0109.html,100,100,100,100,100,100,100
44,realestate_html/realtor-0318.html,100,100,100,100,100,100,100
44,realestate_html/realtor-0374.html,100,100,100,100,100,100,100
44,realestate_html/zillow-0628.html,100,100,100,100,100,100,100
44,realestate_html/realestate-1618.html,100,100,100,100,100,100,100
44,realestate_html/realestate-1262.html,100,100,100,100,100,100,100
44,realestate_html/realtor-0821.html,100,100,100,100,100,100,100
44,realestate_html/zillow-1784.html,0,100,100,100,100,100,0
44,realestate_html/zillow-0492.html,100,100,100,100,100,100,100
44,realestate_html/realestate-1625.html,100,100,100,100,100,100,100
44,realestate_html/realestate-1790.html,100,100,100,100,100,100,100
44,realestate_html/realtor-0927.html,100,100,100,100,100,100,100
44,realestate_html/zillow-1951.html,100,100,100,100,100,100,100
44,realestate_html/zillow-1914.html,100,100,100,100,100,100,100
44,realestate_html/zillow-0048.html,100,100,100,100,100,100,100
44,realestate_html/realtor-0086.html,100,100,100,100,100,100,100
44,realestate_html/zillow-1594.html,0,100,100,100,100,100,0
44,realestate_html/realtor-0396.html,100,100,100,100,100,100,100
44,realestate_html/rightmove-1331.html,100,100,100,100,100,100,100
44,realestate_html/rightmove-1423.html,100,100,100,100,100,100,100
44,realestate_html/zillow-0739.html,100,100,100,100,100,100,100
44,realestate_html/realtor-1520.html,100,100,100,100,100,100,100
44,realestate_html/realtor-1153.html,100,100,100,100,100,100,100
44,realestate_html/propertyguru-1773.html,100,100,100,100,100,100,100
44,realestate_html/realtor-0680.html,100,100,100,100,100,100,100
44,realestate_html/realtor-1963.html,100,100,100,100,100,100,100
44,realestate_html/zillow-0786.html,100,100,100,100,100,100,100
44,realestate_html/propertyguru-1394.html,100,100,100,100,100,100,100
44,realestate_html/rightmove-1487.html,100,100,100,100,100,100,100
44,realestate_html/realtor-1104.html,100,100,100,100,100,100,100
44,realestate_html/rightmove-0024.html,100,100,100,100,100,100,100
44,realestate_html/zillow-1952.html,100,100,100,100,100,100,100
44,realestate_html/rightmove-0409.html,100,100,100,100,100,100,100
44,realestate_html/realtor-1492.html,100,100,100,100,100,100,100
44,realestate_html/realtor-0974.html,100,100,100,100,100,100,100
44,realestate_html/realestate-1705.html,100,100,100,0,100,100,0
44,realestate_html/propertyguru-1316.html,100,100,100,100,100,100,100
44,realestate_html/propertyguru-1527.html,100,100,100,100,100,100,100
44,realestate_html/realestate-1049.html,100,100,100,100,100,100,100
44,realestate_html/zillow-0983.html,100,100,100,100,100,100,100
44,realestate_html/zillow-0725.html,100,100,100,100,100,100,100
44,realestate_html/propertyguru-2046.html,100,100,100,100,100,100,100
44,realestate_html/realtor-0160.html,100,100,100,100,100,100,100
44,realestate_html/propertyguru-0362.html,100,100,100,100,100,100,100
44,realestate_html/realestate-1228.html,100,100,100,100,100,100,100
44,realestate_html/propertyguru-0437.html,100,100,100,100,100,100,100
44,realestate_html/rightmove-1468.html,100,100,100,100,100,100,100
44,realestate_html/realestate-1338.html,100,100,100,100,100,100,100
44,realestate_html/propertyguru-1635.html,100,100,100,100,100,100,100
44,realestate_html/realestate-1100.html,100,100,100,100,100,100,100
44,realestate_html/propertyguru-1581.html,100,100,100,100,100,100,100
44,realestate_html/zillow-0300.html,100,100,100,100,100,100,100
44,realestate_html/realestate-0487.html,100,100,100,0,100,100,0
44,realestate_html/rightmove-0053.html,100,100,100,100,100,100,100
44,realestate_html/zillow-1348.html,0,100,100,100,100,100,0
44,realestate_html/realestate-1846.html,100,100,100,100,100,0,0
44,realestate_html/rightmove-0113.html,100,100,100,100,100,100,100
44,realestate_html/propertyguru-0460.html,100,100,100,100,100,100,100
44,realestate_html/zillow-1232.html,100,100,100,100,100,100,100
44,realestate_html/zillow-0669.html,100,100,100,100,100,100,100
44,realestate_html/zillow-1382.html,100,100,100,100,100,100,100
44,realestate_html/rightmove-0470.html,100,100,100,100,100,100,100
44,realestate_html/rightmove-1581.html,100,100,100,100,100,100,100
44,realestate_html/rightmove-1313.html,100,100,100,100,100,100,100
44,realestate_html/zillow-1123.html,100,100,100,100,100,100,100
44,realestate_html/rightmove-0183.html,100,100,100,100,100,100,100
44,realestate_html/rightmove-0404.html,100,100,100,100,100,100,100
44,realestate_html/zillow-0737.html,0,100,100,100,100,100,0
44,realestate_html/realestate-1110.html,100,100,100,100,100,100,100
44,realestate_html/rightmove-1990.html,100,100,100,100,100,100,100
44,realestate_html/rightmove-0870.html,100,100,100,100,100,100,100
44,realestate_html/propertyguru-1168.html,100,100,100,100,100,100,100
44,realestate_html/rightmove-0783.html,100,100,100,100,100,100,100
44,realestate_html/realestate-0171.html,100,100,100,100,100,100,100
44,realestate_html/realtor-1621.html,100,100,100,100,100,100,100
44,realestate_html/zillow-1118.html,100,100,100,100,100,100,100
44,realestate_html/zillow-0625.html,100,100,100,100,100,100,100
44,realestate_html/rightmove-0678.html,100,100,100,100,100,100,100
44,realestate_html/zillow-1102.html,100,100,100,100,100,100,100
44,realestate_html/zillow-1376.html,100,100,100,100,100,100,100
44,realestate_html/rightmove-1242.html,100,100,100,100,100,100,100
44,realestate_html/realestate-0938.html,100,100,100,100,100,100,100
44,realestate_html/zillow-1109.html,100,100,100,100,100,100,100
44,realestate_html/realtor-1983.html,100,100,100,100,100,100,100
44,realestate_html/rightmove-1254.html,100,100,100,100,100,100,100
44,realestate_html/rightmove-1497.html,100,100,100,100,100,100,100
44,realestate_html/realestate-1479.html,100,100,100,100,100,100,100
44,realestate_html/realestate-0598.html,100,100,100,100,100,0,0
44,realestate_html/realtor-0008.html,100,100,100,100,100,100,100
44,realestate_html/realestate-1848.html,100,100,100,100,100,100,100
44,realestate_html/rightmove-0849.html,100,100,100,100,100,100,100
44,realestate_html/realestate-0252.html,100,100,100,100,100,100,100
44,realestate_html/realestate-1130.html,100,100,100,0,100,100,0
44,realestate_html/rightmove-0946.html,100,100,100,100,100,100,100
44,realestate_html/propertyguru-0746.html,100,100,100,100,100,100,100
44,realestate_html/propertyguru-1538.html,100,100,100,100,100,100,100
44,realestate_html/realtor-1300.html,100,100,100,0,100,100,0
44,realestate_html/realtor-0515.html,100,100,100,100,100,100,100
44,realestate_html/zillow-0236.html,100,100,100,100,100,100,100
44,realestate_html/realtor-1978.html,100,100,100,100,100,100,100
44,realestate_html/rightmove-0250.html,100,100,100,100,100,100,100
44,realestate_html/zillow-1201.html,100,100,100,100,100,100,100
44,realestate_html/realestate-0235.html,100,100,100,0,100,100,0
44,realestate_html/rightmove-0515.html,100,100,100,100,100,100,100
44,realestate_html/zillow-1858.html,0,100,100,100,100,100,0
44,realestate_html/realtor-1807.html,100,100,100,100,100,100,100
44,realestate_html/realtor-1277.html,100,100,100,100,100,100,100
44,realestate_html/realestate-1609.html,100,100,100,100,100,100,100
44,realestate_html/realtor-0082.html,100,100,100,100,100,100,100
44,realestate_html/rightmove-1987.html,100,100,100,100,100,100,100
44,realestate_html/realtor-2051.html,100,100,100,100,100,100,100
44,realestate_html/zillow-1137.html,0,100,100,100,100,100,0
44,realestate_html/rightmove-0171.html,100,100,100,100,100,100,100
44,realestate_html/realestate-0827.html,100,100,100,100,100,100,100
44,realestate_html/propertyguru-1419.html,100,100,100,100,100,100,100
44,realestate_html/realtor-1372.html,100,100,100,100,100,100,100
44,realestate_html/zillow-1719.html,100,100,100,100,100,100,100
44,realestate_html/realestate-0621.html,100,100,100,100,100,100,100
44,realestate_html/rightmove-1569.html,100,100,100,100,100,100,100
44,realestate_html/realestate-0460.html,100,100,100,100,100,100,100
44,realestate_html/rightmove-1997.html,100,100,100,100,100,100,100
44,realestate_html/zillow-1656.html,100,100,100,100,100,100,100
44,realestate_html/realtor-1337.html,100,100,100,100,100,100,100
44,realestate_html/zillow-0097.html,100,100,100,100,100,100,100
44,realestate_html/realtor-1850.html,100,100,100,100,100,0,0
44,realestate_html/rightmove-1176.html,100,100,100,100,100,100,100
44,realestate_html/realtor-1920.html,100,100,100,100,100,100,100
44,realestate_html/zillow-0535.html,100,100,100,100,100,100,100
44,realestate_html/realtor-1305.html,100,100,100,100,100,100,100
44,realestate_html/propertyguru-1289.html,100,100,100,100,100,100,100
44,realestate_html/realtor-1583.html,100,100,100,100,100,100,100
44,realestate_html/rightmove-1684.html,100,100,100,100,100,100,100
44,realestate_html/realtor-1046.html,100,100,100,100,100,100,100
44,realestate_html/propertyguru-0404.html,100,100,100,100,100,100,100
44,realestate_html/rightmove-0626.html,100,100,100,100,100,100,100
44,realestate_html/zillow-1015.html,100,100,100,100,100,100,100
44,realestate_html/propertyguru-0195.html,100,100,100,100,100,100,100
44,realestate_html/propertyguru-1668.html,100,100,100,100,100,100,100
44,realestate_html/realestate-0637.html,100,100,100,100,100,100,100
44,realestate_html/realestate-0674.html,100,100,100,100,100,100,100
44,realestate_html/zillow-1477.html,0,100,100,100,100,100,0
44,realestate_html/zillow-0211.html,100,100,100,100,100,100,100
44,realestate_html/zillow-1675.html,0,100,100,100,100,100,0
44,realestate_html/zillow-0931.html,100,100,100,100,100,100,100
44,realestate_html/rightmove-0059.html,100,100,100,100,100,100,100
44,realestate_html/realtor-1098.html,100,100,100,100,100,100,100
44,realestate_html/realtor-0328.html,100,100,100,0,100,100,0
44,realestate_html/propertyguru-1755.html,100,100,100,100,100,100,100
44,realestate_html/zillow-0838.html,0,100,100,100,100,100,0
44,realestate_html/zillow-1059.html,100,100,100,100,100,100,100
44,realestate_html/zillow-0597.html,0,100,100,100,100,100,0
44,realestate_html/realtor-0081.html,100,100,100,100,100,100,100
44,realestate_html/rightmove-1175.html,100,100,100,100,100,100,100
44,realestate_html/realtor-2035.html,100,100,100,100,100,100,100
44,realestate_html/propertyguru-0520.html,100,100,100,100,100,100,100
44,realestate_html/realtor-1237.html,100,100,100,100,100,100,100
44,realestate_html/zillow-0692.html,0,100,100,100,100,100,0
44,realestate_html/rightmove-0371.html,100,100,100,100,100,100,100
44,realestate_html/rightmove-1459.html,100,100,100,100,100,100,100
44,realestate_html/propertyguru-0928.html,100,100,100,100,100,100,100
44,realestate_html/rightmove-0090.html,100,100,100,100,100,100,100
44,realestate_html/zillow-0933.html,100,100,100,100,100,100,100
44,realestate_html/zillow-1060.html,100,100,100,100,100,100,100
44,realestate_html/zillow-1234.html,0,100,100,100,100,100,0
44,realestate_html/realestate-1146.html,100,100,100,100,100,100,100
44,realestate_html/realtor-1099.html,100,100,100,100,100,100,100
44,realestate_html/realtor-0064.html,100,100,100,100,100,100,100
44,realestate_html/zillow-1320.html,100,100,100,100,100,100,100
44,realestate_html/realestate-0671.html,100,100,100,100,100,100,100
44,realestate_html/realtor-0330.html,100,100,100,100,100,100,100
44,realestate_html/propertyguru-0951.html,100,100,100,100,100,100,100
44,realestate_html/realestate-0869.html,100,100,100,100,100,100,100
44,realestate_html/zillow-1707.html,100,100,100,100,100,100,100
44,realestate_html/zillow-0642.html,100,100,100,100,100,100,100
44,realestate_html/rightmove-1272.html,100,100,100,100,100,100,100
44,realestate_html/realtor-0576.html,100,100,100,100,100,100,100
44,realestate_html/rightmove-1057.html,100,100,100,100,100,100,100
44,realestate_html/rightmove-1681.html,100,100,100,100,100,100,100
44,realestate_html/realtor-0531.html,100,100,100,100,100,100,100
44,realestate_html/realtor-0154.html,100,100,100,100,100,100,100
44,realestate_html/realestate-1474.html,100,100,100,100,100,100,100
44,realestate_html/rightmove-0452.html,100,100,100,100,100,100,100
44,realestate_html/realestate-0325.html,100,100,100,100,100,100,100
44,realestate_html/realestate-1368.html,100,100,100,100,100,100,100
44,realestate_html/realestate-1731.html,100,100,100,100,100,100,100
44,realestate_html/realtor-0953.html,100,100,100,100,0,100,0
44,realestate_html/realtor-0944.html,100,100,100,100,0,100,0
44,realestate_html/zillow-1293.html,100,100,100,100,100,100,100
44,realestate_html/propertyguru-1136.html,100,100,100,100,0,100,0
44,realestate_html/rightmove-1021.html,100,100,100,100,100,100,100
44,realestate_html/realtor-0428.html,100,100,100,100,100,0,0
44,realestate_html/rightmove-2044.html,100,100,100,100,100,100,100
44,realestate_html/zillow-0017.html,100,100,100,100,100,100,100
44,realestate_html/propertyguru-0243.html,100,100,100,100,100,100,100
44,realestate_html/zillow-1384.html,100,100,100,100,100,100,100
44,realestate_html/realestate-1427.html,100,100,100,0,100,100,0
44,realestate_html/rightmove-1190.html,100,100,100,100,100,100,100
44,realestate_html/realestate-1334.html,100,100,100,100,100,100,100
44,realestate_html/propertyguru-1617.html,100,100,100,100,100,100,100
44,realestate_html/realtor-0073.html,100,100,100,100,100,100,100
44,realestate_html/propertyguru-0328.html,100,100,100,100,100,100,100
44,realestate_html/propertyguru-0599.html,100,100,100,100,100,100,100
44,realestate_html/realestate-1329.html,100,100,100,100,100,100,100
44,realestate_html/realestate-0005.html,100,100,100,100,100,100,100
44,realestate_html/realestate-1170.html,100,100,100,100,100,100,100
44,realestate_html/realestate-0902.html,100,100,100,0,100,0,0
44,realestate_html/zillow-1107.html,100,100,100,100,100,100,100
44,realestate_html/rightmove-2050.html,100,100,100,100,100,100,100
44,realestate_html/rightmove-0167.html,100,100,100,100,100,100,100
44,realestate_html/propertyguru-1979.html,100,100,100,100,100,100,100
44,realestate_html/zillow-0946.html,100,100,100,100,100,100,100
44,realestate_html/zillow-1282.html,100,100,100,100,100,100,100
44,realestate_html/realtor-0306.html,100,0,100,100,100,100,0
44,realestate_html/propertyguru-1023.html,100,100,100,100,100,100,100
44,realestate_html/realestate-0644.html,100,100,100,100,100,100,100
44,realestate_html/zillow-1836.html,100,100,100,100,100,100,100
44,realestate_html/zillow-1331.html,100,100,100,100,100,100,100
44,realestate_html/zillow-0605.html,100,100,100,100,100,100,100
44,realestate_html/rightmove-0904.html,100,100,100,100,100,100,100
44,realestate_html/realtor-1194.html,100,100,100,100,100,100,100
44,realestate_html/zillow-0734.html,100,100,100,100,100,100,100
44,realestate_html/realestate-0988.html,100,100,100,100,100,100,100
44,realestate_html/propertyguru-0514.html,100,100,100,100,100,100,100
44,realestate_html/rightmove-1144.html,100,100,100,100,100,100,100
44,realestate_html/propertyguru-0310.html,100,100,100,100,100,100,100
44,realestate_html/propertyguru-0013.html,100,100,100,100,100,100,100
44,realestate_html/propertyguru-1904.html,100,100,100,100,100,100,100
44,realestate_html/zillow-0773.html,100,100,100,100,100,100,100
44,realestate_html/realestate-0316.html,100,100,100,100,100,100,100
44,realestate_html/realestate-0055.html,100,100,100,100,100,100,100
44,realestate_html/rightmove-1092.html,100,100,100,100,100,100,100
44,realestate_html/zillow-1424.html,100,100,100,100,100,100,100
44,realestate_html/rightmove-0219.html,100,100,100,100,100,100,100
44,realestate_html/realtor-1293.html,100,100,100,100,100,100,100
44,realestate_html/realestate-0407.html,100,100,100,100,0,100,0
44,realestate_html/rightmove-1661.html,100,100,100,100,100,100,100
44,realestate_html/zillow-1928.html,100,100,100,100,100,100,100
44,realestate_html/propertyguru-1652.html,100,100,100,100,100,100,100
44,realestate_html/zillow-0041.html,100,100,100,100,100,100,100
44,realestate_html/zillow-1453.html,100,100,100,100,100,100,100
44,realestate_html/realtor-0106.html,100,100,100,100,100,100,100
44,realestate_html/propertyguru-0913.html,100,100,100,100,100,100,100
44,realestate_html/propertyguru-1236.html,100,100,100,100,100,100,100
44,realestate_html/propertyguru-0055.html,100,100,100,100,100,100,100
44,realestate_html/rightmove-1205.html,100,100,100,100,100,100,100
44,realestate_html/rightmove-1730.html,100,100,100,100,100,100,100
44,realestate_html/rightmove-0952.html,100,100,100,100,100,100,100
44,realestate_html/zillow-0740.html,100,100,100,100,100,100,100
44,realestate_html/zillow-1712.html,100,100,100,100,100,100,100
44,realestate_html/realtor-1883.html,100,100,100,100,100,100,100
44,realestate_html/zillow-0324.html,100,100,100,100,100,100,100
44,realestate_html/zillow-0233.html,0,100,100,100,100,100,0
44,realestate_html/rightmove-2000.html,100,100,100,100,100,100,100
44,realestate_html/zillow-1414.html,100,100,100,100,100,100,100
44,realestate_html/rightmove-1116.html,100,100,100,100,100,0,0
44,realestate_html/zillow-0656.html,0,100,100,100,100,100,0
44,realestate_html/realtor-0217.html,100,100,100,100,100,100,100
44,realestate_html/zillow-1401.html,100,100,100,100,100,100,100
44,realestate_html/realtor-1025.html,100,100,100,100,100,100,100
44,realestate_html/rightmove-1845.html,100,100,100,100,100,100,100
44,realestate_html/realestate-1521.html,100,100,100,100,100,100,100
44,realestate_html/rightmove-2047.html,100,100,100,100,100,100,100
44,realestate_html/realtor-2058.html,100,100,100,100,100,100,100
44,realestate_html/propertyguru-1189.html,100,100,100,100,100,100,100
44,realestate_html/realestate-0073.html,100,100,100,100,100,100,100
44,realestate_html/realtor-0737.html,100,100,100,100,100,100,100
44,realestate_html/propertyguru-0194.html,100,100,100,100,100,100,100
44,realestate_html/realtor-1889.html,100,100,100,100,100,100,100
44,realestate_html/realtor-1279.html,100,100,100,100,100,100,100
44,realestate_html/realestate-1117.html,100,100,100,100,100,100,100
44,realestate_html/rightmove-1246.html,100,100,100,100,100,100,100
44,realestate_html/zillow-0208.html,100,100,100,100,100,100,100
44,realestate_html/realtor-1830.html,100,100,100,100,100,100,100
44,realestate_html/rightmove-0509.html,100,100,100,100,100,100,100
44,realestate_html/realestate-1840.html,100,100,100,100,100,100,100
44,realestate_html/realestate-1465.html,100,100,100,100,100,100,100
44,realestate_html/propertyguru-1338.html,100,100,100,100,100,100,100
44,realestate_html/zillow-0796.html,100,100,100,100,100,100,100
44,realestate_html/rightmove-0284.html,100,100,100,100,100,100,100
44,realestate_html/realtor-1449.html,100,100,100,100,100,100,100
44,realestate_html/propertyguru-0564.html,100,100,100,100,100,100,100
44,realestate_html/propertyguru-0419.html,100,100,100,100,100,100,100
44,realestate_html/rightmove-1262.html,100,100,100,100,100,100,100
44,realestate_html/zillow-1729.html,100,100,100,100,100,100,100
44,realestate_html/realtor-1919.html,100,100,100,100,100,0,0
44,realestate_html/rightmove-0221.html,100,100,100,100,100,100,100
44,realestate_html/zillow-0387.html,0,100,100,100,100,100,0
44,realestate_html/rightmove-1541.html,100,100,100,100,100,100,100
44,realestate_html/propertyguru-1358.html,100,100,100,100,100,100,100
44,realestate_html/zillow-2022.html,100,100,100,100,100,100,100
44,realestate_html/rightmove-0149.html,100,100,100,100,100,100,100
44,realestate_html/realtor-1057.html,100,100,100,100,100,100,100
44,realestate_html/rightmove-1519.html,100,100,100,100,100,100,100
44,realestate_html/propertyguru-1847.html,100,100,100,100,100,100,100
44,realestate_html/realtor-1053.html,100,100,100,100,0,0,0
44,realestate_html/rightmove-1451.html,100,100,100,100,100,100,100
44,realestate_html/propertyguru-0302.html,100,100,100,100,100,100,100
44,realestate_html/rightmove-1856.html,100,100,100,100,100,100,100
44,realestate_html/rightmove-1015.html,100,100,100,100,100,100,100
44,realestate_html/rightmove-1124.html,100,100,100,100,100,100,100
44,realestate_html/rightmove-0252.html,100,100,100,100,100,100,100
44,realestate_html/rightmove-1936.html,100,100,100,100,100,100,100
44,realestate_html/propertyguru-1266.html,100,100,100,100,100,100,100
44,realestate_html/propertyguru-1059.html,100,100,100,100,100,100,100
44,realestate_html/realtor-1193.html,100,100,100,100,100,100,100
44,realestate_html/rightmove-0716.html,100,100,100,100,100,100,100
44,realestate_html/realtor-0186.html,100,100,100,100,100,100,100
44,realestate_html/rightmove-1187.html,100,100,100,100,100,100,100
44,realestate_html/propertyguru-0504.html,100,100,100,100,100,100,100
44,realestate_html/realtor-1113.html,100,100,100,100,100,100,100
44,realestate_html/rightmove-0715.html,100,100,100,100,100,100,100
44,realestate_html/realestate-0093.html,100,100,100,100,100,100,100
44,realestate_html/realtor-0597.html,100,100,100,100,100,100,100
44,realestate_html/propertyguru-1500.html,100,100,100,100,100,100,100
44,realestate_html/realestate-1913.html,100,100,100,100,100,100,100
44,realestate_html/rightmove-1318.html,100,100,100,100,100,100,100
44,realestate_html/zillow-1305.html,100,100,100,100,100,100,100
44,realestate_html/rightmove-1050.html,100,100,100,100,100,100,100
44,realestate_html/rightmove-0610.html,100,100,100,100,100,100,100
44,realestate_html/rightmove-1309.html,100,100,100,100,100,100,100
44,realestate_html/zillow-0500.html,100,100,100,100,100,100,100
44,realestate_html/rightmove-1219.html,100,100,100,100,100,100,100
44,realestate_html/rightmove-1908.html,100,100,100,100,100,100,100
44,realestate_html/zillow-0160.html,0,100,100,100,100,100,0
44,realestate_html/realestate-1161.html,100,100,100,100,100,100,100
44,realestate_html/zillow-1502.html,0,100,100,100,100,100,0
44,realestate_html/zillow-0306.html,100,100,100,100,100,100,100
44,realestate_html/realtor-1083.html,100,100,100,100,100,100,100
44,realestate_html/realestate-1298.html,100,100,100,100,0,100,0
44,realestate_html/rightmove-1549.html,100,100,100,100,100,100,100
44,realestate_html/zillow-1361.html,100,100,100,100,100,100,100
44,realestate_html/realestate-1881.html,100,100,100,100,100,100,100
44,realestate_html/rightmove-0540.html,100,100,100,100,100,100,100
44,realestate_html/realtor-1518.html,100,100,100,100,100,100,100
44,realestate_html/rightmove-2094.html,100,100,100,100,100,100,100
44,realestate_html/realestate-0273.html,100,100,100,100,100,100,100
44,realestate_html/rightmove-0340.html,100,100,100,100,100,100,100
44,realestate_html/realestate-1833.html,100,100,100,100,100,100,100
44,realestate_html/zillow-1731.html,100,100,100,100,100,100,100
44,realestate_html/rightmove-1578.html,100,100,100,100,100,100,100
44,realestate_html/realtor-1751.html,100,100,100,100,0,100,0
44,realestate_html/rightmove-0283.html,100,100,100,100,100,100,100
44,realestate_html/realtor-1195.html,100,100,100,100,100,100,100
44,realestate_html/propertyguru-0368.html,100,100,100,100,100,100,100
44,realestate_html/realestate-0149.html,100,100,100,100,100,100,100
44,realestate_html/rightmove-0010.html,100,100,100,100,100,100,100
44,realestate_html/rightmove-1238.html,100,100,100,100,100,100,100
44,realestate_html/realestate-0830.html,100,100,100,100,100,100,100
44,realestate_html/realestate-0753.html,100,100,100,100,100,100,100
44,realestate_html/realtor-1033.html,100,100,100,100,100,100,100
44,realestate_html/realtor-1661.html,100,100,100,100,100,100,100
44,realestate_html/realestate-0600.html,100,100,100,0,100,100,0
44,realestate_html/propertyguru-1731.html,100,100,100,100,100,100,100
44,realestate_html/zillow-0613.html,100,100,100,100,100,100,100
44,realestate_html/zillow-0458.html,100,100,100,100,100,100,100
44,realestate_html/rightmove-0748.html,100,100,100,100,100,100,100
44,realestate_html/zillow-1210.html,100,100,100,100,100,100,100
44,realestate_html/zillow-0159.html,100,100,100,100,100,100,100
44,realestate_html/zillow-1428.html,0,100,100,100,100,100,0
44,realestate_html/realtor-0509.html,100,100,100,100,100,100,100
44,realestate_html/propertyguru-0080.html,100,100,100,100,100,100,100
44,realestate_html/realtor-1348.html,100,100,100,100,100,100,100
44,realestate_html/propertyguru-1055.html,100,100,100,100,100,100,100
44,realestate_html/rightmove-1755.html,100,100,100,100,100,100,100
44,realestate_html/zillow-0908.html,100,100,100,100,100,100,100
44,realestate_html/realtor-0289.html,100,100,100,100,100,100,100
44,realestate_html/realtor-1038.html,100,100,100,100,100,100,100
44,realestate_html/realestate-0381.html,100,100,100,100,100,100,100
44,realestate_html/zillow-1877.html,100,100,100,100,100,100,100
44,realestate_html/realestate-0940.html,100,100,100,100,100,100,100
44,realestate_html/propertyguru-0376.html,100,100,100,100,100,100,100
44,realestate_html/propertyguru-2014.html,100,100,100,100,100,100,100
44,realestate_html/realtor-1799.html,100,100,100,100,100,100,100
44,realestate_html/rightmove-0110.html,100,100,100,100,100,100,100
44,realestate_html/zillow-1355.html,100,100,100,100,100,100,100
44,realestate_html/realtor-1832.html,100,100,100,100,100,100,100
44,realestate_html/realtor-0589.html,100,100,100,100,100,100,100
44,realestate_html/rightmove-1270.html,100,100,100,100,100,100,100
44,realestate_html/realtor-0608.html,100,100,100,100,100,100,100
44,realestate_html/rightmove-1260.html,100,100,100,100,100,100,100
44,realestate_html/zillow-0607.html,100,100,100,100,100,100,100
44,realestate_html/rightmove-0463.html,100,100,100,100,100,100,100
44,realestate_html/propertyguru-1169.html,100,100,100,100,100,100,100
44,realestate_html/realtor-1141.html,100,100,100,100,100,100,100
44,realestate_html/rightmove-1648.html,100,100,100,100,100,100,100
44,realestate_html/realtor-0787.html,100,100,100,100,100,100,100
44,realestate_html/propertyguru-1478.html,100,100,100,100,100,100,100
44,realestate_html/rightmove-0624.html,100,100,100,100,100,100,100
44,realestate_html/realestate-0616.html,100,100,100,100,100,0,0
44,realestate_html/propertyguru-0254.html,100,100,100,100,100,100,100
44,realestate_html/zillow-0865.html,100,100,100,100,100,100,100
44,realestate_html/realtor-0422.html,100,100,100,100,100,100,100
44,realestate_html/realestate-0123.html,100,100,100,100,100,100,100
44,realestate_html/rightmove-0991.html,100,100,100,100,100,100,100
44,realestate_html/propertyguru-1474.html,100,100,100,100,100,100,100
44,realestate_html/zillow-0015.html,100,100,100,100,100,100,100
44,realestate_html/rightmove-1887.html,100,100,100,100,100,100,100
44,realestate_html/rightmove-1659.html,100,100,100,100,100,100,100
44,realestate_html/realtor-0977.html,100,100,100,100,100,100,100
44,realestate_html/realtor-1107.html,100,100,100,100,0,100,0
44,realestate_html/realestate-1945.html,100,100,100,100,100,100,100
44,realestate_html/realtor-1065.html,100,100,100,100,100,100,100
44,realestate_html/realestate-0225.html,100,100,100,100,100,100,100
44,realestate_html/zillow-1224.html,100,100,100,100,100,100,100
44,realestate_html/zillow-1605.html,100,100,100,100,100,100,100
44,realestate_html/realestate-0465.html,100,100,100,100,100,0,0
44,realestate_html/realestate-0378.html,100,100,100,0,100,100,0
44,realestate_html/realestate-1456.html,100,100,100,100,100,100,100
44,realestate_html/propertyguru-1577.html,100,100,100,100,100,100,100
44,realestate_html/rightmove-0926.html,100,100,100,100,100,100,100
44,realestate_html/rightmove-0928.html,100,100,100,100,100,100,100
44,realestate_html/rightmove-1808.html,100,100,100,100,100,100,100
44,realestate_html/propertyguru-1621.html,100,100,100,100,100,100,100
44,realestate_html/realestate-0030.html,100,100,0,100,100,100,0
44,realestate_html/zillow-0634.html,100,100,100,100,100,100,100
44,realestate_html/realestate-0823.html,100,100,100,100,100,100,100
44,realestate_html/propertyguru-1637.html,100,100,100,100,100,100,100
44,realestate_html/zillow-0220.html,100,100,100,100,100,100,100
44,realestate_html/propertyguru-0720.html,100,100,100,100,100,100,100
44,realestate_html/zillow-2027.html,100,100,100,100,100,100,100
44,realestate_html/realestate-0595.html,100,100,100,100,100,0,0
44,realestate_html/zillow-0859.html,100,100,100,100,100,100,100
44,realestate_html/rightmove-1854.html,100,100,100,100,100,100,100
44,realestate_html/zillow-0849.html,100,100,100,100,100,100,100
44,realestate_html/rightmove-1048.html,100,100,100,100,100,100,100
44,realestate_html/rightmove-0560.html,100,100,100,100,100,100,100
44,realestate_html/propertyguru-0378.html,100,100,100,100,100,100,100
44,realestate_html/rightmove-0295.html,100,100,100,100,100,100,100
44,realestate_html/propertyguru-0711.html,100,100,100,100,100,100,100
44,realestate_html/realtor-1285.html,100,100,100,100,100,100,100
44,realestate_html/rightmove-0819.html,100,100,100,100,100,100,100
44,realestate_html/realestate-1538.html,100,100,100,100,100,100,100
44,realestate_html/rightmove-2096.html,100,100,100,100,100,100,100
44,realestate_html/rightmove-0651.html,100,100,100,100,100,100,100
44,realestate_html/zillow-1588.html,100,100,100,100,100,100,100
44,realestate_html/realestate-0845.html,100,100,100,100,0,0,0
44,realestate_html/zillow-0876.html,100,100,100,100,100,100,100
44,realestate_html/realestate-1703.html,100,100,100,100,100,100,100
44,realestate_html/realestate-1870.html,100,100,100,100,100,100,100
44,realestate_html/propertyguru-0374.html,100,100,100,100,100,100,100
44,realestate_html/propertyguru-1726.html,100,100,100,100,100,100,100
44,realestate_html/zillow-0461.html,100,100,100,100,100,100,100
44,realestate_html/rightmove-0443.html,100,100,100,100,100,100,100
44,realestate_html/rightmove-1062.html,100,100,100,100,100,100,100
44,realestate_html/realestate-0379.html,100,100,100,0,100,100,0
44,realestate_html/zillow-0107.html,100,100,100,100,100,100,100
44,realestate_html/realestate-1784.html,100,100,100,100,100,100,100
44,realestate_html/realtor-1354.html,100,100,100,100,100,100,100
44,realestate_html/zillow-2000.html,100,100,100,100,100,100,100
44,realestate_html/realestate-0366.html,100,100,100,100,100,100,100
44,realestate_html/propertyguru-0060.html,100,100,100,100,100,100,100
44,realestate_html/zillow-0264.html,100,100,100,100,100,100,100
44,realestate_html/propertyguru-0208.html,100,100,100,100,100,100,100
44,realestate_html/zillow-1235.html,100,100,100,100,100,100,100
44,realestate_html/propertyguru-1880.html,100,100,100,100,100,100,100
44,realestate_html/rightmove-0966.html,100,100,100,100,100,100,100
44,realestate_html/zillow-1149.html,100,100,100,100,100,100,100
44,realestate_html/realtor-1665.html,100,100,100,100,100,100,100
44,realestate_html/realtor-0098.html,100,100,100,100,100,100,100
44,realestate_html/rightmove-0045.html,100,100,100,100,100,100,100
44,realestate_html/zillow-1821.html,100,100,100,100,100,100,100
44,realestate_html/zillow-1133.html,100,100,100,100,100,100,100
44,realestate_html/propertyguru-0421.html,100,100,100,100,100,100,100
44,realestate_html/rightmove-2003.html,100,100,100,100,100,100,100
44,realestate_html/rightmove-1145.html,100,100,100,100,100,100,100
44,realestate_html/rightmove-1344.html,100,100,100,100,100,100,100
44,realestate_html/propertyguru-0537.html,100,100,100,100,100,100,100
44,realestate_html/realestate-0640.html,100,100,100,100,100,100,100
44,realestate_html/rightmove-0547.html,100,100,100,100,100,100,100
44,realestate_html/realestate-0367.html,100,100,100,0,100,100,0
44,realestate_html/realestate-0558.html,100,100,100,100,100,100,100
44,realestate_html/rightmove-0206.html,100,100,100,100,100,100,100
44,realestate_html/realestate-0013.html,100,100,100,100,100,100,100
44,realestate_html/realtor-2082.html,100,100,100,100,100,100,100
44,realestate_html/realestate-0373.html,100,100,100,0,100,100,0
44,realestate_html/realtor-0880.html,100,100,100,100,0,100,0
44,realestate_html/realestate-0962.html,100,100,100,100,100,100,100
44,realestate_html/realtor-0180.html,100,100,100,100,100,100,100
44,realestate_html/realtor-1050.html,100,100,100,100,100,100,100
44,realestate_html/rightmove-0281.html,100,100,100,100,100,100,100
44,realestate_html/zillow-0089.html,100,100,100,100,100,100,100
44,realestate_html/realtor-1184.html,100,100,100,100,100,100,100
44,realestate_html/realtor-1189.html,100,100,100,100,100,100,100
44,realestate_html/realestate-0490.html,100,100,100,100,100,100,100
44,realestate_html/rightmove-0095.html,100,100,100,100,100,100,100
44,realestate_html/zillow-0559.html,100,100,100,100,100,100,100
44,realestate_html/rightmove-1322.html,100,100,100,100,100,100,100
44,realestate_html/realestate-0543.html,100,100,100,100,100,100,100
44,realestate_html/realtor-0366.html,100,100,100,100,100,100,100
44,realestate_html/realestate-0469.html,100,100,100,100,100,100,100
44,realestate_html/realtor-0273.html,100,100,100,100,100,100,100
44,realestate_html/realestate-0880.html,100,100,100,100,100,100,100
44,realestate_html/rightmove-1210.html,100,100,100,100,100,100,100
44,realestate_html/rightmove-2015.html,100,100,100,100,100,100,100
44,realestate_html/zillow-1035.html,100,100,100,100,100,100,100
44,realestate_html/rightmove-0336.html,100,100,100,100,100,100,100
44,realestate_html/propertyguru-0256.html,100,100,100,100,100,100,100
44,realestate_html/realtor-1071.html,100,100,100,100,100,100,100
44,realestate_html/realestate-0037.html,100,100,100,100,100,0,0
44,realestate_html/realestate-0063.html,100,100,100,100,100,100,100
44,realestate_html/zillow-1283.html,100,100,100,100,100,100,100
44,realestate_html/propertyguru-0883.html,100,100,100,100,100,100,100
44,realestate_html/zillow-1830.html,100,100,100,100,100,100,100
44,realestate_html/zillow-1622.html,100,100,100,100,100,100,100
44,realestate_html/rightmove-2077.html,100,100,100,100,100,100,100
44,realestate_html/rightmove-0615.html,100,100,100,100,100,100,100
44,realestate_html/realtor-1949.html,100,100,100,100,100,100,100
44,realestate_html/realtor-0850.html,100,100,100,100,100,100,100
44,realestate_html/realtor-0247.html,100,100,100,100,100,100,100
44,realestate_html/realestate-0198.html,100,100,100,100,100,0,0
44,realestate_html/realestate-1597.html,100,100,100,100,100,100,100
44,realestate_html/realestate-0332.html,100,100,100,100,100,100,100
44,realestate_html/realtor-1708.html,100,100,100,100,100,100,100
44,realestate_html/realtor-0535.html,100,100,100,100,100,100,100
44,realestate_html/zillow-0402.html,100,100,100,100,100,100,100
44,realestate_html/propertyguru-1067.html,100,100,100,100,100,100,100
44,realestate_html/realtor-1378.html,100,100,100,100,100,100,100
44,realestate_html/rightmove-0533.html,100,100,100,100,100,100,100
44,realestate_html/realtor-0811.html,100,100,100,100,100,100,100
44,realestate_html/propertyguru-0473.html,100,100,100,100,100,100,100
44,realestate_html/realestate-0516.html,100,100,100,100,100,0,0
44,realestate_html/realestate-1472.html,100,100,100,100,100,100,100
44,realestate_html/realtor-1625.html,100,100,100,100,100,100,100
44,realestate_html/realestate-1996.html,100,100,100,100,100,100,100
44,realestate_html/realestate-0824.html,100,100,100,100,100,100,100
44,realestate_html/rightmove-1229.html,100,100,100,100,100,100,100
44,realestate_html/propertyguru-0987.html,100,100,100,100,100,100,100
44,realestate_html/zillow-0096.html,100,100,100,100,100,100,100
44,realestate_html/rightmove-0478.html,100,100,100,100,100,100,100
44,realestate_html/realestate-0246.html,100,100,100,100,100,100,100
44,realestate_html/realestate-0009.html,100,100,100,100,100,100,100
44,realestate_html/realestate-1442.html,100,100,100,100,0,0,0
44,realestate_html/realestate-1510.html,100,100,100,100,100,100,100
44,realestate_html/realtor-0921.html,100,100,100,100,100,100,100
44,realestate_html/realtor-1441.html,100,100,100,100,100,100,100
44,realestate_html/rightmove-0782.html,100,100,100,100,100,100,100
44,realestate_html/realtor-1634.html,100,100,0,100,100,100,0
44,realestate_html/rightmove-0576.html,100,100,100,100,100,0,0
44,realestate_html/propertyguru-0456.html,100,100,100,100,100,100,100
44,realestate_html/rightmove-0554.html,100,100,100,100,100,100,100
44,realestate_html/realtor-0852.html,100,100,100,100,100,100,100
44,realestate_html/zillow-1129.html,100,100,100,100,100,100,100
44,realestate_html/rightmove-0067.html,100,100,100,100,100,100,100
44,realestate_html/realtor-1703.html,100,100,100,100,100,100,100
44,realestate_html/rightmove-0258.html,100,100,100,100,100,100,100
44,realestate_html/propertyguru-0056.html,100,100,100,100,100,100,100
44,realestate_html/realestate-0806.html,100,100,100,100,100,100,100
44,realestate_html/realtor-0838.html,100,100,100,100,100,100,100
44,realestate_html/propertyguru-1320.html,100,100,100,100,100,100,100
44,realestate_html/realestate-1302.html,100,100,100,0,100,100,0
44,realestate_html/propertyguru-1155.html,100,100,100,100,100,100,100
44,realestate_html/realtor-1414.html,100,0,100,100,100,100,0
44,realestate_html/realtor-1557.html,100,100,100,100,100,100,100
44,realestate_html/rightmove-0456.html,100,100,100,100,100,100,100
44,realestate_html/zillow-0075.html,100,100,100,100,100,100,100
44,realestate_html/realestate-0368.html,100,100,100,0,100,100,0
44,realestate_html/propertyguru-1522.html,100,100,100,100,100,100,100
44,realestate_html/rightmove-1052.html,100,100,100,100,100,100,100
44,realestate_html/realtor-0951.html,100,100,100,100,0,0,0
44,realestate_html/realestate-1419.html,100,100,100,100,100,100,100
44,realestate_html/realestate-1182.html,100,100,100,100,100,100,100
44,realestate_html/zillow-0043.html,0,100,100,100,100,100,0
44,realestate_html/propertyguru-1253.html,100,100,100,100,100,100,100
44,realestate_html/zillow-0283.html,100,100,100,100,100,100,100
44,realestate_html/realestate-0979.html,100,100,100,0,100,100,0
44,realestate_html/zillow-1370.html,100,100,100,100,100,100,100
44,realestate_html/rightmove-1035.html,100,100,100,100,100,100,100
44,realestate_html/zillow-0998.html,100,100,100,100,100,100,100
44,realestate_html/realtor-1619.html,100,100,100,100,100,100,100
44,realestate_html/realestate-0440.html,100,100,100,100,100,100,100
44,realestate_html/zillow-1444.html,100,100,100,100,100,100,100
44,realestate_html/zillow-1517.html,100,100,100,100,100,100,100
44,realestate_html/propertyguru-0241.html,100,100,100,100,100,100,100
44,realestate_html/realestate-0991.html,100,100,100,100,100,100,100
44,realestate_html/zillow-0749.html,100,100,100,100,100,100,100
44,realestate_html/rightmove-0565.html,100,100,100,100,100,100,100
44,realestate_html/propertyguru-1195.html,100,100,100,100,100,100,100
44,realestate_html/propertyguru-0215.html,100,100,100,100,100,100,100
44,realestate_html/realtor-1434.html,100,100,100,100,100,0,0
44,realestate_html/realtor-1297.html,100,100,100,100,100,100,100
44,realestate_html/rightmove-1723.html,100,100,100,100,100,100,100
44,realestate_html/realtor-0901.html,100,100,100,100,100,100,100
44,realestate_html/realtor-0631.html,100,100,100,100,100,100,100
44,realestate_html/rightmove-0119.html,100,100,100,100,100,100,100
44,realestate_html/rightmove-0040.html,100,100,100,100,100,100,100
44,realestate_html/rightmove-0249.html,100,100,100,100,100,100,100
44,realestate_html/zillow-1596.html,0,100,100,100,100,100,0
44,realestate_html/propertyguru-0733.html,100,100,100,100,100,100,100
44,realestate_html/realtor-0866.html,100,100,100,100,100,100,100
44,realestate_html/realestate-0772.html,100,100,100,100,100,0,0
44,realestate_html/rightmove-0742.html,100,100,100,100,100,100,100
44,realestate_html/realestate-0311.html,100,100,100,100,100,0,0
44,realestate_html/realtor-0754.html,100,100,100,100,100,100,100
44,realestate_html/rightmove-2069.html,100,100,100,100,100,100,100
44,realestate_html/realestate-1009.html,100,100,100,100,100,100,100
44,realestate_html/zillow-1249.html,0,100,100,100,100,100,0
44,realestate_html/propertyguru-0671.html,100,100,100,100,100,100,100
44,realestate_html/realtor-1031.html,100,100,100,100,100,100,100
44,realestate_html/rightmove-1240.html,100,100,100,100,100,100,100
44,realestate_html/propertyguru-0445.html,100,100,100,100,100,100,100
44,realestate_html/rightmove-1565.html,100,100,100,100,100,100,100
44,realestate_html/realtor-0689.html,100,100,100,100,100,100,100
44,realestate_html/propertyguru-1138.html,100,100,100,100,100,100,100
44,realestate_html/realestate-1710.html,100,100,100,100,100,100,100
44,realestate_html/rightmove-1833.html,100,100,100,100,100,100,100
44,realestate_html/realestate-0532.html,100,100,100,100,100,100,100
44,realestate_html/rightmove-0969.html,100,100,100,100,100,100,100
44,realestate_html/realtor-1645.html,100,100,100,100,100,100,100
44,realestate_html/rightmove-0842.html,100,100,100,100,100,100,100
44,realestate_html/propertyguru-1544.html,100,100,100,100,100,100,100
44,realestate_html/rightmove-0869.html,100,100,100,100,100,100,100
44,realestate_html/zillow-1714.html,100,100,100,100,100,100,100
44,realestate_html/propertyguru-2027.html,100,100,100,100,100,100,100
44,realestate_html/propertyguru-0119.html,100,100,100,100,100,100,100
44,realestate_html/zillow-0188.html,100,100,100,100,100,100,100
44,realestate_html/rightmove-0779.html,100,100,100,100,100,100,100
44,realestate_html/realtor-1741.html,100,100,100,100,0,100,0
44,realestate_html/propertyguru-0843.html,100,100,100,100,100,100,100
44,realestate_html/propertyguru-0417.html,100,100,100,100,100,100,100
44,realestate_html/zillow-0746.html,100,100,100,100,100,100,100
44,realestate_html/realtor-1072.html,100,100,100,100,100,100,100
44,realestate_html/zillow-1939.html,100,100,100,100,100,100,100
44,realestate_html/realestate-0267.html,100,100,100,100,100,0,0
44,realestate_html/realestate-0097.html,100,100,100,100,100,100,100
44,realestate_html/realestate-0847.html,100,100,100,100,100,100,100
44,realestate_html/rightmove-0589.html,100,100,100,100,100,100,100
44,realestate_html/realtor-0363.html,100,100,100,100,100,100,100
44,realestate_html/propertyguru-1199.html,100,100,100,100,100,100,100
44,realestate_html/zillow-1734.html,100,100,100,100,100,100,100
44,realestate_html/realtor-1678.html,100,100,100,100,100,100,100
44,realestate_html/realtor-1270.html,100,100,100,100,100,100,100
44,realestate_html/realestate-1788.html,100,100,100,100,100,100,100
44,realestate_html/zillow-1992.html,100,100,100,100,100,100,100
44,realestate_html/realestate-0795.html,100,100,100,100,100,100,100
44,realestate_html/zillow-0818.html,100,100,100,100,100,100,100
44,realestate_html/realtor-1426.html,100,100,100,100,100,100,100
44,realestate_html/realestate-0981.html,100,100,100,100,100,100,100
44,realestate_html/realtor-1934.html,100,100,100,100,100,100,100
44,realestate_html/propertyguru-1634.html,100,100,100,100,100,100,100
44,realestate_html/zillow-0501.html,100,100,100,100,100,100,100
44,realestate_html/zillow-1479.html,100,100,100,100,100,100,100
44,realestate_html/propertyguru-1978.html,100,100,100,100,100,100,100
44,realestate_html/zillow-0576.html,100,100,100,100,100,100,100
44,realestate_html/realtor-0263.html,100,100,100,100,100,100,100
44,realestate_html/realestate-1328.html,100,100,100,100,100,100,100
44,realestate_html/rightmove-1859.html,100,100,100,100,100,100,100
44,realestate_html/zillow-0710.html,100,100,100,100,100,100,100
44,realestate_html/propertyguru-1134.html,100,100,100,100,100,100,100
44,realestate_html/realtor-0114.html,100,100,100,100,100,100,100
44,realestate_html/propertyguru-0125.html,100,100,100,100,100,100,100
44,realestate_html/rightmove-1437.html,100,100,100,100,100,100,100
44,realestate_html/realtor-1679.html,100,100,100,100,100,100,100
44,realestate_html/realtor-1275.html,100,100,100,100,100,100,100
44,realestate_html/zillow-1674.html,100,100,100,100,100,100,100
44,realestate_html/zillow-0991.html,100,100,100,100,100,100,100
44,realestate_html/zillow-1991.html,100,100,100,100,100,100,100
44,realestate_html/rightmove-1465.html,100,100,100,100,100,100,100
44,realestate_html/propertyguru-1884.html,100,100,100,100,100,100,100
44,realestate_html/realtor-0847.html,100,100,100,100,100,100,100
44,realestate_html/zillow-1617.html,100,100,100,100,100,100,100
44,realestate_html/zillow-0341.html,100,100,100,100,100,100,100
44,realestate_html/zillow-0943.html,100,100,100,100,100,100,100
44,realestate_html/rightmove-1460.html,100,100,100,100,100,100,100
44,realestate_html/rightmove-1028.html,100,100,100,100,100,100,100
44,realestate_html/rightmove-1367.html,100,100,100,100,100,100,100
44,realestate_html/rightmove-1775.html,100,100,100,100,100,100,100
44,realestate_html/realtor-0262.html,100,100,100,100,100,100,100
44,realestate_html/zillow-1995.html,0,100,100,100,100,100,0
44,realestate_html/rightmove-0803.html,100,100,100,100,100,100,100
44,realestate_html/propertyguru-1089.html,100,100,100,100,100,100,100
44,realestate_html/zillow-0936.html,100,100,100,100,100,100,100
44,realestate_html/zillow-1835.html,100,100,100,100,100,100,100
44,realestate_html/realtor-1350.html,100,100,100,100,100,100,100
44,realestate_html/realestate-1604.html,100,100,100,100,100,100,100
44,realestate_html/propertyguru-0652.html,100,100,100,100,100,100,100
44,realestate_html/realestate-0587.html,100,100,100,100,100,100,100
44,realestate_html/propertyguru-0183.html,100,100,100,100,100,100,100
44,realestate_html/realestate-0620.html,100,100,100,100,100,100,100
44,realestate_html/propertyguru-0717.html,100,100,100,100,100,100,100
44,realestate_html/zillow-0699.html,0,100,100,100,100,100,0
44,realestate_html/propertyguru-0181.html,100,100,100,100,100,100,100
44,realestate_html/realestate-1686.html,100,100,100,100,100,0,0
44,realestate_html/propertyguru-1786.html,100,100,100,100,100,100,100
44,realestate_html/rightmove-1674.html,100,100,100,100,100,100,100
44,realestate_html/propertyguru-0813.html,100,100,100,100,100,100,100
44,realestate_html/propertyguru-1312.html,100,100,100,100,100,100,100
44,realestate_html/propertyguru-1676.html,100,100,100,100,100,100,100
44,realestate_html/propertyguru-0372.html,100,100,100,100,100,100,100
44,realestate_html/rightmove-0642.html,100,100,100,100,100,100,100
44,realestate_html/propertyguru-0521.html,100,100,100,100,100,100,100
44,realestate_html/rightmove-1061.html,100,100,100,100,100,100,100
44,realestate_html/zillow-1519.html,100,100,100,100,100,100,100
44,realestate_html/realtor-0005.html,100,100,100,100,100,100,100
44,realestate_html/rightmove-0499.html,100,100,100,100,100,100,100
44,realestate_html/propertyguru-1372.html,100,100,100,100,100,100,100
44,realestate_html/realtor-1371.html,100,100,100,100,100,100,100
44,realestate_html/realestate-0380.html,100,100,100,100,100,100,100
44,realestate_html/rightmove-0707.html,100,100,100,100,100,100,100
44,realestate_html/realtor-2044.html,100,100,100,100,100,100,100
44,realestate_html/zillow-0782.html,100,100,100,100,100,100,100
44,realestate_html/propertyguru-1280.html,100,100,100,100,100,100,100
44,realestate_html/realestate-0000.html,100,100,100,0,100,100,0
44,realestate_html/rightmove-2093.html,100,100,100,100,100,100,100
44,realestate_html/zillow-0241.html,100,100,100,100,100,100,100
44,realestate_html/rightmove-2087.html,100,100,100,100,100,100,100
44,realestate_html/realestate-1383.html,100,100,100,100,100,100,100
44,realestate_html/propertyguru-0550.html,100,100,100,100,100,100,100
44,realestate_html/propertyguru-0828.html,100,100,100,100,100,100,100
44,realestate_html/realestate-0694.html,100,100,100,100,100,100,100
44,realestate_html/realestate-0599.html,100,100,100,100,100,100,100
44,realestate_html/realtor-1505.html,100,100,100,100,100,100,100
44,realestate_html/propertyguru-0702.html,100,100,100,100,100,100,100
44,realestate_html/rightmove-1752.html,100,100,100,100,100,100,100
44,realestate_html/propertyguru-0770.html,100,100,100,100,100,100,100
44,realestate_html/rightmove-0179.html,100,100,100,100,100,100,100
44,realestate_html/zillow-1520.html,100,100,100,100,100,100,100
44,realestate_html/rightmove-0546.html,100,100,100,100,100,100,100
44,realestate_html/rightmove-1663.html,100,100,100,100,100,100,100
44,realestate_html/realtor-0371.html,100,100,100,100,100,100,100
44,realestate_html/realtor-0760.html,100,100,100,100,100,100,100
44,realestate_html/realtor-0767.html,100,100,100,100,100,100,100
44,realestate_html/propertyguru-0531.html,100,100,100,100,100,100,100
44,realestate_html/propertyguru-0584.html,100,100,100,100,100,100,100
44,realestate_html/realtor-1477.html,100,100,100,100,100,100,100
44,realestate_html/rightmove-0570.html,100,100,100,100,100,100,100
44,realestate_html/realtor-0470.html,100,100,100,100,100,100,100
44,realestate_html/rightmove-1019.html,100,100,100,100,100,100,100
44,realestate_html/propertyguru-1516.html,100,100,100,100,100,100,100
44,realestate_html/realtor-0625.html,100,100,100,100,100,100,100
44,realestate_html/realestate-1887.html,100,100,100,100,100,100,100
44,realestate_html/rightmove-0805.html,100,100,100,100,100,100,100
44,realestate_html/realestate-1912.html,100,100,100,100,100,100,100
44,realestate_html/propertyguru-0086.html,100,100,100,100,100,100,100
44,realestate_html/propertyguru-1425.html,100,100,100,100,100,100,100
44,realestate_html/rightmove-0673.html,100,100,100,100,100,100,100
44,realestate_html/realestate-1222.html,100,100,100,100,100,100,100
44,realestate_html/realtor-1150.html,100,100,100,100,100,100,100
44,realestate_html/zillow-0961.html,100,100,100,100,100,100,100
44,realestate_html/realestate-1516.html,100,100,100,100,100,0,0
44,realestate_html/zillow-0057.html,100,100,100,100,100,100,100
44,realestate_html/zillow-0178.html,0,100,100,100,100,100,0
44,realestate_html/realestate-0717.html,100,100,100,100,100,100,100
44,realestate_html/propertyguru-0242.html,100,100,100,100,100,100,100
44,realestate_html/rightmove-0166.html,100,100,100,100,100,100,100
44,realestate_html/propertyguru-0791.html,100,100,100,100,100,100,100
44,realestate_html/propertyguru-2004.html,100,100,100,100,100,100,100
44,realestate_html/rightmove-1544.html,100,100,100,100,100,100,100
44,realestate_html/rightmove-0749.html,100,100,100,100,100,100,100
44,realestate_html/rightmove-1585.html,100,100,100,100,100,100,100
44,realestate_html/zillow-1849.html,100,100,100,100,100,100,100
44,realestate_html/rightmove-1882.html,100,100,100,100,100,100,100
44,realestate_html/propertyguru-1272.html,100,100,100,100,100,100,100
44,realestate_html/realestate-1868.html,100,100,100,100,100,100,100
44,realestate_html/rightmove-0122.html,100,100,100,100,100,100,100
44,realestate_html/propertyguru-0093.html,100,100,100,100,100,100,100
44,realestate_html/realtor-0427.html,100,100,100,100,100,100,100
44,realestate_html/zillow-0992.html,0,100,100,100,100,100,0
44,realestate_html/zillow-1621.html,0,100,100,100,100,100,0
44,realestate_html/zillow-1068.html,100,100,100,100,100,100,100
44,realestate_html/realestate-0530.html,100,100,100,100,100,100,100
44,realestate_html/realtor-1598.html,100,100,100,100,100,100,100
44,realestate_html/rightmove-0381.html,100,100,100,100,100,100,100
44,realestate_html/realtor-0933.html,100,100,100,100,100,100,100
44,realestate_html/rightmove-1864.html,100,100,100,100,0,100,0
44,realestate_html/rightmove-2036.html,100,100,100,100,100,100,100
44,realestate_html/rightmove-0441.html,100,100,100,100,100,100,100
44,realestate_html/zillow-2005.html,100,100,100,100,100,100,100
44,realestate_html/propertyguru-0797.html,100,100,100,100,100,100,100
44,realestate_html/realtor-0500.html,100,100,100,100,100,100,100
44,realestate_html/realtor-0161.html,100,100,100,100,100,100,100
44,realestate_html/zillow-0012.html,100,100,100,100,100,100,100
44,realestate_html/zillow-1911.html,100,100,100,100,100,100,100
44,realestate_html/rightmove-1539.html,100,100,100,100,100,100,100
44,realestate_html/propertyguru-0009.html,100,100,100,100,100,100,100
44,realestate_html/realtor-1805.html,100,100,100,100,100,100,100
44,realestate_html/rightmove-1873.html,100,100,100,100,100,0,0
44,realestate_html/zillow-0875.html,100,100,100,100,100,100,100
44,realestate_html/zillow-1100.html,100,100,100,100,100,100,100
44,realestate_html/zillow-1878.html,100,100,100,100,100,100,100
44,realestate_html/zillow-1512.html,0,100,100,100,100,100,0
44,realestate_html/realtor-1784.html,100,100,100,100,100,0,0
44,realestate_html/propertyguru-0483.html,100,100,100,100,100,100,100
44,realestate_html/zillow-0702.html,100,100,100,100,100,100,100
44,realestate_html/zillow-0419.html,100,100,100,100,100,100,100
44,realestate_html/zillow-1411.html,100,100,100,100,100,100,100
44,realestate_html/rightmove-2057.html,100,100,100,100,100,100,100
44,realestate_html/realtor-1264.html,100,100,100,100,100,100,100
44,realestate_html/rightmove-1610.html,100,100,100,100,100,100,100
44,realestate_html/zillow-1894.html,100,100,100,100,100,100,100
44,realestate_html/rightmove-2065.html,100,100,100,100,100,100,100
44,realestate_html/propertyguru-1815.html,100,100,100,100,100,100,100
44,realestate_html/realestate-0548.html,100,100,100,100,100,100,100
44,realestate_html/zillow-1799.html,100,100,100,100,0,100,0
44,realestate_html/rightmove-2075.html,100,100,100,100,100,100,100
44,realestate_html/rightmove-0693.html,100,100,100,100,100,100,100
44,realestate_html/rightmove-1782.html,100,100,100,100,100,100,100
44,realestate_html/zillow-0318.html,100,100,100,100,100,100,100
44,realestate_html/realtor-1198.html,100,100,100,100,100,100,100
44,realestate_html/propertyguru-1576.html,100,100,100,100,100,100,100
44,realestate_html/realestate-0190.html,100,100,100,100,100,100,100
44,realestate_html/realtor-0278.html,100,100,100,100,100,100,100
44,realestate_html/realestate-1507.html,100,100,100,100,100,0,0
44,realestate_html/rightmove-1363.html,100,100,100,100,100,100,100
44,realestate_html/realtor-0728.html,100,100,100,100,100,100,100
44,realestate_html/realestate-1135.html,100,100,100,100,100,100,100
44,realestate_html/realestate-0011.html,100,100,100,100,100,0,0
44,realestate_html/realestate-0409.html,100,100,100,100,100,100,100
44,realestate_html/propertyguru-1696.html,100,100,100,100,100,100,100
44,realestate_html/realtor-0538.html,100,100,100,100,100,100,100
44,realestate_html/realtor-1376.html,100,100,100,100,100,100,100
44,realestate_html/realtor-1833.html,100,100,100,100,100,100,100
44,realestate_html/realestate-0176.html,100,100,100,100,100,100,100
44,realestate_html/propertyguru-1213.html,100,100,100,100,100,100,100
44,realestate_html/propertyguru-1747.html,100,100,100,100,100,100,100
44,realestate_html/zillow-1787.html,0,100,100,100,100,100,0
44,realestate_html/realestate-0068.html,100,100,100,100,100,100,100
44,realestate_html/rightmove-0233.html,100,100,100,100,100,100,100
44,realestate_html/realtor-0817.html,100,100,100,100,100,100,100
44,realestate_html/realestate-0307.html,100,100,100,100,100,100,100
44,realestate_html/rightmove-1556.html,100,100,100,100,100,100,100
44,realestate_html/realtor-0949.html,100,100,100,100,0,100,0
44,realestate_html/realtor-1118.html,100,100,100,100,100,100,100
44,realestate_html/realtor-2083.html,100,100,100,100,100,100,100
44,realestate_html/realtor-1453.html,100,100,100,100,100,100,100
44,realestate_html/rightmove-1097.html,100,100,100,100,100,100,100
44,realestate_html/rightmove-0571.html,100,100,100,100,100,100,100
44,realestate_html/realtor-1675.html,100,100,100,100,100,100,100
44,realestate_html/realestate-0777.html,100,100,100,100,100,100,100
44,realestate_html/propertyguru-0291.html,100,100,100,100,100,100,100
44,realestate_html/rightmove-0135.html,100,100,100,100,100,100,100
44,realestate_html/propertyguru-0926.html,100,100,100,100,100,100,100
44,realestate_html/realestate-1580.html,100,100,100,0,100,100,0
44,realestate_html/zillow-1456.html,100,100,100,100,100,100,100
44,realestate_html/rightmove-0488.html,100,100,100,100,100,100,100
44,realestate_html/realestate-1505.html,100,100,100,100,100,100,100
44,realestate_html/rightmove-1596.html,100,100,100,100,100,100,100
44,realestate_html/realtor-0593.html,100,100,100,100,100,100,100
44,__SUMMARY__,96.65,98.98,99.80,97.90,98.09,95.79,88.23
