file,TITLE,LOCATION,PRICE,AREA,BEDROOMS,BATHROOMS
realestate_html/realtor-0167.html,"69 Fremont St, Callicoon, NY 12723 [Updated 5/14]","69 Fremont St, Callicoon, NY 12723",USD 396000,3352 FTK,6,127
realestate_html/propertyguru-0085.html,227A Sumang Lane,A Sumang Lane,"699,000","1,001",3,2
realestate_html/rightmove-1946.html,bedroom detached house for sale in,"West End Road, West End, Southampton, SO30",",000",Freehold,4,12
realestate_html/rightmove-1781.html,", LL74",Tynygongl,",000",Freehold,5,2
realestate_html/rightmove-0029.html,", W8",NX,"£ 24,000,000",Share of Freehold,5,5
realestate_html/rightmove-0916.html,", DL10","Gilling Lodge, High Street, Gilling West, Richmond","£ 2,700,000",Freehold,26,45
realestate_html/propertyguru-0138.html,Hilltop Grove,A Hillview Avenue,"1,780,000","1,485",3,2
realestate_html/realtor-1109.html,"557 Highway 469 N, Florence, MS 39073 [Updated 5/12]","557 Highway 469 N, Florence, MS 39073",USD 145000,1288 FTK,3,12
realestate_html/realestate-1531.html,"TEST AMAX GOLD, WYCLIFFE WELL","test amax gold, Wycliffe Well, NT 0862","$ 555,555",,4,1
realestate_html/rightmove-0156.html,bedroom apartment for sale in,"South Audley Street, Mayfair, London, W1K","000,000",Leasehold,6,06
realestate_html/rightmove-1772.html,", LL","Glan Y Mawddach, Mawddach, Barmouth, Gwynedd, LL42 1TF","£ 1,000,000",Freehold,6,42
realestate_html/zillow-1421.html,For sale,"22 Upton St NW, Washington, DC 20016",$ 2,"3,328",4,1952
realestate_html/realestate-1991.html,"1 Facey Road, Devon Meadows, Vic 3977","1 Facey Road, Devon Meadows, Vic 3977","$ 1,790,000",1ha nbn® availability nbn Fixed Wireless Looks like nbn Fixed Wireless is available. Check with your internet provider.,04,1
realestate_html/propertyguru-1236.html,Terrace house at Mutiara Damansara,"Jalan PJU 7/7, Mutiara Damansara, Selangor",",000","2,000",24,13
realestate_html/zillow-2009.html,Active,"St, Paw Paw, MI 49079","$ 410,000","1,760",3,2
realestate_html/propertyguru-1779.html,SEPANG !! RESORT HOME 2-Storey House & Limited Corner UNIT,"Kota Warisan, Sepang, Selangor",",000","2,780",4,146
realestate_html/propertyguru-0992.html,544 Choa Chu Kang Street 52,544 Choa Chu Kang Street,"700,000","1,",13,2
realestate_html/realestate-0790.html,"-Bedroom Peter Stannard Creation 76 BENNETT DRIVE, CANNING VALE","76 Bennett Drive, Canning Vale, WA 6155",Offers,639 m²,4,2
realestate_html/realtor-0212.html,"237 Hirschfield Dr, Buffalo, NY 14221 [Updated 5/14]","Hirschfield Dr, Buffalo, NY",USD 239900,1368 FTK,3,142
realestate_html/realtor-1453.html,"3718 Paige St, Port Orange, FL 32129 [Updated 5/14]","18 Paige St, Port Orange, FL",USD 265000,1334 FTK,3,29
realestate_html/propertyguru-1753.html,CORNER LOT 1-Storey Taman Bukit Mahogani Bukit,"Taman Bukit Mahogani Bukit Klawang Negeri Sembilan, Taman Angsana, Kuala Klawang, Negeri Sembilan","520,000","2,700",4,193
realestate_html/zillow-0194.html,For sale,5,$,"1,410",2,128
realestate_html/realestate-1301.html,"SUNSET LIVING IN SMITH!! UNDER CONTRACT/UNCONDITIONAL 58/93 SMITH STREET, DARWIN CITY","58/93 Smith Street, Darwin City, NT 0800","$ 465,000",,2,220
realestate_html/realtor-2064.html,"1410 Silver Creek Dr, Sherwood, AR 72120 [Updated 5/13]",0,USD 224900,1570 FTK,3,12
realestate_html/rightmove-1414.html,Plot for sale in,"Wilford Lane, West Bridgford, Nottingham, NG2","£ 1,350,000",Ask agent,2,2
realestate_html/propertyguru-0445.html,Amber Skye,8 Amber Road,",","2,600",14,15
realestate_html/propertyguru-1771.html,Villa K,"Jalan Silat Lincah, Skudai, Johor",",000",930,4,02
realestate_html/zillow-0656.html,"853 Jenny Ln, Berthoud, CO 80513 | MLS #1035283 | Zillow","853 Jenny Ln, Berthoud, CO 80513","$ 635,000","3,599",4,4
realestate_html/realtor-0749.html,"14240 Delano St, Van Nuys, CA 91401 [Updated 5/12]","40 Delano St, Van Nuys, CA 91401",USD 1075000,3800 FTK,8,12
realestate_html/propertyguru-1414.html,ALYA,"Jalan Bukit Kiara 1, Damansara Heights, Kuala Lumpur","4,250,000","5,500",6,550
realestate_html/realestate-0222.html,"20a Hensman Street, South Perth, WA 6151","20a Hensman Street, South Perth, WA, 6151","$ 3,362",607 m²,,
realestate_html/zillow-0883.html,For sale,"1607 Colonial Shores Dr, Hixson, TN 37",$,"2,",4,151
realestate_html/rightmove-1201.html,", B28","Paradise Lane, BIRMINGHAM",",000",Freehold,6,05
realestate_html/zillow-1265.html,Foreclosure,"3622 Glade Creek Dr, Humble, TX 77339","$ 395,000","3,",4,14
realestate_html/realestate-1721.html,Elevated Elegance in the Heart,"/222 Margaret Street, Brisbane City, Qld 4000",Contact Agent,,1,1
realestate_html/realtor-1368.html,"2800 NW 47th Ter Unit 407B, Lauderdale Lakes, FL 33313 [Updated 5/14]","0 NW 47th Ter Unit 407B, Lauderdale Lakes, FL 33313",USD 92000,768 FTK,1,13
realestate_html/propertyguru-0697.html,636 Woodlands Ring Road,6 Woodlands Ring Road,"1,000,000","1,528",3,3
realestate_html/zillow-1732.html,"9410 Us Highway 12, Brooklyn, MI 49230 | MLS #25025023 | Zillow",0,$,"2,",25,137
realestate_html/zillow-0781.html,"1220 Minglewood Way, Ann Arbor, MI 48103 | MLS #20251003593 | Zillow","1220 Minglewood Way, Ann Arbor, MI 4810","$ 729,900","1,670",3,293
realestate_html/realtor-1150.html,"5887 Scotland Rd, Bentonia, MS 39040 [Updated 5/12]","5887 Scotland Rd, Bentonia, MS 39040",USD 345000,2300 FTK,390,12
realestate_html/realestate-0733.html,-Bedroom + Study,"9/8 Margaret Street, Brisbane City, Qld 4000",UNDER CONTRACT,65 m²,1,1
realestate_html/realestate-0760.html,"HINDMARSH SQUARE, ADELAIDE",309/,$,,2,01
realestate_html/realestate-1083.html,"Discover Your Dream Home in Derwent Park! 449 BROOKER HIGHWAY, DERWENT PARK","449 Brooker Highway, Derwent Park, Tas 7009","$ 525,000",698 m²,3,1
realestate_html/realestate-0275.html,"42 Otway Street, Harrison, ACT 2914",4,"$ 425,000",71 m²,0,2
realestate_html/realtor-0054.html,"196 Rockaway Ave, Valley Stream, NY 11580 [Updated 5/14]","196 Rockaway Ave, Valley Stream, NY 11580",USD 1199999,FTK,5,3
realestate_html/zillow-0112.html,For sale,27,"$ 699,000",2,15,3
realestate_html/propertyguru-1424.html,Bangsar,"Jalan Bangsar, Bangsar, Kuala Lumpur","950,000","1,045",13,104
realestate_html/rightmove-0235.html,bedroom detached house for sale in,"Winnington Road, London, N2",",000",Freehold,7,
realestate_html/realestate-0246.html,"19 Kulkyne Way, Port Noarlunga, SA 5167","19 Kulkyne Way, Port Noarlunga, SA 5167","$ 2,625",600 m²,2,2
realestate_html/realtor-0960.html,"3246 Magnolia Ridge Dr, Hernando, MS 38632 [Updated 5/13]","6 Magnolia Ridge Dr, Hernando, MS 38632",USD 325000,1890 FTK,4,32
realestate_html/rightmove-0762.html,", M20","Fordbank Road, Didsbury",",000",Freehold,04,1
realestate_html/realestate-0860.html,"6 Bennevis Turn, Kinross, WA 6028","6 Bennevis Turn, Kinross, WA 60","$ 3,362",Bathed in natural light and framed by an architecturally designed north facing facade with 4m pitched ceilings and stunn,5,2
realestate_html/propertyguru-1861.html,The Ritz-Carlton Residences,"Jalan Sultan Ismail, KLCC, KL City Centre, Kuala Lumpur","5,600,000","2,",4,142
realestate_html/rightmove-0120.html,bedroom end of terrace house for sale in,"Cadogan Square and Clabon Mews, London, SW1X",",000",Freehold,04,5
realestate_html/rightmove-0942.html,", LS24","Chantry Lane, Hazlewood, North Yorkshire",",000",Freehold,5,1800s
realestate_html/realestate-1140.html,"88 Robinson Way, Yarrawonga, Vic 3730","88 Robinson Way, Yarrawonga, Vic 3730","$ 660,000",133 m²,1,
realestate_html/realestate-0810.html,"7/50 Marungul Avenue, Ngunnawal, ACT 2913",3,"$ 735,000","Dual-level floorplan - Located in close proximity to Shops, Parks and transport, only moments away from the Gungahlin Ma",3,13
realestate_html/realestate-1875.html,"14/172 Wakefield Street, Adelaide, SA 5000",/,"Under Contract by Andrew Downing, City Specialist!",m²,2,1
realestate_html/propertyguru-0311.html,Chuan Park,Lorong Chuan,"1,981,900",743,3,2
realestate_html/zillow-1709.html,Auction,", Greenwood, AR 72936",$ 1,"4,",05,6
realestate_html/realestate-0598.html,"DUPLEX UNIT WITH LONG TERM LEASE! ADDRESS AVAILABLE ON REQUEST, LYONS","Address available on request, Lyons, NT 0810","$ 660,000",567 m²,3,2
realestate_html/propertyguru-0786.html,View,132B Canberra View,"430,000",506,3,1
realestate_html/rightmove-0791.html,bedroom detached house for sale in,"Netherwood Road, Manchester, Greater Manchester, M22","£ 695,000",Freehold,4,
realestate_html/propertyguru-1945.html,Skyline Embassy,"Jalan Ampang, Taman U Thant, Ampang, Kuala Lumpur","1,000,000",841,2,2
realestate_html/rightmove-1230.html,bedroom semi-detached house for sale in,"Salisbury Road, Moseley, Birmingham, West Midlands, B13","0,000",Freehold,15,2
realestate_html/realtor-1134.html,"102 Myrtle St W, Magnolia, MS 39652 [Updated 5/12]","Myrtle St W, Magnolia, MS 39652",USD 268000,2949 FTK,4,12
realestate_html/rightmove-0015.html,bedroom terraced house for sale in,"Lowndes Square, London, SW1X","£ 25,000,000",Freehold,10,64
realestate_html/realtor-1052.html,"205 Butler St, McComb, MS 39648 [Updated 5/13]","Butler St, McComb, MS 39648",USD 160000,1428 FTK,3,2
realestate_html/propertyguru-0767.html,Tanglin Residences,St Martin's Drive,"4,888,000","1,711",3,13
realestate_html/rightmove-1420.html,", NG11","Church Lane, Barton-In-Fabis, Nottingham",",000",Freehold,5,04
realestate_html/realtor-1509.html,"14 Tarpon Ave, Key Largo, FL 33037 [Updated 5/14]","14 Tarpon Ave, Key Largo, FL 33037",USD 1100000,1448 FTK,3,2
realestate_html/rightmove-0556.html,", M30","Bindloss Avenue, Eccles, Manchester","£ 3,100,000",Freehold,27,24
realestate_html/realtor-0343.html,"17 Bramble Ln, Melville, NY 11747 [Updated 5/13]","17 Bramble Ln, Melville, NY 11747",USD 1599000,3000 FTK,4,2.5
realestate_html/realtor-1097.html,"138 Molokai Vlg Unit J, Diamondhead, MS 39525 [Updated 5/12]","138 Molokai Vlg Unit J, Diamondhead, MS 395",USD 117900,640 FTK,1,12
realestate_html/zillow-0173.html,Active,67-38,$,",000",2,01
realestate_html/realtor-0265.html,"65 Pacific Dunes Ct, Medford, NY 11763 [Updated 5/14]","65 Pacific Dunes Ct, Medford, NY 11763",USD 749990,2006 FTK,2,3
realestate_html/realestate-1146.html,"LA TROBE STREET, MELBOURNE","La Trobe Street, Melbourne, Vic 3000",Contact Agent,,2,1
realestate_html/zillow-1387.html,For sale,45,"$ 145,000","1,954",3,1925
realestate_html/zillow-1992.html,Lot/land,"Shelleys Rd, Bristol, VA 24202","$ 389,000",121,1,--
realestate_html/realestate-0591.html,"/331 BALMAIN ROAD, LILYFIELD","/331 Balmain Road, Lilyfield, NSW",Auction | Mario Carbone & Jessica Carbone,m²,12,1
realestate_html/zillow-0356.html,Sold,5,$,",",34,142
realestate_html/zillow-0370.html,New construction,"250 S Cherry Hl #228, Grantsville, UT",$ 70,",510",4,3
realestate_html/rightmove-0929.html,bedroom detached house for sale in,"Woodgate Lane, Weeton, Leeds, North Yorkshire, LS17","£ 2,500,000",Freehold,4,23
realestate_html/realtor-1539.html,"9060 SW 53rd St, Cooper City, FL 33328 [Updated 5/14]","9060 SW 53rd St, Cooper City, FL 333",USD 580000,1715 FTK,3,28
realestate_html/zillow-1160.html,For sale,0,"$ 675,000",",",4,23
realestate_html/realtor-0934.html,"1005 Pebble Creek Dr, Oxford, MS 38655 [Updated 5/14]","1005 Pebble Creek Dr, Oxford, MS 38655",USD 335000,1515 FTK,3,2
realestate_html/realestate-1064.html,"1514/222 Margaret Street, Brisbane City, Qld 4000","4/222 Margaret Street, Brisbane City, Qld 4000","$ 2,277",58 m²,1,1
realestate_html/propertyguru-1036.html,Foreigner/3rd Home Buyer 0 Downpayment!! FREEHOLD Hotel Suite Condo!! Higher ROI- Link MRT,"KLCC, KL City Centre, Kuala Lumpur","600,000","1,",2,1200
realestate_html/rightmove-0974.html,bedroom detached house for sale in,"Staupes Road, High Birstwith, Harrogate, North Yorkshire, HG3","£ 2,200,000",Freehold,26,4
realestate_html/realestate-0065.html,"""On The Rocks"" – Coastal Elegance with Endless Ocean Views 69 HOWARD DRIVE, PENNESHAW","69 Howard Drive, Penneshaw, SA","$ 850,000","1,001 m²",3,2
realestate_html/rightmove-1797.html,Check out this Land for sale on Rightmove,"Glynllifon Estate, Clynnog Road, Caernarfon, LL54","£ 975,000",Land for sale,,1824
realestate_html/realtor-0516.html,"703 E 83rd St, Los Angeles, CA 90001 [Updated 5/13]","703 E 83rd St, Los Angeles, CA 90001",USD 550000,972 FTK,2,13
realestate_html/realestate-0470.html,Luxury,"Address available on request, Brisbane City, Qld 4000",Contact agent,m²,2,1
realestate_html/realtor-1652.html,"2919 Sombrero Blvd, Marathon, FL 33050 [Updated 5/14]","9 Sombrero Blvd, Marathon, FL 33050",USD 2999000,2540 FTK,3,3.5
realestate_html/propertyguru-0692.html,Lorong Marican,Lo,"4,200,000","1,",3,03
realestate_html/realestate-0005.html,"Rise and Shine 919/199 WILLIAM STREET, MELBOURNE","9/199 William Street, Melbourne, Vic 3000",Contact Agent,,2,1
realestate_html/realtor-1285.html,"2616 NE 21st Ct Lot 18, Cape Coral, FL 33909 [Updated 5/14]","6 NE 21st Ct Lot 18, Cape Coral, FL 33909",USD 44900,FTK,,
realestate_html/realestate-0074.html,PEACEFUL,"85 Siena Way, Hidden Valley, VIC, 3756","$ 320,000",448 m²,,
realestate_html/propertyguru-0564.html,JEWEL,Cove Drive,"11,000,000","7,987",1500,6
realestate_html/realtor-0078.html,"67 Taconic Creek Rd, Hillsdale, NY 12529 [Updated 5/14]","67 Taconic Creek Rd, Hillsdale, NY 12529",USD 598000,FTK,,29
realestate_html/rightmove-0400.html,", L",8QS,"04,995",Freehold,127,
realestate_html/realtor-1399.html,"475 Benjamin Franklin Dr Ste 211, Sarasota, FL 34236 [Updated 5/14]","475 Benjamin Franklin Dr Ste 211, Sarasota, FL 34",USD 500000,593 FTK,1,23
realestate_html/rightmove-0653.html,bedroom block of apartments for sale in,"Bishops Corner, Stretford Road, Manchester, Greater Manchester, M15","£ 900,000",Leasehold,10,
realestate_html/realestate-1247.html,"18/35 Mount Street, West Perth, WA 6005","18/35 Mount Street, West Perth, WA 6005","$ 1,776",with quality electric Smeg appliances,2,2
realestate_html/rightmove-0946.html,Land for sale in,"Brooklands Avenue, Fulwood, S10","£ 2,400,000","1,527 sq",,
realestate_html/realtor-0769.html,"607 N Manhattan Pl, Los Angeles, CA 90004 [Updated 5/12]","607 N Manhattan Pl, Los Angeles, CA 90004",USD 1249900,1416 FTK,3,12
realestate_html/zillow-1616.html,"7386 Card Rd, Smiths Creek, MI 48074 | MLS #20251001452 | Zillow",7,"$ 700,000","2,",3,14
realestate_html/realtor-2093.html,"927 E Rockwood Trl, Fayetteville, AR 72701 [Updated 5/14]","7 E Rockwood Trl, Fayetteville, AR 72701",USD 469000,1746 FTK,3,72
realestate_html/rightmove-0856.html,", HG3","Ripley, Harrogate",",000",Freehold,5,14
realestate_html/realtor-2097.html,"1700 Sanders Rd, Charlotte, AR 72522 [Updated 5/13]","1700 Sanders Rd, Charlotte, AR 72522",USD 360000,3784 FTK,4,3.5
realestate_html/rightmove-1522.html,", NG2","Abbey Road, West Bridgford, Nottingham, NG2 5NE","£ 789,995",Freehold,4,163
realestate_html/rightmove-2079.html,", SO16","Bassett, Southampton","£ 600,000",Freehold,3,12
realestate_html/rightmove-0286.html,Studio flat for sale in,"Plato House, 11 Greek Street, Liverpool, L3","£ 2,450,000",Leasehold,,
realestate_html/rightmove-2049.html,bedroom detached house for sale in,"Anglers Way, Lower Swanwick, Hampshire, SO","£ 675,000",Freehold,14,03
realestate_html/zillow-0382.html,For sale,"East Highland AVENUE #644, Milwaukee, WI 53",$,980,2,2
realestate_html/zillow-0290.html,"158 Cascade Cir, Florissant, CO 80816 | MLS #11503775 | Zillow","Cascade Cir, Florissant, CO 808","$ 279,999",600,1,1
realestate_html/propertyguru-0303.html,⭐️⭐️LANDED7772@ BRAND NEW DEVELOPER SALE,TAVISTOCK/ SERANGOON GARDENS,"7,380,000","3,123",3,26
realestate_html/rightmove-0876.html,", HG3","Greystones, Kettlesing, Harrogate, HG3 2LR",",000",Freehold,5,14
realestate_html/realestate-1442.html,"test ADDRESS AVAILABLE ON REQUEST, WYCLIFFE WELL","Address available on request, Wycliffe Well, NT 0862","$ 5,000,000",,,1
realestate_html/zillow-2002.html,For sale,59,$,"1,",14,102
realestate_html/propertyguru-1173.html,Foreigner Can Buy [KLCC] 0 DOWNPAYMENT FREEHOLD FULLY FURNISHED FREE RENO WITH MRT LAST 5 UNIT!!,"KLCC, KL City Centre, Kuala Lumpur","600,000","1,800",14,3
realestate_html/zillow-0407.html,Pending,5,$,"1,59",163,102
realestate_html/propertyguru-1460.html,0K Sungai Besi Fully Furnished Near LRT,"Sungai Besi, Kuala Lumpur",",000",900,3,12
realestate_html/propertyguru-0544.html,522 Jelapang Road,Jelapang Road,"570,000","1,098",3,102
realestate_html/zillow-1326.html,For sale,41,$,"2,486",05,3
realestate_html/realtor-1348.html,"9136 42nd Ln N, Pinellas Park, FL 33782 [Updated 5/14]","9136 42nd Ln N, Pinellas Park, FL 33782",USD 400000,1794 FTK,2,2
realestate_html/rightmove-0694.html,", M14","Aubrey Road, Fallowfield, Manchester, M14 6SE","£ 800,000",Freehold,10,3
realestate_html/realtor-0761.html,"417 N Norton Ave, Los Angeles, CA 90004 [Updated 5/12]","417 N Norton Ave, Los Angeles, CA 90004",USD 1950000,2950 FTK,4,12
realestate_html/realestate-1370.html,"17 Mault Place, Monash, ACT 2904","17 Mault Place, Monash, ACT","$ 532,000",159.35 m²,4,02
realestate_html/rightmove-0285.html,bedroom detached house for sale in,"New Mill Stile, Woolton, Liverpool, L25","£ 2,500,000",Freehold,7,07
realestate_html/realestate-0191.html,"197 Langtree Crescent, Crace, ACT 2911",1,"$ 1,050,000",368 m²,3,141
realestate_html/propertyguru-1162.html,The Fennel,"No. 2 2, Jalan Amra, Sentul, Kuala Lumpur","769,999","1,186",3,03
realestate_html/zillow-0371.html,For sale,"250 S Rockingham Ave, Los Angeles, CA 90049","$ 41,950,000","13,500",7,12
realestate_html/rightmove-1022.html,bedroom house for sale in,"Queen Parade, Harrogate, North Yorkshire, HG1",",000",Freehold,15,4
realestate_html/realtor-1740.html,"6610 W 392 Hwy, Harrison, AR 72601 [Updated 5/14]","6610 W 392 Hwy, Harrison, AR 72601",USD 180000,1316 FTK,3,72
realestate_html/propertyguru-1203.html,The Address,"Persiaran Bukit Jambul, Bukit Jambul, 11900 Penang, Bukit Jambul, Penang","1,150,000","1,679",4,4
realestate_html/zillow-1352.html,For sale,"17 South Pine AVENUE, Milwaukee, WI 53",$,"1,70",14,102
realestate_html/zillow-1910.html,"14927 S Caenen Ln, Olathe, KS 66062 | MLS #2548166 | Zillow","27 S Caenen Ln, Olathe, KS 66062",$ 77,"3,912",4,149
realestate_html/realtor-1016.html,"6343 W Oak Cir, Olive Branch, MS 38654 [Updated 5/13]","6343 W Oak Cir, Olive Branch, MS 38654",USD 229900,1324 FTK,3,2
realestate_html/zillow-0333.html,Active,"208 Hedgeford Dr, Gray, LA 70",$,",",2500,3
realestate_html/propertyguru-1799.html,East Bay (Seri Bayan),"Jalan Kota Jalan Bayan 11, Masai, Johor",",000","1,097",3,2
realestate_html/realestate-1839.html,"147 Avon Terrace, York, WA 6302","147 Avon Terrace, York, WA 6302","$ 1,200,000","1,420 m²",6,147
realestate_html/rightmove-1957.html,bedroom detached house for sale in,"Bassett Green Road, Southampton, SO16","£ 1,000,000",Freehold,24,3
realestate_html/rightmove-1585.html,", NG",5BW,"£ 700,000",Freehold,3,2
realestate_html/propertyguru-0715.html,Fulcrum,Fort Road,"280,000","1,",3,13
realestate_html/rightmove-2014.html,", SO17","Highfield, Southampton",",000",Freehold,04,2
realestate_html/rightmove-0432.html,bedroom apartment for sale in,"The Collonades, Liverpool, L","£ 750,000",Leasehold,3,3
realestate_html/propertyguru-0879.html,530A Pasir Ris Drive 1,A Pasir Ris Drive 1,"870,000",6,3,2
realestate_html/realtor-0176.html,"522 W End Ave Apt 2B, Manhattan, NY 10024 [Updated 5/14]","2 W End Ave Apt 2B, Manhattan, NY 100",USD 1595000,FTK,2,24
realestate_html/realtor-0610.html,"10824 Foothill Blvd, Sylmar, CA 91342 [Updated 5/13]","10824 Foothill Blvd, Sylmar, CA 91342",USD 599999,1264 FTK,3,2
realestate_html/zillow-1694.html,For sale,"8710 Silver Spur Rd, Park City, UT 84098",$ 1,",400",3,23
realestate_html/zillow-1968.html,For sale,"Dr, Phoenix, AZ 85027","$ 350,000","2,",340,1
realestate_html/zillow-0072.html,For sale,"12 Quiet Meadow Ln, Mapleton, UT","$ 2,250,000","9,",6,208
realestate_html/rightmove-1085.html,", LS6",Leeds HMO Portfolio,"£ 1,700,000",Freehold,25,08
realestate_html/realtor-1631.html,"23206 Fitzpatrick Ave, Port Charlotte, FL 33980 [Updated 5/14]","06 Fitzpatrick Ave, Port Charlotte, FL 33980",USD 349999,1614 FTK,3,2
realestate_html/realestate-0817.html,"30 Victoria Street, Kelvin Grove, Qld 4059","Victoria Street, Kelvin Grove, Qld 4059",Auction,m²,203,1
realestate_html/rightmove-1166.html,", B17","Knightlow Road, Harborne","£ 1,100,000",Freehold,4,2
realestate_html/realtor-0705.html,"510 S Hewitt St Unit 106, Los Angeles, CA 90013 [Updated 5/13]","510 S Hewitt St Unit 106, Los Angeles, CA 90013",USD 1250000,2040 FTK,2,13
realestate_html/rightmove-1424.html,bedroom semi-detached house for sale in,"Regeneration Way, Beeston, NG9","40,000",Freehold,3,2
realestate_html/realestate-1660.html,/,11/,"$ 610,000","Crafted for comfort and convenience, the open-plan living and dining area offers a seamless connection to the private ba",2,2018
realestate_html/rightmove-0799.html,",","Fairy Lane, Sale","£ 675,000",Freehold,03,125
realestate_html/propertyguru-0936.html,611 Clementi West Street 1,611 Clementi West Street 1,"440,000",797,3,2
realestate_html/rightmove-1275.html,bedroom semi-detached house for sale in,"Park Hill Road, Harborne, B17","£ 775,000",Freehold,14,2
realestate_html/realestate-1194.html,"Address available on request, Adelaide","Ideally positioned in a bustling location, offering easy access to Adelaide's central business district, popular amenities, and transport links. *Size: Ample space to bring your vision to life, whether you're considering residential develop",Contact Agent,"Ample space to bring your vision to life, whether you're considering residential development, commercial ventures, or a",,1
realestate_html/zillow-1950.html,For sale,4,"$ 999,990","2,",3,135
realestate_html/rightmove-1444.html,bedroom detached house for sale in,"Endsleigh Gardens, Edwalton, Nottingham, Nottinghamshire, NG12",",000",Freehold,15,4
realestate_html/zillow-0618.html,Active,709,$,"1,615",4,3
realestate_html/propertyguru-0271.html,635A Punggol Drive,5A Punggol Drive,"650,000",979,3,2
realestate_html/zillow-1096.html,Active,"2631 Prytania St, New Orleans, LA 70130","$ 2,999,000","7,937",11,10
realestate_html/propertyguru-1788.html,d'Brightton,"Jalan Tiara Titiwangsa, Titiwangsa, Kuala Lumpur","586,000","1,044",131,12
realestate_html/realtor-1870.html,"119 Barker St, Hot Springs, AR 71901 [Updated 5/14]","119 Barker St, Hot Springs, AR 71901",USD 175000,1370 FTK,2,2
realestate_html/realestate-0754.html,"SALONIKA STREET, PARAP",347/,UNDER CONTRACT,167 m²,2,12
realestate_html/zillow-1420.html,For sale,"4815 W 4895 S, Salt Lake City, UT 84118",$,"1,176",3,2
realestate_html/realestate-0721.html,"Real Estate, Property & Homes For Sale - realestate.com.au",,,,,
realestate_html/realestate-1664.html,Charming High-Set Home in Prime Location,"Dakota Street, Katherine, NT 0850",",000",7 m²,3,1
realestate_html/rightmove-1984.html,", SO16","Bassett, Southampton",",000",Freehold,05,03
realestate_html/realtor-1908.html,"Shady Grove Rd, Shirley, AR 72153 [Updated 5/13]","Shady Grove Rd, Shirley, AR 72153",USD 160000,FTK,,
realestate_html/realtor-0851.html,"4080 Via Marisol Apt 129, Los Angeles, CA 90042 [Updated 5/10]","4080 Via Marisol Apt 129, Los Angeles, CA 90042",USD 649500,1100 FTK,2,2
realestate_html/rightmove-1290.html,", B",1QP,"£ 750,000",Ask agent,6,4
realestate_html/realestate-1761.html,"32 Sansom Road, Semaphore Park, SA 5019","32 Sansom Road, Se","$ 825,000",361 m²,32,1
realestate_html/rightmove-0131.html,bedroom villa for sale in,"Gloucester Lodge, London, NW1","950,000",Leasehold,7,6
realestate_html/propertyguru-1968.html,6 sqft] Fully Furnished with Resort Facilities,"Bukit Jalil Golf, Bukit Jalil, Kuala Lumpur","8,000","2,",115,231
realestate_html/propertyguru-0056.html,-Bedrooms,8 Rodyk,"600,000","1,",3,12
realestate_html/realtor-0647.html,"4455 Los Feliz Blvd Apt 907, Los Angeles, CA 90027 [Updated 5/12]","4455 Los Feliz Blvd Apt 907, Los Angeles, CA 90027",USD 975000,992 FTK,1,1
realestate_html/realestate-1720.html,7,"Address available on request, Larrakeyah, NT 08",$,178 m²,2,2
realestate_html/realtor-1743.html,"260 Kristen Ln, Centerton, AR 72719 [Updated 5/14]","260 Kristen Ln, Centerton, AR 72719",USD 420759,2150 FTK,4,72
realestate_html/rightmove-1656.html,", LL","Groesffordd Marli, Abergele, Denbighshire","£ 2,650,000",Freehold,04,2
realestate_html/realestate-1751.html,"89 Orange Grove, Bayswater, Vic 3153","89 Orange Grove, Bayswater, Vic 3153","$ 950,000",605 m²,14,2
realestate_html/realtor-1183.html,"664 Ackerman St, Louisville, MS 39339 [Updated 5/11]","664 Ackerman St, Louisville, MS 39339",USD 229000,1395 FTK,3,2
realestate_html/zillow-0193.html,For sale,769,"$ 599,900",.87,14,1972
realestate_html/realtor-1600.html,"2106 Elio Ridge Dr, Zellwood, FL 32798 [Updated 5/14]","6 Elio Ridge Dr, Zellwood, FL",USD 365000,1828 FTK,4,327
realestate_html/propertyguru-0354.html,lorong marzuki,Lorong Marzuki,",","1,769",15,4
realestate_html/zillow-0919.html,For sale,"1771 Balmoral Dr, Detroit, MI 48203","$ 7,000,000",000,15,15
realestate_html/propertyguru-1002.html,The Orie,12 Lorong 1 Toa Payoh,",000","1,",15,04
realestate_html/realtor-0431.html,"86-10 151st Ave Unit 3F, Howard Beach, NY 11414 [Updated 5/14]","86-10 151st Ave Unit 3F, Howard Beach, NY 11414",USD 350000,1400 FTK,2,2
realestate_html/propertyguru-1982.html,CORNER LOT HUGE LAND Single Storey Taman Seri Belengu Temerloh,", Taman Seri Serindit, Temerloh, Pahang",",000","1,400",1400,2
realestate_html/realtor-0584.html,"624 Swarthmore Ave, Pacific Palisades, CA 90272 [Updated 5/13]","624 Swarthmore Ave, Pacific Palisades, CA 90272",USD 1700000,FTK,,
realestate_html/rightmove-1692.html,Terraced house for sale in,"Vaughan Street, Llandudno, Conwy, LL30","£ 1,500,000",Leasehold,,
realestate_html/realtor-2053.html,"32 Pyrenees Cir, Hot Springs Village, AR 71909 [Updated 5/14]","32 Pyrenees Cir, Hot Springs Village, AR 71909",USD 8000,FTK,,
realestate_html/rightmove-0197.html,Parking for sale in,"Lowndes Square, London, SW1X",",000",Leasehold,5,5
realestate_html/realtor-0272.html,"248 44th St, Lindenhurst, NY 11757 [Updated 5/14]","44th St, Lindenhurst, NY 11757",USD 1100000,FTK,8,5
realestate_html/rightmove-0357.html,", L37","Old Town Lane, Formby, Liverpool","£ 1,000,000",Freehold,6,6
realestate_html/rightmove-1842.html,bedroom detached house for sale in,"Llanberis, Caernarfon, Gwynedd, LL55","95,000",Freehold,22,8
realestate_html/realtor-0131.html,"38-20 Parsons Blvd Unit 602, Flushing, NY 11354 [Updated 5/14]","38-20 Parsons Blvd Unit 602, Flushing, NY 11354",USD 674700,519 FTK,1,1
realestate_html/realestate-1862.html,"26 Starling Place, Evatt, ACT 2617",7,"$ 3,198",155.5 m²,3,198
realestate_html/zillow-0777.html,"1208 N Miles St, Elizabethtown, KY 42701 | MLS #HK25000568 | Zillow","1208 N Miles St, Elizabethtown, KY","$ 299,900","2,610",1974,3
realestate_html/rightmove-1163.html,", B1","Enamel Works, Vittoria Street, Jewellery Quarter, Birmingham","£ 1,200,000",Ask agent,6,
realestate_html/realtor-0933.html,"1514 Hickory Ln, Columbus, MS 39705 [Updated 5/14]","1514 Hickory Ln, Columbus, MS 39705",USD 795000,3722 FTK,4,202
realestate_html/propertyguru-1249.html,Taman Pulai Flora,"Jalan Flora 1/4, Skudai, Johor","495,000","1,540",13,125
realestate_html/realtor-1053.html,"169 Bald Eagle Dr Lot 169, Brandon, MS 39047 [Updated 5/13]","169 Bald Eagle Dr Lot 169, Brandon, MS 39047",USD 100000,FTK,,202
realestate_html/realestate-0765.html,Escape to Comfort,"Milverton Avenue, Karrinyup, WA 60",FROM $799K,,2,1
realestate_html/propertyguru-0774.html,THE ORCHARD RESIDENCES,238 Orchard Boulevard,"8,500,000","2,",3,14
realestate_html/realtor-1065.html,"916 Camp Four Jacks Rd, Biloxi, MS 39532 [Updated 5/12]","916 Camp Four Jacks Rd, Biloxi, MS 395",USD 155000,1830 FTK,395,12
realestate_html/propertyguru-0465.html,Hill House,"10A-11 Institution Hill, 10B",",",75,3,2
realestate_html/realestate-0350.html,"253/1 Anthony Rolfe Avenue, Gungahlin, ACT 2912","/1 Anthony Rolfe Avenue, Gungahlin, ACT","$ 335,000",65 m²,1,1
realestate_html/realtor-0583.html,"2377 Mount Olympus Dr, Los Angeles, CA 90046 [Updated 5/13]","7 Mount Olympus Dr, Los Angeles, CA 90046",USD 2750000,3225 FTK,4,4
realestate_html/zillow-1417.html,Active,"60 Lakecrest Dr, Shawnee, KS 66218",$,"2,010",14,236
realestate_html/realestate-1501.html,"65 Menaja Road, Howard Springs, NT 0835","65 Menaja Road, Howard Springs, NT 0835",,2.02ha Bedrooms & bathrooms Built-in wardrobes Ensuites: 1 Parking Carport spaces: 6 Heating & cooling Air conditioning,5,
realestate_html/realestate-0127.html,-Bedroom Torrens Title Maisonette – Perfect First Home or Investment!,8,"$ 450,000",m²,2,1
realestate_html/realtor-0894.html,"480/482 Kirk Cauldy Dr, Starkville, MS 39759 [Updated 5/14]","480/482 Kirk Cauldy Dr, Starkville, MS 39759",USD 325300,2050 FTK,2,2
realestate_html/zillow-0487.html,For sale,0,$,"1,",3,2
realestate_html/zillow-0019.html,Active,4N54,$,"1,715",2,02
realestate_html/propertyguru-1738.html,Banyan Close,"Jalan Mahkota 1, Kajang, Selangor","2,200,000","9,081",45,6
realestate_html/propertyguru-1678.html,M LEGASI,"Setia Ecohill, Semenyih, Selangor","8,000","1,555",24,1733
realestate_html/realestate-0198.html,"COURTYARD |TWO BEDS PLUS STUDY 3109/39 RHODES STREET, HILLSDALE","3109/39 Rhodes Street, Hillsdale, NSW","$ 900,000",,2,12
realestate_html/realestate-1323.html,"7 Southcott Walk, Adelaide, SA 5000","7 Southcott Walk, Adelaide, SA 5000",$ 1,186 m²,2,2
realestate_html/rightmove-1532.html,", NG",BN,"£ 770,000",Freehold,5,14
realestate_html/realestate-1342.html,"269 Cobbitty Road, Cobbitty, NSW 2570",0,"$ 6,393",3.34ha nbn® availability nbn FTTN Looks like nbn Fibre to the Node is available. Check with your internet provider. Fast,3,2
realestate_html/realtor-1691.html,"13634 Tropical Breeze Way, Hudson, FL 34669 [Updated 5/14]","Tropical Breeze Way, Hudson, FL 34669",USD 369739,1848 FTK,4,136
realestate_html/realtor-0794.html,"11159 W Laughlin Ln, North Hollywood, CA 91606 [Updated 5/13]","11159 W Laughlin Ln, North Hollywood, CA 91606",USD 869000,1781 FTK,4,3
realestate_html/rightmove-1544.html,bedroom detached house for sale in,"St. Helens Road, West Bridgford, Nottingham, Nottinghamshire, NG","£ 750,000",Freehold,4,02
realestate_html/rightmove-1023.html,", TS12",A,"£ 1,900,000",Freehold,05,3
realestate_html/zillow-1085.html,For sale,"1 Friendship St, Iowa City, IA",$,"1,560",14,172
realestate_html/realestate-0890.html,4/,4,Expressions of Interest,m²,2,1
realestate_html/zillow-0252.html,For sale,"118 Berry Hill Rd, Elizabethton, TN",$,"1,080",3,2
realestate_html/zillow-0708.html,"1004 Clouet St, New Orleans, LA 70117 | MLS #2499602 | Zillow","1004 Clouet St, New Orleans, LA 70117","$ 499,000","1,",3,139
realestate_html/realestate-0402.html,"A Must See ! 8 KIERAN STREET, BELLAMACK","8 Kieran Street, Bellamack, NT 08",$ 88,837 m²,5,12
realestate_html/realtor-2081.html,"Broadview Cir Lot 25, Salesville, AR 72653 [Updated 5/13]","Broadview Cir Lot 25, Salesville, AR 72653",USD 65000,600 FTK,1,1
realestate_html/propertyguru-0281.html,522 Bedok North Avenue 1,Bedok North Avenue 1,"438,888",1,3,2
realestate_html/realtor-0091.html,"38 Delancey St Apt 10D, Manhattan, NY 10002 [Updated 5/14]","38 Delancey St Apt 10D, Manhattan, NY 10002",USD 1875000,1067 FTK,2,1000
realestate_html/propertyguru-1245.html,Pavilion Residences,"77 Jalan Bukit Bintang, Bukit Bintang, KL City Centre, Kuala Lumpur",",","1,",2,2
realestate_html/rightmove-1524.html,", NG12",4JF,"55,000",Leasehold,3,1
realestate_html/propertyguru-1254.html,TriTower Residence @ Johor Bahru Sentral,"Jalan Tengku Azizah, Johor Bahru, Johor","1,500,000","1,",13,126
realestate_html/realestate-1205.html,"248 OCEAN DRIVE, Quinns Rocks, WA 6030","OCEAN DRIVE, Quinns Rocks, WA 6030","$ 1,990,000",718 m²,248,
realestate_html/realestate-0959.html,"3C/188 Bewes Street, Adelaide, SA 5000","3C/188 Bewes Street, Adelaide, SA 5000","$ 480,000",,2,13
realestate_html/propertyguru-0325.html,665A Punggol Drive,665A Punggol Drive,"695,000",9,3,2
realestate_html/realtor-1393.html,"6766 N County Road 53, Mayo, FL 32066 [Updated 5/13]",66,USD 120000,FTK,,202
realestate_html/propertyguru-0920.html,310B Punggol Walk,B Punggol Walk,",800",990,3,2
realestate_html/propertyguru-0055.html,The Tre Ver,64 Potong Pasir Avenue 1,"1,460,000",700,3,2
realestate_html/realtor-1680.html,"7540 E Irlo Bronson Memorial Hwy, Saint Cloud, FL 34771 [Updated 5/14]","7540 E Irlo Bronson Memorial Hwy, Saint Cloud, FL 34771",USD 650000,778 FTK,3,2.5
realestate_html/propertyguru-1159.html,Sri Putramas III / Royal Regent,"1 Jalan Putramas, Jalan Kuching, Kuala Lumpur",",000","2,200",25,14
realestate_html/zillow-1782.html,"10508 Buffapple Dr, Henrico, VA 23233 | MLS #2512214 | Zillow","10508 Buffapple Dr, Henrico, VA 232","$ 550,950","2,075",3,3
realestate_html/propertyguru-1815.html,Elmina,"City Of Elmina, Seksyen U16, Shah Alam, Selangor","750,000","2,016",24,3
realestate_html/realestate-1293.html,EXPANSIVE HERITAGE RESIDENCE WITH PRIVATE TERRACE RESIDENCE 3/,"Patrick Street, Hobart, Tas 7000",$ 1,193 m²,34,12
realestate_html/propertyguru-1370.html,Damansara City Residency (DC Residensi),"Jalan Damanlela, Damansara Heights, Kuala Lumpur","1,400,000","1,184",2,182
realestate_html/propertyguru-1280.html,Damansara Seresta,"Persiaran Meranti, Bandar Sri Damansara, Selangor",",000","1,",4,13
realestate_html/rightmove-1793.html,bedroom detached house for sale in,"Mersey Street, Borth-Y-Gest, Gwynedd, LL","£ 975,000",Freehold,174,12
realestate_html/rightmove-0007.html,bedroom penthouse for sale in,", 55 Knightsbridge, SW1X","500,000",Leasehold,6,56
realestate_html/realtor-1879.html,"Block 2 Lot 164, Wilshire Rd Fairfield Bay, AR 72088 [Updated 5/14]","Block 2 Lot 164, Wilshire Rd Fairfield Bay, AR 72088",USD 2500,FTK,,
realestate_html/realestate-0069.html,"119A Winona Road, Mount Eliza, Vic 3930","119A Winona Road, Mount Eliza, Vic",$,",",04,2
realestate_html/realtor-0892.html,"1078 Timberline, Summit, MS 39666 [Updated 5/14]","1078 Timberline, Summit, MS 39666",USD 580000,4345 FTK,5,202
realestate_html/realtor-0985.html,"15214 Royal St, Gulfport, MS 39503 [Updated 5/13]","14 Royal St, Gulfport, MS 39503",USD 299500,2500 FTK,3,2
realestate_html/rightmove-0365.html,", L31",DE,",000",Freehold,05,4
realestate_html/realestate-1904.html,"Low-Maintenance Living near Burnside Village. 56 SYDNEY STREET, GLENSIDE","56 Sydney Street, Glenside, SA 5065",Auction:,45,3,2
realestate_html/realestate-0673.html,"46 Hazel Hawke Avenue, Whitlam, ACT 2611",1,"$ 2,500",321.21 m²,04,12
realestate_html/rightmove-1514.html,bedroom detached house for sale in,"Springfield Pastures, Alexandra Park, Nottingham, NG3","£ 795,000",Freehold,4,14
realestate_html/realtor-1130.html,"2604 Fernwood St, Pascagoula, MS 39567 [Updated 5/12]","4 Fernwood St, Pascagoula, MS 39567",USD 189500,1317 FTK,3,12
realestate_html/realtor-1816.html,"13985 SR 124, Russellville, AR 72802 [Updated 5/13]",", Russellville, AR 72802",USD 775000,2238 FTK,3,2
realestate_html/propertyguru-0052.html,Jalan Kayu,JALAN KAYU,",000","2,392",3,15
realestate_html/realestate-1895.html,"Lush, Leafy and Full of Possibility 6 COLEMAN WAY, KARRINYUP","6 Coleman Way, Karrinyup, WA 60",All Offers Presented!,873,2,1
realestate_html/realtor-1820.html,"Toquo Trce, Cherokee Village, AR 72529 [Updated 5/14]","Toquo Trce, Cherokee Village, AR 72529",USD 990,FTK,,
realestate_html/realtor-0846.html,"8960 Crescent Dr, Los Angeles, CA 90046 [Updated 5/10]","8960 Crescent Dr, Los Angeles, CA 90046",USD 1849500,2318 FTK,4,3.5
realestate_html/propertyguru-1635.html,R&F Princess Cove Phase 2-Seine Region,", R & F Tanjung Puteri, Johor Bahru, Johor","658,000",544,1,1
realestate_html/zillow-0134.html,Active,80,"$ 485,000",--,3,1920
realestate_html/propertyguru-1028.html,The Conlay,"Jalan Conlay, KLCC, KL City Centre, Kuala Lumpur","3,000,000","1,335",2,12
realestate_html/rightmove-2023.html,bedroom detached house for sale in,"Lordswood Road, Bassett Avenue, Southampton, SO","£ 700,000",Freehold,04,1
realestate_html/zillow-1156.html,New,"2942 E Eastgate Dr, Boise, ID","$ 800,000","2,",3,3
realestate_html/rightmove-0336.html,bedroom detached house for sale in,"Chestnut Avenue, Moor Park, L23","£ 1,250,000",Freehold,6,4
realestate_html/rightmove-1016.html,bedroom detached house for sale in,"Moor Park, Beckwithshaw, HG3","£ 1,950,000",Freehold,4,4
realestate_html/realestate-0655.html,"1/73 Rose Terrace, Wayville, SA 5034","/73 Rose Terrace, Wayville, SA 5034","$ 775,000",,3,1
realestate_html/propertyguru-1106.html,Taman Peruda Fasa 2,"Taman Peruda Fasa 2, Sungai Petani, Kedah","899,000","2,969",25,14
realestate_html/propertyguru-0657.html,713 Woodlands Drive 70,71,"590,000","1,098",13,112
realestate_html/realestate-1716.html,"14 Planigale Street, Marsden Park, NSW 2765","14 Planigale Street, Marsden Park","$ 7,154",,5,3
realestate_html/propertyguru-1324.html,Bandar Tun Hussein Onn,"1.5 Sty Terrace in Bandar Tun Hussein Onn, Bandar Tun Hussein Onn, Cheras, Selangor","660,000","1,500",13,2
realestate_html/realtor-1851.html,"Coulter Ln, Nashville, AR 71852 [Updated 5/14]","Coulter Ln, Nashville, AR 71852",USD 189000,FTK,,
realestate_html/zillow-1494.html,Re-activated,57,$,"1,98",03,02
realestate_html/propertyguru-0379.html,Kovan road,Kovan Road,"5,800,000","2,736",3,14
realestate_html/propertyguru-1721.html,ft,"Mont Kiara, Kuala Lumpur","480,000",510 sqft,2,1
realestate_html/zillow-1364.html,For sale,7,$,"1,468",1973,12
realestate_html/rightmove-0850.html,", S8","Norton Lees Crescent, Norton Lees, S8 8SQ","20,000",Freehold,3,1
realestate_html/rightmove-1916.html,", LL54","Trefor, Caernarfon, Gwynedd","£ 800,000",Freehold,133,128
realestate_html/realestate-1242.html,"11/12 Mackillop Street, Parap, NT 0820",/,Under Contract in,80 m²,1,1
realestate_html/zillow-0383.html,Contingent,21,$ 86,"2,756",3,4
realestate_html/propertyguru-1065.html,Norton Garden,"Persiaran Mokhtar Dahari, Eco Grandeur, Puncak Alam, Kuala Selangor, Selangor",",000","4,000",6,15
realestate_html/propertyguru-0689.html,Bungalow Lot with Plans,Jalan Kelawar,",","4,",3,0
realestate_html/zillow-0265.html,For sale,"125 E Countryside Cir, Park City, UT 84098",$ 1,"2,684",3,236
realestate_html/rightmove-0883.html,", YO","Hall Square, Boroughbridge, North Yorkshire","£ 3,000,000",Freehold,6,5
realestate_html/rightmove-0148.html,", SW7","Lancelot Place, Knightsbridge, London, SW7, United Kingdom",",000",Freehold,5,5
realestate_html/zillow-0109.html,Active,4,"$ 405,000",--,07,23
realestate_html/zillow-0553.html,For sale,"600 Hope Ave, Oakland, MD 21550","$ 249,900","2,480",3,233
realestate_html/realtor-0552.html,"15419 Via De Las Olas, Pacific Palisades, CA 90272 [Updated 5/14]","15419 Via De Las Olas, Pacific Palisades, CA 90272",USD 5500000,FTK,6,8
realestate_html/propertyguru-0353.html,87 Telok Blangah Heights,87 Telok Blangah Heights,"818,000",969,3,12
realestate_html/propertyguru-0184.html,Katong Regency,15 Tanjong Katong Road,"100,000",936,3,2
realestate_html/propertyguru-1164.html,LEISURE FARM,"Jalan Tanjung Kupang, Iskandar Puteri (Nusajaya), Johor","10,888,888",",000",5,46
realestate_html/rightmove-1464.html,", NG7",Silverdale Mews,"£ 900,000",Freehold,14,6
realestate_html/realestate-1118.html,"145 Gover Street, North Adelaide, SA 5006",Gover,"$ 2,720",250 m²,145,149
realestate_html/realestate-0938.html,"3 Dorchap Court, Hoppers Crossing, Vic 3029","3 Dorchap Court, Hoppers Crossing, Vic 3029",$ 580,568 m²,4,
realestate_html/rightmove-0879.html,bedroom country house for sale in,"Common Lane, Sheffield, S11","£ 3,000,000",Freehold,4,4
realestate_html/rightmove-0934.html,bedroom detached house for sale in,"Northgate Mount, Honley, Holmfirth, HD9","£ 2,500,000",Freehold,8,4
realestate_html/realtor-1458.html,"15460 SW 85th Ave, Dunnellon, FL 34432 [Updated 5/14]","60 SW 85th Ave, Dunnellon, FL",USD 175000,1555 FTK,344,32
realestate_html/rightmove-1925.html,", SO31","The Bridge House, Bursledon, Hampshire",",000",Freehold,5,6
realestate_html/realestate-1748.html,"703/222 Margaret Street, Brisbane City, Qld 4000",703/222 Margaret Street,"$ 3,683","The open-plan living area leads seamlessly to panoramic floor-to-ceiling windows, providing breathtaking views of the ci",2,24
realestate_html/realestate-0995.html,"33/208 Adelaide St, Brisbane City, Qld 4000",/,$ 1,m²,136,12
realestate_html/rightmove-1334.html,", B",5RD,"£ 695,000",Freehold,4,2
realestate_html/rightmove-2098.html,bedroom detached house for sale in,"Saxholm Dale, Bassett, Southampton, Hampshire, SO","99,950",Freehold,4,01
realestate_html/rightmove-1702.html,", LL","Cefn Mine, Rhydyclafdy - 86 ac","£ 1,450,000",Freehold,10,3
realestate_html/zillow-1065.html,"2492 Riverfront Ln, Fayetteville, AR 72703 | MLS #1307679 | Zillow","2492 Riverfront Ln, Fayetteville, AR 72703","$ 879,900","4,111",5,05
realestate_html/propertyguru-0258.html,673A Fern Grove @ Yishun,673A Yishun Avenue 4,"538,000",73,3,2
realestate_html/realtor-1790.html,"Tbd River Overlook Loop, Van Buren, AR 72956 [Updated 5/13]","Tbd River Overlook Loop, Van Buren, AR 72956",USD 40000,FTK,4,2
realestate_html/rightmove-1531.html,", NG11","Holly Avenue, Wilford, Nottinghamshire, NG11 7AF","£ 775,000",Freehold,04,2
realestate_html/propertyguru-0331.html,north,upper changi road north,"6,000,000","4,348",15,7
realestate_html/realtor-0393.html,"326 Avenue B, Ronkonkoma, NY 11779 [Updated 5/14]","Avenue B, Ronkonkoma, NY 11779",USD 699000,2912 FTK,5,3
realestate_html/propertyguru-0680.html,Oxley Road,Oxley Road,"26,000,000",4,3,7
realestate_html/realtor-0396.html,"195 Brook St, Oakdale, NY 11769 [Updated 5/13]","195 Brook St, Oakdale, NY 11769",USD 419000,1398 FTK,2,2
realestate_html/realtor-0364.html,"477 Berriman St, Brooklyn, NY 11208 [Updated 5/14]","477 Berriman St, Brooklyn, NY 11208",USD 640000,1920 FTK,3,112
realestate_html/realtor-1784.html,"Hayden Heights Rd, Mountain View, AR 72560 [Updated 5/14]","Hayden Heights Rd, Mountain View, AR 72560",USD 175000,FTK,,
realestate_html/zillow-0556.html,Active,"604 Sterling St, Plainfield City, NJ 0706","$ 415,000",--,3,2
realestate_html/propertyguru-2048.html,Dato onn Dato onn Dato onns,"Taman Dato Onn, Johor Bahru, Johor","720,000","1,700",4,4
realestate_html/realtor-0608.html,"750 S Windsor Blvd Apt 7, Los Angeles, CA 90005 [Updated 5/13]","750 S Windsor Blvd Apt 7, Los Angeles, CA 90005",USD 789999,1254 FTK,2,2
realestate_html/propertyguru-0330.html,The Sail @ Marina Bay,2 Marina Boulevard,"250,000",592,3,1
realestate_html/zillow-0310.html,For sale,2,"$ 99,777",",845",3,1
realestate_html/rightmove-1993.html,", SO31","York Road, Netley Abbey, Southampton, SO31 5DD","£ 800,000",Freehold,4,2
realestate_html/realestate-1972.html,"ID:21086764/32 Macrossan Street, Brisbane City, Qld 4000","86764/32 Macrossan Street, Brisbane City, Qld 4000",$ 2,143 m²,3,
realestate_html/zillow-0155.html,Coming soon,"Mount Olivet Rd, Rising Sun, MD 21911",$,"2,591",14,1993
realestate_html/rightmove-0560.html,", M28","Ivory Lodge, Mill Brow, Worsley, M28 2WL",",000",Freehold,04,5
realestate_html/zillow-0638.html,For sale,"815 Irvin Shoots Rd E, Marion, OH","$ 169,998","1,400",3,12
realestate_html/rightmove-2012.html,bedroom detached house for sale in,"Broadbent Close, Rownhams, Southampton, Hampshire, SO16",",000",Freehold,5,03
realestate_html/realtor-0089.html,"40 Brookby Rd, Scarsdale, NY 10583 [Updated 5/14]","40 Brookby Rd, Scarsdale, NY 10583",USD 1325000,2133 FTK,4,2
realestate_html/rightmove-0501.html,", L18","Druids Cross Gardens, Liverpool","£ 650,000",Freehold,04,2
realestate_html/zillow-1077.html,For sale,0,"$ 189,900","1,546",3,02
realestate_html/zillow-1274.html,For sale,3723 N,$ 77,"3,",350,14
realestate_html/propertyguru-0480.html,⭐️D19⭐️ Brand New Corner Terrace Serangoon Gardens,Lorong Chuan,"980,000","2,820",256,26
realestate_html/realestate-1759.html,"Unit in Vibrant Over 50's Living Complex 399 VILLAGE DRIVE, KINGSTON","399 Village Drive, Kingston, Tas 7050",",000",86 m²,2,1
realestate_html/realtor-0334.html,"85 Jennings Ave, Patchogue, NY 11772 [Updated 5/14]","85 Jennings Ave, Patchogue, NY 11772",USD 425000,FTK,3,1
realestate_html/propertyguru-0171.html,Maple Woods,985 Bukit Timah Road,",",915,3,2
realestate_html/rightmove-1079.html,bedroom detached house for sale in,"Gill Bank Road, Middleton, Ilkley, LS29","5,000",Freehold,6,3
realestate_html/realtor-0006.html,"72 Tidewater Ave, Massapequa, NY 11758 [Updated 5/14]","Tidewater Ave, Massapequa, NY 11758",USD 1175000,2746 FTK,5,2
realestate_html/zillow-0225.html,For sale,"106 E Clark St, Mayetta, KS 66509","$ 155,000","1,608",13,102
realestate_html/rightmove-1268.html,", B15","Richmond Hill Gardens, Edgbaston, Birmingham","£ 790,000",Freehold,4,12
realestate_html/rightmove-0952.html,bedroom detached house for sale in,"Copperfield Park, Middleton Tyas, Richmond, North Yorkshire, DL10",",000",Freehold,5,4
realestate_html/realestate-0080.html,"3/40 Kurrajong Crescent, Nightcliff, NT 0810","3/40 Kurrajong Crescent, Nightcliff, NT 0810","$ 339,000",74 m²,2,2
realestate_html/realtor-1395.html,"348 SW Tall Pine Ct, Lake City, FL 32024 [Updated 5/14]","8 SW Tall Pine Ct, Lake City, FL",USD 360000,1536 FTK,1,24
realestate_html/propertyguru-1241.html,Aspire Residence,"Block 18, Cyberjaya, Cyberjaya, Selangor",",000",900,13,2
realestate_html/propertyguru-0542.html,Windsor Park Estate,Windsor Park Road,"22,000,000","9,46",253,27
realestate_html/realtor-0387.html,"1000 Russell St, Franklin Square, NY 11010 [Updated 5/13]","Russell St, Franklin Square, NY 11010",USD 749000,1266 FTK,4,1
realestate_html/rightmove-0524.html,bedroom property for sale in,"Park Lane, Maghull, L",",000",Freehold,3,
realestate_html/realtor-1638.html,"70 Ryland Dr, Palm Coast, FL 32164 [Updated 5/14]",64,USD 335000,1455 FTK,3,321
realestate_html/rightmove-1658.html,", LL65","South Stack, Anglesey, North Wales","£ 2,250,000",Freehold,04,3
realestate_html/zillow-1045.html,"2335 Bonnycastle Ave, Louisville, KY 40205 | MLS #1685835 | Zillow",233,"$ 1,100,000","4,860",5,233
realestate_html/rightmove-1791.html,", LL39",Cyfanedd Forestry,"£ 980,000",Ask agent,,
realestate_html/propertyguru-1563.html,Puteri Cove Residences,"Tanjung Boulevard Off Lebuh Laksamana, Puteri Harbour, Iskandar Puteri (Nusajaya), Johor",",","1,170",3,3
realestate_html/propertyguru-0518.html,THE ANTARES,Mattar Road,"990,000",452,3,1
realestate_html/zillow-1587.html,For sale,5,$,"1,01",14,2
realestate_html/propertyguru-1566.html,Tijani Ukay,"Jalan Tijani 1/B, Ampang, Selangor","2,500,000","4,489",6,6
realestate_html/realtor-1847.html,"Vestonero /Block 1 Lot 11, Hot Springs Village, AR 71909 [Updated 5/14]","Vestonero /Block 1 Lot 11, Hot Springs Village, AR 71909",USD 4500,FTK,,
realestate_html/zillow-0584.html,Lot/land,"BLACK EAGLE ROAD LOT 661, 662, 663, Idaho Springs, CO 80452","$ 170,000",11.8,2,--
realestate_html/realestate-1001.html,"1B Raggatt Street, East Side, NT 0870","Raggatt Street, East Side, NT 0870","$ 359,000","Bathroom with separate toilet + 2nd bathroom in rumpus - Generous covered patio - great for entertaining, alfresco dinin",2,1
realestate_html/realtor-1092.html,"103 Sweetgrass Cv, Lucedale, MS 39452 [Updated 5/13]","103 Sweetgrass Cv, Lucedale, MS 39452",USD 365000,2600 FTK,4,2
realestate_html/zillow-1794.html,For sale,0,"$ 210,000","2,054",3,3
realestate_html/propertyguru-0233.html,Low PSF! Near end lot - privacy! Near SLE!,Jalan Kayu,",","1,688",103,2
realestate_html/realtor-1827.html,"138 Chaperal Dr, Mountain Home, AR 72653 [Updated 5/14]","138 Chaperal Dr, Mountain Home, AR 72653",USD 241000,1876 FTK,4,2.5
realestate_html/zillow-0079.html,Active,"Venus Dr, Belleville, IL 62226","$ 60,000","2,115",4,1993
realestate_html/zillow-1553.html,For sale,762,$,"2,",1200,13
realestate_html/propertyguru-0930.html,565 Hougang Street 51,565 Hougang Street 51,"600,000","1,119",13,12
realestate_html/rightmove-1134.html,", B90","The Fordrough, Truemans Heath Lane, Solihull",",000",Freehold,16,5
realestate_html/realtor-0124.html,"11829 152nd St, Jamaica, NY 11434 [Updated 5/14]",11829,USD 539000,732 FTK,34,2
realestate_html/propertyguru-0905.html,646 Woodlands Ring Road,6 Woodlands Ring Road,"900,000","1,517",14,12
realestate_html/realestate-1398.html,"2702/120 Mary Street, Brisbane City, Qld 4000","2/120 Mary Street, Brisbane City, Qld 4000","$ 1,950,000",508 m²,4,
realestate_html/realtor-0154.html,"38-20 Parsons Blvd Unit 513, Flushing, NY 11354 [Updated 5/14]","38-20 Parsons Blvd Unit 513, Flushing, NY 11354",USD 1196920,942 FTK,3,2
realestate_html/propertyguru-0104.html,82 Commonwealth Close,Commonwealth Close,"400,000",646,2,1
realestate_html/propertyguru-1575.html,Grand Medini,"Lebuh Medini Jalan Medini Utara 8, Medini, Iskandar Puteri (Nusajaya), Johor","680,000","1,110",3,12
realestate_html/realestate-1968.html,"MACNEIL DRIVE, ALTONA MEADOWS",8,"$ 695,000",,3,2
realestate_html/realestate-1305.html,"4802/318 Queen Street, Melbourne, Vic 3000","/318 Queen Street, Melbourne, Vic 3000","$ 2,800,000",,3,2
realestate_html/realtor-0004.html,"Otter Creek Trl, Greig, NY 13345 [Updated 5/14]","Otter Creek Trl, Greig, NY 13345",USD 55000,FTK,,0
realestate_html/propertyguru-1010.html,79B Toa Payoh Central,79B Toa Payoh Central,"850,000",980,3,2
realestate_html/rightmove-1426.html,bedroom detached house for sale in,"Yew Tree Grange, Nottinghamshire NG11","£ 1,200,000",Freehold,1995,314
realestate_html/realestate-0563.html,A FOREST RETREAT WITH ENDLESS CHAARATER,"View Crescent, Blackwood, Vic 3458","$ 585,000",864 m²,2,1
realestate_html/rightmove-0813.html,bedroom penthouse for sale in,"The Quays, Salford, M50","£ 650,000",Leasehold,2,2
realestate_html/realestate-0393.html,"21A Richardson Court, Woodvale, WA 6026","A Richardson Court, Woodvale, WA 6026","$ 4,765",490 m²,3,1
realestate_html/realestate-0661.html,"ENDLESS POTENTIAL 44 ROSEBERRY AVENUE, SOUTH PERTH","44 Roseberry Avenue, South Perth, WA",UNDER OFFER FIRST WEEK.,521 m²,3,1
realestate_html/realestate-1878.html,"35 Parramatta Drive, Morphett Vale, SA 5162","35 Parramatta Drive, Morphett Vale, SA 5162","Quality schools and early learning centres Local shops, cafes and Shopping Centres Public transport routes and Southern Expressway access Beautiful southern beaches and Onkaparinga",600 m²,3,12
realestate_html/zillow-1569.html,For sale,"6551 S 41st St E, Muskogee, OK 7440","$ 189,900",",",3,2
realestate_html/realestate-0073.html,"8 Gover Place, North Adelaide, SA 5006","8 Gover Place, North Adelaide, SA 5006",$ 196.78,136 m²,3,2
realestate_html/realtor-1901.html,"2084/2145 Meadow Lake Rd, Oil Trough, AR 72564 [Updated 5/14]",4/,USD 138000,FTK,3,2
realestate_html/realtor-0780.html,"2623 Bellevue Ave, Los Angeles, CA 90026 [Updated 5/14]","2623 Bellevue Ave, Los Angeles, CA 90026",USD 1499000,2761 FTK,15,9
realestate_html/realtor-0321.html,"1070 Polk Ave, Franklin Square, NY 11010 [Updated 5/14]","1070 Polk Ave, Franklin Square, NY 11010",USD 699000,1221 FTK,4,2
realestate_html/zillow-1305.html,For sale,"88 Grassy Creek Dr, Lexington, KY 40514",$,"1,086",1983,2
realestate_html/rightmove-0700.html,", M3","Springfield Ln, Salford, Manchester","48,548",Leasehold,2,2
realestate_html/rightmove-1213.html,bedroom detached house for sale in,"Oakfield Road, Selly Park, Birmingham, West Midlands, B","£ 900,000",Freehold,4,2
realestate_html/propertyguru-1932.html,Mutiara Hilltop,", Taman Mutiara Indah, Puchong, Selangor","451,000","1,",135,2
realestate_html/realtor-0368.html,"158-04 111th Ave, Jamaica, NY 11433 [Updated 5/14]","158-04 111th Ave, Jamaica, NY 11433",USD 850000,1249 FTK,3,2.5
realestate_html/zillow-1506.html,New,31,$ 1,"7,900",45,6
realestate_html/realestate-1557.html,"58/20 Beissel Street, Belconnen, ACT 2617",58/,"home flexibility - Two separate balconies with leafy outlooks - Split system air conditioning, European-style laundry - 86 sqm of internal living, 15 sqm balcony space across both","Kitchen with stone benchtops, LG dishwasher, Fisher & Paykel oven - Main bedroom with built-in robe and ensuite - Second",2,12
realestate_html/realtor-1385.html,"1610 NW 128th Dr Apt 104, Sunrise, FL 33323 [Updated 5/14]",NW,USD 500000,876 FTK,2,23
realestate_html/realtor-1108.html,"N Wright Ave, Long Beach, MS 39560 [Updated 5/12]","N Wright Ave, Long Beach, MS 39560",USD 19500,FTK,3,2
realestate_html/zillow-1221.html,For sale,"0 W, Cedar City, UT 84720","$ 450,000",.,3,13
realestate_html/propertyguru-1860.html,TRX Residences,"Jalan Tun Razak, KL City Centre, Kuala Lumpur","400,000",624,1,01
realestate_html/realestate-1555.html,"29 Buckley Street, Evanston Gardens, SA 5116","Buckley Street, Evanston Gardens, SA 5116","$ 680,000",m²,3,2
realestate_html/rightmove-1511.html,", NG7","Newcastle Drive, The Park, Nottingham","£ 799,950",Free,48,23
realestate_html/zillow-0097.html,For sale,"19 Van Norden Rd, Woburn, MA 01801","$ 679,900","1,959",3,12
realestate_html/realtor-1636.html,"16904 Vardon Ter Unit 201, Bradenton, FL 34211 [Updated 5/14]",1,USD 385200,1286 FTK,3,21
realestate_html/rightmove-0194.html,bedroom detached house for sale in,"Acacia Road, London, NW8",",000",Ask agent,6,405
realestate_html/rightmove-0356.html,bedroom block of apartments for sale in,"Colemans Fireproof Despository,114 - 124 Northumberland Street, Liverpool, L8","£ 1,031,000",Leasehold,17,17
realestate_html/rightmove-0279.html,bedroom detached house for sale in,"Derby Road, Formby, Merseyside, L37","£ 3,000,000",Freehold,35,4
realestate_html/rightmove-1633.html,", NG7","Sherwin Road, Lenton","£ 675,000",Freehold,8,24
realestate_html/realtor-0391.html,"91-08 32nd Ave Unit E607, East Elmhurst, NY 11369 [Updated 5/14]","91-08 32nd Ave Unit E607, East Elmhurst, NY 11369",USD 219000,700 FTK,1,1
realestate_html/realtor-1953.html,"1607 Prospect Ln, Horseshoe Bend, AR 72512 [Updated 5/13]","1607 Prospect Ln, Horseshoe Bend, AR 72512",USD 750,FTK,,
realestate_html/rightmove-1411.html,bedroom detached house for sale in,"Loughborough Road, Ruddington, Nottingham, Nottinghamshire, NG11","£ 1,350,000",Freehold,4,4
realestate_html/propertyguru-1851.html,Puncak Nusa Kelana,"- Jalan PJU 1A/48, Ara Damansara, Selangor","468,000","1,",3,132
realestate_html/realestate-1327.html,"56 Danalene Parade, Corlette, NSW 2315",5,home space or home business. As an extra bonus there is an awesome Irish-style bar space at the back of the double-garage with built in table and band stage. Just out the back gate,570 m²,,200
realestate_html/rightmove-0020.html,bedroom property for sale in,"Chester Square, London, SW1W","£ 25,000,000",Freehold,6,7
realestate_html/zillow-1283.html,For sale,08,"$ 599,999","3,",6,4
realestate_html/propertyguru-1323.html,Glenhill Saujana,"Persiaran Golf, Seksyen U1, Saujana, Selangor","5,800,000",",",6,6
realestate_html/propertyguru-0337.html,Lorong Tanggam @ Jalan Kayu,Lorong Tanggam,"700,000",",01",4,12
realestate_html/realestate-0842.html,"MORTON ROAD, CHRISTIE DOWNS",64,Under Offer - Offers Closed,723 m²,03,1
realestate_html/rightmove-0406.html,bedroom detached house for sale in,"Whitstone Close, Calderstones, L18",",950",Freehold,4,3
realestate_html/propertyguru-0801.html,BRAND NEW MODERN GCB **** HILLTOP VIEW ANYTIME !!!,Sweetenham Road,"59,000,000","15,500",256,8
realestate_html/propertyguru-0072.html,The View @ Meyer,46 Meyer Road,"958,888","1,690",3,112
realestate_html/propertyguru-0522.html,218 Bukit Batok Street 21,Bukit Batok Street,"8,000","1,518",13,2
realestate_html/realestate-1776.html,"65B Weaponess Road, Scarborough, WA 6019","65B Weaponess Road, Scarborough, WA 6019","$ 5,270",250 m²,3,2
realestate_html/propertyguru-1343.html,Twin Galaxy (Dwi Galaksi),"- Jalan Dato Abdullah Tahir, Taman Abad, Johor Bahru, Johor","490,000","1,",13,126
realestate_html/zillow-1073.html,"2510 E 18th St, Chattanooga, TN 37404 | MLS #1510021 | Zillow","2510 E 18th St, Chattanooga, TN",$,"1,",3,130
realestate_html/rightmove-0535.html,bedroom barn conversion for sale in,"Maypole Farm Court, Prescot, L","£ 625,000",Freehold,04,3
realestate_html/realestate-0850.html,"13 Lambert Avenue, Sandy Bay, Tas 7005","Lambert Avenue, Sandy Bay, Tas 7005",.,",",3,1
realestate_html/realestate-0255.html,"30/329 Flemington Road, Franklin, ACT 2913",3,$ 400,"Galley kitchen with electric cooktop, dishwasher and microwave nook - Private and covered, well-sized balcony with good",1,2
realestate_html/realestate-0298.html,"Cityscape sophistication 9/191 HARRINGTON STREET, HOBART","9/191 Harrington Street, Hobart, Tas 7000",Contact Agent,m²,2,3
realestate_html/realestate-0568.html,"Renovate, Reimagin","7 Stanley Street, Hackett, ACT 2602",Auction,688 m²,3,1
realestate_html/zillow-1908.html,For sale,", Miami, FL",$,738,02,1
realestate_html/zillow-0800.html,For sale,"1288 E Foxcrest Ct, Park City, UT","$ 2,300,000",",116",6,147
realestate_html/realestate-0174.html,"26 Jonathan Drive, Darley, Vic 3340",0,"$ 499,000",680 m²,3,
realestate_html/zillow-0677.html,"920 Shady Oak Lane, Castle Pines, CO 80108 | MLS #2315538 | Zillow","920 Shady Oak Lane, Castle Pines, CO 80108",$ 1,"4,932",6,5
realestate_html/realtor-1943.html,"106 Buck Ridge Ln, Hot Springs, AR 71913 [Updated 5/13]","106 Buck Ridge Ln, Hot Springs, AR 71913",USD 379000,3072 FTK,13,13
realestate_html/rightmove-0246.html,", W1K",Dorchester Collection Mayfair Residences,"£ 13,496,000",Leasehold,2,2
realestate_html/realestate-0525.html,"6 Coorabie Crescent, Hallett Cove, SA 5158","6 Coorabie Crescent, Hallett Cove, SA 5158","$ 1,578.22",,3,
realestate_html/zillow-1404.html,Active,1,"$ 199,900",",",14,23
realestate_html/rightmove-0574.html,bedroom detached house for sale in,"Mauldeth Road, Heaton Mersey, SK4","600,000",Freehold,10,01
realestate_html/zillow-0991.html,For sale,"2100 E 21st St, Ada, OK",$ 65,",",247,3
realestate_html/rightmove-1642.html,", NG3","Tavistock Drive, Mapperley Park, Nottingham","£ 669,950",Freehold,4,2
realestate_html/realtor-0872.html,"20 Cedar Hts, Pope, MS 38658 [Updated 5/14]","Cedar Hts, Pope, MS 38658",USD 170000,1264 FTK,1,1.5
realestate_html/rightmove-1355.html,", B13","Hurst, Moseley, Birmingham",",000",Freehold,173,4
realestate_html/realtor-0728.html,"10148 Fernglen Ave Apt 2, Tujunga, CA 91042 [Updated 5/13]","10148 Fernglen Ave Apt 2, Tujunga, CA 91042",USD 739999,1700 FTK,3,42
realestate_html/realtor-0620.html,"969 Hilgard Ave Apt 706, Los Angeles, CA 90024 [Updated 5/13]","969 Hilgard Ave Apt 706, Los Angeles, CA 90024",USD 669000,728 FTK,1,1
realestate_html/rightmove-0892.html,", YO","Pond House, Marton Cum Grafton, York",",000",Freehold,5,5
realestate_html/rightmove-1139.html,", B48","Bittell Farm Road, Alvechurch, Birmingham, B48 7AF","£ 1,400,000",Freehold,10,6
realestate_html/propertyguru-0795.html,348B Yishun Avenue 11,8B Yishun Avenue 11,"798,000",990,13,12
realestate_html/propertyguru-0214.html,The Watergardens,45 Canberra Drive,"2,150,000","1,",3,13
realestate_html/realestate-0094.html,"4101/140 Alice Street, Brisbane City, Qld 4000","4101/140 Alice Street, Brisbane City, Qld 4000","$ 20,169",324 m²,,24
realestate_html/rightmove-2028.html,bedroom detached house for sale in,"Bassett Green Road, Bassett, Southampton, Hampshire, SO16","£ 700,000",Freehold,4,12
realestate_html/zillow-0018.html,For sale,"4 Valley Dr, Cadiz, KY",$,",",2,1
realestate_html/rightmove-0064.html,bedroom detached house for sale in,"Wadham Gardens, London, NW3","£ 19,950,000",Freehold,6,4
realestate_html/propertyguru-1371.html,Ponderosa Lakeside Apartment,"Persiaran Bumi Hijau, Taman Ponderosa, Johor Bahru, Johor","590,000","1,",2014,13
realestate_html/realestate-1949.html,"28 Baas Becking Street, Whitlam, ACT 2611",1,"$ 1,375,000",494.00 m²,5,
realestate_html/propertyguru-0245.html,Yishu,Canberra Drive,"1,600,000","1,",4,3
realestate_html/realestate-0486.html,"28 Fleming Avenue, Ridgehaven, SA 5097","Fleming Avenue, Ridgehaven, SA 5097",343 694,610 m²,34,10
realestate_html/realtor-0913.html,for rent,"702 N Union St, Natchez, MS, 39120, USA",$ 550,700 sqft,2,1
realestate_html/rightmove-0864.html,", LS14","Crocodile House, Manor Gardens, Thorner, Leeds",",000",Freehold,5,5
realestate_html/realtor-0785.html,"803 Boccaccio Ave, Venice, CA 90291 [Updated 5/13]","803 Boccaccio Ave, Venice, CA 90291",USD 2800000,1741 FTK,3,3
realestate_html/propertyguru-0463.html,Hill House,A-,"450,000",452,3,1
realestate_html/realtor-1335.html,"8567 W Gulf Blvd Apt 17N, Treasure Island, FL 33706 [Updated 5/14]","8567 W Gulf Blvd Apt 17N, Treasure Island, FL 33706",USD 365000,480 FTK,1,1
realestate_html/realestate-0056.html,/,/,"$ 459,000",,2,1
realestate_html/propertyguru-0833.html,Normanton Park,Normanton Park,"2,998,000","1,",3,14
realestate_html/propertyguru-2003.html,[Freehold Individual] 30X75 3Storey Semi-D Extra 10Ft KL City View,"Bandar Baru Selayang, Selayang, Selangor","1,340,000","4,155",6,415
realestate_html/realtor-1025.html,"4326 Kingsroad Ave, Jackson, MS 39213 [Updated 5/13]",3,USD 55000,1215 FTK,43,21
realestate_html/realestate-1266.html,"215 Halifax Street, Adelaide, SA 5000","Halifax Street, Adelaide, SA 5000","2,430",,3,
realestate_html/realtor-0347.html,"19 Croyden St, New Hyde Park, NY 11040 [Updated 5/14]","19 Croyden St, New Hyde Park, NY 11040",USD 949000,1359 FTK,4,2
realestate_html/rightmove-2007.html,", SO16","Harrison Way, Rownhams, Southampton","0,000",Freehold,5,3
realestate_html/zillow-1014.html,For sale,"2188 Tuscany Creek Way, Draper, UT 84020",$ 1,"6,140",5,125
realestate_html/propertyguru-1588.html,Sky88 Residences,", Penampang, Sabah","780,000",87,2,12
realestate_html/realestate-0278.html,"Stylish Studio on Gouger Street – Perfectly Presented & Conveniently Located 29/259 GOUGER STREET, ADELAIDE","29/259 Gouger Street, Adelaide, SA 5000",Under Contract,,1,1
realestate_html/propertyguru-1685.html,The M @ Medini Macrolink,"Persiaran Medini Sentral 1, Medini, Iskandar Puteri (Nusajaya), Johor",",000",8,3,2
realestate_html/zillow-1210.html,For sale,"3315 Griffith Park Blvd APT 309, Los Angeles, CA 900","$ 899,000","1,438",2,2
realestate_html/realtor-0766.html,"3923 Revere Ave, Los Angeles, CA 90039 [Updated 5/12]","Revere Ave, Los Angeles, CA 90039",USD 2395000,2023 FTK,39,12
realestate_html/propertyguru-0121.html,Villa Verde,Verde Crescent,"2,688,000",",200",3,15
realestate_html/propertyguru-0129.html,702 Woodlands Drive 40,70,"680,000","1,",3,127
realestate_html/realestate-0301.html,"2 Cooper Street, Fannie Bay, NT 0820","Cooper Street, Fannie Bay, NT 08",$ 1,"1,080 m²",050,12
realestate_html/realtor-1918.html,"700 Picard Ave, Lowell, AR 72745 [Updated 5/13]","700 Picard Ave, Lowell, AR 72745",USD 454500,2313 FTK,4,202
realestate_html/propertyguru-0730.html,302 Clementi Avenue 4,Clementi Avenue 4,"5,000",990,3,2
realestate_html/realtor-0437.html,"850 W 157th St Apt 7, Gardena, CA 90247 [Updated 5/14]","850 W 157th St Apt 7, Gardena, CA 90247",USD 565000,1205 FTK,2,24
realestate_html/rightmove-0157.html,bedroom detached house for sale in,"Courtenay Avenue, London, N6","£ 15,999,999",Freehold,8,8
realestate_html/realestate-0736.html,"6 Stephenson Place, Fern Tree, Tas 7054","6 Stephenson Place, Fern Tree, Tas 70",$ 695,852 m²,4,1
realestate_html/propertyguru-0857.html,35 Chai Chee Avenue,Chai Chee Avenue,",000",882,3,1
realestate_html/zillow-1821.html,Beautiful,117,"$ 705,000","1,850",163,102
realestate_html/rightmove-0994.html,", WF9","Badsworth Hall and Hall Farm Cottage, Main Street, Badsworth","£ 2,000,000",Freehold,6,5
realestate_html/rightmove-1767.html,Detached house for sale in,"London Road, Corwen, Clwyd, LL21","£ 1,000,000",Freehold,,
realestate_html/realestate-1160.html,"Lot 7,10,11,, Evergreen Drive, Robe, SA 5276","Lot 7,10,11,, Evergreen Drive, Robe, SA, 5276","$ 455,000",,,
realestate_html/zillow-0852.html,For sale,"1494 W Meadow Loop Rd, Park City, UT 84098",$ 1,"2,596",3,138
realestate_html/realestate-1467.html,"28 Newey Street, Rivervale, WA 6103","Newey Street, Rivervale, WA 6103","$ 900,000",145 m²,1,2
realestate_html/realestate-1888.html,"33 Cator Street, Glenside, SA 5065","33 Cator Street, Glenside, SA 5065",$ 887,726 m²,4,17
realestate_html/realtor-1162.html,"118 W Fourth St, Long Beach, MS 39560 [Updated 5/13]","118 W Fourth St, Long Beach, MS 39560",USD 602000,2313 FTK,3,2.5
realestate_html/zillow-0332.html,For sale,5,$,"1,",2,3
realestate_html/propertyguru-0871.html,547 Jurong West Street 42,7 Jurong West Street,"790,000","1,506",14,1983
realestate_html/propertyguru-1428.html,Sanderling Lakefront,"Persiaran Semarak Api, Cyberjaya, Selangor","419,096","1,",3,02
realestate_html/realtor-1014.html,"17980 Restoration Cir, Gulfport, MS 39503 [Updated 5/13]","17980 Restoration Cir, Gulfport, MS 39503",USD 255000,2046 FTK,3,2
realestate_html/zillow-1398.html,For sale,"10 Heritage Rd, Ozark, AR",$,",",4,1200
realestate_html/zillow-1133.html,For sale,5 South,$,91,3,2
realestate_html/realestate-0712.html,"1 Buned Place, Giralang, ACT 2617","1 Buned Place, Giralang, ACT",$ 806,m²,4,160
realestate_html/propertyguru-0035.html,648 Punggol Central,648 Punggol Central,"8,000","1,184",3,12
realestate_html/realtor-1279.html,"6057 Lake Pointe Dr Apt 408, Orlando, FL 32822 [Updated 5/14]","6057 Lake Pointe Dr Apt 408, Orlando, FL 328",USD 320000,1764 FTK,3,202
realestate_html/propertyguru-1953.html,Quaver Residence,"Persiaran Serdang Perdana, Seri Kembangan, Selangor","8,000","1,110",136,12
realestate_html/realestate-0514.html,"Exquisite luxury new build 9 GLENGARRY AVENUE, TURRAMURRA","9 Glengarry Avenue, Turramurra, NSW 207",:,8 m²,15,04
realestate_html/realtor-1766.html,for rent,"1830 E Johnson Ave, Jonesboro, AR, 72401, USA",$ 650,857 sqft,3,1
realestate_html/rightmove-0404.html,bedroom semi-detached house for sale in,"Brook Road, Maghull, L","£ 850,000",Ask agent,56,3
realestate_html/zillow-1915.html,For sale,3,"$ 330,000",940,1,1
realestate_html/propertyguru-1461.html,Fiera Vista,"Jalan Tun Dr Awang, Medan Rajawali, Off Jalan Tun Dr Awang, Bayan Lepas, Penang",",000","1,",145,3
realestate_html/realtor-1830.html,"49 Clevelys Ln, Bella Vista, AR 72715 [Updated 5/14]","49 Clevelys Ln, Bella Vista, AR 72715",USD 515000,2100 FTK,3,72
realestate_html/realtor-0514.html,"19520 Braewood Dr, Tarzana, CA 91356 [Updated 5/13]","0 Braewood Dr, Tarzana, CA 91356",USD 2100000,3217 FTK,5,3
realestate_html/realestate-1270.html,CHARMING,"Voltaire Crescent, Ridgewood, WA 6030",$700k+ Open Sunday,57,34,2
realestate_html/rightmove-0701.html,bedroom detached house for sale in,"Denby Lane, Heaton Chapel, Stockport, SK","£ 795,000",Freehold,4,1920s
realestate_html/rightmove-0555.html,bedroom block of apartments for sale in,"Swan Street, Manchester, Greater Manchester, M4","£ 3,200,000",Freehold,16,
realestate_html/realtor-1151.html,"3443 Road 528, Kiln, MS 39556 [Updated 5/13]",3 Road,USD 299000,1400 FTK,13,2
realestate_html/realestate-1488.html,"4002/8 Margaret, Brisbane City, Qld 4000","4002/8 Margaret, Brisbane City, Qld 4000","$ 2,277",66 m²,400,15
realestate_html/realestate-0697.html,"6 Cuttriss Street, Muirhead, NT 0810","6 Cuttriss Street, Muirhead, NT 0810","$ 750,000",243 m²,4,
realestate_html/zillow-1349.html,"4275 Via Arbolada UNIT 105, Los Angeles, CA 90042 | MLS #25545035 | Zillow","75 Via Arbolada UNIT 105, Los Angeles, CA 900","$ 699,000","1,",2,2
realestate_html/realestate-0856.html,"5314/222 Margaret Street, Brisbane City, Qld 4000","14/222 Margaret Street, Brisbane City, Qld 4000","$ 888,000",105 m²,53,120
realestate_html/zillow-0551.html,Lot/land,"598 Holmes Gulch Road, Bailey, CO 80421","$ 499,000",40,2,-
realestate_html/rightmove-0349.html,bedroom detached house for sale in,"Maltese Cross Close, Woolton, L",",000",Freehold,25,3
realestate_html/realestate-1980.html,"18B Heather Avenue, Ashwood, Vic 3147","18B Heather Avenue, Ashwood, Vic 3147","$ 1,500,000",300 m²,4,
realestate_html/realtor-0491.html,"1617 N Langtry Ln, Los Angeles, CA 90077 [Updated 5/13]","1617 N Langtry Ln, Los Angeles, CA 90077",USD 48000,FTK,,
realestate_html/rightmove-1603.html,", NG10","Trent Lane, Long Eaton, Nottinghamshire, NG10 2FX",0,Freehold,35,04
realestate_html/realestate-1155.html,"/60 PORTER STREET, PARKSIDE","/60 Porter Street, Parkside, SA 5063",$899k,"ideal for outdoor dining or relaxing in all seasons. Additionally, there is potential to create a carpark at the rear of",2,1
realestate_html/realtor-1777.html,"79 Morris Ave, Batesville, AR 72501 [Updated 5/14]","79 Morris Ave, Batesville, AR 72501",USD 350900,1632 FTK,3,2
realestate_html/realtor-0536.html,"645 W 9th St Apt 201, Los Angeles, CA 90015 [Updated 5/14]","645 W 9th St Apt 201, Los Angeles, CA 90015",USD 400000,600 FTK,1,1
realestate_html/rightmove-0359.html,bedroom semi-detached house for sale in,"College Avenue, Formby, L","£ 1,000,000",Freehold,26,03
realestate_html/rightmove-1104.html,bedroom detached house for sale in,"Edgbaston, Birmingham, B15","£ 3,000,000",Freehold,7,7
realestate_html/realestate-1080.html,"1 Winnecke Avenue, East Side, NT 0870","1 Winnecke Avenue, East Side, NT 0870",$,1,4,2
realestate_html/propertyguru-1308.html,Palm Walk,"Jalan SL 9/9d, Bandar Sungai Long, Selangor","880,000","2,200",4,24
realestate_html/realestate-0794.html,"Capture the City's Heartbeat at Madison Apartment 301/639 LONSDALE STREET, MELBOURNE","301/639 Lonsdale Street, Melbourne, Vic 3000","$ 500,000",74.90 m²,2,
realestate_html/realestate-1446.html,"5 Glennon View, Clarkson, WA 6030","5 Glennon View, Clarkson, WA 60",Under Offer 26,625 m²,3,1
realestate_html/realestate-0779.html,"-450 ELIZABETH STREET, MELBOURNE","-450 Elizabeth Street, Melbourne, Vic 3000","$ 490,000",,2,1
realestate_html/rightmove-0674.html,", SK4","Stanley Road, Heaton Moor SK4 4HL","0,000",Freehold,5,3
realestate_html/realtor-1946.html,"2304 Sterling Dr, Horseshoe Bend, AR 72512 [Updated 5/13]","4 Sterling Dr, Horseshoe Bend, AR 72512",USD 750,FTK,,
realestate_html/realtor-0901.html,"138 Woodland Ridge Dr, McComb, MS 39648 [Updated 5/13]","138 Woodland Ridge Dr, McComb, MS 39648",USD 162000,1188 FTK,2,2
realestate_html/realtor-1913.html,"153 Pinehill Rd, Hot Springs, AR 71913 [Updated 5/13]","Pinehill Rd, Hot Springs, AR 71913",USD 129000,1120 FTK,2,13
realestate_html/realestate-1943.html,"2/3 ANCHORAGE COURT, DARWIN CITY","2/3 Anchorage Court, Darwin City, NT 0800","$ 500,000",52 m²,1,1
realestate_html/propertyguru-1425.html,Semi-D house at Taman Bukit Kecil,"Taman Bukit Kecil, Bukit Mertajam, Penang","1,100,000","2,600",5,23
realestate_html/rightmove-0652.html,", M20","Circular Road, Didsbury",",000",Freehold,7,3
realestate_html/realestate-1934.html,"Investment opportunity - expand on the vision and complete the dream 1510 BLOOMFIELD ROAD, CROSSOVER","1510 Bloomfield Road, Crossover, Vic 3821","$ 1,550,000",1.,04,
realestate_html/zillow-1788.html,For sale,"10644 Bellagio Rd, Los Angeles, CA 900","$ 175,000,000",--,7,20
realestate_html/realestate-1703.html,"27 Brandreth Street, Tusmore, SA 5065","Brandreth Street, Tusmore, SA 5065","$ 1,950,000","1,091 m²",4,1926
realestate_html/propertyguru-1040.html,Harmoni Park,"Taman Jenderam Harmoni, Off, B18, Dengkil, Selangor",",000","2,816",15,2014
realestate_html/propertyguru-0261.html,67,67,"670,000","1,001",13,2
realestate_html/rightmove-0662.html,bedroom link detached house for sale in,"Leegate Road, Heaton Moor, Stockport, SK4","£ 895,000",Freehold,3,2
realestate_html/realtor-1223.html,"15406 Village Dr, Biloxi, MS 39532 [Updated 5/10]","6 Village Dr, Biloxi, MS 395",USD 389900,3279 FTK,395,32
realestate_html/propertyguru-1659.html,Bay Laurel @ Country Garden Danga Bay,"Jalan Skudai Jalan Skudai Off Country Garden Danga Bay, Johor Bahru, Johor","850,000","1,",3,123
realestate_html/rightmove-1533.html,bedroom detached house for sale in,"Melton Road, West Bridgford, Nottingham, NG12",",",Ask developer,25,
realestate_html/realtor-1470.html,"3737 Collins Ave Unit S503, Miami Beach, FL 33140 [Updated 5/14]","37 Collins Ave Unit S503, Miami Beach, FL",USD 2895000,1621 FTK,2,331
realestate_html/zillow-1271.html,For sale,22,"$ 250,000",",506",3,1
realestate_html/realestate-1837.html,/,/,$,m²,3,2
realestate_html/zillow-1505.html,For sale,"5850 W Cheery Lynn Rd, Phoenix, AZ 85031",$,"1,",04,2
realestate_html/propertyguru-1660.html,Lovell @ Country Garden Danga Bay,"Jalan Skudai Off Country Garden Danga Bay, Danga Bay, Johor Bahru, Johor","850,000","1,216",3,3
realestate_html/zillow-0525.html,"520 W 5th St, Saint Jacob, IL 62281 | MLS #25036212 | Zillow",1,$,"1,650",3,2
realestate_html/rightmove-0672.html,bedroom semi-detached house for sale in,"Stanley Road, Heaton Moor, Stockport, SK4","5,000",Freehold,16,3
realestate_html/realtor-1457.html,"7677 Deer Valley Cir, Tampa, FL 33635 [Updated 5/14]","7677 Deer Valley Cir, Tampa, FL 33635",USD 399990,1557 FTK,3,2.5
realestate_html/realestate-1013.html,"VIEWINGS BY APPOINTMENT 390 GULNARE ROAD, BEES CREEK","390 Gulnare Road, Bees Creek, NT 08","$ 899,000",.,15,2
realestate_html/zillow-0482.html,For sale,6,"$ 45,000","1,",13,12
realestate_html/zillow-0361.html,"230 N Olive St, Garnett, KS 66032 | MLS #2549671 | Zillow","230 N Olive St, Garnett, KS 66032","$ 375,000",2,4,254
realestate_html/zillow-0094.html,For sale,", Bayside, NY",$,"1,450",130,2
realestate_html/realtor-1865.html,"3 Berkshire Dr, Bella Vista, AR 72714 [Updated 5/14]","3 Berkshire Dr, Bella Vista, AR 72714",USD 472500,2108 FTK,2,13
realestate_html/realtor-2000.html,"125 Covey Ln, Austin, AR 72007 [Updated 5/13]","Covey Ln, Austin, AR 72007",USD 209800,1267 FTK,3,202
realestate_html/rightmove-0439.html,bedroom detached house for sale in,"St Andrews Drive, Blundellsands, Merseyside, L","0,000",Leasehold,245,23
realestate_html/propertyguru-0017.html,", Jalan Kayu Semi-detached",Lorong tanggam,",","4,201",3,15
realestate_html/zillow-1909.html,Active,"75 Hillside Rd, Leavenworth, KS 660",$,"2,610",14,139
realestate_html/rightmove-0474.html,", L","Albert Dock, Liverpool","£ 680,000",Ask agent,3,13
realestate_html/realestate-1394.html,"Welcome Home to 9 Jolimont Road – Where Lifestyle Meets Comfort 9 JOLIMONT ROAD, POINT COOK",0,UNDER OFFER!,,3,12
realestate_html/zillow-0381.html,For sale,", Milwaukee, WI 53",$,",",1,2
realestate_html/zillow-0809.html,For sale,18,$,"2,",3,4
realestate_html/realestate-0800.html,"10 Cadell Street, Leanyer, NT 0812","10 Cadell Street, Leanyer, NT 0812","$ 2,200.00",807 m²,3,
realestate_html/propertyguru-0393.html,Botanique At Bartley,237 Upper Paya Lebar Road,"900,000",7,3,1
realestate_html/rightmove-2062.html,", SO17","Highfield, Southampton","£ 650,000",Freehold,13,2
realestate_html/realestate-1502.html,NEST OR INVEST,3,"9,000",,2,1
realestate_html/propertyguru-0835.html,The Vermont On Cairnhill,12A Cairnhill Rise,"588,000","1,",3,23
realestate_html/rightmove-1451.html,", NG3","Mapperley Road, Mapperley Park",",000",Freehold,670,02
realestate_html/zillow-1215.html,For sale,5,$,"1,586",03,2
realestate_html/rightmove-1683.html,", LL57","High Street, Bangor","£ 1,600,000",Freehold,18,18
realestate_html/propertyguru-0779.html,View,132B Canberra View,"430,000",506,3,1
realestate_html/realtor-1678.html,"1500 Crest Dr, Englewood, FL 34223 [Updated 5/14]","1500 Crest Dr, Englewood, FL 34223",USD 389000,1890 FTK,2,22
realestate_html/realtor-1750.html,"1226 Pigeon Rd, Ward, AR 72176 [Updated 5/14]","6 Pigeon Rd, Ward, AR 72176",USD 165000,1216 FTK,3,202
realestate_html/zillow-1127.html,New,"6 N Hampden Ct APT 105, Chicago, IL 60614","$ 697,500",--,3,123
realestate_html/zillow-1863.html,Active,"13127 W Pala Mesa Dr, Boise, ID 83713",$ 82,"3,",6,14
realestate_html/realtor-0990.html,"26 Scarlet St, Purvis, MS 39475 [Updated 5/13]","Scarlet St, Purvis, MS 39475",USD 274900,FTK,3,2
realestate_html/realtor-0286.html,"141 South Ave, Beacon, NY 12508 [Updated 5/14]",08,USD 474000,1536 FTK,4,125
realestate_html/realtor-2027.html,"3508 Southern Magnolia Ln, Texarkana, AR 71854 [Updated 5/13]","8 Southern Magnolia Ln, Texarkana, AR 71854",USD 669000,2550 FTK,4,2.5
realestate_html/zillow-0671.html,For sale,0,$,",029",3,1
realestate_html/propertyguru-1667.html,KLCC KLCC,"KLCC, KL City Centre, Kuala Lumpur","788,000","1,250",4,3
realestate_html/propertyguru-0852.html,774 Yishun Avenue 3,774 Yishun Avenue 3,"468,000",689,3,2
realestate_html/zillow-1202.html,"3262 Hetzel Dr, Parma, OH 44134 | MLS #5126861 | Zillow","2 Hetzel Dr, Parma, OH 441","$ 247,500","1,420",3,3
realestate_html/realtor-1298.html,"8619 N Dove Orchid Dr, Citrus Springs, FL 34434 [Updated 5/14]",34,USD 26900,FTK,34,0
realestate_html/rightmove-0132.html,bedroom detached house for sale in,"Frognal, Hampstead, London, NW3","£ 16,950,000",Freehold,14,10
realestate_html/propertyguru-0741.html,Jardin,968 Dunearn Road,",","1,098",3,2
realestate_html/propertyguru-0157.html,102 Bukit Batok West Avenue 6,Bukit Batok West Avenue 6,"850,000","1,",3,102
realestate_html/propertyguru-0305.html,⭐️⭐️LANDED7772@ Brand New Detached @ Sommerville,Sommerville walk,"11,500,000","4,",6,470
realestate_html/realestate-0625.html,"Prime Location with Lifestyle & Convenience 703/79-87 PRINCES HIGHWAY, KOGARAH",7,"$ 750,000",,2,1
realestate_html/realtor-1692.html,"2551 Barcelona Ave, Fort Myers, FL 33905 [Updated 5/14]","1 Barcelona Ave, Fort Myers, FL 33905",USD 332500,1395 FTK,3,2
realestate_html/rightmove-1557.html,bedroom detached house for sale in,"Parkside, Wollaton, Nottingham, NG8","£ 750,000",Freehold,04,1
realestate_html/propertyguru-1248.html,SUNWAY EASTWOOD,"Sungai Kuyoh, Seri Kembangan, Selangor","2,300,000","4,400",5,5
realestate_html/propertyguru-0804.html,❤️View Daily❤️3 units Brand New Detached Sunset View Estate❤,yet Semi d price,",000",3,15,6
realestate_html/rightmove-0342.html,", L","Park Drive, Crosby, Liverpool",",000",Leasehold,04,2
realestate_html/propertyguru-1863.html,Av,"Teluk Jawa, Masai, Johor","343,000",685,2,2
realestate_html/zillow-1502.html,"5815 SW 107th Pl, Miami, FL 33173 | MLS #A11775148 | Zillow","5815 SW 107th Pl, Miami, FL 33173","$ 1,885,000",2,4,14
realestate_html/rightmove-0844.html,bedroom apartment for sale in,"The Boulevard, Leeds, LS10","57,",Ask agent,32,24
realestate_html/realtor-1768.html,for rent,"1114 E 9th St, Russellville, AR, 72801, USA",$ 695,873 FTK,2,1
realestate_html/realestate-0825.html,"62 Syncarpia Street, Marsden Park, NSW 2765","Syncarpia Street, Marsden Park, NSW",Just Listed!,,45,2
realestate_html/realtor-1903.html,"01 Shady Grove Rd, Shirley, AR 72153 [Updated 5/13]","01 Shady Grove Rd, Shirley, AR 72153",USD 160000,FTK,,202
realestate_html/propertyguru-1366.html,Ehsan Widuri,"Persiaran Negeri, Bandar Baru Nilai, Nilai, Negeri Sembilan","365,000",730,2,12
realestate_html/rightmove-0878.html,bedroom manor house for sale in,"Hopton Brow, Hopton Lane, Upper Hopton, Mirfield, WF14","£ 3,000,000",Freehold,6,5
realestate_html/zillow-0686.html,"940 Wood River Rd, Grayling, MI 49738 | MLS #50174146 | Zillow","940 Wood River Rd, Grayling, MI 497","$ 569,900","2,408",3,237
realestate_html/realtor-1795.html,"Floyd Moore Rd, Gentry, AR 72734 [Updated 5/14]","Floyd Moore Rd, Gentry, AR 72734",USD 165000,FTK,3,72
realestate_html/propertyguru-0289.html,D'Castilia,45 Joo Chiat Lane,"1,800,000","1,",3,120
realestate_html/zillow-0357.html,For sale,56,$,"1,755",3,02
realestate_html/zillow-0901.html,"1689 Bay Laurel Dr, Marysville, OH 43040 | MLS #225018335 | Zillow","1689 Bay Laurel Dr, Marysville, OH",$,"1,792",4,3
realestate_html/realestate-0300.html,"55 Cornelius Circuit, Girraween, NT 0836","55 Cornelius Circuit, Girraween, NT 0836","65,000",.,5,2
realestate_html/propertyguru-0293.html,⭐️⭐️LANDED7772@ SERANGOON GARDEN,BERWICK/ TAVISTOCK/ BURGHLEY/ SERANGOON GARDENS,"7,380,000",",",3,26
realestate_html/zillow-0587.html,For sale,690 SW 1st Ct APT,"$ 495,000","1,",2,03
realestate_html/realtor-2019.html,"401 S Leslie St, Stuttgart, AR 72160 [Updated 5/13]","401 S Leslie St, Stuttgart, AR 72160",USD 35000,1840 FTK,4,21
realestate_html/realtor-0499.html,"13910 Mountain View Pl, Sylmar, CA 91342 [Updated 5/13]","10 Mountain View Pl, Sylmar, CA 91342",USD 1250000,2713 FTK,5,3
realestate_html/realestate-1132.html,"QUALITY HOME WITH SHED, GREAT LOCATION 18 KESTREL DRIVE, SHEPPARTON","18 Kestrel Drive, Shepparton, Vic","$ 600,000",787 m²,3,112
realestate_html/rightmove-1829.html,", LL16","Mold Road, Bodfari","£ 900,000",Ask agent,3,03
realestate_html/realestate-1508.html,"Sunny, Spacious and Central 77 REDWOOD ROAD, KINGSTON","77 Redwood Road, Kingston, Tas 70",$ 89,m²,5,2
realestate_html/realestate-1042.html,/,/,"$ 685,000",56 m²,2,1
realestate_html/realestate-0566.html,"3 Harmony Court, Sellicks Beach, SA 5174","Harmony Court, Sellicks Beach, SA 5174",$ 1,ideal for hosting gatherings or enjoying quiet afternoons outdoors. The generous backyard includes a large shed for addi,2,
realestate_html/realtor-0371.html,"27 Overlook Dr, Mastic, NY 11950 [Updated 5/14]","Overlook Dr, Mastic, NY 11950",USD 599999,1300 FTK,3,2
realestate_html/rightmove-1966.html,bedroom detached house for sale in,"Russell Place, Highfield, Southampton, Hampshire, SO17",",000",Freehold,05,02
realestate_html/rightmove-1742.html,", LL","Glan Conwy, Colwyn Bay","£ 1,180,000",Freehold,03,12
realestate_html/propertyguru-0968.html,95 Bedok North Avenue 4,95 Bedok North Avenue 4,"478,888",990,3,2
realestate_html/realestate-1432.html,Stunning Luxury Two-Bedroom Apartment in,"/43 Herschel Street, Brisbane City, Qld 4000",Contact Agent,,2,12
realestate_html/propertyguru-1482.html,The Cove Semi-Detached @ Horizon Hills,"No 1 Jalan Eka, Horizon Hills, Iskandar Puteri (Nusajaya), Johor",",000","3,",314,145
realestate_html/propertyguru-2016.html,TriTower Residence @ Johor Bahru Sentral,"Jalan Tengku Azizah, Johor Bahru, Johor","400,000",380,2,1
realestate_html/realtor-0093.html,for rent,"707 Beach 9th St, Far Rockaway, NY, 11691, USA","$ 1,850",630 sqft,2,1.5
realestate_html/realtor-1512.html,"8121 Bautista Way, Palm Beach Gardens, FL 33418 [Updated 5/14]",81,USD 779000,2088 FTK,4,2.5
realestate_html/propertyguru-0559.html,JEWEL,Cove Drive,"11,000,000","7,987",1500,6
realestate_html/realtor-1358.html,"6068 Secretariat Way, Pensacola, FL 32526 [Updated 5/14]",26,USD 275000,1272 FTK,3,202
realestate_html/rightmove-1932.html,bedroom detached house for sale in,"Chilworth Grange, Chilworth, Southampton, Hampshire, SO16","£ 1,800,000",Freehold,5,5
realestate_html/zillow-1663.html,Lot/land,"8111 White Oak Flatt Rd, Sparta, TN 38583","$ 150,000",35.33,1,--
realestate_html/propertyguru-0717.html,128A Canberra Street,A Canberra Street,",000","1,",3,12
realestate_html/rightmove-1870.html,", LL40","Dolgellau, Gwynedd","£ 850,000",Freehold,7,7
realestate_html/rightmove-1049.html,bedroom detached house for sale in,"Bank Side, Brightholmlee, Sheffield, S","£ 1,800,000",Freehold,17th,35
realestate_html/propertyguru-0183.html,671A Yishun Avenue 4,4,"515,000",73,3,2
realestate_html/propertyguru-1703.html,Kings Bay @ Country Garden Danga Bay,"Jalan Skudai Off Country Garden Danga Bay, Johor Bahru, Johor","570,000",893,2,2
realestate_html/realtor-2059.html,"287 Ford Dr, Malvern, AR 72104 [Updated 5/13]","Ford Dr, Malvern, AR 72104",USD 174900,1408 FTK,3,202
realestate_html/realestate-0488.html,"Big Home, Amazing Views on 828sqm 87G HEMPHILL AVENUE, MOUNT PRITCHARD","87G Hemphill Avenue, Mount Pritchard, NSW 2170",$ 1,828 m²,6,24
realestate_html/rightmove-2008.html,bedroom detached house for sale in,"Lingwood Close, Bassett, Southampton, Hampshire, SO","£ 750,000",Freehold,04,1
realestate_html/propertyguru-0186.html,Neptune Court,Marine Vista,"1,950,000","1,",3,12
realestate_html/propertyguru-0013.html,240 Pasir Ris Street 21,Pasir Ris Street,"800,000","1,57",4,12
realestate_html/zillow-1346.html,New construction,"5 Sterling St, Houston, TX 77051","$ 228,000","2,",04,3
realestate_html/zillow-2026.html,Lot/land,"Tax Id #133921, Heber City, UT 84032",$,20,,--
realestate_html/zillow-0055.html,Foreclosure,"9 Alden Park #9, Bronx, NY 10465",$,"1,",130,112
realestate_html/rightmove-1140.html,", B15","Church Road, Edgbaston, Birmingham B15",",000",Freehold,4,03
realestate_html/realestate-0113.html,"FLEMINGTON STREET, MCKAIL","Flemington Street, McKail, WA","$ 895,000",02,3,1
realestate_html/zillow-1480.html,For sale,5530 SW,$,",01",14,102
realestate_html/rightmove-1442.html,", NG9","Hallams Lane, Beeston","£ 1,000,000",Freehold,4,02
realestate_html/rightmove-0648.html,bedroom semi-detached house for sale in,"Heaton Road, Manchester, Greater Manchester, M20","£ 950,000",Freehold,27,04
realestate_html/rightmove-1475.html,", NG11","Grange Court, Ruddington, Nottingham","£ 895,000",Freehold,6,3
realestate_html/propertyguru-1796.html,Kings Bay @ Country Garden Danga Bay,"Jalan Skudai Off Country Garden Danga Bay, Johor Bahru, Johor","850,000","1,",3,123
realestate_html/realestate-1448.html,"/130 MAIN STREET, BLACKTOWN",/,"$ 499,950",m²,172,1
realestate_html/propertyguru-1200.html,Taman Bukit Indah,"Bukit Indah, Iskandar Puteri (Nusajaya), Johor","769,000","1,",14,3
realestate_html/propertyguru-0752.html,OPEN HOUSE every Sat/Sun 12-,Goldhill Avenue,"990,000",",",6,7
realestate_html/zillow-0865.html,For sale,151,$,"1,161",143,1927
realestate_html/realtor-0796.html,"267 S San Pedro St, Los Angeles, CA 90012 [Updated 5/12]","S San Pedro St, Los Angeles, CA 900",USD 334900,690 FTK,1,12
realestate_html/zillow-1903.html,For sale,3,"$ 165,000","1,555",14,02
realestate_html/realtor-0323.html,"15 Locust St, Valhalla, NY 10595 [Updated 5/14]","15 Locust St, Valhalla, NY 10595",USD 925000,1958 FTK,3,3
realestate_html/realestate-0099.html,"A'BECKETT STREET, MELBOURNE",608/,"$ 460,000",,2,1
realestate_html/rightmove-0174.html,bedroom semi-detached house for sale in,"Bedford Gardens, Kensington, London, W8","£ 15,500,000",Freehold,06,7
realestate_html/realestate-0609.html,"BIG Family Home! 36 WANGALARA STREET, TIWI","36 Wangalara Street, Tiwi, NT 0810","$ 630,000",817 m²,04,1982
realestate_html/realtor-1933.html,"1214 Sunset Circle Dr, Horseshoe Bend, AR 72512 [Updated 5/13]","1214 Sunset Circle Dr, Horseshoe Bend, AR 72512",USD 750,FTK,,
realestate_html/zillow-0830.html,Foreclosure,0,"$ 69,900",",418",3,1942
realestate_html/propertyguru-1905.html,"Double Storey Alam Suria Puncak Alam (Gemma Type), NON BUMI LOT.","Jalan Alam Suria, Alam Suria, Puncak Alam, Selangor",",000","1,720",1400,3
realestate_html/rightmove-1790.html,", SY13","Breaden Heath, Whitchurch","£ 985,000",Freehold,6,4
realestate_html/propertyguru-1933.html,NOORA,"Jalan Residen Utama, Desa Parkcity, Kuala Lumpur","1,100,000",0,2,2
realestate_html/zillow-0464.html,"411 S Walnut St, Mount Olive, IL 62069 | MLS #25035954 | Zillow",69,$,4,2,1
realestate_html/zillow-0154.html,For sale,"E Greystone Rd, Old Bridge, NJ 08857","$ 399,900",--,14,2
realestate_html/realtor-1336.html,"439 Loretta Ave S Lot 2, Lehigh Acres, FL 33974 [Updated 5/14]","439 Loretta Ave S Lot 2, Lehigh Acres, FL 33974",USD 55000,FTK,,
realestate_html/realestate-0695.html,"2311/8 Margaret Street, Brisbane City, Qld 4000","/8 Margaret Street, Brisbane City, Qld 4000","$ 890,000",m²,2,1
realestate_html/realtor-0666.html,"9315 Woodman Ave Apt 8, Arleta, CA 91331 [Updated 5/13]","9315 Woodman Ave Apt 8, Arleta, CA 91331",USD 750000,1886 FTK,3,3
realestate_html/realtor-2060.html,"206 Shawnee St, Hot Springs, AR 71901 [Updated 5/13]","Shawnee St, Hot Springs, AR 71901",USD 283500,1864 FTK,3,2
realestate_html/propertyguru-1822.html,Grand Medini,"Lebuh Medini Jalan Medini Utara 8, Medini, Iskandar Puteri (Nusajaya), Johor","587,000",4,3,12
realestate_html/realestate-1746.html,"8 LONSDALE STREET, MELBOURNE",3309/,"$ 350,000",,1,1
realestate_html/propertyguru-0432.html,Hillock Green,22-28 Lentor Central,"2,720,000","1,",184,3
realestate_html/realtor-0614.html,"1320 Abbot Kinney Blvd, Venice, CA 90291 [Updated 5/13]","0 Abbot Kinney Blvd, Venice, CA 90291",USD 5300000,4208 FTK,5,3
realestate_html/realestate-1596.html,"LITTLE PALMERSTON STREET, CARLTON",30/7-,"$ 770,000",,2,1
realestate_html/propertyguru-1877.html,12,"Setia Indah, Setia Alam, Selangor","788,000","1,",4,1400
realestate_html/zillow-1267.html,For sale,W,$,"1,",153,1948
realestate_html/propertyguru-2060.html,Central,"One Central Park Jalan Residen 2, Desa Parkcity, Kuala Lumpur",",","1,787",3,24
realestate_html/realestate-1233.html,"Secured rental income of 6.066% pa. Two bedrooms in the Heart of Melbourne, CBD 803A/8 FRANKLIN STREET, MELBOURNE","803A/8 Franklin Street, Melbourne, Vic 3000","$ 475,000",70 m²,2,12
realestate_html/zillow-1137.html,"2809 Prytania St, New Orleans, LA 70115 | MLS #2487128 | Zillow","2809 Prytania St, New Orleans, LA 70115",$ 2,",810",248,176
realestate_html/realestate-1900.html,"29 Longwood Road, Stirling, SA 5152","Longwood Road, Stirling, SA 5152","$ 6,889","8,500 m²",4,11
realestate_html/rightmove-2082.html,bedroom detached house for sale in,"Midanbury Lane, Bitterne Park, SO","£ 600,000",Freehold,04,1
realestate_html/propertyguru-1643.html,Setia Eco Gardens,"/2, Iskandar Puteri (Nusajaya), Johor","668,000","1,",1400,13
realestate_html/rightmove-1380.html,", NG15","Main Street, Papplewick, Nottingham, Nottinghamshire","£ 3,250,000",Freehold,8,14
realestate_html/rightmove-1686.html,bedroom house for sale in,"Compass Cottage, Abersoch, Gwynedd, LL53","£ 1,550,000",Freehold,04,02
realestate_html/propertyguru-1776.html,Taman Perling,"Jalan Camar, Taman Perling, Perling, Johor",000,"1,668",3,2
realestate_html/propertyguru-1397.html,The Royale @ Cheras,", Batu 9, Cheras, Selangor","2,980,000","6,000",17,8
realestate_html/rightmove-1894.html,", LL","Wynnstay Lane, Marford, Wrexham",",000",Freehold,4,12
realestate_html/zillow-0027.html,New,"0 Powis Rd, Wayne, IL 60","$ 270,900",",",230,01
realestate_html/zillow-0156.html,For sale,08,"$ 649,000","1,",3,2
realestate_html/rightmove-2064.html,bedroom detached house for sale in,"Saxholm Dale, Bassett, Southampton, Hampshire, SO","£ 650,000",Freehold,04,1
realestate_html/realestate-0104.html,"13/8 Henry Kendall Street, Franklin, ACT 2913","/8 Henry Kendall Street, Franklin, ACT","$ 539,000",71 m²,2,2015
realestate_html/realestate-1378.html,"15 Salvado Street, Cottesloe, WA 6011","15 Salvado Street, Cottesloe","$ 8,650,000",610 m²,,297
realestate_html/realestate-1067.html,"25 Thornber Street, Unley Park, SA 5061","Thornber Street, Unley Park, SA 5061","$ 6,499.75",1136 m²,15,2003
realestate_html/rightmove-1569.html,", NG15","Coach House Corner, 5 Hall Mews, Papplewick, Nottinghamshire, NG15 8FW",",000",Freehold,3,03
realestate_html/propertyguru-0907.html,Mill Point,1 Zion Close,",",915,3,12
realestate_html/zillow-0037.html,For sale,42,"$ 10,500,000","23,526",7,14
realestate_html/zillow-0872.html,For sale,"1526 Tucumcari Dr, Houston, TX 77090","$ 560,000","3,976",4,14
realestate_html/realtor-0667.html,"7470 Woodrow Wilson Dr, Los Angeles, CA 90046 [Updated 5/13]","7470 Woodrow Wilson Dr, Los Angeles, CA 90046",USD 2899000,3434 FTK,4,4.5
realestate_html/realestate-1747.html,GROUND LEVEL GARDEN RESIDENCE WITH PRIVATE TERRACE & ORNATE FEATURES RESIDENCE 1/,"Patrick Street, Hobart, Tas 7000","$ 1,450,000",145 m²,13,12
realestate_html/realestate-1458.html,"46 Ann Street, Stepney, SA 5069","46 Ann Street, Stepney, SA 5069","$ 1,200,000",487 m²,3,1920s
realestate_html/rightmove-1999.html,", SO17","Abbotts Way, Southampton","£ 795,000",46,,
realestate_html/realestate-0785.html,", 51 LYSANDER DRIVE, HEATHRIDGE",", 51 Lysander Drive, Heathridge, WA 60",UNDER OFFER,,4,2
realestate_html/propertyguru-0976.html,FLAMINGO VALLEY,468 Siglap Road,"500,000","1,851",13,2
realestate_html/realtor-1057.html,"3A Autumn Rdg, Sherman, MS 38869 [Updated 5/13]","3A Autumn Rdg, Sherman, MS 38869",USD 274900,1750 FTK,3,2
realestate_html/realestate-0855.html,"Architectural Mastery on Olivers Hill 64 CLIFF ROAD, FRANKSTON","64 Cliff Road, Frankston, Vic","$ 2,750,000",684 m²,3,13
realestate_html/zillow-0538.html,"541 Westfield Rd, Scotch Plains, NJ 07076 | MLS #3965440 | Zillow",1,"$ 799,000",--,3,3
realestate_html/realestate-1156.html,Tranquil Yarran Dheran,"Wattle Valley Road, Mitcham, Vic 313",$ 1,71,4,12
realestate_html/propertyguru-0834.html,The Antares,Mattar Road,"1,480,000",710,3,2
realestate_html/zillow-1869.html,"13310 Rolston Dr, Plymouth, MI 48170 | MLS #20251002125 | Zillow","10 Rolston Dr, Plymouth, MI 48170",$,",484",25,3
realestate_html/rightmove-0580.html,", M15","Three60, New Jackson",",000",Leasehold,03,12
realestate_html/propertyguru-0411.html,D17 Brand New Jalan Loyang Besar,Loyang Besar,"120,000","1,",15,26
realestate_html/zillow-0266.html,For sale,"-36 Hook Creek Boulevard, Rosedale, NY",$,"1,119",114,02
realestate_html/zillow-1938.html,Coming soon,"16441 E Horseshoe Trl, Linden, MI 48451",$,"1,",3,02
realestate_html/rightmove-2019.html,", SO","Grange Road, Netley Abbey, Southampton","£ 725,000",Freehold,4,13
realestate_html/rightmove-2053.html,bedroom house for sale in,"Manor Farm Road, Bitterne Park, SO18","£ 650,000",Freehold,04,1930
realestate_html/propertyguru-0612.html,467 Hougang Avenue 8,7 Hougang Avenue 8,"858,000","1,313",14,122
realestate_html/propertyguru-0620.html,Open House! 2-Sty Prime Location | Walk to MRT & Top Schools Nearby,Jalan Senang / Jalan Selamat / Taman Selamat,"500,000","2,015",14,233
realestate_html/rightmove-0477.html,bedroom semi-detached house for sale in,"Montclair Drive, Liverpool, Merseyside, L","£ 675,000",Freehold,04,1
realestate_html/propertyguru-0623.html,Kew Lodge,Kheam Hock Road,"13,900,000","3,",6,7
realestate_html/rightmove-0316.html,Plot for sale in,"Victoria Road, Formby, Liverpool, L37","£ 1,500,000",Ask agent,,
realestate_html/realtor-0038.html,"24 Edna Dr, Syosset, NY 11791 [Updated 5/14]","Edna Dr, Syosset, NY 11791",USD 1050000,1753 FTK,4,2
realestate_html/realestate-1677.html,"""Charm, Character & a Cracking Location"" 10 OHEA STREET, COBURG","10 OHea Street, Coburg, Vic","$ 900,000",m²,3,2
realestate_html/rightmove-0918.html,bedroom detached house for sale in,"Maple House, Fulwith Mill Lane, Harrogate, HG2",",000",Freehold,6,25
realestate_html/propertyguru-0658.html,530 Bedok North Street 3,530 Bedok North Street 3,"430,000",73,3,2
realestate_html/propertyguru-0413.html,The Clift,McCallum Street,",",495,3,1
realestate_html/propertyguru-2027.html,Postive Cashflow RM,"Mont Kiara, Kuala Lumpur","780,000","2,000",25,3
realestate_html/realtor-0770.html,"14322 W Collins St, Sherman Oaks, CA 91401 [Updated 5/13]","22 W Collins St, Sherman Oaks, CA 91401",USD 1775000,2163 FTK,5,3
realestate_html/rightmove-1234.html,", B13","Wake Green Road, Birmingham","0,000",Freehold,5,02
realestate_html/propertyguru-0295.html,@ Luxurious Brand New detached @ kovan,Kovan / Highland / lowland / flower,"11,100,000","4,376",15,7
realestate_html/realtor-2055.html,"Kutchin Ln, Cherokee Village, AR 72529 [Updated 5/13]","Kutchin Ln, Cherokee Village, AR 72529",USD 990,FTK,,
realestate_html/propertyguru-0020.html,The M,38 Middle Road,"750,000",59,2,1
realestate_html/zillow-0687.html,For sale,"2 Evergreen Ct, Iowa City, IA 52",$,",381",16,14
realestate_html/propertyguru-0291.html,⭐️⭐️Brand New Terrace @ Kovan,Kovan/ highland/ Florence/ Simon,"5,980,000","1,",6,7
realestate_html/realtor-0446.html,"5401 Thornburn St, Los Angeles, CA 90045 [Updated 5/14]","1 Thornburn St, Los Angeles, CA 90045",USD 1995000,4776 FTK,7,6
realestate_html/propertyguru-1723.html,Manhattan,"Jalan Pasir Puteh Off Manhattan District, Ipoh, Ipoh, Perak","330,000",794,2,2
realestate_html/realestate-0204.html,"/30 CAVENAGH STREET, DARWIN CITY","/30 Cavenagh Street, Darwin City, NT 0800","$ 400,000",89 m²,132,1
realestate_html/rightmove-1867.html,", LL","Fennant Court, Pentre Bychan, Wrexham","£ 850,000",Freehold,14,03
realestate_html/realestate-0228.html,"44/121 Easty Street, Phillip, ACT 2606",44/,"$ 360,000",m²,6,2014
realestate_html/realtor-0407.html,"15 Queen St, New Windsor, NY 12553 [Updated 5/13]","15 Queen St, New Windsor, NY 12553",USD 450000,1350 FTK,53,125
realestate_html/zillow-1247.html,For sale,"8 Bain St, Houston, TX 77026",$,"2,",14,273
realestate_html/realtor-0210.html,"88-10 32nd Ave Unit 201, East Elmhurst, NY 11369 [Updated 5/14]","88-10 32nd Ave Unit 201, East Elmhurst, NY 11369",USD 369000,1000 FTK,2,113
realestate_html/rightmove-1724.html,bedroom detached house for sale in,"Nant Y Gamar Road, Llandudno, Conwy (County of), LL",",000",Freehold,3,2
realestate_html/propertyguru-0046.html,406C Northshore Drive,406C Northshore Drive,"700,000",743,3,2
realestate_html/realestate-1527.html,/,/,",000",m²,2,1
realestate_html/zillow-0860.html,Auction,"1506 W 5th St, San Pedro, CA 907",$,"1,700",3,2
realestate_html/rightmove-1673.html,", LL",9LH,"49,950",Freehold,2,1
realestate_html/realtor-0213.html,"5 Amherst Rd, Waterloo, NY 13165 [Updated 5/14]","5 Amherst Rd, Waterloo, NY 13165",USD 150000,1306 FTK,3,1
realestate_html/realtor-0452.html,"4936 Strohm Ave, Toluca Lake, CA 91601 [Updated 5/14]","4936 Strohm Ave, Toluca Lake, CA 91601",USD 3950000,4381 FTK,6,6.5
realestate_html/realestate-0952.html,"33E/174 Forrest Parade, Rosebery, NT 0832","33E/174 Forrest Parade, Rosebery, NT 08","$ 330,000",,2,2
realestate_html/rightmove-1287.html,bedroom bungalow for sale in,"Moorcroft Road, Birmingham, West Midlands, B1","£ 750,000",Freehold,3,13
realestate_html/zillow-0237.html,Active,", New York, NY","$ 995,000",--,2,1
realestate_html/realestate-1674.html,"10 Berkeley Grove, Rouse Hill, NSW 2155","10 Berkeley Grove, Rouse Hill, NSW 2155","$ 7,638",703.8 m²,4,
realestate_html/realestate-0387.html,"9 Toohey Crescent, Pasadena, SA 5042","9 Toohey Crescent, Pasadena, SA 50","$ 1,625,000",",",184,3
realestate_html/zillow-0427.html,Active,E,$,"1,046",130,2
realestate_html/zillow-0670.html,Contingent,", Chicago, IL 60622","$ 674,500","2,400",3,123
realestate_html/zillow-0248.html,For sale,-,"$ 274,000",",556",03,1
realestate_html/propertyguru-0896.html,Castle Green,48,"1,618,000","1,151",3,3
realestate_html/zillow-0025.html,For sale,180,"$ 805,000","1,697",3,12
realestate_html/realtor-1324.html,"30 Rosedown Blvd, Debary, FL 32713 [Updated 5/14]","30 Rosedown Blvd, Debary, FL 32713",USD 340000,1894 FTK,3,13
realestate_html/realestate-1010.html,"EDINBURGH AVENUE, CITY",1,Contact Agent,95 m²,2,2
realestate_html/zillow-1284.html,For sale,"Meadow Place Dr, Houston, TX 7708","$ 189,999","1,",3,2
realestate_html/zillow-1787.html,"10623 Dunvegan Way, Houston, TX 77013 | MLS #9984935 | Zillow",106,$,"1,510",13,2
realestate_html/propertyguru-0760.html,Regency Suites,Kim Tian Road,"500,000","1,421",3,3
realestate_html/propertyguru-1226.html,Orion Residence,"Bukit Bintang, KL City Centre, Kuala Lumpur","828,000","1,271",3,13
realestate_html/realestate-1669.html,"57C Hertha Road, Innaloo, WA 6018","57C Hertha Road, Innaloo, WA 6018","$ 1,049,000",213 m²,3,2
realestate_html/rightmove-1241.html,", B","Birmingham Road, Great Barr, Birmingham","£ 825,000",Freehold,4,3
realestate_html/propertyguru-1980.html,Residency,"Jalan Segambut, Segambut, Kuala Lumpur","400,000",820 sqft,3,2
realestate_html/rightmove-1315.html,", B73","Melrose Avenue, Sutton Coldfield, B73","£ 725,000",Freehold,6,04
realestate_html/realestate-0059.html,"42B Parkinson Street, Narrawallee, NSW 2539",9,"$ 6,674",,4,
realestate_html/realestate-0778.html,-,-,"$ 388,000",m²,2,1
realestate_html/zillow-1507.html,For sale,58,$ 1,",",6,27
realestate_html/zillow-1102.html,Contingent,"1 Carlisle Ln, Hampshire, IL 60140",$,"1,",3,123
realestate_html/zillow-1337.html,For sale,82 North,$,",",4,1
realestate_html/propertyguru-0217.html,The Myst,800 Upper Bukit Timah Road,"1,589,000",678,3,2
realestate_html/realtor-1818.html,"52 Louise Ln, Greenbrier, AR 72058 [Updated 5/14]","52 Louise Ln, Greenbrier, AR 72058",USD 195000,1287 FTK,3,720
realestate_html/realestate-1201.html,"/20 JENNERAE DRIVE, STUART","/20 Jennerae Drive, Stuart, NT 0870","$ 289,000",93 m²,1,1
realestate_html/zillow-0433.html,Contingent,"351 East Deer PLACE, Milwaukee, WI 53","$ 397,000",--,06,2
realestate_html/realestate-0155.html,"Grab a piece of Innaloo today! 67A ODIN ROAD, INNALOO","67A Odin Road, Innaloo, WA 60","$ 700,000",m²,23,1
realestate_html/realtor-1010.html,"102 E Indian Ridge Dr, Starkville, MS 39759 [Updated 5/13]","E Indian Ridge Dr, Starkville, MS 39759",USD 419000,2091 FTK,4,2
realestate_html/rightmove-0947.html,", TS7","Badgers Green, Croft Drive","£ 2,400,000",Freehold,8,8
realestate_html/zillow-0147.html,"50 Biscayne Bl #4004 #4004, Miami, FL 33132 | MLS #A11790624 | Zillow","50 Biscayne Bl #4004 #4004, Miami, FL","$ 699,000","1,",3,2
realestate_html/realtor-1543.html,"20404 Wingate Ave, Port Charlotte, FL 33954 [Updated 5/14]","04 Wingate Ave, Port Charlotte, FL 33954",USD 18000,FTK,,0
realestate_html/realtor-0691.html,"1303 Sanborn Ave, Los Angeles, CA 90027 [Updated 5/13]","3 Sanborn Ave, Los Angeles, CA 90027",USD 1350000,2270 FTK,6,27
realestate_html/zillow-0499.html,Active,"459 W 18th St APT 1, New York, NY 10011","$ 999,000","1,693",2,2
realestate_html/propertyguru-0718.html,674B Jurong West Street 65,674B Jurong West Street 65,"650,000","1,184",3,12
realestate_html/realestate-0614.html,"test ADDRESS AVAILABLE ON REQUEST, WYCLIFFE WELL","Address available on request, Wycliffe Well, NT 0862","$ 6,000,000",,,1
realestate_html/realtor-0340.html,"57 First St, Yonkers, NY 10704 [Updated 5/13]","57 First St, Yonkers, NY 10704",USD 1150000,2940 FTK,8,5
realestate_html/realtor-0828.html,"1151 W 14th St, San Pedro, CA 90731 [Updated 5/13]",1151 W,USD 1425000,2728 FTK,4,13
realestate_html/realestate-1029.html,"Spacious, Move-In Ready Family Home in Prime Location 27 CHARLESTON STREET, MONASH","27 Charleston Street, Monash, ACT 2904","$ 769,000",m²,23,1
realestate_html/propertyguru-0082.html,City Gate,371 Beach Road,"1,498,000",689,3,2
realestate_html/rightmove-0304.html,bedroom detached house for sale in,"Kirklake Road, Formby, Liverpool, Merseyside, L37","£ 2,000,000",Freehold,4,4
realestate_html/realtor-0937.html,"Cameron Ln, Moss Point, MS 39562 [Updated 5/13]","Cameron Ln, Moss Point, MS 39562",USD 420000,FTK,3,2
realestate_html/zillow-1907.html,"14661 SW 50th St, Miami, FL 33175 | MLS #A11793524 | Zillow","14661 SW 50th St, Miami, FL",$,"1,",3,2
realestate_html/rightmove-2037.html,bedroom detached house for sale in,"Bassett Wood Drive, Bassett, Southampton, Hampshire, SO16",£ 699,Freehold,1960s,12
realestate_html/realtor-1309.html,"6231 Bayside Key Dr, Tampa, FL 33615 [Updated 5/14]","6231 Bayside Key Dr, Tampa, FL 33615",USD 225000,1184 FTK,2,2.5
realestate_html/zillow-1641.html,For sale,780,$,",",14,03
realestate_html/propertyguru-0355.html,Reflections at Keppel Bay,15 Keppel Bay View,"550,000","1,668",2013,14
realestate_html/realestate-0656.html,"FAMILY OASIS WITH ABUNDANT WATER SUPPLY AND LUSH GARDENS 51 FITZPATRICK DRIVE, STAGHORN FLAT","51 FITZPATRICK DRIVE, Staghorn Flat, Vic 3691",$ 1,1.93ha,34,2
realestate_html/rightmove-1698.html,", CH7","Vicarage Road, Rhydymwyn, Mold","0,000",Freehold,05,2
realestate_html/rightmove-0854.html,bedroom detached house for sale in,"Main Street, Cherry Burton, Beverley, East Yorkshire, HU17","£ 3,999,500",Freehold,11,560
realestate_html/propertyguru-0882.html,316C Punggol Way,C Punggol Way,"770,000","1,001",3,2
realestate_html/realtor-0163.html,"2737 Morton Ave, Oceanside, NY 11572 [Updated 5/14]","7 Morton Ave, Oceanside, NY 11572",USD 750000,1907 FTK,4,2.5
realestate_html/realtor-1895.html,"142 Timber Ridge Ln, El Dorado, AR 71730 [Updated 5/14]","Timber Ridge Ln, El Dorado, AR 71730",USD 248000,2147 FTK,3,2
realestate_html/realtor-0734.html,"323 W Ross Pl, Wilmington, CA 90744 [Updated 5/12]","W Ross Pl, Wilmington, CA 90744",USD 929000,3270 FTK,6,32
realestate_html/realtor-0853.html,"1221 Bienveneda Ave, Pacific Palisades, CA 90272 [Updated 5/10]","1221 Bienveneda Ave, Pacific Palisades, CA 90272",USD 2495000,FTK,,
realestate_html/realtor-1482.html,"11057 Copper Hill Dr, Jacksonville, FL 32218 [Updated 5/14]","11057 Copper Hill Dr, Jacksonville, FL",USD 300000,2150 FTK,3,202
realestate_html/realtor-0428.html,"1342 College Ave, Bronx, NY 10456 [Updated 5/14]","2 College Ave, Bronx, NY",USD 275000,FTK,,104
realestate_html/rightmove-0507.html,bedroom detached house for sale in,"Litherland Park, Liverpool, L","0,000",Freehold,05,2
realestate_html/rightmove-1761.html,bedroom park home for sale in,"Abersoch, Pwllheli, LL","£ 1,075,000",Leasehold,3,2
realestate_html/realtor-0686.html,"237 E 65th St, Los Angeles, CA 90003 [Updated 5/13]","E 65th St, Los Angeles, CA 90003",USD 425000,875 FTK,2,13
realestate_html/realtor-0146.html,"83-36 Beverly Rd Unit 6D, Kew Gardens, NY 11415 [Updated 5/14]","83-36 Beverly Rd Unit 6D, Kew Gardens, NY 11415",USD 425000,850 FTK,1,1
realestate_html/realtor-1268.html,"2829 Confederate Ave, Vicksburg, MS 39180 [Updated 5/10]","9 Confederate Ave, Vicksburg, MS 39180",USD 145000,1414 FTK,3,2
realestate_html/propertyguru-1725.html,Nilai Impian : Emilia 3,"Nilai Impian, Nilai, Negeri Sembilan",",000","2,212",4,214
realestate_html/realtor-1904.html,"Spencer Ln Lots 3 & 4, Bella Vista, AR 72715 [Updated 5/13]","Spencer Ln Lots 3 & 4, Bella Vista, AR 72715",USD 35000,FTK,,
realestate_html/propertyguru-0935.html,604B Tampines Avenue 9,604B Tampines Avenue 9,",888",990,3,2
realestate_html/zillow-0861.html,Active,"1507 N Miro St, New Orleans, LA 70119","$ 399,000","1,614",2,2
realestate_html/realestate-1461.html,"Build your dream home 50 CROSBY ROAD,","50 Crosby Road, Rosetta, TAS, 7010","$ 3,245",685 m²,,
realestate_html/realestate-1195.html,"11 Robin Gardens, Stirling, WA 6021","11 Robin Gardens, Stirling, WA","2,906",m²,6,4
realestate_html/propertyguru-1362.html,1 Tanjong,"1 Tanjong, Tanjung Bungah, Penang","3,900,000",",760",4,14
realestate_html/rightmove-0742.html,bedroom apartment for sale in,"Deansgate, Manchester,","£ 750,000",Leasehold,3,3
realestate_html/realtor-1178.html,"128 Peps Point Rd, Hattiesburg, MS 39401 [Updated 5/12]","Peps Point Rd, Hattiesburg, MS 39401",USD 224900,FTK,3,12
realestate_html/rightmove-1138.html,", B48","Bittell Farm Road, Alvechurch, Birmingham, B48 7AF","£ 1,400,000",Ask agent,,
realestate_html/zillow-0821.html,For sale,"2 Shakespeare Avenue #3A, Bronx, NY",$,650,1,1
realestate_html/rightmove-0750.html,bedroom semi-detached bungalow for sale in,"Coulsden Drive, Manchester, M9",",000",FREEHOLD,2,1
realestate_html/realtor-0603.html,"5404 Topeka Dr, Tarzana, CA 91356 [Updated 5/13]","4 Topeka Dr, Tarzana, CA 91356",USD 2995000,4573 FTK,4,4.5
realestate_html/realestate-1024.html,LA,"177 Fisher Street, Malvern, SA",Best Offer By Tues,",",5,12
realestate_html/zillow-0014.html,Active,"4 Burr Flat Rd, Mayflower, AR 72106","$ 18,000",4.41,,--
realestate_html/propertyguru-1472.html,The Clovers,128,"588,000","1,598",3,3
realestate_html/realestate-0780.html,"12/166 Bathurst Street, Hobart, Tas 7000","/166 Bathurst Street, Hobart, Tas 7000","$ 725,000",78 m²,2,2011
realestate_html/realtor-1382.html,"2810 W Xenox Dr, Citrus Springs, FL 34433 [Updated 5/14]","0 W Xenox Dr, Citrus Springs, FL 34433",USD 23900,FTK,344,0
realestate_html/realestate-1452.html,"1802/318 Queen Street, Melbourne, Vic 3000",/,"$ 480,000",,2,1
realestate_html/zillow-1278.html,For sale,"1 Muirfield Dr, Uniontown, OH",$,"2,95",3,4
realestate_html/zillow-1109.html,For sale,22,"$ 595,000","3,",4,1954
realestate_html/propertyguru-1419.html,Taman Desa Resort Duplex condo Freehold Fully Furnished !LAST 2 unit!!! L shape Big Balcony @,"Taman Bukit Desa, Taman Desa, Kuala Lumpur","8,000","1,886",15,4
realestate_html/zillow-0996.html,For sale,"2107 E Fallen Leaf Ln, Phoenix, AZ 850","$ 1,275,000","3,508",4,14
realestate_html/realtor-0673.html,"3126 Oakcrest Dr, Los Angeles, CA 90068 [Updated 5/12]","6 Oakcrest Dr, Los Angeles, CA 90068",USD 1495700,1412 FTK,3,12
realestate_html/propertyguru-0166.html,dunsfold drive,drive,"18,800,000","11,230",6000,14
realestate_html/zillow-1211.html,For sale,331,"$ 399,900",4,6,1912
realestate_html/realtor-1429.html,"Miami, FL 33145 [Updated 5/14]","Miami, FL 33145","$ 1,500,000","5,136 sqft",7,4
realestate_html/rightmove-1726.html,", CH7","Northop, Mold, Flintshire",",000",Freehold,25,4
realestate_html/realestate-0588.html,Entertain in Style – Modern Home with Expansive Alfresco,"Ronan Court, Katherine, NT 0850","$ 590,000",850 m²,4,2
realestate_html/realtor-1898.html,"1602 Harmon Dr, Benton, AR 72015 [Updated 5/13]","1602 Harmon Dr, Benton, AR 72015",USD 154900,1881 FTK,3,720
realestate_html/realestate-0539.html,"27 Ridley Street, Mawson Lakes, SA 5095","Ridley Street, Mawson Lakes, SA 5095",$ 184.34,287 m²,4,20
realestate_html/realtor-1520.html,"155 Dama Del Mar Way, Panama City Beach, FL 32407 [Updated 5/14]","155 Dama Del Mar Way, Panama City Beach, FL 32407",USD 449900,1799 FTK,4,321
realestate_html/realtor-0743.html,"507 S Coronado St, Los Angeles, CA 90057 [Updated 5/12]","507 S Coronado St, Los Angeles, CA 90057",USD 1100000,3090 FTK,4,12
realestate_html/propertyguru-1613.html,[NEW LAUNCH LAKEVIEW CONDO] BANDAR RIMBAYU,"Telok Panglima Garang, Selangor",",000","1,",34,1200
realestate_html/propertyguru-1644.html,The Era,"Jalan Segambut, Dutamas, Kuala Lumpur","422,000",033,1,1
realestate_html/realestate-1034.html,"Elegant City Living Designed for Local Downsizers & Owner-Occupiers 613B/181 WAYMOUTH STREET, ADELAIDE","613B/181 Waymouth Street, Adelaide, SA 5000",$ 1,106 m²,2,
realestate_html/realtor-1563.html,"287 Baker Rd, Melbourne, FL 32934 [Updated 5/14]",34,USD 650000,2334 FTK,34,202
realestate_html/realtor-2006.html,"5909 SW Macasin Ave, Bentonville, AR 72713 [Updated 5/13]","5909 SW Macasin Ave, Bentonville, AR 72713",USD 390000,1868 FTK,3,13
realestate_html/rightmove-0461.html,bedroom detached house for sale in,"Cambridge Road, Formby, Liverpool, L","£ 700,000",Freehold,04,3
realestate_html/zillow-1303.html,New construction,"3 Wood Ave, Miami, FL 33133","$ 10,500,000","5,077",06,8
realestate_html/propertyguru-0034.html,604B Tampines Avenue 9,60,"888,888","1,280",14,3
realestate_html/zillow-0161.html,For sale,", Brooklyn, NY 11237","$ 399,000","4,",8,26
realestate_html/propertyguru-0163.html,102 Bukit Batok West Avenue 6,Bukit Batok West Avenue 6,"850,000","1,",3,102
realestate_html/propertyguru-1090.html,6],"Bandar Sunway, Sunway, Selangor",",000","1,000",13,2
realestate_html/propertyguru-1128.html,Forest Hill Residences,"A, Damansara Perdana, Selangor","548,000",95,3,2
realestate_html/realestate-1585.html,"Make it work for you! 2 RASHLEIGH ROAD, WUDINNA","2 Rashleigh Road, Wudinna, SA 5652",$,"1,63",7,4
realestate_html/realtor-1577.html,"4109 Residence Dr Apt 514, Fort Myers, FL 33901 [Updated 5/14]","4109 Residence Dr Apt 514, Fort Myers, FL 33901",USD 167500,1003 FTK,2,2
realestate_html/propertyguru-1389.html,LaVille,"Jln Dutamas 6, Cheras, Selangor","1,450,000","4,005",7,7
realestate_html/zillow-1187.html,New,", Chicago, IL 60657",$,--,2,12
realestate_html/realtor-1551.html,"10212 Holland Rd, Riverview, FL 33578 [Updated 5/14]","Holland Rd, Riverview, FL 33578",USD 479500,2686 FTK,4,102
realestate_html/propertyguru-1499.html,Orion,"Jln Gading, Bukit Bintang, Bukit Bintang, KL City Centre, Kuala Lumpur","4,070,000","1,271",3,132
realestate_html/zillow-0969.html,For sale,"W Ranch Rd, Farmington, UT",$ 1,",370",05,4
realestate_html/zillow-1003.html,For sale,"El Roble Ln, Beverly Hills, CA 90210","$ 1,895,000","1,920",256,213
realestate_html/realestate-1017.html,"17/289 Queen Street, Brisbane City, Qld 4000",17/,$ 730.00,82 m²,2,1931
realestate_html/rightmove-1320.html,", B",1QP,"£ 700,000",Freehold,04,3
realestate_html/rightmove-1731.html,bedroom detached house for sale in,"Lon Sarn Bach, Abersoch, Gwynedd, LL53","£ 1,250,000",Freehold,4,04
realestate_html/propertyguru-0252.html,Telok Kurau! 3 Storey Semi-D! 1km Taonan,Telok Kurau / Jalan Baiduri,"100,000","2,900",6,15
realestate_html/propertyguru-1938.html,Rawang Kota Emerald New Launch 20x70 Freehold,"Jalan KE, Kota Emerald, Rawang, Selangor",",000","1,800",24,3
realestate_html/realestate-1642.html,"Two Level Converted Warehouse 3/3 STEWART STREET, MELBOURNE","3/3 Stewart Street, Melbourne, Vic 3000","$ 750,000",,2,1
realestate_html/zillow-1024.html,For sale,2220,"$ 699,000","1,",3,14
realestate_html/realestate-1718.html,"OVERSIZED TWO BEDROOM RESIDENCE RESIDENCE 11/34 PATRICK STREET, HOBART","Residence 11/34 Patrick Street, Hobart, Tas 7000","$ 975,000",116 m²,2,14
realestate_html/zillow-1057.html,"2413 Guilford Dr, Baton Rouge, LA 70808 | MLS #2025001007 | Zillow","Guilford Dr, Baton Rouge, LA 70808",$,"1,894",163,2
realestate_html/zillow-0021.html,Contingent,"Camp 4 Rd, Wakefield, MI 49968","$ 69,000",40,,--
realestate_html/rightmove-0614.html,bedroom semi-detached house for sale in,"7 Mauldeth Road, Heaton Mersey, SK","£ 1,200,000",Freehold,16,04
realestate_html/rightmove-1205.html,", B17","Ravenhurst Road, Harborne, Birmingham, B17 9HT",",000",Freehold,04,2
realestate_html/rightmove-0493.html,bedroom detached house for sale in,"Litherland Park, Liverpool, L","£ 670,000",Freehold,3,2
realestate_html/realestate-0737.html,"208/12-14 Wirra Drive, New Port, SA 5015","-14 Wirra Drive, New Port, SA 5015",Expansive Balcony With Water Views Inspection Wed,164 m²,2,12
realestate_html/realtor-0236.html,"229 Withers St Unit 3C, Brooklyn, NY 11211 [Updated 5/13]","Withers St Unit 3C, Brooklyn, NY 11211",USD 925000,605 FTK,1,11
realestate_html/rightmove-1968.html,", SO31","Manchester Road, Netley Abbey, Southampton",",000",Freehold,5,1852
realestate_html/rightmove-0809.html,bedroom semi-detached house for sale in,"Great Clowes Street, Salford, M7","0,000",Freehold,136,2
realestate_html/realtor-0884.html,"256 Eastbrooke St, Jackson, MS 39216 [Updated 5/14]",6,USD 625000,3789 FTK,4,202
realestate_html/realestate-0068.html,"101/501 Queen Street, Brisbane City, Qld 4000","101/501 Queen Street, Brisbane City, Qld 4000",$ 500,180 m²,3,2
realestate_html/zillow-0291.html,Coming soon,"158 Cedar Knolls Rd, Hanover Twp., NJ 07981","$ 875,000","2,970",4,3
realestate_html/propertyguru-2005.html,Pangsapuri Setia Impian @ Kajang,"Jade Hills, Seri Kembangan, Selangor",",000","1,",130,2
realestate_html/zillow-1333.html,For sale,6,$,"2,",250,104
realestate_html/zillow-1382.html,For sale,7,"$ 399,000",",",14,02
realestate_html/realestate-0816.html,"1213/180 Morphett Street, Adelaide, SA 5000","3/180 Morphett Street, Adelaide, SA 5000",$ 403,63 m²,1,1
realestate_html/rightmove-1727.html,", LL",Custom built 2012 home set in six acres in Erbistock,"£ 1,250,000",Ask agent,4,03
realestate_html/realtor-1226.html,"3299 E Woodland Trce, Southaven, MS 38672 [Updated 5/10]","9 E Woodland Trce, Southaven, MS 38672",USD 625000,4733 FTK,4,2
realestate_html/zillow-1010.html,New,"9 N Seminary Ave #A, Chicago, IL 606",$,-,02,1
realestate_html/rightmove-1548.html,", NG14","Main Street, Woodborough, Nottinghamshire, NG14 6EA","0,000",Freehold,5,03
realestate_html/propertyguru-2026.html,Melawati New Landed Gated Guarded House Club House Facilities CASHBACK Free MOT Ampang Ukay Melawati,"Taman Melawati, Ulu Kelang, Kuala Lumpur","1,500,000","4,000",6,6
realestate_html/realestate-1417.html,"Tropical Living At It's Best 17 LUCY STREET, KATHERINE","17 Lucy Street, Katherine, NT 0850","9,000","1,110 m²",13,2
realestate_html/realtor-1058.html,"2458 Kanoa Way, Diamondhead, MS 39525 | Realtor.com®","8 Kanoa Way, Diamondhead, MS",$ 968,FTK,395,25
realestate_html/propertyguru-1712.html,The LIGHT COLLECTION I,"- Jalan Pantai Sinaran, Gelugor, Penang",",000","3,132",4,15
realestate_html/rightmove-0978.html,", YO17","The Old Lodge Hotel, Old Maltongate, Malton, YO17 7EG",",",Freehold,29,
realestate_html/propertyguru-0191.html,holland grove view estate,holland grove view,",000","2,152",6,15
realestate_html/realestate-0687.html,"/22-24 JANE BELL LANE, MELBOURNE","/22-24 Jane Bell Lane, Melbourne, Vic 3000","$ 659,900",74 m²,1,1
realestate_html/realtor-0404.html,"70-25 Yellowstone Blvd Unit 17Y, Forest Hills, NY 11375 [Updated 5/13]","70-25 Yellowstone Blvd Unit 17Y, Forest Hills, NY 11375",USD 475000,920 FTK,2,1
realestate_html/realtor-0970.html,"15935 Blue Ridge Dr, Gulfport, MS 39503 [Updated 5/13]","35 Blue Ridge Dr, Gulfport, MS 39503",USD 307395,1948 FTK,4,2
realestate_html/realtor-0648.html,"2701 Jalmia Dr, Los Angeles, CA 90046 [Updated 5/12]","1 Jalmia Dr, Los Angeles, CA 90046",USD 2095000,2550 FTK,4,12
realestate_html/rightmove-0454.html,", L22","Alexandra Road, Waterloo, Liverpool","£ 715,000",Freehold,9,4
realestate_html/realtor-1807.html,"Tbd River Overlook Loop, Van Buren, AR 72956 [Updated 5/13]","Tbd River Overlook Loop, Van Buren, AR 72956",USD 40000,FTK,4,2
realestate_html/rightmove-1177.html,bedroom semi-detached house for sale in,"Bristol Road, Edgbaston, Birmingham, B5","£ 1,075,000",Freehold,4,03
realestate_html/rightmove-0101.html,", W1K","Grosvenor Square, Mayfair","£ 18,000,000",Freehold,7,48
realestate_html/rightmove-0161.html,bedroom detached house for sale in,"Prince Albert Road, Regents Park, NW1",",",Freehold,07,05
realestate_html/rightmove-0348.html,", L","Mayfield Court, Victoria Road, Formby, Liverpool",",000",Freehold,05,213
realestate_html/zillow-0646.html,"833 N Camino Pico, Washington, UT 84780 | MLS #25-261484 | Zillow",780,"$ 900,000",",227",4,13
realestate_html/realtor-2021.html,"212 N Pine St, Marvell, AR 72366 [Updated 5/13]","N Pine St, Marvell, AR 72366",USD 69900,936 FTK,3,72
realestate_html/propertyguru-1713.html,LaVille,"Jln Dutamas 6, Cheras, Selangor","1,150,000","2,500",4,3
realestate_html/rightmove-1109.html,", B21",*,"£ 2,750,000",Freehold,5,2
realestate_html/realtor-1877.html,"Block 2 Lot 160, Wilshire Rd Fairfield Bay, AR 72088 [Updated 5/14]","Block 2 Lot 160, Wilshire Rd Fairfield Bay, AR 72088",USD 2500,FTK,,
realestate_html/realestate-1192.html,"BUILD COMPLETE & READY FOR INVESTORS ADDRESS AVAILABLE ON REQUEST, BERRIMAH","Address available on request, Berrimah, NT 08","$ 789,000",8 m²,146,12
realestate_html/propertyguru-0260.html,240 Jurong East Street 21,Jurong East Street,"650,000","1,",130,2
realestate_html/rightmove-1589.html,", NG14","The Meadows, Woodborough, Nottingham","£ 700,000",Freehold,240,3
realestate_html/propertyguru-1057.html,-storey,"Taman Lestari Putra, Seri Kembangan, Selangor","698,000","1,600",4,3
realestate_html/propertyguru-0589.html,449B Bukit Batok West Avenue 9,449B Bukit Batok West Avenue 9,",000","1,001",3,2
realestate_html/rightmove-0262.html,", NW8","Hamilton Drive, St John's Wood, London, NW8, United Kingdom",",000",Freehold,04,15
realestate_html/realestate-0304.html,"A/8 FRANKLIN STREET, MELBOURNE","a/8 Franklin Street, Melbourne, Vic 3000","$ 600,000",5 m²,2,1
realestate_html/realestate-0195.html,"Renovation and Development Opportunity (S.T.C.A)! 8 CUMMING DRIVE, HOPPERS CROSSING","8 Cumming Drive, Hoppers Crossing, Vic","$ 500,000",674 m²,3,1
realestate_html/realtor-0961.html,"Cedar Crst Cv Lot 27, Byhalia, MS 38611 [Updated 5/13]","Cedar Crst Cv Lot 27, Byhalia, MS 38611",USD 89000,FTK,,
realestate_html/zillow-1285.html,For sale,"5 Dicksonia Dr, Lexington, KY 40517",$,"2,218",3,13
realestate_html/rightmove-1513.html,", NG8","Bilborough Road, Nottingham","£ 795,000",Freehold,3,2
realestate_html/realtor-1780.html,"3200 Edgemont Rd, Quitman, AR 72131 [Updated 5/14]","0 Edgemont Rd, Quitman, AR 72131",USD 89000,FTK,,13
realestate_html/zillow-1163.html,Active,10,$,"2,",250,24
realestate_html/rightmove-0880.html,bedroom detached house for sale in,"Osgoodby, Osgoodby, Thirsk, North Yorkshire, YO7","£ 3,000,000",Freehold,5,04
realestate_html/realtor-0112.html,"104-48 37th Dr Unit 3A, Corona, NY 11368 [Updated 5/14]","-48 37th Dr Unit 3A, Corona, NY 11368",USD 549888,747 FTK,3,113
realestate_html/rightmove-0640.html,", SK4","42 Queens Drive, SK4",",000",Freehold,5,3
realestate_html/rightmove-0155.html,", W11","Stanley Gardens, Notting Hill, London, W11, United Kingdom","000,000",Freehold,6,6
realestate_html/zillow-0518.html,Coming Soon,"515 Illini Dr, East Peoria, IL 61611",$,",",3,3
realestate_html/rightmove-0643.html,", M3","The Edge, Clowes Street, Salford","£ 950,000",Leasehold,2,152
realestate_html/zillow-1275.html,For sale,37,$,"1,877",14,124
realestate_html/propertyguru-1951.html,The,"Jalan Sutera Dahlia, Skudai, Johor","888,000","1,400",3,3
realestate_html/zillow-1348.html,"4270 Deborah Ct, Mount Airy, MD 21771 | MLS #MDFR2064930 | Zillow","70 Deborah Ct, Mount Airy, MD 21771",$ 77,"3,282",4,4
realestate_html/realtor-0660.html,for rent,"17000 Burbank Blvd Apt 110, Los Angeles, CA, 91316, USA","$ 2,500",825 FTK,1,110
realestate_html/realestate-1474.html,-Bedroom Duplex in Berrimah - Modern & Comfortable Living,"18/69 Boulter Road, Berrimah, NT 08","$ 469,000",110 m²,13,2
realestate_html/realestate-1562.html,"106 Rutland Avenue, Lathlain, WA 6100","106 Rutland Avenue, Lathlain, WA 6100","$ 1,550,000",467 m²,4,1
realestate_html/rightmove-1950.html,bedroom detached house for sale in,"Brookvale Road, Highfield, Southampton, Hampshire, SO17","£ 1,175,000",Freehold,5,3
realestate_html/zillow-1032.html,For sale,"2276 La Granada Dr, Los Angeles, CA 90068","$ 2,995,000",",",240,3
realestate_html/rightmove-0676.html,",","Victoria Road, Ellesmere Park, Manchester","£ 850,000",Freehold,04,3
realestate_html/zillow-1527.html,"6012 Innes Trace Rd, Louisville, KY 40222 | MLS #1687930 | Zillow","6012 Innes Trace Rd, Louisville, KY 40222","$ 800,000",",",5,5
realestate_html/realtor-0016.html,"Withheld Withheld, Brooklyn, NY 11210 [Updated 5/14]","Withheld Withheld, Brooklyn, NY 11210",USD 2380000,2732 FTK,7,4.5
realestate_html/propertyguru-0611.html,Corner Terrace w Basement ⭐,"Serangoon Gardens, Portchester, Birdport",",","2,221",255,14
realestate_html/realestate-1185.html,"590 Litchfield Park Road, Rum Jungle, NT 0822","590 Litchfield Park Road, Rum Jungle, NT 0822",$ 450,.,345,10
realestate_html/realtor-0010.html,"10 Snowden Ave, Delmar, NY 12054 [Updated 5/14]","10 Snowden Ave, Delmar, NY 12054",USD 419000,1931 FTK,3,2.5
realestate_html/rightmove-1178.html,bedroom semi-detached house for sale in,"St Agnes Road, Moseley, Birmingham, B13","£ 1,050,000",Freehold,7,2
realestate_html/propertyguru-0050.html,The Peak @ Cairnhill I,Cairnhill Circle,"285,000",527,3,1
realestate_html/realestate-1117.html,"BALFOURS WAY, ADELAIDE",704/,Contact Agent,,1,1
realestate_html/realtor-1451.html,"7911 Grand Estuary Trl Unit 201, Bradenton, FL 34212 [Updated 5/14]","7911 Grand Estuary Trl Unit 201, Bradenton, FL 34212",USD 320000,1296 FTK,2,2
realestate_html/zillow-2028.html,For sale by owner,740,"$ 80,000","1,48",1983,102
realestate_html/realestate-1411.html,"14/154 Banksia Street, Tuart Hill, WA 6060","/154 Banksia Street, Tuart Hill, WA 6060","home space. Luxury meets practicality with stone benchtops, soft-close cabinetry, and high-end appliances, all complemented by ducted zoned air conditioning for year-round comfort.","ideal as a retreat, study, or lounge ✅ Open-plan living and dining flowing out to alfresco ✅ Flexible fourth bedroom dow",4,
realestate_html/propertyguru-1083.html,Sri Kayangan (Casa Desira),", Ulu Kelang, Selangor",",000",0,3,12
realestate_html/realtor-0471.html,"14704 Germain St, Mission Hills, CA 91345 [Updated 5/14]","14704 Germain St, Mission Hills, CA 91345",USD 924999,1444 FTK,3,2
realestate_html/realtor-0221.html,"292 Stone Church Rd, Ballston Spa, NY 12020 [Updated 5/14]","292 Stone Church Rd, Ballston Spa, NY 12020",USD 450000,2016 FTK,4,120
realestate_html/realestate-1988.html,"328 Meadowbrook Ramble, Bullsbrook, WA 6084","Meadowbrook Ramble, Bullsbrook, WA 6084","$ 999,000",3.22ha Bedrooms & bathrooms Built-in wardrobes Parking Carport spaces: 1 Heating & cooling Air conditioning Open firepla,3rd,2
realestate_html/zillow-0306.html,Active,"186 Wilcox Dr, Mountain View, AR 72560","$ 475,000",000,3,3
realestate_html/realtor-1334.html,"5025 Iron Horse Way, Ave Maria, FL 34142 [Updated 5/14]","5025 Iron Horse Way, Ave Maria, FL 341",USD 599000,3086 FTK,3,341
realestate_html/rightmove-1504.html,", NG3","Mapperley Plains, Mapperley, Nottinghamshire, NG3","£ 800,000",Freehold,25,34
realestate_html/realtor-0912.html,for rent,"15373 Saint Charles St, Gulfport, MS, 39503, USA",$ 795,"1,650 sqft",3,3
realestate_html/realestate-1874.html,Charming Sandy Bay Home with Space & Style,"Queen Street, Sandy Bay, Tas 7005",$ 1,369 m²,4,2
realestate_html/realtor-0774.html,"2664 Loosmore St, Los Angeles, CA 90065 [Updated 5/12]","4 Loosmore St, Los Angeles, CA 90065",USD 1170000,1680 FTK,5,12
realestate_html/zillow-0826.html,For sale,"1401 Lowell Ave #31, Park City, UT 84060","$ 1,350,000","1,",2,12
realestate_html/propertyguru-0181.html,29 SOMMERVILLE WALK,SOMMERVILLE WALK,"12,800,000",",",7,6
realestate_html/realestate-0479.html,"HAMDORF STREET, KATHERINE","Hamdorf Street, Katherine, NT 0850","$ 645,000",750 m²,3,12
realestate_html/propertyguru-1562.html,Pavilion Suites,"Jalan Bukit Bintang, Bukit Bintang, 55100, Bukit Bintang, KL City Centre, Kuala Lumpur","3,800,000","1,",2,12
realestate_html/rightmove-0636.html,",",0 9LQ,"£ 975,000",Freehold,4,03
realestate_html/rightmove-1197.html,", B47","Willow Gardens, Lea Green Lane, Wythall, Birmingham, Worcestershire, B47 6AZ","£ 960,000",Freehold,5,3
realestate_html/rightmove-1706.html,", LL22","Betws Yn Rhos, Abergele",",000",Freehold,04,3
realestate_html/propertyguru-1096.html,"OUG SKY PENTHOUSE, 20 FEETS CEILING HEIGHT, FREE TV SOFA & FRIDGE!!","Bukit Jalil, Kuala Lumpur",",000","1,864",115,3
realestate_html/realestate-1676.html,"10/18 Gould Street, Turner, ACT 2612","10/18 Gould Street, Turner, ACT","$ 675,000",100 m²,2,2
realestate_html/propertyguru-1608.html,Mutiara Ville,"Persiaran Sepang Off Persiaran Multimedia,, Cyberjaya, Selangor",",000",975,3,2
realestate_html/propertyguru-1716.html,Sungai Long New 3 Sty Corner Semi D Below Market Price,"Mutiara Heights, Kajang, Selangor","1,400,000",",100",16,275
realestate_html/realtor-0348.html,"31 Wagon Ln E, Centereach, NY 11720 [Updated 5/14]","31 Wagon Ln E, Centereach, NY 11720",USD 529999,1400 FTK,4,1
realestate_html/propertyguru-1492.html,New 22'x70' - 3 Storey Superlink at Hilltop with Greenery Ambience,"Taman Segambut, Jalan Kuching, Kuala Lumpur","1,175,000","3,124",5,5
realestate_html/propertyguru-1554.html,"MAPLE RESIDENCE, CORNER LOT, 2STOREY TERRACE WITH FURNISHED","11, Cyberjaya, Selangor",",000",",833",5,24
realestate_html/rightmove-1052.html,", LS26","Croft House, 16-18 Calverley Road, Oulton, Leeds, LS26 8JQ","£ 1,800,000",Freehold,04,3
realestate_html/rightmove-0540.html,bedroom detached house for sale in,"Thomas Drive, Liverpool, Merseyside, L","£ 620,000",Freehold,5,04
realestate_html/propertyguru-1094.html,Vista,"Danga Bay, Johor Bahru, Johor","715,000","1,07",3,2
realestate_html/realtor-2001.html,"207 Hyacinth Cir, Hot Springs, AR 71913 [Updated 5/13]","207 Hyacinth Cir, Hot Springs, AR 71913",USD 219950,2303 FTK,13,13
realestate_html/propertyguru-1488.html,Cyberjaya Condo 【Fully Furnished】with cashback and 0 d/p,"Jalan teknokrat, Cyber 4, Cyberjaya, Selangor",",000",450,4,1
realestate_html/zillow-0340.html,For sale,"-40 18 Avenue #4K, Bayside, NY",$,"1,600",3,2
realestate_html/rightmove-1612.html,", NG3","Arlington Drive, Nottingham","£ 695,000",Freehold,4,2
realestate_html/rightmove-0062.html,bedroom penthouse for sale in,"The Bishops Avenue, Hampstead, London, N2",",000",Share of Freehold,5,6
realestate_html/realestate-1518.html,Sell,"Hopetoun-Ravensthorpe Road, Ravens","$ 220,000",.,,
realestate_html/realestate-0235.html,"44B Edmondson Crescent, Karrinyup, WA 6018","44B Edmondson Crescent, Karrinyup, WA 6018",$ 0,"Modern kitchen with breakfast bar and quality cabinetry - Undercover alfresco with easy care gardens - Master suite, wal",3,12
realestate_html/propertyguru-0740.html,The Scala @ Lorong Chuan,130 Serangoon Avenue 3,"1,750,000",850,3,2
realestate_html/rightmove-1974.html,bedroom detached house for sale in,"Sedgemead, Netley Abbey, SO","£ 900,000",FREEHOLD,24,3
realestate_html/propertyguru-0103.html,The Florence Residences,Hougang Avenue,"580,000",807,2,1
realestate_html/zillow-0954.html,For sale,"1892 N Dubuque Rd, Iowa City, IA 52245",$,"1,91",3,3
realestate_html/realestate-1691.html,"Impressive Family home with access and swimming pool 39 PAMPLONA BOULEVARD, PORT KENNEDY","39 Pamplona Boulevard, Port Kennedy, WA 617","$ 759,000",559 m²,4,2
realestate_html/rightmove-1733.html,", LL15","Ruthin, Denbighshire","£ 1,250,000",Freehold,17th,24
realestate_html/propertyguru-0622.html,Flame Tree Park,1 Sin Ming Avenue,"480,000","1,862",3,13
realestate_html/rightmove-1540.html,bedroom semi-detached house for sale in,"Henry Road, West Bridgford, Nottingham, Nottinghamshire, NG","0,000",Freehold,35,2
realestate_html/rightmove-0021.html,", W2","Park Place Villas, Little Venice, London, W2, United Kingdom","£ 25,000,000",Freehold,1840,27
realestate_html/propertyguru-0967.html,The Watergardens at Canberra,35 Canberra Drive,"1,348,888",753,3,12
realestate_html/zillow-1599.html,For sale,71,$,"3,",174,4
realestate_html/realtor-0616.html,for rent,"5636 Broadway St Unit 2, Los Angeles, CA, 90037, USA","$ 2,599",900 FTK,2,1
realestate_html/realestate-1536.html,"6 Rudolph Avenue, Findon, SA 5023","6 Rudolph Avenue, Findon, SA 5023",$ 1,400 m²,4,2
realestate_html/rightmove-1306.html,bedroom semi-detached house for sale in,"Emerson Road, Birmingham, B17",",000",Freehold,3,2
realestate_html/zillow-1627.html,Accepting back-up offers,4,$,",",138,122
realestate_html/rightmove-1964.html,bedroom detached house for sale in,"Beechmount Road, Bassett, Southampton, Hampshire, SO16",",000",Freehold,2015,04
realestate_html/zillow-0227.html,For sale,"106 Morgan Rd, Oak Ridge, TN",$,"1,965",4,130
realestate_html/realestate-0551.html,/,/,"$ 670,000",4 m²,3,1
realestate_html/rightmove-0894.html,", S17","Vicarage Lane, Dore Village, Sheffield",",000",Freehold,05,4
realestate_html/propertyguru-1691.html,The Astaka @ 1 Bukit Senyum,"1 1 Bukit Senyum, Jalan Terbau, Johor Bahru, Johor","1,400,000","1,197",3,2
realestate_html/realtor-0297.html,"40 Mount Pleasant Rd, Yonkers, NY 10703 [Updated 5/14]","40 Mount Pleasant Rd, Yonkers, NY 10703",USD 689000,1350 FTK,3,2
realestate_html/realestate-1119.html,"/95 ELIZABETH STREET, HOBART","/95 Elizabeth Street, Hobart, Tas 7000","$ 915,000",154 m²,1300,2
realestate_html/realtor-1167.html,"423 Grant Fox Dr, Brandon, MS 39047 [Updated 5/13]","3 Grant Fox Dr, Brandon, MS 39047",USD 269900,1680 FTK,390,202
realestate_html/rightmove-0459.html,bedroom detached house for sale in,"Rowen Court, Liverpool, L17","£ 700,000",Freehold,35,152
realestate_html/zillow-1868.html,For sale,50,"$ 199,950",",077",3,122
realestate_html/rightmove-1850.html,", CH",9DJ,",000",FREEHOLD,08,25
realestate_html/zillow-0424.html,For sale,"338 Decker Ave, Staten Island, NY 1030",$,"1,760",14,2
realestate_html/rightmove-0944.html,", LS","Low Park Farm, Chantry Lane, Hazlewood, Tadcaster",",000",Freehold,5,04
realestate_html/zillow-1882.html,For sale,01 N,$,"2,",14,3
realestate_html/realtor-1523.html,"5405 US Highway 19, Palmetto, FL 34221 [Updated 5/14]",1,USD 329000,FTK,1,22
realestate_html/zillow-1182.html,For sale,5,$,"1,171",3,102
realestate_html/realtor-1168.html,"121 Vinca Dr, Madison, MS 39110 [Updated 5/11]","Vinca Dr, Madison, MS 39110",USD 569000,3188 FTK,4,202
realestate_html/zillow-0965.html,New,", Chicago, IL 60657",$,-,02,1
realestate_html/rightmove-1252.html,", B38","Hazelbank, Kings Norton, Birmingham, B38 8BT","£ 800,000",Freehold,4,02
realestate_html/realtor-0882.html,"Cedar Crest Cv Lot 33, Byhalia, MS 38611 [Updated 5/14]","Cedar Crest Cv Lot 33, Byhalia, MS 38611",USD 89000,FTK,,
realestate_html/rightmove-1432.html,", NG9","Beeston Fields Drive, Beeston","£ 1,185,000",Freehold,24,3
realestate_html/realtor-1326.html,"114 Pickering Dr, Kissimmee, FL 34746 [Updated 5/14]","114 Pickering Dr, Kissimmee, FL 34746",USD 47500,1012 FTK,34,2
realestate_html/propertyguru-1845.html,One Residence,"One Residences Jln Sg. Besi, Off Jln Satu, KL City Centre, Kuala Lumpur","599,000",675,2,2
realestate_html/realestate-0940.html,"MARGARET STREET, BRISBANE CITY",Level 68-81/,$ 1,,2,2
realestate_html/realestate-0118.html,Entertainers Dream - The biggest balcony on the block! 18/580 HAY,"18/580 Hay Street, Perth, WA 6000",CALL TODAY FOR A PRIVATE VIEWING,75 m²,2,2
realestate_html/zillow-0931.html,For sale,"B St, Iowa City, IA 52245",$,"2,169",3,1939
realestate_html/rightmove-1792.html,bedroom detached house for sale in,"Gannock Park, Deganwy, LL","£ 975,000",Freehold,3,2
realestate_html/propertyguru-0343.html,Lorong Tanggam @ Jalan Kayu,Lorong Tanggam,"700,000",",01",4,12
realestate_html/propertyguru-1338.html,[NEW LAUNCH SEMI-D] KOTA KEMUNING,"Kota Kemuning, Shah Alam, Selangor","1,200,000","2,",274,156
realestate_html/realestate-1735.html,"33/9 May Street, Ludmilla, NT 0820","33/9 May Street, Ludmilla, NT 0820","$ 1,772",ideal for dry-season entertaining.,3,10
realestate_html/realtor-1713.html,"616 Osman Rd, Jacksonville, FL 32225 [Updated 5/14]",25,USD 315000,1448 FTK,3,202
realestate_html/zillow-0273.html,"135 Mackenzie Dr, Pickerington, OH 43147 | MLS #225018594 | Zillow",7,$,"3,",156,184
realestate_html/zillow-0176.html,For sale,3,$,"2,",15,14
realestate_html/propertyguru-0824.html,Novo Place,Plantation Close,",000",87,3,2
realestate_html/zillow-0401.html,For sale,"W Ithica St, Broken Arrow, OK 740",$,"1,",3,12
realestate_html/propertyguru-0837.html,271 Toh Guan Road,Toh Guan Road,"750,000","1,076",3,2
realestate_html/rightmove-1510.html,", NG2","Abbey Road, West Bridgford, Nottingham, NG2 5NE","£ 799,995",Freehold,4,13
realestate_html/propertyguru-0675.html,Opera Estate,14 Aida Street,"999,999","2,89",3,06
realestate_html/rightmove-1783.html,", CH7","Glan Llyn Farmhouse, Pant Du Road, Mold, CH7 4DD","£ 995,000",Freehold,6,6
realestate_html/realestate-1186.html,"363 Walcott Street, North Perth, WA 6006","3 Walcott Street, North Perth, WA 6006","$ 1,252.08",682 m²,3,104
realestate_html/zillow-0964.html,Active,"St, Brooklyn, NY 112","$ 1,050,000","1,656",1944,23
realestate_html/propertyguru-0872.html,17A Telok Blangah Crescent,17A Telok Blangah Crescent,"800,000","1,076",13,2
realestate_html/rightmove-1571.html,bedroom detached house for sale in,"Coombe Close, Wollaton Park, Nottingham, NG8","£ 730,000",Freehold,4,1
realestate_html/zillow-1589.html,"6929 Hubbard Dr, Dayton, OH 45424 | MLS #934592 | Zillow","6929 Hubbard Dr, Dayton, OH","$ 290,000","2,",142,3
realestate_html/rightmove-1395.html,", NG","Priory Road, West Bridgford",",000",Freehold,355,2
realestate_html/zillow-0949.html,For sale,"1861 NW South River Dr UNIT 1805, Miami, FL 331","$ 394,999","1,",2,02
realestate_html/rightmove-1256.html,", B20","Hamstead Hill, Birmingham","£ 800,000",Freehold,5,5
realestate_html/propertyguru-1996.html,Kota Kemuning,"persiaran oleander, Kota Kemuning, Shah Alam, Selangor","860,000","2,000",4,4
realestate_html/zillow-1300.html,For sale,"-Q1, Park City, UT 84098","$ 350,000","1,",2,182
realestate_html/rightmove-1838.html,bedroom detached house for sale in,"Porth Ceiriad, Cilan, Nr Abersoch, Gwynedd, LL53","£ 895,000",Freehold,4,4
realestate_html/realtor-1923.html,"727 Forbes Dr, Bald Knob, AR 72010 [Updated 5/13]","7 Forbes Dr, Bald Knob, AR 72010",USD 159900,1227 FTK,3,720
realestate_html/realestate-1809.html,A,"A Sycamore Road, Risdon Vale, Tas 70","$ 450,000",875 m²,3,1
realestate_html/realtor-0235.html,"125 Carriage Blvd, Rotterdam, NY 12306 [Updated 5/14]",06,USD 378000,1828 FTK,3,123
realestate_html/zillow-2022.html,Active,"0 Robert Rd, Covington, LA 70",$,",136",14,12
realestate_html/realestate-1084.html,"Stunning Views of Beetaloo Valley 548 MILLS RD, BEETALOO VALLEY","548 Mills Rd, Beetaloo Valley, SA 55","$ 450,000",.,45,12
realestate_html/zillow-1143.html,For sale,"1 W Margy Ct, Phoenix, AZ 85017",$,",",03,102
realestate_html/realestate-1120.html,"6 Byron Street, Brighton, Vic 3186",6,$,88,4,3
realestate_html/propertyguru-1987.html,Perumahan Permatang Badak Maju,"Kuantan, Pahang",",000","1,000",3,2
realestate_html/propertyguru-0170.html,The Marbella,29 Mount Sinai Rise,"899,999","1,582",3,13
realestate_html/rightmove-0965.html,House for sale in,"The Boars Head Hotel & Birchwood House Annexe, Ripley, Near Harrogate, North Yorkshire, HG3","£ 2,250,000",Freehold,,
realestate_html/realtor-1748.html,"18548 N West Ave, Lead Hill, AR 72644 [Updated 5/14]","8 N West Ave, Lead Hill, AR 72644",USD 124900,1120 FTK,2,72
realestate_html/propertyguru-0030.html,542 Hougang Avenue 8,Hougang Avenue 8,"790,000","1,",4,12
realestate_html/realtor-1786.html,"1110 Rockwell Dr, Conway, AR 72032 [Updated 5/14]","1110 Rockwell Dr, Conway, AR 72032",USD 245000,1685 FTK,4,202
realestate_html/realtor-1673.html,"1720 NW North River Dr Apt 203, Miami, FL 33125 [Updated 5/14]","NW North River Dr Apt 203, Miami, FL 33125",USD 260000,634 FTK,1,25
realestate_html/rightmove-0160.html,", SW1X","William Street, Knightsbridge, London, SW1X, United Kingdom","£ 15,950,000",Leasehold,4,4
realestate_html/rightmove-1056.html,", S81","Lindrick House, Lindrick Common, Worksop, Nottinghamshire, S81 8BA","£ 1,800,000",Freehold,15,3
realestate_html/realtor-1791.html,"1303 E 21st St, Stuttgart, AR 72160 [Updated 5/14]",160,USD 165000,1806 FTK,3,202
realestate_html/propertyguru-0549.html,One Tree Hill Residence,1A One Tree Hill,"5,500,000","2,207",3,14
realestate_html/propertyguru-0903.html,One Tree Hill Residence,1A One Tree Hill,"600,000","2,207",14,05
realestate_html/realtor-1106.html,"192 Arbor Vw Lot 192, Brandon, MS 39047 [Updated 5/13]","Arbor Vw Lot 192, Brandon, MS 39047",USD 250000,FTK,3,202
realestate_html/propertyguru-1497.html,"TRIA Seputeh in 9 Seputeh, Kuala Lumpur","No.1, Jalan Telok Datok, Off Jalan Klang Lama, Seputeh, Kuala Lumpur","1,080,000","1,",151,1733
realestate_html/zillow-0524.html,For sale,"E Townley Ave, Phoenix, AZ 850","$ 369,000","1,51",14,2
realestate_html/rightmove-0851.html,bedroom detached house for sale in,"Granville Road, Middlesbrough, North Yorkshire, TS1","£ 4,000,000",Freehold,31,31
realestate_html/realtor-0014.html,"1168 McClellan St, Schenectady, NY 12309 [Updated 5/14]",09,USD 468000,2132 FTK,4,123
realestate_html/propertyguru-0921.html,606 Senja Road,606 Senja Road,"950,000","1,",13,129
realestate_html/propertyguru-1177.html,FOREST CITY,"Galeri Jualan Mentari, Presint Aurora, Jalan Forest City1, Pulau Satu, Nusajaya, Iskandar Puteri (Nusajaya), Johor","1,150,000",",034",2,136
realestate_html/propertyguru-1937.html,Rawang Gamuda Gardens New 2 storey Freehold Near Highway,"Rawang Gamuda Garden Freehold Near Highway, Rawang, Selangor","659,000","1,800",4,4
realestate_html/realtor-0173.html,"431 Greene Ave, Brooklyn, NY 11216 [Updated 5/14]","431 Greene Ave, Brooklyn, NY 11216",USD 3650000,3360 FTK,7,112
realestate_html/rightmove-0615.html,bedroom detached house for sale in,"Lambton Road, Worsley, M28","£ 1,195,000",Freehold,4,03
realestate_html/realestate-1957.html,"/34 PATRICK STREET, HOBART","/34 Patrick Street, Hobart, Tas 7000","$ 1,450,000",167 m²,2,21
realestate_html/zillow-0886.html,For sale by owner,"1609 S Shore Dr, Park City, UT 84098","$ 1,475,000","1,66",13,102
realestate_html/realtor-1174.html,"18065 Carson Ct, Saucier, MS 39574 [Updated 5/12]","18065 Carson Ct, Saucier, MS 39574",USD 539900,3913 FTK,4,12
realestate_html/realestate-1273.html,"23 Harbour View Terrace, Victor Harbor, SA 5211",1,"$ 1,180,000",491 m²,,2
realestate_html/realtor-0637.html,"1739 E 57th St, Los Angeles, CA 90058 [Updated 5/12]","E 57th St, Los Angeles, CA 90058",USD 775000,1682 FTK,4,12
realestate_html/rightmove-1856.html,", LL44",Dyffryn Ardudwy,",000",Freehold,6,5
realestate_html/rightmove-1453.html,", NG","Nottingham Road, Ravenshead",",000",Freehold,15,1930s
realestate_html/realtor-0999.html,"1717 Orchard Dr, Columbia, MS 39429 [Updated 5/13]",9,USD 125000,1798 FTK,3,202
realestate_html/realtor-0921.html,"609 Big Valley Loop, Flowood, MS 39232 [Updated 5/13]",2,USD 749000,2968 FTK,4,2
realestate_html/propertyguru-0424.html,Hillock Green,Lentor Central,",","1,",113,2
realestate_html/rightmove-0393.html,bedroom terraced house for sale in,"Falkner Street, Georgian Quarter, Liverpool, L8","£ 875,000",Freehold,4,2
realestate_html/propertyguru-0102.html,823 Jurong West Street 81,Jurong West St 81,"550,000","1,119",3,2
realestate_html/realtor-0278.html,"7 Martingale Ct, East Setauket, NY 11733 [Updated 5/14]","7 Martingale Ct, East Setauket, NY 11733",USD 899990,2167 FTK,4,3
realestate_html/realtor-1264.html,"1821 19th Ave, Gulfport, MS 39501 [Updated 5/10]","19th Ave, Gulfport, MS 39501",USD 168900,1330 FTK,2,2
realestate_html/realestate-1831.html,"34 Hollett Road, Stoneville, WA 6081","Hollett Road, Stoneville, WA 6081","$ 1,300,000","4,050 m²",14,2
realestate_html/realestate-1795.html,/70,"/70 Finniss Street, North Adelaide, SA 5006","$ 560,000",,2,1
realestate_html/propertyguru-0811.html,"brand new and freehold bungalow with Lift & Pool, Ample parking at basement, huge for 3 generations",30,"6,000","7,636",690,69
realestate_html/realestate-1907.html,"24/114-116 Adderton Road, Carlingford, NSW 2118","/114-116 Adderton Road, Carlingford, NSW 2118","$ 590,000",104 m²,2,12
realestate_html/rightmove-0351.html,bedroom detached house for sale in,"Sandfield Park, West Derby, Liverpool, L12","£ 1,100,000",Freehold,8,04
realestate_html/propertyguru-1530.html,% ROI [50m to LRT] [High Cashback],"KLCC, KL City Centre, Kuala Lumpur",",000","1,",4,112
realestate_html/zillow-0804.html,For sale,"6 Kings Brook Ct, Bowie, MD 20721","$ 509,900","1,941",3,130
realestate_html/zillow-1386.html,New,45,"$ 470,000","1,409",2,12
realestate_html/realtor-0683.html,"5427 Genesta Ave, Encino, CA 91316 [Updated 5/12]","5427 Genesta Ave, Encino, CA 91316",USD 3700000,6110 FTK,6,31
realestate_html/realestate-0050.html,"/20 MCNAUGHTON STREET, JAMISONTOWN","/20 McNaughton Street, Jamisontown, NSW 2750",Contact Agent,,3,1
realestate_html/realestate-1955.html,"Lot 1110 Eucalyptus Crescent, Andrews Farm, SA 5114","Lot 1110 Eucalyptus Crescent, Andrews Farm, SA 51",Contact Agent,375 m²,14,2
realestate_html/rightmove-0207.html,", W1H","The Bryanston, Hyde Park, 55 Bryanston Street, Marylebone, London, W1H 7BZ","£ 14,250,000",Leasehold,3,3
realestate_html/realtor-2074.html,"17278 Timberlake Trl, Rogers, AR 72756 [Updated 5/13]","8 Timberlake Trl, Rogers, AR 72756",USD 515000,816 FTK,2,72
realestate_html/propertyguru-0739.html,Jardin,968 Dunearn Road,",","1,098",3,2
realestate_html/zillow-1729.html,For sale,76,"$ 1,200,000",",",5,135
realestate_html/zillow-0329.html,Active,206,"$ 600,000",-,4,13
realestate_html/realestate-0467.html,Walk To The Main,"71 Sharp Street, Yarrawonga, Vic 3730",Offers Invited,910 m²,4,2
realestate_html/realtor-1163.html,"Off of Mars Hill Rd, Carthage, MS 39051 [Updated 5/12]","Off of Mars Hill Rd, Carthage, MS 39051",USD 50000,FTK,3,1
realestate_html/realestate-1445.html,"39 Bayview Boulevard, Bayview, NT 0820","39 Bayview Boulevard, Bayview, NT, 0820","$ 738,000",",",,
realestate_html/realestate-0433.html,"80 King Creek Road, King Creek, NSW 2446",6,"$ 2,280,000",3.26ha Bedrooms & bathrooms Built-in wardrobes Ensuites: 1 Parking Carport spaces: 2 Garage spaces: 6 Heating & cooling,4,
realestate_html/rightmove-0036.html,", W8","Holland Park Gate, 261 Kensington High Street, London, W8 6NA","£ 23,500,000",Leasehold,4,04
realestate_html/realtor-1102.html,"197 Arbor Vw Lot 197, Brandon, MS 39047 [Updated 5/13]","197 Arbor Vw Lot 197, Brandon, MS 39047",USD 250000,FTK,3,2
realestate_html/realestate-1437.html,"Affordable, Sensational City Lifestyle, Great Return! 905/455 ELIZABETH STREET, MELBOURNE","905/455 Elizabeth Street, Melbourne, Vic 3000","$ 360,000",,2,1
realestate_html/realestate-0883.html,"601/278 South Terrace, Adelaide, SA 5000","601/278 South Terrace, Adelaide, SA 5000","$ 700,000",246 m²,3,1
realestate_html/realestate-1973.html,"4/9 Dines Place, Bruce, ACT 2617","4/9 Dines Place, Bruce, ACT","home setups, or simply creating your own quiet escapes. To the front of the home is the main living area which is ideal for entertaining or relaxing at the end of the day. Continue",130 m²,3,2
realestate_html/zillow-1075.html,Active,"3 Prytania St, New Orleans, LA 70130","$ 3,700,000",",000",1856,8
realestate_html/rightmove-0659.html,bedroom semi-detached house for sale in,"Wilbraham Road, Manchester, Greater Manchester, M16",£ 899,Freehold,15,02
realestate_html/realtor-0811.html,"4444 Moorpark Way Apt 202, Toluca Lake, CA 91602 [Updated 5/13]","4444 Moorpark Way Apt 202, Toluca Lake, CA 91602",USD 1275000,1854 FTK,2,3
realestate_html/realtor-1301.html,"1022 El Dorado Blvd N Lot 3233, Cape Coral, FL 33993 [Updated 5/14]","2 El Dorado Blvd N Lot 3233, Cape Coral, FL 33993",USD 38500,FTK,,
realestate_html/realestate-1574.html,Margaret Street,"Margaret Street, Brisbane City, Qld 4000","$ 2,640,000",,2,21
realestate_html/realtor-1275.html,"3211 33rd St SW, Lehigh Acres, FL 33976 [Updated 5/14]","1 33rd St SW, Lehigh Acres, FL 33976",USD 379900,1629 FTK,3,2
realestate_html/propertyguru-1187.html,"TRIA Seputeh in 9 Seputeh, Kuala Lumpur","No.1, Jalan Telok Datok, Off Jalan Klang Lama, Seputeh, Kuala Lumpur",",000","1,",14,1733
realestate_html/realestate-0642.html,"Seaside Opportunity Awaits You! 46 ROWLEY ROAD, ALDINGA BEACH","46 Rowley Road, Aldinga Beach, SA","$ 695,000",90,2,1
realestate_html/zillow-0554.html,"600 Oak Park Dr, Choctaw, OK 73020 | MLS #1171676 | Zillow","600 Oak Park Dr, Choctaw, OK",$,"1,",131,2
realestate_html/realestate-1938.html,"60 Walhallow Drive, Clyde North, Vic 3978","60 Walhallow Drive, Clyde North, Vic 3978","$ 680,000",,4,2
realestate_html/realestate-1792.html,"7 Stevia Road, Kalkallo, Vic 3064","7 Stevia Road, Kalkallo, Vic 306","$ 790,000",,5,04
realestate_html/zillow-1626.html,New,"7517 N Oketo Ave, Chicago, IL 606","$ 520,000","2,",14,123
realestate_html/rightmove-1970.html,bedroom detached house for sale in,"Richard Taunton Place, Highfield, Southampton, Hampshire, SO17",",000",Freehold,5,3
realestate_html/realestate-0852.html,"145 Pioneer Drive, Girraween, NT 0836","Pioneer Drive, Girraween, NT 0836","$ 1,750,000",3.56ha Bedrooms & bathrooms Built-in wardrobes Parking Carport spaces: 8 Secure parking Heating & cooling Air conditioni,2,
realestate_html/zillow-1105.html,"2655 E Hiawatha Cir, Salt Lake City, UT 84108 | MLS #2087540 | Zillow",108,"$ 2,685,000",",111",4,4
realestate_html/propertyguru-1744.html,"KLCC Condo FREEHOLD (Fully Furnished), 50 meter to LRT ( Profit RM10,000 ROI)","KLCC, KLCC, KL City Centre, Kuala Lumpur","550,000","1,",3,1200
realestate_html/rightmove-0638.html,", M21","Chelsfield Grove, Chorlton",",000",Leasehold,6,04
realestate_html/zillow-0900.html,For sale,"1676 Irene Ct, Teaneck, NJ 07666",$,--,113,102
realestate_html/propertyguru-1089.html,@ Queens Waterfront,"Persiaran Bayan Indah, Bayan Lepas, Penang",",","1,400",1400,12
realestate_html/realtor-0088.html,"64 Bolton Ave, White Plains, NY 10605 [Updated 5/14]","64 Bolton Ave, White Plains, NY 10605",USD 899000,1900 FTK,3,2.5
realestate_html/zillow-1851.html,For sale,1270,"$ 448,500",07,3,1853
realestate_html/propertyguru-1095.html,Vista Tiara (MBW Bay),"Danga Bay, Johor Bahru, Johor","438,000",5,1,1
realestate_html/realestate-1965.html,"HONEYEATER GLADE, HUNTINGDALE","Honeyeater Glade, Huntingdale, WA","$ 649,000",4 m²,03,1
realestate_html/zillow-1231.html,For sale,"0 Aspen Bend Dr, Houston, TX 77068",$,",",14,136
realestate_html/realtor-0194.html,"23 Parkside Ln, Rochester, NY 14612 [Updated 5/14]","Parkside Ln, Rochester, NY 146",USD 375000,1996 FTK,5,12
realestate_html/realestate-0652.html,"4 Nelson Street, Kilburn, SA 5084","4 Nelson Street, Kilburn, SA 5084","$ 850,000",592 m²,,1
realestate_html/rightmove-0016.html,", SW1X","One Hyde Park, Knightsbridge","£ 25,000,000",Leasehold,4,04
realestate_html/rightmove-1738.html,", LL43",Talybont,"£ 1,200,000",Freehold,8,7
realestate_html/rightmove-0891.html,", YO62","Elmsall Barn, Sinnington, York",",000",Freehold,5,05
realestate_html/realestate-1538.html,"28 Dumaresq Street, Dickson, ACT 2602","Dumaresq Street, Dickson, ACT","home zone. With double glazing throughout, engineered timber flooring, and ducted reverse-cycle heating and cooling, you will be comfortable in every season. This is a home that of",266 m²,4,2
realestate_html/realestate-1923.html,"8/35 SPRING STREET, MELBOURNE","8/35 Spring Street, Melbourne, Vic 3000","$ 700,000",m²,1,1
realestate_html/rightmove-1596.html,", NG9","High Road, Chilwell Beeston, Nottinghamshire, NG9 5DB","£ 700,000",Freehold,04,1682
realestate_html/realestate-0630.html,"'High End' CBD Residential/Commercial Investment 14 GOULBURN STREET, HOBART","14 Goulburn Street, Hobart, Tas 7000",.79,m²,6,2
realestate_html/realtor-0739.html,"11916 Saltair Ter, Los Angeles, CA 90049 [Updated 5/13]","11916 Saltair Ter, Los Angeles, CA 90049",USD 10498000,5675 FTK,5,5.5
realestate_html/realestate-1431.html,BRISBANES LARGEST DECK 19 LEVELS UP! 1903/,1903/,OPEN FOR EOI,8 m²,23,12
realestate_html/zillow-1737.html,For sale,51,"$ 159,000","1,597",3,128
realestate_html/realestate-1265.html,"Lot 1335 Burke St, Coober Pedy, SA 5723","Lot 1335 Burke St, Coober Pedy, SA 5723","$ 142,000","1,163 m²",3,22
realestate_html/rightmove-0387.html,bedroom house for sale in,"Canning Street, Liverpool, L8","£ 899,950",Freehold,04,3
realestate_html/rightmove-0673.html,bedroom detached house for sale in,"Austin Drive, Didsbury, Manchester, M20","£ 850,000",Freehold,04,1
realestate_html/realestate-1451.html,"Welcome to 701 Eight Mile Lane, Glenugie",0,Contact Agent,2.02ha,8,04
realestate_html/rightmove-0759.html,bedroom house for sale in,"Town House C, 816b Wimslow Road, Didsbury, M20","£ 720,000",Freehold,04,
realestate_html/realestate-1728.html,/,/,"$ 500,000",,2,1
realestate_html/propertyguru-0400.html,993A Buangkok Link,993A Buangkok Link,"498,000",743,3,2
realestate_html/rightmove-1927.html,bedroom detached house for sale in,"High Street, Bursledon, Southampton, Hampshire, SO31","£ 2,950,000",Freehold,6,4
realestate_html/realtor-0537.html,"7427 S Hoover St, Los Angeles, CA 90044 [Updated 5/13]","7427 S Hoover St, Los Angeles, CA 90044",USD 899000,2531 FTK,4,4
realestate_html/realtor-0405.html,"3176 Decatur Ave Apt 4F, Bronx, NY 10467 [Updated 5/13]","6 Decatur Ave Apt 4F, Bronx, NY",USD 195000,900 FTK,2,104
realestate_html/propertyguru-0536.html,Skysuites @ Anson,8 Enggor Street,"999,000",398,3,1
realestate_html/rightmove-1675.html,", LL46",Llandanwg,",000",Freehold,5,5
realestate_html/zillow-0759.html,Active,114,"$ 620,000",--,3,1930s
realestate_html/realestate-1479.html,"18 IMATRA LOOP, Tarneit, Vic 3029","18 IMATRA LOOP, Tarneit, Vic","$ 640,000",,4,2
realestate_html/realestate-0098.html,!,"36 Bandicoot Road, Berry Springs, NT, 0838","$ 299,000",ha,,12
realestate_html/realtor-1938.html,"2418 Sterling Dr, Horseshoe Bend, AR 72512 [Updated 5/13]","2418 Sterling Dr, Horseshoe Bend, AR 72512",USD 750,FTK,,
realestate_html/rightmove-1469.html,", NG8",Parkside,"£ 899,000",Freehold,4,4
realestate_html/rightmove-0236.html,bedroom semi-detached house for sale in,"Egerton Crescent, Knightsbridge, London, SW3",",000",FREEHOLD,26,344
realestate_html/realestate-0676.html,"UNDER CONTRACT BY CHRISTOPHER HURST 75 MORNINGTON LANE, KERSBROOK",31,"$ 1,180,000",.55ha,34,2
realestate_html/zillow-0084.html,Active,"15 Jotham Rd, Montville Twp., NJ 070",$,--,4,3
realestate_html/rightmove-1886.html,bedroom detached house for sale in,"Gwydryn Road, Abersoch, Pwllheli, LL53","£ 835,000",Freehold,4,2
realestate_html/propertyguru-0669.html,621 Yishun Ring Road,1 Yishun Ring Road,"500,000",786,3,2
realestate_html/realestate-0979.html,"1/2 Pipeclay Street, Lawson, ACT 2617",1/,"$ 669,000",129 m²,3,129
realestate_html/rightmove-1967.html,bedroom detached house for sale in,"Testlands Avenue, Nursling, Southampton, SO16","£ 950,000",Freehold,3,12
realestate_html/propertyguru-1664.html,Desa 12 Bandar Country Homes,"Bandar Country Homes, Rawang, Selangor",",000",2,4,0
realestate_html/realestate-0085.html,"Bedroom Apartment with Uninterrupted Views 3508/285 LA TROBE STREET, MELBOURNE","3508/285 La Trobe Street, Melbourne, Vic 3000","$ 355,000",53 m²,1,1
realestate_html/realestate-1685.html,"8 Wilkinson Road, Parkside, SA 5063","8 Wilkinson Road, Parkside, SA 50",Block of units,792 m²,165,3
realestate_html/realtor-2079.html,"316 Wehmeyer Loop, Mountain Home, AR 72653 [Updated 5/12]","Wehmeyer Loop, Mountain Home, AR 72653",USD 92500,1216 FTK,3,12
realestate_html/realtor-1605.html,"133 Inconnu Ct, Kissimmee, FL 34759 [Updated 5/14]","133 Inconnu Ct, Kissimmee, FL 34759",USD 399000,FTK,5,3
realestate_html/realestate-1909.html,"1308/10 Balfours Way, Adelaide, SA 5000",8/,Offer Accepted - Contact Agent,m²,2,1
realestate_html/realtor-0191.html,"640 W 237th St Apt 10A, Bronx, NY 10463 [Updated 5/14]",63,USD 899000,1427 FTK,2,104
realestate_html/zillow-0262.html,For sale,71,$,"2,527",04,03
realestate_html/zillow-0229.html,Active,"108 Leonard St, New York, NY 10013",$ 19,"8,",140,17
realestate_html/propertyguru-1787.html,Taman Bukit Segar,"bukit segar, Taman Bukit Segar, Cheras, Kuala Lumpur","13,800,000",",000",10,10
realestate_html/realtor-1587.html,"2029 N Ocean Blvd Apt 102, Fort Lauderdale, FL 33305 [Updated 5/14]","9 N Ocean Blvd Apt 102, Fort Lauderdale, FL 33305",USD 349900,1100 FTK,2,2
realestate_html/rightmove-1266.html,", B1","Billesley Lane, Moseley",",000",Freehold,25,3
realestate_html/propertyguru-0989.html,Leedon Green,Leedon Heights,"850,000",667,2,1
realestate_html/realtor-1712.html,"13648 Lyle Rd, Jacksonville, FL 32218 [Updated 5/14]",18,USD 279000,2052 FTK,4,202
realestate_html/realestate-0660.html,"68 David Terrace, Kilkenny, SA 5009","68 David Terrace, Kilkenny, SA 5009","7,853",,3,202
realestate_html/zillow-1251.html,New,"3550 N Lake Shore Dr APT 1901, Chicago, IL 60657","$ 385,000","1,",2,123
realestate_html/realestate-0382.html,"22 Forest Road, West Hobart, Tas 7000","Forest Road, West Hobart, Tas 7000","$ 745,000",m²,2,1
realestate_html/rightmove-0009.html,bedroom duplex for sale in,"Park Crescent, London, W1B",",",Leasehold,25,16
realestate_html/rightmove-0903.html,", WF12","Lane Top Farm, Whitley Road, Whitley, WF12 0NQ","£ 2,800,000",Freehold,5,4
realestate_html/realtor-0628.html,"22309 Leadwell St, Canoga Park, CA 91303 [Updated 5/13]","09 Leadwell St, Canoga Park, CA 91303",USD 859000,1358 FTK,3,2
realestate_html/zillow-1640.html,For sale,77,$,"2,100",115,1993
realestate_html/zillow-1677.html,Active,"8401 England St, Overland Park, KS 66",$,"1,",3,2
realestate_html/rightmove-1638.html,", NG3","Spring Lane, Mapperley, Nottingham","75,000",Freehold,6,2
realestate_html/realtor-1474.html,"29901 Southwell Ln, Wesley Chapel, FL 33543 [Updated 5/14]","01 Southwell Ln, Wesley Chapel, FL 33543",USD 368000,1865 FTK,3,2.5
realestate_html/realtor-1978.html,"2373 West Rd, Mount Pleasant, AR 72561 [Updated 5/13]","3 West Rd, Mount Pleasant, AR 72561",USD 329000,1700 FTK,3,72
realestate_html/zillow-0039.html,For sale,"7 Alma Ave, Pembroke, MA 02","$ 600,000","2,128",3,23
realestate_html/realtor-2005.html,"405 3rd Ave, Murfreesboro, AR 71958 [Updated 5/13]","405 3rd Ave, Murfreesboro, AR 71958",USD 89900,1200 FTK,13,1
realestate_html/zillow-1136.html,For sale,12,$,"2,606",3,3
realestate_html/rightmove-1574.html,bedroom detached house for sale in,"Victoria Road, NOTTINGHAM, Nottinghamshire, NG","70,000",Freehold,3,1
realestate_html/realtor-0063.html,"424 Flower Ave W, Watertown, NY 13601 [Updated 5/14]","4 Flower Ave W, Watertown, NY 13601",USD 439900,3983 FTK,4,136
realestate_html/realtor-0744.html,"1665 Summitridge Dr, Beverly Hills, CA 90210 [Updated 5/12]","1665 Summitridge Dr, Beverly Hills, CA 90210",USD 6250000,4825 FTK,4,21
realestate_html/realestate-0363.html,"231 Tooronga Road, Terrey Hills, NSW 2084",4,"$ 5,906",1.78ha Bedrooms & bathrooms Built-in wardrobes Parking Garage spaces: 3 Secure parking Heating & cooling Air conditionin,4,
realestate_html/zillow-1393.html,Active under contract,"Sawgrass Cv, Conway, AR 720","$ 630,000",",618",136,14
realestate_html/realestate-1960.html,"32/293 North Quay, Brisbane City, Qld 4000",/,"$ 400,000",51 m²,1,1
realestate_html/zillow-1465.html,For sale,53,"$ 245,000","4,",6,6
realestate_html/realtor-0067.html,"96 Mulberry Ave, Garden City, NY 11530 [Updated 5/14]","96 Mulberry Ave, Garden City, NY 11530",USD 1395000,1803 FTK,3,2.5
realestate_html/rightmove-2031.html,bedroom detached house for sale in,"Warwick Road, Upper Shirley, Southampton, Hampshire, SO","£ 700,000",Freehold,15,2
realestate_html/realtor-0625.html,"1113 Amherst Ave, Los Angeles, CA 90049 [Updated 5/13]","3 Amherst Ave, Los Angeles, CA 90049",USD 4995000,4691 FTK,5,5.5
realestate_html/rightmove-0970.html,Land for sale in,"Mayfield Road, Mayfield Valley, S10","£ 2,250,000",Ask agent,,
realestate_html/realtor-0819.html,"7817 Peachtree Ave, Panorama City, CA 91402 [Updated 5/11]","7817 Peachtree Ave, Panorama City, CA 91402",USD 735000,1040 FTK,3,2
realestate_html/zillow-1122.html,For sale,"4 Olive St NW, Washington, DC","$ 1,449,999","1,",2,3
realestate_html/realtor-1234.html,"01 Riverside Dr, Pearlington, MS 39572 [Updated 5/10]","01 Riverside Dr, Pearlington, MS 39572",USD 25000,FTK,3,2
realestate_html/propertyguru-1797.html,Bay Laurel @ Country Garden Danga Bay,"Jalan Skudai Jalan Skudai Off Country Garden Danga Bay, Johor Bahru, Johor","570,000",881,2,2
realestate_html/rightmove-0083.html,bedroom terraced house for sale in,"Hanover Terrace, London, NW1","£ 18,950,000",Leasehold,7,56
realestate_html/rightmove-2052.html,bedroom detached house for sale in,"Highfield Crescent, Southampton, Hampshire, SO17","£ 650,000",Freehold,13,2
realestate_html/realtor-1263.html,"595 Sykes Rd, Jackson, MS 39212 [Updated 5/10]",2,USD 150000,1592 FTK,3,2
realestate_html/realestate-0132.html,"Expansive Home with City and sunset views 1 KELAT COURT, BAYVIEW","1 Kelat Court, Bayview, NT 0820",$ 1,0 m²,5,2003
realestate_html/propertyguru-0938.html,121B Rivervale Drive,B Rivervale Drive,"668,000","1,184",3,121
realestate_html/realestate-1489.html,"25 Warlingham Drive, Lesmurdie, WA 6076","Warlingham Drive, Lesmurdie, WA 6076","$ 5,430",414 m²,2,10
realestate_html/realestate-0561.html,"73/7 Durnin Avenue, Beeliar, WA 6164","73/7 Durnin Avenue, Beeliar, WA 6164",$ 663.68,65 m²,2,15
realestate_html/realestate-0262.html,"Family Showpiece Stunner in the Redstone Estate 5 PRESIDENT ROAD, SUNBURY","5 President Road, Sunbury, Vic",$ 1,m²,34,2
realestate_html/realtor-0674.html,"1701 Clinton St Apt 205, Los Angeles, CA 90026 [Updated 5/12]","1701 Clinton St Apt 205, Los Angeles, CA 90026",USD 789000,834 FTK,2,12
realestate_html/realestate-1500.html,"Level 18/35 Howard Street, Brisbane City, Qld 4000","Level 18/35 Howard Street, Brisbane City, Qld 4000","7,746",197 m²,2,
realestate_html/zillow-1019.html,Accepting back-up offers,"2210 Chelsea Dr, Bryant, AR 72022","$ 170,000","1,60",3,3
realestate_html/rightmove-1398.html,bedroom detached house for sale in,"Claremont Avenue, Bramcote, NG9","£ 1,700,000",Freehold,4,25
realestate_html/realestate-0715.html,"/5 JOSEPH ROAD, FOOTSCRAY","/5 Joseph Road, Footscray, Vic 301",$,69 m²,2,1
realestate_html/zillow-0966.html,For sale,"1955 Wendover Cir NE, North Canton, OH 44720","$ 479,000","2,708",3,13
realestate_html/rightmove-0609.html,bedroom detached house for sale in,"Wilbraham Road, Chorlton, Manchester, M21",",000",Freehold,5,25
realestate_html/zillow-1960.html,Active,"3 Lincoln Rd, Harvard, IL 60033","$ 499,000",",500",1,123
realestate_html/realtor-1055.html,"Little Black Creek Rd, Lumberton, MS 39455 [Updated 5/13]","Little Black Creek Rd, Lumberton, MS 39455",USD 695000,FTK,4,3
realestate_html/propertyguru-0244.html,176A Edgefield Plains,176A Edgefield Plains,"699,000","1,184",03,2
realestate_html/realestate-1139.html,"6 Castle Avenue, Prospect, SA 5082","6 Castle Avenue, Prospect, SA 5082","$ 1,600,000",582 m²,4,1930s
realestate_html/zillow-0110.html,For sale,"Marchant Avenue, Hyannis Port, MA 02","$ 14,500,000","5,06",1928,7
realestate_html/realestate-1742.html,"1710/55 Railway Terrace, Milton, Qld 4064","/55 Railway Terrace, Milton, Qld 4064",BEST OFFERS SAT 24TH MAY 5PM,64 m²,,1
realestate_html/rightmove-0438.html,", L","Richard Road, Liverpool","£ 750,000",Freehold,04,23
realestate_html/rightmove-1402.html,", NG7","7, 8, 10 Wellington Square, Nottingham, Nottinghamshire, NG7 1NG","£ 1,600,000",Freehold,23,
realestate_html/propertyguru-1377.html,Kin,"Jalan Kinrara 4/11, Taman Kinrara, Bandar Kinrara, Selangor",",000",850,13,2
realestate_html/rightmove-0415.html,", L","Mariners Road, Liverpool","£ 800,000",Freehold,5,2
realestate_html/realtor-0108.html,"801 91st St, Niagara Falls, NY 14304 [Updated 5/14]",04,USD 179900,1226 FTK,3,143
realestate_html/rightmove-1875.html,bedroom character property for sale in,"Llanarmon Yn Ial, Mold Denbighshire, CH7","£ 850,000",Freehold,04,
realestate_html/propertyguru-0630.html,The Lakeshore,Jurong West Street 41,"8,888","1,152",3,213
realestate_html/propertyguru-1326.html,Taman Desa Tebrau@Precinct 9F,"Jalan Harmonium 32, Johor Bahru, Johor",",000","3,400",5,15
realestate_html/zillow-0732.html,Under contract,1046 E,$,",",130,02
realestate_html/rightmove-0529.html,", L","Eshe Road North, Blundellsands",",000",Freehold,5,2
realestate_html/propertyguru-1686.html,Kings Bay @ Country Garden Danga Bay,"Jalan Skudai Off Country Garden Danga Bay, Johor Bahru, Johor","570,000",893,2,2
realestate_html/propertyguru-0253.html,JadeScape,314 Shunfu Road,"1,680,000",764,3,2
realestate_html/propertyguru-1310.html,TRI PINNACLE,", Tanjung Tokong, Penang",",000",800,13,2
realestate_html/realestate-0163.html,"407/96 North Terrace, Adelaide, SA 5000","407/96 North Terrace, Adelaide, SA 5000","$ 475,000",87 m²,4,20
realestate_html/rightmove-0173.html,bedroom detached house for sale in,"Winnington Road, Hampstead, London, N2","£ 15,500,000",Freehold,8,08
realestate_html/propertyguru-1833.html,Storey Corner Lot Laman Oakleaf Bukit Antarabangsa Fully Extend Kitchen,"Ampang, Ampang, Selangor","1,200,000",",",156,3
realestate_html/realtor-1751.html,"20 Blue Dunn Dr Lot 20, Murfreesboro, AR 71958 [Updated 5/14]","Blue Dunn Dr Lot 20, Murfreesboro, AR 71958",USD 98500,FTK,,
realestate_html/realtor-1615.html,"5558 Palm Beach Blvd Lot 35, Fort Myers, FL 33905 [Updated 5/14]","5558 Palm Beach Blvd Lot 35, Fort Myers, FL 33905",USD 65000,648 FTK,2,2
realestate_html/realestate-0710.html,"215 Brougham Place, North Adelaide, SA 5006","Brougham Place, North Adelaide, SA 5006","3,534","1,321 m²",16,1890
realestate_html/realtor-1839.html,"1513 Ridgefield Cir, Searcy, AR 72143 [Updated 5/14]","1513 Ridgefield Cir, Searcy, AR 72143",USD 258950,1858 FTK,4,72
realestate_html/realestate-0783.html,6/,6/,"$ 800,000",,2,2
realestate_html/realtor-1295.html,"12973 SW Vermillion Cir, Port Saint Lucie, FL 34987 [Updated 5/14]","73 SW Vermillion Cir, Port Saint Lucie, FL 34987",USD 385000,1579 FTK,34,2
realestate_html/zillow-1403.html,"4647 West Scranton PLACE, Milwaukee, WI 53216 | MLS #1918352 | Zillow",216,$,"2,442",3,133
realestate_html/realtor-1979.html,"812 Meredith St, White Hall, AR 71602 [Updated 5/13]","2 Meredith St, White Hall, AR 71602",USD 325000,2324 FTK,3,3
realestate_html/realestate-0966.html,"Brand New Bespoke Felton Masterpiece of Timeless Sophistication 17 GREENDALE AVENUE, PYMBLE","17 Greendale Avenue, Pymble, NSW 2073",Auction,821 m²,15,24
realestate_html/zillow-0342.html,For sale,"W Lincoln St, Bridgeton, NJ 08",$,"1,500",3,2
realestate_html/realestate-1286.html,"16 Clement Road, Edmondson Park, NSW 2174","16 Clement Road, Edmondson Park, NSW",$ 0,m²,04,2
realestate_html/propertyguru-0909.html,⚡️Brand New⚡️$2xxxPSF only⚡️Within 1km Nanyang⚡️Next to Botanic Garden⚡️TOP Obtained❤️好房推荐❤,MRT,"11,000,000","3,74",3,256
realestate_html/rightmove-0505.html,bedroom semi-detached house for sale in,"Allerton Drive, Allerton, Liverpool, L","£ 650,000",Freehold,4,1
realestate_html/realtor-1752.html,"19 Blue Dunn Dr Lot 19, Murfreesboro, AR 71958 [Updated 5/14]","19 Blue Dunn Dr Lot 19, Murfreesboro, AR 71958",USD 98500,FTK,,
realestate_html/realtor-1104.html,"1101 Molly Barr Rd Apt 310, Oxford, MS 38655 [Updated 5/13]","1101 Molly Barr Rd Apt 310, Oxford, MS 38655",USD 365000,1400 FTK,3,3
realestate_html/zillow-0471.html,Active,", Boise, ID",$,"1,",3,02
realestate_html/realtor-0506.html,"865 Warner Ave, Los Angeles, CA 90024 [Updated 5/13]","865 Warner Ave, Los Angeles, CA 90024",USD 6200000,6746 FTK,5,6
realestate_html/rightmove-0905.html,", LS17","Crag Lane, Huby, North Yorkshire",",000",Freehold,16,5
realestate_html/rightmove-1470.html,bedroom detached house for sale in,"Melton Road, Stanton-on-the-Wolds, Keyworth, Nottingham, NG12","£ 895,000",Freehold,4,04
realestate_html/zillow-1830.html,Pending,"11930 Pebble Rock Dr, Houston, TX 77077","$ 799,900","3,01",4,04
realestate_html/propertyguru-1731.html,Sierra,"Sierra Hijauan, Ampang, Selangor","1,200,000","2,382",4,4
realestate_html/realestate-0987.html,"36 Main Street, Lockleys, SA 5032","Main Street, Lockleys, SA 50","$ 1,230,000",358 m²,4th,32
realestate_html/realtor-1995.html,"2427 Palisade Dr, Cabot, AR 72023 [Updated 5/13]","7 Palisade Dr, Cabot, AR 720",USD 264800,1715 FTK,4,23
realestate_html/zillow-2013.html,For sale,"23 Bernice Ln, Saint Amant, LA 70774",$,",367",5,5
realestate_html/zillow-1401.html,For sale,0,"$ 675,000","3,",4,24
realestate_html/realestate-0915.html,"Lot 1063 Dryandra Street, Andrews Farm, SA 5114","Lot 1063 Dryandra Street, Andrews Farm, SA 5114",13 007 567 222,250.84 m²,4,202
realestate_html/realtor-1043.html,"5 Old Wilson Rd, West, MS 39192 [Updated 5/13]","5 Old Wilson Rd, West, MS 39192",USD 599000,FTK,4,
realestate_html/zillow-1619.html,"7454 Backett Wood Ter #403, Mclean, VA 22102 | MLS #VAFX2235890 | Zillow",", McLean, VA 22102","$ 919,900","1,588",3,3
realestate_html/realtor-0867.html,"5199 Brook Ln, Hernando, MS 38632 [Updated 5/14]","5199 Brook Ln, Hernando, MS 386",USD 705000,3617 FTK,4,32
realestate_html/realestate-1008.html,"9B Hickenbotham Street, Gordon, ACT 2906",6,$,500 m²,2,1
realestate_html/zillow-1361.html,For sale,"Bayouside Dr, Houma, LA 70","$ 245,000",",055",3,13
realestate_html/realtor-1340.html,"2 Holly Ct, Palm Coast, FL 32137 [Updated 5/14]","2 Holly Ct, Palm Coast, FL",USD 125000,FTK,3,12
realestate_html/realestate-1793.html,"3 Kurrama Close, Ngunnawal, ACT 2913",3,$ 712,434 m²,4,2
realestate_html/rightmove-0807.html,", M16","Mayfield Road, Whalley Range, Manchester. M16 8FU",",000",Ask agent,05,2
realestate_html/zillow-1164.html,"3007 Navajo Way, Springdale, UT 84767 | MLS #25-261600 | Zillow","7 Navajo Way, Springdale, UT",$,",970",3,4
realestate_html/zillow-0352.html,New,0,$,",050",4,123
realestate_html/zillow-1067.html,For sale,"2501 Brentwood Dr, Norman, OK","$ 185,000","1,76",3,23
realestate_html/realestate-0370.html,/,/,Under Offer,54 m²,2,1
realestate_html/rightmove-1701.html,bedroom detached house for sale in,"Rhoshirwaun, Pwllheli, LL53",",000",Freehold,6,4
realestate_html/propertyguru-2004.html,Villa Tropika,"Jalan Bistari Jalan Bistari, Bangi, Selangor",",000",870,138,2
realestate_html/rightmove-1584.html,bedroom detached house for sale in,"Olympia Reach, Beeston, Beeston, NG9",£ 719,Freehold,5,4
realestate_html/realtor-1744.html,"140 E Holder, Walnut Ridge, AR 72476 [Updated 5/14]","140 E Holder, Walnut Ridge, AR 72476",USD 245000,1560 FTK,3,72
realestate_html/zillow-1780.html,For sale,09,"$ 559,900","2,218",4,104
realestate_html/realtor-1756.html,"79 Blair Rd, Greenbrier, AR 72058 [Updated 5/14]","79 Blair Rd, Greenbrier, AR 72058",USD 332000,2287 FTK,3,720
realestate_html/realtor-1619.html,"22 Pepperwood Ct, Boynton Beach, FL 33426 [Updated 5/14]","Pepperwood Ct, Boynton Beach, FL 33426",USD 575000,1469 FTK,3,26
realestate_html/propertyguru-1349.html,The Kews,"Sunway City Iskandar Puteri, Iskandar Puteri (Nusajaya), Johor",",000","2,710",5,45
realestate_html/propertyguru-0097.html,The Tessarina,Wilby Road,"600,000","1,130",3,12
realestate_html/propertyguru-0433.html,OCHO,27 Lorong,"2,289,999","1,205",14,203
realestate_html/realtor-1645.html,"996 Coral Club Dr Unit 996, Coral Springs, FL 33071 [Updated 5/14]","996 Coral Club Dr Unit 996, Coral Springs, FL 33071",USD 265000,1044 FTK,2,2
realestate_html/zillow-1645.html,For sale,"7830 Tannenbaum Rd, Colorado Springs, CO 80908","$ 1,200,000",",626",2005,4
realestate_html/rightmove-1918.html,", CH7","Northop Country Park, Northop","£ 800,000",Freehold,24,13
realestate_html/rightmove-1991.html,bedroom detached house for sale in,"Bassett Wood Drive, Bassett, Southampton, Hampshire, SO16",",000",Freehold,3,12
realestate_html/zillow-0731.html,For sale,5,"$ 599,900",962,1,1
realestate_html/rightmove-0232.html,", W1K","South Audley Street, Mayfair, London, W1K, United Kingdom","750,000",Share of Freehold,3,4
realestate_html/zillow-1980.html,For sale,"20608 Keck Rd, Siloam Springs, AR 7276","$ 449,900",",526",3,1
realestate_html/rightmove-0346.html,", L17","Riverside View, Fulwood Park, Liverpool.","£ 1,200,000",Freehold,4,3
realestate_html/realtor-1469.html,"242 SW 9th St, Dania Beach, FL 33004 [Updated 5/14]","SW 9th St, Dania Beach, FL 33004",USD 750000,6080 FTK,11,330
realestate_html/rightmove-0586.html,bedroom semi-detached house for sale in,"Corkland Road, Manchester, Greater Manchester, M21","£ 1,490,000",Freehold,6,3
realestate_html/rightmove-0440.html,bedroom semi-detached house for sale in,"Blackburne Place, Georgian Quarter, L8","£ 750,000",Freehold,06,2
realestate_html/rightmove-0218.html,", SW1W","Eaton Mews South, Belgravia, London, SW1W, United Kingdom","950,000",Freehold,3,4
realestate_html/rightmove-0188.html,bedroom house for sale in,"Acacia Road, St Johns Wood, London NW8",",000",Freehold,6,3
realestate_html/realtor-1940.html,"2415 Sterling Dr, Horseshoe Bend, AR 72512 [Updated 5/13]","2415 Sterling Dr, Horseshoe Bend, AR 72512",USD 750,FTK,,
realestate_html/rightmove-0735.html,bedroom detached house for sale in,5,"£ 750,000",Freehold,03,2
realestate_html/rightmove-1017.html,", LS","The Goldings, 70 Leeds Road, Oulton, Leeds",",000",Freehold,26,5
realestate_html/rightmove-1013.html,bedroom detached house for sale in,"The Balk, Walton, Wakefield, West Yorkshire, WF2","£ 1,950,000",Freehold,6,03
realestate_html/realestate-0829.html,"39 Solway Crescent, Encounter Bay, SA 5211",1,"$ 835,000",18.56 m²,3,2
realestate_html/realestate-1292.html,"Relaxed Living and Investment Opportunity 14 EXMOUTH COURT, LEANYER","14 Exmouth Court, Leanyer, NT 08",UNDER CONTRACT,801 m²,3,12
realestate_html/realestate-1790.html,"Live in the magnificent Grand Central Apartments! 426/57 SPENCER STREET, MELBOURNE","426/57 Spencer Street, Melbourne, Vic 3000","$ 420,000",m²,1,1
realestate_html/rightmove-0502.html,", L","Druids Cross Gardens, Calderstones, Liverpool.","£ 650,000",Freehold,4,1
realestate_html/propertyguru-0042.html,409B Fernvale Road,409B Fernvale Road,"8,000","1,",3,2
realestate_html/realtor-0095.html,for rent,"303 North St, Buffalo, NY, 14201, USA",$ 750,244 FTK,2,142
realestate_html/realestate-0331.html,"10A Mersey Street, Gilberton, SA 5081","10A Mersey Street, Gilberton, SA 5081",304 262,76 m²,2,162
realestate_html/propertyguru-1123.html,The Manor,"5 Persiaran Stonor, KLCC, KL City Centre, Kuala Lumpur","1,500,000","1,109",2,2
realestate_html/zillow-1649.html,New construction,121,"$ 3,000,000",",",24,5
realestate_html/realestate-1288.html,"292/30 Macrossan Street, Brisbane City, Qld 4000","/30 Macrossan Street, Brisbane City, Qld 4000","$ 1,950,000",195 m²,,
realestate_html/rightmove-0074.html,bedroom terraced house for sale in,"Chelsea Square, Chelsea, London, SW3",",000",Freehold,5,5
realestate_html/zillow-1372.html,Active,"Saint Ann St, New Orleans, LA 70119","$ 350,000","1,",14,120
realestate_html/realestate-0342.html,"97A Casuarina Street, Katherine, NT 0850","97A Casuarina Street, Katherine, NT 0850","$ 860,000",950 m²,04,3
realestate_html/propertyguru-0744.html,225 Choa Chu Kang Central,Choa Chu Kang Central,"680,000","1,",133,124
realestate_html/realtor-1076.html,"323 Murphy Cir, Okolona, MS 38860 [Updated 5/13]","Murphy Cir, Okolona, MS 38860",USD 125000,1111 FTK,2,1
realestate_html/zillow-0175.html,"71 Clairview Rd, Denville, NJ 07834 | MLS #3965844 | Zillow","71 Clairview Rd, Parsippany-Troy Hills Twp., NJ 07054","$ 695,000",--,3,2
realestate_html/zillow-1253.html,"3555 Kings College Place #1H, Bronx, NY 10467 | MLS #801489 | Zillow",5 Kings College Place #,$,",000",235,1
realestate_html/rightmove-1222.html,bedroom semi-detached house for sale in,"Oxford Road, Moseley, Birmingham, B13",",000",FREEHOLD,5,2
realestate_html/realtor-0510.html,"1169 Cumbre Alta Ct, Pacific Palisades, CA 90272 [Updated 5/13]","1169 Cumbre Alta Ct, Pacific Palisades, CA 90272",USD 1499000,FTK,,
realestate_html/zillow-0845.html,For sale,"1 Brickell Ave #3903, Miami, FL 33129",$,"3,012",4,14
realestate_html/rightmove-1975.html,", SO","Elm Gardens, West End, Southampton","£ 900,000",Freehold,25,03
realestate_html/rightmove-1146.html,bedroom house for sale in,"Rednal Road, Birmingham, B38","£ 1,300,000",Freehold,7,67
realestate_html/propertyguru-1233.html,Polo Park,"- Jalan Bentara Luar, Taman Iskandar, Taman Iskandar, Johor Bahru, Johor","450,000",",",3,13
realestate_html/realestate-0685.html,"8 Ogilby Crescent, Page, ACT 2614",4,"$ 4,852","Original, unstained floorboards preserved under carpet in living areas and hallway - Retro fittings and design elements",4,1969
realestate_html/realtor-1478.html,"1019 Worthington Spring Dr, Melbourne, FL 32940 [Updated 5/14]","1019 Worthington Spring Dr, Melbourne, FL",USD 639000,2185 FTK,3,202
realestate_html/zillow-1229.html,Active,"8 Coliseum St, New Orleans, LA 7011",$ 1,",400",249,03
realestate_html/realtor-0807.html,"4362 Lemp Ave, Studio City, CA 91604 [Updated 5/13]","62 Lemp Ave, Studio City, CA 91604",USD 1950000,2259 FTK,3,2
realestate_html/realestate-1618.html,"HERBERT STREET, ST LEONARDS",5,Auction : Contact Agent,144 m²,13,12
realestate_html/propertyguru-1190.html,Seremban Semi D ! 38 x 80 【2750 sqft 】Cashback 30k,"Seremban City Centre, Seremban, Negeri Sembilan","630,000","2,750",4,14
realestate_html/rightmove-1050.html,bedroom semi-detached house for sale in,"Asket Drive, Leeds, LS","00,000",Freehold,14,3
realestate_html/zillow-0851.html,For sale,"1490 Stratford Rd, Delaware, OH",$,",",03,123
realestate_html/propertyguru-1717.html,New 2 Sty Bungalow Freehold,"Taman Sri Tanjung, Semenyih, Selangor","1,280,000","3,600",5,5
realestate_html/propertyguru-0238.html,Yishu,Canberra Drive,"1,600,000","1,",4,3
realestate_html/realtor-1716.html,"4358 Timuquana Rd Unit 205, Jacksonville, FL 32210 [Updated 5/14]",10,USD 165000,809 FTK,2,202
realestate_html/rightmove-1527.html,", NG2","Heathervale, West Bridgford, Nottingham",",000",Freehold,25,3
realestate_html/propertyguru-1729.html,"Kayu Rendang, Melor",", Kampung Jambu Merah, Melor, Kelantan",",000",",",13,121
realestate_html/realestate-1785.html,"14 Trumpeter Street, Battery Point, Tas 7004","14 Trumpeter Street, Battery Point, Tas 7004","$ 1,650,000",226 m²,3,3
realestate_html/rightmove-1192.html,", B17","Carless Avenue, Birmingham","£ 975,000",Freehold,4,2
realestate_html/realtor-2038.html,"5700 and 5704 Sorenson, North Little Rock, AR 72118 [Updated 5/13]","5700 and 5704 Sorenson, North Little Rock, AR 72118",USD 580000,6956 FTK,14,72
realestate_html/realtor-0165.html,"38-20 Parsons Blvd Unit 202, Flushing, NY 11354 [Updated 5/14]","38-20 Parsons Blvd Unit 202, Flushing, NY 11354",USD 622800,519 FTK,1,1
realestate_html/rightmove-1325.html,", B13","St. Agnes Road, Moseley","£ 700,000",Freehold,6,12
realestate_html/propertyguru-0759.html,896B Woodlands Drive 50,896B Woodlands Dr 50,"699,988","1,",14,2
realestate_html/rightmove-0233.html,bedroom terraced house for sale in,"Chester Square, London, SW1W",",000",Freehold,26,7
realestate_html/propertyguru-0392.html,Optima @ Tanah Merah,82 Tanah Merah Kechil Avenue,"2,500,000","1,884",3,3
realestate_html/realtor-0694.html,"Watson Ct Lot 35, Montague, CA 91040 [Updated 5/13]","Watson Ct Lot 35, Montague, CA 91040",USD 12000,FTK,,
realestate_html/propertyguru-1607.html,Ametis Terrace,"Jalan BP 14, Bandar Bukit Puchong, Puchong, Selangor","860,000","2,149",3,3
realestate_html/realestate-1970.html,"Dual Dwelling Opportunity by the Coast – Ideal for Investors, Extended Families, or Coastal Living 50A GORDON STREET, ALDINGA BEACH","50A Gordon Street, Aldinga Beach, SA 517",$,m²,3,2
realestate_html/rightmove-0603.html,",","Wood Street, Manchester","£ 1,250,000",Freehold,3,3
realestate_html/zillow-1602.html,For sale,", Salt Lake City, UT 84109","$ 599,000","2,460",3,243
realestate_html/rightmove-1121.html,", B1",HG,",000",Freehold,5,3
realestate_html/rightmove-0199.html,bedroom apartment for sale in,"Hollandgreen Place, Kensington, London, W8","750,000",Leasehold,4,4
realestate_html/propertyguru-1099.html,K,"Kota Warisan, Sepang, Selangor","9,000","2,162",1540,3
realestate_html/zillow-0642.html,For sale,0,$,",109",4,3
realestate_html/propertyguru-1344.html,Taman Pulai Utama,Jalan Pulai,"568,000","1,",1540,13
realestate_html/propertyguru-0421.html,Freehold Detached House 2 Storey District 19,Jalan Lokam | Upper Paya Lebar Road,"11,800,000","7,491",15,16
realestate_html/realestate-0379.html,"CONIFER PLACE, KARDINYA","Conifer Place, Kardinya, WA 6163",NEW TO MARKET,m²,4,2
realestate_html/realestate-1595.html,"COMFORT, SPACE, LIFESTYLE! 15 RONEY COURT, KATHERINE","15 Roney Court, Katherine, NT 0850","$ 550,000",801 m²,04,2
realestate_html/zillow-1118.html,For sale,"2717 Palomino Dr, Edmond, OK",$,"2,",4,3
realestate_html/realtor-1000.html,"3008 Papania Ln, Gulfport, MS 39501 [Updated 5/13]","8 Papania Ln, Gulfport, MS 39501",USD 179500,3000 FTK,5,2
realestate_html/propertyguru-2040.html,"Goodview Residence, Bandar Sungai Long","Sungai Long, Bandar Sungai Long, Selangor",",000","2,670",5,25
realestate_html/propertyguru-1075.html,FREEHOLD PENTHOUSE |Sky Semi Condo @Bukit Jalil | Kinrara,"Bukit Jalil Golf, Bukit Jalil, Kuala Lumpur","560,000","1,859",4,4
realestate_html/realestate-1643.html,"Period Home Offering Expansive Central Brilliance! 460 RAGLAN PARADE, WARRNAMBOOL","460 Raglan Parade, Warrnambool, Vic 3280","$ 890,000",4 m²,460,1
realestate_html/realtor-0355.html,"15 Argyle Pl, Massapequa, NY 11758 [Updated 5/13]","15 Argyle Pl, Massapequa, NY 11758",USD 759000,1600 FTK,4,2
realestate_html/zillow-1201.html,New,"7 N Seminary Ave #C, Chicago, IL 60657",$,"1,800",3,123
realestate_html/rightmove-1393.html,bedroom detached house for sale in,"Hallfields, Edwalton, Nottingham, NG12","£ 1,850,000",Freehold,6,4
realestate_html/rightmove-0046.html,", SW1P","Mansion House, Cowley Street, Westminster, London, SW1P, United Kingdom","£ 21,000,000",Freehold,7,7
realestate_html/zillow-0125.html,"33 Sexton Ave, Westwood, MA 02090 | MLS #73374491 | Zillow",090,"$ 849,900","1,",1937,2
realestate_html/realtor-1128.html,"4258 Ridgemont Rd, Olive Branch, MS 38654 [Updated 5/13]","8 Ridgemont Rd, Olive Branch, MS 38654",USD 330000,2000 FTK,4,2
realestate_html/realestate-0833.html,"8/8 ADELAIDE STREET, BRISBANE CITY","8/8 Adelaide Street, Brisbane City, Qld 4000",$,,2,1
realestate_html/propertyguru-0457.html,114 Clementi Street 13,114 Clementi Street,"1,060,000","1,528",3,13
realestate_html/zillow-1894.html,For sale,"02 Merganser Dr, Houston, TX 770",$,"2,",14,134
realestate_html/propertyguru-0601.html,NEN,"PASIR RIS, CHANGI AIRPORT, LOYANG, MARIAM","830,000","2,",185,6
realestate_html/zillow-0120.html,For sale,06,"$ 789,000",",",14,03
realestate_html/propertyguru-1085.html,The Mews,"Jalan Yap Kwan Seng, KLCC, KL City Centre, Kuala Lumpur","975,999",925,1,1
realestate_html/propertyguru-1587.html,Bukit Indah,"Jalan Indah 17, Bukit Indah, Iskandar Puteri (Nusajaya), Johor","1,180,000",",06",5,14
realestate_html/realestate-1948.html,"803/10 Balfours Way, Adelaide, SA 5000","803/10 Balfours Way, Adelaide, SA 5000","$ 475,000",,1,
realestate_html/propertyguru-1432.html,Arte Mont Kiara @ Zero Downpayment @ Best For Airbnb Investment,"Mont Kiara, Kuala Lumpur","480,000","1,000",3,12
realestate_html/zillow-1104.html,"2654 North 24TH STREET, Milwaukee, WI 53206 | Zillow",0,"$ 100,000",",100",6,2
realestate_html/realtor-1111.html,"8605 Birnham Cv, Olive Branch, MS 38654 [Updated 5/12]","8605 Birnham Cv, Olive Branch, MS 38654",USD 390000,2400 FTK,5,12
realestate_html/rightmove-1703.html,", LL","Colwyn Road, Craigside, Llandudno",",000",Freehold,24,3
realestate_html/realtor-0307.html,"52 Martha St, Freeport, NY 11520 [Updated 5/13]","52 Martha St, Freeport, NY 11520",USD 699000,1873 FTK,3,3
realestate_html/realestate-1975.html,"Prestigious Sandy Bay address with level access and river views 1/28 RED CHAPEL AVENUE, SANDY BAY","1/28 Red Chapel Avenue, Sandy Bay, Tas 7005","$ 1,495,000",662 m²,2,3
realestate_html/realestate-0367.html,"86/1 Surprize Place, Phillip, ACT 2606",6,"$ 600,000",81 m²,0,1
realestate_html/rightmove-0335.html,bedroom detached house for sale in,"Salisbury Road, Cressington Park, Liverpool, Merseyside, L19",",000",Ask agent,4,02
realestate_html/propertyguru-1625.html,Twin Palms @ Sungai Long,"Bandar Sungai Long, Selangor","990,000","2,827",253,234
realestate_html/propertyguru-1284.html,Taman Selesa Jaya,"Bandar Selesa Jaya, Skudai, Johor",",000","1,100",13,2
realestate_html/realestate-1161.html,"36B Stedham Way, Balga, WA 6061","B Stedham Way, Balga, WA 6061","$ 3,547",,3,12
realestate_html/realestate-1152.html,"8/2 Trist Street, Franklin, ACT 2913",3,"home afternoons, or relaxed evenings in. Step out onto your private balcony and enjoy fresh air, sunshine, or a quiet cuppa as the world hums gently below. The kitchen is modern an",,1,
realestate_html/realestate-0791.html,"ALFRED TERRACE, STREAKY BAY","Alfred Terrace, Streaky Bay, SA 5680",5,"1,130 m²",4,2
realestate_html/realestate-1552.html,Beechboro,"68 Sacramento Avenue, Beechboro, WA 606","$ 699,000",708 m²,3,1
realestate_html/realestate-0266.html,North Facing 14th Floor living overlooking Woden Valley 1405/1 CO,"1405/1 Corinna Street, Phillip, ACT","$ 599,000",74 m²,2,12
realestate_html/realestate-1997.html,"44 Ficus Court, Virginia, NT 0834","44 Ficus Court, Virginia, NT 0834","$ 1,469",2ha nbn® availability nbn Fixed Wireless Looks like nbn Fixed Wireless is available. Check with your internet provider.,3,25
realestate_html/realtor-0844.html,"15017 Emma Dr, North Hills, CA 91343 [Updated 5/12]","15017 Emma Dr, North Hills, CA 91343",USD 795000,2036 FTK,4,12
realestate_html/realestate-0961.html,"Prime mixed use zoning 27/212 COLLINS STREET, HOBART",27/,"$ 690,000",m²,4,1
realestate_html/realtor-0448.html,"2528 Robalo Ave, San Pedro, CA 90732 [Updated 5/14]","8 Robalo Ave, San Pedro, CA 90732",USD 1049000,1582 FTK,3,32
realestate_html/realestate-1537.html,-Bedroom Apartment in Prime Location!,"/46 Walker Street, Rhodes, NSW 2138",$,²,1,1
realestate_html/realtor-0072.html,"25 Timber Creek Dr, Ballston Lake, NY 12019 [Updated 5/14]","Timber Creek Dr, Ballston Lake, NY 12019",USD 699900,3110 FTK,6,3.5
realestate_html/realestate-1680.html,"23 San Marco Quays, Halls Head, WA 6210",10,"$ 1,170,000",m²,3,2
realestate_html/realestate-1764.html,"37 ANGHOR DRIVE, Fraser Rise, Vic 3336","ANGHOR DRIVE, Fraser Rise, Vic 3336","$ 690,000",,4,2
realestate_html/realestate-0214.html,"-20 BAILEY STREET, ADELAIDE","-20 Bailey Street, Adelaide, SA 5000",$,,1,1
realestate_html/propertyguru-0889.html,117B Jalan Tenteram,117B JALAN TENTERAM City,"699,000",1,3,2
realestate_html/propertyguru-0038.html,Meadow Lodge,Chun Tin Road,"2,200,000",1,3,13
realestate_html/realestate-1690.html,"A peaceful north-facing apartment in a leafy and private setting 9/60-64 SECOND AVENUE, CAMPSIE",4,For Sale,,2,1
realestate_html/realtor-1487.html,"6106 SW 127 Avenue Rd, Ocala, FL 34481 [Updated 5/14]",6106 SW,USD 370000,1543 FTK,344,1
realestate_html/rightmove-1002.html,in,"Choppards Lane, Holmfirth, West Yorkshire, HD9","300,564",4,5,
realestate_html/zillow-0409.html,Active,"Buxton Loop, Hot Springs, AR 719","$ 109,000","1,",13,2
realestate_html/realestate-1505.html,"603/88 Frome Street, Adelaide, SA 5000","603/88 Frome Street, Adelaide, SA 5000","$ 599,000",,2,2
realestate_html/realtor-0994.html,"1001 10th St N, Columbus, MS 39701 [Updated 5/13]","1 10th St N, Columbus, MS 39701",USD 324999,4223 FTK,4,1
realestate_html/realestate-0510.html,Attention Developers/ New Home Owners,"Ferry Road, Lansvale, NSW 2166","$ 788,888",,04,1
realestate_html/zillow-1934.html,For sale,9 S,"$ 855,000",",894",3,112
realestate_html/realtor-1044.html,"10 Old Wilson Rd, West, MS 39192 [Updated 5/13]","10 Old Wilson Rd, West, MS 39192",USD 275000,FTK,4,
realestate_html/rightmove-0088.html,bedroom town house for sale in,"135 Harley Street, London, W1G","£ 18,500,000",Freehold,16,29
realestate_html/propertyguru-1445.html,Coral Bay,"Jalan Utama Sutera Harbour, Kota Kinabalu, Sabah",",","1,541",3,12
realestate_html/realtor-0693.html,"1010 W 13th St, San Pedro, CA 90731 [Updated 5/13]","1010 W 13th St, San Pedro, CA 90731",USD 1288000,2015 FTK,3,13
realestate_html/zillow-1357.html,For sale,"W Electra Ln, Glendale, AZ 85310","$ 573,000",",",14,2
realestate_html/realtor-0411.html,"524 115th St Unit 524C, Flushing, NY 11356 [Updated 5/13]","524 115th St Unit 524C, Flushing, NY",USD 820000,917 FTK,2,113
realestate_html/realestate-1998.html,"270 Stuart Highway, Mataranka, NT 0852","270 Stuart Highway, Mataranka, NT 0852","$ 699,000",.2ha,3,1
realestate_html/zillow-0488.html,"444 Black Oak Ridge Rd, Wayne, NJ 07470 | MLS #3966031 | Zillow",0,$ 81,--,3,04
realestate_html/propertyguru-0766.html,Elok,Jln Elok,",","1,",256,296
realestate_html/zillow-1989.html,Foreclosure,"81 Wellington Ave, Denham Springs, LA 70726",$,"1,",3,235
realestate_html/realestate-0022.html,"3/12 Chatham Street, Adelaide, SA 5000",/,"$ 750,000",159 m²,3,1
realestate_html/zillow-1295.html,For sale,"3832 Bayside Ct, Miami, FL 33133","$ 39,000,000","10,55",16,279
realestate_html/propertyguru-1792.html,Lovell @ Country Garden Danga Bay,"Jalan Skudai Off Country Garden Danga Bay, Danga Bay, Johor Bahru, Johor","1,300,000","1,522",4,14
realestate_html/zillow-1200.html,"3254 South 15th PLACE, Milwaukee, WI 53215 | MLS #1919748 | Zillow",4 South,$,"1,700",5,1926
realestate_html/rightmove-0119.html,bedroom detached house for sale in,"Sumner Place, London, SW7",",000",Ask agent,407,5
realestate_html/propertyguru-0997.html,Vacanza @ East,36 Lengkong Tujoh,"1,400,000",840,3,2
realestate_html/realtor-1814.html,"4200 Willow Pointe Dr, Jonesboro, AR 72405 [Updated 5/13]","0 Willow Pointe Dr, Jonesboro, AR 72405",USD 199000,1255 FTK,3,72
realestate_html/propertyguru-0994.html,Avenue South Residence,Silat Avenue,",",807,2,1
realestate_html/zillow-0236.html,For sale,0,$,"1,700",1930,2
realestate_html/zillow-1714.html,Active,"9118 Steel Bridge Rd, Benton, AR 72019","$ 165,000","2,128",14,130
realestate_html/rightmove-0228.html,bedroom terraced house for sale in,"Eaton Mews South, London, SW1W","950,000",Freehold,3,4
realestate_html/rightmove-1374.html,", NG5","Brownlow Drive, Nottingham","£ 250,000",Freehold,3,1
realestate_html/zillow-1191.html,Active,"7 W 2650 S, Hurricane, UT 847",$,"2,452",3,3
realestate_html/zillow-0062.html,Active Price increase,"10 Leonard Loop, Damascus, AR 720",$,"2,200",04,223
realestate_html/zillow-0165.html,"62 Jasmine Street, Denver, CO 80220 | MLS #7756465 | Zillow","62 Jasmine Street, Denver, CO 80220",$ 2,"3,",14,175
realestate_html/realtor-0248.html,"559 Noxon Rd, Poughkeepsie, NY 12603 [Updated 5/14]",03,USD 350000,1288 FTK,2,126
realestate_html/realestate-0801.html,"7 Clear Street, Palmerston, ACT 2913",3,$ 1,787 m²,4,1
realestate_html/zillow-1453.html,Coming soon,5230 SW,"$ 8,000,000",--,57,9
realestate_html/realtor-1148.html,"108 Leopold St, Bay Saint Louis, MS 39520 [Updated 5/12]","108 Leopold St, Bay Saint Louis, MS 39520",USD 819000,2151 FTK,3,12
realestate_html/rightmove-0561.html,", M3","Century Buildings, St Mary's Parsonage, Manchester",",000",Leasehold,5,24
realestate_html/rightmove-1304.html,", B43","Fairyfield Avenue, Birmingham",",000",Freehold,5,2
realestate_html/rightmove-0217.html,bedroom house for sale in,"Redington Road, Hampstead NW3",",000",Freehold,67,05
realestate_html/zillow-1419.html,For sale,48,$,"1,951",3,3
realestate_html/zillow-1378.html,Active,"Heritage Rd, Ville Platte, LA 70586",$,",090",14,02
realestate_html/zillow-0338.html,Active,"Westover Dr, Columbia, TN 38401",$,"1,457",2,102
realestate_html/realtor-0284.html,"1403 Pebble Beach Path, Riverhead, NY 11901 [Updated 5/14]","1403 Pebble Beach Path, Riverhead, NY 11901",USD 469000,1350 FTK,2,2.5
realestate_html/rightmove-0390.html,Land for sale in,"Naylors Road, Knowlsey, L27","£ 895,000","12,",,
realestate_html/realtor-1175.html,"713 Hawthorn Green Dr, Ridgeland, MS 39157 [Updated 5/11]","713 Hawthorn Green Dr, Ridgeland, MS 39157",USD 221000,1338 FTK,3,2
realestate_html/propertyguru-0523.html,356B Anchorvale Lane,B Anchorvale Lane,"1,050,000","1,",3,2
realestate_html/propertyguru-1140.html,Pang,"Jalan Mahmoodiah 101, Jalan Mahmoodiah, Kampung Bahru, Johor Bahru, Johor","5,000","1,",143,2
realestate_html/propertyguru-0349.html,512C Yishun Street 51,C Yishun Street 51,"750,000","1,",3,12
realestate_html/realestate-1910.html,/,/,$,78 m²,2,1
realestate_html/rightmove-1400.html,", NG12","The Glade, Melton Road, Edwalton","£ 1,700,000",Freehold,5,04
realestate_html/realestate-0095.html,"Sapphire's Exquisite Living 3408/63 LA TROBE STREET,","3408/63 La Trobe Street, Melbourne, Vic 3000",$,83.7 m²,2,1
realestate_html/realtor-1138.html,"11 County Road 119, Corinth, MS 38834 [Updated 5/12]","11 County Road 119, Corinth, MS 388",USD 119900,1194 FTK,34,12
realestate_html/realtor-0056.html,"1494 Davis Rd, Churchville, NY 14428 [Updated 5/14]","4 Davis Rd, Churchville, NY 144",USD 209900,1592 FTK,3,28
realestate_html/propertyguru-0204.html,Marina One Residences,23 Marina Way,"350,000",689,3,1
realestate_html/realestate-1262.html,"174/8 Solitary Islands Way, Sapphire Beach, NSW 2450","/8 Solitary Islands Way, Sapphire Beach, NSW 2450","$ 420,000",,1,1
realestate_html/realestate-0136.html,"21 Bardurra Street, Baynton, WA 6714","Bardurra Street, Baynton, WA 6714","$ 3,362",246 m²,5,2014
realestate_html/zillow-1646.html,"7840 Torreyson Dr, Los Angeles, CA 90046 | MLS #25531397 | Zillow",78,$,",599",1940,6
realestate_html/realestate-1529.html,"16 Lorikeet Street, Wulagi, NT 0812","16 Lorikeet Street, Wulagi, NT 0812","$ 775,000",815 m²,,
realestate_html/zillow-0366.html,For sale,"240 Robinson St APT 5, Los Angeles, CA 90026","$ 219,000",900,1,1
realestate_html/realtor-0023.html,"777 Smith St, Rochester, NY 14606 [Updated 5/14]","777 Smith St, Rochester, NY 14606",USD 59900,987 FTK,3,146
realestate_html/realestate-0474.html,"1105/6 Finniss Street, Darwin City, NT 0800","1105/6 Finniss Street, Darwin City, NT 0800","$ 465,000",138 m²,3,2
realestate_html/zillow-0272.html,"134 Chesterfield Rd, Hampton, VA 23661 | MLS #10584185 | Zillow",61,$,"1,500",1947,3
realestate_html/zillow-0939.html,For sale,0,"$ 150,000","1,",14,102
realestate_html/propertyguru-0081.html,Most affordable 3-Sty Terrace within 1km to Rosyth School and future MRT,"Limbok Terrace, Park Villas, Kovan",",000","1,614",3,15
realestate_html/realtor-0776.html,"2001 Kenilworth Ave, Los Angeles, CA 90039 [Updated 5/13]","Kenilworth Ave, Los Angeles, CA 90039",USD 2200000,2155 FTK,4,4
realestate_html/realestate-1208.html,"Bedroom Gem 26 OBRIENS ROAD, COHUNA","26 Obriens Road, Cohuna, Vic","$ 400,000",79,3,1
realestate_html/rightmove-2070.html,bedroom house for sale in,"Calshot Court, Ocean Village, SO14",",000",Leasehold,3,03
realestate_html/zillow-1189.html,For sale,"3202 E Orange Dr, Phoenix, AZ 85018","$ 1,199,000","2,823",4,174
realestate_html/realtor-1778.html,"804 W Highway 64, Coal Hill, AR 72832 [Updated 5/14]","804 W Highway 64, Coal Hill, AR 728",USD 109900,1421 FTK,4,32
realestate_html/propertyguru-1052.html,Indah,"Jalan Pandan Indah 5, Taman Pandan Indah, Ampang, Kuala Lumpur","8,000","1,260",4,3
realestate_html/realestate-0904.html,"SCENIC DRIVE, AMERICAN RIVER","Scenic Drive, American River, SA 5221","$ 850,000",all situated on the upstairs level and on the lower level is a second living area or office/workshop. This sale includes,23,1
realestate_html/zillow-1843.html,For sale,"12480 SW 125th Ter, Miami, FL","$ 575,000","1,491",3,2003
realestate_html/zillow-0050.html,New,"8 Plover Ct, Woodridge, IL 60517",$,"1,719",14,123
realestate_html/rightmove-1007.html,", HU",3JN,"£ 1,995,000",Freehold,4,14
realestate_html/realtor-0457.html,"5512 Willowcrest Ave, North Hollywood, CA 91601 [Updated 5/13]",55,USD 1175000,1008 FTK,3,1.5
realestate_html/zillow-0603.html,New,2,$,"1,",214,123
realestate_html/propertyguru-1616.html,Taman Bukit Des,"Taman Bukit Desa, Taman Desa, Kuala Lumpur",",000","3,300",6,234
realestate_html/realtor-0955.html,"847 Herrin Dr, Picayune, MS 39466 [Updated 5/14]","847 Herrin Dr, Picayune, MS 39466",USD 158000,1300 FTK,3,1.5
realestate_html/realtor-0049.html,for rent,"3 Robin Ct, Saratoga Springs, NY, 12866, USA",$ 941,"1,278 sqft",3,2
realestate_html/zillow-0197.html,For sale,12,"$ 699,900","1,548",3,03
realestate_html/realtor-0907.html,"913 Lanier Ave, Jackson, MS 39203 [Updated 5/13]",3,USD 44900,624 FTK,39,20
realestate_html/zillow-0295.html,For sale,"166 Mill Point Dr, Hampton, VA",$,"1,898",14,03
realestate_html/realestate-1765.html,"140 Freds Pass Road, Humpty Doo, NT 0836","140 Freds Pass Road, Humpty Doo, NT 08","$ 900,000",.,3,2
realestate_html/propertyguru-0942.html,Corals at Keppel Bay,Keppel Bay Drive,"400,000","1,001",3,2
realestate_html/realestate-0372.html,"22 Milan Street, Elizabeth East, SA 5112","Milan Street, Elizabeth East, SA","$ 475,000",m²,12,1
realestate_html/rightmove-1264.html,", B15","Harrisons Road, Edgbaston","£ 795,000",Freehold,3,3
realestate_html/realestate-0354.html,#LARGE STUDY ROOM #FLOORBOARD #LOW STRATA LEVY 70,-,"$ 779,000",111 m²,2,111
realestate_html/propertyguru-1474.html,% ] Cash Back Walking Distance To MRT LRT Sunway,"Bandar Sunway, Sunway, Selangor","466,789","1,",3,12
realestate_html/realtor-0928.html,"1358 David Rd, Coldwater, MS 38618 [Updated 5/13]","8 David Rd, Coldwater, MS 38618",USD 299900,1714 FTK,3,2.5
realestate_html/realestate-1382.html,"NORFOLK CRESCENT, SANDY BAY","Norfolk Crescent, Sandy Bay, Tas 7005",$ 1,48,3,2
realestate_html/propertyguru-0251.html,Riviere,1 Jiak Kim Street,"380,000",818,3,2
realestate_html/zillow-0866.html,"1521 Whedbee St, Fort Collins, CO 80524 | MLS #1028098 | Zillow","1 Whedbee St, Fort Collins, CO 80",$ 1,",008",1951,23
realestate_html/realestate-1427.html,"/1 WILLIAM STREET, MELBOURNE","/1 William Street, Melbourne, Vic 3000",UNDER OFFER,118 m²,2,1802
realestate_html/rightmove-1989.html,", SO17",Southampton,",000",Freehold,04,2
realestate_html/realestate-0749.html,"Open Home Cancelled 4/66 DUNSMORE STREET, KELVIN GROVE","4/66 Dunsmore Street, Kelvin Grove, Qld 4059",22 May at 6:00 pm,87 m²,1,1
realestate_html/rightmove-0435.html,bedroom semi-detached house for sale in,"Menlove Avenue, Calderstones, Liverpool, L18","£ 750,000",Leasehold,14,02
realestate_html/rightmove-0116.html,bedroom detached house for sale in,"Blomfield Road, Little Venice, W9",",000",Freehold,5,140
realestate_html/propertyguru-0749.html,Stirling Residences,Stirling Road,",",89,3,2
realestate_html/zillow-1081.html,For sale,"6 Glenridge Cir, Powhatan, VA",$,"1,",3,2
realestate_html/rightmove-0784.html,",","Clarendon Crescent, Ellesmere Park, Manchester","£ 695,000",Freehold,3,3
realestate_html/propertyguru-2034.html,R&F Princess Cove,"Jalan Tanjung Puteri, Johor Bahru, Johor","9,800",797,2,1
realestate_html/zillow-0640.html,Active,"816 Peniston St, New Orleans, LA 70115","$ 825,000","2,",3,3
realestate_html/realtor-0486.html,"505 S Barrington Ave Unit 405, Los Angeles, CA 90049 [Updated 5/13]","505 S Barrington Ave Unit 405, Los Angeles, CA 90049",USD 1650000,984 FTK,2,2.5
realestate_html/propertyguru-0513.html,424 Canberra Road,4 Canberra Road,",000",969,3,2
realestate_html/realestate-1405.html,"1802-1803/95 Charlotte Street, Brisbane City, Qld 4000",-,"$ 1,010",93 m²,2,1802
realestate_html/rightmove-1152.html,bedroom semi-detached house for sale in,"Gough Road, Edgbaston, B1","£ 1,295,000",Freehold,1850,4
realestate_html/realestate-0824.html,"28 Kauri Road, Hawthorndene, SA 5051","Kauri Road, Hawthorndene, SA 5051","$ 1,230,000","1,294 m²",3,129
realestate_html/realtor-0988.html,"85 Alexander Rd, Jayess, MS 39641 [Updated 5/13]","85 Alexander Rd, Jayess, MS 39641",USD 550000,2016 FTK,2,1
realestate_html/realestate-0321.html,"3/13 Winston Avenue, Stuart Park, NT 0820",/,"$ 649,000.00",m²,13,2
realestate_html/propertyguru-0071.html,Affinity At Serangoon,Serangoon North Avenue,",",4,2,1
realestate_html/realtor-1040.html,"105 Laurie Ct, Ocean Springs, MS 39564 [Updated 5/13]","105 Laurie Ct, Ocean Springs, MS 39564",USD 315000,1993 FTK,3,2
realestate_html/realestate-0607.html,"25 Stedcombe Street, Alawa, NT 0810","Stedcombe Street, Alawa, NT 0810","$ 1,935.88",817 m²,3,
realestate_html/propertyguru-0583.html,518 Woodlands Drive 14,518 Woodlands Drive,"8,000","1,356",14,2
realestate_html/realestate-0103.html,"Spacious & Modern Family Living 57 BLOOMFIELD STREET, GILLEN","57 Bloomfield Street, Gillen, NT 0870","9,000",988,2,1
realestate_html/realestate-0153.html,"51/7 Liberman Close, Adelaide, SA 5000","51/7 Liberman Close, Adelaide, SA 5000","$ 2,800",240 m²,51,2
realestate_html/propertyguru-0708.html,687C Choa Chu Kang Drive,687C Choa Chu Kang Drive,"8,000","1,184",3,12
realestate_html/rightmove-0797.html,", M8","Boardman Road, Crumpsall, M8","75,000",Leasehold,6,03
realestate_html/realestate-0770.html,Contemporary living in a dream location 606/,606/,"$ 595,000",94 m²,2,
realestate_html/realtor-1621.html,"1800 S Ocean Blvd Apt 511, Pompano Beach, FL 33062 [Updated 5/14]","1800 S Ocean Blvd Apt 511, Pompano Beach, FL 33062",USD 849000,2020 FTK,2,2.5
realestate_html/rightmove-1068.html,bedroom detached house for sale in,"West Lawn, Linton, Near Wetherby, West Yorkshire, LS22",",000",Freehold,15,4
realestate_html/rightmove-0237.html,bedroom terraced house for sale in,"Westbourne Gardens, London, W2","£ 13,500,000",Freehold,12,12
realestate_html/zillow-0115.html,For sale,"29 Platz Ln, Bella Vista, AR 72714","$ 279,000",0,3,130
realestate_html/zillow-0171.html,For sale,"67-15 Bell Boulevard #Duplex, Bayside, NY 11364","$ 445,000",895,2,12
realestate_html/propertyguru-0120.html,500 Pasir Ris Street 52,500 Pasir Ris Street,"970,000","1,58",4,2
realestate_html/realtor-1416.html,for rent,"1675 NW 4th Ave, Boca Raton, FL, 33432, USA","$ 1,990",710 sqft,1,1
realestate_html/zillow-1082.html,Active,"2549 Tennessee St, New Orleans, LA 70",$,",000",1,01
realestate_html/realtor-1260.html,"846 N 5th Ave, Laurel, MS 39440 [Updated 5/13]","846 N 5th Ave, Laurel, MS 39440",USD 339000,2232 FTK,3,202
realestate_html/zillow-0104.html,For sale,"25 Landau Dr, Westminster, MD 21157","$ 525,000","2,",3,13
realestate_html/rightmove-2071.html,bedroom bungalow for sale in,"Upton Crescent, Nursling, Southampton, Hampshire, SO16","£ 635,000",Freehold,04,2
realestate_html/realtor-0324.html,"186 Corona Ave, Staten Island, NY 10306 [Updated 5/13]","186 Corona Ave, Staten Island, NY 10306",USD 498000,1068 FTK,2,103
realestate_html/rightmove-0663.html,",","20 Wood Street, Spinningfields, Manchester, Greater Manchester","£ 895,000",Freehold,3,03
realestate_html/propertyguru-0815.html,441 Jurong West Avenue 1,441 Jurong West Avenue 1,",000","1,109",13,12
realestate_html/rightmove-1043.html,bedroom detached house for sale in,"Gilstead Way, Ilkley, LS29",",000",Freehold,5,6
realestate_html/realestate-1687.html,"7206/222 Margaret Street, Brisbane City, Qld 4000",6/,$ 500,87 m²,2,2
realestate_html/realestate-0328.html,"143 Hampstead Road, Greenacres, SA 5086","Hampstead Road, Greenacres, SA 5086",Auction,4 m²,13,2
realestate_html/zillow-1736.html,New,"39 S Racine Ave, Chicago, IL 606","$ 187,700",--,14,102
realestate_html/propertyguru-0862.html,18C Holland Drive,18C Holland Drive,",000",990,3,2
realestate_html/realestate-1724.html,"4401/443 Queen Street, Brisbane City, Qld 4000",1/,"$ 3,760.48",193 m²,4,
realestate_html/rightmove-1481.html,bedroom detached house for sale in,"Smythson Drive, Wollaton, Nottingham, NG8","£ 875,000",Freehold,04,2
realestate_html/realtor-1449.html,"6644 Marbletree Ln, Lake Worth, FL 33467 [Updated 5/14]","6644 Marbletree Ln, Lake Worth, FL 33467",USD 895000,3303 FTK,4,3
realestate_html/propertyguru-1728.html,Tree Sparina,"Ideal Vision Park Jalan Sungai Tiram 11, Taman Tunas Damai, Bayan Lepas, Penang","625,000","1,",3,1300
realestate_html/zillow-0606.html,"720 Riverside Dr, Constantine, MI 49042 | MLS #25024109 | Zillow","720 Riverside Dr, Constantine, MI 49042","$ 429,900","2,",3,183
realestate_html/rightmove-0000.html,bedroom flat for sale in,"Harlesden Gardens, London, NW10","£ 750,000",Leasehold,2,2
realestate_html/rightmove-2026.html,bedroom detached house for sale in,"Bassett Green Village, Southampton, Hampshire, SO16","£ 700,000",Freehold,4,2
realestate_html/rightmove-1998.html,", SO","Cleverley Rise, Bursledon",",000",Freehold,5,03
realestate_html/zillow-1347.html,For sale,"E Valencia Dr, Phoenix, AZ 850","$ 900,000","2,903",4,14
realestate_html/zillow-0373.html,Accepting back-up offers,"250 Willman Sq, Hot Springs, AR 71901",$,"2,",4,13
realestate_html/realtor-0084.html,"253-10 W End Dr, Little Neck, NY 11362 [Updated 5/14]","-10 W End Dr, Little Neck, NY 11362",USD 1790000,3166 FTK,8,113
realestate_html/rightmove-0032.html,", SW1P","'The Astor', Millbank SW1","£ 24,000,000",Leasehold,5,6
realestate_html/realtor-1381.html,"156 S Woodbridge Cir, Daytona Beach, FL 32119 [Updated 5/14]","156 S Woodbridge Cir, Daytona Beach, FL",USD 214900,1038 FTK,2,321
realestate_html/zillow-0937.html,Pending,"Vaughn Dr, Manhattan, KS 6650",$,"1,657",14,2
realestate_html/realtor-1137.html,"2010 Constitution Dr, Iuka, MS 38852 [Updated 5/12]","Constitution Dr, Iuka, MS 38852",USD 139000,2100 FTK,3,12
realestate_html/realtor-1725.html,"7 Minentonka Dr, Cherokee Village, AR 72529 [Updated 5/14]","7 Minentonka Dr, Cherokee Village, AR 72529",USD 265000,2072 FTK,4,3
realestate_html/realestate-0703.html,"13 Rosewood Avenue, Elizabeth North, SA 5113","Rosewood Avenue, Elizabeth North, SA 51","$ 565,000",99 m²,13,2
realestate_html/zillow-1377.html,For sale,1,"$ 350,000",",",46,2
realestate_html/rightmove-0777.html,bedroom detached house for sale in,5,"£ 699,995",Freehold,4,2
realestate_html/rightmove-1123.html,bedroom flat for sale in,6,"650,000",Leasehold,1,1
realestate_html/propertyguru-0714.html,The Garden Residence,7 Serangoon North View,",",4,2,1
realestate_html/rightmove-1251.html,bedroom detached house for sale in,"Portland Road, Birmingham, B17","£ 800,000",Freehold,16,04
realestate_html/realtor-1654.html,"647 Gap Creek Dr, Fort Walton Beach, FL 32548 [Updated 5/14]",48,USD 220000,1708 FTK,3,325
realestate_html/propertyguru-0781.html,THE ORCHARD RESIDENCES,238 Orchard Boulevard,"8,500,000","2,",3,14
realestate_html/realestate-0041.html,"20 Flockhart Drive, Marlow Lagoon, NT 0830","Flockhart Drive, Marlow Lagoon, NT 0830","$ 2,477.72",230 m²,3,
realestate_html/realestate-0908.html,"STOKES STREET, PARAP",6/,"$ 449,000",,2,1
realestate_html/realtor-0596.html,"21820 Marylee St Unit 235, Woodland Hills, CA 91367 [Updated 5/13]","20 Marylee St Unit 235, Woodland Hills, CA 91367",USD 915000,2203 FTK,3,3
realestate_html/realestate-0763.html,/,/,Auction,110 m²,13,2
realestate_html/realtor-1498.html,"5435 Alta St, Jacksonville, FL 32208 [Updated 5/14]",08,USD 95000,616 FTK,2,202
realestate_html/realtor-0820.html,"15241 Greenleaf St, Sherman Oaks, CA 91403 [Updated 5/13]","41 Greenleaf St, Sherman Oaks, CA 91403",USD 3699000,4728 FTK,5,6
realestate_html/realtor-1813.html,"25400 Sunshine Ln, Hensley, AR 72065 [Updated 5/14]","00 Sunshine Ln, Hensley, AR 72065",USD 126500,1278 FTK,2,720
realestate_html/propertyguru-1340.html,Gamuda Garden Rawang Freehold New 2 storey 22x75,"Bandar Gamuda Gardens, Rawang, Selangor","659,000","1,800",4,4
realestate_html/zillow-0296.html,Under contract,507,$,",066",2,1
realestate_html/realestate-0365.html,"13 Planigale Street (Melonba), Marsden Park, NSW 2765",13 Planigale Street (Melon,"$ 6,061",,04,2
realestate_html/zillow-0421.html,For sale,"330 Fairview Ave, Rehoboth, MA","$ 609,900","1,898",4,2
realestate_html/realtor-1690.html,"7509 Mourning Dove Cir Apt 201, Reunion, FL 34747 [Updated 5/14]","7509 Mourning Dove Cir Apt 201, Reunion, FL 34747",USD 314000,1419 FTK,3,2
realestate_html/rightmove-1131.html,", B90","Truemans Heath Lane, Shirley, Solihull, B90 1PG","£ 1,500,000",Freehold,7,8
realestate_html/realestate-1666.html,"18 Parkinson Street, Muirhead, NT 0810","18 Parkinson Street, Muirhead, NT 0810",UNDER OFFER,1 m²,05,12
realestate_html/rightmove-0071.html,bedroom detached house for sale in,"Wadham Gardens, London, NW3","£ 19,950,000",Freehold,4,6
realestate_html/realestate-0764.html,Bedroom Villa 2/,2/,Under Contract,,3,1
realestate_html/propertyguru-0107.html,390 Bukit Batok West Avenue 5,390 Bukit Batok West Avenue 5,"700,000","1,",14,2
realestate_html/realestate-1116.html,"-703/570 QUEEN STREET, BRISBANE CITY","-703/570 Queen Street, Brisbane City, Qld 4000",Contact Agent,,2,203
realestate_html/rightmove-1570.html,", NG16","Beauvale Farm,",",000",Freehold,5,23
realestate_html/zillow-1686.html,"8611 Torry View, Houston, TX 77095 | MLS #1870925 | Zillow","8611 Torry View, Houston, TX 77095",$,"2,660",224,3
realestate_html/rightmove-0983.html,", DL10","Maison Dieu, Richmond","£ 2,000,000",Freehold,5,5
realestate_html/realtor-0605.html,"8701 Delgany Ave Unit 216, Playa Del Rey, CA 90293 [Updated 5/13]","8701 Delgany Ave Unit 216, Playa Del Rey, CA 90293",USD 980000,1382 FTK,2,2
realestate_html/zillow-0938.html,New,", Chicago, IL 606",$,"1,",2,02
realestate_html/realestate-0619.html,"323/45 Ainslie Avenue, Braddon, ACT 2612","/45 Ainslie Avenue, Braddon, ACT",Auction,m²,2,2
realestate_html/realestate-0651.html,"104 Iluka Road, Palm Beach, NSW 2108",8,"$ 5,906",613 m²,,
realestate_html/rightmove-2039.html,bedroom town house for sale in,"Calshot Court, Ocean Village, SO","£ 695,000",Lease,03,14
realestate_html/realtor-0412.html,"17 Hibiscus Cir Unit 17, Hopewell Junction, NY 12533 [Updated 5/13]","17 Hibiscus Cir Unit 17, Hopewell Junction, NY 12533",USD 49000,580 FTK,1,1
realestate_html/rightmove-2009.html,", SO","Bridge Road, Sarisbury Green, Southampton","£ 750,000",Freehold,3,02
realestate_html/realtor-0373.html,"187-02 Foch Blvd, Saint Albans, NY 11412 [Updated 5/14]","187-02 Foch Blvd, Saint Albans, NY 114",USD 749900,1312 FTK,3,12
realestate_html/zillow-1848.html,New,9,$,"1,600",3,123
realestate_html/realtor-1250.html,"Nelson Rd, Poplarville, MS 39470 [Updated 5/10]","Nelson Rd, Poplarville, MS 39470",USD 154900,FTK,4,2
realestate_html/realestate-0144.html,"23 Torrington Street, Point Cook, Vic 3030","Torrington Street, Point Cook, Vic 3030","$ 1,660,000",473.81 m²,1,
realestate_html/zillow-1864.html,"13183 N 95th Street, Longmont, CO 80504 | MLS #3711540 | Zillow",8,"$ 1,150,000","1,",3,2
realestate_html/zillow-0601.html,For sale,715 E,"$ 78,900","1,480",3,102
realestate_html/rightmove-0339.html,", L1","Rodney Street, Georgian Quarter, Liverpool.","£ 1,250,000",Freehold,6,34
realestate_html/zillow-0626.html,New,"801 Spear Dr, Normal, IL 61761",$,",400",131,123
realestate_html/realestate-1523.html,11th Floor. Enviable Location. City Class. 1109/,1109/,"$ 479,000",101 m²,2,102
realestate_html/realtor-1591.html,for rent,"2571 Lake Worth Rd, Lake Worth, FL, 33461, USA","$ 1,253",900 sqft,2,2
realestate_html/realestate-0957.html,"Charming Multi-Use Property with Development Potential in Drouin 18 MAIN NEERIM ROAD, DROUIN","18 Main Neerim Road, Drouin, Vic 3818",$,8 m²,04,2
realestate_html/realtor-1402.html,"Oakland Dr, Crawfordville, FL 32327 [Updated 5/14]","Oakland Dr, Crawfordville, FL 32327",USD 100000,FTK,,27
realestate_html/propertyguru-1749.html,Four Seasons Place,"Jalan Ampang, KLCC, KL City Centre, Kuala Lumpur","3,950,000","1,345",2,2
realestate_html/realestate-0397.html,"/33 ROSE LANE, MELBOURNE","/33 Rose Lane, Melbourne, Vic 3000","$ 490,000",79 m²,2,12
realestate_html/realtor-1463.html,"605 Oaks Dr Apt 203, Pompano Beach, FL 33069 [Updated 5/14]","605 Oaks Dr Apt 203, Pompano Beach, FL 33069",USD 230000,FTK,2,2
realestate_html/rightmove-0988.html,", YO30","Government House Road, York","£ 2,000,000",Freehold,5,14
realestate_html/zillow-1567.html,New construction,65,"$ 228,000","2,",04,3
realestate_html/propertyguru-1502.html,Fair View Apartment,", Permas Jaya, Johor",",000","1,",3,02
realestate_html/realtor-0887.html,"723 Fairway Trl, Hernando, MS 38632 [Updated 5/14]","Fairway Trl, Hernando, MS 386",USD 396800,2700 FTK,3,32
realestate_html/rightmove-1149.html,", B17","Wentworth Road, Harborne",",000",Freehold,25,3
realestate_html/realtor-1501.html,"7647 Fairfax Dr, Kissimmee, FL 34747 [Updated 5/14]","7647 Fairfax Dr, Kissimmee, FL 34747",USD 1139900,5030 FTK,9,8.5
realestate_html/rightmove-0534.html,bedroom detached bungalow for sale in,"Harington Road, Formby, Liverpool, L",",000",Freehold,3,02
realestate_html/zillow-1197.html,For sale,"3230 Ivy Falls Dr, Houston, TX 77068",$,"6,",4,235
realestate_html/propertyguru-1906.html,3 Storey Bungalow House!,"Kepong Baru, Kepong, Kuala Lumpur","1,488,500","4,860",7,7
realestate_html/realestate-0203.html,"1 Rokeby Avenue, Norwood, SA 5067","1 Rokeby Avenue, Norwood, SA",$ 299.75,365 m²,2,2
realestate_html/rightmove-1895.html,bedroom detached house for sale in,"Smith Street, Beddgelert, Caernarfon, Gwynedd, LL55","25,000",Freehold,8,8
realestate_html/realestate-1612.html,"30/256 Casuarina Drive, Nightcliff, NT 0810","30/256 Casuarina Drive, Nightcliff, NT 0810","$ 1,750",,1,10
realestate_html/rightmove-0821.html,",",2 9DH,"0,000",Freehold,6,3
realestate_html/realestate-1894.html,"Light-Filled and Spacious CBD Apartment 550 QUEEN STREET, BRISBANE CITY","550 Queen Street, Brisbane City, Qld 4000",Under Contract,,2,2
realestate_html/propertyguru-0438.html,Normanton Park,Normanton Park,"580,000",786,3,01
realestate_html/rightmove-0987.html,", YO32","The Village, Earswick, York","£ 2,000,000",Freehold,5,5
realestate_html/propertyguru-1358.html,Lumina Residence,"Lebuhraya Pykett, George Town, Penang",",000","1,",13,121
realestate_html/realtor-0217.html,"559 Sprakers Rd, Sprakers, NY 12166 [Updated 5/14]","559 Sprakers Rd, Sprakers, NY",USD 129500,1408 FTK,2,121
realestate_html/realestate-0261.html,"15/2 Plaistow Street, Joondalup, WA 6027",15/,"$ 600,000",117 m²,163,2
realestate_html/realtor-1906.html,"1904 Tull Dr, Pea Ridge, AR 72751 [Updated 5/13]","1904 Tull Dr, Pea Ridge, AR 72751",USD 530000,2395 FTK,4,2.5
realestate_html/propertyguru-1290.html,Taming Indah 1,"Jalan Taming Indah, Bandar Sungai Long, Selangor",Price on Ask,"2,610",4,24
realestate_html/rightmove-0269.html,bedroom apartment for sale in,"Bayswater Road, London, W","750,000",Leasehold,03,2
realestate_html/realtor-0750.html,"2170 Century Park E Unit 1004S, Los Angeles, CA 90067 [Updated 5/13]","0 Century Park E Unit 1004S, Los Angeles, CA 90067",USD 690000,853 FTK,1,1
realestate_html/rightmove-0825.html,", YO8","Broad Lane, Cawood Common, Selby",",000",Freehold,3,2
realestate_html/zillow-0806.html,For sale,"7 Rochester Ave, Iowa City, IA 52245","$ 400,000",",552",23,1
realestate_html/realtor-0220.html,"76 S Manning Blvd, Albany, NY 12203 [Updated 5/14]",03,USD 425000,2232 FTK,4,122
realestate_html/propertyguru-0403.html,Blossoms By The Park,9 Slim Barracks Rise,"3,336,000","1,507",3,214
realestate_html/zillow-1087.html,For sale,2609 N,$,"1,74",15,223
realestate_html/realestate-0439.html,"32 Macrossan Street, Brisbane City, Qld 4000","Macrossan Street, Brisbane City, Qld 4000",,,2,
realestate_html/zillow-0743.html,Active,"1113 Linwood Ave, Metairie, LA 70003","$ 310,000","1,737",14,2
realestate_html/realestate-1554.html,"6 Sue Watt Place, Uriarra Village, ACT 2611",1,"$ 925,000",m²,3,12
realestate_html/propertyguru-1158.html,Molek Regency,"/20, Taman Molek, Johor Bahru, Johor","780,000","1,",14,13
realestate_html/zillow-1023.html,For sale,15,"$ 509,950",",089",04,12
realestate_html/realestate-1299.html,"/1 DOLPHIN CLOSE, CHISWICK","/1 Dolphin Close, Chiswick, NSW",Contact Agent,,2,12
realestate_html/realestate-1249.html,"3301/222 Margaret Street, Brisbane City, Qld 4000","3301/222 Margaret Street, Brisbane City, Qld 4000",$ 745,105 m²,2,
realestate_html/realtor-1823.html,"111 Midland St, Little Rock, AR 72205 [Updated 5/14]","111 Midland St, Little Rock, AR 72205",USD 399000,2166 FTK,4,20
realestate_html/zillow-0911.html,For sale,24,"$ 949,000",",230",5,5
realestate_html/propertyguru-0148.html,10 Clover Avenue,10 Clover Avenue,"980,000","1,680",240,3
realestate_html/realtor-1502.html,"979 Sun Burst Rd, Winter Haven, FL 33880 [Updated 5/14]","979 Sun Burst Rd, Winter Haven, FL 33880",USD 350000,2601 FTK,5,3
realestate_html/rightmove-1366.html,", B","Grimpits Lane, Headley Heath","£ 650,000",Freehold,3,3
realestate_html/zillow-1281.html,"3760 Flamingo Ave SW, Wyoming, MI 49509 | MLS #25024350 | Zillow","60 Flamingo Ave SW, Wyoming, MI 49509","$ 249,900",",584",3,1
realestate_html/rightmove-1826.html,", LL13","Erlas Lane, Wrexham","£ 900,000",Freehold,05,4
realestate_html/realestate-1090.html,"24 Irlpme Court, Larapinta, NT 0875","Irlpme Court, Larapinta, NT 0875","$ 969,000",360 m²,2,2
realestate_html/realestate-0254.html,"4/557 LITTLE LONSDALE STREET, MELBOURNE","4/557 Little Lonsdale Street, Melbourne, Vic 3000",Price on Application,,1,1
realestate_html/realtor-0053.html,"22 Lupine Dr, Ballston Spa, NY 12020 [Updated 5/14]","22 Lupine Dr, Ballston Spa, NY 12020",USD 520000,1900 FTK,3,2.5
realestate_html/realestate-1040.html,"-Bedroom Apartment in Brisbane Skytower 222 MARGARET STREET, BRISBANE CITY","222 Margaret Street, Brisbane City, Qld 4000",Contact Agent,,1,1
realestate_html/rightmove-1905.html,bedroom detached house for sale in,"Penrhyn Beach East, Penrhyn Bay, Llandudno, Conwy, LL30","£ 820,000",Freehold,6,15
realestate_html/realtor-0576.html,"5134 Medina Rd, Woodland Hills, CA 91364 [Updated 5/13]",51,USD 2599555,3400 FTK,5,5.5
realestate_html/propertyguru-0917.html,Bodmin drive,Bodmin drive,",000",",800",3,2
realestate_html/realestate-0647.html,"5 McArthur Place, Beachport, SA 5280","5 McArthur Place, Beachport, SA 5280","$ 900,000",698 m²,3,12
realestate_html/propertyguru-0476.html,Jervois Jade,Jervois Close,"1,580,000","1,044",3,12
realestate_html/rightmove-1775.html,bedroom character property for sale in,"Rowen, Conwy, LL32","£ 1,000,000",Freehold,08,10
realestate_html/rightmove-0043.html,bedroom house for sale in,"Pembroke Gardens, Kensington, London, W","£ 21,950,000",Freehold,8,6
realestate_html/zillow-1423.html,New,"4829 N Seeley Ave, Chicago, IL 60625","$ 999,999",--,3,123
realestate_html/rightmove-1853.html,", LL28","Ty Du Road, Glan Conwy",",000",FREEHOLD,5,03
realestate_html/zillow-0061.html,"9 Woodhill Rd, Tenafly, NJ 07670 | MLS #25016815 | Zillow","9 Woodhill Rd, Tenafly, NJ 07670","$ 7,600,000",--,16,10
realestate_html/zillow-1777.html,"10408 W Devonshire Ave, Phoenix, AZ 85037 | Zillow","Ave, Phoenix, AZ","$ 249,200","1,288 sqft",1,2
realestate_html/propertyguru-0890.html,222 Lorong 8 Toa Payoh,Lorong 8 Toa Payoh,",000",88,3,2
realestate_html/propertyguru-0219.html,Midtown Modern,Tan Quee Lan Street,"520,000",474,3,1
realestate_html/propertyguru-0164.html,Dalla Vale,Springleaf Avenue,",000","3,261",15,04
realestate_html/zillow-0430.html,Pending,06,$,",198",14,02
realestate_html/propertyguru-1780.html,Bukit Sungai Long,"Bandar Sungai Long, Selangor","2,430,000",",",7,264
realestate_html/propertyguru-0173.html,213 Pasir Ris Street 21,Pasir Ris Street,"780,000","1,",13,12
realestate_html/rightmove-1825.html,bedroom detached house for sale in,"Bennetts Lane, Hawarden, CH","£ 900,000",Freehold,5,5
realestate_html/propertyguru-0948.html,Chuan Park,240 Lorong Chuan,"896,600","1,",15,13
realestate_html/realtor-0520.html,"4800 Topeka Dr, Tarzana, CA 91356 [Updated 5/13]","4800 Topeka Dr, Tarzana, CA 91356",USD 1750000,2621 FTK,4,3
realestate_html/rightmove-1542.html,", NG12","Firs Road, Edwalton, Nottingham","£ 750,000",Freehold,3,03
realestate_html/zillow-1716.html,Under contract,"9200 Axminster Dr, Louisville, KY",$,",",4,05
realestate_html/realtor-1984.html,"305 N Monarch Ln, Horseshoe Bend, AR 72512 [Updated 5/13]","305 N Monarch Ln, Horseshoe Bend, AR 72512",USD 750,FTK,,
realestate_html/zillow-1684.html,Pending,"1, Phoenix, AZ 850",$,"1,",131,123
realestate_html/realtor-1919.html,"3059 Jackson 6, Bradford, AR 72020 [Updated 5/13]","9 Jackson 6, Bradford, AR",USD 169900,FTK,,20
realestate_html/realestate-0285.html,"144 Trower Road, Jingili, NT 0810","144 Trower Road, Jingili, NT 0810","$ 799,000",817 m²,5,2
realestate_html/propertyguru-1277.html,2,"- Jalan Landmark Residence Jalan Sungai Long, Bandar Sungai Long, Selangor","238,000",496,1,01
realestate_html/rightmove-0802.html,",","Keppel Road, Chorlton","75,000",Freehold,6,2
realestate_html/realestate-0564.html,"9 Gill Street, Mosman Park, WA 6012","9 Gill Street, Mosman Park, WA 60","$ 2,015.87",476 m²,4,12
realestate_html/rightmove-0112.html,", E20","Stratford, Manhattan Loft Gardens, London, E20, United Kingdom","£ 17,500,000",Leasehold,3,3
realestate_html/propertyguru-1707.html,Kinrara Residence - 3 Storey Link House,"Jalan DU 4/7, Puchong, Selangor","1,125,000","3,318",6,6
realestate_html/rightmove-1749.html,", LL53","L35, The Warren Resort & Spa, Abersoch, Pwllheli, Gwynedd","£ 1,150,000",Ask agent,2,
realestate_html/rightmove-0594.html,",","No1 Deansgate, Manchester",",000",Leasehold,3,23
realestate_html/rightmove-1215.html,", B","Beaks Hill Road, Birmingham",£ 899,Freehold,05,138
realestate_html/propertyguru-1183.html,Kajang !![Corner lot last call!!],"Kajang 2, Kajang, Selangor","3,000","2,500",4,14
realestate_html/zillow-1365.html,For sale,"78 480th St SE, Iowa City, IA 52240","$ 290,000",",",3,1
realestate_html/realestate-0912.html,"17 Manning Clark Crescent, Franklin, ACT 2913","17 Manning Clark Crescent, Franklin, ACT","$ 3,085",202.43 m²,14,2
realestate_html/zillow-0279.html,For sale,0,"$ 649,999","2,118",3,163
realestate_html/propertyguru-0819.html,❤️❤️Lovely Inter Terrace 1km within Catholic High Pri School ❤️❤,Pemimpin Place,"980,000","1,680",14,3
realestate_html/rightmove-0739.html,",","Alness Road, Whalley Range, Manchester. M16 8HL","0,000",Freehold,5,01
realestate_html/zillow-1935.html,For sale,"16317 Acacia Dr, Strongsville, OH","$ 550,000","3,909",4,141
realestate_html/zillow-2001.html,"26347 Greythorne Trl, Farmington Hills, MI 48334 | MLS #20250035800 | Zillow","Greythorne Trl, Farmington Hills, MI",$,"2,",4,263
realestate_html/propertyguru-1858.html,Sky Suites @ KLCC,"18 Jalan Pinang, KLCC, KL City Centre, Kuala Lumpur","940,000",849,03,2
realestate_html/rightmove-1556.html,", NG","Manor Park, Ruddington, Nottingham","£ 750,000",Freehold,24,1
realestate_html/propertyguru-0573.html,The Watergardens at Canberra,Canberra Drive,",000",753,3,12
realestate_html/propertyguru-0874.html,Da Silva Villas,Da Silva Lane,"100,000","2,734",6,256
realestate_html/rightmove-1118.html,", B15","Vicarage Road, Edgbaston","£ 1,995,000",Freehold,6,04
realestate_html/realtor-1815.html,"31 Headley Dr, Bella Vista, AR 72714 [Updated 5/14]","31 Headley Dr, Bella Vista, AR 72714",USD 295000,1254 FTK,3,72
realestate_html/realtor-1568.html,"1910 NE 8th Pl, Cape Coral, FL 33909 [Updated 5/14]","1910 NE 8th Pl, Cape Coral, FL 33909",USD 99000,FTK,1,1
realestate_html/rightmove-1342.html,bedroom detached house for sale in,"Middlepark Drive, Northfield, Birmingham, B","85,000",Freehold,6,3
realestate_html/zillow-0449.html,"400 GCR 509, Fraser, CO 80442 | MLS #25-627 | Zillow","GCR 509, Fraser, CO 80",$ 1,",",4,2
realestate_html/realtor-1874.html,"1321 W Lela St, Rogers, AR 72758 [Updated 5/13]","1 W Lela St, Rogers, AR 72758",USD 250000,1224 FTK,3,72
realestate_html/realestate-0621.html,"8 Callantina Road, Mickleham, Vic 3064","8 Callantina Road, Mickleham, Vic 3064","$ 660,000",,4,3
realestate_html/propertyguru-1804.html,Bandar Seri Alam,"Jalan Rimba, Bandar Seri Alam, Masai, Johor",",000","1,760",4,3
realestate_html/realtor-0501.html,"9613 Wilmington Ave, Los Angeles, CA 90002 [Updated 5/13]","9613 Wilmington Ave, Los Angeles, CA 90002",USD 499900,572 FTK,2,1
realestate_html/realtor-0458.html,"152 W 111th Pl, Los Angeles, CA 90061 [Updated 5/13]","W 111th Pl, Los Angeles, CA 90061",USD 1299999,3900 FTK,10,6
realestate_html/propertyguru-1766.html,Aurora Resort Villas,"Aurora Sentral, Puteri Harbour, Iskandar Puteri (Nusajaya), Johor",",000","2,833",5,25
realestate_html/realtor-0741.html,"14244 Delano St, Van Nuys, CA 91401 [Updated 5/12]","44 Delano St, Van Nuys, CA 91401",USD 1075000,3800 FTK,8,12
realestate_html/propertyguru-0202.html,Clavon,8 Clementi Avenue,",",527,3,1
realestate_html/propertyguru-0398.html,The Watergardens at Canberra,Canberra Drive,"1,688,000",958,3,12
realestate_html/propertyguru-0272.html,25A Saint George's Lane,A Saint George's Lane,"898,000",731,3,12
realestate_html/rightmove-1737.html,", LL61","Dwyran, Llanfairpwllgwyngyll, Isle of Anglesey",",000",Freehold,05,12
realestate_html/realestate-0723.html,"21 Dodd Street, Dongara, WA 6525","Dodd Street, Dongara, WA 6525","$ 545,000",798 m²,4,21
realestate_html/zillow-0924.html,"1800 Vantage Pkwy, Berthoud, CO 80513 | MLS #1035263 | Zillow","1800 Vantage Pkwy, Berthoud, CO 8051","$ 600,000",",076",4,103
realestate_html/zillow-0330.html,New,"B, Chicago, IL 60616",$,"1,375",2,123
realestate_html/zillow-1530.html,Active,"6040 S Whipple St, Chicago, IL 60629",$,",050",23,1
realestate_html/realestate-0978.html,"Exquisite Contemporary Full Brick Concrete masterpiece in St Ives 6 MUNGARRA AVENUE, ST IVES","6 Mungarra Avenue, St Ives, NSW 207",",",864 m²,,05
realestate_html/rightmove-1460.html,", NG7","Burns Avenue, Nottingham","£ 77,000",Freehold,12,3
realestate_html/realestate-1245.html,"10/29 Sunset Drive, Coconut Grove, NT 0810",10/,$ 560,152 m²,2,12
realestate_html/realestate-1944.html,"1408/297 Pirie Street, Adelaide, SA 5000","8/297 Pirie Street, Adelaide, SA 5000","$ 2,210.55",Double Glazed Windows - Timber Floors in the living area - Carpets in the bedrooms - Porcelain tiles in the bathroom - S,2,
realestate_html/realtor-1331.html,"Tbd Sw 16th Ter, Gainesville, FL 32601 [Updated 5/14]","Tbd Sw 16th Ter, Gainesville, FL 32601",USD 799999,FTK,,0
realestate_html/realestate-1763.html,"22 Ian Showell Drive, Renmark, SA 5341",41,"$ 749,000",542 m²,3,12
realestate_html/realestate-0356.html,"60 Lennoxtown Road, Duncraig, WA 6023","60 Lennoxtown Road, Duncraig, WA 60",$ 1,704 m²,2,1984
realestate_html/rightmove-0812.html,bedroom semi-detached house for sale in,"Rochdale Road, Manchester M9","0,000",FREEHOLD,8,03
realestate_html/propertyguru-1816.html,Aurora Resort Villa,"Aurora Sentral, Puteri Harbour, Iskandar Puteri (Nusajaya), Johor","1,280,000","2,833",4,24
realestate_html/realtor-0793.html,"1438 S Bronson Ave, Los Angeles, CA 90019 [Updated 5/12]","8 S Bronson Ave, Los Angeles, CA 90019",USD 1180000,2889 FTK,4,12
realestate_html/zillow-1722.html,"9233 Swinton Ave, North Hills, CA 91343 | MLS #SR25101823 | Zillow",3,"$ 799,000",",",4,129
realestate_html/realtor-1046.html,"1304 NE 1st Ave, Magee, MS 39111 [Updated 5/13]","4 NE 1st Ave, Magee, MS 39111",USD 60124,1261 FTK,3,1
realestate_html/realestate-0139.html,"23 Urbahns Way, Hillarys, WA 6025","23 Urbahns Way, Hillarys, WA 60",217 676,720 m²,25,4
realestate_html/propertyguru-1104.html,USJ 3,"Usj 3, Subang Jaya, Selangor",",000","1,",14,1200
realestate_html/realtor-0806.html,"11040 Sweetwater Ct, Chatsworth, CA 91311 [Updated 5/11]","11040 Sweetwater Ct, Chatsworth, CA 91311",USD 3995000,5873 FTK,4,31
realestate_html/zillow-1244.html,For sale,350,"$ 12,500,000",6,8,7
realestate_html/rightmove-0953.html,bedroom detached house for sale in,"Halston House, Cornwall Road, HG1",",000",Freehold,5,05
realestate_html/propertyguru-0288.html,828 Tampines Street 81,8 Tampines Street 81,"465,000",1,3,2
realestate_html/realtor-1944.html,"2408 Sterling Dr, Horseshoe Bend, AR 72512 [Updated 5/13]","8 Sterling Dr, Horseshoe Bend, AR 72512",USD 750,FTK,,13
realestate_html/propertyguru-0941.html,Clavon,4 Clementi Avenue 1,"1,600,000",764,3,2
realestate_html/rightmove-1232.html,", B29","Serpentine Road, Selly Park","£ 850,000",Freehold,04,1
realestate_html/propertyguru-1666.html,THE ATAS Taman Desa,"Taman Bukit Desa, Taman Desa, Kuala Lumpur","1,103,000","1,",151,4
realestate_html/realtor-0257.html,"40 Raymond Ave, Farmingville, NY 11738 [Updated 5/13]","40 Raymond Ave, Farmingville, NY 11738",USD 639900,1600 FTK,3,2
realestate_html/realtor-1660.html,"581 Blue Heron Dr Apt 318B, Hallandale Beach, FL 33009 [Updated 5/14]","581 Blue Heron Dr Apt 318B, Hallandale Beach, FL 33009",USD 275000,1200 FTK,2,2
realestate_html/realestate-1494.html,"9 Ti Tree Road, Hawthorndene, SA 5051","9 Ti Tree Road, Hawthorndene, SA 5051","$ 2,702","1,033 m²",,103
realestate_html/realestate-0633.html,5/,5/,$,,2,1
realestate_html/propertyguru-1525.html,Azelia Residence,"Jalan PJU 9/1, Bandar Sri Damansara, Selangor","1,390,000","1,905",4,2014
realestate_html/realtor-0816.html,"657 S Burlingame Ave, Los Angeles, CA 90049 [Updated 5/12]","657 S Burlingame Ave, Los Angeles, CA 90049",USD 11350000,5814 FTK,5,12
realestate_html/rightmove-1587.html,", NG",6EA,"£ 700,000",Freehold,3,1
realestate_html/realestate-0310.html,"PATTERSON STREET, SAFETY BEACH","Patterson Street, Safety Beach, Vic",$ 1,,3,2
realestate_html/realtor-1736.html,"3201 Candlewood Dr, Jonesboro, AR 72404 [Updated 5/14]","1 Candlewood Dr, Jonesboro, AR 72404",USD 220000,1920 FTK,3,72
realestate_html/realestate-0849.html,"Bedroom Apartment With River & City Views! 605/6 EXFORD STREET, BRISBANE CITY","605/6 Exford Street, Brisbane City, Qld 4000","$ 645,000",98 m²,2,2
realestate_html/zillow-1854.html,For sale,", Manchester, KY 40962",$,",994",3,01
realestate_html/zillow-0177.html,"73 Webb Dr, Fords, NJ 08863 | MLS #2513863R | Zillow","73 Webb Dr, Fords, NJ 08863",$,--,4,2
realestate_html/realtor-1056.html,"166 Bald Eagle Dr Lot 166, Brandon, MS 39047 [Updated 5/13]","166 Bald Eagle Dr Lot 166, Brandon, MS 39047",USD 79900,FTK,3,202
realestate_html/realtor-1096.html,"2012 Springfield Dr, Tupelo, MS 38826 [Updated 5/12]","Springfield Dr, Tupelo, MS 38826",USD 259900,1542 FTK,3,12
realestate_html/realtor-1714.html,"28 Windy Whisper Dr, Ponte Vedra, FL 32081 [Updated 5/14]",81,USD 427000,1395 FTK,3,320
realestate_html/rightmove-1550.html,", NG7","48 Forest Road West, Arboretum, NG1 4EQ",",",",",,
realestate_html/zillow-1080.html,For sale,"5 Sedgwick Avenue #3B, Bronx, NY",$,850,02,01
realestate_html/zillow-0458.html,Pending,"404 Vale Ave N, Rockford, IL 61107","$ 270,000","2,592",3,263
realestate_html/realtor-1177.html,"251 Saint Paul Rd, Sandy Hook, MS 39478 [Updated 5/11]","Saint Paul Rd, Sandy Hook, MS 39478",USD 120000,FTK,,
realestate_html/realtor-0358.html,"277 Bronx River Rd Apt 4L, Yonkers, NY 10704 [Updated 5/14]","Bronx River Rd Apt 4L, Yonkers, NY 10704",USD 149900,930 FTK,1,1
realestate_html/rightmove-0377.html,bedroom town house for sale in,"Falkner Street, Liverpool, L8","£ 950,000",Leasehold,4,4
realestate_html/propertyguru-1930.html,The Manor,"5 Persiaran Stonor, KLCC, KL City Centre, Kuala Lumpur","2,500,000","1,926",3,3
realestate_html/zillow-0737.html,"1090 Woodspointe Dr SW, Byron Center, MI 49315 | MLS #25024583 | Zillow","1090 Woodspointe Dr SW, Byron Center, MI 49",$,"2,",195,3
realestate_html/propertyguru-1609.html,"ENDLOT Seksyen 7 Jalan Platinum, Shah Alam","ENDLOT Seksyen 7 Jalan Platinum, Shah Alam, Seksyen 7, Shah Alam, Selangor",",000","2,",4,13
realestate_html/realestate-1470.html,"9/33 Forbes Street, Turner, ACT 2612","9/33 Forbes Street, Turner, ACT","home setup. The kitchen is well-appointed with quality Bosch appliances, including an electric cooktop, oven and dishwasher, along with ample bench and cupboard space. Flooring is",m²,2,1
realestate_html/zillow-1001.html,For sale,"7 W Marco Polo Rd, Phoenix, AZ 850",$,"1,110",3,2
realestate_html/rightmove-0251.html,bedroom detached house for sale in,"Sheldon Avenue, London, N6","£ 12,975,000",Freehold,8,8
realestate_html/realtor-1051.html,"3328 Fleetwood Dr, Jackson, MS 39212 [Updated 5/12]",2,USD 154900,2076 FTK,3,12
realestate_html/zillow-0859.html,For sale,"1506 Nesbitt Dr, New Iberia, LA 70560",$,"1,897",3,102
realestate_html/realestate-0440.html,"52/45 York Street, Adelaide, SA 5000","/45 York Street, Adelaide, SA 5000",$ 570,67 m²,52,2004
realestate_html/rightmove-0607.html,bedroom semi-detached house for sale in,"Worsley Road, Worsley, M28","£ 1,250,000",Freehold,6,03
realestate_html/zillow-0765.html,For sale,0,$,"1,58",3,12
realestate_html/propertyguru-0041.html,Kandis Residence,Kandis Link,"1,000,000",797,3,2
realestate_html/rightmove-1789.html,", SY14","Sarn, Malpas",",000",Freehold,5,5
realestate_html/realtor-1196.html,"Tbd Ms 331, Banner, MS 38913 [Updated 5/11]","Tbd Ms 331, Banner, MS 38913",USD 54000,FTK,,
realestate_html/realtor-0294.html,"41 Beaumont Dr, Melville, NY 11747 [Updated 5/14]","41 Beaumont Dr, Melville, NY 11747",USD 1399000,3700 FTK,5,3
realestate_html/rightmove-0479.html,bedroom semi-detached house for sale in,"Ince Road, Crosby, Merseyside, L","£ 675,000",Freehold,24,13
realestate_html/propertyguru-0863.html,9 ⭐,Cluny / Cluny Park / Gallop Park,"11,000,000","3,74",255,6
realestate_html/propertyguru-0147.html,513B Yishun Street 51,51,"750,000","1,",3,2
realestate_html/propertyguru-0808.html,"Brand new bungalow with lift and swimming pool, wide frontage to park 4 cars inside, luxury finishes",Goldhill Estate - call Kim Yan 8130 3636 to view,"990,000","4,800",3,6
realestate_html/realtor-2083.html,"4202 SW Plumley Ave, Bentonville, AR 72713 [Updated 5/13]","2 SW Plumley Ave, Bentonville, AR 72713",USD 674900,2991 FTK,13,4
realestate_html/propertyguru-1307.html,Palm Walk,"Jalan SL 9/9d, Bandar Sungai Long, Selangor","760,000","2,000",1400,13
realestate_html/realtor-1803.html,"133 Abbey Ln, Fayetteville, AR 72703 [Updated 5/14]","133 Abbey Ln, Fayetteville, AR 72703",USD 1095000,4011 FTK,5,72
realestate_html/rightmove-1389.html,bedroom detached house for sale in,"Melton Road, West Bridgford NG2","£ 2,000,000",Freehold,6,450
realestate_html/zillow-1793.html,For sale,"10807 Foxgate Ct, Louisville, KY",$ 55,",508",23,147
realestate_html/realtor-1038.html,"3804 Wembley Ave, Moss Point, MS 39563 [Updated 5/13]","4 Wembley Ave, Moss Point, MS 39563",USD 129900,1148 FTK,395,1.5
realestate_html/realestate-0087.html,"6/7 Manila Place, Woolner, NT 0820",6,"$ 1,247",,2,202
realestate_html/realestate-0273.html,"CHARMAN ROAD, CHELTENHAM",310/,"$ 480,000",,2,12
realestate_html/realestate-1178.html,Sky,/,UNDER OFFER,,4,2
realestate_html/realtor-0209.html,"518 Terrace Blvd, New Hyde Park, NY 11040 [Updated 5/14]","518 Terrace Blvd, New Hyde Park, NY 11040",USD 879888,FTK,4,3
realestate_html/rightmove-0330.html,Plot for sale in,"Freshfield Road, Formby, Liverpool, L",",",Ask agent,3,1
realestate_html/propertyguru-1101.html,% Walking Distance To MRT Station KLCC,"KLCC, KL City Centre, Kuala Lumpur",",698","1,",3,12
realestate_html/rightmove-1112.html,", B1",2QJ,",000",Freehold,6,5
realestate_html/realestate-1719.html,"56 Maling road, Truganina, Vic 3029","56 Maling road, Truganina, Vic 3029","$ 820,000",,4,
realestate_html/rightmove-0125.html,bedroom terraced house for sale in,"Aubert Road, London, N",",000",Freehold,249,3
realestate_html/rightmove-1833.html,", LL58","Beaumaris,LL58 8AZ","£ 895,000",Share of Freehold,4,4
realestate_html/realtor-0863.html,"5316 Lennox Ave, Sherman Oaks, CA 91401 [Updated 5/10]","5316 Lennox Ave, Sherman Oaks, CA 91401",USD 2775000,3137 FTK,5,5
realestate_html/realestate-0873.html,"Incredible investment 48 STEEL STREET, JESMOND","48 Steel Street, Jesmond, NSW",Contact Agent,m²,5,12
realestate_html/realtor-0518.html,"7651 Willow Glen Rd, Los Angeles, CA 90046 [Updated 5/13]","7651 Willow Glen Rd, Los Angeles, CA 90046",USD 6749000,4999 FTK,4,3.5
realestate_html/zillow-1615.html,Active,"65 Jerusalem Rd, Edwardsville, IL 62025","$ 415,000",0,3,3
realestate_html/zillow-1338.html,For sale,"4183 4th Ave, Los Angeles, CA 90008",$,"1,",2,02
realestate_html/propertyguru-0828.html,605 Jurong West Street 62,605 Jurong West Street,"570,000","1,",3,02
realestate_html/realestate-1753.html,"507/18 Rowlands Place, Adelaide, SA 5000",507/,$,,1,1
realestate_html/realtor-0106.html,"45 Rod and Gun Club Rd, Oneonta, NY 13820 [Updated 5/14]","45 Rod and Gun Club Rd, Oneonta, NY 13820",USD 159900,1205 FTK,3,20
realestate_html/rightmove-0901.html,bedroom terraced house for sale in,"Bradford Road, Batley, West Yorkshire, WF","£ 2,850,000",Leasehold,20,1
realestate_html/propertyguru-1215.html,Hills,"Jalan Maya, Horizon Hills, Iskandar Puteri (Nusajaya), Johor","1,980,000","3,",6,7
realestate_html/realestate-0075.html,"13 Sea Spray Avenue, North Haven, SA 5018","Sea Spray Avenue, North Haven, SA 5018","$ 650,000",647 m²,4,1
realestate_html/rightmove-1218.html,", B17",Detached Property in,",000",Freehold,5,3
realestate_html/realtor-1812.html,"9310 Lynnfield Ln, Benton, AR 72019 [Updated 5/14]","9310 Lynnfield Ln, Benton, AR 72019",USD 675000,3256 FTK,3,202
realestate_html/zillow-0609.html,For sale,0,$,"1,446",3,12
realestate_html/rightmove-1978.html,bedroom detached house for sale in,"Horns Drove, Rownhams, Southampton, SO16","£ 900,000",Freehold,15,04
realestate_html/zillow-0374.html,For sale,188,$,"1,600",3,02
realestate_html/rightmove-1831.html,bedroom detached house for sale in,"Mold Road, Mynydd Isa, CH7","£ 900,000",Freehold,4,2
realestate_html/propertyguru-1705.html,Bay Point @ Country Garden Danga Bay,"Jalan Skudai Off Country Garden Danga Bay, Johor Bahru, Johor","570,000",893,2,2
realestate_html/propertyguru-1670.html,Twin Tower Residence,"Jalan Tengku Azizah, Bukit Chagar, Johor Bahru, Johor","960,000","1,",3,138
realestate_html/zillow-1524.html,For sale,6007,"$ 799,950",",000",4,13
realestate_html/zillow-0481.html,For sale by owner,"433 Peterson St, Iowa City, IA","$ 155,000","1,",2,102
realestate_html/realtor-2077.html,"2904 S 14th Pl, Rogers, AR 72758 [Updated 5/12]",4 S,USD 583339,2632 FTK,4,12
realestate_html/realestate-0902.html,-,-,For Sale | Offers Invited,182 m²,2,2
realestate_html/propertyguru-0304.html,⭐️⭐️LANDED7772@ JALAN TARI PAYONG,JALAN TARI PAYONG/ JALAN KAYU ESTATE,"980,000",",000",14,15
realestate_html/zillow-0832.html,Pending,"1415 W Prairie Ct, Olathe, KS 66061",$,"1,425",3,137
realestate_html/zillow-1689.html,Foreclosure Foreclosure,"8651 Shadow Springs Blvd, Denham Springs, LA 707","$ 104,900","1,",139,102
realestate_html/propertyguru-1828.html,R&F Princess Cove,"Jalan Tanjung Puteri, Johor Bahru, Johor","040,000",838,02,1
realestate_html/rightmove-0254.html,bedroom apartment for sale in,"De Vere Gardens, One Kensington Gardens, Kensington, London, W8","£ 12,950,000",Share of Freehold,4,14
realestate_html/realtor-0398.html,"1806 County Road 39, Southampton, NY 11968 [Updated 5/13]","1806 County Road 39, Southampton, NY 11968",USD 1100000,1496 FTK,4,3
realestate_html/rightmove-0152.html,bedroom apartment for sale in,"The OWO, Whitehall, London, SW1A","£ 16,000,000",Leasehold,23,244
realestate_html/zillow-0486.html,"440 Japonica Way, Boulder, CO 80304 | MLS #1031937 | Zillow",4,"$ 12,000,000",",244",103,5
realestate_html/zillow-0953.html,Uc/contingent/call lb,"1878 & 1780 Roush Drive, Pagosa Springs, CO 81147","$ 647,500","1,680",2,102
realestate_html/rightmove-0572.html,bedroom penthouse for sale in,"The Haworth, The Blade, 15 Silvercroft Street, Manchester, M15","£ 1,700,000",Leasehold,3,4
realestate_html/zillow-0327.html,Pending,03,"$ 499,950",936,2,2
realestate_html/zillow-0453.html,Pending,"Locust St, Shreveport, LA 71105","$ 187,900",",901",14,102
realestate_html/propertyguru-1126.html,Bukit,"Bandar Sungai Long, Selangor","2,200,000",",000",25,14
realestate_html/rightmove-1119.html,", B18","+ 10 Apartments - Coinpress Residence, 109 Warstone Lane, Jewellery Quarter","£ 1,850,000",Freehold,17,17
realestate_html/realestate-1475.html,"1/15 Dalman Crescent, O'Malley, ACT 2606","/15 Dalman Crescent, O'Malley, ACT","$ 2,880,000",1177.8 m²,,1
realestate_html/rightmove-1604.html,", NG6",Georgian grandeur at Forge Mill House...,£ 700,Freehold,5,14
realestate_html/propertyguru-0032.html,The Watergardens at Canberra,51 Canberra Drive,"0,000","1,109",4,3
realestate_html/propertyguru-1379.html,Freehold 2.5 storey Semidetached at Tiger lane,"Ipoh, Perak","1,350,000","4,000",6,6
realestate_html/zillow-1288.html,"3810 Tall Pines Dr, New Orleans, LA 70131 | MLS #2497563 | Zillow","0 Tall Pines Dr, New Orleans, LA 70",$,"2,",164,3
realestate_html/realtor-1194.html,"297 Jess Lyons Rd, Columbus, MS 39705 [Updated 5/13]","Jess Lyons Rd, Columbus, MS 39705",USD 140000,2145 FTK,2,202
realestate_html/realtor-1966.html,"7500 Bayou Dr, Scott, AR 72142 [Updated 5/13]","7500 Bayou Dr, Scott, AR 72142",USD 485000,3304 FTK,5,2
realestate_html/realtor-1739.html,"1916 E 7th Ave, Pine Bluff, AR 71601 [Updated 5/14]","E 7th Ave, Pine Bluff, AR 71601",USD 45000,1400 FTK,3,1
realestate_html/realtor-0672.html,"6534 Peach Ave, Van Nuys, CA 91406 [Updated 5/13]",65,USD 1099000,2736 FTK,5,3
realestate_html/propertyguru-0691.html,70B Telok Blangah Heights,70B Telok Blangah Heights,"800,000",73,3,2
realestate_html/realtor-1534.html,"10112 Spyglass Hill Ln Unit 10112, Fort Myers, FL 33966 [Updated 5/14]",101,USD 249900,1184 FTK,2,2.5
realestate_html/zillow-0091.html,For sale,"17 White Pine Canyon Rd, Park City, UT 84060","$ 26,000,000",--,125,3
realestate_html/propertyguru-1382.html,Damansara Seresta,"Persiaran Meranti, Bandar Sri Damansara, Selangor","9,999","1,",13,129
realestate_html/realtor-2052.html,"111 Thayer St, Little Rock, AR 72205 [Updated 5/13]","111 Thayer St, Little Rock, AR 72205",USD 260000,1528 FTK,2,20
realestate_html/realestate-0681.html,"Studio Apartment on Flinders 805/238 FLINDERS STREET, MELBOURNE","805/238 Flinders Street, Melbourne, Vic 3000",Contact Agent,,,1
realestate_html/realestate-0226.html,"DORAT ROAD, ROBIN FALLS","206 Dorat Road, Robin Falls, NT 0822",Offers Over $1Mil,",",,14
realestate_html/realestate-1964.html,08,"Clydesdale Court, Athelstone, SA 5076",Auction Sat,m²,247,13
realestate_html/realestate-0049.html,"PREMIUM LOCATION 508/6-10 CHARES STREET, PARRAMATTA",0,"$ 560,000",,2,
realestate_html/realtor-1475.html,"6443 Werner Ave, New Port Richey, FL 34652 [Updated 5/14]","6443 Werner Ave, New Port Richey, FL 34652",USD 117900,828 FTK,2,1
realestate_html/zillow-0432.html,"350 Lanny Dr, Winchester, VA 22601 | MLS #VAWI2007632 | Zillow",01,"$ 470,000",",",3,2
realestate_html/realtor-0483.html,"23809 Friar St, Woodland Hills, CA 91367 [Updated 5/13]","09 Friar St, Woodland Hills, CA 91367",USD 1099000,1260 FTK,3,2
realestate_html/zillow-0793.html,For sale,125,"$ 799,900","3,",6,14
realestate_html/zillow-0394.html,For sale,"304 Biscayne Boulevard Way PENTHOUSE 6301, Miami, FL 33131","$ 59,000,000",",",7,11
realestate_html/realestate-0788.html,"Lot 157, 50-56 Thirteenth avenue, Austral, NSW 2179",", 50-56 Thirteenth avenue, Austral, NSW","$ 665,000",322.3 m²,,217
realestate_html/realtor-1674.html,"7951 W Tolle Ln, Dunnellon, FL 34433 [Updated 5/14]",33,USD 70000,FTK,344,0
realestate_html/propertyguru-0025.html,Affinity At Serangoon,Serangoon North Avenue 1,"8,000",850,153,2
realestate_html/realtor-1970.html,"488 Jason St, Elkins, AR 72727 [Updated 5/13]","488 Jason St, Elkins, AR",USD 298950,1852 FTK,4,27
realestate_html/zillow-1495.html,For sale,2,$,"2,",14,136
realestate_html/realestate-1499.html,"LOCATION, VIEWS, ULTIMATE CITY LIFESTYLE 36/130 SMITH STREET, DARWIN CITY","36/130 Smith Street, Darwin City, NT 0800","$ 550,000",,2,2
realestate_html/zillow-0835.html,"1424 General Pershing St, New Orleans, LA 70115 | MLS #2488818 | Zillow","General Pershing St, New Orleans, LA 7011",$ 1,"3,070",142,45
realestate_html/propertyguru-1144.html,Bukit,"Bandar Sungai Long, Selangor",",000","3,392",25,14
realestate_html/realtor-1935.html,"2601 Elstar Ct, Centerton, AR 72712 [Updated 5/13]","1 Elstar Ct, Centerton, AR 727",USD 403471,1962 FTK,4,12
realestate_html/propertyguru-0981.html,886C Woodlands Drive 50,886C Woodlands Drive 50,"668,000",990,3,2
realestate_html/zillow-1871.html,Pending,1,$,"1,726",14,3
realestate_html/propertyguru-0234.html,13 Farrer Park Road,Farrer Park Road,"990,000",968,13,02
realestate_html/propertyguru-0437.html,Normanton Park,61 Normanton Park,"2,448,000","1,076",3,3
realestate_html/realestate-0659.html,"31 Mahoney Drive, Claremont, Tas 7011","Mahoney Drive, Claremont, Tas 7011","$ 633,000",117 m²,3,127
realestate_html/realtor-0189.html,"2803 Mulberry Ct, Poughkeepsie, NY 12603 [Updated 5/14]",03,USD 279000,1120 FTK,2,126
realestate_html/propertyguru-1897.html,Puteri Cove Residences,"Tanjung Boulevard Off Lebuh Laksamana, Puteri Harbour, Iskandar Puteri (Nusajaya), Johor",",000","1,",3,173
realestate_html/realtor-2090.html,"1411 Cresent St, Bentonville, AR 72712 [Updated 5/13]","1411 Cresent St, Bentonville, AR 727",USD 329900,1255 FTK,3,12
realestate_html/realtor-1132.html,"13 Tyson Trl, Iuka, MS 38852 [Updated 5/12]","13 Tyson Trl, Iuka, MS 38852",USD 189900,921 FTK,1,12
realestate_html/zillow-1994.html,For sale,"Woolsey Canyon Rd SPACE 85, Canoga Park, CA 91304","$ 155,000","1,056",2,02
realestate_html/rightmove-0061.html,bedroom penthouse for sale in,"The Bishops Avenue, London, N2",",000",Leasehold,25,6
realestate_html/zillow-1467.html,For sale,", Washington, DC","$ 399,000",730,1,1
realestate_html/rightmove-2013.html,bedroom detached house for sale in,"Oakeley Vale, Bursledon, Hampshire, SO",",000",Freehold,15,3
realestate_html/realestate-0169.html,-Bedroom Oasis in the Heart of Melbourne,3/,PROPERTY ON HOLD,,1,1
realestate_html/propertyguru-1420.html,Sun,"Jalan Shahbandar, Cheras, Kuala Lumpur","668,000",1,3,12
realestate_html/realestate-1087.html,"5/380 LITTLE LONSDALE STREET, MELBOURNE","5/380 Little Lonsdale Street, Melbourne, Vic 3000","$ 440,000",63 m²,2,1
realestate_html/propertyguru-1408.html,Bukit Jalil [Sky Greenery Resort Bungalow / Walking,"Bukit Jalil Golf, Bukit Jalil, Kuala Lumpur","528,000","1,000",14,13
realestate_html/zillow-0372.html,For sale,440,$,",",2,1
realestate_html/realestate-0808.html,Apartment Excellence In Premier Locale 309/,309/,"$ 485,000",,1,1
realestate_html/realestate-1243.html,"Sensational Portfolio Performer in the Sought After 'Aura' Complex 2004/7 KATHERINE PLACE, MELBOURNE","2004/7 Katherine Place, Melbourne, Vic 3000","$ 330,000",,1,1
realestate_html/zillow-0060.html,For sale,3,"$ 599,900",-,14,2
realestate_html/rightmove-0583.html,bedroom detached house for sale in,2,",000",Freehold,5,3
realestate_html/realestate-1048.html,Contemporary,"53 Test Ebro LAND schedules, Wycliffe Well, NT, 0862","$ 2,000,000",,4,
realestate_html/zillow-0239.html,Active,", New York, NY 10019","$ 110,000,000","11,",5,480
realestate_html/rightmove-1039.html,", LS29","Langbar Road, Ilkley",",000",Freehold,5,04
realestate_html/realtor-1389.html,"3565 284th Ter, Branford, FL 32008 [Updated 5/14]",08,USD 315000,1441 FTK,2,320
realestate_html/rightmove-0592.html,bedroom semi-detached house for sale in,"Worthington Drive, Broughton Park, Salford, Greater Manchester, M7",",000",Freehold,05,3
realestate_html/propertyguru-0265.html,Renovated Binjai Park Walk-Up Apartment,"Binjai Park,","300,000","1,",3,152
realestate_html/realtor-0330.html,"192 N Pine St, Massapequa, NY 11758 [Updated 5/13]","N Pine St, Massapequa, NY 11758",USD 839999,2153 FTK,5,3.5
realestate_html/propertyguru-0286.html,Parc Esta,2 Sims Avenue,"088,000",452,3,1
realestate_html/rightmove-0688.html,bedroom terraced house for sale in,0,",000",Freehold,04,2
realestate_html/zillow-0434.html,"357 Taylor Rd, Byrdstown, TN 38549 | MLS #2815084 | Zillow",49,"$ 500,000",",",3,02
realestate_html/zillow-1437.html,Modern,"5046 S Evans Ave, Chicago, IL 60615",$,"2,200",3,123
realestate_html/rightmove-0142.html,bedroom flat for sale in,"Vicarage Gate House, London, W8",",",Leasehold,5,6
realestate_html/zillow-1884.html,Active,"11 S Lakeshore Dr, Olathe, KS 66061","$ 499,000","1,948",3,2
realestate_html/realtor-2098.html,"700 Darrin Dr, Charleston, AR 72933 [Updated 5/13]","700 Darrin Dr, Charleston, AR 72933",USD 169000,1494 FTK,3,202
realestate_html/rightmove-0265.html,", W1S",London,"£ 12,944,400",Leasehold,3,3
realestate_html/propertyguru-1697.html,SOUTHKEY MOSAIC,"Jalan Bakar Batu, Kem Majidee, Johor Bahru, Johor","490,000",676,1,1
realestate_html/realestate-0220.html,"5809B/639 Little Lonsdale Street, Melbourne, Vic 3000","5809B/639 Little Lonsdale Street, Melbourne, Vic 3000","$ 830,000",,2,12
realestate_html/rightmove-1814.html,", LL","Henryd Road, Conwy",",000",Freehold,4,2
realestate_html/rightmove-1657.html,", LL46",Ha,"£ 2,500,000",Freehold,10,9
realestate_html/zillow-1858.html,"12923 Freestone Ct, Woodbridge, VA 22192 | MLS #VAPW2095670 | Zillow",129,$,"1,790",1993,254
realestate_html/rightmove-0469.html,", L","Hillside Drive, Liverpool, Merseyside. L",",000",Freehold,25,03
realestate_html/realestate-0089.html,"306/225 Elizabeth Street, Melbourne, Vic 3000","/225 Elizabeth Street, Melbourne, Vic 3000","$ 750,000",,306,225
realestate_html/propertyguru-1439.html,Bukit Damansara,"Damansara Heights, Medan Damansara, Damansara Heights, Kuala Lumpur","2,000,000","2,000",4,3
realestate_html/zillow-2011.html,For sale,"487 Anne Ct, Hollywood, MD",$,"1,510",3,2
realestate_html/rightmove-0212.html,bedroom apartment for sale in,"The OWO Residences By Raffles, Whitehall, London, SW1A","£ 14,000,000",Leasehold,2,120
realestate_html/propertyguru-0723.html,128A Canberra Street,A Canberra Street,",000","1,",3,12
realestate_html/realtor-1896.html,"225 Wortham Rd, Rose Bud, AR 72137 [Updated 5/14]","Wortham Rd, Rose Bud, AR 72137",USD 439000,3404 FTK,4,72
realestate_html/zillow-1470.html,For sale,"30 N Cross Country Way, Park City, UT","$ 1,575,000","2,776",4,4
realestate_html/zillow-0384.html,"280 N Mill Rd, Heber, UT 84032 | MLS #2087858 | Zillow","280 N Mill Rd, Heber, UT","$ 829,736","3,",5,4
realestate_html/rightmove-0455.html,bedroom apartment for sale in,"Cromptons Lane, Calderstones, Liverpool, L18","£ 700,000",Leasehold,03,2
realestate_html/realtor-1425.html,"9100 Baytowne Wharf Blvd Unit 470/472, Miramar Beach, FL 32550 [Updated 5/14]",50,USD 685000,1413 FTK,3,325
realestate_html/propertyguru-1268.html,The Ashwood,"U-Thant Kuala Lumpur, Taman U Thant, Ampang, Kuala Lumpur","1,550,000","1,",13,122
realestate_html/realtor-0223.html,"205 Park Ln, North Syracuse, NY 13212 [Updated 5/14]","Park Ln, North Syracuse, NY",USD 314900,1100 FTK,3,12
realestate_html/zillow-1234.html,"3434 Antelope Ridge Trail, Parker, CO 80138 | MLS #8852002 | Zillow","3434 Antelope Ridge Trail, Parker, CO 80138","$ 1,420,000",",",2015,264
realestate_html/propertyguru-0416.html,209B Punggol Place,B Punggol Place,"8,000",990,3,2
realestate_html/realtor-1949.html,"1413 Sparrow Dr, Horseshoe Bend, AR 72512 [Updated 5/13]","1413 Sparrow Dr, Horseshoe Bend, AR 72512",USD 750,FTK,,
realestate_html/zillow-1936.html,Lot/land,"16351 Argus, Nathrop, CO 81236","$ 180,000",25.8,,--
realestate_html/rightmove-0620.html,", M3","Plot 1 The Cherry, Bluebell Meadow, Woodhouses Village, Failsworth","£ 1,100,000",Freehold,5,4
realestate_html/propertyguru-0145.html,445A Clementi Avenue 3,445A Clementi Avenue,",000","1,001",3,2
realestate_html/rightmove-1676.html,", LL11",Bodidris Hall,"£ 1,750,000",Freehold,156,04
realestate_html/realestate-1576.html,Perfect Family Home,7,"$ 780,000",505 m²,14,2
realestate_html/realestate-1285.html,"Unique and substantial property 7 CLEARY STREET, PORT AUGUSTA WEST",0,$,717 m²,15,13
realestate_html/zillow-1106.html,For sale,0,"$ 95,000",--,14,02
realestate_html/zillow-0470.html,Active,8,$,",",2,1
realestate_html/zillow-0527.html,Active,130,"$ 5,500,000",",",7,72
realestate_html/realestate-0692.html,"1 Griffiths Road, Plympton Park, SA 5038","Griffiths Road, Plympton Park, SA 5038","out ready home with handy side road access to its private rear yard. Three living zones - a lounge room, dining room and functional kitchen - connect in a smooth-moving line from f",420 m²,1,1
realestate_html/realestate-1560.html,"A Peaceful Haven with Views, Security & Space 86 SWANS","86 Swanston Street, New Town, Tas 7008","$ 849,000",m²,3,1
realestate_html/realtor-0878.html,"Irondale St, Gautier, MS 39553 [Updated 5/14]","Irondale St, Gautier, MS 39553",USD 425000,FTK,53,
realestate_html/zillow-0136.html,For sale,730,$,",017",14,02
realestate_html/zillow-1394.html,New,"N Arrow Crest Way, Boise, ID 83703",$ 1,",",14,05
realestate_html/realestate-0575.html,"23/97-107 Canterbury Road, Victor Harbor, SA 5211","/97-107 Canterbury Road, Victor Harbor, SA","$ 440,000",,2,2
realestate_html/rightmove-0939.html,bedroom detached house for sale in,"Carlton Husthwaite, Thirsk, North Yorkshire, YO","£ 2,500,000",Freehold,17th,4
realestate_html/rightmove-0818.html,", M21","Salisbury Road, Chorlton","£ 650,000",Freehold,3,3
realestate_html/zillow-1145.html,New construction,"1 W Trade Ave, Miami, FL 33133",$ 4,"4,228",305,06
realestate_html/zillow-1011.html,Active,"Greenview Ct SW, Wyoming, MI 49519",$,",",183,128
realestate_html/zillow-0596.html,"710 Cloverleaf Ct, Mansfield, OH 44904 | MLS #225019043 | Zillow","710 Cloverleaf Ct, Mansfield, OH 44904",$,"1,",3,3
realestate_html/rightmove-1422.html,", NG3","Lucknow Drive, Mapperley Park, Nottingham","£ 1,250,000",Freehold,17,4
realestate_html/propertyguru-0274.html,B Senja Green,B Senja Road,",000","1,001",13,2
realestate_html/rightmove-1498.html,", NG","Clipston Lane, Normanton on the Wolds",",000",Freehold,04,12
realestate_html/realtor-0519.html,"24057 Sylvan St, Woodland Hills, CA 91367 [Updated 5/13]","57 Sylvan St, Woodland Hills, CA 91367",USD 1495000,1753 FTK,3,3
realestate_html/rightmove-1930.html,", SO31","Salterns Lane, Old Bursledon",",000",Freehold,6,350
realestate_html/realtor-1161.html,"4630 Alexander Rd, Olive Branch, MS 38654 [Updated 5/13]","4630 Alexander Rd, Olive Branch, MS 38654",USD 499900,3964 FTK,7,5
realestate_html/zillow-0805.html,"1306 Whippoorwill Dr, Norman, OK 73071 | MLS #1165917 | Zillow","6 Whippoorwill Dr, Norman, OK","$ 275,000","2,",224,123
realestate_html/rightmove-1677.html,bedroom detached house for sale in,"Llanengan, Pwllheli, LL53","£ 1,750,000",Freehold,8,24
realestate_html/zillow-0376.html,"255 Partridge Bnd, Powell, OH 43065 | MLS #225018797 | Zillow","255 Partridge Bnd, Powell, OH","$ 1,050,000","5,622",4,4
realestate_html/zillow-1583.html,"6818 N 35th Ave UNIT C, Phoenix, AZ 85017 | MLS #6871098 | Zillow",6818 N,"$ 199,995",987,2,2
realestate_html/realtor-1304.html,"9389 Meadow Hunt Way, Winter Garden, FL 34787 [Updated 5/14]","89 Meadow Hunt Way, Winter Garden, FL 34787",USD 510000,1829 FTK,34,2.5
realestate_html/realestate-1164.html,"Relaxed Coastal Living – Brick & Tile Home Beside Bushland 7 KIEWA STREET, HAWKS NEST",4,"$ 895,000",59,3,1
realestate_html/realtor-0541.html,"211 W Elm Ct Unit 26C, Los Angeles, CA 90067 [Updated 5/14]","W Elm Ct Unit 26C, Los Angeles, CA 90067",USD 5900000,2201 FTK,1,2
realestate_html/rightmove-1229.html,", B5","Pershore Road, Birmingham","£ 850,000",Freehold,24,03
realestate_html/realestate-1133.html,Charming unit with endless potential 5/,5/,"$ 370,000",64 m²,1,1
realestate_html/propertyguru-0729.html,The Creek @ Bukit,13 Toh Tuck Road,"1,530,000",807,3,2
realestate_html/propertyguru-1147.html,SO/ Kuala Lumpur Residences,"No 159, Jalan Ampang, Ampang, Kuala Lumpur","1,980,000",894,2,2
realestate_html/realtor-0143.html,"38-20 Parsons Blvd Unit 519, Flushing, NY 11354 [Updated 5/14]","38-20 Parsons Blvd Unit 519, Flushing, NY 11354",USD 614800,480 FTK,1,1
realestate_html/zillow-1872.html,For sale by owner,29,$,"2,879",05,14
realestate_html/rightmove-0447.html,", L","Blundell Road, Hightown, Liverpool",",000",Leasehold,4,3
realestate_html/realtor-1319.html,for rent,"124 SW 62nd St, Gainesville, FL, 32607, USA","$ 1,295","1,300 sqft",3,3
realestate_html/rightmove-0421.html,", L37","Dunes Drive, Formby, Liverpool",",000",Freehold,05,2
realestate_html/realestate-0678.html,"Ripe for renovation! 2 YOUNG COURT, ROKEBY","2 Young Court, Rokeby, Tas 70",",000",668 m²,3,1
realestate_html/propertyguru-1629.html,Horizon Hills,"1 Jalan Eka, Nusajaya, Horizon Hills, Iskandar Puteri (Nusajaya), Johor","968,000","2,",24,139
realestate_html/realestate-0869.html,"Brand New House Ready to move in Emerald park 17 BURGESS ROAD, TARNEIT","17 Burgess Road, Tarneit, Vic",66,350 m²,04,2
realestate_html/propertyguru-1936.html,Rawang New Project 0% Downpayment 20x75/ 22x70/,"Kota Emerald, Rawang, Selangor","500,000","1,800",148,3
realestate_html/realtor-1492.html,"12130 NW 23rd Ct, Miami, FL 33167 [Updated 5/14]","30 NW 23rd Ct, Miami, FL 33167",USD 550000,1328 FTK,3,331
realestate_html/rightmove-1009.html,bedroom detached house for sale in,"Appletreewick, Skipton, BD23","£ 1,995,000",Freehold,7,6
realestate_html/propertyguru-1571.html,Aliff Avenue (Dwi Alif),"Jalan Tahana, Tampoi, Johor","385,000",937,2,12
realestate_html/zillow-0630.html,For sale,60,"$ 95,000",750,1,1
realestate_html/realestate-0234.html,"Complete Real Estate - Kim Cawthorne 57 BURCHAM STREET, MOUNT GAMBIER","57 BURCHAM STREET, Mount Gambier, SA 5290",$,604 m²,3,1
realestate_html/rightmove-1864.html,", LL14","Plas Offa, Pentre, Chirk","£ 850,000",Freehold,1,
realestate_html/realestate-0534.html,"44 Darley Road, Paradise, SA 5075","44 Darley Road, Paradise, SA",(USP),8 m²,15,12
realestate_html/realtor-0111.html,"1560 Metropolitan Ave, Bronx, NY 10462 [Updated 5/14]","1560 Metropolitan Ave, Bronx, NY 10462",USD 345000,829 FTK,2,104
realestate_html/realestate-0090.html,"Experience Luxury Living at Queens Place 6101/370 QUEEN STREET, MELBOURNE","6101/370 Queen Street, Melbourne, Vic 3000",Open this Sat@,,2,
realestate_html/zillow-0539.html,For sale,"543 Park Ave, Park City, UT 84060","$ 28,000,000","11,763",12,15
realestate_html/realestate-0333.html,/,/,"$ 420,000",Sauna - Friendly on site management Please contact Jimmy on 0404238823 to book for inspection anytime Disclaimer: We hav,1,1
realestate_html/zillow-0753.html,For sale,"1127 Cheval Dr, Walton, KY","$ 599,000","2,",4,14
realestate_html/propertyguru-0010.html,The Panorama,12 Ang Mo Kio Ave 2,"2,500,000","1,141",3,3
realestate_html/rightmove-1295.html,", B13","Green Road, Moseley","0,000",Freehold,5,2
realestate_html/propertyguru-2056.html,PARK REGENT,"Jalan Residen 2, Desa Parkcity, Kuala Lumpur","5,000,000",",100",3,14
realestate_html/zillow-1355.html,New,43,$,--,46,123
realestate_html/propertyguru-1527.html,Villa Bestari Apartment,", Iskandar Puteri (Nusajaya), Johor",",000","1,",13,112
realestate_html/rightmove-1972.html,bedroom semi-detached house for sale in,"Burgess Road, Bassett, Southampton, Hampshire, SO16","85,000",Freehold,14,2
realestate_html/realestate-1911.html,"701/29 Daly Street, Darwin City, NT 0800","701/29 Daly Street, Darwin City, NT 0800","$ 500,000",154 m²,2,10
realestate_html/realestate-1673.html,"190 Sturt Street, Adelaide, SA 5000","Sturt Street, Adelaide, SA 5000",",",m²,34,1
realestate_html/realtor-1337.html,"7195 SW 125 Terrace Rd, Ocala, FL 34481 [Updated 5/14]",7195 SW,USD 370000,1543 FTK,344,1
realestate_html/realestate-1002.html,"23 Bermuka Street, West Moonah, Tas 7009","Bermuka Street, West Moonah, Tas 7009","$ 895,000",330 m²,23,
realestate_html/propertyguru-1339.html,[NEW LAUNCH SUPERLINK] KOTA KEMUNING,"Kota Kemuning, Shah Alam, Selangor","900,000","2,",4,240
realestate_html/zillow-1223.html,Active,"3383 Coble To Only Rd, Only, TN 37140","$ 425,000",47.6,,--
realestate_html/realestate-0107.html,"Meets the needs of modern family life. 4 KLOPPER STREET, REDWOOD PARK","4 Klopper Street, Redwood Park, SA 5097","$ 695,000",570 m²,23,1
realestate_html/realestate-0311.html,"35 Ben Blakeney Street, Bonner, ACT 2914",4,"$ 1,299,000",315 m²,3,
realestate_html/rightmove-1074.html,", YO61","Raskelf, York",",000",Freehold,5,05
realestate_html/propertyguru-0390.html,Water,Pasir Ris Link,"1,050,000",861,3,2
realestate_html/zillow-0517.html,For sale,"514 E Pearce Rd, Phoenix, AZ 850","$ 580,000",",100",03,2
realestate_html/realestate-0461.html,"7/25 WILLS STREET, MELBOURNE","7/25 Wills Street, Melbourne, Vic 3000","$ 320,000",,1,1
realestate_html/propertyguru-1364.html,Aspire Residence,"Block 18, Cyberjaya, Cyberjaya, Selangor",",000",900,13,2
realestate_html/realestate-0719.html,"3509/8 Margaret Street, Brisbane City, Qld 4000","9/8 Margaret Street, Brisbane City, Qld 4000","$ 710,000",83 m²,2,
realestate_html/realtor-0593.html,"8601 International Ave Unit 130, Canoga Park, CA 91304 [Updated 5/13]","8601 International Ave Unit 130, Canoga Park, CA 91304",USD 360000,900 FTK,2,2
realestate_html/zillow-0479.html,For sale,"1 Carter Town Rd, Warsaw, VA","$ 150,000",",",3,102
realestate_html/propertyguru-0176.html,73 Lorong 4 Toa Payoh,Lorong 4 Toa Payoh,"500,000",775,3,1
realestate_html/zillow-0913.html,New construction,"1735 Red Hawk Trl, Park City, UT",$ 18,"10,",24,4
realestate_html/realestate-1012.html,"6 325 for inspection. 5506/568-580 COLLINS STREET, MELBOURNE","5506/568-580 Collins Street, Melbourne, Vic 3000","$ 330,000",46 m²,1,1
realestate_html/propertyguru-0726.html,128B Canberra Street,B Canberra Street,",000","1,001",3,12
realestate_html/realestate-0570.html,"1108/128 Charlotte St, Brisbane City, Qld 4000",1108/,"$ 810,000",87 m²,2,11th
realestate_html/propertyguru-0624.html,Sims Urban Oasis,10 Sims Drive,"1,900,000",958,3,02
realestate_html/realtor-0374.html,"34-06 81st St Unit 22, Jackson Heights, NY 11372 [Updated 5/14]","34-06 81st St Unit 22, Jackson Heights, NY",USD 1195000,FTK,3,113
realestate_html/realtor-0575.html,"1024 S Weymouth Ave, San Pedro, CA 90732 [Updated 5/13]","4 S Weymouth Ave, San Pedro, CA 90732",USD 1249000,2347 FTK,3,32
realestate_html/realtor-1567.html,"800 Holiday Ct, Kissimmee, FL 34741 [Updated 5/14]","800 Holiday Ct, Kissimmee, FL 34741",USD 120000,1320 FTK,3,2
realestate_html/rightmove-1598.html,bedroom detached house for sale in,"Cow Lane, Bramcote, Nottingham, Nottinghamshire, NG9","£ 700,000",Freehold,4,2
realestate_html/propertyguru-1269.html,Residensi R8,"Jalan Ampang Hilir, Ampang Hilir, Ampang, Kuala Lumpur","3,208,000","2,72",25,4
realestate_html/realestate-1396.html,"Squares,","185 Melbourne Road, Rye, Vic 39",$ 1,8 m²,04,2
realestate_html/zillow-0825.html,Coming soon,"Midhurst Ct, Bel Air, MD 210","$ 575,000","2,616",4,14
realestate_html/realestate-1166.html,"Attractive Corner Position - Close to Key Amenities 8 DELAWARE STREET, CORIO","8 Delaware Street, Corio, Vic 321",$,62,4,1
realestate_html/rightmove-0855.html,", HG3","Ripley, Harrogate",",000",Freehold,15,14
realestate_html/rightmove-0031.html,bedroom flat for sale in,"Clarges Street, Mayfair, London, W1J","£ 24,000,000",Leasehold,3,3
realestate_html/realtor-0134.html,"800 Peconic Ave, West Babylon, NY 11704 [Updated 5/14]","800 Peconic Ave, West Babylon, NY 11704",USD 589000,1298 FTK,3,1
realestate_html/propertyguru-0961.html,60 Strathmore Avenue,60 Strathmore Avenue,"1,088,880","1,195",3,2
realestate_html/zillow-0926.html,Pending,"Orchard Ln, McHenry, IL 60050","$ 150,000","1,",3,102
realestate_html/zillow-1178.html,For sale,14,$,",071",1983,02
realestate_html/realestate-1459.html,"Stunning Townhouse with Scenic Lake Views 8 PEPPERMINT ROW, OFFICER","8 Peppermint Row, Officer, Vic","$ 575,000",m²,3,2
realestate_html/realestate-1925.html,'Santorini' in South Cott,"/5 Princes Street, Cottesloe, WA 6011",UNDER OFFER BY CHRIS,1860 m²,3,2
realestate_html/rightmove-0702.html,bedroom detached house for sale in,"Barton Grange, Peel Green Road, Eccles, M30",",000",Freehold,5,1
realestate_html/realtor-0420.html,"Dill Rd, Forestburgh, NY 12777 [Updated 5/14]","Dill Rd, Forestburgh, NY 12777",USD 87500,FTK,,
realestate_html/realtor-1384.html,"1630 Valley Forge Dr, Titusville, FL 32796 [Updated 5/14]",96,USD 200000,1276 FTK,3,327
realestate_html/realestate-1368.html,"27 Cobbadah Street, O'Malley, ACT 2606",6,"$ 2,250,000",",",4,12
realestate_html/realestate-1655.html,"64 O'ferrals Road, Bayview, NT 0820","64 O'ferrals Road, Bayview, NT 0820","$ 1,550,000",780 m²,,2
realestate_html/realestate-1737.html,"8309/222 Margaret Street, Brisbane City, Qld 4000","8309/222 Margaret Street, Brisbane City, Qld 4000","$ 2,849,000",193 m²,3,82
realestate_html/realestate-0674.html,"Luxury, Location and Lifestyle in a Sky-High City Showpiece 3607/601 LITTLE LONSDALE STREET, MELBOURNE","3607/601 Little Lonsdale Street, Melbourne, Vic 3000","$ 618,000",79 m²,02,2
realestate_html/propertyguru-0878.html,THE PALETTE,111 Pasir Ris Grove,"1,750,000","1,066",3,3
realestate_html/zillow-0028.html,Coming soon,22,"$ 695,000",--,24,23
realestate_html/realestate-1414.html,"Modern Townhouse in a Prime Location! 6/288 HARBORNE STREET, GLENDALOUGH","6/288 Harborne Street, Glendalough, WA 60",OFFERS,,,1
realestate_html/realtor-1238.html,"206 Southwind Dr, Richland, MS 39218 [Updated 5/11]",8,USD 312000,2287 FTK,3,21
realestate_html/rightmove-0481.html,bedroom detached house for sale in,"Kimberley Drive, LIVERPOOL, Merseyside, L",",000",Freehold,05,2
realestate_html/propertyguru-1356.html,THE MEWS,"Jalan Yap Kwan Seng, KLCC, KL City Centre, Kuala Lumpur","850,000",925,1,01
realestate_html/realestate-0419.html,"27 Carpentaria Way, Hewett, SA 5118",Carpentaria,"$ 950,000",1884 m²,4,1884
realestate_html/rightmove-1787.html,bedroom detached house for sale in,"Lon Las, Morfa Nefyn, LL53","£ 995,000",Freehold,17,04
realestate_html/realtor-2067.html,"271 Nicholson Rd, Searcy, AR 72143 [Updated 5/13]","Nicholson Rd, Searcy, AR 72143",USD 199000,FTK,3,72
realestate_html/zillow-0389.html,"300 15th St SE, Washington, DC 20003 | MLS #DCDC2202140 | Zillow","15th St SE, Washington, DC 2000","$ 975,000","1,600",3,3
realestate_html/zillow-1797.html,"10950 Bellagio Rd, Los Angeles, CA 90077 | MLS #25539511 | Zillow","10950 Bellagio Rd, Los Angeles, CA 90077","$ 17,998,000","7,830",6,6
realestate_html/zillow-1126.html,Contingent,", Chicago, IL 60614",$,"1,",3,2
realestate_html/realtor-1648.html,"1401 Green Cove Rd, Winter Park, FL 32789 [Updated 5/14]","1401 Green Cove Rd, Winter Park, FL",USD 2900000,5416 FTK,4,327
realestate_html/realestate-1473.html,"3/5 SUTHERLAND STREET, MELBOURNE","3/5 Sutherland Street, Melbourne, Vic 3000","$ 475,000",,2,12
realestate_html/realtor-1039.html,"4200 S Bolivar Trl, Olive Branch, MS 38654 [Updated 5/13]","0 S Bolivar Trl, Olive Branch, MS 38654",USD 525000,2896 FTK,4,3.5
realestate_html/realtor-0730.html,"11566 Morrison St, Valley Village, CA 91601 [Updated 5/12]","11566 Morrison St, Valley Village, CA 91601",USD 2799000,5370 FTK,5,12
realestate_html/zillow-1471.html,AUCTION,"5440 N Tuckerson Pl, Boise, ID","$ 199,000","1,588",3,02
realestate_html/propertyguru-0514.html,681 Race Course Road,681 Race Course Road,"780,000","1,109",3,2
realestate_html/propertyguru-1773.html,The Tropika,"Jalan Jalil Perkasa 1, Bukit Jalil, Kuala Lumpur","920,000",974,3,3
realestate_html/zillow-1648.html,"7910 Anchor Bay Dr, Algonac, MI 48001 | MLS #20250033992 | Zillow","7910 Anchor Bay Dr, Algonac, MI 48001","$ 799,000","2,",3,3
realestate_html/realtor-0591.html,"217 Columbia Pl, Los Angeles, CA 90026 [Updated 5/13]","Columbia Pl, Los Angeles, CA 90026",USD 799000,1364 FTK,2,2
realestate_html/realtor-2073.html,"2739 W Shasta Rd, Rogers, AR 72758 [Updated 5/13]","9 W Shasta Rd, Rogers, AR 72758",USD 304000,1636 FTK,3,72
realestate_html/realtor-0298.html,"108 Hill St, New Rochelle, NY 10801 [Updated 5/13]","108 Hill St, New Rochelle, NY 10801",USD 869000,2108 FTK,3,2.5
realestate_html/realtor-0379.html,"13 Laura Ln, Kiamesha Lake, NY 12751 [Updated 5/14]","13 Laura Ln, Kiamesha Lake, NY 12751",USD 229000,1152 FTK,3,1.5
realestate_html/rightmove-1519.html,", NG9","The Chancery, Bramcote","£ 795,000",Freehold,04,2
realestate_html/zillow-1545.html,Active,"6219 Perlita Dr, New Orleans, LA 70122",$,"2,908",14,3
realestate_html/realtor-1224.html,"109 Brunswick Cv, Canton, MS 39046 [Updated 5/11]","109 Brunswick Cv, Canton, MS 39046",USD 289900,1513 FTK,3,2
realestate_html/realestate-0042.html,"515/96 North Terrace, Adelaide, SA 5000","515/96 North Terrace, Adelaide, SA 5000",$ 725,,2,1640
realestate_html/zillow-0053.html,New,"8S100 Washington St, Darien, IL 60561","$ 529,000","1,871",3,123
realestate_html/propertyguru-1645.html,Taman Megah Ria,"Jalan Jelatang 12, Taman Megah Ria, Masai, Johor","698,000","2,300",35,4
realestate_html/propertyguru-1068.html,Subang Perdana Goodyear Court 10,"Jalan Subang Indah, USJ 15, Subang Jaya, Selangor",",000",800,3,2
realestate_html/realestate-1760.html,-Bedroom Apartment in the Heart of Melbourne CBD!,4/,"$ 590,000",m²,2,1
realestate_html/realtor-0309.html,"112 Creamery Rd, Hopewell Junction, NY 12533 [Updated 5/13]",33,USD 595000,3700 FTK,5,125
realestate_html/realestate-0782.html,Sell,"99 Martin Street, Ravensthorpe, WA, 6346","$ 45,000",501 m²,,
realestate_html/realtor-0560.html,"1515 N Fairfax Ave Apt 8, Los Angeles, CA 90046 [Updated 5/13]","1515 N Fairfax Ave Apt 8, Los Angeles, CA 90046",USD 1249000,1608 FTK,2,2
realestate_html/realestate-0624.html,"D/340 RUSSELL STREET, MELBOURNE","d/340 Russell Street, Melbourne, Vic 3000","$ 580,000",,2,1
realestate_html/zillow-1321.html,"4109 Frederick Cir, Longmont, CO 80503 | MLS #1034518 | Zillow","9 Frederick Cir, Longmont, CO 8050",$,",070",204,103
realestate_html/realtor-1532.html,"13353 Broadhurst Loop, Fort Myers, FL 33919 [Updated 5/14]","53 Broadhurst Loop, Fort Myers, FL 33919",USD 230000,973 FTK,2,19
realestate_html/realtor-0788.html,"1425 Silver Lake Blvd Apt 4, Los Angeles, CA 90026 [Updated 5/12]","5 Silver Lake Blvd Apt 4, Los Angeles, CA 90026",USD 599000,1180 FTK,1,12
realestate_html/realestate-1683.html,"A Style of its Own 16 HERTFORD STREET, CAVERSHAM","16 Hertford Street, Caversham, WA 6055","$ 1,100.000",m²,4,2
realestate_html/realtor-1430.html,"5201 SW 31st Ave Apt 241, Fort Lauderdale, FL 33312 [Updated 5/14]",", Fort Lauderdale, FL 333",USD 425000,1339 FTK,3,12
realestate_html/realestate-0149.html,-Bedroom Apartment 241,"/22-24 Jane Bell Lane, Melbourne, Vic 3000","$ 420,000",56 m²,1,1
realestate_html/propertyguru-0380.html,Irwell Hill Residences,6 Irwell Hill,"2,000","2,228",3,242
realestate_html/rightmove-0912.html,", WF2","Barnsley Road, New Millerdam","£ 2,750,000",Freehold,6,14
realestate_html/rightmove-1810.html,", LL",1TG,",000",Freehold,05,4
realestate_html/realtor-0140.html,"89 Park Avenue Ave N, Bay Shore, NY 11706 [Updated 5/14]","89 Park Avenue Ave N, Bay Shore, NY 11706",USD 899000,2780 FTK,6,3.5
realestate_html/realestate-0953.html,"211/162 Hindmarsh Road, Victor Harbor, SA 5211",/,"$ 440,000",63 m²,2,1
realestate_html/rightmove-0255.html,bedroom penthouse for sale in,"Hyde Park Gardens, London, W2",",000",Share of Freehold,4,5
realestate_html/realestate-0371.html,-Bedroom Home in Scenic Cobram!,"Lisbon Dr, Cobram, Vic 36","$ 698,000",730 m²,4,2
realestate_html/propertyguru-0257.html,404B Fernvale Lane,404B Fernvale Lane,"9,888",990,3,2
realestate_html/rightmove-0950.html,", HD7","Manchester Road, Linthwaite, Huddersfield",",000",Freehold,2,1
realestate_html/rightmove-0999.html,bedroom country house for sale in,"Common Lane, Sheffield, S11","£ 2,000,000",Freehold,6,5
realestate_html/realestate-1701.html,"Level 11/501 Queen Street, Brisbane City, Qld 4000","Level 11/501 Queen Street, Brisbane City, Qld 4000",Just Listed,151 m²,3,12
realestate_html/propertyguru-0900.html,266B Punggol Way,B Punggol Way,"800,000",990,3,2
realestate_html/realestate-1049.html,"2 Hillside Court, Campbelltown, SA 5074","Hillside Court, Campbelltown, SA 5074",UNDER CONTRACT,"1,979 m²",3,2
realestate_html/rightmove-1368.html,", B13","College Road, Moseley, Birmingham","0,000",Freehold,16,2
realestate_html/propertyguru-1518.html,Horizon Hills @ The Greens,"Horizon Hills The Greens Iskandar Puteri Johor, Horizon Hills, Iskandar Puteri (Nusajaya), Johor","1,365,000","2,800",4,24
realestate_html/realestate-0876.html,-Bedroom with Parking Space & Storage. Right at heart of CBD Melbourne,"6/8 Sutherland st, Melbourne, Vic",$,808.,2,1
realestate_html/realtor-1789.html,"4408 Lochmoor Cir, Jonesboro, AR 72405 [Updated 5/13]","4408 Lochmoor Cir, Jonesboro, AR 72405",USD 499000,3271 FTK,5,72
realestate_html/realestate-1959.html,"213/32 Mort Street, Braddon, ACT 2612",/,$ 1,"offering a rare and tranquil retreat within the home. The What: * 2 bedrooms, 2 bathrooms, and 2 secure car spaces in pr",2,113
realestate_html/rightmove-1599.html,", NG",5JS,"60,000",Freehold,2,1
realestate_html/zillow-1255.html,"3581 E Glencoe St UNIT 309, Miami, FL 33133 | MLS #A11784659 | Zillow",", Miami, FL","$ 4,000,000","2,",3,5
realestate_html/realtor-0712.html,"6715 Colgate Ave, Los Angeles, CA 90048 [Updated 5/12]","6715 Colgate Ave, Los Angeles, CA 90048",USD 2395000,1907 FTK,2,12
realestate_html/propertyguru-1812.html,C KLCC,"KL City Centre, Kuala","540,000","1,100",13,2
realestate_html/realestate-0872.html,"MARKET STREET, MELBOURNE",101/,Contact Agent. Offers Welcome,m²,3,1929
realestate_html/rightmove-0325.html,", L","One Park Lane, Liverpool City Centre","£ 229,950",Leasehold,1,1
realestate_html/zillow-1880.html,Active,"01 Pleasant Forest Dr, Little Rock, AR",$,",",1993,2
realestate_html/zillow-0560.html,For sale,"614 E 21st St, Los Angeles, CA 90011","$ 499,000","1,866",1,-
realestate_html/rightmove-0595.html,", M21","Hardy Lane, Chorlton",",000",Freehold,5,4
realestate_html/zillow-0013.html,For sale,0,"$ 515,000",",",142,183
realestate_html/zillow-0600.html,Active,"715 Cedarwood Dr, El Dorado, AR 717",$,",",14,130
realestate_html/propertyguru-1032.html,Taman Bestari Indah,"Ulu Tiram, Johor","799,000","2,05",4,4
realestate_html/realtor-0380.html,"342 Garfield Ave, West Hempstead, NY 11552 [Updated 5/13]","2 Garfield Ave, West Hempstead, NY 11552",USD 785000,1428 FTK,3,2
realestate_html/propertyguru-0317.html,665A Punggol Drive,665A Punggol Drive,"695,000",9,3,2
realestate_html/rightmove-1992.html,", SO17","Highfield, Southampton","£ 800,000",Freehold,26,3
realestate_html/realtor-1971.html,"26 Destino Way, Hot Springs Village, AR 71909 [Updated 5/13]","Destino Way, Hot Springs Village, AR 71909",USD 145000,1568 FTK,3,2
realestate_html/rightmove-0785.html,",","Plot 26 The Olive, Bluebell Meadows, Woodhouses Village, Failsworth","£ 695,000",Freehold,14,123
realestate_html/realestate-0572.html,"1/1 Pope Court, Bayview, NT 0820","1/1 Pope Court, Bayview, NT 0820","$ 600,000",160 m²,3,
realestate_html/realtor-1959.html,"253 High Meadow Loop, Hot Springs, AR 71901 [Updated 5/13]","High Meadow Loop, Hot Springs, AR 71901",USD 415000,2394 FTK,3,2.5
realestate_html/propertyguru-0541.html,Detached house in Frankel Estate near to Kembangan MRT,Changi Road,"12,500,000","6,500",8,7
realestate_html/propertyguru-0662.html,Irwell Hill Residences,6 Irwell Hill,"950,000",4,2,1
realestate_html/realtor-1571.html,"232 Porta Rosa Cir, Saint Augustine, FL 32092 [Updated 5/14]",92,USD 650000,2539 FTK,4,320
realestate_html/zillow-1119.html,"2718 N Nordica Ave, Chicago, IL 60707 | Zillow",60707,"$ 297,700",990,2,1
realestate_html/realtor-1243.html,"5370 Martin Cv, Olive Branch, MS 38654 [Updated 5/10]","70 Martin Cv, Olive Branch, MS 38654",USD 960000,4800 FTK,5,5.5
realestate_html/zillow-1947.html,For sale,"17151 Ledgestone Dr, Prairieville, LA 70769",$,",014",3,2
realestate_html/rightmove-1188.html,", B7","Somerville Road, Sutton Coldfield",",000",Freehold,249,23
realestate_html/realestate-1333.html,"64 Brandeis Grove, Karnup, WA 6176","Brandeis Grove, Karnup, WA 6176","$ 699,000",169 m²,4,2
realestate_html/propertyguru-1901.html,The Kews @ Leisure Farm,"Senibong Golf @ Leisure Farm, Gelang Patah, Johor","1,700,000","2,787",5,25
realestate_html/realtor-1798.html,"139 Andrew Ln, Beebe, AR 72076 [Updated 5/14]","Andrew Ln, Beebe, AR 72076",USD 358000,1408 FTK,2,720
realestate_html/rightmove-0185.html,bedroom terraced house for sale in,"Charles Street, London, W1J","£ 14,950,000",Freehold,6,48
realestate_html/realtor-1436.html,"2174 Woodbury Rd, Melbourne, FL 32935 [Updated 5/14]",35,USD 274900,1751 FTK,4,202
realestate_html/propertyguru-1415.html,Selayang Mutiara Residensi,"Gombak, Selangor",",000",98,4,13
realestate_html/realtor-0967.html,"212 Bay Oaks Dr, Bay Saint Louis, MS 39520 [Updated 5/13]","Bay Oaks Dr, Bay Saint Louis, MS 39520",USD 125000,FTK,3,20
realestate_html/rightmove-0168.html,", SW1X","William Street, Knightsbridge, London, SW1X, United Kingdom","£ 15,750,000",Leasehold,4,24
realestate_html/realestate-1332.html,Best Address In Darwin! 9/,9/,"$ 760,000",m²,3,02
realestate_html/propertyguru-1910.html,ST REGIS,"Jalan Stesen Sentral Jalan Stesen Sentral 2, Kl Sentral, Kuala Lumpur",",000",",",4,234
realestate_html/zillow-0971.html,For sale,"2000 Massachusetts Ave NW, Washington, DC 20036","$ 19,995,000",000,4,7
realestate_html/realestate-1767.html,"128 Jetty Road, Largs Bay, SA 5016",6,"$850k / Auction Sat, 7th Jun -",574 m²,3,1
realestate_html/rightmove-1483.html,", NG9","Long Lane, Attenborough, Nottingham","£ 850,000",Freehold,6,3
realestate_html/zillow-0508.html,For sale,"E 96th St, Brooklyn, NY 11212","$ 500,000",-,16,04
realestate_html/propertyguru-1676.html,% ROI] [Freehold] [Fully Furnished],"Taman Tun Dr Ismail, Kuala Lumpur","700,000",550,2,1
realestate_html/zillow-0694.html,For sale,5,"$ 600,000","3,069",4,14
realestate_html/realestate-0613.html,-Bedroom Apartment | Brisbane Skytower | CBD Living at Its Finest,"0 8 Margaret Street, Brisbane City, Qld 4000",Contact agent,,1,1
realestate_html/rightmove-1759.html,", SY13","Moss Lane, Bettisfield nr Whitchurch",",000",Freehold,5,5
realestate_html/realtor-1811.html,"2524 Aberdeen Dr, Bryant, AR 72019 [Updated 5/14]","4 Aberdeen Dr, Bryant, AR 72019",USD 465000,2804 FTK,4,202
realestate_html/realestate-1614.html,"10/311 Wharf Street, Queens Park, WA 6107","/311 Wharf Street, Queens Park, WA 6107","$ 1,989",,1,2
realestate_html/realestate-1797.html,"20 Finnerty Place, Kambah, ACT 2902","Finnerty Place, Kambah, ACT","$ 800,000",126 m²,3,2
realestate_html/realestate-1581.html,"7 Trinca Street, Denman Prospect, ACT 2611",1,"$ 1,349,000",380 m²,4,2
realestate_html/zillow-0770.html,For sale,"1201 W Fargo Ln, Broken Arrow, OK 74012",$,"2,440",3,131
realestate_html/zillow-1079.html,New,"N Long Ave, Chicago, IL 606",$,"1,591",3,02
realestate_html/propertyguru-1498.html,Jalan SL,"/6, Bandar Sungai Long, Selangor",",000","2,600",24,136
realestate_html/realestate-1491.html,Charming Bayside Living with Alfresco Appeal.,"Garfield Street, Cheltenham, Vic 319",$ 1,58,4,12
realestate_html/propertyguru-1309.html,Palm,"Bandar Sungai Long, Selangor",",000","2,000",15,1400
realestate_html/realtor-0879.html,"207 Gerald Dr, Greenwood, MS 38930 [Updated 5/14]","Gerald Dr, Greenwood, MS 38930",USD 140000,2017 FTK,3,202
realestate_html/rightmove-1196.html,bedroom penthouse for sale in,"Water Street, Birmingham, B","£ 965,000",Share of Freehold,3,4
realestate_html/realtor-1131.html,"214 Ridgecrest Dr, Booneville, MS 38829 [Updated 5/12]","Ridgecrest Dr, Booneville, MS 38829",USD 235000,1370 FTK,38,12
realestate_html/rightmove-0558.html,", M6","En-suite room, in Gardner Street, Salford","£ 2,800,000",Freehold,34,34
realestate_html/rightmove-1567.html,", NG11","Leake Road, Gotham",",000",Freehold,356,2
realestate_html/realestate-1848.html,"2 Inglis Street, New Town, Tas 7008",Inglis St,"$ 1,080,000",226 m²,4,2007
realestate_html/realtor-1019.html,"113 Seminole Cir, Terry, MS 39170 [Updated 5/13]","Seminole Cir, Terry, MS 39170",USD 294999,2241 FTK,4,202
realestate_html/realtor-0490.html,"3734 S Canfield Ave Apt 228, Los Angeles, CA 90034 [Updated 5/13]","S Canfield Ave Apt 228, Los Angeles, CA 90034",USD 520000,618 FTK,37,13
realestate_html/rightmove-1046.html,", S10","The Mews, Ivy Park Road, Ranmoor, Sheffield",",000",Freehold,5,3
realestate_html/realtor-0813.html,"1734 Berendo St, Los Angeles, CA 90005 [Updated 5/11]","1734 Berendo St, Los Angeles, CA 90005",USD 1249500,1984 FTK,4,4
realestate_html/propertyguru-1964.html,"TRIA Seputeh in 9 Seputeh, Kuala Lumpur","No.1, Jalan Telok Datok, Off Jalan Klang Lama, Seputeh, Kuala Lumpur","927,000","1,518",3,3
realestate_html/zillow-1885.html,Pending,01,$,"2,38",25,14
realestate_html/propertyguru-1529.html,Setia Ecohill,"Bellucia, Setia Ecohill, Semenyih, Selangor","599,000","2,025",04,3
realestate_html/realtor-1072.html,"551 Holly Bush Rd, Brandon, MS 39047 [Updated 5/12]","551 Holly Bush Rd, Brandon, MS 39047",USD 424500,3032 FTK,3,12
realestate_html/realestate-0930.html,"1303/39 London Circuit, City, ACT 2601",1,"$ 949,900",119 m²,2,130
realestate_html/propertyguru-1262.html,10 Stonor,"10 Stonor Persiaran Stonor, KLCC, KL City Centre, Kuala Lumpur",",000",801,13,2
realestate_html/realtor-0389.html,"242 Blauvelt Rd Unit 101, Monsey, NY 10952 [Updated 5/14]","Blauvelt Rd Unit 101, Monsey, NY 10952",USD 599000,1023 FTK,2,1
realestate_html/zillow-1533.html,For sale,"6057 Zebulon Hwy, Pikeville, KY 41501","$ 185,000","1,680",13,102
realestate_html/realestate-0771.html,"43 Waugoola Street, Gordon, NSW 2072","Waugoola Street, Gordon, NSW 2072",",","1,359 m²",5,14
realestate_html/realestate-1202.html,"10 Valley Road, Wonga Park, Vic 3115","10 Valley Road, Wonga Park, VIC, 3115",$ 1,.,,
realestate_html/realtor-0848.html,"11101 Salt Lake Ave, Porter Ranch, CA 91326 [Updated 5/11]","11101 Salt Lake Ave, Porter Ranch, CA 91326",USD 1425000,2552 FTK,4,32
realestate_html/realestate-1136.html,"72/7 Summerfield Close, Denman Prospect, ACT 2611","/7 Summerfield Close, Denman Prospect, ACT","$ 649,000",81 m²,2,12
realestate_html/zillow-1997.html,For sale,"S Holliday Dr, Claremore, OK 74019",$,"1,586",3,12
realestate_html/rightmove-0376.html,bedroom detached house for sale in,"Haigh Road, Liverpool, L22","50,000",Freehold,69,3
realestate_html/propertyguru-0919.html,606 Senja Road,606 Senja Road,"950,000","1,",13,129
realestate_html/realestate-0165.html,"URBAN SANCTUARY TO SETTLE OR INVEST 906/220 SPENCER STREET, MELBOURNE","906/220 Spencer Street, Melbourne, Vic 3000","$ 240,000",,1,1
realestate_html/realtor-0549.html,"8464 Cole Crest Dr, Los Angeles, CA 90046 [Updated 5/13]","8464 Cole Crest Dr, Los Angeles, CA 90046",USD 2395000,2888 FTK,3,3.5
realestate_html/propertyguru-1795.html,Royal Strand @ Country Garden Danga Bay,"Jalan Skudai Off Country Garden Danga Bay, Danga Bay, Johor Bahru, Johor","570,000",881,2,2
realestate_html/propertyguru-1072.html,Horizon Hills The Gates,"Jalan Ambang Horizon Hills, Horizon Hills, Iskandar Puteri (Nusajaya), Johor",",000","2,",24,3
realestate_html/realestate-0121.html,"Stunning Single Bedroom & Fantastic Central Location at 'The Elm' 7/318 LT LONSDALE STREET, MELBOURNE",7/,$,,1,1
realestate_html/realestate-1517.html,"22 Adelaide Street, Magill, SA 5072","Adelaide Street, Magill, SA 507",.,8 m²,2,1
realestate_html/realtor-0533.html,"7540 Denny Ave, Sun Valley, CA 91352 [Updated 5/13]","7540 Denny Ave, Sun Valley, CA 91352",USD 1695000,3435 FTK,7,6
realestate_html/propertyguru-1297.html,k New Condo【5min to KLCC】Linked Bridge to LRT Station Best Investment - KL City,"KL City Centre, Kuala Lumpur",",000",450,2,1
realestate_html/zillow-0950.html,For sale,"1863 Glen Cove Dr, Benton, LA 71006","$ 575,000",",",3,2
realestate_html/realtor-0644.html,"10531 Ashton Ave Apt 201, Los Angeles, CA 90024 [Updated 5/12]","10531 Ashton Ave Apt 201, Los Angeles, CA 90024",USD 1199000,1465 FTK,2,12
realestate_html/propertyguru-1585.html,-Seine Region,"-086-A5, Mercu 1Jalan Tanjung Puteri 1, R & F Tanjung Puteri, Johor Bahru, Johor","8,000","1,",1300,12
realestate_html/propertyguru-1321.html,Ascara Residence,"Bandar Sungai Long, Selangor",Price on Ask,"3,000",25,24
realestate_html/realestate-1484.html,"719 & 720/88 Esplanade, Darwin City, NT 0800","719 & 720/88 Esplanade, Darwin City, NT 0800","$ 460,000",94 m²,2,720
realestate_html/realestate-1290.html,Exceptional Lifestyle Property – Spacious Family Home and Large Commercial Shed,"Zimin Drive, Katherine, NT 08",$ 1,.,5,10
realestate_html/realtor-1041.html,"381 W Robinson St, Hernando, MS 38632 [Updated 5/13]","W Robinson St, Hernando, MS 386",USD 214900,1108 FTK,38,32
realestate_html/zillow-0840.html,"1435 Kensington Ave, Grosse Pointe Park, MI 48230 | MLS #50176242 | Zillow",0,"$ 625,000",",",3,24
realestate_html/rightmove-1913.html,", LL15","Ruthin, Denbighshire","£ 800,000",Freehold,4,2
realestate_html/realestate-1653.html,/,/,"$ 1,750,000",A dedicated study space offers the perfect environment for remote work or personal projects. Convenient Laundry Area: Th,13,2
realestate_html/zillow-0006.html,Lot/land,"1 Upper Sand Lick Rd, West Liberty, KY",$,"0 Finished area above ground: 0 Property Features Has view: Yes View description: Mountain, Pond, Private, Scenic, Water",0,0
realestate_html/propertyguru-1611.html,Bandar Nusaputra,"Bandar Nusaputra, Puchong, Selangor","588,000",",000",4,2
realestate_html/zillow-0878.html,Auction,"1581 Oakland Rd, Oakland, KY","$ 198,000",",830",4,2
realestate_html/rightmove-1246.html,", B33","Mary Road, Stechford, Birmingham","£ 800,000",Freehold,7,04
realestate_html/rightmove-1892.html,bedroom detached house for sale in,"Ffordd Pentre Bach, Nercwys, Mold, Flintshire, CH7","£ 825,000",Freehold,4,13
realestate_html/zillow-0244.html,"113 Marlowe Dr, Erie, CO 80516 | MLS #1034972 | Zillow","Marlowe Dr, Erie, CO 80516","$ 575,000","1,66",103,2
realestate_html/realestate-0251.html,"43 St Anns Place, Parkside, SA 5063","St Anns Place, Parkside, SA 5063","$ 3,500,000",151 m²,43,
realestate_html/zillow-0012.html,New construction,714,"$ 419,900","1,910",130,12
realestate_html/rightmove-0909.html,bedroom detached house for sale in,"Rutland Drive, Harrogate, North Yorkshire, HG1",",000",Freehold,16,5
realestate_html/realestate-1976.html,First time offered! 9 x,"35 Bradshaw Terrace, Nakara, NT 0810",Under Contract,1770 m²,2,18
realestate_html/realestate-1264.html,"Embrace the Vibrant Heart of Woden 708/15 BOWES STREET, PHILLIP",6,"$ 509,900",71 m²,2,187
realestate_html/zillow-1853.html,Pending,"14 Carvel Ln, Houston, TX 7707",$,",060",3,02
realestate_html/realtor-0181.html,"2484 Theresa Blvd, Binghamton, NY 13903 [Updated 5/14]",03,USD 213000,2368 FTK,4,139
realestate_html/zillow-0611.html,"732 Fox Bend Trl, Edmond, OK 73034 | MLS #1168863 | Zillow","732 Fox Bend Trl, Edmond, OK 730",$,"3,310",4,34
realestate_html/propertyguru-0859.html,9 ⭐,Cluny / Cluny Park / Gallop Park,"11,000,000","3,74",255,6
realestate_html/realestate-1150.html,"Luxurious Living at ‘One Sydney Harbour’ With Harbour Views 57C/2 WATERMANS QUAY, BARANGAROO","57c/2 Watermans Quay, Barangaroo, NSW 2000",Contact Agent,201 m²,23,24
realestate_html/zillow-0857.html,New,"1505 Torrey Pines Rd, Normal, IL 61761","$ 295,000","2,508",2014,123
realestate_html/realestate-1897.html,"12 Dallas Court, Wynn Vale, SA 5127","Dallas Court, Wynn Vale, SA 5127","Offers Close: Tuesday, 20 May",640 m²,3,1
realestate_html/realtor-1848.html,"400 N Oliver Ave, Fayetteville, AR 72701 [Updated 5/13]","400 N Oliver Ave, Fayetteville, AR 72701",USD 3400000,5774 FTK,10,72
realestate_html/rightmove-1376.html,", NG","Woodborough, Nottinghamshire","£ 7,000,000",Freehold,4,14
realestate_html/realtor-0971.html,"11417 Crystal Lake Dr, Gulfport, MS 39503 [Updated 5/13]","11417 Crystal Lake Dr, Gulfport, MS 39503",USD 313310,2092 FTK,4,3
realestate_html/rightmove-1690.html,bedroom detached house for sale in,"Talwrn, Llangefni, LL77","£ 1,500,000",Freehold,9,8
realestate_html/propertyguru-0232.html,The Geranium,33 Mangis Road,"050,000",624,3,1
realestate_html/realtor-0351.html,"8 Copake Falls Rd, Carmel, NY 10512 [Updated 5/14]","8 Copake Falls Rd, Carmel, NY 10512",USD 369000,912 FTK,2,12
realestate_html/realtor-0020.html,"88-20 Parsons Blvd Unit 6D, Jamaica, NY 11432 [Updated 5/14]","88-20 Parsons Blvd Unit 6D, Jamaica, NY 11432",USD 525000,810 FTK,2,2
realestate_html/zillow-1607.html,Active,6,$,"1,780",3,2
realestate_html/zillow-1317.html,For sale,"W Mescal St, Phoenix, AZ 850","$ 359,000","1,771",14,2
realestate_html/realestate-1325.html,3/,3/,"$ 480,000",,1,1
realestate_html/rightmove-0886.html,", LS26","Farrer Lane, Oulton, Leeds",",000",Freehold,5,5
realestate_html/realestate-0972.html,"5613/222 Margaret Street, Brisbane City, Qld 4000",5613/,"$ 595,000","Building amenities including pool, gym, and sauna - Prime city location close to Cross River Rail, Queens Wharf Precinct",2,120
realestate_html/rightmove-1299.html,", B29","Bristol Road, Bournville, Birmingham, B29 6LX","80,000",Freehold,23,1
realestate_html/propertyguru-1180.html,"Ruby, Crest@Austin","Crest@Austin, Bandar Jaya Putra, Mukim Tebrau, Johor Bahru, Johor","768,000","1,160",14,3
realestate_html/propertyguru-1225.html,Sri Dahlia Apartment,", Puchong, Selangor",",000",678,13,12
realestate_html/rightmove-0209.html,bedroom apartment for sale in,"Mulberry Square, London, SW1W","£ 14,000,000",Leasehold,3,3
realestate_html/rightmove-0051.html,", W1K","Mount Street, Mayfair, London, W1K, United Kingdom","£ 20,000,000",Leasehold,4,4
realestate_html/realtor-0507.html,"4105 Bellingham Ave, Studio City, CA 91604 [Updated 5/13]","5 Bellingham Ave, Studio City, CA 91604",USD 4250000,4893 FTK,5,6
realestate_html/realtor-0026.html,"290 Burke Dr, Buffalo, NY 14215 [Updated 5/14]",15,USD 259900,1494 FTK,3,142
realestate_html/realtor-2044.html,"2304 SW 17th St, Bentonville, AR 72713 [Updated 5/14]","4 SW 17th St, Bentonville, AR 72713",USD 369900,1957 FTK,3,13
realestate_html/propertyguru-1029.html,Residensi R8,"Jalan Ampang Hilir, Ampang Hilir, Ampang, Kuala Lumpur","900,000","3,669",05,4
realestate_html/zillow-1313.html,Active,"8 Meadowdale St, Metairie, LA 70002","$ 265,000","2,",249,1983
realestate_html/realestate-1584.html,"Timeless, Sumptuous, Light-filled Luxury","Congdon Street, Claremont, WA 6010",Register for Pre-Launch Viewing,478 m²,3,2
realestate_html/realtor-2058.html,"6913 Highway 5 S, Mountain Home, AR 72653 [Updated 5/13]","6913 Highway 5 S, Mountain Home, AR 72653",USD 244900,1071 FTK,1,1
realestate_html/realestate-0865.html,"9 Brandt Court, Araluen, NT 0870","9 Brandt Court, Aralu","$ 765,000",840 m²,4,240
realestate_html/realestate-1708.html,"1902/421 King William Street, Adelaide, SA 5000","/421 King William Street, Adelaide,",$ 402,56 m²,1,1902
realestate_html/realestate-1587.html,"CORONATION DRIVE, STUART PARK",6/,"$ 450,000",,2,2
realestate_html/propertyguru-0509.html,Twin Fountains,17 Woodlands Avenue 6,"2,099,999","1,593",3,14
realestate_html/propertyguru-0197.html,Bayshore Park,60 Bayshore Road,",000","1,",3,12
realestate_html/realestate-0003.html,"3205/222 Margaret Street, Brisbane City, Qld 4000","3205/222 Margaret Street, Brisbane City, Qld 4000",For Sale,"Gourmet kitchen with high-end appliances, gas cooktop, and breakfast bar -Generously sized bedroom with built-in wardrob",61,1
realestate_html/zillow-0425.html,For sale,"340 W Beloit Ave, Salina, KS 67401","$ 169,000",",159",2,2
realestate_html/realestate-1379.html,"186 Henderson Road, Munster, WA 6166","Henderson Road, Munster, WA 6166","$ 3,362",2.03ha Bedrooms & bathrooms Built-in wardrobes Parking Garage spaces: 3 Secure parking Heating & cooling Air conditionin,,
realestate_html/realestate-0803.html,3/,3/,$,5 m²,2,1
realestate_html/propertyguru-1976.html,Desa 12 Bandar Country Homes,"Jalan Desa 12/2, Kota Emerald, Anggun, Desa Mas, Bandar Country Homes, Rawang, Selangor",",000","1,",1400,293
realestate_html/zillow-1901.html,"14499 S River Chase Rd, Herriman, UT 84096 | MLS #2087746 | Zillow","14499 S River Chase Rd, Herriman, UT 8409",$,",",46,2013
realestate_html/realtor-0361.html,"212-21 47th Ave, Bayside, NY 11361 [Updated 5/14]",-,USD 899000,896 FTK,2,113
realestate_html/zillow-0359.html,For sale,"230 Kenneth Dr, Iowa City, IA 52",$,"2,",4,14
realestate_html/realestate-1726.html,"Incredible investment opportunity - 9% yield 2002/28 WILLS STREET, MELBOURNE","2002/28 Wills Street, Melbourne, Vic 3000","$ 310,000",,1,1
realestate_html/zillow-1767.html,New,704,$,"1,",3,102
realestate_html/realtor-0929.html,"1805 Bakersfield Way, Nesbit, MS 38651 [Updated 5/13]","1805 Bakersfield Way, Nesbit, MS 38651",USD 480000,2500 FTK,3,2.5
realestate_html/realestate-1782.html,"SUTHERLAND STREET, PADDINGTON",22/,Auction,"Ceiling fan/light (bedroom), roller blinds, carpet - Lift access, intercom, excellent natural light - Elevated NW corner",1,1
realestate_html/realestate-1514.html,"Substantial Family Home with Sublime Views 72 DIAMOND DRIVE, BLACKMANS BAY","72 Diamond Drive, Blackmans Bay, Tas 7052","$ 1,085,000",79,45,1997
realestate_html/rightmove-2005.html,bedroom detached house for sale in,"West End Road, West End, SO30","£ 750,000",FREEHOLD,4,2
realestate_html/zillow-1254.html,For sale,"0 Martins Creek Rd, Liberty, KY","$ 199,900","1,",3,2
realestate_html/zillow-1483.html,For sale,"5565 Ehrling Rd, Cincinnati, OH 45","$ 169,900","1,168",13,102
realestate_html/realtor-1930.html,"760 Davidson Cir, Greers Ferry, AR 72067 [Updated 5/13]","760 Davidson Cir, Greers Ferry, AR 72067",USD 494900,1984 FTK,3,720
realestate_html/realtor-0381.html,"706 Leggett Pl, Whitestone, NY 11357 [Updated 5/14]","706 Leggett Pl, Whitestone, NY 11357",USD 789900,1078 FTK,4,17
realestate_html/realtor-1646.html,"5541 Harborage Dr, Fort Myers, FL 33908 [Updated 5/14]","5541 Harborage Dr, Fort Myers, FL 33908",USD 1495000,4093 FTK,5,5
realestate_html/rightmove-1274.html,", B15","Yew Tree Road , Edgbaston","£ 775,000",Freehold,4,2
realestate_html/zillow-1847.html,"12564 NW 11th Ln #1715, Miami, FL 33182 | MLS #A11811601 | Zillow","12564 NW 11th Ln #1715, Miami, FL","$ 460,000","1,",3,130
realestate_html/rightmove-0041.html,bedroom terraced house for sale in,"Ilchester Place, London, W14","£ 22,000,000",Freehold,67,425
realestate_html/rightmove-0151.html,", SW7","Lancelot Place, Knightsbridge, London, SW7, United Kingdom",",000",Freehold,5,5
realestate_html/realestate-0996.html,"Architecturally Designed Entertainer's Dream with Pool, Cabana & Timeless Finishes 20 TEBBUTT STREET, LEICHHARDT",0,Auction,m²,14,3
realestate_html/rightmove-1187.html,bedroom detached house for sale in,"Grassmoor Road, Birmingham, West Midlands, B38","£ 1,000,000",Freehold,9,350
realestate_html/rightmove-0311.html,bedroom detached house for sale in,"St. Andrews Road, Blundellsands, L23",",000",Freehold,04,5
realestate_html/realestate-0128.html,"73 Schlich Street, Yarralumla, ACT 2600",0,"$ 1,210,000",618 m²,4,2019
realestate_html/zillow-1539.html,For sale,0,$,"1,",3,12
realestate_html/realestate-0216.html,"124 Tourmaline Boulevard, Byford, WA 6122","Tourmaline Boulevard, Byford, WA 61","$ 700,000",197 m²,04,197
realestate_html/rightmove-0977.html,Land for sale in,"Land At Buckton, Bridlington, East Yorkshire, YO15","£ 2,150,000","11,064,240 sqft",,
realestate_html/rightmove-1851.html,", LL15","Bryn Goodman, Ruthin","£ 875,000",Freehold,24,03
realestate_html/realestate-1269.html,"3 Flying Fox Circuit, Oakville, NSW 2765","3 Flying Fox Circuit, Oakville, NSW",Just Listed For Sale!,m²,04,2
realestate_html/propertyguru-0143.html,Hilltop Grove,A Hillview Avenue,"1,780,000","1,485",3,2
realestate_html/realtor-2030.html,"2116 S Verona Ave, Russellville, AR 72802 [Updated 5/13]","6 S Verona Ave, Russellville, AR 72802",USD 214900,1532 FTK,3,2
realestate_html/zillow-1304.html,For sale,"86 Greenmeadow Ln, Davidsonville, MD 210","$ 400,000",",",3,3
realestate_html/realtor-1338.html,"325 Forestway Cir Unit 104, Altamonte Springs, FL 32701 [Updated 5/14]",01,USD 185900,893 FTK,2,327
realestate_html/realtor-0074.html,"10029-10033 Ash St, Watertown, NY 13601 [Updated 5/14]","10029-10033 Ash St, Watertown, NY 13601",USD 335000,3060 FTK,6,136
realestate_html/rightmove-1563.html,", NG9","Claremont Avenue, Bramcote, NG9","£ 749,000",Freehold,3,01
realestate_html/propertyguru-0958.html,310C Punggol Walk,310C Punggol Walk,"568,888",1,3,2
realestate_html/realtor-0041.html,"39 Mitchell St, Rochester, NY 14621 [Updated 5/14]","39 Mitchell St, Rochester, NY 146",USD 169900,1298 FTK,4,21
realestate_html/realestate-0229.html,"Spacious, Sunny, Convenient 130/116 EASTY STREET, PHILLIP","130/116 Easty Street, Phillip, ACT","$ 550,000",82 m²,2,12
realestate_html/realestate-1750.html,"4 Lucas Place, Downer, ACT 2602",2,"home needs or study space. The bathroom is well-kept including an upgraded vanity and towel rails, while a separate toilet adds convenience for family living. Outdoor entertaining",.,4,1962
realestate_html/rightmove-0544.html,", L","Montclair Drive, Calderstones, Liverpool.","£ 600,000",Freehold,3,1
realestate_html/rightmove-1124.html,bedroom detached house for sale in,"Chad Road, Edgbaston, Birmingham, B1",",000",Freehold,5,2
realestate_html/realtor-1574.html,"2528 Florida Ave, Carrabelle, FL 32322 [Updated 5/14]",22,USD 43000,FTK,4,22
realestate_html/realestate-0013.html,"UNDER CONTRACT - More Properties Available 4007/8 MARGARET STREET, BRISBANE CITY","4007/8 Margaret Street, Brisbane City, Qld 4000",UNDER CONTRACT,70 m²,1,1
realestate_html/realtor-0082.html,"5387-5391 State Route 8, Chestertown, NY 12817 [Updated 5/14]",17,USD 799900,1768 FTK,5,128
realestate_html/propertyguru-0659.html,510 Woodlands Drive 14,510 Woodlands Drive 14,"650,000","1,151",3,2
realestate_html/realtor-1182.html,"113 Mamie Cir, Picayune, MS 39466 [Updated 5/11]","Mamie Cir, Picayune, MS 39466",USD 235000,1510 FTK,3,2
realestate_html/propertyguru-1176.html,The Woodlands Link House @ Horizon Hills,"No 1 Jalan Eka, Horizon Hills, Horizon Hills, Iskandar Puteri (Nusajaya), Johor","1,150,000","2,060",14,23
realestate_html/rightmove-1629.html,", NG3","Tavistock Drive, Mapperley Park","£ 675,000",Freehold,04,2
realestate_html/propertyguru-1451.html,Bay Point @ Country Garden Danga Bay,"Jalan Skudai Off Country Garden Danga Bay, Johor Bahru, Johor","530,000",893,2,1
realestate_html/realtor-0390.html,"60 Tanglewood Dr, Smithtown, NY 11787 [Updated 5/14]","60 Tanglewood Dr, Smithtown, NY 11787",USD 649999,FTK,3,1
realestate_html/realestate-0027.html,"/8 MARGARET STREET, BRISBANE CITY","/8 Margaret Street, Brisbane City, Qld 4000",Contact Agent,m²,1,1
realestate_html/rightmove-1337.html,", B15","Anstruther Road, Edgbaston","£ 695,000",Freehold,4,2
realestate_html/realestate-0147.html,1/44,1/44,$,m²,3,
realestate_html/propertyguru-0040.html,Meadow Lodge,Chun Tin Road,"2,200,000",1,3,13
realestate_html/propertyguru-1402.html,Country Garden Central Park,"Persiaran Aliff Harmoni Utama, Johor Bahru, Johor","450,000",780,2,2
realestate_html/propertyguru-0001.html,155 Rivervale Crescent,155 Rivervale Crescent,"650,000","1,184",3,12
realestate_html/rightmove-0660.html,", M16","Withington Road, Whalley Range",",000",Freehold,165,02
realestate_html/realtor-1643.html,"7 N 13th Ter, Fernandina Beach, FL 32034 [Updated 5/14]",34,USD 180000,FTK,34,320
realestate_html/realestate-0173.html,"606/6 Exford Street, Brisbane City, Qld 4000","606/6 Exford Street, Brisbane City, Qld 4000",$ 506.00,55 m²,1,202
realestate_html/realtor-1570.html,"1800 SW 3rd St, Miami, FL 33135 [Updated 5/14]","SW 3rd St, Miami, FL 33135",USD 1295000,620 FTK,5,331
realestate_html/rightmove-0722.html,bedroom terraced house for sale in,"Smedley Lane, Manchester, M8",",000",Leasehold,5,03
realestate_html/rightmove-0811.html,", M1","Dickinson Street, Manchester, M1","£ 650,000",Leasehold,4,3
realestate_html/realestate-1455.html,"9/29 Eastlake Parade, Kingston, ACT 2604",4,"$ 600,000",66 m²,2,2
realestate_html/propertyguru-1827.html,-Seine Region,", R & F Tanjung Puteri, Johor Bahru, Johor","040,000",838,02,1
realestate_html/rightmove-0242.html,bedroom terraced house for sale in,"Walton Street, London, SW3",",000",Freehold,14,05
realestate_html/propertyguru-0012.html,Daintree,11G Toh Tuck Road,"1,399,999",667,3,2
realestate_html/rightmove-1344.html,bedroom house for sale in,"Kesteven Close, Edgbaston, Birmingham, B15","£ 680,000",Freehold,04,2
realestate_html/rightmove-0521.html,bedroom semi-detached house for sale in,"Greenhill Road, Mossley Hill, Liverpool, Merseyside, L18","0,000",Freehold,4,14
realestate_html/propertyguru-0008.html,36 Margaret Drive,Margaret Drive,"8,000","1,",3,162
realestate_html/zillow-0583.html,New,654 W Aldine Ave APT,"$ 400,000",--,2,1
realestate_html/zillow-0724.html,For sale,745,$,",",2,1
realestate_html/zillow-0882.html,Contingent,"1605 E Taylor St, Bloomington, IL 61701",$,",184",3,123
realestate_html/rightmove-0734.html,",","Plot 27 The Maple, Bluebell Meadows, Woodhouses Village, Failsworth","£ 750,000",Freehold,4,13
realestate_html/propertyguru-0655.html,636 Woodlands Ring Road,6 Woodlands Ring Road,"1,000,000","1,528",3,3
realestate_html/rightmove-1871.html,bedroom bungalow for sale in,"Vaynol Park, Bangor, Gwynedd, LL57","£ 850,000",Freehold,4,4
realestate_html/realtor-1323.html,"4846 Colonnades Club Blvd, Lakeland, FL 33811 [Updated 5/14]","4846 Colonnades Club Blvd, Lakeland, FL 33811",USD 262000,1534 FTK,2,11
realestate_html/propertyguru-0485.html,ORCHARD BEL AIR,245 Orchard Boulevard,"12,800,000",",458",254,7
realestate_html/propertyguru-1652.html,Eco Tr,"Jalan Kota Masai Kota Masai, Pasir Gudang, Johor","798,000","2,66",14,5
realestate_html/realestate-0536.html,"25A River Street, St Peters, SA 5069",69,"$ 33,000",374 m²,375,101
realestate_html/propertyguru-1689.html,The WaterEdge (Pinggiran Air),"Jalan Persiaran Senibong, Permas Jaya, Johor","780,000","1,184",3,2
realestate_html/realestate-1143.html,and,"Redgum Way, Morley, WA 606",Under Offer with,680 m²,3,125
realestate_html/realestate-0462.html,"2703/140 Alice Street, Brisbane City, Qld 4000","3/140 Alice Street, Brisbane City, Qld 4000","$ 2,296.04",225 m²,3,2
realestate_html/realtor-0835.html,"4501 Cedros Ave Unit 338, Sherman Oaks, CA 91403 [Updated 5/13]","4501 Cedros Ave Unit 338, Sherman Oaks, CA 91403",USD 528000,698 FTK,1,1
realestate_html/zillow-1678.html,For sale,7,$,",",3,112
realestate_html/realtor-1272.html,"15625 Front Beach Rd Unit 1406, Panama City Beach, FL 32413 [Updated 5/14]","15625 Front Beach Rd Unit 1406, Panama City Beach, FL 32413",USD 610000,1010 FTK,1,13
realestate_html/realtor-0258.html,"20 Aden Rd, Liberty, NY 12754 [Updated 5/14]","Aden Rd, Liberty, NY 12754",USD 995000,2772 FTK,4,127
realestate_html/zillow-1546.html,Accepting backups,", Frederick, CO 80",$,"1,",3,2
realestate_html/zillow-0870.html,For sale,"4 Bollinger Rd, Westminster, MD",$,"1,",3,2
realestate_html/realtor-0060.html,"55 Houlahan Rd, Camden, NY 13316 [Updated 5/14]","55 Houlahan Rd, Camden, NY 13316",USD 449900,3056 FTK,6,133
realestate_html/propertyguru-0884.html,747C Bedok Reservoir Crescent,747C Bedok Reservoir Crescent,"860,000",6,3,2
realestate_html/propertyguru-1708.html,Damansara Kim,"SS 20, Damansara Kim, Petaling Jaya, Selangor",",000","2,000",14,3
realestate_html/zillow-0994.html,Foreclosure,17,"$ 49,900",--,13,2
realestate_html/zillow-1132.html,"2755 Lumberjack Dr, Colorado Springs, CO 80920 | MLS #2631811 | Zillow","2755 Lumberjack Dr, Colorado Springs, CO 80920","$ 575,000","2,661",3,263
realestate_html/realtor-0267.html,"2 Heiko Ct, Northport, NY 11768 [Updated 5/14]","2 Heiko Ct, Northport, NY 11768",USD 1149000,3500 FTK,3,2
realestate_html/realestate-0773.html,"/8 LEYDIN COURT, DARWIN CITY","/8 Leydin Court, Darwin City, NT 0800","$ 400,000",,3,12
realestate_html/realestate-1093.html,Mill,"4/7 Sabine Road, Millner, NT 0810",UNDER CONTRACT,m²,13,2
realestate_html/zillow-0288.html,For sale,"155 S Last Chance Dr, Laketown, UT","$ 279,000",",522",6,14
realestate_html/rightmove-0599.html,bedroom detached house for sale in,0,"£ 1,300,000",Freehold,153,02
realestate_html/propertyguru-0581.html,Park Villas,Park Villas Rise,"100,000","1,626",13,14
realestate_html/zillow-0456.html,For sale,"404 Douglass Ct, Iowa City, IA",$,67,2,1
realestate_html/rightmove-0107.html,bedroom flat for sale in,"Grosvenor Square, Mayfair, London, W1K","000,000",Share of Freehold,8,6
realestate_html/realtor-0839.html,"1080 N Eastman Ave, Los Angeles, CA 90063 [Updated 5/12]","1080 N Eastman Ave, Los Angeles, CA 90063",USD 925000,1718 FTK,4,12
realestate_html/rightmove-1877.html,bedroom character property for sale in,"Tremoelgoch Bach, Llanfachraeth, LL65","£ 850,000",Ask agent,3,2
realestate_html/rightmove-0585.html,bedroom detached house for sale in,"Palatine Road, Didsbury, M20","£ 1,500,000",Freehold,141,03
realestate_html/realestate-1317.html,"A1,","Lot A1, 22 Moger Lane, Adelaide, SA, 5000",$ 50,38 m²,,
realestate_html/realestate-0449.html,Lindisfarne - The Perfect Family Package - With Views!,"Rowitta Road, Lindisfarne, Tas 7015","$ 875,000",604 m²,3,12
realestate_html/realtor-0773.html,"5523 Tuxedo Ter, Los Angeles, CA 90068 [Updated 5/12]","5523 Tuxedo Ter, Los Angeles, CA 90068",USD 2995000,2757 FTK,3,12
realestate_html/realestate-0993.html,"Charming Opportunity in Prime Box Hill Locale 3 LANDALE STREET, BOX HILL","3 Landale Street, Box Hill, Vic","$ 750,000",m²,2,1
realestate_html/rightmove-1649.html,Land for sale in,"The Nannau Estate, Llanfachreth, Dolgellau, Gwynedd, LL40","£ 15,000,000","164,831,040 sqft",,
realestate_html/propertyguru-1614.html,The Vesta Residences,", KL City Centre, Kuala Lumpur","399,000",715,2,112
realestate_html/propertyguru-1495.html,10 Stonor,"10 Stonor Persiaran Stonor, KLCC, KL City Centre, Kuala Lumpur","1,185,000",801,3,12
realestate_html/realestate-0376.html,"2106/8 Adelaide Street, Brisbane City, Qld 4000","6/8 Adelaide Street, Brisbane City, Qld 4000",$ 800,,1,1
realestate_html/rightmove-1041.html,", YO61","Easingwold Road, Stillington",",000",Freehold,15,02
realestate_html/rightmove-1471.html,bedroom semi-detached house for sale in,"Village Street, Edwalton, Nottingham, Nottinghamshire, NG",",000",Freehold,5,1
realestate_html/rightmove-1800.html,", LL31","Gannock Park, Deganwy, Conwy",",000",Freehold,5,2
realestate_html/propertyguru-0264.html,Livia,79 Pasir Ris Grove,"1,400,000","1,",3,152
realestate_html/realtor-0555.html,"1530 Fair Park Ave, Los Angeles, CA 90041 [Updated 5/13]","0 Fair Park Ave, Los Angeles, CA 90041",USD 1295000,1470 FTK,3,2
realestate_html/realtor-0403.html,"530 Sutter Ave, Brooklyn, NY 11207 [Updated 5/13]","Sutter Ave, Brooklyn, NY 11207",USD 1325000,3120 FTK,3,112
realestate_html/propertyguru-0643.html,Midtown Modern,Tan Quee Lan Street,"380,000",635,2,1
realestate_html/zillow-0929.html,"1812 Numa St, New Orleans, LA 70114 | Zillow",,"$ 399,800","7,320 sqft",1,
realestate_html/propertyguru-2041.html,Setia Alam,"Setia Alam ( Anjung Sari), Setia Alam, Selangor","780,000","2,932",266,351
realestate_html/zillow-0426.html,For sale,1,"$ 180,000","1,",1930,124
realestate_html/propertyguru-1801.html,Aurora Resort Villas,"Aurora Sentral, Puteri Harbour, Iskandar Puteri (Nusajaya), Johor",",000","2,833",24,5
realestate_html/realtor-0007.html,"58 Coulon Dr, Parishville, NY 13672 [Updated 5/14]","58 Coulon Dr, Parishville, NY 13672",USD 129000,1088 FTK,3,136
realestate_html/propertyguru-1632.html,Temasya Prisma,"Temasya Glenmarie, Glenmarie, Selangor","479,000",678,1,1
realestate_html/propertyguru-1941.html,BANDAR KINRARA,", Bandar Kinrara 9, Puchong, Selangor",",000","2,",245,230
realestate_html/zillow-1704.html,For sale,69,$,"2,",14,1842
realestate_html/propertyguru-1888.html,22 Quartz,"Setia Eco Park, Setia Alam, Selangor","9,000","2,890",04,25
realestate_html/realtor-0643.html,"645 W 9th St Apt 242, Los Angeles, CA 90015 [Updated 5/12]","645 W 9th St Apt 242, Los Angeles, CA 90015",USD 624000,1030 FTK,2,12
realestate_html/propertyguru-1882.html,DE BAYU APARTMENT,"Persiaran Setia Indah, Setia Alam, Selangor","9,000",900,3,2
realestate_html/realestate-0604.html,"32A Hubert Street, East Victoria Park, WA 6101","A Hubert Street, East Victoria Park, WA 6101","$ 2,302.22",m²,3,1
realestate_html/realestate-1702.html,Amazing Family Home,"Driver Avenue, Driver, NT 0830","$ 635,000",885 m²,4,2
realestate_html/realtor-0512.html,"10352 Riverside Dr Apt 2, Toluca Lake, CA 91602 [Updated 5/13]","10352 Riverside Dr Apt 2, Toluca Lake, CA 91602",USD 1650000,1585 FTK,3,3
realestate_html/propertyguru-1998.html,Alam,"Persiaran Tun Teja, Setia Alam, Selangor",",000","2,000",4,4
realestate_html/propertyguru-1458.html,Tanjung bungah,"Tanjung Bungah, Penang","4,880,000","7,700",05,3
realestate_html/zillow-0203.html,Coming soon,100,$,--,340,102
realestate_html/rightmove-0146.html,bedroom apartment for sale in,"Knightsbridge Gate, Apartment 3, 1 William Street, London, SW1X","£ 16,250,000",Leasehold,4,24
realestate_html/zillow-1886.html,Accepting backups,26 SW,"$ 599,000","1,",14,3
realestate_html/zillow-0875.html,For sale,"1564 Highway 394, Blountville, TN 37617",$,"1,664",2,2
realestate_html/zillow-0500.html,Active,"465 Park Ave APT 34E, New York, NY 100","$ 595,000",--,2,1926
realestate_html/rightmove-1917.html,", LL","Llanbedr Dyffryn Clwyd, Ruthin, Denbighshire","£ 800,000",Freehold,15,2
realestate_html/rightmove-1865.html,bedroom detached house for sale in,"Tregarth, LL","0,000",Freehold,05,3
realestate_html/realestate-0295.html,Contemporary Comfort with Development Potential,"Duke Street, Castlemaine, Vic 3450","$ 720,000",759 m²,4,1
realestate_html/zillow-0440.html,For sale,"364 Camden Rd, Iowa City, IA","$ 169,900","1,150",2,2
realestate_html/propertyguru-0203.html,The Villas @ Sentosa Cove,Ocean Drive,"7,000,000",",",14,06
realestate_html/realestate-1603.html,Rare,215,Contact Agent,",",3,1
realestate_html/propertyguru-0452.html,Bloomsbury Residences,61 Media Circle,"170,000",904,103,12
realestate_html/rightmove-1474.html,", NG10",GE,"00,000",Freehold,3,12
realestate_html/zillow-0520.html,Active,", New Orleans, LA 70","$ 249,000",858,1,1
realestate_html/rightmove-0437.html,bedroom apartment for sale in,"The Colonnades, Albert Dock, Liverpool, Merseyside, L","£ 750,000",Leasehold,3,3
realestate_html/zillow-0695.html,"966 McDonald Dr, Northville, MI 48167 | MLS #20250037072 | Zillow",167,"$ 989,000","5,389",4,184
realestate_html/propertyguru-1682.html,Paragon Suites @ CIQ,"Jalan Stulang Darat Jalan Stulang Darat Off Jalan Inderaputra, Johor Bahru, Johor","570,000","1,",3,123
realestate_html/zillow-1521.html,"6001 N 10th Way, Phoenix, AZ 85014 | MLS #6872017 | Zillow","6001 N 10th Way, Phoenix, AZ 85014","$ 640,000",",406",3,2
realestate_html/realtor-0192.html,"139 Miller Ave, Amityville, NY 11701 [Updated 5/14]","Miller Ave, Amityville, NY 11701",USD 1299999,3600 FTK,5,5
realestate_html/realestate-0137.html,"Craftsman built, Victorian inspired home in delightful village locale.",6,"$ 760,000","1,01",3,129
realestate_html/rightmove-0462.html,", L","Ullet Road, Liverpool","£ 700,000",Freehold,8,8
realestate_html/zillow-0308.html,For sale,"189 Scantic Rd, Hampden, MA 010",$,"1,",173,12
realestate_html/propertyguru-1207.html,Puncak Damansara,"- Jalan Teratai PJU 6, Kampung Sungai Kayu Ara, Petaling Jaya, Selangor","9,000","1,114",13,2
realestate_html/realtor-1083.html,"1215 Parks Pl, Byram, MS 39212 [Updated 5/12]",2,USD 349900,2392 FTK,3,12
realestate_html/realtor-0083.html,"54 Pine Ridge Rd, Buffalo, NY 14211 [Updated 5/14]",11,USD 252000,2176 FTK,6,11
realestate_html/realtor-1202.html,"9501 McElroy Farms Dr, Olive Branch, MS 38654 [Updated 5/13]","9501 McElroy Farms Dr, Olive Branch, MS 38654",USD 618985,4181 FTK,5,4.5
realestate_html/propertyguru-1271.html,Picasso Residence,"Off Jalan Jelatek, 55000, Kuala Lumpur, Keramat, Kuala Lumpur","2,187,000","1,",240,13
realestate_html/realtor-1375.html,"2520 Quantico Ave SE, Palm Bay, FL 32909 [Updated 5/14]","0 Quantico Ave SE, Palm Bay, FL",USD 57500,FTK,,329
realestate_html/rightmove-1897.html,bedroom detached house for sale in,"Llandegfan, Menai Bridge, Isle of Anglesey, LL59","£ 825,000",Freehold,04,3
realestate_html/zillow-1755.html,Pending,1,"$ 575,000","1,",3,02
realestate_html/realtor-1135.html,"231 Bayview Dr, Madison, MS 39110 [Updated 5/14]","Bayview Dr, Madison, MS 39110",USD 340000,1873 FTK,3,202
realestate_html/propertyguru-1630.html,Hillcrest Heights,", TAMAN PUCHONG UTAMA, Puchong, Selangor","680,000","1,",3,124
realestate_html/realtor-0782.html,"4160 Hubbard St, Los Angeles, CA 90023 [Updated 5/13]","4160 Hubbard St, Los Angeles, CA 900",USD 799000,1511 FTK,3,23
realestate_html/rightmove-0938.html,", LS17","Wigton Lane, Alwoodley",",000",Freehold,05,23
realestate_html/propertyguru-0134.html,181 Yung Sheng Road,181 Yung Sheng Road,"700,000","1,",13,12
realestate_html/zillow-1238.html,New construction,"62 Mount Pleasant St, Houston, TX 77021","$ 209,000","1,795",3,3
realestate_html/rightmove-2094.html,bedroom house for sale in,"Calshot Court, Channel Way, Ocean Village, Southampton, SO","£ 599,999",Leasehold,3,14
realestate_html/zillow-0892.html,For sale,9,"$ 590,000","0 Heating Central, Forced Air, Electric Cooling Central Air, Electric Appliances Included: Electric Water Heater Laundry",2,1
realestate_html/propertyguru-0798.html,The Watergardens at Canberra,Canberra Drive,"1,338,888",1,3,12
realestate_html/propertyguru-1291.html,KSL D'Esplanade Residence,"Jalan Seladang, Taman Century, Johor Bahru, Johor","595,000",96,3,13
realestate_html/rightmove-1554.html,", NG","Waterhouse Lane, Gedling, Nottingham","£ 750,000",Freehold,04,2
realestate_html/propertyguru-0239.html,Avenue South Residence,13 Silat Avenue,",000","1,",3,4
realestate_html/realestate-1052.html,"Modern Apartment appealing to owner occupiers and investors 509/79 SMITH STREET, DARWIN CITY","509/79 Smith Street, Darwin City, NT 0800","$ 340,000",m²,1,001
realestate_html/rightmove-1278.html,", B17",Bed detached in B17 8BD,"£ 750,000",Freehold,140,2
realestate_html/realestate-1424.html,"Elegant country home, Extensive shedding on 3 acres of manicured garden surrounds",0,$ 1,1.,15,10
realestate_html/realestate-0501.html,"2/28 Harris Street, Harris Park, NSW 2150",/,$ 669,116 m²,2,116
realestate_html/realtor-1737.html,"2 Fletcher Ridge Cir, Little Rock, AR 72223 [Updated 5/14]","2 Fletcher Ridge Cir, Little Rock, AR 72223",USD 639000,2950 FTK,4,22
realestate_html/rightmove-0149.html,", SW7","Lancelot Place, Knightsbridge, London, SW7, United Kingdom",",000",Freehold,5,5
realestate_html/realestate-1579.html,"Address available on request, Leeming",,"$ 1,488,000",215 m²,4,
realestate_html/zillow-2014.html,For sale,"369 Hattons Rest Ln, Lexington Park, MD 206","$ 2,100,000",",",1995,26
realestate_html/rightmove-0249.html,bedroom terraced house for sale in,"Trevor Place, London, SW7","£ 13,200,000",Freehold,6,6
realestate_html/zillow-0577.html,For sale,"8 Beaver Bend Rd, Houston, TX 770","$ 180,000","1,016",03,123
realestate_html/realestate-0431.html,"33 Martin Crescent, Coconut Grove, NT 0810","33 Martin Crescent, Coconut Grove, NT 0810","$ 2,195",837 m²,4,1923
realestate_html/propertyguru-1376.html,KLCC New Lunch Project l Private Jacuzzi in Unit l Linked Bridge t KLCC Twin Tower,"Jalan Ampang, KLCC, KL City Centre, Kuala Lumpur","1,700,000",800,2,12
realestate_html/realestate-0726.html,/,/,Under Offer,,2,1
realestate_html/rightmove-0215.html,bedroom house for sale in,"Pembridge Crescent, Notting Hill, London, W11","£ 14,000,000",Freehold,6,16
realestate_html/realtor-0916.html,for rent,"2600 W Jackson St, Tupelo, MS, 38801, USA",$ 850,900 FTK,2,1
realestate_html/rightmove-0138.html,", SW1W","Sloane Gardens, Belgravia, London, SW1W, United Kingdom",",000",Freehold,5,4
realestate_html/realestate-0569.html,"3701/501B Adelaide Street, Brisbane City, Qld 4000","1/501B Adelaide Street, Brisbane City, Qld 4000",$ 680.00,55 m²,1,202
realestate_html/realtor-1986.html,"301 N Monarch Ln, Horseshoe Bend, AR 72512 [Updated 5/13]","301 N Monarch Ln, Horseshoe Bend, AR 72512",USD 750,FTK,,
realestate_html/rightmove-1060.html,bedroom flat for sale in,"SKY GARDENS, Silver Street, Water Lane, Leeds, West Yorkshire, LS","755,000",Ask agent,10,1
realestate_html/zillow-0812.html,For sale,1325,"$ 425,000",72,1,1
realestate_html/propertyguru-0194.html,Siglap Bungalow With Total Makeover Now For Sale,SIGLAP BANK,"12,500,000","4,42",10,9
realestate_html/realestate-0259.html,"22 Wallis Street, Parkside, SA 5063","22 Wallis Street, Parkside, SA, 5063",,403 m²,,
realestate_html/realestate-0168.html,"1603/347 Ann Street, Brisbane City, Qld 4000","/347 Ann Street, Brisbane City, Qld 4000",$ 800,94 m²,2,2
realestate_html/rightmove-1900.html,", LL15","Llanfair Dyffryn Clwyd, Ruthin",",000",Freehold,6,
realestate_html/realtor-1205.html,"3412 Raintree Dr, Gautier, MS 39553 [Updated 5/11]","2 Raintree Dr, Gautier, MS 395",USD 230000,1406 FTK,395,2
realestate_html/realestate-1864.html,"89 Mcalister Parade, Marsden Park, NSW 2765",5,$ 1,375 m²,04,12
realestate_html/rightmove-1588.html,", NG8","Wollaton Road, Nottingham",0,Freehold,5,2
realestate_html/rightmove-0949.html,", TS7","Prime Residential Development Opportunity, Nunthorpe Hall Farm, Nunthorpe","£ 2,390,000",Ask agent,,7
realestate_html/realtor-0716.html,"107 S Serrano Ave, Los Angeles, CA 90004 [Updated 5/13]","107 S Serrano Ave, Los Angeles, CA 90004",USD 1488000,2288 FTK,5,4
realestate_html/rightmove-1154.html,", B17","Woodbourne Road, Edgbaston, Birmingham","£ 1,275,000",Freehold,6,13
realestate_html/realestate-0025.html,"49 Symonds Place, Adelaide, SA 5000","49 Symonds Place, Adelaide, SA 5000","$ 2,720.90",164 m²,2,2
realestate_html/zillow-0608.html,Contingent,215,"$ 199,900","1,",3,273
realestate_html/rightmove-1786.html,bedroom detached house for sale in,"Trevor Road, Chirk, Wrexham, LL14",",000",Freehold,8,5
realestate_html/rightmove-1680.html,", LL",4RN,",000",Freehold,5,
realestate_html/rightmove-0523.html,bedroom detached house for sale in,"Calderstones Avenue, Allerton, L18","£ 635,000",Freehold,04,2
realestate_html/realtor-1153.html,"1035 N Azalea Dr, Madison, MS 39110 [Updated 5/12]","5 N Azalea Dr, Madison, MS 39110",USD 269900,1776 FTK,3,12
realestate_html/rightmove-1347.html,", B",6BT,£ 679,Freehold,5,3
realestate_html/zillow-1053.html,For sale,", Midway, UT 84049",$,"1,996",183,2
realestate_html/propertyguru-0449.html,The Antares,Mattar Road,"1,880,000",88,13,129
realestate_html/realestate-1994.html,"406/10 Balfours Way, Adelaide, SA 5000","406/10 Balfours Way, Adelaide, SA 5000",$ 357.15,,1,2010
realestate_html/realestate-1027.html,"60 Alfred Street, Adelaide, SA 5000","60 Alfred Street, Adelaide, SA 5000","$ 1,050,000",,3,2
realestate_html/realestate-0843.html,"1/23 Packard Street, Larrakeyah, NT 0820","/23 Packard Street, Larrakeyah, NT 0820","$ 725,000",324 m²,3rd,1
realestate_html/realtor-1726.html,"382 Philadelphia Rd, El Dorado, AR 71730 [Updated 5/14]","2 Philadelphia Rd, El Dorado, AR 71730",USD 45000,FTK,30,
realestate_html/realtor-0052.html,"9659 Dye Rd, Forestville, NY 14062 [Updated 5/14]","9659 Dye Rd, Forestville, NY 14062",USD 180000,FTK,,0
realestate_html/realestate-0060.html,Stylish,"8/26 South Terrace, Adelaide, SA 5000","$ 245,000",,1,1
realestate_html/rightmove-1311.html,bedroom end of terrace house for sale in,"The Circle, Birmingham, B17","£ 725,000",Freehold,3,3
realestate_html/realtor-1504.html,"2621 Cove Cay Dr Unit 206, Clearwater, FL 33760 [Updated 5/14]","2621 Cove Cay Dr Unit 206, Clearwater, FL 33760",USD 80000,810 FTK,1,1.5
realestate_html/realtor-0978.html,"780 Shady Oaks Cir, Oxford, MS 38655 [Updated 5/13]","780 Shady Oaks Cir, Oxford, MS 38655",USD 650000,2991 FTK,4,3.5
realestate_html/propertyguru-1227.html,Avantro Residences,", Taman Kinrara, Bandar Kinrara, Selangor","8,000",5,03,152
realestate_html/rightmove-1739.html,bedroom detached house for sale in,"Llanfaelog, Ty Croes, Sir Ynys Mon, LL63","£ 1,200,000",Freehold,9,9
realestate_html/realtor-0306.html,for rent,"2075 Main St, Buffalo, NY, 14208, USA","$ 1,250",872 sqft,2,142
realestate_html/realtor-1876.html,"15 Valley View Dr Lots 390 & 394BK, Fairfield Bay, AR 72088 [Updated 5/14]","15 Valley View Dr Lots 390 & 394BK, Fairfield Bay, AR 72088",USD 5000,FTK,,720
realestate_html/zillow-0096.html,For sale,"19 Katian Way, Mashpee, MA 02649","$ 750,000","1,908",3,1993
realestate_html/realestate-0399.html,"14 Cumberlege Crescent, Pearce, ACT 2607","14 Cumberlege Crescent, Pearce, ACT 2607","$ 2,190,000",896 m²,5,03
realestate_html/zillow-1610.html,For sale,"7 Maidstone Ln, Houston, TX 77095",$,",081",141,3
realestate_html/realtor-0974.html,"393 Lake Cherami Dr, Grenada, MS 38901 [Updated 5/13]","393 Lake Cherami Dr, Grenada, MS 38901",USD 325000,2472 FTK,3,2.5
realestate_html/rightmove-1566.html,", NG11","St. Winifreds Court, Kingston-on-soar",",000",980,5,3
realestate_html/rightmove-0766.html,bedroom semi-detached house for sale in,"Mauldeth Road, Heaton Mersey, Stockport, SK4","£ 700,000",Leasehold,05,02
realestate_html/realtor-0100.html,"13 Lazer Ct Unit 202, Spring Valley, NY 10977 [Updated 5/14]","13 Lazer Ct Unit 202, Spring Valley, NY 10977",USD 1049999,2400 FTK,5,2.5
realestate_html/realestate-0923.html,"A perfect blend of space, comfort & family functionality 76 MCLAUGHLIN STREET, ARDEER",2,"$ 700,000",604 m²,3,1
realestate_html/realtor-1620.html,"5349 NW North Lanett Cir, Port Saint Lucie, FL 34986 [Updated 5/14]","49 NW North Lanett Cir, Port Saint Lucie, FL 34986",USD 175000,FTK,34,1
realestate_html/zillow-0543.html,Active,"1 W 21st St APT PENTHOUSE, New York, NY 10011",$,--,2015,6
realestate_html/realestate-0834.html,"Stylish, Sun-Filled Home with Alfresco Entertaining 15 PAYNE PLACE, SOUTH MORANG","15 Payne Place, South Morang, Vic 375",AUCTION Saturday,568 m²,14,12
realestate_html/realtor-1720.html,"2215 Sweetwater Ranch Ave, Springdale, AR 72764 [Updated 5/14]","5 Sweetwater Ranch Ave, Springdale, AR 72764",USD 300000,1390 FTK,3,72
realestate_html/rightmove-1666.html,bedroom detached house for sale in,"The Green, Gresford, Nr Wrexham, LL12",",000",Freehold,5,23
realestate_html/propertyguru-1496.html,Skyline Embassy,"Jalan Ampang, Taman U Thant, Ampang, Kuala Lumpur","1,050,000",84,3,12
realestate_html/realestate-0751.html,"8/37 Preston Point Road, East Fremantle, WA 6158","8/37 Preston Point Road, East Fremantle, WA 6158",$ 900,,3,1960s
realestate_html/rightmove-2073.html,", SO14","Maritime Walk, Ocean Village, Southampton",",000",Leasehold,13,2
realestate_html/propertyguru-1093.html,H 0 downpayment| FREEHOLD Fully Furnish| MRT Condo,"KLCC, KL City Centre, Kuala Lumpur","450,000",980,2,2
realestate_html/realestate-0240.html,"Shenton Park Foothold 445 RAILWAY ROAD, SHENTON PARK","445 Railway Road, Shenton Park, WA 6008",Low $,m²,3,1
realestate_html/zillow-1998.html,New,"08 W Willow Dr, Plainfield, IL 60",$,",",147,123
realestate_html/realtor-1123.html,"4595 Lucius Taylor Rd, Como, MS 38619 [Updated 5/12]","4595 Lucius Taylor Rd, Como, MS 38619",USD 200000,854 FTK,2,12
realestate_html/propertyguru-0218.html,The Myst,802 Upper Bukit Timah Road,"6,000","1,",3,03
realestate_html/propertyguru-1598.html,Setia 2,"Taman Setia Balakong 2, Seri Kembangan, Selangor","1,100,000","3,039",5,5
realestate_html/rightmove-0201.html,bedroom semi-detached house for sale in,"Hamilton Terrace, St John's Wood NW",",000",Freehold,9,66
realestate_html/propertyguru-0700.html,44 Bendemeer Road,44 Bendemeer Road,"470,000",807,3,1
realestate_html/realtor-0869.html,"19 Big Spring Rd Unit A, Picayune, MS 39466 [Updated 5/14]","19 Big Spring Rd Unit A, Picayune, MS 39466",USD 189900,1650 FTK,3,1
realestate_html/rightmove-0295.html,", L6","2 & 19 Newsham Drive, Two Investment Properties - Liverpool [L6 7UJ]","£ 2,095,000",Freehold,32,17
realestate_html/realestate-0798.html,"502/6 Exford Street, Brisbane City, Qld 4000","502/6 Exford Street, Brisbane City, Qld 4000",$ 700,85 m²,2,2
realestate_html/zillow-0629.html,For sale,69,$,"1,",1913,2
realestate_html/zillow-0132.html,For sale,"Buena Vista St, Swampscott, MA 01907","$ 589,000","1,147",3,12
realestate_html/propertyguru-1802.html,High hill Semi d/ Nusa idaman/ Bukit indah/ Eco botanic/ Nusa duta/ East ledang,"Sireh park at back,Idaman 7, Horizon Hills, Iskandar Puteri (Nusajaya), Johor","1,400,000",0,5,5
realestate_html/rightmove-1117.html,bedroom property for sale in,"Bed Hotel , Edgbaston, Birmingham , B16","£ 1,999,999",Freehold,29,29
realestate_html/rightmove-1167.html,", B29",4-,"£ 1,100,000",Freehold,7,07
realestate_html/propertyguru-0579.html,518 Woodlands Drive 14,518 Woodlands Drive,"8,000","1,356",14,2
realestate_html/propertyguru-1599.html,KLCC CLICK IN TO ARRANGE VIEWING,"KLCC, KL City Centre, Kuala Lumpur","851,000",807,2,12
realestate_html/zillow-1719.html,For sale,"9214 Nightingale Dr, Los Angeles, CA 90069","$ 63,000,000","13,870",115,7
realestate_html/realestate-0859.html,"5/11 Villaflor Crescent, Woolner, NT 0820","5/11 Villaflor Crescent, Woolner, NT 0820","$ 700,000",345 m²,3,2007
realestate_html/rightmove-0629.html,bedroom detached house for sale in,"Willoughby Avenue, Didsbury, Manchester, Greater Manchester, M20","£ 1,000,000",Freehold,5,23
realestate_html/zillow-1428.html,"4920 E Osborn Rd, Phoenix, AZ 85018 | MLS #6872111 | Zillow","20 E Osborn Rd, Phoenix, AZ 85018","$ 1,650,000",",009",4,3
realestate_html/realestate-0796.html,"434 Mount Barker Road, Bridgewater, SA 5155","4 Mount Barker Road, Bridgewater, SA 5155","$ 775,000",180 m²,3,25
realestate_html/realestate-1789.html,"2 Hutchinson Street, Goolwa, SA 5214",4,"$ 695,000",138 m²,2,217
realestate_html/realtor-0953.html,"Cedar Crest Cv Lot 15, Byhalia, MS 38611 [Updated 5/13]","Cedar Crest Cv Lot 15, Byhalia, MS 38611",USD 89000,FTK,,
realestate_html/realestate-0761.html,"3604/443 Queen Street, Brisbane City, Qld 4000","4/443 Queen Street, Brisbane City, Qld 4000","$ 2,800,000",124 m²,2,25
realestate_html/rightmove-0822.html,", M15","Silvercroft Street, Manchester","£ 650,000",Freehold,3,2
realestate_html/realtor-1960.html,"550 N 2nd St, Ward, AR 72023 [Updated 5/13]","550 N 2nd St, Ward, AR",USD 134900,1224 FTK,3,202
realestate_html/propertyguru-0338.html,Rare Huge Stunning Bungalow House For Sale Now!,Toh Heights,",","9,",16,8
realestate_html/zillow-1786.html,"10616 S Forest Ave, Jenks, OK 74037 | MLS #2444481 | Zillow","10616 S Forest Ave, Jenks, OK","$ 1,200,000",",556",4,244
realestate_html/realtor-0081.html,"12 Crafton Ave, Staten Island, NY 10314 [Updated 5/14]","Crafton Ave, Staten Island, NY 10314",USD 849900,1738 FTK,3,1
realestate_html/rightmove-0075.html,bedroom flat for sale in,"Gloucester Avenue, Primrose Hill NW1","£ 980,000",Lease,2,112
realestate_html/realestate-1662.html,"50/11 Fawkner Street, Braddon, ACT 2612","50/11 Fawkner Street, Braddon, ACT",$ 631,117 m²,3,2
realestate_html/realtor-0963.html,"23110 N Highway 35, Batesville, MS 38606 [Updated 5/13]","10 N Highway 35, Batesville, MS 38606",USD 480000,FTK,21,14
realestate_html/realestate-1320.html,"4104/443 Queen Street Brisbane 4000, Brisbane City, Qld 4000",", Brisbane City, Qld",$ 9,m²,4,2
realestate_html/realestate-0114.html,"16 Osborne Street, Sandy Bay, Tas 7005","Osborne Street, Sandy Bay, Tas 7005","$ 2,300,000",314 m²,16,16
realestate_html/realtor-0826.html,"3609 4th Ave, Los Angeles, CA 90018 [Updated 5/11]","9 4th Ave, Los Angeles, CA 90018",USD 1399999,1512 FTK,2,2
realestate_html/realtor-0080.html,"14 Florence Ave Apt 25D, Freeport, NY 11520 [Updated 5/14]","14 Florence Ave Apt 25D, Freeport, NY 11520",USD 329000,1050 FTK,1,1
realestate_html/realtor-0606.html,"623 S Downey Rd, East Los Angeles, CA 90023 [Updated 5/13]","623 S Downey Rd, East Los Angeles, CA 900",USD 1300000,2780 FTK,7,23
realestate_html/rightmove-0691.html,bedroom semi-detached house for sale in,"Lea Road, Heaton Moor, SK4",",000",Freehold,05,3
realestate_html/realtor-1033.html,"501 Hide A Way Ln, Carriere, MS 39426 [Updated 5/13]","501 Hide A Way Ln, Carriere, MS 39",USD 244500,1719 FTK,3,42
realestate_html/zillow-1376.html,For sale,"4445 Volta Pl NW, Washington, DC 20007",$ 1,"2,140",3,3
realestate_html/propertyguru-0650.html,Renovated⭐️Bukit Timah Low PSF⭐️富翁最爱⭐,District,"12,400,000","5,059",10,8
realestate_html/zillow-1978.html,For sale,"Tiara St, Woodland Hills, CA 91367","$ 1,150,000","1,595",146,2
realestate_html/realestate-0955.html,"/81 LANGSHAW STREET, NEW FARM","/81 Langshaw Street, New Farm, Qld 4005",Auction,130 m²,130,2
realestate_html/realtor-0473.html,"10468 Larwin Ave, Chatsworth, CA 91311 [Updated 5/13]","10468 Larwin Ave, Chatsworth, CA 91311",USD 550000,1066 FTK,2,13
realestate_html/realtor-0778.html,"6039 W 86th Pl, Los Angeles, CA 90045 [Updated 5/14]","6039 W 86th Pl, Los Angeles, CA 90045",USD 1198000,1766 FTK,4,2
realestate_html/realestate-1722.html,"ENDLESS OPPORTUNITIES 58 EAST STREET, MOUNT HAWTHORN","58 East Street, Mount Hawthorn, WA 60",AUCTION,754,3,1
realestate_html/propertyguru-0283.html,11 Aida street,11 Aida street,",","3,033",6,720
realestate_html/rightmove-1303.html,bedroom apartment for sale in,"Water Street, Birmingham, B","£ 740,000",Share of Freehold,3,6
realestate_html/propertyguru-1097.html,KUALA LUMPUR KUALA LUMPUR,"KL City Centre, Kuala Lumpur",",000","1,",142,1835
realestate_html/propertyguru-1887.html,Taman Pandan Jaya,"Taman Pandan Jaya, Pandan Jaya, Ampang, Selangor","180,000",7,3,12
realestate_html/realtor-1727.html,"1327 Mountain View Ln, Alma, AR 72921 [Updated 5/14]","7 Mountain View Ln, Alma, AR 729",USD 387000,2343 FTK,4,21
realestate_html/rightmove-1237.html,bedroom house for sale in,"Pershore Road, Birmingham, West Midlands, B5","£ 850,000",Freehold,4,03
realestate_html/rightmove-1695.html,bedroom detached house for sale in,8,",000",Freehold,25,6
realestate_html/zillow-1058.html,Foreclosure,", Thibodaux, LA 70","$ 109,900","1,676",3,102
realestate_html/rightmove-1351.html,", B17","Lonsdale Road, Harborne, Birmingham, B17 9QX","£ 675,000",Freehold,14,03
realestate_html/zillow-1279.html,New,"4 W Sunnyside Ave, Chicago, IL 60625",$,",500",3,01
realestate_html/zillow-1117.html,Coming soon,"2716 38th St NW, Washington, DC 20007","$ 2,150,000","2,900",4,174
realestate_html/realtor-0522.html,"16729 Chatsworth St, Granada Hills, CA 91344 [Updated 5/13]","16729 Chatsworth St, Granada Hills, CA 91344",USD 1375000,2829 FTK,7,4
realestate_html/realestate-0052.html,"ALFRED STREET, ADELAIDE","Alfred Street, Adelaide, SA 5000",Contact Agent,,2,1
realestate_html/zillow-0209.html,"102 Beddingham Ct, Saline, MI 48176 | MLS #25024905 | Zillow","102 Beddingham Ct, Saline, MI",$,",125",204,3
realestate_html/rightmove-0115.html,bedroom detached house for sale in,"Addison Road, London, W14","£ 17,500,000",Freehold,12,590
realestate_html/zillow-0315.html,For sale,"200 Bridgeview Ln, Stevensville, MD 21666","$ 14,950,000","20,013",67,10
realestate_html/realtor-1994.html,"8404 W Creek Rd, Hartford, AR 72938 [Updated 5/13]","8404 W Creek Rd, Hartford, AR 72938",USD 1,FTK,4,202
realestate_html/zillow-1977.html,"20434 W Albion Way, Northridge, CA 91326 | MLS #SR25078090 | Zillow","20434 W Albion Way, Northridge, CA 9132",$ 3,",000",25,6
realestate_html/zillow-0917.html,New construction,0,$,"2,",04,3
realestate_html/realestate-1966.html,"18 Everest Way, Alexander Heights, WA 6064","18 Everest Way, Alexander Heights, WA 60","$ 850,000",557 m²,4,2
realestate_html/realestate-1400.html,"12 Bancroft Street, Kelvin Grove, Qld 4059","Bancroft Street, Kelvin Grove, Qld 4059","16,683",305 m²,1,
realestate_html/realtor-1890.html,"9 W Bluff Ln, Holiday Island, AR 72631 [Updated 5/13]","9 W Bluff Ln, Holiday Island, AR 72631",USD 20000,FTK,,
realestate_html/realtor-0915.html,rent,N,$ 900,FTK,4,1
realestate_html/rightmove-0372.html,", L25","Tower Cottage, Woolton Park, Liverpool.","£ 975,000",Freehold,4,03
realestate_html/realestate-0851.html,"12 Carnation Court, Parafield Gardens, SA 5107","Carnation Court, Parafield Gardens, SA 5107","$ 690,000",making meal prep a breeze while staying connected with guests or family. The master suite is complete with a walk-in rob,4,1994
realestate_html/realestate-1071.html,"% 202/339 SWANSTON STREET, MELBOURNE","202/339 Swanston Street, Melbourne, Vic 3000","$ 230,000",,1,1
realestate_html/rightmove-0930.html,Equestrian facility for sale in,"Edlington Wood House, Edlington, Doncaster, South Yorkshire, DN12","£ 2,500,000",Freehold,,
realestate_html/rightmove-0964.html,", LS18","Craggwood Manor, Horsforth","£ 2,250,000",Freehold,9,08
realestate_html/rightmove-0961.html,bedroom detached house for sale in,"Foston, York, YO60",",000",Freehold,05,3
realestate_html/realtor-1230.html,"1116 Katie Beck Dees St, Picayune, MS 39466 [Updated 5/10]","1116 Katie Beck Dees St, Picayune, MS 39466",USD 25000,FTK,3,2
realestate_html/zillow-1441.html,For sale,"5101 Long Branch Ln, Edmond, OK",$,"2,69",4,3
realestate_html/propertyguru-0073.html,Waterbank at Dakota,76 Dakota Crescent,"399,999",4,2,01
realestate_html/realestate-1376.html,"64 North Terrace, Kent Town, SA 5067","64 North Terrace, Kent Town, SA 5067","50,000","1,839 m²",,1930
realestate_html/propertyguru-1621.html,'x65' 2 Storey Gardens Home with High Ceiling,"Bukit Jelutong, Shah Alam, Selangor","990,000","2,090s",24,253
realestate_html/realestate-1054.html,"4/48 Spinnaker Heights, Yangebup, WA 6164","4/48 Spinnaker Heights, Yangebup, WA 6164","home lounge Master suite at the front with private balcony, large walk-in robe, and elegant ensuite with double vanity and full-height tiling Two well-sized minor bedrooms. Stylish","ideal as a parents' retreat, kids' zone, or work-from-home lounge Master suite at the front with private balcony, large",3,2
realestate_html/propertyguru-1044.html,Austin Crest Austin Crest AustinCrest,"Taman Austin Heights, Tebrau, Johor","778,000","1,689",24,3
realestate_html/realtor-1022.html,"115 E Miller St, Hazlehurst, MS 39083 [Updated 5/13]","E Miller St, Hazlehurst, MS 39083",USD 95000,1206 FTK,13,1.5
realestate_html/realestate-0750.html,"test ADDRESS AVAILABLE ON REQUEST, WYCLIFFE WELL","Address available on request, Wycliffe Well, NT 086",Contact Agent,,2,1
realestate_html/realestate-0870.html,"5707/442 Elizabeth Street, Melbourne, Vic 3000",5707/44,"$ 899,500",,3,2
realestate_html/rightmove-1709.html,bedroom detached house for sale in,"Llannerch Goch Country House, Betws-y-Coed, LL26",",000",Freehold,5,04
realestate_html/rightmove-1518.html,", NG5","Burntstump Hill, Arnold, Nottinghamshire, NG5 8PQ","£ 795,000",Freehold,4,3
realestate_html/zillow-1658.html,For sale,"8027 Fenway Rd, Bethesda, MD 20817","$ 1,500,000",",081",4,3
realestate_html/rightmove-0724.html,bedroom detached house for sale in,0,"£ 759,500",Freehold,03,2
realestate_html/rightmove-1525.html,", NG2","Main Street, Gamston, Nottingham",",000",Freehold,5,234
realestate_html/propertyguru-1586.html,Emerald,"2 Jalan Alam Damai, Alam Damai, Cheras, Kuala Lumpur","1,700,000","2,",4,248
realestate_html/realtor-1485.html,"00n/A, Longleaf Dr, FL [Updated 5/14]","00n/A, Longleaf Dr, FL","$ 300,000",,,321
realestate_html/propertyguru-1662.html,Bay Point @ Country Garden Danga Bay,"Jalan Skudai Off Country Garden Danga Bay, Johor Bahru, Johor","570,000",88,2,2
realestate_html/realtor-1963.html,"27 Topcliffe Ln, Bella Vista, AR 72715 [Updated 5/13]","Topcliffe Ln, Bella Vista, AR 72715",USD 415500,1806 FTK,3,72
realestate_html/rightmove-0699.html,", M2",9QX,",000",Freehold,15,3
realestate_html/realtor-0400.html,"21 Pine Cone St, Middle Island, NY 11953 [Updated 5/14]","Pine Cone St, Middle Island, NY 11953",USD 649000,2200 FTK,53,2.5
realestate_html/propertyguru-0716.html,468B Admiralty Drive,8B Admiralty Drive,"699,000","1,",14,137
realestate_html/realtor-2088.html,"7009 W Inglewood Dr, Rogers, AR 72758 [Updated 5/12]","7009 W Inglewood Dr, Rogers, AR 72758",USD 1050000,3712 FTK,4,12
realestate_html/rightmove-0436.html,bedroom semi-detached house for sale in,"Elmswood Road, Liverpool, Merseyside, L17","£ 750,000",Freehold,04,3
realestate_html/realtor-1170.html,"7808 Songbird Ln, Moss Point, MS 39562 [Updated 5/13]","7808 Songbird Ln, Moss Point, MS 39562",USD 675000,2850 FTK,3,2
realestate_html/realtor-0629.html,"1731 E 69th St, Los Angeles, CA 90001 [Updated 5/13]","E 69th St, Los Angeles, CA 90001",USD 2499000,6405 FTK,16,13
realestate_html/realtor-0642.html,"17814 Cantara St, Reseda, CA 91335 [Updated 5/13]","17814 Cantara St, Reseda, CA 91335",USD 683000,1250 FTK,4,2
realestate_html/zillow-1002.html,New,"2128 N Winchester Ave, Chicago, IL 606",$ 1,",200",4,14
realestate_html/propertyguru-1605.html,Serin,"Jalan Fauna 1, Cyberjaya, Selangor",",000","1,",130,12
realestate_html/zillow-0392.html,For sale,"302 Highland Dr, Iowa City, IA",$ 69,"2,728",25,14
realestate_html/zillow-0908.html,Active,"1714 W Beverly Glen Pkwy, Chicago, IL 6064","$ 199,950","1,",3,123
realestate_html/propertyguru-0911.html,Storey & Basement⚡️1km SCGS⚡️Lift & Pool❤️好房推荐❤,** JOAN ROAD Caldecott Hill Estate 298891 Apr 2025 - 3692 sqft S$ 9.5M S$ 2570 psf Semi-Detached House 1993 Lease: Freehold Address: ** JALAN UNGGAS Capitol Park 298931 Apr 2025 - 7395 sqft S$ 13.8M S$ 1865 psf Detached House - Lease: Freeh,"000,000","4,381",256,7
realestate_html/realestate-1589.html,"GEORGE STREET, BRISBANE CITY",2805/,490.000,68 m²,1,1
realestate_html/realestate-0928.html,"1F Letcher Road, Oaklands Park, SA 5046","F Letcher Road, Oaklands Park, SA 50",( USP),m²,2,1
realestate_html/realtor-1535.html,"410 Wingstone Dr, Ponte Vedra, FL 32081 [Updated 5/14]","410 Wingstone Dr, Ponte Vedra, FL",USD 610000,2276 FTK,2,320
realestate_html/realestate-1715.html,"Quintessential Bayside Beach Box. 524 BOAT SHED BEACH, ASPENDALE",5,"$ 250,000",,1,1
realestate_html/realtor-1902.html,"2424 N Fillmore St, Little Rock, AR 72207 [Updated 5/14]","4 N Fillmore St, Little Rock, AR 72207",USD 850000,2844 FTK,4,20
realestate_html/realestate-0565.html,"/446 ANN STREET, BRISBANE CITY","/446 Ann Street, Brisbane City, Qld 4000",For Sale,,2,
realestate_html/realtor-0487.html,"123 S Westmoreland Ave, Los Angeles, CA 90004 [Updated 5/13]","S Westmoreland Ave, Los Angeles, CA 90004",USD 2498000,7760 FTK,4,16
realestate_html/propertyguru-1124.html,Terrace house at Rimba Jaya,"Ken Rimba Legian, Rimba Jaya, Shah Alam, Selangor","650,000","1,800",14,3
realestate_html/realtor-0376.html,"104 E Fenimore St, Valley Stream, NY 11580 [Updated 5/13]","E Fenimore St, Valley Stream, NY 11580",USD 699000,1440 FTK,5,2
realestate_html/propertyguru-1447.html,Seri Austin Residence (Pangsapuri Seri Austin),"Jalan Seri Austin 1/17, Taman Seri Austin, Tebrau, Johor","8,000",888,3,12
realestate_html/realestate-1733.html,"903/347 Ann Street, Brisbane City, Qld 4000","903/347 Ann Street, Brisbane City, Qld 4000",Offers,64 m²,1,1
realestate_html/realestate-1963.html,Modern Style & Space in a Prime West Moonah Location!,"Ransley Court, West Moonah, Tas 7009","5,000",,4,2
realestate_html/realtor-1462.html,for rent,"8501 N 50th St, Tampa, FL, 33617, USA",$ 955,"1,010 sqft",2,2
realestate_html/realtor-1688.html,"2361 San Filippo Dr SE, Palm Bay, FL 32909 [Updated 5/14]",09,USD 43000,FTK,3,329
realestate_html/realtor-1187.html,"19 A and B Big Spring Rd, Picayune, MS 39466 [Updated 5/13]","19 A and B Big Spring Rd, Picayune, MS 39466",USD 239900,2294 FTK,6,2
realestate_html/zillow-1688.html,For sale,"8640 N Iron Horse Dr, Lake Pt, UT 84074","$ 699,000",",48",15,133
realestate_html/realestate-0670.html,"39 Silverwater Road, Silverwater, NSW 2264",4,"$ 2,250,000","2,668 m²",3,2
realestate_html/realtor-0215.html,"136 Summit St, Batavia, NY 14020 [Updated 5/14]","Summit St, Batavia, NY 14020",USD 119900,1522 FTK,4,1.5
realestate_html/propertyguru-0496.html,The Residences at W Sentosa Cove,13 Ocean Way,",","1,",3,2
realestate_html/realtor-1003.html,"7046 Rollinggreen Dr, Pass Christian, MS 39571 [Updated 5/14]",70,USD 475000,2039 FTK,3,2.5
realestate_html/propertyguru-0329.html,487C Choa Chu Kang Avenue 5,487,"5,000","1,",3,2
realestate_html/rightmove-1740.html,", LL","Marine Drive, The Great Orme, Llandudno","£ 1,195,000",Freehold,4,03
realestate_html/rightmove-1489.html,", NG11","Clifton Lane, Ruddington","£ 850,000",Freehold,267,23
realestate_html/realestate-0317.html,"Penthouse of One Bedrooms 544/57 SPENCER STREET, MELBOURNE","544/57 Spencer Street, Melbourne, Vic 3000","$ 490,000",75 m²,1,1
realestate_html/propertyguru-2053.html,-Seine Region,"-086-A5, Mercu 1Jalan Tanjung Puteri 1, R & F Tanjung Puteri, Johor Bahru, Johor",",000",797,2,02
realestate_html/realtor-0302.html,"2323 Cedar Swamp Rd, Brookville, NY 11545 [Updated 5/14]","3 Cedar Swamp Rd, Brookville, NY 11545",USD 1950000,7442 FTK,6,5.5
realestate_html/zillow-0958.html,"1917 Rock Crk S, Akron, OH 44333 | MLS #5114057 | Zillow","Rock Crk S, Akron, OH 44333",$,",071",1917,6
realestate_html/realtor-1558.html,"2909 Rainbow Rd, Jacksonville, FL 32217 [Updated 5/14]",17,USD 240000,1212 FTK,3,202
realestate_html/realtor-1426.html,"10 Circle Rdg, Lake Placid, FL 33852 [Updated 5/14]","10 Circle Rdg, Lake Placid, FL 33852",USD 35000,888 FTK,1,52
realestate_html/realtor-1380.html,"936 Zana Dr, Fort Myers, FL 33905 [Updated 5/14]","6 Zana Dr, Fort Myers, FL 33905",USD 60000,FTK,,0
realestate_html/propertyguru-1260.html,"Jalan Teluk Gadong, Old Klang Road",", Jalan Klang Lama (Old Klang Road), Kuala Lumpur","600,000","5,687",24,13
realestate_html/realestate-1902.html,"De Havilland Delight! 9 DE HAVILLAND DRIVE, ARALUEN","9 De Havilland Drive, Araluen, NT 0870","$ 595,000",805 m²,4,2
realestate_html/realestate-0756.html,"6 Marigold Court, Kingston, Tas 7050","6 Marigold Court, Kingston, Tas 7050","$ 830,000",144 m²,3,2
realestate_html/zillow-1827.html,For sale,1190,$,"1,696",03,102
realestate_html/rightmove-0150.html,", SW11","Pico House, Prospect Way, Battersea Power Station","200,000",Ask agent,3,13
realestate_html/propertyguru-1196.html,K @ 550SQFT】Cheras MRT Condo【Freehold Condo + Cash Back,"KLCC, KL City Centre, Kuala Lumpur",",000",550,2,1
realestate_html/realtor-0876.html,"540 Patrick Farms Dr, Pearl, MS 39208 [Updated 5/14]","540 Patrick Farms Dr, Pearl, MS 39",USD 319999,1925 FTK,4,20
realestate_html/realtor-0588.html,"11840 Juniette St, Culver City, CA 90230 [Updated 5/13]",0,USD 2400000,2244 FTK,5,23
realestate_html/rightmove-0200.html,", E16","Barrier Point Road, London","£ 475,000",Leasehold,2,12
realestate_html/propertyguru-0987.html,440 Yishun Avenue 11,440 Yishun Avenue 11,"478,000",84,3,2
realestate_html/realtor-0177.html,"54 Kreischer St, Staten Island, NY 10309 [Updated 5/14]","54 Kreischer St, Staten Island, NY 10309",USD 2999000,FTK,,
realestate_html/realtor-0280.html,"3496 Bay Front Dr, Baldwin, NY 11510 [Updated 5/13]","96 Bay Front Dr, Baldwin, NY 11510",USD 779000,2014 FTK,3,3
realestate_html/rightmove-0159.html,bedroom detached house for sale in,"Belsize Park, London, NW3","£ 15,950,000",Freehold,7,6
realestate_html/realestate-1163.html,Charming single level residence in picturesque garden setting. 1/,/,Please,m²,2,1
realestate_html/zillow-0761.html,"1150 War Eagle Dr N, Colorado Springs, CO 80919 | MLS #11489761 | Zillow","1150 War Eagle Dr N, Colorado Springs, CO 80919",$,"3,177",4,114
realestate_html/rightmove-1764.html,", CH","The Coach House, Kinnerton Lane, Chester","£ 1,000,000",Freehold,14,2
realestate_html/rightmove-1551.html,", NG12","Fowler Road, Edwalton, Nottinghamshire, NG12 4JS","0,000",Freehold,5,3
realestate_html/propertyguru-1615.html,The Astaka @ 1 Bukit Senyum,"1 1 Bukit Senyum, Jalan Terbau, Johor Bahru, Johor","3,000,000","2,",5,25
realestate_html/realtor-0840.html,"22152 Schoolcraft St, Canoga Park, CA 91303 [Updated 5/12]","52 Schoolcraft St, Canoga Park, CA 91303",USD 849950,1487 FTK,3,12
realestate_html/zillow-0151.html,"52 Olivia Way, Chesterfield, NJ 08515 | MLS #NJBL2083120 | Zillow","52 Olivia Way, Chesterfield, NJ 08515","$ 995,000","2,982",4,334
realestate_html/realestate-0381.html,/,/,Contact Agent,210 m²,2,193
realestate_html/zillow-1400.html,Under contract,"Hilltop Ter SE, Washington, DC 20019",$ 62,"2,",4,14
realestate_html/realestate-0131.html,"ALONSO CRESCENT, SCHOFIELDS","Alonso Crescent, Schofields, NSW",FOR SALE - CONTACT AGENT!,m²,04,2
realestate_html/propertyguru-1743.html,Parkland by the River,"Senibong, Permas Jaya, Johor","360,000",562,1,1
realestate_html/realestate-1291.html,"/418 ST KILDA ROAD, MELBOURNE","/418 St Kilda Road, Melbourne, Vic",Under Offer - JWC,Double-layered blinds throughout -European laundry -Secure video intercom -Bosch back to base alarm system -Two basement,3,2
realestate_html/realtor-1180.html,"676 Ackerman St, Louisville, MS 39339 [Updated 5/12]","676 Ackerman St, Louisville, MS 39339",USD 219000,1350 FTK,3,12
realestate_html/rightmove-0846.html,", YO23","Terry's Car Park Site, Bishopthorpe Road, York, York","198,000",Land for sale,,
realestate_html/propertyguru-2029.html,R&F Princess Cove,"Jalan Tanjung Puteri, Johor Bahru, Johor",000,47,1,0
realestate_html/rightmove-0345.html,", L","St. Michaels Road, Crosby, Liverpool",",000",Leasehold,5,2
realestate_html/zillow-0052.html,Active,52,"$ 599,000",--,3,13
realestate_html/realtor-1585.html,"Bailey Ln, Mexico Beach, FL 32456 [Updated 5/14]","Bailey Ln, Mexico Beach, FL 32456",USD 270000,FTK,3,2.5
realestate_html/zillow-0605.html,For sale,66,$,"2,010",113,14
realestate_html/zillow-2023.html,For sale,"(Undisclosed Address), Park City, UT 840","$ 32,000,000","14,850",46,10
realestate_html/zillow-1448.html,For sale,"33 Louise Ave, Encino, CA 91316",$ 8,",835",51,9
realestate_html/realestate-0442.html,"BURGOYNE STREET, HUNTLY","Burgoyne Street, Huntly, Vic 3551",$,"1,",34,12
realestate_html/propertyguru-1627.html,Twin Palm,"Bandar Sungai Long, Selangor",",000","3,",16,25
realestate_html/zillow-0962.html,For sale,"1928 East Iron STREET, Milwaukee, WI",$,"1,788",14,13
realestate_html/realestate-0769.html,"Lot 2, 330 Casuarina Drive, Rapid Creek, NT 0810","Lot 2, 330 Casuarina Drive, Rapid Creek, NT, 0810","$ 900,000",507.87 m²,,
realestate_html/rightmove-1558.html,", NG","Edwalton Lodge Close, Edwalton","0,000",Freehold,05,12
realestate_html/zillow-0879.html,"1582 W Briarwood Avenue, Littleton, CO 80120 | MLS #7425438 | Zillow","1582 W Briarwood Avenue, Littleton, CO 80120","$ 800,000","3,182",4,4
realestate_html/zillow-0602.html,For sale,5,$,"1,540",3,12
realestate_html/rightmove-1273.html,", B17","Knightlow Road, Harborne, Birmingham, B17 8QA","£ 775,000",Freehold,4,2
realestate_html/realestate-1777.html,"3302/327 La Trobe Street, Melbourne, Vic 3000",/,$,,2,1
realestate_html/propertyguru-0763.html,896B Woodlands Drive 50,896B Woodlands Dr 50,"699,988","1,",14,2
realestate_html/realestate-0425.html,"HOWQUA DRIVE, CAPEL SOUND",40,"$ 849,000",772 m²,3,1
realestate_html/realtor-2020.html,"828 Callihan Loop, Tontitown, AR 72762 [Updated 5/13]","828 Callihan Loop, Tontitown, AR 72762",USD 389900,2487 FTK,4,2
realestate_html/zillow-1139.html,Auction,"2818 E Villa Rita Dr, Phoenix, AZ 850",$,"1,770",4,23
realestate_html/realtor-1942.html,"4905 SW Wakanda St, Bentonville, AR 72713 [Updated 5/13]","4905 SW Wakanda St, Bentonville, AR 72713",USD 439000,2042 FTK,13,13
realestate_html/zillow-1769.html,For sale,"10305 Jims Trl, Rogers, AR","$ 189,900","1,",2,102
realestate_html/zillow-1609.html,For sale,46,$,",200",115,61
realestate_html/realtor-0886.html,"21480 Highway 603, Kiln, MS 39556 [Updated 5/14]","80 Highway 603, Kiln, MS 39556",USD 150000,1000 FTK,2,1.5
realestate_html/realtor-1227.html,"99 Duncan Rd, Inverness, MS 38753 [Updated 5/10]","99 Duncan Rd, Inverness, MS 38753",USD 725000,4234 FTK,4,3
realestate_html/propertyguru-0576.html,163B Punggol Central,B Punggol Central,"768,000","1,",163,2
realestate_html/realestate-0644.html,"CASUARINA STREET, KATHERINE","Casuarina Street, Katherine, NT 0850",9 000,506 m²,4,126
realestate_html/realestate-1464.html,"39 Broadwater Esplanade, Bilambil Heights, NSW 2486","39 Broadwater Esplanade, Bilambil Heights, NSW","$ 830,000",612 m²,3,
realestate_html/realtor-0706.html,"411 Mount Washington Dr, Los Angeles, CA 90065 [Updated 5/12]","411 Mount Washington Dr, Los Angeles, CA 90065",USD 1699000,1770 FTK,4,3
realestate_html/realtor-0485.html,"1209 S Grand Ave, San Pedro, CA 90731 [Updated 5/13]","9 S Grand Ave, San Pedro, CA 90731",USD 985000,2114 FTK,3,31
realestate_html/realestate-0535.html,"Great New Price 2/45 ALBRECHT DRIVE, LARAPINTA","/45 Albrecht Drive, Larapinta, NT 0875",$,9 m²,3,1
realestate_html/rightmove-0893.html,", DL8","Patrick Brompton Hall, Bedale, North Yorkshire",",000",Freehold,10,05
realestate_html/zillow-0975.html,For sale,25,$,"2,110",14,2003
realestate_html/zillow-1944.html,For sale,", Sylmar, CA 91","$ 649,000","1,620",3,3
realestate_html/rightmove-1523.html,", NG7","Park Drive, The Park","£ 783,500",Freehold,6,2
realestate_html/realestate-0455.html,"2903 Red Gum Pass Road, Kendenup, WA 6323","3 Red Gum Pass Road, Kendenup, WA 63","$ 1,499,000",.,40,23
realestate_html/rightmove-0596.html,bedroom detached house for sale in,"Chorlton Villas, Hardy Lane, Chorlton, Manchester, M21",",000",Ask agent,05,14
realestate_html/realtor-1467.html,"8204 Fan Palm Way, Kissimmee, FL 34747 [Updated 5/14]","8204 Fan Palm Way, Kissimmee, FL 34747",USD 414990,1664 FTK,3,2
realestate_html/realestate-1641.html,"Nestled in a coveted, serene location! 11 GIBSON COURT, KATHERINE","11 Gibson Court, Katherine, NT 0850",CONTACT AGENT,1 m²,3,23
realestate_html/zillow-0790.html,"1251 Wild Hawthorn Way, Reston, VA 20194 | MLS #VAFX2242976 | Zillow","1251 Wild Hawthorn Way, Reston, VA 2019",$,"2,68",3,4
realestate_html/realestate-0537.html,"705/70 Mary Street, Brisbane City, Qld 4000","705/70 Mary Street, Brisbane City, Qld 4000","$ 2,190.00",62 m²,43,2
realestate_html/rightmove-1372.html,", B17","Lonsdale Road, Harborne, Birmingham, B17 9RA","£ 650,000",Freehold,14,03
realestate_html/propertyguru-1969.html,Setia Tri,"Persiaran Kelicap, Bayan Lepas, Penang",",000","1,",3,129
realestate_html/realestate-1135.html,"3802/63 La Trobe Street, Melbourne, Vic 3000","/63 La Trobe Street, Melbourne, Vic 3000","$ 950,000",73 m²,2,1
realestate_html/realtor-1598.html,"3230 SW 194th Ter, Miramar, FL 33029 [Updated 5/14]","0 SW 194th Ter, Miramar, FL 33029",USD 999000,2650 FTK,4,29
realestate_html/propertyguru-2015.html,R&F Princess Cove Phase 2-Seine Region,", R & F Tanjung Puteri, Johor Bahru, Johor","598,000",47,1,1
realestate_html/rightmove-0471.html,", L","Melling Lane, Maghull","85,000",Freehold,16,3
realestate_html/rightmove-0087.html,", W1B","Portland Place, Marylebone, London, W1B, United Kingdom",",000",Leasehold,5,7
realestate_html/rightmove-1779.html,bedroom detached bungalow for sale in,"Cayley Promenade, LL28","£ 995,000",Freehold,04,3
realestate_html/propertyguru-1081.html,The Manor,"5 Persiaran Stonor, KLCC, KL City Centre, Kuala Lumpur","880,000","2,",238,4
realestate_html/realestate-0529.html,"BREWERY PLACE, WOOLNER",11/,"$ 550,000",m²,13,12
realestate_html/propertyguru-0227.html,SCHOOL⭐,Faber Terrace Grove West Coast Park Jubilee Sunset,"6,880,000","3,697",15,14
realestate_html/realtor-1320.html,for rent,"7676 Carlton Arms Blvd, Winter Haven, FL, 33884, USA",$ 912,"1,500 sqft",3,2.5
realestate_html/realestate-1359.html,"High-Rise Haven with Panoramic Views ADDRESS AVAILABLE ON REQUEST, MELBOURNE","Address available on request, Melbourne, Vic 3000",Contact,,1,1
realestate_html/realtor-1387.html,"1275 NW Eadie St, Lake City, FL 32055 [Updated 5/14]","5 NW Eadie St, Lake City, FL",USD 301900,1338 FTK,3,320
realestate_html/realestate-1617.html,-Bedroom CBD Apartment,/,"$ 470,000",,2,1
realestate_html/propertyguru-0652.html,Hazel Park Condo,21 Hazel Park Condo,"2,228,888","1,",3,3
realestate_html/realestate-0913.html,"Great opportunity for first home buyers, downsizers, or investors! 1/65 STODDART DRIVE, BAYVIEW","1/65 Stoddart Drive, Bayview, NT 08","$ 610,000",334 m²,3,12
realestate_html/realtor-1464.html,"113 Alan A Dale Dr, Niceville, FL 32578 [Updated 5/14]",78,USD 399000,1746 FTK,3,325
realestate_html/rightmove-1289.html,", B20","Butlers Courts Lane, BIRMINGHAM","£ 750,000",Freehold,6,04
realestate_html/realestate-1578.html,Experience Urban Elegance with Breathtaking Views,4914/,Auction,105 m²,2,
realestate_html/rightmove-0110.html,bedroom terraced house for sale in,"Herbert Crescent, London, SW1X","£ 17,900,000",8,5,15
realestate_html/propertyguru-0125.html,310C Punggol Walk,310C Punggol Walk,"568,888",1,3,2
realestate_html/rightmove-1725.html,", LL29","Colwyn Bay, Conwy",",000",Freehold,6,5
realestate_html/propertyguru-0039.html,Kandis Residence,Kandis Link,"1,000,000",797,3,2
realestate_html/realtor-1256.html,"23626 Hillview Rd, Saucier, MS 39574 [Updated 5/10]","Hillview Rd, Saucier, MS 39574",USD 159900,936 FTK,2,236
realestate_html/zillow-0403.html,New,"310 N Oak Ln, Dixon, IL 610",$,",",4,123
realestate_html/propertyguru-0735.html,Neptune Court,7 Marine Vista,",000","1,",14,127
realestate_html/propertyguru-1098.html,Sendayan fully extend double storey landed 20 x 80,"Taman Ara Sendayan, Bandar Sri Sendayan, Negeri Sembilan","9,000","2,",15,240
realestate_html/rightmove-1751.html,bedroom detached house for sale in,"Ffordd Y Pentre, Nercwys, Mold, Flintshire, CH7","£ 1,125,000",Freehold,04,3
realestate_html/rightmove-1762.html,", LL21","London Road, Corwen","£ 1,000,000",Freehold,4,23
realestate_html/realestate-0157.html,"5403/8 Adelaide Street, Brisbane City, Qld 4000","3/8 Adelaide Street, Brisbane City, Qld 4000","$ 3,400,000",173 m²,3,2
realestate_html/zillow-0927.html,For sale,9,$,"1,",03,1804
realestate_html/zillow-0319.html,For sale,7,$,"1,57",3,2
realestate_html/realtor-0538.html,"11337 Pearl St, Los Angeles, CA 90064 [Updated 5/13]","37 Pearl St, Los Angeles, CA 90064",USD 1790000,2430 FTK,4,13
realestate_html/realestate-0787.html,Character and Comfort! 6/,6/,$,m²,2,1
realestate_html/zillow-0569.html,For sale,"Sutton Dr, Pasadena, MD","$ 509,900",",139",14,2
realestate_html/propertyguru-1056.html,The Gateway Horizon Hills,"Jalan Ambang 1, Horizon Hills, Horizon Hills, Iskandar Puteri (Nusajaya), Johor","1,290,000","2,800",4,245
realestate_html/zillow-1772.html,For sale,225,"$ 250,000",",",3,1
realestate_html/realtor-0657.html,"1745 Selby Ave Apt 15, Los Angeles, CA 90024 [Updated 5/12]","1745 Selby Ave Apt 15, Los Angeles, CA 90024",USD 1149000,1235 FTK,2,12
realestate_html/propertyguru-1935.html,B FREEHOLD,"Kota Emerald, Rawang, Selangor",",000","1,800",14,3
realestate_html/realestate-1672.html,"7 Japonica Heights, Halls Head, WA 6210","7 Japonica Heights, Halls Head, WA 6210","$ 780,000",723 m²,15th,202
realestate_html/rightmove-0113.html,bedroom detached house for sale in,"Heath Drive, London, NW3","500,000",Freehold,7,7
realestate_html/propertyguru-1581.html,"【LAST 10unit】Best Invest| Linked LRT, 4 station to KLCC, fully furnished, ROI 10%","KL Eco City, Kuala Lumpur","450,000",860,3,12
realestate_html/zillow-0778.html,Active,"1212 Milan St, New Orleans, LA 70115","$ 1,235,000","3,",4,4
realestate_html/realestate-1609.html,+ Acres,"5 Miles Road, Batchelor, NT 0845",Offers Invited,.,3,1
realestate_html/propertyguru-1383.html,Damansara Seresta,"Persiaran Meranti, Bandar Sri Damansara, Selangor","9,999","1,",13,129
realestate_html/zillow-1042.html,For sale,232,"$ 10,000,000","10,014",5,46
realestate_html/propertyguru-0885.html,THE PALETTE,111 Pasir Ris Grove,"1,750,000","1,066",3,3
realestate_html/realestate-1993.html,"16/392 Little Collins Street, Melbourne, Vic 3000",16/,$ 1,m²,3,1883
realestate_html/realestate-1530.html,"2907/43 Herschel Street, Brisbane City, Qld 4000","7/43 Herschel Street, Brisbane City, Qld 4000","$ 565,000",Currently rented at $610 per week unfurnished on a periodic basis. Vacant possession available from 5th June 2025 -Renta,1,2
realestate_html/propertyguru-0507.html,The Draycott,50 Draycott Park,"5,993","2,637",3,134
realestate_html/propertyguru-1958.html,M Nova,"Kepong, Kuala Lumpur","314,000",700,2,2
realestate_html/realtor-0843.html,"3540 Willowcrest Ave, Studio City, CA 91604 [Updated 5/14]","0 Willowcrest Ave, Studio City, CA 91604",USD 2698000,2544 FTK,3,3
realestate_html/zillow-1426.html,New construction,"2 D St SE, Washington, DC 20019",$,"2,760",235,4
realestate_html/zillow-1297.html,Active,"N Alta Vista Ter, Chicago, IL 606","$ 700,000",",",123,13
realestate_html/zillow-1973.html,"20083 Southview Dr, Carlyle, IL 62231 | MLS #25035203 | Zillow",1,$,"2,805",3,3
realestate_html/zillow-0779.html,Active,121,"$ 399,900","3,150",4,14
realestate_html/realestate-1762.html,"53 Banambila Street, Aranda, ACT 2614",4,"$ 4,218.00",737 m²,53,1983
realestate_html/realtor-1773.html,"2004 Rosewood St, Pocahontas, AR 72455 [Updated 5/14]","Rosewood St, Pocahontas, AR 72455",USD 239900,2200 FTK,3,72
realestate_html/realtor-0799.html,"5400 Lindley Ave Unit 116, Encino, CA 91316 [Updated 5/12]","5400 Lindley Ave Unit 116, Encino, CA 91316",USD 575000,1364 FTK,3,12
realestate_html/realtor-1828.html,"1839 Fairway Dr, Mountain Home, AR 72653 [Updated 5/14]","1839 Fairway Dr, Mountain Home, AR 72653",USD 319900,2170 FTK,3,2
realestate_html/realtor-0440.html,"119 S Rampart Blvd, Los Angeles, CA 90057 [Updated 5/14]","119 S Rampart Blvd, Los Angeles, CA 90057",USD 2899000,5865 FTK,15,17
realestate_html/realestate-0997.html,"1308/297 Pirie Street, Adelaide, SA 5000",8/,All Offers Around $,m²,2,1
realestate_html/realestate-1222.html,"DICK WARD DRIVE, NIGHTCLIFF",6/,UNDER CONTRACT,,2,1
realestate_html/zillow-1831.html,"11945 Scott Rd, Freeland, MI 48623 | MLS #50176137 | Zillow",119,$,"1,908",4,13
realestate_html/realtor-1990.html,"814 Belle Rive Dr, Marion, AR 72364 [Updated 5/13]","814 Belle Rive Dr, Marion, AR 72364",USD 245000,1929 FTK,4,72
realestate_html/propertyguru-0429.html,Jalan Asas,Jalan Asas,"1,199,000",",",4,1946
realestate_html/zillow-1785.html,For sale,"10606 Williamswoods Dr, Independence, KY 41051",$,"1,547",3,3
realestate_html/zillow-0045.html,"7 Swan Ter, Wayne, NJ 07470 | MLS #3965841 | Zillow",0,"$ 758,000",--,4,34
realestate_html/zillow-0258.html,Pending,"Donald Dr, Richmond, KY 40475",$,"1,",13,2
realestate_html/realtor-1925.html,"Madison 295, Crosses, AR 72727 [Updated 5/13]","Madison 295, Crosses, AR 72727",USD 249900,FTK,2,27
realestate_html/realestate-1099.html,"3005/212 Margaret Street, Brisbane City, Qld 4000",5/,$ 630.00,70 m²,1,11
realestate_html/realestate-1573.html,"21 Sutton Terrace, Marleston, SA 5033","Sutton Terrace, Marleston, SA 5033",229 880,351 m²,1,10
realestate_html/zillow-1718.html,"9213 Washington Heights St, Houston, TX 77063 | MLS #48504107 | Zillow",92,$,"1,702",3,235
realestate_html/rightmove-1803.html,", LL",Barmouth,",000",Freehold,05,4
realestate_html/rightmove-0728.html,", M3",9BQ,"0,000",Freehold,05,2
realestate_html/realtor-0880.html,"Ms-43, Canton, MS 39046 [Updated 5/14]","Ms-43, Canton, MS 39046",USD 140000,FTK,,
realestate_html/realtor-1434.html,"Cypress Ave, Vernon, FL 32462 [Updated 5/14]","Cypress Ave, Vernon, FL 32462",USD 5000,FTK,,
realestate_html/zillow-0745.html,"1114 Niagara St, Houston, TX 77051 | MLS #59127943 | Zillow",111,$,"2,",25,4
realestate_html/zillow-0213.html,For sale,"102 Hidden Valley Rd, Bristol, TN",$,"2,576",14,130
realestate_html/zillow-0772.html,"1203 Rushmore Dr, Colorado Springs, CO 80910 | MLS #11495111 | Zillow","Rushmore Dr, Colorado Springs, CO 80910",$,"1,060",3,120
realestate_html/zillow-1972.html,For sale,6 SW,"$ 444,995","1,",139,102
realestate_html/realtor-1651.html,"5970 80th St N Unit 204, Saint Petersburg, FL 33709 [Updated 5/14]","5970 80th St N Unit 204, Saint Petersburg, FL 33709",USD 120000,1135 FTK,2,2
realestate_html/zillow-1771.html,For sale,9,$,"1,",103,02
realestate_html/realestate-1661.html,"7 George Street, Kyneton, Vic 3444",4,"$ 1,295,000",296 m²,5,3
realestate_html/rightmove-1681.html,bedroom country house for sale in,"Nant Y Gamar Road, Llandudno, LL30",",000",Freehold,5,04
realestate_html/zillow-1594.html,"7027 Shoshone Ave, Van Nuys, CA 91406 | MLS #SR25053969 | Zillow","7027 Shoshone Ave, Van Nuys, CA 91406","$ 969,000","2,199",3,283
realestate_html/zillow-1801.html,For sale,"11116 Liberty Rd, Owings Mills, MD 21117",$,"3,001",1951,4
realestate_html/realestate-0364.html,"9/75 Cullen Bay Crescent, Larrakeyah, NT 0820","9/75 Cullen Bay Crescent, Larrakeyah, NT 08","$ 1,750",296 m²,3,2
realestate_html/realestate-1191.html,"4504/222 Margaret Street, Brisbane City, Qld 4000","4/222 Margaret Street, Brisbane City, Qld 4000","$ 995,000",97 m²,2,120
realestate_html/rightmove-1093.html,", YO32","York Road, Haxby, York",",000",Freehold,5,5
realestate_html/zillow-0789.html,For sale,"1 Rockdale Ave, New Bedford, MA","$ 699,000","3,79",04,102
realestate_html/zillow-0669.html,Active,10,"$ 18,500,000",",400",6,47
realestate_html/realtor-1728.html,"4411 Stonebrook Dr, Jonesboro, AR 72404 [Updated 5/14]","4411 Stonebrook Dr, Jonesboro, AR 72404",USD 154800,1069 FTK,3,72
realestate_html/zillow-0574.html,For sale,0,"$ 419,900","1,417",3,129
realestate_html/rightmove-0847.html,", DL","Thorney Hall Estate, Spennithorne, Leyburn, North Yorkshire","£ 4,500,000",Freehold,6,6
realestate_html/rightmove-0053.html,", W2","Esca House, 34 Palace Court, Notting Hill","£ 20,000,000","16,460",,
realestate_html/propertyguru-0339.html,328 Ang Mo Kio Avenue 3,", Ang Mo Kio Avenue 3","448,000",786,3,2
realestate_html/realestate-0209.html,"2/102 Langshaw Street, New Farm, Qld 4005",/,"$ 4,751",87 m²,2,102
realestate_html/realestate-0125.html,"78/10 Thynne Street, Bruce, ACT 2617",7,"$ 385,000",123 m²,1,
realestate_html/realtor-0601.html,"1730 Sawtelle Blvd Apt 213, Los Angeles, CA 90025 [Updated 5/13]",", Los Angeles, CA 90025",USD 835000,957 FTK,2,2
realestate_html/realestate-0429.html,"Lot 30 Collins St, Hamilton Valley, NSW 2641",Lot,"$ 225,000",m,,
realestate_html/propertyguru-0830.html,The Hill @ One-North,15 Slim Barrack Rise,"1,871",3,3,02
realestate_html/zillow-1287.html,For sale,380,$ 1,",000",5,4
realestate_html/rightmove-0859.html,Land for sale in,"Land At Flamborough, Buckton, Bridlington, East Riding of Yorkshi, YO15","£ 3,850,000","17,096,864 sqft",,
realestate_html/realestate-0573.html,"22 Trigg Street, Blair Athol, SA 5084","Trigg Street, Blair Athol, SA 5084","$ 1,244.50",1 m²,2,141
realestate_html/realestate-1215.html,"BUSHLAND AVENUE, MOLLYMOOK BEACH",9,$,777.7 m²,3,14
realestate_html/propertyguru-0869.html,Corals at Keppel Bay,1 Keppel Bay Drive,"100,000",883,3,2
realestate_html/rightmove-1382.html,bedroom block of apartments for sale in,"Meadow Road, Beeston, NG9","£ 2,900,000",Freehold,21,15
realestate_html/realestate-1429.html,"56 Wallaby Holtze Road, Yarrawonga, NT 0830","56 Wallaby Holtze Road, Yarrawonga, NT, 0830",877 261,",800",,
realestate_html/realestate-0473.html,5/,5/,Under Contract,m²,1,1
realestate_html/realtor-1801.html,"1026 Cherry Hill Loop, Perryville, AR 72126 [Updated 5/14]",6,USD 950000,2400 FTK,3,12
realestate_html/realestate-0336.html,"D1&D2/22 South Terrace, Plympton Park, SA 5038","D1&D2/22 South Terrace, Plympton Park, SA 5038","$ 800,000",211 m²,4,270
realestate_html/realestate-1582.html,"Classic weatherboard cottage, superb location 42 GEORGE STREET, AVALON BEACH","42 George Street, Avalon Beach, NSW",$ 2,62,3,1
realestate_html/rightmove-1195.html,", B20","Handsworth Wood Road, Birmingham",",000",Freehold,7,3
realestate_html/rightmove-1526.html,bedroom detached house for sale in,"Lenton Avenue, The Park, NG7",",000",Freehold,05,2
realestate_html/realestate-0044.html,"165/6 Furzer Street, Phillip, ACT 2606","165/6 Furzer Street, Phillip, ACT","$ 590,000",86 m²,2,12th
realestate_html/realtor-0030.html,"1725 York Ave Apt 26E, New York, NY 10128 [Updated 5/14]","York Ave Apt 26E, New York, NY 101",USD 1395000,1350 FTK,2,28
realestate_html/rightmove-1037.html,", YO","Danby Head, Danby, Whitby","£ 1,850,000",Freehold,6,2
realestate_html/realestate-0159.html,"71 Bettington Circuit, Charnwood, ACT 2615",5,"$ 750,000",4 m²,4,14
realestate_html/realtor-1251.html,"1009 N Lamar Blvd Unit 203, Oxford, MS 38655 [Updated 5/12]","1009 N Lamar Blvd Unit 203, Oxford, MS 38655",USD 1495000,2197 FTK,3,12
realestate_html/rightmove-1821.html,bedroom detached house for sale in,"Llanelian, Conwy, LL","£ 900,000",Freehold,4,122
realestate_html/zillow-1071.html,For sale,120,"$ 289,900","2,",3,3
realestate_html/zillow-1239.html,For sale,211,"$ 789,000",",",145,03
realestate_html/propertyguru-1465.html,SALAK SELATAN SALAK SELATAN Salak South Salak South,"Kampung Baru Salak Selatan, Salak South, Kuala Lumpur","300,000",653,2,12
realestate_html/realestate-1541.html,"3 St Pauls Crescent, Joondalup, WA 6027","3 St Pauls Crescent, Joondalup, WA 6027","$ 919,000",153 m²,4,1
realestate_html/realtor-0022.html,"Pleasant Ave, Blossvale, NY 13308 [Updated 5/14]","Pleasant Ave, Blossvale, NY 13308",USD 39900,FTK,,0
realestate_html/realestate-0895.html,"3803/79 Albert Street, Brisbane City, Qld 4000","3803/79 Albert Street, Brisbane City, Qld 4000","$ 2,950,000",296 m²,225,2
realestate_html/realtor-0459.html,"18620 Hatteras St Unit 122, Tarzana, CA 91356 [Updated 5/13]",", Tarzana, CA 91356",USD 399900,910 FTK,2,2
realestate_html/propertyguru-0084.html,412 Choa Chu Kang Avenue 3,Choa Chu Kang Avenue,"650,000","1,",3,12
realestate_html/zillow-0201.html,For sale,780,$,"1,510",3,02
realestate_html/realtor-0035.html,"90 Stoneleigh Ct, Rochester, NY 14618 [Updated 5/14]","90 Stoneleigh Ct, Rochester, NY 14618",USD 795000,3000 FTK,4,4.5
realestate_html/rightmove-0853.html,", HG4","West End Farm, Galphay, HG4 3NJ","£ 4,000,000",Freehold,5,25
realestate_html/realestate-1007.html,"Stylish and Low Maintenance Living! 18 BERRIMA CRESCENT, WOLLERT",0,Stylish and Low Maintenance Living!,,45,2
realestate_html/realtor-0050.html,"3265 Tanaberry Cir, Macedon, NY 14502 [Updated 5/14]","5 Tanaberry Cir, Macedon, NY 14502",USD 449900,2005 FTK,4,145
realestate_html/rightmove-1457.html,bedroom detached house for sale in,"Main Road, Watnall, Nottingham, NG","£ 950,000",Freehold,16,24
realestate_html/realestate-0375.html,"79 Lyndoch Road, Gawler East, SA 5118","79 Lyndoch Road, Gawler East, SA 5118",$ 450,112 m²,2,2
realestate_html/zillow-1308.html,For sale,22,"$ 399,900",",296",4,1
realestate_html/rightmove-0619.html,bedroom detached house for sale in,"Sedgley Park Road, Prestwich, Manchester, M2","£ 1,100,000",FREEHOLD,4,5
realestate_html/propertyguru-0844.html,867 Woodlands Street 83,867 Woodlands Street,"925,000","1,668",14,3
realestate_html/realtor-1601.html,"7428 Thomas Dr, Panama City, FL 32408 [Updated 5/14]",74,USD 995000,2375 FTK,3,324
realestate_html/propertyguru-1758.html,Aurora Resort Villas,"Aurora Sentral, Puteri Harbour, Iskandar Puteri (Nusajaya), Johor",",000","2,833",5,25
realestate_html/propertyguru-0090.html,488D Choa Chu Kang Avenue 5,488D Choa Chu Kang Avenue 5,"5,000","1,001",3,2
realestate_html/realestate-0361.html,Affordable,"4/207 Churchill Avenue, Sandy Bay, Tas 7005","$ 599,000",m²,3,1
realestate_html/realtor-1948.html,"1609 Abraham Dr, Siloam Springs, AR 72761 [Updated 5/13]","1609 Abraham Dr, Siloam Springs, AR 72761",USD 300000,1512 FTK,4,72
realestate_html/zillow-0712.html,For sale,"1010 Ivy Ln, Waldorf, MD 20602",$,"1,780",3,3
realestate_html/realtor-0786.html,"1036 W 98th St, Los Angeles, CA 90044 [Updated 5/12]","6 W 98th St, Los Angeles, CA 90044",USD 800000,3633 FTK,8,12
realestate_html/rightmove-1573.html,", NG","Hallfields, Edwalton, Nottingham",",000",Freehold,05,12
realestate_html/propertyguru-1551.html,5 !!!】Free Furnished 0%downpayment Extra Rebate 30% @Mid Valley,"Taman Bukit Angkasa, Kampung Kerinchi (Bangsar South), Kuala Lumpur","688,000","1,115",4,12
realestate_html/rightmove-0375.html,", L6","Element The Quarter, Liverpool Knowledge Quarter","£ 80,000",Ask agent,1,1
realestate_html/propertyguru-1078.html,SO/ Kuala Lumpur Residences,", Jalan Ampang, Ampang, Kuala Lumpur","13,000,000",",039",274,15
realestate_html/rightmove-0849.html,House of multiple occupation for sale in,"Arden Mews, Halifax, West Yorkshire, HX1",",000",Ask agent,,
realestate_html/realestate-1463.html,"46 West Beach Road, West Beach, SA 5024","46 West Beach Road, West Beach, SA 5024","$ 1,500,000",418 m²,3,18
realestate_html/realtor-2050.html,"12 Gail Ct, Cabot, AR 72023 [Updated 5/13]","Gail Ct, Cabot, AR 720",USD 250000,1641 FTK,3,23
realestate_html/realestate-1670.html,"BOSANQUET BOULEVARD, CEDUNA WATERS","Bosanquet Boulevard, Ceduna Waters, SA 5690",5 USP,170 m²,14,2
realestate_html/propertyguru-1429.html,Goodfields Residence,", Bukit Mertajam, Penang","450,000","1,",3,12
realestate_html/realestate-0735.html,"Prime Corner Block, R",5,AUCTION |,488 m²,2,1
realestate_html/realtor-0814.html,"719 Alma Real Dr, Pacific Palisades, CA 90272 [Updated 5/11]","719 Alma Real Dr, Pacific Palisades, CA 90272",USD 3325000,FTK,,
realestate_html/propertyguru-1836.html,-Seine Region,"-086-A5, Mercu 1Jalan Tanjung Puteri 1, R & F Tanjung Puteri, Johor Bahru, Johor","758,000",802 sqft,2,2
realestate_html/zillow-1232.html,Pending,"1 SW 47th Ct, Topeka, KS 66610",$,"2,",14,136
realestate_html/realestate-1516.html,"208/1 Adonis Avenue, Rouse Hill, NSW 2155",/,Just Listed,m²,12,1
realestate_html/propertyguru-0855.html,BEAUTIFULLY PRESERVED CAIRNHILL CONSERVATION HOME,"Cairnhill, Emerald Hill, Saunders","800,000","2,",14,3
realestate_html/zillow-0298.html,For sale,06,"$ 550,000",",056",3,1
realestate_html/realestate-0567.html,"Affordability, Location and Lifestyle - What More Could You Ask For?","B Barossa Road, Glenorchy, Tas 70","$ 600,000",688 m²,23,1
realestate_html/zillow-1460.html,For sale,53,"$ 999,000",",",2,1
realestate_html/realtor-1212.html,"Fifteenth St, Bay Saint Louis, MS 39520 [Updated 5/11]","Fifteenth St, Bay Saint Louis, MS 39520",USD 90000,FTK,3,20
realestate_html/propertyguru-1385.html,Sunway SPK Damansara,"Jalan Daun Inai, Sunway Spk, Kuala Lumpur","2,299,999","2,798",5,25
realestate_html/zillow-0395.html,For sale,"306 Fairmont Ave, Williamstown, NJ 0809",$,",068",14,2
realestate_html/rightmove-0756.html,bedroom semi-detached house for sale in,0,",000",Freehold,04,2
realestate_html/zillow-0610.html,For sale,0,"$ 250,000","1,71",146,3
realestate_html/realtor-1428.html,"Miami, FL 33177 [Updated 5/14]","Miami, FL 33177","$ 1,295,000","3,385 sqft",5,4
realestate_html/realestate-1408.html,"28 Maxworthy Street, Kambah, ACT 2902","Maxworthy Street, Kambah, ACT","$ 780,000",4 m²,3,12
realestate_html/realestate-0578.html,"''The Lookout"" 1 ADAMS ROAD, DENMARK","1 Adams Road, Denmark, WA 6333","5,000",m²,04,2
realestate_html/rightmove-1812.html,", LL","Farmhouse with Barn Conversions, Corwen, Denbighshire, North Wales","£ 950,000",Freehold,04,2
realestate_html/propertyguru-1809.html,Amansiara,", Batu Caves, Selangor",",000","1,",3,1200
realestate_html/realtor-1760.html,"Gold Hill Rd, Atkins, AR 72823 [Updated 5/14]","Gold Hill Rd, Atkins, AR 72823",USD 35000,FTK,,23
realestate_html/propertyguru-1136.html,SO/ Kuala Lumpur Residences,", Jalan Ampang, Ampang, Kuala Lumpur","300,000",578,1,1
realestate_html/zillow-0751.html,Show for backups,"1121 E Sleepy Hollow Dr, Olathe, KS 66062","$ 395,000","3,",4,147
realestate_html/realtor-0240.html,"291 E Woodside Ave, East Patchogue, NY 11772 [Updated 5/14]","E Woodside Ave, East Patchogue, NY 11772",USD 679990,3192 FTK,6,4
realestate_html/zillow-0127.html,For sale,"Fletcher Ln, Littleton, MA 01460","$ 775,000",",",1740,12
realestate_html/realtor-2007.html,"185 Susie Ln, Mena, AR 71953 [Updated 5/13]","185 Susie Ln, Mena, AR 719",USD 200000,1464 FTK,53,1.5
realestate_html/propertyguru-1516.html,Gaya Gayas Gaya Gayas,"jalan sasa, Bandar Cemerlang, Ulu Tiram, Johor","1,230,000","2,000",5,25
realestate_html/realtor-0231.html,"E End Rd, Fishers Island, NY 06390 [Updated 5/14]","E End Rd, Fishers Island, NY 06390",USD 1500000,FTK,,
realestate_html/realestate-0288.html,"21 York Street, Oatlands, NSW 2117","York Street, O","$ 13,355","1,037 m²",,21
realestate_html/propertyguru-1012.html,561 Ang Mo Kio Avenue 10,561 Ang Mo Kio Avenue 10,",000",73,3,12
realestate_html/realtor-0425.html,"159 Araca Rd, Babylon, NY 11702 [Updated 5/14]","159 Araca Rd, Babylon, NY 11702",USD 850000,1396 FTK,2,1.5
realestate_html/rightmove-1878.html,bedroom detached house for sale in,"Yew Tree Close, St. Asaph, Denbighshire, LL17","£ 850,000",Freehold,4,3
realestate_html/zillow-1803.html,For sale,0,$,960,3,12
realestate_html/realestate-0602.html,"PATTERSON CRESCENT, LARAPINTA","Patterson Crescent, Larapinta, NT 0875",$,m²,2,1
realestate_html/zillow-0219.html,"104 Hampton Pl, Ridgewood, NJ 07450 | MLS #25017869 | Zillow",0,$ 1,--,250,3
realestate_html/realestate-0528.html,"Unit 319 & 420, 185 Morphett Street, Adelaide, SA 5000","& 420, 185 Morphett Street, Adelaide, SA 5000","$ 539,999",,2,
realestate_html/propertyguru-1216.html,Taman Mulia Legenda Suria,"Taman Mulia, Mantin, Negeri Sembilan","8,000","3,186",6,219
realestate_html/realestate-0435.html,"2106 Heathcote Redesdale Road, Redesdale, Vic 3444","6 Heathcote Redesdale Road, Redesdale, Vic 3444","$ 695,000",82 m²,2,2
realestate_html/realestate-0947.html,"2/51 Denham Street, Hawthorn, Vic 3122",/,"$ 480,000",69 m²,2,1
realestate_html/realtor-0367.html,"223 Southaven Ave, Medford, NY 11763 [Updated 5/14]","223 Southaven Ave, Medford, NY 11763",USD 659995,1400 FTK,3,2
realestate_html/zillow-1923.html,For sale,"11 Rana Ct, Houston, TX 77068",$,"3,176",05,14
realestate_html/realestate-1330.html,"LA TROBE STREET, MELBOURNE",4804/,"$ 1,850,000",111.9 m²,3,2
realestate_html/rightmove-2067.html,", SO16","Bassett, Southampton","9,950",Freehold,04,02
realestate_html/rightmove-1845.html,", LL58","Llangoed, Anglesey","£ 895,000",Freehold,6,3
realestate_html/realtor-1703.html,"12969 Helm Dr, Jacksonville, FL 32258 [Updated 5/14]",58,USD 695000,1964 FTK,3,202
realestate_html/realestate-1913.html,"Brand New Designer Home Offering Space, Light & Unmatched Quality 16A NEY STREET, MASCOT","16A Ney Street, Mascot, NSW 2020",Price on Request,,15,3
realestate_html/rightmove-1545.html,bedroom detached house for sale in,"Hills Road, Woodthorpe, Nottingham, Nottinghamshire, NG5","£ 750,000",Freehold,04,23
realestate_html/propertyguru-0632.html,The Aristo,Amber Road,",","1,44",3,2
realestate_html/zillow-1383.html,Pending,160,$,"1,",3,2
realestate_html/propertyguru-1966.html,18,"Presint 18, Putrajaya","1,930,000","3,800",35,4
realestate_html/propertyguru-0477.html,❤️ Newly renovated quiet bungalow subdivisable corner unbounded high ground plot,"Jln Lokam, Tai Keng Gdns, Upper Paya Lebar","11,180,000","7,491",15,6
realestate_html/realestate-1260.html,"151 Edmund Street, Beaconsfield, WA 6162","151 Edmund Street, Beaconsfield, WA 616","$ 1,347,000",113 m²,2,1928
realestate_html/realtor-1185.html,"Pecan Cir, Brandon, MS 39042 [Updated 5/11]","Pecan Cir, Brandon, MS 39042",USD 314900,1706 FTK,4,2
realestate_html/realtor-0808.html,"14804 Magnolia Blvd Unit 12, Sherman Oaks, CA 91403 [Updated 5/11]","14804 Magnolia Blvd Unit 12, Sherman Oaks, CA 91403",USD 695000,1614 FTK,3,2
realestate_html/realtor-0571.html,for rent,"17000 Burbank Blvd Apt 213, Los Angeles, CA, 91316, USA","$ 2,375",825 FTK,1,1700
realestate_html/realtor-1593.html,"1285 NW 102nd Blvd, Wildwood, FL 34785 [Updated 5/14]",5 NW,USD 1995375,1400 FTK,4,2.5
realestate_html/rightmove-1961.html,bedroom detached house for sale in,"Grange Road, Netley Abbey, SO31","£ 1,000,000",FREEHOLD,04,2
realestate_html/rightmove-1735.html,bedroom detached house for sale in,"Trefdraeth, Bodorgan, LL62","250,000",Freehold,7,1
realestate_html/zillow-1693.html,For sale,"8706 Sonora Trl, Louisville, KY",$,"2,",14,239
realestate_html/propertyguru-0664.html,Mayfair Modern,Rifle Range Road,"1,550,000",689,3,2
realestate_html/realtor-1755.html,"88 W Windsor Dr, Little Rock, AR 72209 [Updated 5/14]","88 W Windsor Dr, Little Rock, AR 72209",USD 89999,1029 FTK,3,20
realestate_html/zillow-0313.html,Auction,"198 Mill Creek Ln, Bardstown, KY 40004",$ 1,"2,966",3,1740
realestate_html/realtor-0742.html,"4598 Jessica Dr, Los Angeles, CA 90065 [Updated 5/12]","4598 Jessica Dr, Los Angeles, CA 90065",USD 1495000,1968 FTK,4,12
realestate_html/realestate-0498.html,"CASTLEREAGH HIGHWAY, MUDGEE","Lot 1, 312 Castlereagh Highway, Mudgee, NSW 2850",$,.,50,20
realestate_html/realtor-0214.html,"9609 Upper Edgar Rd, Little Valley, NY 14755 [Updated 5/14]","9609 Upper Edgar Rd, Little Valley, NY 14755",USD 249900,1568 FTK,2,147
realestate_html/zillow-1519.html,For sale,59,$,"1,44",03,2
realestate_html/propertyguru-0587.html,Sunbird Park,Sunbird Road,"6,390,000","2,",15,7
realestate_html/realtor-1012.html,"3006 Valley Rd, Meridian, MS 39307 [Updated 5/13]","6 Valley Rd, Meridian, MS 39307",USD 124900,1216 FTK,2,202
realestate_html/realestate-0443.html,"Rare Investment Opportunity 76 DEANMORE ROAD, SCARBOROUGH","76 Deanmore Road, Scarborough, WA 60",Expressions of Interest,",",8,01
realestate_html/realtor-1550.html,for rent,"2360 NW 56th Ave, Lauderhill, FL, 33313, USA","$ 1,425","1,129 sqft",3,2
realestate_html/propertyguru-0481.html,"⭐D10⭐ Renovated Detached, Modern Luxurious for Sale",Sixth,"12,400,000",",001",25,16
realestate_html/realtor-0229.html,"35-06 Leavitt St Unit 6C, Flushing, NY 11354 [Updated 5/14]","35-06 Leavitt St Unit 6C, Flushing, NY 11354",USD 678000,1120 FTK,2,2
realestate_html/rightmove-0635.html,", M21","Wilbraham Road, Chorlton","£ 995,000",Freehold,6,6
realestate_html/realestate-0146.html,"HALIFAX STREET, ADELAIDE",508/,"$ 940,000",m²,2,1
realestate_html/propertyguru-2035.html,R&F Princess Cove,"Jalan Tanjung Puteri, Johor Bahru, Johor","749,888",873,2,120
realestate_html/zillow-1624.html,For sale,"7511 Londres Dr, Houston, TX 7708",$,"1,",03,2
realestate_html/realtor-1329.html,"255 Lake Link Rd, Winter Haven, FL 33884 [Updated 5/14]","Lake Link Rd, Winter Haven, FL 33884",USD 650000,2627 FTK,4,3
realestate_html/realestate-1885.html,"test ADDRESS AVAILABLE ON REQUEST, WYCLIFFE WELL","Address available on request, Wycliffe Well, NT 086","$ 600,000",,2,1
realestate_html/realestate-0347.html,"3/6 Bellevue Terrace, West Perth, WA 6005","/6 Bellevue Terrace, West Perth, WA 6005","$ 1,912.55",191 m²,3,1980s
realestate_html/realtor-1216.html,"65 Silo Ln, Byhalia, MS 38611 [Updated 5/10]","65 Silo Ln, Byhalia, MS 38611",USD 292990,1774 FTK,4,11
realestate_html/propertyguru-0152.html,470B Upper Serangoon Crescent,470B Upper Serangoon Crescent,"799,888","1,",3,12
realestate_html/realtor-0926.html,"3007 Crescent Hill Dr, Laurel, MS 39440 [Updated 5/14]","7 Crescent Hill Dr, Laurel, MS 39440",USD 114900,2576 FTK,4,202
realestate_html/zillow-0402.html,For sale,", Milwaukee, WI","$ 434,900",",700",05,2
realestate_html/rightmove-0480.html,", L","1 The Cottage, Hollin House Green, Back Lane, Aughton. L","£ 675,000",Freehold,14,03
realestate_html/realestate-0284.html,"12/2-6 Margaret Street, Norwood, SA 5067","/2-6 Margaret Street, Norwood, SA 5067","$ 775,000",,3,2
realestate_html/realestate-0546.html,"B/174 FORREST PARADE, ROSEBERY","B/174 Forrest Parade, Rosebery, NT 08","$ 345,000",,1,12
realestate_html/realtor-1066.html,"3 Pemberton Cir, Greenwood, MS 38930 [Updated 5/12]","3 Pemberton Cir, Greenwood, MS 38930",USD 246500,2088 FTK,3,2
realestate_html/realestate-0276.html,"42 Phillips Road, Berri, SA 5343","42 Phillips Road, Berri, SA, 5343","$ 120,000",600 m²,,
realestate_html/rightmove-1578.html,", NG11","Main Road, Wilford","25,000",Freehold,271,03
realestate_html/realestate-1608.html,"BATHURST STREET, HOBART",226/,$,30 m²,1,1
realestate_html/rightmove-0312.html,", L1","11-15 Rodney Street, Liverpool, Liverpool, L1 9EF","£ 1,650,000",Freehold,27,
realestate_html/realtor-0418.html,"29 Indiana Ave, Long Beach, NY 11561 [Updated 5/14]","Indiana Ave, Long Beach, NY 11561",USD 1299000,1800 FTK,4,2.5
realestate_html/rightmove-1298.html,bedroom semi-detached house for sale in,"Ray Hall Lane, Birmingham, B43",",",Freehold,5,5
realestate_html/rightmove-2063.html,bedroom detached house for sale in,"Hawkers Close, Southampton, SO40","0,000",Freehold,15,2
realestate_html/propertyguru-1252.html,Kota Masai,", Masai, Johor",",000","1,990s",13,2
realestate_html/rightmove-1852.html,", LL","Ruthin, Denbighshire",",000",Freehold,15,03
realestate_html/zillow-1498.html,For sale,580,$,"1,90",1993,2
realestate_html/zillow-1697.html,"8795 Canary Cir, Colorado Springs, CO 80908 | MLS #8874110 | Zillow",879,$,",128",5,3
realestate_html/realestate-1749.html,"Conveniently Located, Low Maintenance Home with Views","Minno Street, Howrah, Tas 70","$ 595,000",346 m²,2,1
realestate_html/propertyguru-1346.html,Luminari,"Jalan Harbour Place Jalan Assumption, Butterworth, Penang","480,000",947,2,2
realestate_html/propertyguru-0345.html,328 Ang Mo Kio Avenue 3,", Ang Mo Kio Avenue 3","448,000",786,3,2
realestate_html/zillow-1005.html,For sale,"2139 Rivanna Way, Edmond, OK 730","$ 620,000","3,113",4,24
realestate_html/propertyguru-1848.html,Twin Tower,"Jalan Tengku Azizah, Bukit Chagar, Johor Bahru, Johor","1,300,000",88,2,2
realestate_html/realtor-0476.html,for rent,"726 S Wilton Pl, Los Angeles, CA, 90005, USA",$ 973,"1,731 sqft",1,1
realestate_html/propertyguru-1267.html,SO/ Kuala Lumpur Residences,"No 159, Jalan Ampang, Ampang, Kuala Lumpur","1,680,000",815,2,2
realestate_html/realestate-0012.html,"8 Sullivan Street, Raymond Terrace, NSW 2324",4,"$ 3,650","Kitchen has gas cooking, food pantry, island bench and plenty of cupboard space - The main bedroom has a modern ensuite,",4,12
realestate_html/rightmove-0771.html,bedroom semi-detached house for sale in,"Heaton Road, Heaton Moor, Stockport, SK","£ 700,000",Freehold,04,2
realestate_html/rightmove-1708.html,", LL31","Deganwy Quay, Deaganwy, Conwy",",000",Freehold,04,2
realestate_html/rightmove-0184.html,", SW1X","Montrose Place, Belgravia, London, SW1X, United Kingdom","000,000",Leasehold,5,4
realestate_html/zillow-0501.html,For sale,0,$,"1,550",3,129
realestate_html/realestate-0519.html,"2A Cross Terrace, Kurralta Park, SA 5037","2A Cross Terrace, Kurralta Park, SA 5037",229 880,270 m²,4,
realestate_html/propertyguru-1314.html,Taman Masital Phase 1,"Putatan, Penampang, Sabah","970,000",",152",4,4
realestate_html/realestate-1989.html,"64 Uplands Crescent, Melton South, Vic 3338","Uplands Crescent, Melton South, Vic 3338","$ 10,000",315 m²,2,2
realestate_html/rightmove-1356.html,bedroom house for sale in,"Stapylton Avenue, Harborne, Birmingham, B17","£ 675,000",Freehold,4,2
realestate_html/propertyguru-1759.html,Aurora Resort Villas,"Aurora Sentral, Puteri Harbour, Iskandar Puteri (Nusajaya), Johor","1,900,000","2,834",5,25
realestate_html/rightmove-1452.html,", NG8","Wollaton Road, Nottingham","£ 975,000",Freehold,6,2
realestate_html/rightmove-0956.html,bedroom detached house for sale in,"Church Lane, Hampsthwaite, Harrogate, North Yorkshire, HG3","£ 2,350,000",Freehold,6,240
realestate_html/zillow-0915.html,For sale,"1748 Galen St SE, Washington, DC 20020",$,"1,",3,138
realestate_html/realtor-0169.html,"1834 Midland Dr, East Meadow, NY 11554 [Updated 5/14]","1834 Midland Dr, East Meadow, NY 11554",USD 1049000,2347 FTK,5,4
realestate_html/rightmove-0936.html,", LS17","Wike Ridge Lane, Leeds, West Yorkshire","£ 2,500,000",Ask agent,6,6
realestate_html/rightmove-0778.html,",","Rawsthorne Avenue, Manchester","£ 699,950",Leasehold,2,1
realestate_html/propertyguru-1396.html,Rio Residence @ Bandar Puteri Puchong,"Bandar Puteri Puchong, Puchong, Selangor","500,000",5,2,2
realestate_html/realtor-1951.html,"1807 Sage Cir, Horseshoe Bend, AR 72512 [Updated 5/13]","1807 Sage Cir, Horseshoe Bend, AR 72512",USD 750,FTK,,
realestate_html/rightmove-1643.html,bedroom detached house for sale in,"Yew Close, Off Private Road, (Mapperley Park Conservation Area), NG5","£ 665,995",Freehold,4,3
realestate_html/propertyguru-1242.html,Kota Masai,", Masai, Johor",",000",832 sqft,13,2
realestate_html/realestate-0102.html,"/7 KATHERINE PLACE, MELBOURNE","/7 Katherine Place, Melbourne, Vic 3000",CONTACT AGENT,,2,1
realestate_html/rightmove-0554.html,bedroom penthouse for sale in,"Watson Street, Manchester, Greater Manchester,","250,000",Leasehold,3,3
realestate_html/realtor-1036.html,"6 Valley View Dr, Carriere, MS 39426 [Updated 5/14]","6 Valley View Dr, Carriere, MS 39426",USD 305000,1858 FTK,3,42
realestate_html/zillow-1919.html,For sale,"26 Campanile Ct, Baton Rouge, LA 70810","$ 1,026,000","3,61",14,234
realestate_html/realtor-0466.html,"6735 Yucca St Unit 404, Hollywood, CA 90028 [Updated 5/13]","6735 Yucca St Unit 404, Hollywood, CA 90028",USD 725000,1130 FTK,2,28
realestate_html/realtor-0467.html,"3511 Division St, Los Angeles, CA 90065 [Updated 5/13]","1 Division St, Los Angeles, CA 90065",USD 1350000,1363 FTK,3,2
realestate_html/realestate-1884.html,"4001/140 Alice Street, Brisbane City, Qld 4000","4001/140 Alice Street, Brisbane City, Qld 4000","$ 20,169",320 m²,,2
realestate_html/propertyguru-0796.html,Mont Botanik Residence,K Jalan Remaja,",000",775,3,12
realestate_html/zillow-1745.html,"9648 W Moonlight Dr, Boise, ID 83709 | MLS #98949187 | Zillow",709,$,"2,192",4,3
realestate_html/zillow-0521.html,Active,"517 E Poplar St, Olathe, KS 66061",$,"1,992",3,173
realestate_html/zillow-1875.html,Pending,"01 Fox Hollow Rdg, Oklahoma City, OK",$,"2,",3,04
realestate_html/zillow-0719.html,For sale,0,$,"1,065",131,102
realestate_html/propertyguru-0497.html,218 Bukit Batok Street 21,Bukit Batok Street,"8,000","1,518",13,2
realestate_html/rightmove-1837.html,", LL6","Llanfaelog, Ty Croes, LL6",",000",Freehold,5,03
realestate_html/rightmove-0781.html,",","Eversley Road, Didsbury Village",",000",Freehold,15,2
realestate_html/rightmove-0202.html,bedroom apartment for sale in,"Campden House, 29 Sheffield Terrace, Kensington, London, W8",",",Leasehold,05,4
realestate_html/realestate-1434.html,"12/11 Wakefield Street, Kent Town, SA 5067",/,Best Offer by,59 m²,2,1
realestate_html/propertyguru-1189.html,TRX Residences,"Jalan Tun Razak, KL City Centre, Kuala Lumpur","420,000",624,1,1
realestate_html/propertyguru-1113.html,Impression U,"29 Jalan U Thant, Ampang, Kuala Lumpur","6,000","1,",3,1632
realestate_html/realtor-1606.html,"16963 Pavilion Way, Delray Beach, FL 33446 [Updated 5/14]","16963 Pavilion Way, Delray Beach, FL 33446",USD 1599000,3057 FTK,3,3.5
realestate_html/realtor-1366.html,for rent,"4637 Deleon St, Fort Myers, FL, 33907, USA","$ 1,165","1,130 sqft",3,2
realestate_html/realtor-0949.html,"Players Cv Lot 139, Gautier, MS 39553 [Updated 5/13]","Players Cv Lot 139, Gautier, MS 39553",USD 29900,FTK,53,
realestate_html/zillow-1870.html,"13318 Stepping Stone Way, Louisville, KY 40299 | MLS #1687783 | Zillow","13318 Stepping Stone Way, Louisville, KY","$ 585,000","3,988",4,147
realestate_html/zillow-0124.html,For sale,"Dailey Dr, Hamilton, NJ 086","$ 450,000","1,47",113,2
realestate_html/realestate-1294.html,"178 Howards Road, Koppio, SA 5607","Howards Road, Koppio, SA 5607",UNDER CONTRACT,.2ha,3,1
realestate_html/zillow-1974.html,For sale,"20120 SW 133rd Ave, Miami, FL 33177","$ 1,850,000",",083",4,14
realestate_html/realtor-0441.html,"1232 E 84th Pl, Los Angeles, CA 90001 [Updated 5/14]","2 E 84th Pl, Los Angeles, CA 90001",USD 689000,1155 FTK,3,2
realestate_html/propertyguru-0326.html,171A Edgedale Plains,171A Edgedale Plains,"649,000","1,184",3,2
realestate_html/rightmove-1691.html,", LL13","Exceptional period home with separate annexe, tennis court and formal gardens.",",000",Freehold,5,5
realestate_html/realtor-0617.html,for rent,"336 N Ogden Dr, Los Angeles, CA, 90036, USA","$ 3,250",1200 FTK,2,1
realestate_html/realtor-0071.html,"201 E 21st St Apt 7A, Manhattan, NY 10010 [Updated 5/14]","E 21st St Apt 7A, Manhattan, NY 10010",USD 775000,FTK,1,10
realestate_html/realestate-1036.html,"25/4 Crawley Avenue, Crawley, WA 6009",/,Contact Agent,360 m²,4,2
realestate_html/zillow-0467.html,For sale,", Union City, NJ 07087",$ 68,-,10,2500
realestate_html/zillow-0764.html,"1158 N Kenmore Ave, Los Angeles, CA 90029 | MLS #25543993 | Zillow","1158 N Kenmore Ave, Los Angeles, CA 90029","$ 1,499,000","3,850",12,6
realestate_html/realestate-1605.html,"16D/16 Hurtle Square, Adelaide, SA 5000","16D/16 Hurtle Square, Adelaide, SA 5000",Best Offers By Wednesday 4th of June,Two private balconies with park views - Secure lockup double carparks - Prime city location opposite a park Read more Pr,3,2
realestate_html/rightmove-0240.html,bedroom terraced house for sale in,"Kensington Gate, London, W","£ 13,500,000",Freehold,1850s,6
realestate_html/realtor-0765.html,"6429 Creemore Ln, Tujunga, CA 91042 [Updated 5/13]","6429 Creemore Ln, Tujunga, CA 91042",USD 1138000,1411 FTK,3,42
realestate_html/rightmove-1697.html,", LL18","Ffordd Teilia, Gwaenysgor, Flintshire LL18 6EQ","9,000",Freehold,4,4
realestate_html/propertyguru-0725.html,780E Woodlands Crescent,780E Woodlands Crescent,"590,000",990,3,112
realestate_html/realtor-1107.html,"Turner St, Waynesboro, MS 39367 [Updated 5/13]","Turner St, Waynesboro, MS 39367",USD 30000,FTK,,
realestate_html/rightmove-0022.html,bedroom detached house for sale in,"Park Place Villas, Little Venice, London, W9","000,000",Freehold,74,5
realestate_html/realtor-1864.html,"Phillips Cemetary Ln, Bentonville, AR 72713 [Updated 5/13]","Phillips Cemetary Ln, Bentonville, AR 72713",USD 1035000,FTK,,
realestate_html/realtor-1897.html,"Of Block 2 Bluff Unit 301 Ln Lots 4 & 5, Holiday Island, AR 72631 [Updated 5/13]","Of Block 2 Bluff Unit 301 Ln Lots 4 & 5, Holiday Island, AR 72631",USD 42000,FTK,,
realestate_html/realestate-0854.html,"73 Norman Street, Innaloo, WA 6018","73 Norman Street, Innaloo, WA 6018","$ 2,477.85",195 m²,4,
realestate_html/realtor-0689.html,"3146 Hutton Dr, Beverly Hills, CA 90210 [Updated 5/12]",0,USD 2995000,3035 FTK,3,21
realestate_html/propertyguru-1261.html,Bukit Sungai Long 1,"Jalan Bukit Sungai Long 1/3, Bandar Sungai Long, Selangor",",000","2,780",245,24
realestate_html/rightmove-1345.html,bedroom link detached house for sale in,"Greville Drive, Birmingham, B1","£ 680,000",Freehold,15,13
realestate_html/realestate-1646.html,"WAKE UP TO OCEAN & CITY VIEWS 81/8 GARDINER STREET, DARWIN CITY","81/8 Gardiner Street, Darwin City, NT 0800","$ 849,000","Two secure car parks - Iconic and well-maintained apartment complex, with pool - Units individually metered for gas and",3,2
realestate_html/realestate-0231.html,"304/113 Grand Boulevard, Joondalup, WA 6027","/113 Grand Boulevard, Joondalup, WA 6027","$ 800,000",91 m²,3,2020
realestate_html/realestate-0688.html,"8 Esplanade, Lindisfarne, Tas 7015","8 Esplanade, Lindisfarne, Tas 7015","$ 1,850,000",378 m²,5,
realestate_html/propertyguru-0069.html,Costa Del Sol,72 Bayshore Road,"200,000","1,",14,3
realestate_html/realtor-1927.html,"2107 Turnberry Ln, Horseshoe Bend, AR 72512 [Updated 5/13]","7 Turnberry Ln, Horseshoe Bend, AR 72512",USD 750,FTK,,
