filename,name,rating,category,developer,os
aptoide-0745,Run Ball Game,5.0,Arcade,Run Ball Game,2.3 - 2.3.2+
apkpure-0756,Sculpt+,8.7,Free Art & Design,Endvoid,Android 5.1+
aptoide-1656,Video Downloader for Facebook bouzaroiata jalal Official 2.3.3 - 2.3.7+,4.5,Social,Video Downloader for Facebook,2.3.3 - 2.3.7+
appagg-0669,"Yandex Music, Books & Podcasts",,Music & Audio,Direct Cursus Computer Systems Trading LLC (68),Android Apps
aptoide-0435,Dream League Soccer,4.5,Sports Games,Dream League Soccer,4.4 - 4.4.4+
apkpure-0101,Weather,10.0,Free Weather,Google LLC,
cnet-2196,Tor Browser for Mac,User Rating | User Rating | User Reviews,Security Software,The Tor Project,Mac
apkpure-1458,Blur Photo,,Free Art & Design,TAPUNIVERSE,6.0
appbrain-1349,AR Drawing: Anime Sketch,4.83,Art & Design,3.1,Android Apps
appbrain-0828,Islomiy kitoblar,5.00,Books & Reference,MUSLIM APPS,Android Apps
cnet-2220,Avira Free Antivirus for Mac,User Rating | User Rating | User Reviews,Security Software,Avira,Mac
cnet-0019,Chaturbate Live,User Rating | User Rating,Communications,Live Cam Chats,Android
aptoide-1521,General Knowledge Quiz WalkMe Mobile Solutions Trusted 7.1+,4.1,Trivia >,General Knowledge Quiz,7.1+
cnet-1219,Vudu - Movies & TV for iOS,User Rating | User Rating,Entertainment Software,VUDU,iOS
appagg-0173,µTorrent®- Torrent Downloader,5,Video Players & Editors,"Rainberry, Inc.",Android Apps
aptoide-0084,Fire Free Battleground Squad Fire Game,1.0,Action,Fire Free Battleground Squad Fire Game,4.3.x+
appbrain-0986,Azerbaijan Wallpapers,4.96,Entertainment,Coreup Apps,Android Apps
cnet-0145,How To Get Call History of Any Number :Call Detail for Android,User Rating | User Rating,Reference Software,Fast Forward Apps,Android
apkpure-1142,NHK Plus,,Free Entertainment,NHK (JAPAN BROADCASTING CORP.),Android 5.0+
cnet-0954,Virtual Backup 32,User Rating,Utilities & Tools,APKFlash Uploader,Android
apkpure-1491,Widgetable Besties & Couples,7.7,Free Social,Happeny Technology Pte. Ltd.,Android 9.0+
aptoide-1612,Fast Lite for Facebook z Official 4.1.x+,4.5,Social,Fast Lite for Facebook,4.1.x+
appbrain-0510,Major Militia - War Mayhem,4.81,Action,Rendered Ideas,Android Apps
apkpure-0927,BYD AUTO,10.0,Free Auto & Vehicles,BYD Auto Industry Company Limited,Android 6.0+
aptoide-0351,Wallpapers For FF HD- Free Fire wallpaper Satria Tama Official 4.1.x+,2.3,Adventure,Free Fire wallpaper,4.1.x+
aptoide-1524,Vulnerable Вalls Vtim Games Official 4.1.x+,-,Brain & Puzzle >,Vulnerable Вalls,4.1.x+
appagg-0749,Top Eleven Be a Soccer Manager,5,Sports,Nordeus,Android Games
aptoide-1812,APUS Browser-Private & Fast APUS Browser Dev Team Official 5.1+,4.1,Personalization,APUS Browser-Private & Fast,5.1+
appagg-0769,Plants vs. Zombies™,5,Strategy,Electronic Arts,Android Apps
cnet-2028,Bank2OFX for Mac,User Rating | User Rating,Productivity Software,ProperSoft,Mac
appbrain-1168,Paris ci la Sortie du Métro,5.00,Maps & Navigation,P UNG,Android Apps
aptoide-0571,T20 Cricket Champions 3D Zapak Trusted 7.0+,4.1,Sports Games,T20 Cricket Champions 3D,7.0+
appbrain-1661,Shortcut Run 2 - Fun Race,5.00,Racing,Astralwire Studio,Android Apps
cnet-0761,Surfshark VPN for Android,User Rating | User Rating,Security Software,Surfshark,Android
apkpure-0346,XENO BALL,,Free Arcade Game,Fofudo Games,Android 5.1+
appbrain-0321,제2의 나라: Cross Worlds,5.00,Role Playing,Netmarble,Android Apps
apkpure-0967,Umisonia,,Free Action Game,Zhinestark,Android 5.0+
apkpure-1732,SPX Express Delivery Service,,Free Business,SPX EXPRESS COMPANY LIMITED,Android 6.0+
apkpure-0533,EA-Club,,Free House & Home,Tomaso Facility Solutions Pvt. Ltd.,Android 6.0+
apkpure-1157,getconnected SG: Parenting,,Free Parenting,Connected Media Pte Ltd,Android 8.0+
appagg-1799,Time Break Chronicles,9.74,Other,"Warrior General Games, LLC",Steam Games
apkpure-1084,Yahoo Weather,9.2,Free Weather,Yahoo,Android 7.0+
appbrain-1045,Core by Chloe Ting,4.97,Health & Fitness,Chloe Ting,Android Apps
apkpure-0483,Knives Out,8.2,Free Adventure Game,NetEase Games,Android 5.0+
appagg-0996,Star Wars™: Galaxy of Heroes,5,Role Playing,Electronic Arts,Android Apps
aptoide-2366,MEXC-Buy & Sell Bitcoin MEXC Official 7.0+,4.1,Finance,MEXC-Buy & Sell Bitcoin,7.0+
appagg-0476,Google Classroom,,Education,Google LLC,Android Apps
appbrain-0394,Black Mask,5.00,Action,KINGDM,Android Apps
aptoide-2305,PDF Scanner Pro bhagattv@gmail.com Official 2.1+,-,Business,PDF Scanner Pro,2.1+
cnet-0117,Telugu Bible Plus for Android,User Rating | User Rating,Reference Software,Bible India,Android
appbrain-0941,Jinvani Channel,5.00,Entertainment,1.1,Android Apps
apkpure-1617,Constitution of United States,,Free Books & Reference,T3Pixel LTD,Android 6.0+
cnet-1228,Offline Music - Converter Mp3,User Rating | User Rating,Entertainment Software,Georgy Goncharov,iOS
appagg-0756,Garena Liên Quân Mobile,5,Action,Garena Mobile Private,Android Games
apkpure-0251,DhanaYogam Lottery Result,,Free Events,R K Tech Apps,Android 6.0+
appagg-1338,Tic Tac Toe Glow: 2 Players,3,Casual,Arclite Systems,Android Games
appbrain-0473,Monster Archer 3D: Ogre Hunter,4.84,Action,1.0.11,Android Apps
cnet-2146,Icons8 Pichon,User Rating | User Rating,Screensavers & Wallpaper,Icons8,Mac
appagg-0331,Hilton Honors: Book Hotels,,Travel,Developer: Hilton Worldwide Holdings Inc. (1),iOS Apps
cnet-0964,LEGO MINDSTORMS Commander APK for Android,User Rating | User Rating,Utilities & Tools,LEGO System AS,Android
appbrain-1163,FLEX Carsharing,5.00,Maps & Navigation,CFL Mobility SA,Android Apps
aptoide-0204,Atrasis - CoC Private Server Atrasis Official 4.1.x+,3.8,Strategy,Atrasis - CoC Private Server,4.1.x+
appagg-2060,Zero Caliber VR,,Action & Adventure,XREAL Games,Steam Games
aptoide-1539,XO Advanced Lite,-,Brain & Puzzle >,XO Advanced Lite,1.6+
aptoide-1465,Fruit Team Vtim Games Official 4.2.x+,-,Brain & Puzzle >,Fruit Team,4.2.x+
appagg-1411,PMMG 2026 (CONCURSO),,Education,Brothers Caveiras,Android Apps
appagg-2058,Hentai: Memory leak,,Classics,Crew Lab,Steam Games
aptoide-0245,Riot Mobile,4.3,Strategy,Riot Mobile,10+
appagg-0929,Zombie Catchers : Hunt & sell,5,Action,Deca Games,Android Games
appbrain-1279,Hexaflexagons,4.96,Art & Design,3.3.0,Android Apps
aptoide-0968,Craft World - Master Block 3D Master Craft Game 3D Trusted 7.0+,4.7,Simulation,Craft World - Master Block 3D,7.0+
apkpure-1511,Gboard the Google Keyboard,8.6,Handwriting*,Google LLC,Android 8.0+
appbrain-0537,The Conjuring Coffin,5.00,Adventure,The Conjuring Coffin,Android Apps
appagg-2067,Daymare: 1998,,Action & Adventure,Destructive Creations,macOS Games
cnet-0495,Dialer Vault-AppHider,User Rating | User Rating,Social Networking Software,Hide Apps (NO ROOT),Android
appagg-1666,Tennis Elbow 4,,Other,Mana Games,Windows Games
cnet-1808,Homicipher for Mac,User Rating | User Rating,Games,Homicipher,Mac
appagg-0194,Uber - Driver: Drive & Deliver,5,Business,"Uber Technologies, Inc.",Android Apps
apkpure-1650,Good News Bible,,Free Books & Reference,petraapps,Android 6.0+
appbrain-0326,Liraka - Para Kazan,5.00,Business,Liraka Web Ltd.,Android Apps
appagg-1464,Legacy of Kain™ Soul Reaver 1&2 Remastered,4.6,Action & Adventure,Aspyr,Windows Games
aptoide-1737,Skype,4.3,Communication >,Skype,8.1.0+
apkpure-1891,Color Match,7.4,Free Casual Game,Supersonic Studios LTD,Android 6.0+
appbrain-1820,Vasavi Clubs International,5.00,Social,Vasavi Clubs International 14 9X IT SOLUTIONS,Android Apps
appagg-0248,"WEBTOON: Manga, Comics, Manhwa",5,Comics,NAVER WEBTOON,Android Apps
appagg-0829,Tiles Hop EDM Rush Music Game,,Music,Amanotes Pte. Ltd.,Android Games
aptoide-0142,Kung Fu GYM Fighting Games Next Hope Trusted 6.0+,-,Action,Kung Fu GYM,6.0+
cnet-0720,X-VPN - Free Unlimited VPN Proxy,User Rating | User Rating,Security Software,Free Connected,Android
cnet-1867,Kerbal Space Program,User Rating | User Rating,Simulation,Squad,Mac
appagg-0804,1945 Air Force: Airplane Games,,Arcade,1SOFT,Android Games
aptoide-2177,TV Online - Watch series & Live TV Omega Media Streaming Official 4.4 - 4.4.4+,5.0,Entertainment,TV Online - Watch series & Live TV,4.4 - 4.4.4+
appbrain-0369,虹色カノジョ２d,5.00,Simulation,1.1.91,Android Apps
cnet-0136,Video Star APK for Android,User Rating | User Rating,Multimedia,Dashuai,Android
apkpure-1691,moers festival,,Free Events,moers festival,Android 7.0+
appbrain-0414,Aaaaah,5.00,Action,RucKyGAMES,Android Apps
apkpure-1904,BlackBuck,,Free Auto & Vehicles,BlackBuck,Android 7.0+
apkpure-1905,Careem Captain,6.6,Free Business,Careem,Android 6.0+
aptoide-1201,Hi Poker 3D Texas Holdem,5.0,Casino,Hi Poker 3D,5.1+
appbrain-0602,Shiloh & Bros Impostor Chase,4.84,Adventure,RHEI,Android Apps
appbrain-1993,Tricktionary,5.00,Sports,Tricktionary GmbH,Android Apps
apkpure-0149,65x24 Film Camera,10.0,Photo Import & Editing,UAUA Apps,Android 12.0+
aptoide-2338,اربح اول دولار mohammed baranci Official 4.1.x+,5.0,Business,اربح اول دولار,4.1.x+
cnet-0027,Messenger Text and Video Chat for Free APK for Android,User Rating | User Rating,Communications,Facebook,Android
appagg-0685,Photo Collage Maker & Editor,"Points: 10 + 4,499,935 ¡",Photography,Firehawk,Android Apps
apkpure-1406,Dictators : No Peace,9.1,Games,RPN Indie Developer,Android 5.1+
aptoide-0911,BestCraft Survival Exploration,4.2,Simulation,BestCraft Survival Exploration,4.2.x+
cnet-1610,KakaoTalk for Mac,User Rating | User Rating,Communications,By Kakao Corp.,Mac
apkpure-1237,Skin Bliss Skincare Routines,10.0,Free Beauty,skinbliss,Android 7.0+
aptoide-0017,Free Fire Advance 111dots Studio Trusted 6.0+,5.0,Action,Free Fire Advance,6.0+
appbrain-1597,Collage Maker - Photo Collage,4.86,Photography,Fillog Studio,Android Apps
appbrain-0840,Bhakti Bodh (Hindi),5.00,Books & Reference,Bhakti Bodh (Hindi),Android Apps
aptoide-0540,FUT 18 PACK OPENER,10,Sports Games,Smart CUBE,4.0.3 - 4.0.4+
aptoide-1358,Rock Out!,-,Music,Rock Out!,6.0+
cnet-2289,AnyGo for Mac,User Rating,Maps,iToolab,Mac
aptoide-0358,Super Adventure - Jungle World 2020,3.7,Adventure,Super Adventure - Jungle World 2020,4.1.x+
appagg-1307,Tower of Saviors,5,Puzzle,Mad Head Limited,Android Games
aptoide-1592,"Whats Tools For Watsapp-Status Saver,Instant Chat",3.5,Social,"Whats Tools For Watsapp-Status Saver,Instant Chat",4.1.x+
appbrain-0334,EMP,5.00,Shopping,EMP / LARGE,Android Apps
aptoide-1628,Whats Web For Whatsapp Web Scan,5.0,Social,Status Saver,4.2.x+
apkpure-0668,Sweet Beauty & Camera Sticker,,Free Art & Design,Maximum Creative,Android 7.0+
appbrain-0883,Satta King Live Result,5.00,Entertainment,SATTA-KING,Android Apps
apkpure-0554,Geometry Dash SubZero,9.1,Free Arcade Game,RobTop Games,Android 5.0+
aptoide-0326,The Amazing Spiderman FlahsCheats,3.2,Adventure,The Amazing Spiderman FlahsCheats,4.0.3 - 4.0.4+
aptoide-0988,سريع الشاحنات محاكاة - مغامرات الطرق الجبلية,5.0,Simulation,سريع الشاحنات محاكاة - مغامرات الطرق الجبلية,2.3 - 2.3.2+
apkpure-1350,Fortress Frontlines,,Games,Sandsoft Games,Android 7.0+
appbrain-1796,Swadeshi - Indian Brands and P,5.00,Social,BitYantra Innovations,Android Apps
appagg-1430,ForestLine Green - Icon Pack,5.0,Personalization,Panoto Gomo,Android Apps
appagg-1611,Roll The Cat,,Other,LeJunesArt,Steam Games
cnet-1420,TextNow for iPhone for iOS,User Rating | User Rating,Social Networking Software,Enflick,iOS
aptoide-0778,Roro Craft,-,Arcade,Vegas Mini Craft & Building Craftsman,4.1.x+
aptoide-2362,PayPal Mobile Trusted 7.0+,4.3,Finance,PayPal,7.0+
aptoide-1202,3D麻雀 GAMEDESIGN Trusted 2.2.x+,-,Casino,3D麻雀,2.2.x+
cnet-1937,Bitcoin sCrypt for Mac,User Rating | User Rating,Internet Software,Bitcoin sCrypt,Mac
appbrain-0596,GenEi AP: Empty Heart,4.87,Adventure,room6,Android Apps
appbrain-1582,Photo Editor & Collage Maker,4.88,Photography,Photo Editor & Collage Maker,Android Apps
aptoide-2331,Mattermost Trusted 7.1+,-,Business,Mattermost,7.1+
aptoide-1305,Tiles Hop EDM Rush Music Game,4.4,Music,Tiles Hop EDM Rush Music Game,7.1+
aptoide-0390,Amazing Spider Fight Hero Power man,3.1,Adventure,Dker2020,4.1.x+
aptoide-1482,Bubble Shoot Balls Vtim Games Official 4.2.x+,4.0,Brain & Puzzle >,Bubble Shoot Balls,4.2.x+
aptoide-1730,Telegram Trusted 4.4 - 4.4.4+,5.0,Communication >,Telegram,4.4 - 4.4.4+
cnet-1321,Delta Force,User Rating | User Rating,Action Games,PROXIMA BETA PTE.LIMITED,iOS
cnet-0881,RV Parky,User Rating | User Rating,City Guides,RV Parky,Android
appbrain-1834,Rehras Sahib,4.92,Social,1.0008,Android Apps
appagg-1959,Prison Forever,,Action & Adventure,Revmatek,Steam Games
appagg-0081,Opera Mini: Fast Web Browser,5,Communication,Opera,Android Apps
appbrain-1518,Lovely Romantic Photo Frames,5.00,Photography,RamkumarApps,Android Apps
apkpure-1766,Kwai Short Video Community,9.1,Free Video Players & Editors,Joyo Technology Pte Ltd,Android 5.0+
aptoide-0829,Springy Wheels,-,Arcade,Springy Wheels,5.1+
appagg-1244,My Hot Pot Story,,Simulation,"CHENGDU MINUS SEVEN DEGREES TECHNOLOGY CO., LTD (3)",Android Games
appbrain-0415,Flying Bird 3D: Dear Birdie,5.00,Action,Squarium Softworks,Android Apps
cnet-0698,3D Earth Live Wallpaper PRO HD APK for Android,User Rating | User Rating,Screensavers & Wallpaper,Live Wallpaper HD 3D,Android
apkpure-2069,Night Shift Blue light filter,9.3,Free Health & Fitness,Better Life - Health Apps,Android 5.0+
appbrain-0252,Lock Screen Magazine,3.74,Tools,Lock Screen Magazine,Android Apps
cnet-0628,Fiction KWGT for Android,User Rating | User Rating,Screensavers & Wallpaper,RajArya,Android
apkpure-1113,Likee - Short Video Community,7.7,Free Social,Likeme Pte. Ltd.,Android 5.0+
aptoide-2318,GULFWalkin.com,-,Business,GULFWalkin.com,4.0.1 - 4.0.2+
appbrain-1504,Blur Photo Auto - Blur Image,5.00,Photography,TextSoft.Studio,Android Apps
cnet-1192,English Spanish Dictionary Unabridged for iOS,User Rating | User Rating,Reference Software,Word Magic Software,iOS
aptoide-1317,WOW FM - Radios & Podcasts Shalltry Group Trusted 9+,-,Music,WOW FM - Radios & Podcasts,9+
appagg-1180,Snake.io - Fun Snake .io Games,,Action,Kooapps Games,Android Games
aptoide-0800,Sky Whale,4.4,Arcade,Sky Whale Nickelodeon Trusted,4.1.x+
cnet-0381,Adventure of Brothers Penguins .,User Rating | User Rating,Adventure Games,Penguin Gundum brothers.,Android
apkpure-0033,Aspire AI Video Generator,,Free Social,TFL Signature Apps,Android 6.0+
appagg-0714,Shadow Fight 2,5,Action,NEKKI,Android Games
aptoide-2307,DoorDash - Driver DoorDash Trusted 10+,5.0,Business,DoorDash - Driver,10+
cnet-0702,Snap VPN - Unlimited Free & Super Fast VPN Proxy,User Rating | User Rating,Security Software,"By ALL Connected Co.,Ltd.",Android
cnet-1412,Spotafriend - Teen Meeting to Make New Friends,User Rating | User Rating,Social Networking Software,Tagz.com,iOS
aptoide-2148,Blox Coins Coins4Games Official 7.0+,4.7,Entertainment,Blox Coins,7.0+
appbrain-1283,How to draw genshin weapons,5.00,Art & Design,Udenity,Android Apps
aptoide-1728,Protect VPN Fast and Safe Go Dreams Official 7.0+,-,Communication >,Protect VPN,7.0+
apkpure-1053,"Basketball Head Coach 25, Lite",,Free Sports Game,Creations Fanswerin,Android 10.0+
appagg-1429,Weird West: Definitive Edition,Reviews: 5 ( 1 ),Action & Adventure,Devolver Digital (349),Windows Games
appagg-1805,Balconing Simulator 2020,,Classics,Fancy + Punk,Steam Games
appbrain-0607,Epic Stickman: Idle RPG War,4.84,Adventure,1.0.23,Android Apps
aptoide-1586,Vidma video downloader,-,Social,Vidma video downloader,5.1+
apkpure-1576,Dark Riddle: Neighbor's Secret,8.8,Free Adventure Game,PAGA GAMES,Android 5.1+
appagg-1169,PUBG Mobile,,Action,"KRAFTON, Inc. (51)",Android Games
appagg-1723,Grim Dawn,,Action & Adventure,Crate Entertainment,Steam Games
cnet-1465,MRewards for iOS,User Rating | User Rating,Social Networking Software,row27 Mobile,iOS
apkpure-1758,CookieRun: OvenBreak,9.0,Free Adventure Game,Devsisters Corporation,Android 5.0+
appbrain-0354,Угадай Русское Авто!,5.00,Trivia,gamesBARS,Android Apps
aptoide-1138,Dr. Parking 4 SUD Inc. Trusted,4.2,Racing,SUD Inc.,5.1+
cnet-0373,Cuphead,User Rating | User Rating,Action Games,Studio MDHR,Android
cnet-1067,The Weather Network Stickers for iMessage for iOS,User Rating | User Rating,Communications,The Weather Network / MeteoMedia,iOS
apkpure-0608,Sea battle 2: Warship Online,9.5,Free Action Game,Byril,Android 7.0+
apkpure-0428,CuText : Text on photo,,Free Photography,Jinadev,Android 8.0+
cnet-0820,UV Light,User Rating | User Rating,Maps,Chic Apps,Android
apkpure-0761,Global Truck Online,10.0,Free Simulation Game,Star Games Apps,Android 6.0+
apkpure-0218,Angry Birds Blast,9.4,Free Casual Game,Rovio Entertainment Oy,Android 5.0+
apkpure-0303,LALIGA Official 24-25,9.6,Free Sports,La Liga Nacional de Fútbol Profesional,Android 7.0+
appagg-1266,Shooting World - Gun Fire,,Sports,Gun Fire Studio,Android Games
aptoide-0122,Identity V,4.2,Role Playing,Identity V,5.1+
appbrain-0124,Paper Doll: Dress Up Diary,4.22,Simulation,Eliten,Android Apps
appbrain-0475,Fast Sanic Goo! Adventure,4.87,Action,Elenio Castellanos,Android Apps
appagg-1343,aa,5,Strategy,General Adaptive Apps Pty Ltd (24),Android Games
appbrain-0821,Calendar Crestin Ortodox 2025,5.00,Books & Reference,1.260,Android Apps
aptoide-1858,Video Editor & Maker VideoShow Trusted 5.1+,4.3,Video Players & Editors,Video Editor & Maker VideoShow,5.1+
apkpure-0960,Go Escape! - Casual Ball Games,9.2,Free Arcade Game,CASUAL AZUR GAMES,Android 5.1+
appbrain-0541,Tank washing,5.00,Adventure,1.1.0,Android Apps
apkpure-0562,FarmVille 2: Country Escape,8.8,Free Casual Game,Zynga,Android 6.0+
appagg-1140,DRAGON BALL Z DOKKAN BATTLE,5,Action,Bandai Namco Entertainment Inc. (121),Android Apps
apkpure-1768,Hungry Shark,9.4,Free Arcade Game,Ubisoft Entertainment,Android 7.0+
appbrain-0514,Sugar Rush - A Quick Adventure,4.80,Action,Branching Factor,Android Apps
appagg-0678,Adobe Scan: PDF & OCR Scanner,,Business,Adobe Inc.,Android Apps
appbrain-1028,AtentaMente - Meditación,5.00,Health & Fitness,AtentaMente,Android Apps
cnet-2052,Aspire for Mac,User Rating | User Rating,Project Management Software,Unifiq,Mac
cnet-0608,XVRView APK for Android,User Rating | User Rating,Screensavers & Wallpaper,hangzhoutaoshi,Android
aptoide-2116,دراما لايف - تلفزيون ودردشة، مسلسلات ومباريات,4.9,Entertainment,دراما لايف - تلفزيون ودردشة، مسلسلات ومباريات,4.1.x+
aptoide-1108,Жигули - игра советские машины SBlazer Official 7.1+,-,Racing,Жигули - игра советские машины,7.1+
appagg-1819,ProjectTeo,,Action & Adventure,Conglomerate 5,Steam Games
apkpure-1282,Weather,8.4,MacroPinch,MacroPinch,Android 5.1+
cnet-0549,Kerala Lottery Scan,User Rating | User Rating,Business Applications,PlugService,Android
appbrain-1816,2.2.9,4.97,Social,Hypelist,Android Apps
apkpure-0398,Learn how to draw - ArtWorkout,3.0,ArtWorkout,ArtWorkout,Android 8.0+
aptoide-0394,Speed Bus Racer,2.6,Adventure,Mobi2fun,4.0.1 - 4.0.2+
appbrain-0272,Samsung Music,3.82,Music & Audio,"Samsung Music Samsung Electronics Co., Ltd.",Android Apps
apkpure-1783,Couchsurfing,6.6,Free Travel & Local,Couchsurfing Inc.,Android 7.0+
appagg-0722,Gardenscapes,4.3,Casual,Playrix,Android Games
appbrain-1005,Academia Pro,5.00,Health & Fitness,ScudX,Android Apps
apkpure-2232,Bubble Witch 2 Saga,9.6,Games,King,Android 6.0+
appbrain-1869,FamyStar,4.87,Social,Partycome PTE.LTD.,Android Apps
apkpure-0107,Stadium Live,,Free Sports,Stadium Live,Android 6.0+
aptoide-1162,Slots Dragon FREE Slot Machine Rocket Games Trusted 2.3.3 - 2.3.7+,-,Casino,Slots Dragon FREE Slot Machine,2.3.3 - 2.3.7+
cnet-0840,AzNav Offline GPS navigation,User Rating | User Rating,Maps,IT and DM Center of SCPI,Android
apkpure-0070,eMeals Meal Planning Recipes,,Free Food & Drink,eMeals,Android 10.0+
appbrain-1356,Christmas Artbook,4.78,Art & Design,Hyperfun,Android Apps
apkpure-1501,Home Games Sports Baseball Star,9.1,Games,playus soft,Android 5.0+
appbrain-0554,Fran Bow Chapter 5,4.93,Adventure,Killmonday Games,Android Apps
appbrain-2037,Fantasy News & Scores,4.91,Sports,FantasyPros,Android Apps
appbrain-1519,Thumbnail Maker & Channel Art,5.00,Photography,PICCHAT,Android Apps
appagg-1217,Real Bike Racing,,Racing,Italic Games,Android Games
aptoide-2405,Cartão de crédito Samsung Itaú,-,Finance,Cartão de crédito Samsung Itaú,5.1+
aptoide-0926,San Andreas Crime Gangster 2017,5.0,Simulation,Nuzco,4.4 - 4.4.4+
cnet-0539,ST Selfcare APK for Android,User Rating | User Rating,Productivity Software,Syrian telecom,Android
cnet-1458,"FastMeet: Chat, Flirt and Love for iOS",User Rating | User Rating,Social Networking Software,Wildec,iOS
apkpure-0304,Weather & Widget - Weawow,9.7,Free Weather,Weawow,Android 4.4+
apkpure-1121,FL Studio for Beginners,8.6,Free Books & Reference,Almaty Technologies and Games Inc.,Android 5.0+
apkpure-2138,Beauty Camera - Sweet Camera,,Free Beauty,iMediaStar,Android 6.0+
apkpure-2168,PK XD,7.1,Free Adventure Game,Afterverse Games,Android 6.0+
apkpure-0321,Gravity Warriors Calisthenics,,Free Health & Fitness,CBA-Pro1,Android 8.0+
cnet-0479,"Free phone calls, free texting SMS on free number",User Rating | User Rating,Social Networking Software,Dingtone,Android
appagg-1719,The Elder Scrolls IV: Oblivion® Game of the Year Edition (2009),,Role Playing,Bethesda Softworks,Windows Games
cnet-0171,Solar Panel and UPS Guide in URDU for Android,User Rating | User Rating,Reference Software,Malik Developer,Android
cnet-2024,CSV2QFX Convert for Mac,User Rating | User Rating,Productivity Software,MoneyThumb,Mac
apkpure-2211,Dye Hard,9.5,Free Action Game,CASUAL AZUR GAMES,Android 6.0+
appagg-1260,Age of Apes,,Strategy,Tap4fun (Hong Kong) Limited,Android Games
cnet-1930,KeepVid Pro for Mac,User Rating,Internet Software,Trial version,Mac
appagg-0822,Pooking - Billiards City,5,Sports,MOUNTAIN GAME,Android Games
apkpure-1459,GreenWendEnergy,,Free House & Home,Tritech Solutions,Android 5.0+
apkpure-1807,Mods for GoreBox,2.0,Free Events,Dumitru Boico,Android 6.0+
aptoide-0145,Super City MDickie 5.1+,4.4,Adventure,Super City,5.1+
aptoide-0630,لعبة اكس او - مجانا بدون انترنت Moath Bahar Official 4.1.x+,5.0,Puzzle,لعبة اكس او - مجانا بدون انترنت,4.1.x+
appagg-1134,4 Pics 1 Word,5,Word ›,Lotum GmbH (10),Android Games
aptoide-2034,Instabridge - Free WiFi,4.2,Tools,Instabridge - Free WiFi,4.0.3 - 4.0.4+
appbrain-0882,Maneki Nekko Stickers,5.00,Entertainment,1.34.6.2,Android Apps
cnet-1482,POF - Best Dating for Conversations for iOS,User Rating | User Rating,Social Networking Software,PlentyOfFish,iOS
cnet-1289,Sport Zone + for iOS,User Rating | User Rating,Entertainment Software,Writemedia,iOS
appbrain-0511,Symbiote Shooting Puzzle,4.81,Action,1.17.0,Android Apps
apkpure-1498,Url Video Player,7.4,Free Video Players & Editors,Hossam Tameem,Android 4.4+
aptoide-0272,Army Transport Helicopter Game Fazbro Trusted 7.1+,-,Strategy,Army Transport Helicopter Game,7.1+
appbrain-0136,Space shooter - Galaxy attack,4.83,Arcade,1.893,Android Apps
appagg-1001,Diablo Immortal,5,Role Playing,"Blizzard Entertainment, Inc.",Android Apps
aptoide-1610,ROBLOX Fast Links,2.8,Social,ROBLOX Fast Links,2.1+
appagg-1284,Geometry Dash,3,Arcade,RobTop Games,Android Games
cnet-0396,Street Fighter,User Rating | User Rating,Sports Games,HappyBay Mobi,Android
appbrain-1607,FreePrints - Photo Printing,4.85,Photography,PlanetArt,Android Apps
aptoide-2209,JOYit - Play to earn rewards Good Game Matrix Official 5.1+,3.5,Entertainment,JOYit - Play to earn rewards,5.1+
apkpure-1149,KESSPay,,Free Business,KESS INNOVATION PLC,Android 8.1+
cnet-1993,FormulatePro,User Rating | User Rating | User Reviews,Productivity Software,Andrew de los Reyes,Mac
aptoide-1011,Golf Car Games Emre Vona Official 4.4 - 4.4.4+,5.0,Simulation,Golf Car Games,4.4 - 4.4.4+
cnet-0212,Zoro To : Anime TV,User Rating | User Rating,Entertainment Software,KING ADDONS CRAFT PE STUDIO,Android
appbrain-1611,Book Photo Frames,4.90,Photography,RamkumarApps,Android Apps
apkpure-1595,FIFA Official,8.3,Free Sports,FIFA,Android 7.0+
appbrain-0296,Galaxy Wearable,3.85,Tools,2.2.61.24112961,Android Apps
apkpure-1022,sand:box,9.1,Games,SmellyMoo,Android 4.0+
appbrain-1670,Car Racing Blast,5.00,Racing,virtualinfocom,Android Apps
appbrain-0761,Write It! Arabic,4.77,Educational,Jernung,Android Apps
aptoide-0787,Emulator For GBA RobertApp Trusted,1.5,Arcade,RobertApp,2.1+
cnet-0753,Lookout Security & Antivirus for Android,User Rating | User Rating | User Reviews,Security Software,Lookout,Android
cnet-1356,The Adventures of Tintin - The Game for iOS,User Rating | User Rating,Games,gameloft (iDP),iOS
apkpure-0318,Aerial Freedom,,Free Simulation Game,KAYAC Inc.,Android 5.1+
appbrain-0780,Flags & Capitals of the World,4.75,Educational,1.1.38,Android Apps
aptoide-1471,Bridge Constructor Playground Headup Official 4.0.3 - 4.0.4+,3.0,Brain & Puzzle >,Bridge Constructor Playground,4.0.3 - 4.0.4+
apkpure-2030,Crypto Mining,9.5,Free Business,PRODAXER,Android 5.0+
aptoide-1568,Telegram LLC Trusted 7.0+,4.5,Social,Telegram,7.0+
appagg-0783,Jetpack Joyride,5,Arcade,Halfbrick Studios,Android Games
aptoide-2130,Minecraft SnapShot,3.7,Entertainment,Minecraft SnapShot,4.0.1 - 4.0.2+
appagg-1624,Hotel Magnate,,Classics,Arcade Oven,Platforms:
aptoide-0971,Cheetah Family Animal Sim Area730 Entertainment Official 6.0+,4.2,Simulation,Cheetah Family Animal Sim,6.0+
cnet-1279,Swingbyte,User Rating | User Rating,Entertainment Software,"Swingbyte, Inc",iOS
appbrain-0549,1.0.58,4.93,Adventure,Dark Dome,Android Apps
apkpure-0747,TMDriver,8.0,Free Auto & Vehicles,Taxi-Master,Android 5.0+
cnet-1146,Waze Navigation & Live Traffic,User Rating | User Rating | User Reviews,Educational Software,Waze,iOS
appagg-0802,Avatar World ®,,Role Playing,Pazu Games,Android Apps
appbrain-1228,Citymapper,4.81,Maps & Navigation,11.34.1,Android Apps
aptoide-2056,1DM+,4.1,Video Players & Editors,1DM+,4.0.1 - 4.0.2+
cnet-0091,Calls Blacklist Pro + for Android,User Rating | User Rating,Communications,Vlad Lee,Android
apkpure-0673,Mivi,9.5,Free Video Players & Editors,AI Dreamweaver,Android 5.0+
aptoide-0232,Viking Rise IGG.COM Trusted 6.0+,4.0,Strategy,Viking Rise,6.0+
appbrain-0000,Offroad League Online,4.54,Racing,Rooster Games,Android Apps
appbrain-0253,Switch Access,3.60,Tools,1.16.0.726766860,Android Apps
appagg-2069,Nintendo,,Action & Adventure,Headup Games (70),Nintendo Games
appbrain-0705,English for Beginners: LinDuo,4.86,Educational,LinDuo,Android Apps
appbrain-0959,Vocal Shift Voice Change,5.00,Entertainment,KOTOMENA,Android Apps
appbrain-0089,Live Cricket TV Streaming,4.03,Sports,1.10,Android Apps
appbrain-1734,Motorbike Mountain Racing 3D,4.75,Racing,1.3,Android Apps
apkpure-1562,Baja Gas Pedidos,,Free Productivity,Baja Gas and Oil,
apkpure-1634,VoiceTra(Voice Translator),9.5,Free Travel & Local,NICT,Android 10.0+
apkpure-1670,Creati AI Photo Generator,3.0,Free Art & Design,Mojio AI Photo Generator,Android 7.0+
aptoide-1426,Magic Dancing Tiles PHY STUDIO Trusted 7.0+,-,Music,Magic Dancing Tiles,7.0+
cnet-0792,KeepLock APK for Android,User Rating | User Rating,Security Software,IGG,Android
apkpure-1523,Home Games Action CookieRun: Tower of Adventures,8.7,Games,Devsisters Corporation,Android 6.0+
cnet-1573,JCP&L for iOS,User Rating | User Rating,Business Applications,FirstEnergy Service Company,iOS
appbrain-0718,Lovely Cat World : Avatar Life,4.83,Educational,Kitten Doll HK,Android Apps
aptoide-1094,Racing Classics PRO Drag Race & Real Speed T-Bull S A Official 4.1.x+,5.0,Racing,Drag Race & Real Speed,4.1.x+
cnet-2257,iMyFone AnyTo,Trial version,Maps,By iMyFone Technology Co. Ltd.,Mac
aptoide-2029,Super File Manager (Explorer) apus Official 5.1+,4.2,Tools,apus,5.1+
apkpure-1285,Baby Panda's Fashion Dress Up,9.3,Free Educational Game,BabyBus,Android 5.0+
apkpure-1722,Home Games Adventure Robbery Master,,Free Adventure Game,Artoon Games,Android 8.0+
appbrain-0919,Easy Win,5.00,Entertainment,i-SymboLic,Android Apps
appagg-1055,Roll the Ball® - slide puzzle,5,Puzzle,BitMango,Android Games
aptoide-2094,upday news for Samsung,4.5,Personalization,upday GmbH & Co. KG,7.1+
appagg-0748,Carrom Pool: Disc Game,4.2,Sports,Miniclip.com (70),Android Games
aptoide-2248,sahibinden #AlSatKiralaKesfet sahibinden.com Trusted 7.0+,4.3,Business,sahibinden #AlSatKiralaKesfet,7.0+
appagg-0436,Shopee 6.6 Lagi Murah,,Shopping,Shopee,Android Apps
appbrain-1219,Transfix,4.83,Maps & Navigation,4.49.1,Android Apps
appbrain-1853,Tangled,5.00,Social,9,Android Apps
cnet-1274,"Charlie, The Steak HD",User Rating | User Rating,Entertainment Software,Dansid Production s.r.o.,iOS
aptoide-1192,BLACKJACK!,1.130,Casino,BLACKJACK!,4.1.x+
aptoide-1279,Slots Vegas 777 Slot Machines Super Casino Game Trusted 2.3 - 2.3.2+,3.5,Casino,Vegas 777 Slot Machines,2.3 - 2.3.2+
appagg-1074,Hooked Inc: Fishing Games,5,Simulation,Lion Studios,Android Games
apkpure-2009,The Knot,10.0,Free Events,The Knot,Android 9.0+
cnet-0004,Vcs Acak Bar for Android,User Rating | User Rating,Communications,Maxi Corp,Android
appbrain-1240,GPS Tracker - GPScards® SIM,4.90,Maps & Navigation,,Android Apps
cnet-2003,Trello for Mac,User Rating,Project Management Software,Atlassian,Mac
appbrain-1803,Sharh,5.00,Social,Imkon Uzbekistan,Android Apps
appbrain-1126,Omnicomm Online,5.00,Maps & Navigation,Omnicomm,Android Apps
cnet-0362,Spider-Man Ultimate Power APK for Android,User Rating | User Rating,Action Games,gameloft,Android
appbrain-2019,Raja Connect,4.93,Sports,1.0.87,Android Apps
appagg-1916,Pirates? Pirates!,,Action & Adventure,Amrita Studio,iOS Games
appbrain-0798,Bíblia Evangélica com Áudio,5.00,Books & Reference,1.0.55,Android Apps
appbrain-0656,Türkiye ve Dünya Haritaları,5.00,Educational,Coğrafyanın Kodları,Android Apps
apkpure-1147,Proton Drive,8.0,Free Productivity,Proton AG,Android 8.0+
apkpure-1703,Toca Boca Hair Salon 4,8.8,Free Educational Game,Play Piknik,Android 5.1+
appbrain-0261,Roblox,4.45,Adventure,2.675.715,Android Apps
appagg-0855,Stick War: Legacy,5,Strategy,Max Games Studios,Android Games
appagg-0348,99 - Private Driver and Taxi,5,Maps & Navigation,99 Tecnologia LTDA (4),Android Apps
aptoide-2141,Video Call Advice and Live Chat with Video Call,3.6,Dating,Video Call Advice and Live Chat with Video Call,4.4 - 4.4.4+
aptoide-0880,Idle Miner Tycoon Gold Games Fluffy Fairy Games Trusted 7.0+,4.7,Simulation,Gold Games,7.0+
appagg-1507,HITMAN World of Assassination,,Action & Adventure,IO Interactive A/S,Windows Games
cnet-0611,Forest HD,User Rating | User Rating,Screensavers & Wallpaper,DualBoot Games,Android
cnet-0389,Kawaii World 2024,User Rating | User Rating,Simulation,Dersproject,Android
appbrain-1236,Circuit for Teams,4.81,Maps & Navigation,Route4me,Android Apps
cnet-0935,APKTime for Android,User Rating | User Rating,Utilities & Tools,APKTime,Android
apkpure-1433,Home Games Action Brutal Strike,9.5,Free Action Game,BrutalStrike,Android 5.1+
apkpure-0035,Quotes Creator Quote Writer,,Free Art & Design,Vikrams,Android 5.0+
appbrain-1432,FASHOR - Ethnic Fusionwear,5.00,Shopping,Fashor,Android Apps
apkpure-0050,"Edits, an Instagram",10.0,Professional Video Editing Tools,Instagram,Android 9.0+
appagg-1938,AyeVee: Interactive Stories,,Entertainment,AyeVee,iOS Apps
appbrain-0585,Super Fizzy: Jungle Adventure,4.90,Adventure,Doozy Games,Android Apps
appagg-0535,"Book Tickets:Train status, PNR",,Travel & Local,"RailYatri - IRCTC Authorized Partner, IntrCity Bus",Android Apps
appbrain-1300,Pop Popsicles Theme,4.87,Art & Design,+HOME by Ateam Entertainment,Android Apps
aptoide-0639,Color Water Sort Puzzle Games,5.0,Puzzle,Playspare,7.1+
apkpure-0457,Home Games Educational Kids Preschool Puzzles,,Games,For Intellijoy All-in-One Subscription Only,Android 6.0+
aptoide-2233,حراج - Haraj Trusted 7.1+,4.5,Business,حراج - Haraj,7.1+
apkpure-2145,XYZ Player,9.5,Free Video Players & Editors,Swift Bilisim Teknoloji Ltd.,Android 4.1+
cnet-0548,Scratch Cash - Earn Real money APK for Android,User Rating | User Rating,Business Applications,ARAppsLtd,Android
apkpure-0095,NIU,,Free Auto & Vehicles,NIU Technologies,Android 8.0+
apkpure-1512,OCargo,,Free Travel & Local,OTAPP,Android 5.0+
aptoide-0438,Free FiFa 18 Guide Smart CUBE Official 4.1.x+,3.0,Sports Games,Free FiFa 18 Guide,4.1.x+
appbrain-1920,SV Werder Bremen,5.00,Sports,SV Werder Bremen,Android Apps
cnet-1866,Roblox Studio for Mac,User Rating | User Rating,Games Utilities & Editors,Roblox,Mac
appagg-0109,Microsoft 365 Copilot,Reviews: 5 ( 1 ),Productivity,Microsoft Corporation,Android Apps
appbrain-0151,Speech Recognition & Synthesis,4.00,Tools,Google LLC,Android Apps
appagg-0816,AFK Arena,,Role Playing,LilithGames,Android Games
apkpure-1950,"ZEPETO Avatar, Connect & Live",7.2,Free Entertainment,Naver Z Corporation,Android 7.0+
appbrain-0764,japanese learning : kanji Dojo,4.78,Educational,6.17.2,Android Apps
appbrain-1759,Racing Transform - Sky Race,4.68,Racing,LQ-GAME,Android Apps
apkpure-1208,Little Panda's Restaurant,9.0,Games,BabyBus,Android 5.0+
cnet-1938,Grids - For Instagram for Mac,User Rating | User Rating,Social Networking Software,ThinkTime Creations,Mac
apkpure-0214,Umniah,8.8,Free Business,Umniah,Android 6.0+
apkpure-1597,HairSwap: AI Hairstyle Try-On,,Free Beauty,Bitpepper B.V.,Android 7.0+
appagg-0040,WhatsApp Messenger,5,Social Networking,WhatsApp Inc.,iOS Apps
apkpure-2236,Bebi: Baby Games for 2-4y kids,10.0,educational games,Bebi Family: preschool learning games for kids,Android 6.0+
appagg-1752,Photo Video Locker Vault - Pro,,Utilities,PIXOPLAY IT SERVICES PRIVATE LIMITED,Android Apps
appagg-1581,Shadow Tactics: Aiko's Choice,,Other,Daedalic Entertainment (182),Windows Games
appbrain-0121,Ludo Party : Dice Board Game,4.36,Board,8.6.2,Android Apps
apkpure-0461,SWIMTAG,,Free Health & Fitness,222 Sports Ltd.,Android 7.0+
appbrain-0775,Pocoyó Piano for Kids,4.82,Educational,1.1,Android Apps
appagg-1717,The Elder Scrolls V: Skyrim Special Edition,,Role Playing,Bethesda Softworks,Windows Games
cnet-0328,Dragon Ball Z : Shin Budokai 2,User Rating | User Rating,Action Games,APKFlash Uploader,Android
appagg-0986,Fast Racing 3D,5,Racing,Doodle Mobile Ltd.,Android Games
aptoide-1639,"Neutrino+ - Get Instagram Likes, Followers and Comments",5.0,Social,"Neutrino+ - Get Instagram Likes, Followers and Comments",5.1+
aptoide-2078,"TP-Link Tether TP-LINK Technologies Co., Ltd. Trusted 7.1+",4.6,Libraries & Demo,TP-Link Tether,7.1+
apkpure-0932,Google Fit: Activity Tracking,8.1,Free Health & Fitness,Google LLC,Android 6.0+
cnet-0909,mSpy for Android,User Rating | User Rating,Utilities & Tools,mSpy,Android
appbrain-1579,Keepsake Frames,4.89,Photography,Keepsake Inc,Android Apps
appbrain-1540,Happy birthday photo frame,4.92,Photography,"Collage Maker - Photo Editor, Photo Frames",Android Apps
appbrain-0378,"GNALI - GPS Tracker, Locator",5.00,Tools,122.0,Android Apps
cnet-0202,SosoMod tricks APK for Android,User Rating | User Rating,Educational Software,callappstudio,Android
appagg-0049,Gmail,5,Communication,Google LLC,Android Apps
cnet-0596,PVC and aluminium window and door design-iwindoor APK for Android,User Rating | User Rating,Business Applications,Behin Saman Company,Android
cnet-2075,Padbury Clock,User Rating | User Rating,Screensavers & Wallpaper,Robert Padbury,Mac
aptoide-1321,Fnf original friday night funny mod Tabi,4,Music,Fnf original,4.4 - 4.4.4+
appbrain-2034,GSPlus,4.91,Sports,Galatasaray SK,Android Apps
cnet-1957,TunePat Music One for Mac,User Rating | User Rating,Internet Software,TunePat Music One,Mac
apkpure-0408,Anti Theft with Phone Alarm,,Free Tools,Tylar Peggie,Android 8.0+
appagg-1850,dead run,,Action & Adventure,Sokpop Collective (99),iOS Apps
appbrain-0457,La Libertad Arrasa: Milei,4.86,Action,1.8.3,Android Apps
cnet-2241,Rootkit Hunter,User Rating | User Rating,Security Software,Antirootkit.com,Mac
aptoide-2249,Asiacell,4.9,Business,Asiacell,7.1+
aptoide-1897,Status & YT - Status Saver & Youtube Downloader MusiX Studio Official 5.1+,-,Media & Video,Status & YT - Status Saver & Youtube Downloader,5.1+
appagg-0255,,5,Social,ShareChat,Android Apps
aptoide-2020,,4.6,Tools,File sharing,5.1+
apkpure-0399,Raiden Fighter,10.0,Free Arcade Game,GameLord 3D,Android 5.0+
appagg-1771,MathCapture - Equation Editor,,Education ›,宇 凌,macOS Apps
aptoide-2179,GUIDE PES 2017 mbprod Trusted 2.3 - 2.3.2+,3.4,Sports >,GUIDE PES 2017,2.3 - 2.3.2+
apkpure-1453,"VK music, video, messenger",7.0,Free Social,VK.com,Android 9.0+
cnet-2037,IBM Lotus Symphony,User Rating,Productivity Software,ibm,Mac
apkpure-0764,World Weather - Rain Radar,10.0,Free Weather,v-appz,Android 6.0+
aptoide-1307,Piano,2.5,Music,Piano,2.2.x+
aptoide-1390,あんさんぶるスターズ！！Music Happy Elements K.K Trusted 7.1+,5.0,Music,あんさんぶるスターズ！！Music,7.1+
appagg-0333,FGTS,,Finance,Developer: Caixa Econômica Federal (25),Android Apps
aptoide-2439,TokenPocket,4.6,Finance,Crypto & Bitcoin,7.0+
cnet-2013,CalcTape for Mac,User Rating | User Rating,Productivity Software,Schoettler Software,Mac
apkpure-0883,Qwan,,Free Productivity,AAG Mobile Application,Android 5.0+
appbrain-1939,Sports Betting Code,5.00,Sports,MSport,Android Apps
aptoide-1353,Easy Piano,-,Music,Easy Piano,6.0+
cnet-1486,,User Rating | User Rating,Productivity Software,Lenovo,iOS
appagg-1987,Dead End Job,,Action & Adventure,Headup,Android Games
apkpure-1160,Toca Boca Jr,8.7,Free Educational Game,Play Piknik,Android 9.0+
apkpure-2127,Esports Logo Maker,8.5,Free Art & Design,ZipoApps,Android 5.0+
cnet-1809,ENA: Dream BBQ,User Rating | User Rating,Adventure Games,ENA Team,Mac
aptoide-2055,Google Account Manager Trusted 7.0+,3.9,Books & Reference,Google Account Manager,7.0+
apkpure-0592,Digital Compass,10.0,Free Tools,KTW Apps,Android 6.0+
appagg-0861,Blockman Go,4.5,Arcade,Blockman GO studio,Android Games
aptoide-0002,PUBG MOBILE LITE Level Infinite Trusted 11+,4.0,Action,PUBG MOBILE LITE,11+
apkpure-1683,SOTC Holidays SOTC Travel Limited 4.0 Trusted,,Free Travel & Local,SOTC Holidays,Android 6.0+
appagg-1143,Lep's World,5,Arcade,nerByte GmbH,Android Games
appbrain-1668,DATA WING,4.88,Racing,1.5.2,Android Apps
aptoide-0624,Construction City 2,4.7,Puzzle,Construction City 2,8.0.0+
aptoide-1485,The King of Chess,4.6,Brain & Puzzle >,The King of Chess,5.1+
aptoide-1254,Vegas Teen Patti - 3 Card Poke,5.0,Casino,Vegas Teen Patti - 3 Card Poke,4.4 - 4.4.4+
aptoide-1480,Jewels Star ITREEGAMER Trusted 4.4 - 4.4.4+,3.0,Casual,Jewels Star,4.4 - 4.4.4+
aptoide-0740,HiApp 5.1+,4.6,Arcade,HiApp,5.1+
apkpure-2221,Real Pool 3D,8.4,Games,EivaaGames,Android 5.1+
aptoide-2282,ROP - Royal Oman Police Ministry Of Interior - Qatar Trusted 7.0+,3.0,Business,ROP - Royal Oman Police,7.0+
apkpure-1056,ElevenReader - Text to Speech,8.0,Free Books & Reference,Eleven Labs Inc,Android 7.0+
cnet-0458,AnyUTube,User Rating | User Rating,Internet Software,Trial version,Android
apkpure-1110,Home Games Racing Highway Racer Pro,,Free Racing Game,Spektra Games,Android 6.0+
appbrain-1231,Bykea: Rides & Delivery,4.81,Maps & Navigation,7.71,Android Apps
apkpure-0427,Mini Soccer Star,4.5,Free Sports Game,Viva Games Studios,Android 7.0+
cnet-2288,Garmin ANT Agent for Mac,User Rating | User Rating,Maps,Garmin,Mac
apkpure-2238,Donghub,,Free Entertainment,Wawe Technologies,Android 9.0+
aptoide-0766,ePSXe openGL Plugin,4.0,Arcade,epsxe software s.l.,2.3 - 2.3.2+
appagg-1100,LokiCraft,,Arcade,akseno2,Android Games
appagg-1371,CSR 2 - Realistic Drag Racing,5,Sports,Zynga Inc.,iOS Games
apkpure-1844,CSR Classics,9.6,Free Racing Game,Zynga,Android 4.1+
cnet-2218,Trusteer Rapport for Mac,User Rating | User Rating,Security Software,Trusteer,Mac
apkpure-0360,Car Parking Multiplayer 2,9.1,Games,olzhass,Android 11.0+
aptoide-2377,instant loan or Emergency loan vizzve microseva foundation Official 7.0+,-,Finance,instant loan or Emergency loan,7.0+
apkpure-0900,ZEFOY,8.4,Free Social,HaianAPPS,Android 6.0+
cnet-1547,"OCR Scanner with LEADTOOLS SDK: Text, PDF, DOC",User Rating | User Rating,Business Applications,"LEAD Technologies, Inc.",iOS
appagg-0208,Period Calendar Period Tracker,5,Health & Fitness,Simple Design Ltd.,Android Apps
appbrain-1829,Bocchi the rock stickers,5.00,Social,Kircher,Android Apps
cnet-1731,PROMT Offline Translator English Pack for Mac,User Rating | User Rating,Language Software,PROMT,Mac
aptoide-2153,TimeTeller TV,3.0,Entertainment,TimeTeller TV,2.3 - 2.3.2+
appbrain-0285,Gmail Go,4.36,Communication,Gmail Go,Android Apps
appagg-0473,Instagram Lite,5,Social,Instagram,Android Apps
aptoide-0387,Scary Mery Original لعبة مريم اصلية,3.3,Adventure,Scary Mery Original لعبة مريم اصلية,4.1.x+
cnet-1555,Panel for iOS,User Rating | User Rating,Business Applications,Dominic Wroblewski,iOS
apkpure-2216,Sprite animation cutter,,Free Art & Design,Eli Developer,Android 5.0+
cnet-0413,TextNow - free text + calls for Android,User Rating | User Rating,Social Networking Software,Enflick,Android
aptoide-0434,Comes Again Alive Mod for MCPE Seven Z Mods Official 4.2.x+,4.0,Adventure,Comes Again Alive Mod for MCPE,4.2.x+
appbrain-1242,be - Multi-Service Platform,4.80,Maps & Navigation,2.6.98,Android Apps
aptoide-0843,Super Chicken Scream Run 3,3.9,Arcade,Super Chicken Scream Run 3,4.0.1 - 4.0.2+
appagg-0718,Roblox,5,Action,Roblox Corporation,Android Apps
cnet-0537,Automatic Call Recorder Hide Pro callBOX,Free,Productivity Software,SMSROBOT LTD Auto Call Recorder Period Tracker,Android
aptoide-2106,Yacine tv Yacine tv Official 5.1+,3.7,Entertainment,Yacine tv,5.1+
appbrain-1073,Interval Timer,4.94,Health & Fitness,2.3.25,Android Apps
appbrain-0097,AniDraw: 2D Draw Animation,3.78,Art & Design,1.3.0,Android Apps
apkpure-0573,Cool Scene Drama - Shorts,,Free Entertainment,Felix Mogaka,Android 7.0+
appagg-0216,Мой МТС,5,Tools,MTS Pjsc,Android Apps
cnet-2212,Avast Mac Security,User Rating | User Rating,Security Software,AVAST Software,Mac
appbrain-0207,ANT+ Plugins Service,3.57,Tools,3.6.40,Android Apps
cnet-0532,Faucet Pay for Android,User Rating | User Rating,Business Applications,Zdevelopers,Android
apkpure-1626,APM,,Free Productivity,Ammar Shahid,Android 5.0+
aptoide-0812,Bottle Jump 3D AZUR GAMES Trusted 7.0+,4.0,Arcade,Bottle Jump 3D,7.0+
appagg-1021,PPSSPP - PSP emulator,5,Action,Henrik Rydgård,Android Apps
aptoide-1561,FAMILY GAMES kamsarudin inc Official 4.0.3 - 4.0.4+,-,Brain & Puzzle >,FAMILY GAMES kamsarudin inc Official,4.0.3 - 4.0.4+
appbrain-1409,Toasty : shopping responsable,5.00,Shopping,Toasty.family,Android Apps
apkpure-2167,Video Background Remover,,Free Video Players & Editors,zwh.tec,Android 10.0+
appbrain-1451,DRSB Express,5.00,Shopping,DRSB,Android Apps
appbrain-0489,Dead Raid — Zombie Shooter 3D,4.82,Action,CASUAL AZUR GAMES,Android Apps
appagg-1695,Portal,,Action & Adventure,Valve,iOS Apps
cnet-0543,ADVCASH for Android,User Rating | User Rating,Business Applications,ADVCASH,Android
cnet-2023,Foxit PDF Reader for Mac,User Rating,Productivity Software,Foxit Software Incorporated,Mac
cnet-1871,Cake Shop 2 for Mac,Trial version,Games,Macgamestore,Mac
appbrain-1250,Mod Bussid Karnataka KSRTC,5.00,Art & Design,HWSDeveloper,Android Apps
cnet-2085,Wake Up Time for Mac,User Rating | User Rating,Screensavers & Wallpaper,Rocky Sand Studio,Mac
cnet-1073,AI Stickers for iMessage for iOS,User Rating | User Rating,Communications,Emin Emini,iOS
appbrain-1972,Empire of the Kop,5.00,Sports,Rocket Sports Network,Android Apps
appagg-0746,Score! Hero,,Sports,First Touch Games Ltd.,Android Games
cnet-0655,Marshall - Dark Retro Gold/Metal Poweramp V3 Skin APK for Android,User Rating | User Rating,Screensavers & Wallpaper,Ducktamine,Android
appagg-1770,Sisters Royale: Five Sisters Under Fire,,Action & Adventure,Chorus Worldwide Games,Windows Games
apkpure-1373,Premier League - Official,8.9,Free Sports,The Football Association Premier League Ltd,Android 7.0+
apkpure-1178,Gaming Tournament - eSports,,Free Events,OmniFluxs Services Private Limited,Android 6.0+
aptoide-1373,Dancing Road Colour Ball Run New! Pult Games Official 4.2.x+,3.1,Music,Dancing Road,4.2.x+
cnet-2200,Hands Off!,User Rating | User Rating,Security Software,One Periodic,Mac
aptoide-1509,"Mouse Kiragames Co., Ltd. Trusted 2.0+",4.1,Puzzle,"Mouse Kiragames Co., Ltd. Trusted",2.0+
appagg-1757,Learning Factory,,Other,Luden.io,Windows Games
appagg-1559,Nintendo,,Puzzle & Trivia ›,Puzzle & Trivia,Android Games
aptoide-0193,Clone Armies Tactical Army Game ElQube Tech Official 4.4 - 4.4.4+,4.2,Strategy,Clone Armies,4.4 - 4.4.4+
cnet-1425,TamTam Messenger for iOS,User Rating | User Rating,Social Networking Software,Odnoklassniki Ltd,iOS
aptoide-1824,"Netflix, Inc. Trusted 10+",3.7,Media & Video,"Netflix, Inc. Trusted",10+
aptoide-1199,Quick Tips & Coins for Gaminator Casino Slots Cristian Pinto Official 6.0+,1.0,Casino,Quick Tips & Coins for Gaminator Casino Slots,6.0+
appbrain-0362,Tentang Anak-Hamil & Parenting,5.00,Parenting,Tentang Anak,Android Apps
aptoide-0138,Battleground Fire Squad - Free Shooting Survival,4.1,Action,Battleground Fire Squad - Free Shooting Survival,4.3.x+
aptoide-0874,San Andreas Crime City Gangster 3D HATCOM Inc. Official 4.4 - 4.4.4+,4.4,Simulation,San Andreas Crime City Gangster 3D,4.4 - 4.4.4+
apkpure-1623,Genius AI Photo Generator,6.0,Free Art & Design,Apero Vision Lab,Android 9.0+
appagg-0799,Agar.io,5,Action,Miniclip.com (70),Android Games
appbrain-1884,ChatA,4.89,Social,1.39.1,Android Apps
appbrain-1841,Hidayah - Muslim Social Media,4.92,Social,Hidayah,Android Apps
aptoide-0696,Wood Nuts & Bolts Puzzle ABI Games Studio Trusted 7.0+,-,Puzzle,Wood Nuts & Bolts Puzzle ABI Games Studio Trusted,7.0+
cnet-0290,SSJ - Social Signal Jammer,User Rating | User Rating,Entertainment Software,VikingSource,Android
appbrain-1774,Bike Trial Snow Ride,4.67,Racing,Imants,Android Apps
aptoide-1129,ATV XTrem / Quad Dream-Up Official 5.1+,4.5,Racing,ATV XTrem / Quad,5.1+
cnet-0410,Dream live APK for Android,User Rating,Social Networking Software,"Live in Dream, Find your Desire.",Android
apkpure-0216,Kopaonik Business Forum,,Free Events,NKM Soft,Android 7.0+
appbrain-0328,랑그릿사,5.00,Strategy,ZlongGames,Android Apps
apkpure-2174,Video Player Recorder & Music Apps 7.0.5 Trusted,8.0,Recorder & Music Apps,Recorder & Music Apps,Android 6.0+
cnet-1246,Spiegel Social Sewing for iOS,User Rating | User Rating,Entertainment Software,Spiegel,iOS
appbrain-1730,Driving School Simulator : EVO,4.71,Racing,Ovidiu Pop,Android Apps
appbrain-1359,Design Sessions,4.91,Art & Design,9.002.1,Android Apps
appbrain-0531,Stick of Titan,4.79,Action,s_Mine,Android Apps
cnet-1577,Star ATOM,User Rating | User Rating,Business Applications,By Star Health And Allied Insurance Company Limited,iOS
apkpure-1472,MOON - Current Moon Phase,8.4,Free Weather,Moon Calendar,Android 8.0+
aptoide-1746,Tevegram Telegram for TV clapps Official 5.1+,2.8,Communication >,Tevegram,5.1+
appagg-0398,Twitch: Live Streaming,5,Photo & Video,"Twitch Interactive, Inc.",Android Apps
appagg-0621,imo beta -video calls and chat,5,Communication,imo.im,Android Apps
cnet-0057,AntiPhone - Free Anonymous SMS,User Rating | User Rating,Communications,AntiChat by Nick Halavins (Nikita),Android
appagg-1616,Howling Village: Echoes,,Action & Adventure,"Churapps Co.,Ltd.",Steam Games
aptoide-2416,Paytm Secure UPI Payments iReff Trusted 7.1+,4.5,Finance,Secure UPI Payments,7.1+
cnet-1590,More Ichat Effects for Mac,User Rating | User Rating | User Reviews,Communications,iSmileys,Mac
appagg-0717,eFootball™,5,Sports,KONAMI,Android Apps
aptoide-1275,Lua Bingo Live Tombola online Xalera.cat Trusted,4.4,Board >,Lua Bingo Live,6.0+
appbrain-0892,Hajduk Digital TV,5.00,Entertainment,2.5.1,Android Apps
appagg-1019,Rope Hero: Vice Town,5,Action,Naxeex Action & RPG Games,Android Games
cnet-0833,GeoFlyer Europe 3D - Offline Maps GPS Routing,User Rating | User Rating,Maps,GeoMind,Android
aptoide-0626,Bus Jam Car Parking Games Joymaster Puzzle Game Studio Trusted 7.1+,-,Puzzle,Car Parking Games,7.1+
aptoide-0895,Euro Train Simulator 19 Multi Touch Studios Trusted,5.0,Simulation,Euro Train Simulator 19,6.0+
cnet-1917,APC Powerchute for Mac,User Rating | User Rating | User Reviews,Internet Software,American Power Conversion,Mac
appagg-1246,Soccer Star Top Leagues 25,5,Sports,Developer: Viva Games Studios (53),Android Games
appagg-1777,Taivas,,Action & Adventure,JTS Development,Steam Games
aptoide-2197,fréquence bein sport max astra 2016,4.8,Entertainment,zoOm creative,2.3 - 2.3.2+
appbrain-1724,Drifto - Touge Drift Racing,4.73,Racing,4.27.3,Android Apps
aptoide-0738,Subway banana surf Hexping Official 4.0.1 - 4.0.2+,2.9,Arcade,Subway banana surf,4.0.1 - 4.0.2+
cnet-0784,Antivirus & Mobile Security for Android,User Rating | User Rating,Security Software,Trustlook,Android
appagg-0423,InShot - Video Editor,,Photo & Video,SHANTANU PTE. LTD.,iOS Apps
apkpure-0518,8 Ball Shoot It All - 8 Pool,,Free Sports Game,SQUARE ENIX PVT.LTD.,Android 7.0+
apkpure-0039,TimeTree,9.5,Free Productivity,"TimeTree, Inc.",Android 10.0+
appbrain-1394,Doodle Master - Glow Art,4.73,Art & Design,Happy coloring,Android Apps
aptoide-1844,iptv shqip iptv shqip Official 4.0.3 - 4.0.4+,3.2,Media & Video,iptv shqip,4.0.3 - 4.0.4+
cnet-0846,Pak Rail Live - Tracking of Pakistan Railways,User Rating | User Rating,City Guides,Pak Rail,Android
aptoide-1318,1875 days,3.2,Music,badmannersteam,4.2.x+
aptoide-0447,Head Soccer D&amp;D Dream Trusted 4.1.x+,4.3,Sports Games,Head Soccer,4.1.x+
appagg-0782,Higgs Games Island,,Board,Higgs Games,Android Games
aptoide-0859,MOD-MASTER for Minecraft PE Block Games Trusted 4.4 - 4.4.4+,4.3,Arcade,MOD-MASTER for Minecraft PE,4.4 - 4.4.4+
appbrain-1411,Shocking Deals by 11 Street,5.00,Shopping,11번가(주),Android Apps
aptoide-0702,Big puzzles with cats sbitsoft.com Official 6.0+,-,Puzzle,Big puzzles with cats,6.0+
appbrain-0913,Ucomi,5.00,Entertainment,Hwenjie,Android Apps
appbrain-0479,Catastrophe Restaurant,4.84,Action,2.8.6,Android Apps
aptoide-1506,Chess for Android Aart Bik Trusted 4.0.1 - 4.0.2+,4.8,Board >,Chess for Android,4.0.1 - 4.0.2+
cnet-0349,SIGMA FF,User Rating | User Rating,Action Games,SIGMA FF,Android
aptoide-1159,World Slot Machine King mobirixsub Official 4.1.x+,4.6,Casino,World Slot Machine King,4.1.x+
cnet-0453,ChametLive video chat & Match & Meet for Android,User Rating | User Rating,Social Networking Software,FULIAO HONG KONG LIMITED,Android
cnet-1626,Snap Camera for Mac,User Rating | User Rating,Communications,Snap Inc.,Mac
apkpure-1793,Cyberfoot,9.6,Free Sports Game,BF Game,Android 5.0+
appagg-0431,Wayfair – Shop All Things Home,,Shopping,Wayfair LLC (13),Android Apps
cnet-1052,Love and Romantic Stickers for iOS,User Rating | User Rating,Communications,Luciano Sirmo,iOS
cnet-2174,Express VPN for Mac,User Rating | User Rating,Security Software,Express VPN,Mac
appbrain-1194,Divvy,4.88,Maps & Navigation,2025.18.3.1747207398,Android Apps
appagg-0577,Snapseed,5,Photography,Google LLC,Android Apps
apkpure-0624,Glam AI,9.0,Free Beauty,Viral Tech Inc.,Android 6.0+
apkpure-2245,VivuVideo-Audio Spectrum Maker,10.0,Free Video Players & Editors,Desa Mobi,Android 6.0+
aptoide-0716,Match Factory!,-,Puzzle,Match Factory!,7.1+
appbrain-1629,Ultimate Photo Blender / Mixer,4.84,Photography,Iris Studios and Services,Android Apps
apkpure-2184,Pixel Art Color with Pixels,,Free Art & Design,iKU Studio,Android 6.0+
cnet-1959,VTubeGo Video Downloader,Trial version,Internet Software,vTube Technology Company,Mac
aptoide-1137,racer car game Deniz UNAY Official 2.3 - 2.3.2+,3.7,Racing,racer car game,2.3 - 2.3.2+
cnet-0040,Telegram for Android,User Rating | User Rating | User Reviews,Communications,Telegram,Android
cnet-0765,Postern APK for Android,User Rating | User Rating,Security Software,Postern Software,Android
apkpure-1010,Garena® Delta Force,8.5,Free Action Game,Good Mobile Games Private,Android 6.0+
apkpure-0173,Height Increase Workout,9.3,Free Health & Fitness,Leap Fitness Group,Android 6.0+
appbrain-1557,NewYork City Theme +HOME,5.00,Photography,+HOME by Ateam Entertainment,Android Apps
apkpure-0169,Zorona Live,,Free Social,Zorona Live Developments,Android 8.0+
appagg-1037,Family Island™ — Farming game,3,Casual,Melsoft Games Ltd (2),Android Games
aptoide-2127,Steam,4.4,Entertainment,Steam,7.1+
appagg-0953,Talking Tom Hero Dash,10,Action,Outfit7 Limited,Android Apps
appagg-1477,The Jackbox Naughty Pack,2.4,Puzzle & Trivia ›,Puzzle & Trivia,Android Games
apkpure-1494,LunaAI: AI Ghibli Generator,,Free Art & Design,Horoscope Astro Lab Guru,Android 7.0+
appbrain-0034,V2 MAX VPN,4.45,Tools,Gungun Baby,Android Apps
aptoide-1375,Marshmello Piano Tiles 2,1.0,Music,Marshmello Piano Tiles 2,4.1.x+
aptoide-1694,S Planner Trusted 745kB Size 2.3.3 - 2.3.7+,3.3,Art & Design,S Planner Trusted,2.3.3 - 2.3.7+
appbrain-0931,IZONE GALLERY*IZ: For WIZONE,5.00,Entertainment,Yola Studio,Android Apps
appbrain-1621,INSTAX Pal,4.88,Photography,1.3.0,Android Apps
appbrain-1106,Arm Workout - Biceps Exercise,4.91,Health & Fitness,Leap Fitness Group,Android Apps
appbrain-0568,Luna's World - Super Adventure,5.00,Adventure,Luna's World - Super Adventure,Android Apps
appbrain-0576,Difficult Mystery Restroom Esc,4.88,Adventure,TOKI GAMES,Android Apps
apkpure-0651,Snow-Forecast.com,,Free Weather,Meteo365 Ltd.,Android 6.0+
appagg-0307,Crunchyroll,,Entertainment,"Crunchyroll, LLC",Android Apps
appagg-0093,SnackVideo,,Video Players & Editors,Joyo Technology Pte Ltd,Android Apps
apkpure-2152,Surfline Wave & Surf Reports,,Free Weather,"Surfline/Wavetrak, Inc.",Android 8.0+
aptoide-0370,Granny Grandpa House Horror,3.0,Adventure,Granny Grandpa House Horror,4.1.x+
apkpure-1744,PLL,,Free Sports,Premier Lacrosse League,Android 8.0+
aptoide-2484,Flightradar24 Flight Tracker Flightradar24 AB Trusted 8.1.0+,4.6,Travel & Local,Flightradar24 Flight Tracker,8.1.0+
aptoide-0133,Pirate Code - PVP Sea Battles,4.2,Action,Codex7 Games,10+
aptoide-1497,Hangman KLIMKO Official 7.1+,-,Brain & Puzzle >,Hangman,7.1+
cnet-1285,ACTIVEON for iOS,User Rating | User Rating,Entertainment Software,ACTIVEON,iOS
cnet-0064,K Lite Codec,User Rating | User Rating,Communications,Meet Hundal,Android
apkpure-1662,EA Racenet,,Free Racing Game,ELECTRONIC ARTS,Android 8.1+
cnet-0900,AM TUNNEL LITE VPN,User Rating | User Rating,Utilities & Tools,APNA TUNNEL,Android
cnet-0750,V380 for Android,User Rating | User Rating,Security Software,Zeng Qingyao,Android
apkpure-1432,eReader Prestigio,9.3,Free Books & Reference,Prestigio development team,Android 6.0+
cnet-1434,StreamKar - Live Video Chat for iOS,User Rating | User Rating,Social Networking Software,jiang wenjin,iOS
appagg-0737,Candy Crush Soda Saga,5,Casual,King,Android Apps
apkpure-0434,Vactidy,,Free Tools,"Shenzhen Ultenic Technology Co., Ltd.",Android 6.0+
appagg-0335,"GO SMS Pro - Messenger, Free T",5,Communication,Video Editor & Video Maker Dev,Android Apps
apkpure-0586,Frizz - Hair Forecast,,Free Weather,Wirl Inc,Android 7.0+
apkpure-0047,CATS: Crash Arena Turbo Stars,9.1,Free Action Game,Nazara Publishing,Android 5.0+
appagg-1870,Torchlight III,,Action & Adventure,Arc Games,Windows Games
aptoide-0591,Block Puzzle Sinim Official 4.1.x+,3.5,Puzzle,Block Puzzle,4.1.x+
cnet-1761,Protractors for Mac,User Rating | User Rating | User Reviews,Reference Software,Trilithon Software,Mac
aptoide-1148,Country Moto Bike Racing Lite Sunghoon Choi Official,-,Racing,Country Moto Bike Racing Lite,2.3 - 2.3.2+
appagg-0840,FarmVille 2: Country Escape,5,Casual,Zynga,Android Games
appagg-0493,Traveloka: Book Hotel & Flight,,Travel & Local,Traveloka,Android Apps
aptoide-1236,Vivas Las Vegas-Slots BlackJack,-,Casino,Vivas Las Vegas-Slots BlackJack,4.4 - 4.4.4+
aptoide-1813,Opera browser with AI Opera Trusted 11+,4.5,Communication >,Opera browser with AI,11+
apkpure-1383,Bubble Level Spirit Level,,Free Tools,Phone Lock & Utilities Apps,8.2
appbrain-0950,Greek Souvla,5.00,Entertainment,LiVE®iOS,Android Apps
apkpure-0952,RouteYou walking and cycling,,Free Health & Fitness,RouteYou BV,Android 10.0+
cnet-0751,Google Play Protect,User Rating,Security Software,Google Inc.,Android
aptoide-2064,1.1.1.1 + WARP,4.3,Tools,Safer Internet,5.1+
appagg-0370,Dailyhunt - News & Magazines,,News & Magazines,Eterno Infotech (3),Android Apps
aptoide-0996,العاب صبايا ساحة الموضة 2023,-,Simulation,العاب صبايا ساحة الموضة 2023,4.4 - 4.4.4+
appbrain-0066,R.E.C.O.N. Mobile Game,1.48,Adventure,R.E.C.O.N. Mobile Game,Android Apps
cnet-0016,Swarachakra Tamil Keyboard,User Rating | User Rating,Communications,"By Swarachakra Team, IDC, IIT Bombay",Android
apkpure-1965,ZArchiver,9.0,Wide Format Support,ZDevs,Android 6.0+
aptoide-0388,Play Game Win Cash Mr Petfely TV Official 4.4 - 4.4.4+,5.0,Adventure,Play Game Win Cash,4.4 - 4.4.4+
appbrain-0524,SWAT Shooter Police Action FPS,4.80,Action,1.2.4.558,Android Apps
appagg-0243,Android Accessibility Suite,5,Tools,Google LLC,Android Apps
cnet-1217,LEPSI - Watch MAGNETISM for iOS,User Rating | User Rating,Entertainment Software,Davy Pillet,iOS
aptoide-2407,Banxo monabanq Trusted 8.1.0+,3.9,Finance,Banxo,8.1.0+
cnet-0236,Amazon Prime Video,User Rating | User Rating,Entertainment Software,Amazon Mobile,Android
appbrain-1784,Byoh Rishta -Uttrakhand Matrim,5.00,Social,10.3.2,Android Apps
appagg-0022,Google Messages,5,Communication,Google LLC,Android Apps
appagg-1191,Score! Match - PvP Soccer,,Sports,First Touch Games Ltd.,Android Games
cnet-0051,Your Freedom VPN Client APK for Android,User Rating | User Rating,Communications,resolution Reichert Network Solutions,Android
aptoide-1827,MX Player Amazon India. Trusted 5.1+,4.4,Video Players & Editors,MX Player,5.1+
aptoide-0691,Nonogram Jigsaw - Color Pixel,5.0,Puzzle,Nonogram Jigsaw - Color Pixel,6.0+
appagg-1295,Match 3D,,Puzzle,Lion Studios Plus (42),Android Games
appagg-0036,WhatsApp Business,Reviews: 5 ( 2 ),Communication,WhatsApp LLC,Android Apps
cnet-0437,VidMate APK for Android,User Rating | User Rating,Internet Software,By VidMate,Android
aptoide-1085,Hill Bus Racing Multi Touch Studios Trusted 6.0+,-,Racing,Hill Bus Racing,6.0+
aptoide-0130,The Pirate Caribbean Hunt Home Net Games Trusted 6.0+,4.5,Action,Caribbean Hunt,6.0+
cnet-1819,Zoo Tycoon Complete Collection,User Rating | User Rating,Strategy Games,Aspyr Media,Mac
appbrain-1857,Om: Meditate with Mantras,4.90,Social,Spiritual Studio,Android Apps
cnet-1814,SimCity,User Rating,Simulation,Electronic Arts,Mac
appbrain-1777,TheVR,5.00,Social,TheVR,Android Apps
appagg-0353,Canvas Student,,Education,Instructure Inc.,iOS Apps
appbrain-1140,NaVlak - Nádražní tabule,5.00,Maps & Navigation,NaVlak - Nádražní tabule,Android Apps
cnet-1615,Warcraft III: Reforged for Mac,User Rating | User Rating,Strategy Games,Blizzard,Mac
apkpure-0291,ВК гости,8.9,Free Social,Evacorp,Android 5.0+
aptoide-1045,Road Draw Climb Your Own Hills,4.1,Racing,Zabaron Games,4.4 - 4.4.4+
appagg-0061,Likee - Short Video Community,5,Social,LIKEME PTE. LTD.,Android Apps
appagg-1913,Assemble with Care,4.8,Classics,ustwo games,Android Games
apkpure-1213,MAPinr - KML/KMZ/OFFLINE/GIS,10.0,Free Travel & Local,Xylem Technologies,Android 6.0+
apkpure-1145,Blood Strike,8.2,Free Action Game,NetEase Games,Android 5.0+
appagg-0994,Space shooter - Galaxy attack,,Arcade,1SOFT,Android Games
apkpure-1530,PDF Scanner - TapScanner,9.5,Free Business,Tap AI,Android 9.0+
cnet-0020,WhatsApp Messenger for Android,User Rating | User Rating,Communications,WhatsApp,Android
apkpure-0330,MATR1X FIRE,8.2,Free Action Game,MATR1X,Android 7.0+
aptoide-1131,Car Games 3D Simulator Extreme Yassine Sdw Official 6.0+,-,Racing,Car Games 3D Simulator Extreme,6.0+
cnet-0066,60 Torque Themes OBD 2,User Rating | User Rating,Communications,Quadhelix,Android
cnet-1677,CallControl Asterisk for Mac,Trial version,Communications,CallControl Dev,Mac
aptoide-0366,Crafting and Building GeneRe Trusted 7.0+,4.5,Adventure,Crafting and Building,7.0+
apkpure-0014,Sea Temperature,,Free Weather,Georgiy Gorokhov,Android 8.0+
appagg-1495,HOT WHEELS UNLEASHED™ 2 - Turbocharged - Deluxe Edition,3.5,Racing & Flying,Milestone S.r.l.,Windows Games
appbrain-0536,Bheem Galaxy Rush Game,5.00,Adventure,2.01.20,Android Apps
cnet-1811,Euro Truck Simulator 2,User Rating | User Rating,Simulation,SCS Software,Mac
aptoide-0884,Pizza Ready! Supercent Trusted 7.0+,5.0,Simulation,Pizza Ready!,7.0+
apkpure-0487,Line Puzzle Master,,Free Casual Game,PT. Ibunda Digital Indonesia,Android 5.1+
cnet-0318,Blox fruits mods for roblx APK for Android,User Rating | User Rating,Games Utilities & Editors,ModsRBX,Android
cnet-1336,Real Pool 3D for iOS,User Rating | User Rating,Sports Games,Subhendu Behera,iOS
aptoide-2384,CaixaBankNow CaixaBank Official 5.1+,2.5,Finance,CaixaBankNow,5.1+
apkpure-1413,Perfectme: AI Photo Enhancer,,Free Beauty,LevaiX Lab,Android 7.0+
appagg-0538,Casas Bahia: Compras Online,,Shopping,Developer: Grupo Casas Bahia S.A. (9),Android Apps
cnet-0235,Movplx,User Rating | User Rating,Entertainment Software,MOVPLX,Android
cnet-0842,Boating Australia&NZ HD,User Rating | User Rating,Maps,Navionics,Android
apkpure-1896,Icon Group,,Free Events,Zhao Zhiqiang,Android 5.0+
cnet-0958,Kitsunebi,User Rating | User Rating,Utilities & Tools,Kits Labs,Android
cnet-0601,InstaBIZ,User Rating | User Rating,Business Applications,ICICI Bank Ltd.,Android
cnet-1750,Graphviz for Mac,User Rating | User Rating,Reference Software,Graphviz,Mac
apkpure-0621,fooView FV Float Viewer,9.8,Free Productivity,fooView Inc.,Android 4.1+
appagg-1535,Nintendo,,Action & Adventure,Vidas Games,Nintendo Games
apkpure-1250,Pure Tuber: Block Ads on Video,7.1,Free Video Players & Editors,High5 Animation Company Limited,Android 5.0+
aptoide-2478,Waze Navigation & Live Traffic,4.4,Maps & Navigation,Waze Navigation & Live Traffic,8.1.0+
apkpure-1041,WESLAMIC,,Free Tools,Smartagedevelop,Android 8.0+
apkpure-1281,Kitoplastic,,Free Auto & Vehicles,Pontua.io,Android 7.0+
appbrain-1918,Göztepe,5.00,Sports,Göztepe,Android Apps
apkpure-0265,Extreme SUV Driving Simulator,9.6,Free Racing Game,AxesInMotion Racing,Android 7.0+
aptoide-0368,World Craft Block Craftsman Craftgames Trusted 6.0+,3.9,Adventure,World Craft,6.0+
appagg-0791,My Cafe — Restaurant Game,7.4,Casual,Melsoft Games Ltd (2),Android Games
apkpure-0902,Workout for Women,10.0,PERSONAL TRAINER,Leap Fitness Group,Android 6.0+
cnet-0741,AMC Security APK for Android,User Rating | User Rating,Security Software,AMC Security,Android
aptoide-1676,Vigo Lite WangSimian Official 4.0.3 - 4.0.4+,4.6,Social,Vigo Lite,4.0.3 - 4.0.4+
aptoide-0847,Mod FNAF for MCPE New Apps Official 4.0.3 - 4.0.4+,3.6,Arcade,Mod FNAF for MCPE,4.0.3 - 4.0.4+
appagg-1272,CookieRun: OvenBreak,5,Adventure,Devsisters Corporation,Android Games
appbrain-0367,iLMeteo Light: meteo basic,5.00,Weather,1.59.1,Android Apps
appagg-0235,Duolingo - Language Lessons,5,Education,Duolingo (4),Android Apps
apkpure-0510,Too Good To Go End Food Waste,3.0,Free Food & Drink,Too Good To Go Aps,Android 5.0+
appbrain-0355,家計簿レシーピ！レシート読み取り・家計簿アプリでお金管理,5.00,Finance,BearTail X Inc.,Android Apps
aptoide-2444,DKB,-,Finance,DKB,10+
cnet-0218,CineB : Movies TV Series,User Rating | User Rating,Entertainment Software,Weighsun,Android
apkpure-2046,TikTok (Asia),7.9,Free Video Players & Editors,TikTok (Asia),Android 5.0+
appbrain-0312,Rastreio de Compra e Encomenda,5.00,Shopping,Facilita - Mobapps,Android Apps
apkpure-1851,Whistler,,Free Travel & Local,Apps Canada,Android 9.0+
appagg-0133,Uber Eats: Food Delivery,,Food & Drink,"Uber Technologies, Inc.",Android Apps
apkpure-0259,KiKANiNCHEN,,Free Casual Game,KiKA Der Kinderkanal von ARD und ZDF,Android 9.0+
appbrain-1375,Banner Esport Maker for Gaming,4.76,Art & Design,Mobile worlds,Android Apps
cnet-0005,Friend Search for WhatsApp APK for Android,User Rating | User Rating,Communications,GKA,Android
aptoide-1434,My Music AppCode Mobile Trusted 4.0.3 - 4.0.4+,-,Music,My Music,4.0.3 - 4.0.4+
apkpure-1935,Gym Workout,2.0,Free Health & Fitness,Leap Fitness Group,Android 6.0+
appbrain-0871,Yasin Surasi Uzbek (MP3 MP4),5.00,Books & Reference,Androazeri (Nural İsmayilov),Android Apps
appagg-1400,AquaLine Blue - Icon Pack,,Personalization,Panoto Gomo,Android Apps
appbrain-1798,AniruddhaBapu Devotee Blog,5.00,Social,41.0,Android Apps
appagg-0195,eBay online shopping & selling,5,Shopping,eBay Mobile,Platforms:
appbrain-0875,Voyo.sk,5.00,Entertainment,Voyo.sk,Android Apps
cnet-0696,Gacha Nox Apk for Android,User Rating | User Rating,Screensavers & Wallpaper,FDPStudio,Android
aptoide-1789,Browser 4G NOT_SIGNED_UP Official 4.1.x+,4.2,Communication >,NOT_SIGNED_UP,4.1.x+
apkpure-1701,Palacios,,Free Productivity,GRUPO PALACIOS ALIMENTACIÓN,Android 7.0+
cnet-0651,Ping tweaker - tweak ping up to 5000 byte/s APK for Android,User Rating | User Rating,Screensavers & Wallpaper,Pradipta Dev,Android
cnet-0854,Geo Area - GPS Area Calculator,User Rating | User Rating,Maps,CEGMaS Team,Android
apkpure-1718,Bu Player,,Free Video Players & Editors,Desenvolvedor Dev Pro,Android 5.0+
apkpure-2249,Fiverr Freelance Service,7.0,Free Business,Fiverr,Android 7.1+
appbrain-0815,O Livro de Enoque,5.00,Books & Reference,Apocalipse,Android Apps
aptoide-0821,Space shooter,4.1,Arcade,Galaxy attack,6.0+
appbrain-1806,Mytypes,5.00,Social,3.34.5,Android Apps
apkpure-1457,Blurrr,7.2,Free Video Players & Editors,PINGUO TECHNOLOGY HK CO LIMITED,Android 10.0+
appbrain-1155,Tartu bussiajad,5.00,Maps & Navigation,Mobi Lab,Android Apps
cnet-0614,VMOS Virtual Root Android on Android-Double System,User Rating | User Rating,Screensavers & Wallpaper,VMOS,Android
apkpure-0914,Course Hero: AI Homework Help,,Free Food & Drink,Future Today Inc,Android 5.1+
apkpure-1835,Opodo,,Free Travel & Local,Opodo,Android 8.0+
appagg-0347,MyFitnessPal: Calorie Counter,5,Health & Fitness,"MyFitnessPal, Inc.",Android Apps
aptoide-1244,Merkur24 – Slots & Casino,4.7,Casino,Merkur24 – Slots & Casino,7.1+
appagg-0728,Standoff 2,,Action,AXLEBOLT LTD (2),Android Games
apkpure-1584,Samp Mobile,,Free Adventure Game,BLACKBIRD STUDIOS,Android 5.0+
cnet-1357,Coin Master for iOS,User Rating | User Rating,Arcade Games,Rus Flaviu,iOS
cnet-2262,Adze for Mac,User Rating | User Rating,Maps,Kobot Software,Mac
apkpure-1347,ONYX,,Free Health & Fitness,CBA-Pro1,Android 8.0+
aptoide-0146,CS16Client (Unreleased),4.2,Action,Flying With Gauss,1.5+
appbrain-0746,Countries of Africa Quiz,4.81,Educational,Atlas Educational Software,Android Apps
aptoide-0275,Real Bus Games - Bus Simulator Games Coder Trusted 7.0+,-,Strategy,Real Bus Games - Bus Simulator,7.0+
appagg-0616,Anghami: Play music & Podcasts,5,Music & Audio,Anghami Technologies,Android Apps
cnet-1580,AZANIA MOBILE BANKING,5,Business Applications,AZANIA BANK LIMITED,iOS
aptoide-0601,Antistress - relaxation toys,4.6,Puzzle,Antistress - relaxation toys,4.4 - 4.4.4+
aptoide-0736,Earphones,5.0,Video Players & Editors,Earphones,11+
aptoide-1208,Spin to Win Cash BD Comics Official 5.1+,4,Casino,Spin to Win Cash,5.1+
appbrain-0273,"UC Browser-Safe, Fast, Private",4.31,Communication,13.4.2.1307,Android Apps
cnet-0402,Ultraman Rumble2:Heroes Arena,User Rating | User Rating,Arcade Games,DWEB,Android
appagg-0088,Google Translate,5,Tools,Google LLC,Android Apps
cnet-1519,iCMOB,User Rating | User Rating,Business Applications,By CP PLUS GMBH & CO.KG,iOS
cnet-2185,Appnimi ZIP Password Unlocker,User Rating | User Rating,Security Software,Appnimi,Mac
aptoide-0095,DRAGON BALL LEGENDS,3.7,Action,BANDAI NAMCO Entertainment Inc.,11+
cnet-0684,S4 Live Wallpaper APK for Android,User Rating | User Rating,Screensavers & Wallpaper,CherryByt,Android
cnet-2031,iFly for Mac,User Rating | User Rating,Productivity Software,iFly,Mac
appagg-1734,Andarin Weppes,,Action & Adventure,Next in Game,Steam Games
aptoide-2418,ING Deutschland ING-DiBa Trusted 10+,5.0,Finance,ING Deutschland,10+
appagg-1075,Sand Balls - Puzzle Game,,Puzzle,SayGames Ltd (282),Android Games
aptoide-2000,Private Compute Services Google LLC Trusted 11+,-,Tools,Private Compute Services Google LLC Trusted,11+
cnet-2017,Winmail.dat Opener for Mac,User Rating | User Rating,Business Applications,XJH,Mac
aptoide-0243,Parking Jam,4.0,Strategy,Car Parking Games,7.1+
appagg-1837,Dungeon Warriors,,Action & Adventure,Ant Design Games,Steam Games
aptoide-1809,La VPN - Online VPN Proxy,4.8,Communication >,La VPN - Online VPN Proxy,4.4 - 4.4.4+
appbrain-1592,Love Birds Photo Frames,5.00,Photography,RamkumarApps,Android Apps
apkpure-0795,Home Games Arcade Stick Ninja - 3v3 Battle,9.5,Free Arcade Game,PhanGia,Android 7.0+
cnet-0515,Candy Cash,User Rating | User Rating,Business Applications,By DEALING BENEFICIAL FINANCIAL SERVICES PVT. LTD.,Android
apkpure-0740,PLAY'A VR Cardboard,,Swearl,Swearl,Android 8.0+
cnet-0501,FancyU Pro - Video Dating,User Rating | User Rating,Social Networking Software,F&W Team,Android
cnet-1992,HP Smart for Desktop,User Rating | User Rating,Productivity Software,HP Inc.,Mac
apkpure-1042,Maum 1 on 1 Voice Chat,10.0,Free Social,Maum,Android 8.0+
aptoide-1572,TikTok Lite - Save Data & Fast,4.0,Video Players & Editors,TikTok Pte. Ltd.,5.1+
appagg-0009,Google Play services,5,Tools,Google LLC,Android Apps
appbrain-0972,Canal SP,5.00,Entertainment,SouthApp Dev,Android Apps
cnet-1623,Phone Amego for Mac,User Rating | User Rating | User Reviews,Communications,Sustainable Softworks,Mac
appbrain-0014,Seekee - Ai Search & Assistant,4.58,Tools,1.6.1,Android Apps
apkpure-0367,Home Games Sports The Real Juggle,7.9,Free Sports Game,Lion Studios,Android 7.0+
appagg-2014,Tree Bonsai,,Classics,PanGuoJun,Steam Games
apkpure-1277,Moj Lite,9.2,Free Social,OneSchool-Student,Android 5.0+
cnet-0572,SG TOTO 4D SWEEP,User Rating | User Rating,Business Applications,nctam,Android
apkpure-0424,Mirror of Past Life,,Free Entertainment,Game Palette,Android 5.1+
aptoide-0566,Juegos Varios 3,-,Sports Games,Juegos Varios 3,4.1.x+
appbrain-1863,DJJS,4.88,Social,Divya Jyoti Jagrati Sansthan,Android Apps
aptoide-1086,Highway Speed Bike Race iqinteractive Official 2.3.3 - 2.3.7+,4.5,Racing,Highway Speed Bike Race,2.3.3 - 2.3.7+
aptoide-0556,Multiplayer Snooker 8 Ball Nolatumet Pugabumet Official 2.3 - 2.3.2+,5.0,Sports Games,Multiplayer Snooker 8 Ball,2.3 - 2.3.2+
appbrain-0436,Gente Color Cartón,4.88,Action,1.0.11,Android Apps
appagg-1324,Stickman Warriors,,Action,SkySoft Studio (12),Android Games
aptoide-1982,ZArchiver ZDevs Official 7.0+,4.6,Tools,ZArchiver,7.0+
cnet-1238,Ultimate Lightning McQueen for iOS,User Rating | User Rating,Entertainment Software,Orbotix,iOS
cnet-1485,Universe on the move,User Rating | User Rating,Business Applications,ICICI Bank Ltd.,iOS
appbrain-0349,SUUMO 賃貸・売買物件検索アプリ,5.00,House & Home,"Recruit Co.,Ltd.",Android Apps
appagg-1577,WFP 129 Military watch face,4.3,Personalization,WFProduction by Alexandr Kovalev,Android Apps
apkpure-0694,Home Games Sports 8 Ball Pool,8.6,Games,Miniclip.com,Android 5.0+
appbrain-0158,Google Drive,4.30,Productivity,2.25.190.3.all.alldpi,Android Apps
cnet-0067,Gay Stickers for WhatsApp - WAStickerApps APK for Android,User Rating | User Rating,Communications,By AppsFantasticas,Android
aptoide-2258,"Webex Cisco Systems, Inc. Trusted 11+",5.0,Business,Webex,11+
cnet-0849,Not 2 4get,User Rating | User Rating,City Guides,Comune di Milano,Android
apkpure-0135,Tennis Games 3D Sports Games,,Free Sports Game,ZoomBit,Android 7.0+
cnet-0330,Minecraft: Story Mode APK for Android,User Rating,Action Games,Telltale Games,Android
cnet-0103,Chikka Text Messenger for Android,User Rating | User Rating,Communications,Chikka,Android
cnet-0963,Google Account Manager APK for Android,User Rating,Utilities & Tools,Google LLC,Android
appagg-0033,ChatGPT,,Productivity,OpenAI,Android Apps
aptoide-1914,Video Editor Trusted 7.0+,2.9,Media & Video,Video Editor,7.0+
apkpure-0856,Pizza Hut Delivery & Takeout,9.0,Free Food & Drink,Pizza Hut Inc,Android 10.0+
appbrain-0782,Cooking Games for Kids & Girls,4.75,Educational,39.2.72,Android Apps
cnet-0847,Galileo Offline Maps and Navigation,User Rating | User Rating,City Guides,Mobile Maps SPC,Android
aptoide-1752,Potato chat,1.0,Communication >,Potato chat,5.1+
aptoide-0423,Lone Crafter,3.0,Adventure,Lone Crafter,5.1+
appagg-0628,Yandex Maps and Navigator,5,Maps & Navigation,Direct Cursus Computer Systems Trading LLC (68),Android Apps
apkpure-1068,Live Football Tv : Live Score,,Free Events,Cricim world,Android 5.0+
appagg-1978,Silo Art Australia,,Travel,Australian Silo Art Trail,iOS Apps
aptoide-0132,Helix Jump,4.3,Action,Helix Jump,7.1+
apkpure-0850,Studio24 Pro,,Free Beauty,Beauty Partners,Android 10.0+
aptoide-1936,PowerDirector - Video Editor CyberLink.com Trusted 8.1.0+,4.5,Video Players & Editors,PowerDirector - Video Editor,8.1.0+
aptoide-1269,Betfair Arcade – Play Rainbow Riches and Roulette,-,Casino,Betfair Apps,5.1+
appagg-1091,Honor of Kings,,Action,Level Infinite,Android Games
appbrain-1012,ADF Active: Entry Fitness Prep,5.00,Health & Fitness,1.11.24,Android Apps
aptoide-0107,Fire Squad Shooting Games,2.0,Action,Fire Squad Shooting Games,4.4 - 4.4.4+
appagg-0568,Control Center iOS 15,,Tools,LuuTinh Developer,Android Apps
aptoide-1646,Ucmate Play - Tube Player Ucmate Studio Official 5.1+,5.0,Social,Ucmate Play - Tube Player,5.1+
aptoide-0356,scream 1xBet,4.8,Adventure,salas,7.1+
cnet-1627,Gmail Notifier for Mac,User Rating | User Rating,Communications,Google,Mac
appagg-0484,365Scores: Live Scores & News,5,Sports,365Scores LTD,Android Apps
cnet-0887,AppRadio APK for Android,User Rating | User Rating,Maps,Pioneer,Android
appbrain-1510,Setting Sun Theme +HOME,5.00,Photography,+HOME by Ateam Entertainment,Android Apps
appagg-0674,AI music video maker:Beat.ly,,Video Players & Editors,Beat.ly music video maker with effects (5),Platforms:
appagg-0903,Tomb of the Mask: Old Maze,,Action,Playgendary Limited (44),Android Games
appagg-2013,Heavy load,,Action & Adventure,Bitlock Studio (35),Steam Games
appagg-0810,My Talking Tom Friends,3,Casual,Outfit7 Limited,Android Apps
apkpure-0426,Truck Simulator Truck Race,,Free Racing Game,Games For Fun Studios,Android 4.4+
appagg-0733,Coin Master,5,Casual,Moon Active,Android Games
appbrain-0842,Juz Amma - Bahasa Indonesia,5.00,Books & Reference,biminasoft,Android Apps
apkpure-2085,E-library,,Free Books & Reference,Kansalliskirjasto,Android 7.0+
apkpure-1791,"efood delivery: food, grocery",6.0,Free Food & Drink,efood,Android 7.0+
cnet-1116,Desmoxan,User Rating | User Rating,Educational Software,White Paper Agency Sp. z o.o.,iOS
appbrain-1358,Logo Maker And Logo Creator 3D,4.77,Art & Design,Firehawk,Android Apps
cnet-1234,Little Kitten - My Favorite Cat for iOS,User Rating | User Rating,Entertainment Software,Fox & Sheep,iOS
appbrain-1428,Markamama,5.00,Shopping,T-Soft Mobile,Android Apps
apkpure-1730,Draw Anime,,Free Art & Design,Braly JSC,Android 7.0+
appagg-0606,Duo Mobile,,Business,Duo Security LLC,Android Apps
cnet-1901,Softorino YouTube Converter 2,User Rating | User Rating,Internet Software,Softorino,Mac
aptoide-0001,Free Fire 111dots Studio Trusted 5.1+,4.3,Action,Free Fire,5.1+
apkpure-1805,Kobo,9.3,Free Books & Reference,Kobo Books,Android 10.0+
apkpure-1578,HC Houten,,Free Sports,LISA Hockey B.V.,Android 7.0+
aptoide-1072,Racing Go,4.5,Racing,Speed Thrills,7.1+
apkpure-2075,DesignEvo,9.7,Free Business,PearlMountain Technology Limited,Android 6.0+
appbrain-0939,WiFi - FFF FF Skin Tool,5.00,Entertainment,19.0,Android Apps
appbrain-0984,Mi Dorama Favorito 2,5.00,Entertainment,Mi Dorama Favorito,Android Apps
apkpure-0543,JointFight,,Free Casual Game,FUYAO,Android 7.0+
apkpure-0839,The Demonized,2.0,Free Simulation Game,Gameduo,Android 7.1+
appagg-1725,Wildfire Swap,,Classics,Ryan Kubik Games,Steam Games
appagg-0186,BeautyPlus-Selfie Film Camera,5,Photography,PIXOCIAL LABS PTE. LTD. (14),Android Apps
appagg-0072,Zomato: Food Delivery & Dining,,Food & Drink,Zomato,Android Apps
cnet-2111,Jewish Calendar for Mac,User Rating | User Rating | User Reviews,Screensavers & Wallpaper,The Michigan Apple Computer User Group,Mac
appagg-0739,Brain Test: Tricky Puzzles,,Trivia,Unico Studio (104),Android Games
aptoide-0471,Snooker Knockout Tournament Rupert Young Official 4.1.x+,1.0,Sports Games,Snooker Knockout Tournament,4.1.x+
apkpure-0582,Real Police Car Chase Cop Game,,Free Adventure Game,Dream Tech Studio,Android 7.1+
appagg-1170,Tom Clancy's Rainbow Six® Siege,,Action & Adventure,Ubisoft (649),iOS Apps
apkpure-0866,My Cooking,10.0,Free Arcade Game,gameone,Android 7.0+
aptoide-1377,Piano Music Tiles Hot song TilesGame Trusted 7.0+,5.0,Music,Piano Music Tiles Hot song,7.0+
cnet-0401,Project Playtime 3D Mobile APK for Android,User Rating | User Rating,Action Games,Doa Software,Android
apkpure-1254,OSK-Mitarbeiter,,Free Productivity,Haiilo,Android 8.0+
appbrain-0818,Kamus Pro Malay-English Dict,5.00,Books & Reference,5.4.16,Android Apps
apkpure-0003,Home Games Casual Coin Master,7.0,Games,Moon Active,Android 6.0+
appagg-1570,Cow Girls,,Classics,Hunny Bunny Studio (36),Steam Games
aptoide-0957,Bus Simulator Pro 2017,4.3,Simulation,Bus Simulator Pro 2017,4.1.x+
cnet-0405,Cricket Career 2016 APK for Android,User Rating | User Rating,Sports Games,Zealcity Studios,Android
cnet-1484,iVMS-4500 lite,User Rating | User Rating,Business Applications,Hikvision,iOS
appbrain-0248,Google Slides,4.03,Productivity,Google LLC,Android Apps
apkpure-1408,Swimming Lessons: Workout Plan,,Free Health & Fitness,Riafy Technologies,Android 7.0+
aptoide-2207,Mi Home,4.4,Lifestyle,Xiaomi Inc.,7.0+
appbrain-0064,VPN - fast secure vpn proxy,4.79,Tools,4.2.4,Android Apps
apkpure-0439,AirVid,,Free Photography,PIXOCIAL LABS PTE. LTD.,Android 7.0+
aptoide-0236,Grand City Gangster World Game,-,Strategy,Grand City Gangster World Game,6.0+
aptoide-0517,Infinity 8 Ball™ Pool King,5.0,Sports Games,Infinity 8 Ball™ Pool King,7.0+
appbrain-1033,Interval Timer - HIIT - Tabata,5.00,Health & Fitness,Just SW,Android Apps
appagg-0542,Mercari: Buying & Selling,,Shopping,"Mercari, Inc",Android Apps
appbrain-1111,Mindly,4.92,Health & Fitness,Mindly,Android Apps
aptoide-1618,Facelite for Facebook Lite FB Ezequiel Martinez Official,4.3,Social,Facelite for Facebook Lite FB,4.0.3 - 4.0.4+
cnet-0718,AdClear APK for Android,User Rating | User Rating,Security Software,SEVEN Networks,Android
aptoide-0682,Plants Warfare YUEYOO GAMES Official 5.1+,4.2,Puzzle,Plants Warfare,5.1+
appagg-0414,Wish: Shop and Save,,Shopping,Developer: ContextLogic Inc. (2),iOS Apps
apkpure-0088,VNeID,8.0,Free Productivity,Trung tâm dữ liệu quốc gia về dân cư,Android 5.0+
cnet-1333,Rust Mobile for iOS,User Rating | User Rating,Action Games,Facepunch Studios,iOS
appagg-1816,Lovely Fox,,Action & Adventure,Potato Chips,Steam Games
aptoide-2353,Plex Mobile,-,Business,Plex Mobile,7.1+
aptoide-2333,Easy Resume Builder - CV Maker,5.0,Business,Easy Resume Builder - CV Maker,5.1+
appagg-1826,The Walking Dead Onslaught,,Action & Adventure,Survios,Steam Games
apkpure-0744,Transparent clock and weather,8.8,Free Weather,MACHAPP Software Ltd,Android 6.0+
cnet-0009,kiss stickers for whatsapp for Android,User Rating | User Rating,Communications,lojain animated stickers,Android
appagg-0586,Audible: Audio Entertainment,5,Books & Reference,"Audible, Inc.",Android Apps
cnet-1383,Farming Simulator 14,User Rating | User Rating,Simulation,GIANTS Software,iOS
appagg-1127,Water Sort Puzzle,,Puzzle,Developer: IEC Global Pty Ltd (37),Android Games
appagg-1862,The Academy: The First Riddle,,Action & Adventure,Snapbreak,Android Games
aptoide-1562,Puzzle - Flowers and Beautiful Rose🌼🌸,-,Brain & Puzzle >,Puzzle - Flowers and Beautiful Rose🌼🌸,4.4 - 4.4.4+
cnet-2008,Microsoft Teams for Mac,User Rating | User Rating,Business Applications,Microsoft,Mac
aptoide-1267,Tactical Poker BovioSoft Games Official,-,Casino,Tactical Poker,2.3 - 2.3.2+
appbrain-0168,Digital Wellbeing,3.61,Tools,1.26.758697344 (724317),Android Apps
appagg-1869,Dab on Darkness!,,Classics,Sigyaad Team,Steam Games
apkpure-1393,Weather data & microclimate :,9.2,Free Weather,Weather Underground,Android 7.0+
apkpure-1118,Campfire,,Free Books & Reference,Campfire Technology,Android 7.0+
cnet-1479,C'Me - voice and video Calls for iOS,User Rating | User Rating,Social Networking Software,Technology Services,iOS
cnet-0079,Verizon Visual Voicemail,User Rating | User Rating,Communications,Motorola Mobility LLC,Android
appagg-1780,Kine,,Other,Chump Squad,Steam Games
cnet-1205,VPN cat master - express web proxy,User Rating | User Rating,Entertainment Software,Wenze He,iOS
aptoide-0469,Fishing Championship help@mobirix.com Official 4.1.x+,5.0,Sports Games,Fishing Championship,4.1.x+
cnet-2238,Trend Micro Antivirus for Mac,User Rating | User Rating,Security Software,Trend Micro Antivirus,Mac
cnet-0368,Game Turbo 4.0,User Rating | User Rating,Games Utilities & Editors,By Xiaomi Inc.,Android
aptoide-2294,J&T Express Indonesia PT. Global Jet Express Trusted 7.1+,4.3,Business,J&T Express Indonesia,7.1+
cnet-1230,Alpine Connect,User Rating | User Rating,Entertainment Software,"Alpine Electronics, Inc",iOS
cnet-0077,Live Mobile Number Tracker for Android,User Rating | User Rating,Communications,Zinn Studio,Android
cnet-0859,SunPass,User Rating | User Rating,City Guides,Florida's Turnpike Enterprise - ISD,Android
appagg-1432,Lines Watch Face,4.8,Lifestyle,amoledwatchfaces™ (192),Android Apps
appbrain-1420,"Mobile, DTH, Broadband Plans",5.00,Shopping,4.5.2,Android Apps
appbrain-0200,Subway Surfers,4.57,Arcade,3.46.11,Android Apps
apkpure-0710,AI Clothes Try-On: DressTry,,Free Beauty,Glovo Studio,Android 8.0+
appagg-0853,Talking Tom Cat,5,Casual,Outfit7 Limited,Android Apps
aptoide-0679,Train Game Brain Training Games Official 4.4 - 4.4.4+,5.0,Puzzle,Train Game,4.4 - 4.4.4+
appagg-0213,"Banco Itaú: Conta, Cartão e +",5,Finance,Developer: Itaú Unibanco S. A. (31),Android Apps
apkpure-0407,Urban Bus Simulator - Bus Game,,Free Simulation Game,Frolics Simulation & Action Games,Android 5.1+
appbrain-2027,Official Nottingham Forest,5.00,Sports,Nottingham Forest Football Club,Android Apps
appbrain-1532,GoSelfie,5.00,Photography,Must Have Apps SRL,Android Apps
cnet-0326,GTA 4 Mobile Edition #1,User Rating | User Rating,Action Games,APKFlash Uploader,Android
cnet-1454,TikBoost for likes and fans for iOS,User Rating | User Rating,Social Networking Software,Likes & followers reports,iOS
appbrain-1255,Nature Photo Frames Editor,5.00,Art & Design,Tri Core,Android Apps
cnet-1065,Ottawa REDBLACKS Sticker Pack for iOS,User Rating | User Rating,Communications,EveryStudio,iOS
cnet-0476,Booster for tiktok for Android,User Rating | User Rating,Social Networking Software,Cross Bits Communication,Android
cnet-0387,Angry Sea Dragon,User Rating | User Rating,Adventure Games,mymuislkjhm,Android
aptoide-1044,MAXIMUM CAR,3.9,Racing,MAXIMUM CAR,5.1+
aptoide-0664,Puzzles for adults 18,5.0,Puzzle,Puzzles for adults 18 sbitsoft.com Official,6.0+
apkpure-1803,Little Panda's Ice Cream Games,9.6,Games,BabyBus,Android 5.0+
cnet-0351,M416 Glacier Skin,User Rating | User Rating,Games,Hari Apps And Games,Android
aptoide-2053,Google Assistant Go,4.2,Tools,Google Assistant Go,8.1.0+
aptoide-1445,Puzbrain - Sonic,3.0,Brain & Puzzle >,Puzbrain - Sonic,4.1.x+
aptoide-0233,"The Rats Feed, Train and Dress Up Your Rat Family",3.8,Strategy,INTENIUM GmbH,5.1+
cnet-1197,Crackle - Movies & TV for iOS,User Rating | User Rating,Entertainment Software,Crackle,iOS
appbrain-1148,BeTrains,5.00,Maps & Navigation,BeTrains,Android Apps
cnet-1971,Microsoft Office 2024,User Rating | User Rating,Productivity Software,microsoft,Mac
appbrain-0343,guia de motéis go,5.00,Travel & Local,Travel & Local,Android Apps
apkpure-0041,Speak Out+,,Free Business,MAMC TADQIQOT,Android 5.0+
appagg-0127,Badoo Dating : Meet & Date,5,Dating,Badoo,Android Apps
cnet-0597,FortiClient VPN,User Rating | User Rating,Business Applications,Fortinet,Android
appagg-0185,Opera: Private Web Browser,5,Communication,Opera,Android Apps
aptoide-0855,Hercules Gold Run launchshipstudios Official,5.0,Arcade,Hercules Gold Run,4.1.x+
aptoide-2057,Mi Mover,3.7,Tools,Mi Mover,5.1+
appbrain-0329,MexDin: Préstamos de crédito,5.00,Finance,2.1.9,Android Apps
cnet-1345,Teen Titans GO Figure for iOS,User Rating | User Rating,Action Games,Cartoon Network,iOS
apkpure-1509,Magic Assault,,Games,Pink Thing,Android 5.1+
appagg-0160,McDonald's,,Food & Drink,McDonald's USA (2),iOS Apps
aptoide-1355,Give It Up!,4.4,Music,Invictus Games Ltd.,4.0.1 - 4.0.2+
cnet-1707,CLC Sequence Viewer for Mac,User Rating | User Rating,Reference Software,CLC bio,Mac
appagg-0654,Visha-Video Player All Formats,,Video Players & Editors,Visha Group,Android Apps
appagg-1330,Injustice 2,5,Action,Warner Bros. International Enterprises,Android Apps
appagg-1337,Vehicle Masters,,Simulation,Developer: SayGames Ltd (282),Android Games
appagg-0631,TickTock-TikTok Live Wallpaper,,Tools,TikTok Pte. Ltd.,Android Apps
aptoide-0257,Weed Boss - Run A Ganja Farm & Be Firm Tycoon Inc,4.0,Strategy,Weed Boss - Run A Ganja Farm & Be Firm Tycoon Inc,4.1.x+
aptoide-1632,Phone Trusted 7.1+,3.1,Social,Phone Trusted,7.1+
appbrain-1861,3VO: Social Crypto,4.89,Social,3VO S.A.,Android Apps
aptoide-1495,Educational games for kids 4bambini Trusted 4.4 - 4.4.4+,3.5,Educational,Educational games for kids,4.4 - 4.4.4+
aptoide-1171,Slots™ - Pharaoh's Journey,5.0,Casino,Slots™ - Pharaoh's Journey,2.3 - 2.3.2+
aptoide-0214,Paper War,5.0,Strategy,Paper War,7.1+
aptoide-1438,Lion - King Piano Tiles RC Official 4.4 - 4.4.4+,-,Music,Lion - King Piano Tiles,4.4 - 4.4.4+
cnet-0920,XAPK Installer,User Rating | User Rating,Utilities & Tools,APKPure,Android
apkpure-0633,Idle Guy,9.6,Free Simulation Game,Heatherglade Publishing,Android 6.0+
cnet-2244,PassFab Android Unlocker,User Rating,Security Software,"By PassFab Co., Ltd.",Mac
aptoide-1785,Contacts,4.5,Sports >,Contacts,11+
appbrain-0114,My Coloring Book,2.53,Puzzle,GameLord 3D,Android Apps
appbrain-0865,Ressuscitou,5.00,Books & Reference,Caminho Neocatecumenal no Brasil,Android Apps
aptoide-1158,Aviator Jenifer Frances Ferrer Official 7.1+,1.0,Casino,Aviator,7.1+
cnet-0172,Holy Bible NKJV Offline - New King James Version,User Rating | User Rating,Educational Software,Bible International Version,Android
appbrain-0982,Leo Horoscope,5.00,Entertainment,1.5.0,Android Apps
apkpure-0131,Grapple Hook Hero,,Free Action Game,KAYAC Inc.,Android 6.0+
appagg-2039,Felix The Reaper,,Action & Adventure,Daedalic Entertainment (182),Windows Games
aptoide-1210,BlackJack Eliran Avadyayev Official 2.3 - 2.3.2+,-,Casino,BlackJack,2.3 - 2.3.2+
cnet-1638,Keypad for Mac,User Rating | User Rating,Communications,Harrison Weinerman,Mac
cnet-1478,SEXY CHAT with strangers for iOS,User Rating | User Rating,Social Networking Software,max saban,iOS
apkpure-1566,GroupCal,,Free Productivity,24me,Android 8.0+
aptoide-0890,Juegos de Carreras de Carros Yassine Sdw Official 6.0+,-,Simulation,Juegos de Carreras de Carros,6.0+
cnet-1258,Procreate Pocket,User Rating | User Rating,Entertainment Software,Savage Interactive Pty Ltd,iOS
apkpure-0096,MazeRunner,,Games,international winners company,Android 5.1+
apkpure-0774,PREQUEL AI Filter Photo Editor,7.9,PHOTO & VIDEO EFFECTS,Prequel Inc.,Android 7.0+
appbrain-0012,HOT — Crypto Bitcoin Wallet,4.57,Finance,HERE Wallet,Android Apps
apkpure-0311,"Flyers, Poster Maker, Design",9.2,Free Business,Apps You Love,Android 8.0+
aptoide-2442,Binomo - Analytics Platform Binomo Official 8.1.0+,4.0,Finance,Binomo - Analytics Platform,8.1.0+
cnet-0734,Turbo VPN Lite,User Rating | User Rating,Security Software,Innovative Connecting,Android
aptoide-1025,GT Speed Club - Drag Racing / CSR Race Car Game,4.3,Racing,Speed Club - Drag Racing / CSR Race Car Game,4.4 - 4.4.4+
aptoide-0649,Puzzle Games Dzoni Official 4.1.x+,4.1,Puzzle,Puzzle Games Dzoni Official,4.1.x+
cnet-1533,DWG FastView Pro-CAD drawing and viewer,User Rating | User Rating,Productivity Software,Gstarsoft,iOS
apkpure-0700,The Chain,,Free Auto & Vehicles,The Chain Pty Ltd,Android 9.0+
appagg-0206,CAIXA,5,Finance,Developer: Caixa Econômica Federal (25),Android Apps
apkpure-0469,Nothing Weather,,Free Weather,NOTHING TECHNOLOGY LIMITED,
aptoide-2267,Wire - Secure Messenger Wire Swiss GmbH Official 8.1.0+,4.8,Business,Wire - Secure Messenger,8.1.0+
appagg-1802,Pianistic,,Action & Adventure,Bytecat Games,Steam Games
appagg-0706,Clash Royale,5,Strategy,Supercell,Android Games
apkpure-1496,Lep's World,8.5,Free Arcade Game,nerByte GmbH,Android 6.0+
apkpure-2039,Vertical Player,,Free Video Players & Editors,Codes AndMe,Android 7.1+
appagg-1265,Lep's World 3,5,Arcade,nerByte GmbH,Android Games
apkpure-0119,Shift Work Calendar (FlexR),,Free Productivity,Klwinkel.com,Android 7.0+
appagg-1402,Heartstop,,Action & Adventure,M.A. Starling,Steam Games
appagg-1331,Racing Moto,5,Racing,DroidHen,Android Games
appbrain-0076,Truck Driving Games City Truck,3.89,Strategy,Desktechx,Android Apps
apkpure-0993,Wahy,6.0,Free Books & Reference,مركز تفسير - Tafsir Center,Android 6.0+
apkpure-1516,Dinosaur Hunting Games 3D 2023,,Free Action Game,Metaphase games,Android 10.0+
appbrain-1108,TeddyCare: Daily Routine Plan,4.92,Health & Fitness,1.0.1,Android Apps
cnet-0724,OI Safe,User Rating | User Rating,Security Software,OpenIntents,Android
apkpure-1123,Amazon Seller,9.2,Free Business,Amazon Mobile LLC,Android 6.0+
appbrain-0220,Weather - By Xiaomi,4.16,Weather,Xiaomi Inc.,Android Apps
apkpure-0563,Air Hockey Home,,Free Sports Game,Nepwag,Android 5.1+
appbrain-1871,Ganesh: Om Gan Ganpataye Namo,4.87,Social,Spiritual Studio,Android Apps
cnet-2229,eScan Anti Virus Security,Trial version,Security Software,eScan (MicroWorld Technologies),Mac
cnet-1302,CUPHEAD MOBILE,User Rating | User Rating,Games,GAMES WORLD KERESKEDELMI ES SZOLGALTATO BT,iOS
appbrain-0528,Zombie Hunter 2,4.80,Action,Viva Games Studios,Android Apps
apkpure-2154,Busworld,,Free Events,ExpoPlatform,Android 7.0+
appagg-1566,Nintendo,,Action & Adventure,SuperPowerUpGames,Nintendo Games
appbrain-0466,Sniper Attack 3D: Shooting War,4.84,Action,1.3.41,Android Apps
apkpure-0079,Prayers for everyday. Devotion,,Free Books & Reference,Devotionals & Prayers Zinnwaldite Tuxedo,Android 6.0+
cnet-0707,StopAd,User Rating | User Rating,Security Software,Novnify,Android
aptoide-1284,Teen Patti Game,-,Casino,Teen Patti Game,4.1.x+
cnet-0486,Indian Aunty Chat Meet for Android,User Rating | User Rating,Social Networking Software,ApnaSolution,Android
cnet-1121,Peppa Pig: Party Time for iOS,User Rating | User Rating,Educational Software,Entertainment One,iOS
cnet-0365,777 Game,User Rating,Games,Sameer Ansari,Android
cnet-0818,VoiceTra(Voice Translator),User Rating | User Rating,City Guides,NICT,Android
appagg-0625,Memrise: Languages for life,5,Education,Memrise,Android Apps
aptoide-0676,Bubble Pop Origin! Puzzle Game BitMango Trusted 7.0+,5.0,Puzzle,Bubble Pop Origin! Puzzle Game,7.0+
cnet-1314,Grand Theft Auto: Vice City,User Rating | User Rating,Adventure Games,Rockstar Games,iOS
apkpure-0333,PixFolio Photos & Slideshows,,Free Photography,Snapwood Apps Photos & Slideshows,5.0
apkpure-2157,Hula AI Video Generator,,Free Photography,Prequel Inc.,Android 10.0+
apkpure-0450,Publer Social Media Tools,,Free Social,Kalemi Code LLC,Android 7.0+
cnet-2054,Bank2CSV,User Rating | User Rating,Productivity Software,ProperSoft,Mac
appbrain-1824,Bip Connect,5.00,Social,SOLEM S.A.S,Android Apps
apkpure-0293,Dusk of Dragons: Survivors,,Games,COREGAMES PTE. LTD.,Android 7.0+
appbrain-1480,Najeeb Mart & Pharmacy,5.00,Shopping,Xperia Tech,Android Apps
aptoide-0860,PAC-MAN,4.4,Arcade,PAC-MAN,6.0+
appagg-0178,"Vi: Recharge, Payments & Games",5,Productivity,Vodafone Idea Ltd. (18),Android Apps
cnet-1831,Hotel Dash 2: Lost Luxuries,Trial version,Strategy Games,Macgamestore,Mac
aptoide-0374,Fractal Space HD,4.5,Adventure,Fractal Space HD,7.0+
apkpure-0852,POS360,,Free Business,Engaged Support,Android 6.0+
aptoide-0555,Penalty Shooters 2 (Football),3.0,Sports Games,Penalty Shooters 2 (Football),6.0+
appagg-1121,Wrestling Revolution 3D,5,Sports,MDickie,Android Games
cnet-0459,Liker Tik Tok : Followers & Fans & Hearts for Android,User Rating | User Rating,Social Networking Software,Jay Goga,Android
aptoide-1731,Proton Mail Encrypted Email ProtonMail Trusted 10+,4.5,Communication >,Encrypted Email,10+
cnet-1407,Talkatone: Unlimited SMS Texting & Calls With WiFi,User Rating | User Rating | User Reviews,Social Networking Software,TalkMe.IM,iOS
aptoide-0266,The Bonfire Forsaken Lands,3.3,Strategy,Forsaken Lands,4.1.x+
cnet-1686,Google Book Downloader,User Rating | User Rating,Educational Software,hac the planet,Mac
aptoide-1475,Kids Piano Melodies Sikander Official 4.1.x+,4.3,Brain & Puzzle >,Kids Piano Melodies,4.1.x+
apkpure-1183,Kick it out 2025,,Free Sports Game,Ludetis UG (haftungsbeschränkt),Android 6.0+
aptoide-1341,Piano Music Go-EDM Piano Games,4.2,Music,Piano Music Go-EDM Piano Games,4.4 - 4.4.4+
cnet-2283,Garmin Express for Mac,User Rating | User Rating,Maps,Garmin,Mac
appbrain-1006,SCA Aluno,5.00,Health & Fitness,ProSistemas Tecnologia em Software,Android Apps
aptoide-0049,Mission IGI Fps Shooting Game,3.7,Action,9 Pixels,5.1+
appagg-1509,LunaBeat,,Action & Adventure,LunaBeat (5),Steam Games
cnet-0379,Frontline Commando: D-day APK for Android,User Rating | User Rating,Action Games,Glu,Android
apkpure-0500,FPS Commando Shooting Games,9.1,Games,Hazel Mobile Games,Android 6.0+
apkpure-1786,G&H 2.0,,Free Business,Henry Lee Brewington II,Android 7.0+
cnet-2273,Geocoordinate And Map,Trial version,Maps,Stephan Schulmeister Software Development,Mac
cnet-0457,Dirtymoji - Dirty Adult Emoji for Android,User Rating | User Rating,Social Networking Software,EDB Group,Android
apkpure-2191,AnimeciX Türkçe Anime OnMu¿ 1.480 Trusted,10.0,Free Social,OnMu¿,Android 5.0+
cnet-1237,Hello Kitty Cafe,User Rating | User Rating,Entertainment Software,Sanrio Digital Europe,iOS
aptoide-2374,CoinMarketCap,4.3,Finance,CoinMarketCap,7.0+
aptoide-1286,Las Vegas Roulette Winner Yoheved Cohen Official 2.3 - 2.3.2+,-,Casino,Yoheved Cohen,2.3 - 2.3.2+
cnet-1497,Kissht for iOS,User Rating | User Rating,Business Applications,OnEMi Technology Solutions,iOS
appagg-0969,Truck Simulator : Ultimate,,Simulation,Zuuks Games,Android Games
appbrain-0290,Uber - Request a ride,4.47,Maps & Navigation,4.579.10001,Android Apps
appbrain-0691,Tizi Modern Home & Room Design,4.90,Educational,1.9.5,Android Apps
appbrain-0944,Ma Petite Planète,5.00,Entertainment,Ma Petite Planète,Android Apps
appbrain-0024,Lumber Chopper,3.49,Simulation,43.0.0,Android Apps
cnet-0828,HuMap - EU Offline Maps APK for Android,User Rating | User Rating,Maps,Greenfish,Android
aptoide-0980,العاب بنات 2020 Turkish clothes 2020 Official 4.4 - 4.4.4+,5.0,Simulation,العاب بنات 2020,4.4 - 4.4.4+
appagg-0787,Extreme Car Driving Simulator,5,Racing,AxesInMotion Racing,Android Games
apkpure-0299,Ice Scream 6,9.4,Free Adventure Game,Keplerians Horror Games,Android 7.0+
appbrain-0387,山海有妖獸,5.00,Role Playing,MetaDream,Android Apps
cnet-0266,Filmyhit Movies for Android,User Rating | User Rating,Entertainment Software,Filmyhit Movies,Android
cnet-2109,CuteClips for Mac,User Rating | User Rating,Screensavers & Wallpaper,Karsten Kusche,Mac
apkpure-0971,Nicegram Secure AI Messenger,9.4,Free Social,Appvillis,Android 7.0+
apkpure-2109,Extreme Car Driving Simulator,8.4,Free Racing Game,AxesInMotion Racing,Android 7.0+
apkpure-2150,Head Rush,,Free Arcade Game,Tezzer Interactive Games,Android 8.0+
aptoide-1222,Giftloop - Play & Win Rewards X Global Trusted 7.1+,4.5,Casino,Giftloop - Play & Win Rewards,7.1+
appbrain-0318,Listen Thai Music,5.00,Music & Audio,"Boom Co., Ltd.",Android Apps
aptoide-1242,Mini Casino Slots Animan Publishing Official 4.0.1 - 4.0.2+,-,Casino,Mini Casino Slots,4.0.1 - 4.0.2+
appagg-1167,European Truck Simulator,5,Simulation,Ovidiu Pop (17),Android Games
cnet-2078,Smart Scroll for Mac,User Rating | User Rating | User Reviews,Screensavers & Wallpaper,Marc Moini,Mac
appbrain-1161,TrenulMeu - Mersul Trenurilor,5.00,Maps & Navigation,Trenul Meu,Android Apps
appbrain-0969,SIUUU,5.00,Entertainment,Matuidi,Android Apps
aptoide-1912,My VODOBOX Web TV (live),4.8,Media & Video,My VODOBOX Web TV (live),2.2.x+
apkpure-1418,REDnote,7.4,Free Social,行吟信息科技(上海)有限公司,Android 5.0+
appbrain-0646,Adventure Reborn: story game,4.79,Adventure,0.0.905,Android Apps
appagg-1192,Demolition Derby 2,5,Racing,Beer Money Games!,Android Games
cnet-1953,Phex,User Rating | User Rating,Internet Software,Phex Developer Team,Mac
appbrain-0165,Google TV,3.94,Video Players & Editors,4.39.3208.761013668.5-release,Android Apps
cnet-1713,Baldur’s Gate 3,User Rating | User Rating,Games,Larian Studios,Mac
cnet-2246,GPG Suite,Trial version,Security Software,GPGTools,Mac
appagg-2064,Jenny LeClue - Detectivu,,Action & Adventure,Mografi,iOS Apps
appbrain-0616,EscapeGame Enigmatic Ruins,4.89,Adventure,SquareHeadFactory,Android Apps
cnet-1780,MoleculeSketch for Mac,User Rating | User Rating,Reference Software,Stefan Dolder,Mac
aptoide-1594,Snapchat Guide,1.0,Social,Snapchat Guide,4.4 - 4.4.4+
appbrain-1541,Light Glow Film Cam - Camera,4.95,Photography,1.2.9,Android Apps
apkpure-0895,AMAP,5.3,Free Travel & Local,高德地图,Android 5.0+
aptoide-2480,Petal Maps – GPS & Navigation,4.6,Maps & Navigation,Petal Maps – GPS & Navigation,8.1.0+
aptoide-2259,Bolt Food Courier,-,Business,Bolt Food Courier,7.1+
apkpure-0765,Anime: The Last Battle,9.4,Games,Room Studios,Android 5.0+
apkpure-1194,AI Video Editor - Vidma Cut AI,10.0,Free Video Players & Editors,Vidma Video Studio,Android 9.0+
cnet-1220,Miracast for Screen Mirroring for iOS,User Rating | User Rating,Entertainment Software,Chengdu BoostVision Technology,iOS
cnet-0636,SMS Theme Sphere Black - chat text message dark APK for Android,Free,Screensavers & Wallpaper,Free Themes 2019 for Launcher Keyboard SMS Dialer,Android
cnet-1047,Vikings Emoji Stickers for iOS,User Rating | User Rating,Communications,Mimoza Xhaxho,iOS
cnet-1505,Capitec Remote Banking for iOS,User Rating | User Rating,Business Applications,Capitec Bank,iOS
appagg-0960,Hole.io,4,Sports,Voodoo,Android Apps
apkpure-0565,EPEGA SANTE,,Free Business,Devaxy,Android 7.0+
appbrain-0729,Dinosaur World 3D - AR Camera,4.88,Educational,dayYom,Android Apps
apkpure-1427,Police Car Games,8.4,Games,Next Hope,Android 6.0+
aptoide-1956,Yi Home,3.7,Video Players & Editors,Yi Home,7.1+
appagg-0823,Craftsman: Building Craft,,Simulation,StarGame12,Android Games
aptoide-1690,Mastodon Trusted 7.0+,5.0,Social,Mastodon,7.0+
aptoide-1051,Asphalt Xtreme,4.6,Racing,"Netflix, Inc.",8.1.0+
aptoide-2420,myABL,3.5,Finance,myABL,7.1+
aptoide-2167,IBO STB PLAYER ibo tv Official 4.4 - 4.4.4+,5.0,Entertainment,IBO STB PLAYER,4.4 - 4.4.4+
aptoide-0301,Westland Survival,4.0,Adventure,Cowboy Game,7.1+
cnet-1507,PartnerNet H-E-B for iOS,6.105,Productivity Software,PartnerNet H-E-B,iOS
appbrain-1867,Ram-Pratishtha,4.89,Social,Ram-Pratishtha,Android Apps
appagg-0342,Peacock TV: Stream TV & Movies,,Entertainment,Peacock TV LLC,Android Apps
cnet-2129,System 47 for Mac,User Rating | User Rating | User Reviews,Screensavers & Wallpaper,By meWho.com,Mac
appagg-1851,Waves of Rotting Flesh,,Action & Adventure,Chim Ruoi Games,Steam Games
appbrain-0459,Wild Battle Arena Beast War,5.00,Action,Dexus Wild,Android Apps
appagg-1878,KingSim,,Action & Adventure,Developer: Fuzzy Pixel Game Studio (2),Steam Games
apkpure-1845,TeraBox,8.6,Free Tools,Flextech Inc.,Android 5.1+
appagg-1912,Biped,,Action & Adventure,NEXT Studios,Android Games
aptoide-0489,Soccer World Zarapps Games Official 4.1.x+,4.0,Sports Games,Soccer World,4.1.x+
aptoide-1239,Slots & Wild Win Casino,5.0,Casino,Slots & Wild Win Casino,3.0+
appagg-1844,Kill It With Fire,,Action & Adventure,tinyBuild (205),Android Games
aptoide-1706,WhatsApp Messenger,4.1,Communication >,WhatsApp Messenger,5.1+
aptoide-0111,Offline Shooting 3D Gun Games Ninetytwo Gamer Official 6.0+,5.0,Action,Gun Games,6.0+
aptoide-0169,Dark War Survival Florere Game Trusted 6.0+,3.0,Strategy,Dark War Survival,6.0+
aptoide-2068,File Manager,5.0,Tools,File Manager,4.1.x+
apkpure-0080,Bible by Olive Tree,8.7,-GREEK & HEBREW TOOLS,Gospel Technologies,Android 10.0+
cnet-0007,Xiaomi Contacts and dialer,User Rating,Communications,By Xiaomi Inc.,Android
aptoide-0081,Among Us InnerSloth LLC Trusted 7.0+,4.0,Action,Among Us InnerSloth LLC Trusted,7.0+
apkpure-1981,Baby Panda World,8.1,Free Educational Game,BabyBus,Android 5.0+
apkpure-0335,C63 Drift Simulator,,Free Simulation Game,Apaydın Games,Android 6.0+
appbrain-0979,X-Mutant Creatures Mod,5.00,Entertainment,9.0.1,Android Apps
appbrain-1365,T Shirt Design - T Shirts Art,4.77,Art & Design,o16i Apps,Android Apps
cnet-1020,Om Nom Stickers for iOS,User Rating | User Rating,Communications,ZeptoLab UK Limited,iOS
appagg-0677,Privat24 – mobile bank,,Finance,JSC CB PrivatBank (7),Android Apps
appbrain-1655,Car Traffic Racer,5.00,Racing,Game Pickle,Android Apps
cnet-1847,Sally Face for Mac,User Rating | User Rating,Games,Portable Moose,Mac
aptoide-1713,Torque Pro (OBD 2 & Car) Ian Hawkins Official 4.1.x+,3.6,Communication >,Torque Pro (OBD 2 & Car) Ian Hawkins Official,4.1.x+
appbrain-1378,"Poster Maker, Flyer Maker",4.75,Art & Design,"Poster Maker, Flyer Maker",Android Apps
aptoide-0044,RetroArch Libretro Trusted 4.1.x+,4.2,Action,RetroArch,4.1.x+
appagg-1051,Sea battle 2: Warship Online,5,Action,Byril,Android Games
aptoide-1916,Argentina TV,3.4,Media & Video,Argentina TV Yuoi Apps Official,2.3.3 - 2.3.7+
appagg-1602,The Forever Winter,,Action & Adventure,Fun Dog Studios,Steam Games
aptoide-1673,SKYTUBE SKYRAS Private Limited Official 4.1.x+,1.0,Social,SKYTUBE,4.1.x+
cnet-0021,FoxFi (WiFi Tether w/o Root),User Rating | User Rating,Communications,FoxFi Software,Android
cnet-1176,Little Cow Stories for iOS,User Rating | User Rating,Educational Software,TribalWire,iOS
cnet-0872,iGO Navigation,User Rating | User Rating,Maps,NNG Software Developing and Commercial,Android
aptoide-0943,Jolly Farm Timed Arcade Fun HeroCraft Ltd Official,4.0,Simulation,Jolly Farm,7.0+
appagg-1144,Dude Theft Wars FPS Open world,,Action,Poxel Studios Games,Android Games
apkpure-0031,IMDb Movies & TV Shows,8.4,Free Entertainment,IMDb,Android 11.0+
cnet-0099,xvideo - Live Video Chat,User Rating | User Rating,Communications,Team Sweety,Android
cnet-1858,Sultan's Game,User Rating | User Rating,Strategy Games,2P Games,Mac
cnet-2223,2 GB Memory,User Rating | User Rating,Security Software,Centurion Technologies,Mac
apkpure-1713,Oxford Dictionary & Thesaurus,8.9,ADVANCED LEARNING TOOLS,MobiSystems,Android 8.0+
aptoide-1880,ZDF,4.4,Video Players & Editors,ZDF,7.1+
aptoide-0757,Galaxy Attack Shooting Game Venus88 Studio Trusted 7.1+,4.5,Arcade,Shooting Game,7.1+
aptoide-2400,"FGTS Saque - Consulta Saldo, Datas, Calcular Saldo",-,Finance,"FGTS Saque - Consulta Saldo, Datas, Calcular Saldo",4.1.x+
aptoide-0333,Pokemon Victory Fire Antonio Rubira Marin Official 2.3 - 2.3.2+,2.3,Adventure,Victory Fire,2.3 - 2.3.2+
apkpure-2189,rainbow obby: Adventure game,,Free Adventure Game,zsilvia pyter,Android 5.0+
appagg-1765,Gin Rummy 3D Premium,,Classics,BufoProject,Windows Games
aptoide-2151,1337x,5.0,Entertainment,1337x,4.0.1 - 4.0.2+
appbrain-0717,Portuguese for Beginners,4.86,Educational,LinDuo,Android Apps
cnet-2147,MacLion,User Rating | User Rating,Screensavers & Wallpaper,By Onemac.net,Mac
aptoide-1190,Lucky Diamond Patricia Curtis Official 2.3 - 2.3.2+,1.0,Casino,Lucky Diamond,2.3 - 2.3.2+
apkpure-0373,"Truck, Dinosaur Games for Kids",,Free Educational Game,GoKids! publishing,Android 7.0+
appagg-1263,Rocket League®,,Sports,Developer: Psyonix Inc (2),PlayStation Games
cnet-0699,Theme for Oppo ColorOS 7 / Oppo Color OS 7,User Rating | User Rating,Screensavers & Wallpaper,Smart Theme,Android
aptoide-0791,Carrom Cash,4.6,Arcade,Carrom Cash,7.0+
cnet-0118,How To Connect Wifi Without Password,User Rating | User Rating,Educational Software,Ariz Soft.,Android
appagg-1946,The Note of Red Evil,,Action & Adventure,16air,Steam Games
cnet-2251,VPN Tracker 365,User Rating | User Rating | User Reviews,Security Software,Equinux,Mac
aptoide-2437,Yahoo Finance Stocks & News Yahoo Trusted 7.1+,4.2,Finance,Yahoo Finance,7.1+
apkpure-1594,Zombie Offroad Safari,9.5,Free Racing Game,DogByte Games,Android 5.0+
apkpure-1193,iQuiniela,,Free Sports,Daniel Martín Martínez,Android 6.0+
appagg-1592,Call of Duty®: Modern Warfare® 3 (2011),,Action & Adventure,Activision,Windows Games
apkpure-1201,Kids Chores Tracker To Do List,,Free Parenting,NEATKID KIDS CHORE TRACKER AND REWARD CHART,Android 6.0+
appagg-1898,Tiny Echo,,Action & Adventure,Might and Delight,Steam Games
cnet-0196,Huawei Wear,User Rating | User Rating,Educational Software,Huawei Internet Service,Android
aptoide-1747,"Yandex Mail CloudMagic, Inc. Trusted 8.1.0+",4.6,Communication >,Yandex Mail,8.1.0+
appbrain-0187,"TikTok - Videos, Shop & LIVE",4.11,Social,40.1.4,Android Apps
apkpure-1345,YoWindow Weather and wallpaper,7.3,Free Weather,Weather View LLC,Android 6.0+
cnet-2154,Spanish Vocabulary Screensaver for Mac,User Rating | User Rating,Screensavers & Wallpaper,Online Language Help,Mac
appbrain-1471,LASOO - Online Shopping Deals,5.00,Shopping,IVE Group,Android Apps
cnet-0360,Cars: Fast as Lightning,User Rating | User Rating,Games,gameloft,Android
cnet-0904,Janitor AI APK for Android,User Rating | User Rating,Utilities & Tools,GPT DEV,Android
cnet-0562,MTN,User Rating | User Rating,Productivity Software,MTN South Africa,Android
aptoide-0437,Football Strike,4.4,Sports Games,Football Strike,7.1+
apkpure-2254,Toilet Agents,9.0,Free Action Game,MEMOLOGIYA,Android 7.0+
apkpure-0315,Fantasy 8 Ball: Pool Billiards,,Free Sports Game,ARK GAME LIMITED,Android 7.0+
appagg-0906,New Star Soccer,5,Sports,Five Aces Publishing Ltd.,Android Games
aptoide-1020,Free Race Car Racing game 1Race Games Official 4.1.x+,4.4,Racing,Car Racing game,4.1.x+
cnet-0679,Launcher - Galaxy J7 Prime Pro 2017 New Version,5,Screensavers & Wallpaper,SoFit Mobile Inc.,Android
aptoide-2348,Scratch and win Real Cash - Earn Real Money Bright india Official 4.1.x+,4.2,Business,Scratch and win Real Cash - Earn Real Money,4.1.x+
cnet-0170,AdorHealth,User Rating | User Rating,Educational Software,By Adorone Co. Limited,Android
appagg-1242,Ball Sort Puzzle,,Casual,Developer: IEC Global Pty Ltd (37),Android Games
aptoide-0785,Water adventures YovoGames Official 5.1+,5.0,Arcade,Water adventures,5.1+
aptoide-0332,Temple Run,1.6,Adventure,Temple Run,4.1.x+
cnet-1724,OpenLP,User Rating | User Rating,Educational Software,OpenLP,Mac
appagg-0407,Blinkit,,Food & Drink,Blinkit,Android Apps
apkpure-2124,beIN SPORTS CONNECT,9.2,Free Sports,beIN MEDIA GROUP,Android 5.0+
appagg-1883,Nintendo,,Action & Adventure,NOSTRA GAMES,Steam Games
apkpure-1071,CameraPhone,,Free Video Players & Editors,金葵花科技有限公司,Android 7.0+
cnet-0568,XMobi Customer,User Rating | User Rating,Business Applications,JumboStar Solutions,Android
appagg-1056,ASolver>I'll solve your puzzle,,Puzzle,B-nice soft,Android Apps
aptoide-0979,Lion Family Sim Online - Animal Simulator,4.6,Simulation,Lion Family Sim Online - Animal Simulator,4.4 - 4.4.4+
appbrain-1285,Football Jersey Maker - Shirts,4.98,Art & Design,1.1.29,Android Apps
cnet-2250,OneSafe,User Rating | User Rating,Security Software,Lunabee,Mac
appagg-2059,Flower Design Ⅱ,,Classics,PanGuoJun,Steam Games
appbrain-1945,LaPreferente,5.00,Sports,lapreferente.com,Android Apps
appbrain-0028,Dinosaur Merge: Block Fighting,4.10,Casual,"TVC Global., Ltd",Android Apps
appagg-0296,Microsoft Teams,5,Business,Microsoft Corporation,Android Apps
aptoide-0739,SAMURAI II,4.3,Arcade,VENGEANCE,4.0.1 - 4.0.2+
aptoide-2468,ExpertOption - Mobile Trading ExpertOption Trusted 7.1+,4.3,Finance,ExpertOption - Mobile Trading,7.1+
aptoide-1352,Blue Piano Tiles Claudia Ludwina Official 4.0.1 - 4.0.2+,3.0,Music,Blue Piano Tiles,4.0.1 - 4.0.2+
appbrain-0180,Google Assistant,3.78,Productivity,0.1.601924805,Android Apps
cnet-1450,Clash Base Pedia (with links) for iOS,User Rating | User Rating,Social Networking Software,Andrei Chiritescu,iOS
cnet-0790,Power Applock APK for Android,User Rating | User Rating,Security Software,Power Applock,Android
appbrain-1870,Read Chan - 4chan Reader,4.87,Social,Deezus V3,Android Apps
apkpure-0713,Gallery Vault-Hide Photo Video,9.5,Free Video Players & Editors,GalleryVault Developer Team,Android 5.0+
appagg-0317,Binance: Buy Bitcoin & Crypto,,Finance,Binance Inc.,Android Apps
apkpure-0937,Angry Birds POP Bubble Shooter,9.4,Free Casual Game,Rovio Entertainment Oy,Android 6.0+
apkpure-2119,talkSPORT,,Free Sports,News Corp UK & Ireland Limited,Android 5.0+
apkpure-1087,Good Inside Parenting,,Free Parenting,Good Inside,Android 7.0+
appagg-0146,Target,5,Shopping,Target,iOS Apps
appbrain-1290,DigitalPost - Poster Maker,4.87,Art & Design,1.0.81,Android Apps
appagg-0665,USPS Mobile®,,Business,United States Postal Service®,Android Apps
appagg-0868,Beach Buggy Racing,5,Racing,Vector Unit,Android Games
aptoide-0758,العاب بنات Dev-YouNess Official 4.0.1 - 4.0.2+,2.1,Arcade,العاب بنات,4.0.1 - 4.0.2+
cnet-0855,RouteShout 2.0,User Rating | User Rating,Maps,"RouteMatch Software, Inc.",Android
apkpure-1479,Soap Cutting Satisfying ASMR,7.5,Free Simulation Game,Coco Play By TabTale,Android 6.0+
apkpure-0881,Unmatched EGO - Soccer Action,8.7,Free Sports Game,1Car2Wills Games,Android 7.0+
aptoide-1514,Block Puzzle ayoub ben Official 4.4 - 4.4.4+,-,Brain & Puzzle >,Block Puzzle,4.4 - 4.4.4+
appagg-0790,Crossy Road,5,Action,HIPSTER WHALE,Android Games
apkpure-1740,Brainzott Mini Games,,Free Casual Game,TSACom,Android 7.1+
apkpure-1671,MyHome Home Services Near You,10.0,Free House & Home,Wabash Tech,Android 5.0+
appagg-0402,Ghibli Style Cartoon - ToonApp,,Photography,Lyrebird Studio (12),Android Apps
apkpure-2183,Pool Billiards Pro,9.1,Games,TerranDroid,Android 4.0+
aptoide-1716,Yandex Browser with Protect Яндекс Trusted 8.1.0+,4.5,Personalization,Yandex Browser with Protect,8.1.0+
aptoide-2406,KuCoin Buy Bitcoin & Crypto KuCoin Official 5.1+,4.4,Finance,KuCoin,5.1+
appbrain-0041,Hair Challenge,4.18,Action,Rollic Games,Android Apps
cnet-0606,WireShark,User Rating | User Rating,Screensavers & Wallpaper,Turlam Studio,Android
cnet-0010,Text Bomb APK for Android,User Rating,Communications,ericolszewski,Android
aptoide-1080,Moto Traffic Race 2 Multiplayer,4.4,Racing,Multiplayer,4.1.x+
apkpure-0532,Cricket Game : Sachin Saga Pro,9.4,Free Sports Game,JetSynthesys Inc,Android 7.0+
appbrain-0463,G-Switch 4: Creator,4.87,Action,Serius Games,Android Apps
appbrain-1766,Drive Challenge – Car Stunts,4.67,Racing,Android Apps > Racing > Drive Challenge – Car Stunts,Android Apps
cnet-0551,Pakistan Sim Owner Detail 2022,User Rating | User Rating,Productivity Software,Sim Database Online,Android
appbrain-1192,Taxi Verbita,5.00,Maps & Navigation,PRObyte creative developers,Android Apps
aptoide-2355,Selgros TRANSGOURMET Trusted 5.1+,-,Business,Selgros,5.1+
aptoide-2438,OPay Digital Services Limited Trusted 5.1+,3.8,Finance,OPay,5.1+
appbrain-1775,Dirt Trackin 2,4.65,Racing,3.3.2,Android Apps
appbrain-0861,Vissengids,5.00,Books & Reference,Vissengids,Android Apps
apkpure-1180,Warehouse,,Free Productivity,Segari,Android 5.0+
appagg-0657,Workday,5,Business,Workday,iOS Apps
cnet-0378,Happyhills Homicide: Mobile,User Rating | User Rating,Adventure Games,AiRa International,Android
aptoide-0109,Hammer 3D San Andreas Truls Kenneth Official 2.3 - 2.3.2+,3.8,Action,Hammer 3D San Andreas,2.3 - 2.3.2+
apkpure-0958,Infocar OBD2 ELM Scanner,2.0,Free Auto & Vehicles,"Infocar Co., Ltd.",Android 7.0+
appagg-0926,Vita Mahjong,,Board,Vita Studio.,Android Games
cnet-1997,Tuxera NTFS for Mac,5,Productivity Software,By Tuxera,Mac
apkpure-0733,LookLook,,Free Beauty,DIKIDI,Android 6.0+
appagg-1854,Tennis League AI Captain,4.2,Sports,BigBalli Consulting llc,iOS Apps
apkpure-1188,ReadNest,,Free Books & Reference,DreamTech Design & Studio,Android 5.0+
appagg-1549,Nintendo,,Action & Adventure,Take-Two Interactive,Nintendo Games
cnet-1463,"VGL - gay twink & jock guys chat, meet & date for iOS",User Rating | User Rating,Social Networking Software,Byte Factory LLC,iOS
appagg-1813,Chrono Trooper: Tactical Squad,,Action,Umut Karakoc,iOS Apps
appagg-1255,Traffic Escape!,,Puzzle,FOMO GAMES,Android Games
cnet-1460,Dating - YoCutie - Flirt & Chat for iOS,User Rating | User Rating,Social Networking Software,Gorilla Gaming Gmbh,iOS
appagg-1841,AccrO,,Simulation,Walter Machado,Steam Games
aptoide-0337,Save the Fish,3.8,Adventure,Pull The Pin,7.0+
aptoide-2292,One Drive,4.3,Business,One Drive,4.1.x+
cnet-2053,CalcMadeEasy for Mac,User Rating | User Rating,Productivity Software,CalcMadeEasy,Mac
cnet-0656,Rainbow Friends Chapter 2 MCPE,User Rating | User Rating,Screensavers & Wallpaper,S0909IIN,Android
appagg-1315,Super Sus,3,Action,PIProductions,Android Games
apkpure-0542,Fishing Hook,9.6,Free Sports Game,mobirix,Android 7.0+
apkpure-1210,Cek KIR Jakarta,,Free Auto & Vehicles,KIR DISHUB DKI,Android 6.0+
appbrain-0314,ポコロンダンジョンズ,5.00,Puzzle,"Grenge,inc",Android Apps
apkpure-0123,Special Forces Group 3: SFG3,9.3,Free Action Game,ForgeGames Mobile,Android 6.0+
appagg-1357,Build A Queen,,Casual,Developer: Supersonic Studios LTD (249),Android Apps
cnet-0462,WonTube,User Rating | User Rating,Internet Software,WonTube,Android
appagg-0937,Golf Clash - Golfing Simulator,5,Simulation,Electronic Arts,Android Apps
cnet-0774,Protect Your Kid,User Rating | User Rating,Security Software,Netcos,Android
aptoide-0248,Bloons TD 6 NETFLIX,2.6,Strategy,"Netflix, Inc.",10+
appagg-1512,QUICKERFLAK,,Action & Adventure,Walter Machado,Steam Games
aptoide-1430,Pink Heart Diamond Magic Tiles 3,-,Music,Pink Heart Diamond Magic Tiles 3,4.0.1 - 4.0.2+
appbrain-0817,Bíblia para Zap,5.00,Books & Reference,iPharez,Android Apps
aptoide-0981,Public Transport Simulator SkisoSoft Trusted 7.0+,4.5,Simulation,Public Transport Simulator,7.0+
apkpure-1775,VR Tour Bus,,Free Travel & Local,VR Tour Bus,Android 8.0+
cnet-0452,Badoo - Free Chat & Dating for Android,User Rating | User Rating,Social Networking Software,Badoo,Android
appbrain-1490,Domino's Pizza Macedonia,5.00,Shopping,iProject Ltd.,Android Apps
apkpure-1396,Vanesa Vargas Belleza,,Free Beauty,Software Koibox S.L.,Android 6.0+
aptoide-1262,Book of Stars,-,Casino,Book of Stars,5.1+
appagg-1668,Balloon Flight,,Action & Adventure,Cyberwave,Steam Games
cnet-0902,Sensi x FF APK for Android,User Rating | User Rating,Utilities & Tools,Dourado Studios,Android
cnet-1526,Pages for iOS,User Rating | User Rating | User Rating | User Rat,Productivity Software,Apple,iOS
appbrain-1309,Frame Factory: Wall Art,5.00,Art & Design,Frame Factory Interactive,Android Apps
aptoide-1688,Messenger X,-,Social,Messenger X,5.1+
cnet-1366,Max Payne Mobile for iOS,User Rating | User Rating,Games,Rockstar Games,iOS
apkpure-0295,Home Games Casual Legendary Tournament,,Games,NikaruFL,Android 5.0+
appagg-1548,Nintendo,,Action & Adventure,REDDEER.GAMES,Platforms:
appagg-1506,Nintendo,,Other,PlatinumGames,Nintendo Games
apkpure-1952,77 VPN Your Lucky Guardian,9.6,Free Productivity,THE VPN FACTORY,Android 5.0+
apkpure-0286,Rainbow Six Mobile,6.5,Free Action Game,Ubisoft Entertainment,Android 9.0+
apkpure-0210,Criminal Russia 3D. Boris,8.8,Free Simulation Game,LimanSkyGames LTD,Android 7.0+
cnet-0414,YouMp34 APK for Android,User Rating | User Rating,Internet Software,HandySofts,Android
appbrain-1752,GPRO - Classic racing manager,4.69,Racing,1.5.43GMS,Android Apps
apkpure-1284,Hero Soldier,,Free Arcade Game,Trust-F Games,Android 6.0+
cnet-1895,John the Ripper Pro,User Rating | User Rating,Internet Software,Openwall Project,Mac
aptoide-1857,GuitarTuna,4.5,Media & Video,GuitarTuna,8.1.0+
apkpure-1434,Only Red Settings,9.5,Free Tools,ManuelitaGG,Android 5.1+
aptoide-2382,Alipay.com Trusted 5.1+,4.4,Finance,Alipay,5.1+
appbrain-1313,Pixel Coloring: Number Art 2D,5.00,Art & Design,Teras Games,Android Apps
cnet-1442,Potato Chat for iOS,User Rating | User Rating,Social Networking Software,HorseMen Technologies SA,iOS
apkpure-0549,Yr,7.0,Free Weather,NRK,Android 5.0+
cnet-1272,Coach's Eye - Video Analysis for iOS,User Rating | User Rating,Entertainment Software,TechSmith,iOS
apkpure-0676,Nostril Cheese Chase,,Free Arcade Game,Nostril Adventure LLC,Android 7.0+
appagg-1006,Castle Clash: Правитель мира,4,Strategy,IGG.COM (41),Android Apps
appbrain-2035,Equip Sport,4.92,Sports,3.8.0,Android Apps
cnet-0289,Live Football TV HD Streaming APK for Android,User Rating | User Rating,Entertainment Software,Football Stream,Android
aptoide-0363,Pet Arena,3.4,Adventure,Pet Arena,5.1+
appbrain-0179,Samsung My Files,4.14,Tools,"Samsung My Files Samsung Electronics Co., Ltd.",Android Apps
appagg-1414,An Elder Scrolls Legend: Battlespire,,Action & Adventure,Bethesda Softworks,Windows Games
cnet-0182,ComiCat (Comic Reader/Viewer) for Android,User Rating | User Rating,Educational Software,Meanlabs Software,Android
cnet-1674,Mercury Messenger for Mac,User Rating | User Rating | User Reviews,Communications,Mercury,Mac
aptoide-0246,The Grand Mafia YottaGames Trusted 7.0+,4.4,Strategy,The Grand Mafia,7.0+
aptoide-0234,Commando Gun Shooting Games Game Canvas Trusted 6.0+,3.1,Word >,Commando Gun Shooting Games,6.0+
cnet-0295,Wombo,User Rating | User Rating,Entertainment Software,By Wombo Studios Inc.,Android
cnet-1235,Ticketmaster for iOS,User Rating | User Rating,Entertainment Software,Ticketmaster,iOS
apkpure-1971,HD Video Player: Music Player,,Free Video Players & Editors,Igniter TV Player,Android 7.0+
aptoide-2226,Meta Business Suite Facebook Trusted 10+,4.2,Business,Meta Business Suite,10+
appagg-1209,Yalla Ludo - Ludo&Domino,5,Board,Developer: Aviva Sun (1),Android Games
appagg-1796,Deleveled,,Action & Adventure,Developer: The Quantum Astrophysicists Guild (55),Windows Games
appagg-1426,Letter Bender,,Strategy ›,cosmic_dust,Steam Games
appagg-0078,Swiggy: Food Instamart Dineout,,Food & Drink,Swiggy,Platforms:
aptoide-1412,Music Instruments Kids cucuvaya Official 7.0+,3.0,Music,Music Instruments Kids cucuvaya Official,7.0+
apkpure-1839,Real Driving School,9.2,Free Racing Game,Qizz,Android 7.1+
aptoide-2252,Tether Miner,1.3,Business,Tether Miner,4.1.x+
apkpure-1984,Tribu,,Free Business,Bpifrance SA,Android 6.0+
cnet-0139,Friend Search Tool Simulator - Girls Phone Number,User Rating | User Rating,Reference Software,Schindler Techsol,Android
appagg-2024,Hope; or How We Survived,,Action & Adventure,Ghiq Games,Steam Games
appbrain-1241,GO: Cab in Lusaka & Kitwe,4.80,Maps & Navigation,GO: Taxi rides in Zambia,Android Apps
appbrain-1143,Rejsekortlæser,5.00,Maps & Navigation,2.2101.160,Android Apps
appbrain-1425,"Bim,A101,Şok Market Broşürleri",5.00,Shopping,1.1.5,Android Apps
appagg-1406,Weather Live: Weather Forecast,4.3,Weather,KUCO Apps,Platforms:
appbrain-0610,War of Heroes - The PDF Game,4.84,Adventure,The PDF Game Team,Android Apps
cnet-1630,CamMask for Mac,User Rating | User Rating,Communications,CamMask Studio,Mac
apkpure-1261,ClickToTherapy - Psychotherapy,,Free Health & Fitness,ClickToTherapy,Android 7.0+
cnet-2046,Highland,User Rating | User Rating,Productivity Software,Quote-Unquote Apps,Mac
cnet-1914,Softorino YouTube Converter,User Rating | User Rating,Internet Software,Softorino,Mac
apkpure-1303,Horror RIPO Scary Shooting PVP,,Free Simulation Game,Gamez.io,Android 7.0+
appbrain-1505,GlitterEditor Lite,5.00,Photography,kenji hara,Android Apps
aptoide-2372,Bitcoin Server Mining Максим Official 4.4 - 4.4.4+,4.5,Finance,Bitcoin Server Mining,4.4 - 4.4.4+
appbrain-0062,Fisher-Price™ Play & Learn,4.00,Educational,AppQuiz,Android Apps
aptoide-0534,Funny Wrestle - 2 Player Games newlightgame01 Official,4.3,Sports Games,Funny Wrestle - 2 Player Games,4.0.3 - 4.0.4+
appagg-1163,Bubble Shooter: Panda Pop!,5,Puzzle,"Jam City, Inc.",Android Games
appbrain-0660,E. Learning Japan Map Quiz,5.00,Educational,3.7.1,Android Apps
cnet-1019,Zello Walkie Talkie for iOS,User Rating | User Rating,Communications,Zello,iOS
aptoide-1016,Bike Race Xtreme Speed,3.6,Racing,Bike Race Xtreme Speed,5.1+
appagg-1468,Nintendo,,Other,astragon,Nintendo Games
apkpure-2215,Car Games Dubai Van Simulator,7.8,Free Simulation Game,ANL Games Developer,Android 5.1+
cnet-0517,Loan Now APK for Android,User Rating | User Rating,Business Applications,MuchBetterThanAll,Android
appagg-1975,Zombie Claus,,Action & Adventure,VikTor,Steam Games
aptoide-2202,World TV,5.0,Entertainment,World TV,1.6+
aptoide-1246,Video Poker Game - Royal Flush Satyadev Mahalingashetty Official 3.1+,5.0,Casino,Video Poker Game - Royal Flush,3.1+
apkpure-1692,Car Parking 3D,8.7,Games,FGAMES,Android 8.0+
apkpure-1688,Carrom Pool: Disc Game,9.0,Free Sports Game,Miniclip.com,Android 7.0+
cnet-1806,Epic Games Launcher for Mac,User Rating | User Rating,Games Utilities & Editors,Epic Games Launcher,Mac
cnet-0213,MOOD X : Motion Pictures for Android,User Rating | User Rating,Entertainment Software,Mood TV,Android
apkpure-0467,PS2 ISO Games Emulator Pro,,Free Productivity,kingappdev,Android 6.0+
appagg-1754,,,,appagg.com took too long to respond,
cnet-2100,SaveHollywood,User Rating | User Rating | User Reviews,Screensavers & Wallpaper,WhiteBox,Mac
appbrain-1001,NHS Quit Smoking,5.00,Health & Fitness,4.19,Android Apps
cnet-0793,UFO VPN Basic for Android,User Rating | User Rating,Security Software,Toolsforrest,Android
appagg-0587,Microsoft Launcher,5,Personalization,Microsoft Corporation,Android Apps
appagg-1230,Truck Simulator : Europe,,Simulation,Zuuks Games,Android Games
apkpure-0106,9292 public transport & ticket,,Free Travel & Local,9292,Android 7.0+
aptoide-2131,My Family Cinema MFC team Official 5.1+,2.8,Entertainment,My Family Cinema,5.1+
cnet-1117,Edge Stamina by Tracey Cox,User Rating | User Rating,Educational Software,Simpleweb Ltd.,iOS
apkpure-0590,Learn Drawing,,Free Art & Design,Rstream Labs,Android 7.0+
aptoide-0748,NES Emulator Orz Studio Official 2.3 - 2.3.2+,3.6,Arcade,NES Emulator,2.3 - 2.3.2+
aptoide-0350,Pokemon Clover Antonio Rubira Marin Official 2.3 - 2.3.2+,2.1,Adventure,Clover,2.3 - 2.3.2+
cnet-1804,That's Not My Neighbor,User Rating | User Rating,Simulation,Nacho Sama,Android
appbrain-0065,DScanner - Camera Scanner,3.45,Business,TrustedOffice,Android Apps
cnet-0115,FRP Bypass Guide For Android,User Rating | User Rating,Educational Software,Kamarkanda Store,Android
cnet-1628,Microsoft Outlook Express for Mac,User Rating | User Rating,Communications,Microsoft,Mac
cnet-1643,TextNow - Free Text,User Rating,Communications,"By Enflick, Inc.",Mac
appbrain-1445,iFresh : Fruits & Veg Jodhpur,5.00,Shopping,iFresh : Fruits & Veg Jodhpur,Android Apps
apkpure-0799,Smart Quick Settings,10.0,Free Productivity,SMARTWHO,Android 5.0+
cnet-0573,DogsMart - Dogs Buy and Sell,User Rating | User Rating,Productivity Software,17HubLabs,Android
cnet-1946,DeepVacuum,User Rating | User Rating,Internet Software,HexCat,Mac
apkpure-1579,Baby Diary: Sleep,,Free Parenting,LordOfSmiles,Android 10.0+
cnet-1451,TFriendly - Transgender Dating for iOS,User Rating | User Rating,Social Networking Software,Michael Ward,iOS
cnet-2226,Qustodio Professional,User Rating | User Rating,Security Software,Qustodio,Mac
appbrain-0804,Telugu Bible + Audio,5.00,Books & Reference,SafeApps,Android Apps
apkpure-2142,Appinio,8.9,Free Entertainment,APPINIO GmbH,Android 7.0+
aptoide-0436,Soccer Star 23 Top Leagues,4.7,Sports Games,Soccer Star 23 Top Leagues,5.1+
aptoide-2183,Wifi Password Hacker Simulator,3.4,Entertainment,Questo,2.2.x+
appbrain-0340,Mint - Dating,5.00,Dating,AppsDating,Android Apps
appbrain-1141,online taxi ( driver ),5.00,Maps & Navigation,2.43.9,Android Apps
cnet-0916,Underground Water Detector Tool-Free Simulator for Android,User Rating | User Rating,Utilities & Tools,By Magia-Heroic,Android
aptoide-2454,Syrian exchange prices Belal Mazlom 7.1+,4.2,Finance,Belal Mazlom,7.1+
appagg-1658,Tower of Fortune 3,4.2,Adventure,Game Stew,iOS Games
apkpure-2108,Payke-making shopping,,Free Travel & Local,Payke Inc.,Android 9.0+
aptoide-0119,Naruto,4.0,Action,Slugfest,4.4 - 4.4.4+
appbrain-0006,Mix Master: Brainrot Merge,4.30,Simulation,Sims Puzzle Games,Android Apps
appbrain-0918,Black Pink call you - Kpop,5.00,Entertainment,OUSSAMA ZGH,Android Apps
aptoide-0061,Meme Bots Brainrot Chase Rooms M4P Media Trusted 8.0.0+,-,Action,Meme Bots Brainrot Chase Rooms,8.0.0+
aptoide-1253,Roulette Win Or Lose Casual Games Freaks Official 2.3 - 2.3.2+,5.0,Casino,Casual Games Freaks,2.3 - 2.3.2+
appagg-0596,Hotspot Shield: Fast VPN Proxy,5,Tools,Anchorfree LLC,Android Apps
aptoide-1230,Blackjack Shamanth Official 5.1+,2.0,Casino,Blackjack,5.1+
apkpure-0029,Fever,,Food experiences,Fever Labs,Android 7.0+
aptoide-1722,"UC Browser Turbo- Fast Download, Secure, Ad Block",4.3,Communication >,UCWeb Singapore Pte. Ltd.,4.1.x+
appagg-1071,World Soccer Champs,,Sports,Monkey I-Brow Studios,Android Games
appagg-0065,Shazam: Find Music & Concerts,5,Music & Audio,Apple Inc.,Android Apps
apkpure-0465,Planfit Gym Workout Planner,,Free Health & Fitness,Planfit,Android 8.0+
aptoide-2352,Visual Voicemail by MetroPCS,4.4,Business,MetroPCS Wireless Inc.,8.1.0+
appagg-2057,Intruders: Hide and Seek,,Action & Adventure,Daedalic Entertainment (182),Windows Games
apkpure-0568,"СУТОЧНО.РУ: отели, квартиры",3.6,Free Travel & Local,Sutochno.ru,Android 10.0+
appagg-0747,Real Racing 3,5,Racing,Electronic Arts,Android Apps
appagg-0956,Homescapes,,Puzzle,Playrix,Android Games
appagg-0909,Dead Target: Zombie Games 3D,5,Action,VNGGames Studios (19),Android Games
apkpure-1245,,,Free Educational Game,THE GIZMO,Android 9.0+
apkpure-0217,L1 MAX,,Free Sports,Fanatiz,Android 7.0+
appagg-1591,Across the Galaxy: Stellar Dominator,,Action & Adventure,Developer: GameTrail Studio (1),Steam Games
cnet-0492,Adult Dating - AdultFinder APK for Android,User Rating | User Rating,Social Networking Software,Online Dating & Matchmaking,Android
appbrain-1698,Elasto Mania Remastered,4.77,Racing,Elasto Mania Team,Android Apps
apkpure-0108,West Gunfighter,9.2,Free Action Game,Candy Mobile,Android 4.1+
appbrain-0219,Google Go,4.32,Tools,3.120.755381070.release,Android Apps
aptoide-1221,Texas Poker,1.0,Casino,Texas Poker,4.1.x+
appbrain-0667,"Addition and Subtraction, Math",5.00,Educational,"Addition and Subtraction, Math",Android Apps
appagg-0644,TextNow: Call + Text Unlimited,5,Communication,"TextNow, Inc.",Android Apps
appagg-0753,slither.io,5,Action,Lowtech Studios,Android Games
cnet-2248,PKard for Mac,User Rating | User Rating,Security Software,Thursby Software Systems,Mac
aptoide-0794,Dust Settle 3D - Galaxy Attack zhenrongbin Trusted 7.0+,4.8,Arcade,Dust Settle 3D - Galaxy Attack,7.0+
cnet-0714,Hide.me VPN for Android,User Rating | User Rating,Security Software,eVenture,Android
aptoide-0294,Puzzles & Chaos Frozen Castle 37GAMES Trusted 7.0+,5.0,Strategy,Frozen Castle,7.0+
appbrain-0068,HYRA AI - AI on Edge Computing,4.62,Finance,2.3.21,Android Apps
apkpure-1090,JSON Viewer JSON to PDF,,Free Productivity,Technoify,Android 6.0+
aptoide-1409,Megalovania Piano Tiles - Undertale Pult Games Official 4.2.x+,3.0,Music,Megalovania Piano Tiles - Undertale,4.2.x+
appagg-1314,Suspects: Mystery Mansion,,Action,Wildlife Studios,Android Apps
cnet-1043,Trump Emojis Donald Trumpmojis,User Rating | User Rating,Communications,Accretive Systems,iOS
apkpure-1862,"YeoTi, Medical K-beauty",,Free Beauty,Fastlane Inc.,Android 8.0+
aptoide-1347,Trap Drum Pad Machine AGM Instruments Trusted 2.3 - 2.3.2+,5.0,Music,Trap Drum Pad Machine,2.3 - 2.3.2+
cnet-1377,Teeny Titans - Teen Titans Go Figure Battles,User Rating | User Rating,Games,Cartoon Network,iOS
appbrain-1713,Mountain Climb : Jump,4.73,Racing,Silevel Games Ltd,Android Apps
cnet-1912,BitComet for Mac,User Rating,Internet Software,BitComet,Mac
cnet-0415,Zoosk Dating : Meet Singles APK for Android,User Rating | User Rating,Social Networking Software,Zoosk,Android
cnet-2009,LibreOffice for Mac,User Rating | User Rating | User Reviews,Productivity Software,The Document Foundation,Mac
appbrain-1447,الغربي,5.00,Shopping,الغربي,Android Apps
aptoide-0633,Tetris Egypt Block puzzle,-,Puzzle,Tetris Egypt Block puzzle,4.1.x+
cnet-2113,Koi Pond 3D,User Rating | User Rating,Screensavers & Wallpaper,3Planesoft,Mac
appbrain-0507,Dungeon Defense,4.81,Action,GameCoaster,Android Apps
appbrain-1464,Aéroville,5.00,Shopping,7.16.0,Android Apps
appbrain-1804,Anand Sahib,5.00,Social,Bit Art,Android Apps
cnet-0098,OnlyFans,User Rating | User Rating,Communications,onlyfans,Android
apkpure-1785,GoDaddy Studio: Create & Grow,7.8,Free Art & Design,Digital Marketing Poster Maker,Android 6.0+
appbrain-2033,T Score Radio,5.00,Sports,T Score,Android Apps
apkpure-2271,Home Games Racing Speed Man,,Free Racing Game,Golden Game Matrix,Android 5.0+
appbrain-0901,Gideões Missionários,5.00,Entertainment,Zasmedia,Android Apps
appbrain-1124,Autoškola SK,5.00,Maps & Navigation,Autoškola SK,Android Apps
apkpure-1454,"Wego - Flights, Hotels, Travel",9.9,Free Travel & Local,Wego.com,Android 7.0+
aptoide-1657,Tellonym anonymous questions Callosum Software Trusted 7.1+,4.6,Social,Tellonym,7.1+
appagg-1769,#AkiRobots,,Classics,Bandello,Steam Games
appbrain-1966,HkBetInfo,5.00,Sports,peterpeter,Android Apps
cnet-1428,Nextplus: Talk + Text Private Phone Number,User Rating | User Rating,Social Networking Software,GOGII,iOS
appagg-1716,Baba Is You,,Other,Hempuli Oy (2),Steam Games
appbrain-1892,wasticker love,5.00,Social,candy stickers wastickers pro,Android Apps
apkpure-0576,Home Games Arcade Ball Runner,,Games,MY DREAM GAME,Android 5.1+
cnet-1541,Zelle for iOS,User Rating | User Rating,Business Applications,Early Warning Services,iOS
appbrain-0485,War Sniper: FPS Shooting Game,4.83,Action,500151,Android Apps
appagg-1745,Sub Rosa,Reviews: 5 ( 1 ),Action & Adventure,Devolver Digital (349),Windows Games
cnet-0564,ES File Explorer/Manager PRO for Android,User Rating | User Rating,Productivity Software,ES Global,Android
apkpure-0410,Weather Live radar & widgets,10.0,Free Weather,Weather Forecast & Widget & Radar,Android 5.0+
apkpure-1320,New Little Life,,Free Parenting,New Little Life,Android 10.0+
apkpure-0777,Sleep Sounds,9.4,Free Health & Fitness,Maple Media,Android 6.0+
cnet-2041,Snagit,User Rating | User Rating,Productivity Software,TechSmith,Mac
aptoide-2250,AnyDesk Remote Desktop AnyDesk Software GmbH Trusted 5.1+,4.5,Business,AnyDesk Software GmbH,5.1+
cnet-0487,Parallel Space Lite-Dual,User Rating | User Rating,Social Networking Software,LBE Tech,Android
apkpure-0010,Driving Simulator Srilanka,9.3,Free Simulation Game,P.G.Dhanushka Chathuranga,Android 5.1+
aptoide-2262,"Term> SSH/SFTP, ssl, tcp client",4.5,Business,Droid Artel,4.4 - 4.4.4+
aptoide-0468,Guide fifa 2017 default omdev Official 2.3 - 2.3.2+,3.1,Sports Games,default,2.3 - 2.3.2+
cnet-1030,Messenger,User Rating | User Rating,Social Networking Software,Facebook,iOS
cnet-0160,toa,User Rating | User Rating,Educational Software,Dr. Prafull Vijayakar,Android
apkpure-1217,Saudia,7.7,Free Travel & Local,Saudi Arabian Airlines,Android 10.0+
cnet-0822,FindElfI,User Rating | User Rating,Itineraries & Schedules,Brian Zeng,Android
cnet-0534,Sentio Desktop,User Rating | User Rating,Productivity Software,Andromium,Android
apkpure-0718,Android Switch,9.6,Free Tools,Google LLC,Android 9.0+
appagg-1655,Bimfli in Japan,,Educational,Bimfloat (3),Android Apps
apkpure-1953,WalkMe,,Free Travel & Local,WalkMe Mobile Solutions,Android 7.0+
appagg-0237,Yahoo Mail,5,Productivity,Yahoo,Android Apps
cnet-1229,Star Wars Droids by Sphero for iOS,User Rating | User Rating,Entertainment Software,Orbotix,iOS
apkpure-0736,Dan the Man: Action Platformer,9.5,Free Arcade Game,Halfbrick Studios,Android 6.0+
apkpure-0735,Clover－Period & Cycle Tracker,9.5,Free Health & Fitness,Wachanga,Android 9.0+
appagg-1835,Imperiums: Greek Wars,,Simulation,Kube Games,Steam Games
aptoide-0287,Warpath Ace Shooter LilithGames Trusted 5.1+,3.2,Strategy,Warpath,5.1+
appbrain-0277,Device Help,4.00,Tools,Device Help Motorola Mobility LLC.,Android Apps
appbrain-0455,Mega Hasan,4.96,Action,Tameem Hamoui,Android Apps
apkpure-0092,Coloring Games Color & Paint,8.0,Games,RV AppStudios,Android 5.1+
appagg-1109,Bomber Friends,5,Action,Hyperkani,Android Games
cnet-0807,DigiHUD Speedometer,User Rating | User Rating,Maps,James Moss,Android
apkpure-1470,FitCloudPro,,Free Health & Fitness,topstep,Android 5.0+
aptoide-1767,ICQ Video Calls & Chat Rooms My.com Official 10+,4.2,Communication >,ICQ,10+
appagg-1017,Car Simulator 2,,Simulation,OppanaGames FZC LLC (53),Android Apps
appbrain-0739,Write It! Hebrew,4.80,Educational,Jernung,Android Apps
apkpure-1351,UAV Forecast for Drone Pilots,6.0,Free Weather,Good To Forecast,Android 5.0+
apkpure-0496,Wifi Password Show Master Wifi,9.8,Free Productivity,Digital Generation Hub,Android 8.0+
aptoide-2169,IPTV Extreme Player King Gyn Official 5.1+,3.5,Entertainment,IPTV Extreme Player,5.1+
appagg-1667,Overboard!,,Action & Adventure,inkle Ltd,Android Games
aptoide-2221,Microsoft Authenticator Microsoft Corporation Trusted,4.8,Business,Microsoft Authenticator,8.1.0+
cnet-0131,iBreviarium 我靈讚頌主 APK for Android,User Rating | User Rating,Educational Software,Paul Leung,Android
appbrain-1936,Swehockey,5.00,Sports,6.0.5,Android Apps
appagg-0470,"JioCinema-Shows, Movies & More",5,Entertainment,STAR INDIA PRIVATE LIMITED (10),Android Apps
apkpure-1206,invideo AI Video Generator,8.4,Free Video Players & Editors,invideo INC,Android 9.0+
aptoide-1725,Opera Mini browser beta Opera Official 5.1+,4.3,Communication >,Opera,5.1+
apkpure-1175,superFB - Fenerbahçe haberleri,,Free Sports,Maksimum İletişim Hizmetleri A.Ş.,Android 8.0+
appbrain-1756,#Rekt 420 MLG Fast Jump,5.00,Racing,Furfel,Android Apps
appbrain-1131,Taxia Conductor,5.00,Maps & Navigation,16.1,Android Apps
cnet-1783,GTA: San Andreas for Mac,User Rating | User Rating,Action Games,rockstargames,Mac
apkpure-1195,Home Games Sports Shooting Ball,10.0,Games,7788`s,Android 6.0+
appagg-0987,Fishing Hook,5,Sports,MOBIRIX,Android Apps
appbrain-1555,Women Long Dress Photo Editor,5.00,Photography,sknapps,Android Apps
appbrain-0347,Tendo by Tonik,5.00,Finance,TendoPay,Android Apps
cnet-0096,,User Rating | User Rating,Communications,Sony Pictures Entertainment,Android
cnet-1189,Cheats Ultimate for Xbox One Games - Including Complete Walkthroughs,User Rating | User Rating,Reference Software,SchroederDev,iOS
apkpure-1369,Real Cricket™ 20,8.7,Free Sports Game,Nautilus Mobile,Android 6.0+
appbrain-0945,CRVradio,5.00,Entertainment,CRVradio,Android Apps
aptoide-1801,imo beta -video calls and chat imo.im Trusted 5.1+,4.2,Communication >,imo beta -video calls and chat,5.1+
aptoide-0783,Snake Clash!,5.0,Arcade,Snake Clash!,7.0+
apkpure-0288,Seekee Ai Search & Assistant,7.4,Professional-Grade Video Player,Buscari,Android 6.0+
apkpure-1864,PPChat Live Video Chat,,Free Social,Gamaa Studio,Android 5.0+
apkpure-2210,US Bike Stunt Bike Racing Game,,Free Racing Game,Kaloey,Android 5.1+
appbrain-1252,Festivals Poster Maker-BizzAds,5.00,Art & Design,Festivals Poster Maker-BizzAds,Android Apps
cnet-1207,LiveYes,User Rating | User Rating,Entertainment Software,JINMING LIU,iOS
appagg-1811,Chuusotsu! 1st Graduation: Time After Time,,Action & Adventure,Fruitbat Factory (33),Steam Games
apkpure-1923,IMVU Social Chat & Avatar,8.2,Free Social,"IMVU, Inc.",Android 9.0+
appbrain-0849,Chaupai Sahib Path Audio,5.00,Books & Reference,RayTechnos,Android Apps
cnet-0472,InterPals - Friends and Language Exchange,User Rating | User Rating,Social Networking Software,InterPals,Android
apkpure-0388,InboxDollars,8.5,Free Entertainment,Prodege,Android 6.0+
apkpure-0836,Active & Fit,,Free Health & Fitness,Virtuagym Professional,Android 8.0+
appbrain-1616,Photo Editor Pro - Square Pic,4.85,Photography,1.71,Android Apps
aptoide-0087,Shadow of Death Dark Knight - Stickman Fighting Brave HK Limited Official,4.6,Action,Shadow of Death,4.1.x+
appbrain-1139,幸福公路,5.00,Maps & Navigation,幸福公路,Android Apps
appagg-1365,My Singing Monsters,5,Music,Big Blue Bubble,iOS Apps
aptoide-0451,T20 cricket championship - cricket games 2020 Top Arcade Games Official 4.3.x+,-,Sports Games,T20 cricket championship - cricket games 2020,4.3.x+
aptoide-0700,Color Wood Screw,-,Puzzle,Color Wood Screw,7.1+
appbrain-0723,Crossword - Words search,4.91,Educational,Hosy_developer,Android Apps
apkpure-1655,HONOR Health,5.0,Free Health & Fitness,"Honor Device Co., Ltd.",Android 9.0+
appbrain-0677,Kindergarten Kids Learn & Play,5.00,Educational,rsapps,Android Apps
apkpure-1112,Meridian Carz,,Free Travel & Local,Meridian Carz,Android 6.0+
aptoide-1014,OTR Offroad Car Driving Game,4.6,Racing,Offroad Car Driving Game,4.1.x+
aptoide-0308,Pokemon Ultraskies Antonio Rubira Marin Official 2.3 - 2.3.2+,2.2,Adventure,Ultraskies,2.3 - 2.3.2+
appagg-1407,Wildcat Gun Machine,,Action & Adventure,Daedalic Entertainment (182),Windows Games
apkpure-1983,Lose Weight for Women,9.3,Free Health & Fitness,Leap Fitness Group,Android 6.0+
aptoide-2342,Skype for Business for Android,4.8,Business,Microsoft Corporation,8.1.0+
appagg-0775,Temple Run,5,Arcade,Imangi Studios,Android Games
apkpure-0267,Scary Teacher 3D,8.8,Games,Z & K Games,Android 5.1+
appagg-0058,"Picsart AI Photo Editor, Video",5,Photography,"PicsArt, Inc.",Android Apps
aptoide-2380,Ma Banque,4.1,Finance,Ma Banque,8.1.0+
appagg-1231,Paper Fold,,Puzzle,CASUAL AZUR GAMES,Platforms:
aptoide-2460,Binarium,-,Finance,Binarium,7.0+
appbrain-1026,Bicarakan - Psikolog Indonesia,5.00,Health & Fitness,Bicarakan.ID,Android Apps
aptoide-1670,Profile pictures dp and status for Whatsapp,4.0,Social,Profile pictures dp and status for Whatsapp,4.0.3 - 4.0.4+
aptoide-1106,Bike Race Game Motorcycle Game Gamers Genie Official 5.1+,-,Racing,Gamers Genie,5.1+
appagg-1186,Last War:Survival Game,,Strategy,FUNFLY PTE. LTD.,Android Games
appbrain-1321,Poster maker design 2023,4.82,Art & Design,modelapps,Android Apps
appbrain-1808,Asa Di Vaar: audio with text,5.00,Social,1.00009,Android Apps
appagg-0199,UC Mini-Download Video Status,5,Communication,UCWeb Singapore Pte. Ltd. (3),Android Apps
apkpure-2055,1Weather Forecasts & Radar,9.7,Free Weather,OneLouder Apps,1Weather
aptoide-2427,Loans & Deposits CoreWillSoft Official 5.1+,1.8,Finance,Loans & Deposits,5.1+
apkpure-0416,WiFi Finder Map,8.6,Free Travel & Local,"Internet Speed Test, Etrality",Android 4.1+
cnet-1376,Stickman Ice Hockey for iOS,User Rating | User Rating,Sports Games,Robert Szeleney,iOS
appagg-1986,Bikerz,,Action & Adventure,Forever Young Games (5),Steam Games
appagg-0930,The Tribez: Build a Village,5,Simulation,Game Insight,Android Games
appbrain-0917,RASTREAR CELULAR,5.00,Entertainment,vapuru,Android Apps
appagg-0780,War Robots Multiplayer Battles,5,Action,MY.GAMES HOLDINGS LTD (4),Android Games
appbrain-0254,Google Wallet,4.51,Finance,25.20.761154377,Android Apps
aptoide-2428,Revolut - Mobile Finance,4.3,Finance,Revolut - Mobile Finance,7.1+
appbrain-1862,The Grid 2.0 Dispatcher,4.90,Social,dionsegijn,Android Apps
appbrain-0653,606,5.00,Educational,606,Android Apps
appbrain-1917,Turf résultats des courses,5.00,Sports,Syliase,Android Apps
appagg-1034,War Machines：Tanks Battle Game,3.5,Action,Wildlife Studios,Android Apps
appbrain-1162,Singapore Train Map (Offline),5.00,Maps & Navigation,1.0.125,Android Apps
appbrain-1078,VRAugentraining Visualtraining,5.00,Health & Fitness,Brunnlechner - Apps made in Germany,Android Apps
cnet-1053,Labrador Emoji Stickers for iOS,User Rating | User Rating,Communications,Marisa Marquez,iOS
apkpure-0008,Bitwarden Password Manager,9.3,3rd-party Audits,Bitwarden Inc.,Android 10.0+
appbrain-0675,Traffic rules for children,5.00,Educational,Apps Bergman,Android Apps
apkpure-0468,Openworld Car Drift & Driving,,Free Racing Game,Stag Creations,Android 7.0+
aptoide-0131,GFX COD Tools Pro androappid Official,4.8,Action,GFX COD Tools Pro,4.0.1 - 4.0.2+
aptoide-1097,Real Racing 3,4.3,Racing,Real Racing 3,8.1.0+
aptoide-0413,OZY In Mario World ODVgroup Official 2.2.x+,3.1,Adventure,OZY In Mario World,2.2.x+
cnet-0941,Googlefier,User Rating | User Rating,Utilities & Tools,bender_007,Android
apkpure-0921,Home Games Educational Coloring & Learn,9.8,Games,Orange Studios Games,Android 5.0+
apkpure-1190,EXO,,Free Health & Fitness,EXO SPORT,Android 5.0+
aptoide-2129,Airtel Xstream Play,4.5,Entertainment,Airtel Xstream Play,7.1+
appbrain-0352,PagineBianche,5.00,Books & Reference,Italiaonline S.p.A.,Android Apps
aptoide-2048,Zedge™ Wallpapers & Ringtones Zedge Trusted 7.1+,4.6,Personalization,Zedge™ Wallpapers & Ringtones,7.1+
aptoide-2039,VPN Free Mada Akol Official 4.0.3 - 4.0.4+,3.0,Tools,VPN Free,4.0.3 - 4.0.4+
aptoide-2299,Curriculum Vitae dNT Official 8.1.0+,-,Business,Curriculum Vitae,8.1.0+
cnet-0011,Hack APK for Android,User Rating | User Rating,Communications,Hack Labs,Android
appbrain-0494,Pure Sniper: Gun Shooter Games,4.82,Action,500291,Android Apps
appagg-1631,Between Time: Escape Room,,Action & Adventure,mc2games,Steam Games
cnet-1353,Car Parking Multiplayer for iOS,User Rating | User Rating,Games,Aidana Kengbeiil,iOS
cnet-1789,Farming Simulator 25,User Rating | User Rating,Simulation,Giants Software,Mac
aptoide-1450,water sort puzzle,-,Brain & Puzzle >,ALEKSEJ GRACHE,7.0+
aptoide-0570,Go Fishing! Fish Game Miniclip.com Trusted 7.0+,-,Sports Games,Go Fishing! Fish Game,7.0+
appbrain-0244,Vault,4.60,Tools,Vault,Android Apps
apkpure-2227,Servientradas.com Validator,,Free Events,eXpande,Android 7.0+
appagg-0286,"Revolut: Spend, Save, Trade",,Finance,Revolut Ltd,Android Apps
appagg-1806,Love n Dream,,Classics,Secret Labo,Steam Games
appagg-0128,YouTube Music,5,Music & Audio,Google LLC,Android Apps
apkpure-0970,Four Seasons,,Free Food & Drink,REDOQ,Android 6.0+
apkpure-0794,Snake.io,6.8,Games,Snake.io,Android 5.1+
aptoide-1664,TopTop,3.5,Board >,Games&Chat,7.0+
apkpure-0730,Fishing Planet,7.3,Free Sports Game,Fishing Planet LLC,Android 6.0+
cnet-0798,HMA VPN for Android,User Rating | User Rating,Security Software,HMA VPN,Android
appagg-1125,CodyCross: Crossword Puzzles,,Word ›,"Fanatee, Inc.",Android Games
cnet-0508,GO ROBUX: EARN RBX for Android,User Rating | User Rating,Business Applications,SANA BEN KHALI,Android
aptoide-1736,Orbot Tor for Android The Tor Project Official 7.0+,4.7,Tools,Orbot,7.0+
cnet-0345,Melancholianna APK for Android,User Rating,Games,KAIB LTD INC,Android
cnet-2101,Control Center for Mac,User Rating | User Rating,Screensavers & Wallpaper,Cindori,Mac
aptoide-2379,RupeeLend Pvt Ltd Trusted 4.1.x+,-,Finance,RupeeLend,4.1.x+
aptoide-2345,Emirates Auction inkog.com Trusted 4.4 - 4.4.4+,5.0,Business,Emirates Auction,4.4 - 4.4.4+
appbrain-0777,Amino Acid Quiz,4.77,Educational,Atlas Educational Software,Android Apps
cnet-2258,Apple Maps for Mac,User Rating | User Rating | User Rating | User Rat,Maps,Apple,Mac
aptoide-1104,Race Master 3D Car Racing IZI GAMES Trusted 7.1+,3.9,Racing,Race Master 3D,7.1+
cnet-0219,TVExpress APK for Android,User Rating | User Rating,Entertainment Software,TVExpress,Android
cnet-2018,Movie Magic Screenwriter,User Rating | User Rating | User Reviews,Productivity Software,Write Brothers,Mac
apkpure-1669,MinVolkswagen,,Free Auto & Vehicles,Connected Cars,Android 7.0+
apkpure-0704,Bet On Air Betting Tips,10.0,Free Sports,BetOnAir Betting Tips - Sport Predictions,Android 4.4+
appagg-0801,Helix Jump,10,Action,Voodoo,Android Apps
aptoide-1144,Thomas & Friends Go Thomas Budge Studios Trusted 6.0+,4.5,Racing,Thomas & Friends,6.0+
apkpure-1199,Mi Fitness,8.2,Free Health & Fitness,"Beijing Xiaomi Mobile Software Co.,Ltd",Android 8.0+
apkpure-0245,Going Balls,8.1,Free Casual Game,Supersonic Studios LTD,Android 6.0+
appbrain-0630,Lost Lands 6,4.80,Adventure,FIVE-BN GAMES,Android Apps
appagg-1264,Asphalt Legends - Racing Game,5,Racing ›,Gameloft (83),iOS Apps
appbrain-0332,라이프애프터,5.00,Adventure,X.D. Global,Android Apps
apkpure-1078,Benime Whiteboard Video Maker,7.5,Free Art & Design,Benzveen,Android 8.0+
aptoide-1504,Cats Memory Game Hot Free Apps Official 2.2.x+,-,Brain & Puzzle >,Cats Memory Game,2.2.x+
apkpure-2021,Home Games Educational Floof - My Pet House,10.0,Free Educational Game,TutoTOONS,Android 6.0+
aptoide-1631,Clapper,4.4,Social,Clapper,5.1+
appbrain-0606,Cody Obama Crazy Island Escape,4.89,Adventure,Mazniac,Android Apps
cnet-0336,Roblox,User Rating | User Rating,Adventure Games,Roblox,Android
cnet-0439,Sexy Girls Chat for Android,User Rating | User Rating,Social Networking Software,Sexy Girls Chat,Android
cnet-2279,YourtTrip for Mac,User Rating | User Rating,City Guides,Macingaz Group,Mac
cnet-1221,AnimeGlare,User Rating | User Rating,Entertainment Software,Chance Grosbergar,iOS
appbrain-0874,Netzkino - Filme für Alle,5.00,Entertainment,PLAION PICTURES GmbH,Android Apps
appagg-1012,Chess,5,Board,AI Factory Limited,Android Games
apkpure-1111,Wiseplay,9.7,Free Video Players & Editors,Wiseplay Apps,Android 5.0+
cnet-0026,Romantic Stickers for WhatsApp,User Rating | User Rating,Communications,WAstickerApps Stickers Store,Android
cnet-0691,Gradient For KWGT,User Rating | User Rating,Screensavers & Wallpaper,Themeland,Android
aptoide-1354,Let's Dance VR (dance and music game) Dance and puzzles Official 4.4 - 4.4.4+,-,Music,Let's Dance VR (dance and music game),4.4 - 4.4.4+
