filename,name,rating,category,developer,os
aptoide-1335,Electronic Drums Game Netigen Official 4.1.x+,3.0,Music,Electronic Drums Game,4.1.x+
aptoide-0143,Dye Hard - Color War,-,Action,Dye Hard - Color War,7.0+
cnet-0281,HNC SPORTS LIVE TV,User Rating | User Rating,Entertainment Software,BARAJAS ANAYA ANGELICA JULIETH,Android
cnet-0104,Facetime Video Call,User Rating | User Rating,Communications,Eahapp,Android
aptoide-1240,Ultimate Casino - popular Las Vegas game,-,Casino,Ultimate Casino - popular Las Vegas game,4.1.x+
apkpure-0232,Blue Rock BLAZE BATTLE,7.4,Free Sports Game,BAEL Inc.,Android 10.0+
apkpure-1431,ArtistA Cartoon Photo Editor,8.0,Cards,Cards,Android 7.0+
apkpure-0254,StayFree Screen Time,9.5,Free Productivity,ST Pulse,Android 5.0+
apkpure-0337,DU National Convention,,Free Sports,Ducks Unlimited,Android 8.0+
cnet-0810,iGO primo Nextgen Israel,User Rating | User Rating,Maps,Gps & More LTD,Android
apkpure-0628,Keys simulator and cars sounds,10.0,Free Auto & Vehicles,Ready Square,Android 5.0+
apkpure-0128,Legend of Slime: Idle RPG War,8.7,Free Adventure Game,AppQuantum,Android 8.0+
cnet-2205,Comodo Antivirus for Mac,User Rating | User Rating | User Reviews,Security Software,Comodo,Mac
apkpure-0410,Weather Live radar & widgets,10.0,Free Weather,Weather Forecast & Widget & Radar,Android 5.0+
appagg-1180,Snake.io - Fun Snake .io Games,,Action,Kooapps Games,Android Games
aptoide-0989,Autos de Carreras de Carros Yassine Sdw Official 6.0+,5.0,Simulation,Autos de Carreras de Carros,6.0+
aptoide-0867,Truck Simulator Europe Zuuks Games Trusted 7.1+,4.3,Simulation,Zuuks Games,7.1+
cnet-2166,1.1.1.1 w/ WARP,User Rating | User Rating,Security Software,Cloudflare Inc.,Mac
apkpure-0582,Real Police Car Chase Cop Game,,Free Adventure Game,Dream Tech Studio,Android 7.1+
aptoide-0842,Rise Up Balloon Game,4.4,Arcade,Balloon Game,5.1+
appbrain-1455,POPLOOK - Modest Fashion Label,5.00,Shopping,Poplook Sdn Bhd,Android Apps
appbrain-0248,Google Slides,4.03,Productivity,Google LLC,Android Apps
aptoide-2469,Samsung Wallet Digital Key Trusted 11+,-,categories.games.role-playing-games >,Samsung Wallet Digital Key,11+
cnet-0300,AVIATOR APK for Android,User Rating,Entertainment Software,Aviator,Android
apkpure-1106,Bus Driving Simulator Original,,Free Simulation Game,Offroad Games Inc,Android 5.1+
aptoide-0280,"Chaos Battle League - PvP Action Game This Game Studio, Inc. Trusted 4.1.x+",4.2,Strategy,Chaos Battle League - PvP Action Game,4.1.x+
aptoide-0399,Block Granny Horror Poltro Official 5.1+,5.0,Adventure,Block Granny Horror,5.1+
appagg-0803,Counter-Strike 2,,Action & Adventure,Valve,iOS Apps
apkpure-2047,Crafting and Building,8.3,Games,GeneRe,Android 6.0+
appbrain-1865,Convose,4.88,Social,Convose,Android Apps
apkpure-1277,Moj Lite,9.2,Free Social,OneSchool-Student,Android 5.0+
appagg-0912,Empires & Puzzles: Dragon Dawn,3,Puzzle,Small Giant Games,Android Games
apkpure-1044,Mod Motor Drag Full Modif,,Free Events,Mobile logy,Android 5.0+
apkpure-0359,Egypt Ra Princess,,Free Adventure Game,Mega Byte,Android 5.0+
apkpure-1877,Muslim Wedding Card Maker,,Free Art & Design,Aqua Studio,Android 8.0+
aptoide-0826,MasterGear - MasterSystem & GameGear Emulator,5.0,Arcade,MasterGear - MasterSystem & GameGear Emulator,4.1.x+
appagg-0562,ToonMe photo cartoon maker,,Photography,PHOTO LAB DMCC,Android Apps
apkpure-0154,Ma CNSS,10.0,Free Business,La Caisse Nationale de Sécurité Sociale du Maroc,Android 8.0+
appagg-0340,CCleaner – Phone Cleaner,5,Tools,Piriform (2),Android Apps
apkpure-0855,PlayStation,7.8,Free Entertainment,PlayStation Mobile Inc.,Android 8.0+
aptoide-0431,Genshin Impact miHoYo Limited Trusted 7.0+,3.3,Adventure,Genshin Impact,7.0+
appbrain-0112,Fake Call,4.12,Communication,7020,Android Apps
cnet-2288,Garmin ANT Agent for Mac,User Rating | User Rating,Maps,Garmin,Mac
apkpure-0926,EA SPORTS FC™ Tactical,7.0,Free Sports Game,ELECTRONIC ARTS,Android 7.0+
appagg-1716,Baba Is You,,Other,Hempuli Oy (2),Steam Games
apkpure-0605,Zlim,,Free Health & Fitness,Virtuagym Professional,Android 8.0+
appbrain-1707,CrazXRacing HighLight,4.75,Racing,Dream-Up,Android Apps
cnet-0988,TV Remote Control For All TV,User Rating | User Rating,Utilities & Tools,TV Remote Tools Shop,Android
cnet-0383,Iron Man 3,User Rating | User Rating,Arcade Games,gameloft,Android
apkpure-0071,PhilSocial Philcoin Team 2.3.0 Trusted,,Free Social,Philcoin Team,Android 7.0+
cnet-0347,Jump Force,User Rating | User Rating,Action Games,Alpha Gamaing,Android
appbrain-1567,3D Photo Book [3D-NARITA],5.00,Photography,StereoMaker,Android Apps
cnet-2019,Tiny PDF Editor,User Rating,Productivity Software,By O4Soft Inc.,Mac
cnet-1666,Unibox,User Rating | User Rating,Communications,eightloops,Mac
cnet-1738,GPSUtility for Mac,User Rating | User Rating,Reference Software,GPSNAVX,Mac
cnet-0964,LEGO MINDSTORMS Commander APK for Android,User Rating | User Rating,Utilities & Tools,LEGO System AS,Android
aptoide-1179,Slot machines Slots Volcano poddubnyjgosa Official 3.0+,5.0,Casino,Slot machines Slots Volcano,3.0+
appbrain-1150,Transit Now Toronto for TTC +,5.00,Maps & Navigation,Transit Now - Bus & Bike,Android Apps
appagg-2047,Death in the Water,,Action & Adventure,Lighthouse Games Studio,Android Games
appbrain-1213,Petrol Spy Australia,4.83,Maps & Navigation,5.5.0,Android Apps
appbrain-0808,Arabic French Dictionary,5.00,Books & Reference,"Inbook Co., Ltd.",Android Apps
aptoide-0551,CAPTAIN TSUBASA ACE Program Twenty Three Trusted 7.0+,5.0,Sports Games,CAPTAIN TSUBASA,7.0+
appagg-1054,NBA Mobile Basketball Game,,Sports,19 Пряничников Владислав,9.8.10898649
apkpure-1183,Kick it out 2025,,Free Sports Game,Ludetis UG (haftungsbeschränkt),Android 6.0+
apkpure-0025,Cars Mod for Minecraft PE 2025,2.0,Free Auto & Vehicles,Mods for MCPE Inc.,Android 5.0+
apkpure-0523,Activity Launcher,7.6,Free Tools,Activity Launcher,Android 6.0+
apkpure-0989,PENNY Angebote & Coupons,2.0,Free Food & Drink,PENNY Markt GmbH,Android 8.0+
appagg-1048,Dragons: Rise of Berk,5,Simulation,Ludia Inc.,Android Games
aptoide-2335,Vyapar Invoice Billing,5.0,Business,Vyapar Invoice Billing,5.1+
aptoide-1581,Currents,4.4,Social,Currents,5.1+
appagg-1296,My Dolphin Show,5,Casual,Azerion Casual,Android Games
appagg-2056,Post War Dreams,,Action & Adventure,Playstige Interactive,Steam Games
cnet-0706,Authy APK for Android,User Rating | User Rating,Security Software,Authy,Android
appbrain-1317,Graffiti Theme +HOME,4.83,Art & Design,Graffiti Theme +HOME,Android Apps
apkpure-0087,tower :stack games,,Free Casual Game,qtap,Android 7.0+
aptoide-1780,ToTok - Free HD Video Calls & Voice Chats,3.5,Communication >,TOTOK PTE. LTD.,5.1+
appbrain-1726,King of Driving,4.72,Racing,Kosar Gaming,Android Apps
aptoide-1788,"Dragon Browser - small, fast, smart Sham inc Official 4.4 - 4.4.4+",5.0,Communication >,"Dragon Browser - small, fast, smart",4.4 - 4.4.4+
appbrain-0818,Kamus Pro Malay-English Dict,5.00,Books & Reference,5.4.16,Android Apps
appbrain-1410,STAYREAL行動商城,5.00,Shopping,STAYREAL行動商城,Android Apps
aptoide-1381,Rolling Twins,-,Music,Rolling Twins,6.0+
cnet-0618,ctOS UI Full Version,User Rating | User Rating,Screensavers & Wallpaper,Unique Gem Visions,Android
cnet-1567,IBF Tools for iOS,User Rating | User Rating,Business Applications,Napp CMS,iOS
appbrain-0334,EMP,5.00,Shopping,EMP / LARGE,Android Apps
apkpure-0913,Weather,8.9,Free Weather,Quark Ltd,Android 4.4+
apkpure-1864,PPChat Live Video Chat,,Free Social,Gamaa Studio,Android 5.0+
aptoide-1748,Psiphon Pro,4.4,Communication >,Psiphon Pro,5.1+
apkpure-1288,Baby Puzzle Games for Toddlers,9.6,Games,Bebi Family: preschool learning games for kids,Android 5.1+
cnet-0881,RV Parky,User Rating | User Rating,City Guides,RV Parky,Android
appagg-0031,,4,Tools,Smart Media4U Technology Pte.Ltd. (4),Android Apps
appagg-0505,Talking Ginger,5,Entertainment,Outfit7 Limited,Android Apps
aptoide-0166,War and Magic Kingdom Reborn GOAT Games Official 5.1+,4.5,Strategy,War and Magic,5.1+
appbrain-1039,Salud Las Condes,5.00,Health & Fitness,Virtua Consult Health Inc,Android Apps
apkpure-0093,"Peddlr POS, Inventory and Load",10.0,Free Business,"Peddlr Philippines, Inc.",Android 6.0+
cnet-1566,MEGA for iOS,User Rating | User Rating,Productivity Software,Mega Limited,iOS
apkpure-1010,Garena® Delta Force,8.5,Free Action Game,Good Mobile Games Private,Android 6.0+
aptoide-2452,Kuraimi Jawal Application Alkuraimi Islamic Microfinance Bank Trusted 5.1+,4.7,Finance,Kuraimi Jawal Application,5.1+
cnet-0619,Fonts for FlipFont 50 #23 APK for Android,User Rating | User Rating | User Rating | User Rat,Screensavers & Wallpaper,Fonts Free,Android
appagg-0411,Zalo,5,Communication,Zalo Group,Android Apps
aptoide-1907,Watch TV Live Television SpinkeySoft Official 2.3 - 2.3.2+,2.3,Media & Video,Watch TV Live Television,2.3 - 2.3.2+
aptoide-2058,Samsung Calculator,4.5,Art & Design,"Samsung Electronics Co., Ltd.",11+
cnet-0839,SpeedView: GPS Speedometer,User Rating | User Rating,Maps,Code Sector,Android
cnet-0858,Parkomat - SMS Parking,User Rating | User Rating,City Guides,Just a temp placeholder,Android
appagg-1429,Weird West: Definitive Edition,Reviews: 5 ( 1 ),Action & Adventure,Devolver Digital (349),Windows Games
appagg-1911,VolticPistol,,Action & Adventure,Developer: Sunset Arctic Games (2),Steam Games
appbrain-0067,HouseCraft 3D,3.24,Simulation,Craftopia Games,Android Apps
aptoide-1825,YouCine -O Melhor Movie Player,4.0,Media & Video,YouCine -O Melhor Movie Player,4.1.x+
apkpure-1161,Eagle's Academy PRO,,Free Productivity,Doctus Group,Android 6.0+
apkpure-0647,Drive Zone Online,7.6,Free Racing Game,Jet Games FZ-LLC,Android 7.0+
appbrain-0816,Şiir Defteri,5.00,Books & Reference,Şiir Defteri,Android Apps
appbrain-1482,GAP Türkiye,5.00,Shopping,Marka Mağazacılık A.Ş.,Android Apps
aptoide-1570,WhatsApp Business,4.0,Social,WhatsApp Business,5.1+
aptoide-1639,"Neutrino+ - Get Instagram Likes, Followers and Comments",5.0,Social,"Neutrino+ - Get Instagram Likes, Followers and Comments",5.1+
appagg-1883,Nintendo,,Action & Adventure,NOSTRA GAMES,Steam Games
apkpure-1351,UAV Forecast for Drone Pilots,6.0,Free Weather,Good To Forecast,Android 5.0+
cnet-0505,BlackCupid - Black Dating,User Rating | User Rating,Social Networking Software,Cupid Media Pty Ltd,Android
aptoide-0874,San Andreas Crime City Gangster 3D HATCOM Inc. Official 4.4 - 4.4.4+,4.4,Simulation,San Andreas Crime City Gangster 3D,4.4 - 4.4.4+
aptoide-1136,Truck Driving Games Simulator - Truck Games 2019,2.8,Racing,Truck Driving Games Simulator - Truck Games 2019,5.1+
apkpure-0485,Genshin Impact Cloud,5.8,Free Adventure Game,COGNOSPHERE PTE. LTD.,Android 5.0+
apkpure-2083,"Vault Hide Pics, Lock",9.1,Free Business,Wafer Co.,Android 4.3+
aptoide-0822,Subway Endless - Run Game Games Skills Official 4.1.x+,-,Arcade,Subway Endless - Run Game,4.1.x+
appagg-0513,Garanti BBVA Mobile,,Finance,T. Garanti Bankasi A.S.,Android Apps
appbrain-1580,Love Photo Effect Editor,5.00,Photography,Selfie Photo Collage Maker,Android Apps
appbrain-0643,Survivor's guilt : Earthquake,4.80,Adventure,City Smash,Android Apps
aptoide-0717,Merge County® Microfun Limited Trusted,4.6,Puzzle,Merge County®,6.0+
aptoide-1078,Beach Buggy Racing 2 Vector Unit Trusted 7.0+,4.2,Racing,Vector Unit,7.0+
appagg-1557,Nintendo,,Action & Adventure,SuperPowerUpGames,Nintendo Games
appbrain-1509,Collage Maker - Photo Collage,5.00,Photography,batter man,Android Apps
aptoide-2172,"Max Stream HBO, TV, & Movies WarnerMedia Global Digital Services, LLC Trusted 5.1+",3.3,Entertainment,"Stream HBO, TV, & Movies",5.1+
aptoide-1453,Trivia Crack Fun Quiz Games Etermax Trusted 8.1.0+,4.5,Trivia >,Trivia Crack,8.1.0+
cnet-0790,Power Applock APK for Android,User Rating | User Rating,Security Software,Power Applock,Android
appagg-0859,My Talking Angela 2,,Casual,Outfit7 Limited,Android Apps
cnet-0476,Booster for tiktok for Android,User Rating | User Rating,Social Networking Software,Cross Bits Communication,Android
apkpure-1599,Minichat – The Fast Video Chat,8.3,SOCIAL,CrescentAxis Inc.,Android 5.0+
apkpure-1947,B&B HOTELS,,Free Travel & Local,B&B HOTELS,Android 6.0+
appbrain-1009,Ayush Sanjivani,5.00,Health & Fitness,Ayush Sanjivani,Android Apps
appagg-1896,Start Heart Thief,2.79,Action & Adventure,Star & Moon Romance (2),Steam Games
aptoide-1318,1875 days,3.2,Music,badmannersteam,4.2.x+
aptoide-1890,HTC Connect,3.9,Video Players & Editors,HTC Connect,4.2.x+
aptoide-0439,8 Ball Pool best 2022,4.7,Sports Games,SweetApps Dev,4.0.3 - 4.0.4+
appagg-1712,TerraScape,,Classics,Stray Fawn Publishing,Steam Games
cnet-0041,FaceTime free Calls Android,User Rating,Communications,By Nextapps inc,Android
cnet-1004,FreeRange Mobile for iOS,User Rating | User Rating,Communications,Elite Group,iOS
cnet-1735,BMI Calculator for Mac,User Rating | User Rating,Educational Software,iTeamDeveloper,Mac
aptoide-0970,3d motorcycle Racing Game Yassine Sdw Official 6.0+,2.5,Simulation,3d motorcycle Racing Game,6.0+
apkpure-1958,Fishing Clash Sport Simulator,9.3,Games,Ten Square Games,Android 7.0+
aptoide-0985,Car Games Simulator 3D Extreme Yassine Sdw Official 6.0+,5.0,Simulation,Car Games Simulator 3D Extreme,6.0+
cnet-1515,PayPig for iOS,User Rating | User Rating,Business Applications,Westpac Banking Corporation,iOS
appbrain-0427,Miracle Fly - Platformer Flyin,5.00,Action,1.0.6.2,Android Apps
apkpure-1489,X-VPN,7.8,Free Tools,Free Connected Limited.,Android 6.0+
appbrain-1527,Toon Edit Cartoon Photo,5.00,Photography,Film Photo - Analog Camera - Photo Editor,Android Apps
cnet-1350,Granny Smith for iOS,User Rating | User Rating,Games,Mediocre,iOS
appagg-1845,Viviette,,Action & Adventure,DYA Games,Steam Games
aptoide-0069,Spider Fighter 3,5.0,Action,Action Game,7.1+
appagg-0310,Skin Tools,,Tools,Radhika Yusuf Alifiansyah,Platforms:
apkpure-0990,JUI BOOK,,Free Social,Falcon Empire,Android 4.2+
apkpure-2115,apparcand clic&aparca,,Free Auto & Vehicles,Studiogenesis Projects,Android 6.0+
aptoide-2429,Papara Trusted 9+,3.9,Finance,Papara,9+
cnet-0440,"Transdr: Trans Dating For Transgender, TS Chat for Android",User Rating | User Rating,Social Networking Software,Transdr,Android
cnet-1196,Tubi TV - Watch Movies & TV Shows for iOS,User Rating | User Rating,Entertainment Software,adRise,iOS
appagg-1660,Catculator,,Health & Fitness,Sankalp Kulshrestha (2),iOS Apps
apkpure-0144,Taller - Maximize your height,6.0,Free Health & Fitness,Asymmetric Labs,Android 7.0+
aptoide-1970,Phone by Google Inc. Trusted 11+,4.0,Entertainment,Phone by Google,11+
aptoide-1756,XNX VPN Fast and Secure Unlimited,3.0,Communication >,Andres Senger,4.4 - 4.4.4+
aptoide-2313,HTC Mail HTC Corporation Trusted 5.1+,4.8,Business,HTC Mail,5.1+
apkpure-1546,Google Play services,7.7,Free Tools,Google LLC,Android 12.0+
cnet-1822,Trackline Express,User Rating,Strategy Games,Bubblebird Studio,Mac
aptoide-0977,Ice Cream Fever,-,Simulation,Cooking Game,8.1.0+
apkpure-1117,Multi Betting Tips,10.0,Free Sports,Multi Team,Android 6.0+
apkpure-2122,OSN+,9.0,Free Entertainment,Anghami Technologies,Apps
appagg-0259,StarMaker: Sing Karaoke Songs,5,Music & Audio,SKYWORK AI PTE. LTD. (49),Android Apps
aptoide-0788,العاب اكس او فردي- زوجي HAZO Apps Trusted 4.0.1 - 4.0.2+,3.0,Arcade,فردي- زوجي,4.0.1 - 4.0.2+
cnet-1395,Bermuda - Video Chat Meet New People & Friends,User Rating | User Rating,Social Networking Software,THEBERMUDA Inc.,iOS
appagg-0814,Gacha Life,,Casual,Lunime,Android Games
appagg-1548,Nintendo,,Action & Adventure,REDDEER.GAMES,Platforms:
cnet-0669,My Log Home 3D Live wallpaper,User Rating | User Rating,Screensavers & Wallpaper,10ravens,Android
apkpure-2044,Mistplay,8.5,Free Entertainment,MISTPLAY,Android 7.0+
apkpure-1854,BOKU,9.4,Free Simulation Game,PIXTICLE,Android 7.0+
cnet-0562,MTN,User Rating | User Rating,Productivity Software,MTN South Africa,Android
apkpure-1083,Threads,4.7,Free Social,Instagram,Android 9.0+
cnet-0020,WhatsApp Messenger for Android,User Rating | User Rating,Communications,WhatsApp,Android
aptoide-0844,Five Nights at Craft World 3,3.1,Arcade,Five Nights at Craft World 3,2.3 - 2.3.2+
appbrain-0234,Samsung Security Policy Update,4.10,Productivity,"Samsung Electronics Co., Ltd.",Android Apps
appagg-1616,Howling Village: Echoes,,Action & Adventure,"Churapps Co.,Ltd.",Steam Games
appagg-1711,Plague Inc: Evolved,,Classics,Ndemic Creations,Android Apps
aptoide-0984,Block Craft 3D 2021 Gursana Handara Official 4.4 - 4.4.4+,2.0,Simulation,Gursana Handara,4.4 - 4.4.4+
cnet-0518,Regedit Mobile FFH4X,User Rating | User Rating,Productivity Software,ManuelitaGG,Android
appagg-0699,TanTan - Asian Dating,,Social,Tantan Hong Kong Limited,Android Apps
aptoide-1997,Android Developer Play Store CSTRSK Official 2.1+,3.3,Tools,Android Developer Play Store,2.1+
appbrain-1484,Avery Mae Boutique,4.98,Shopping,CommentSold Apps III,Android Apps
apkpure-0873,Fandango Buy Movie Tickets Fandango 15.9 Trusted,8.7,Free Entertainment,Fandango,Android 9.0+
appbrain-0255,"Picsart AI Photo Editor, Video",4.05,Photography,27.5.8,Android Apps
appagg-1683,Tunnel Dig: Red Sapphire Quest,,Adventure,DegerGames (72),Android Apps
apkpure-1289,Convo,,Free Social,IV Solutions,Android 7.0+
appbrain-0272,Samsung Music,3.82,Music & Audio,"Samsung Music Samsung Electronics Co., Ltd.",Android Apps
apkpure-0982,AutoScout24 Buy & sell cars,10.0,Free Auto & Vehicles,AutoScout24 GmbH,Android 9.0+
appbrain-0653,606,5.00,Educational,606,Android Apps
apkpure-1818,Wheelie Life 2,9.8,Free Racing Game,ak.dev,Android 5.1+
appbrain-0745,iago - Learn Japanese,4.82,Educational,3.0.3,Android Apps
cnet-1174,Bubl Draw - Creative drawing with music for kids for iOS,User Rating | User Rating,Educational Software,Bubl,iOS
apkpure-1881,PSP Games Library,10.0,Free Productivity,Bubble Flow LNC,Android 7.0+
apkpure-0308,Lime RideGreen,3.6,Free Travel & Local,"Neutron Holdings, Inc.",Android 6.0+
cnet-0144,Kana: Watch Anime APK for Android,User Rating | User Rating | User Rating | User Rat,Educational Software,Only Production,Android
apkpure-0984,"Cloud: Video, photo storage",9.3,Free Productivity,VK.com,Android 8.0+
apkpure-0073,بث للمباريات - رياضة لايف,10.0,Free Events,Yacine Match Zone,Android 5.0+
cnet-0007,Xiaomi Contacts and dialer,User Rating,Communications,By Xiaomi Inc.,Android
apkpure-0764,World Weather - Rain Radar,10.0,Free Weather,v-appz,Android 6.0+
appagg-0507,VLC for Android,5,Video Players & Editors,Videolabs,Android Apps
appagg-1503,GO,,Classics,Wellington,Steam Games
appagg-1378,Dead Ahead: Zombie Warfare,,Strategy,Mobirate,Android Games
cnet-1932,iTube Grabber,User Rating | User Rating | User Reviews,Internet Software,iTubeGrabber,Mac
appbrain-0028,Dinosaur Merge: Block Fighting,4.10,Casual,"TVC Global., Ltd",Android Apps
cnet-2265,iSpeedCams,User Rating | User Rating,Maps,Jibapps,Mac
appbrain-0866,Dua və Zikr. Müsəlmanın Qalası,5.00,Books & Reference,Fariz & Natiq,Android Apps
appbrain-1622,InstaSquare Photo Editor,4.85,Photography,photoeditor studio,Android Apps
apkpure-0249,Elite Auto Brazil - Wheelie,,Free Simulation Game,Solty Games Studio,Android 7.0+
appagg-0768,Pixel Gun 3D - FPS Shooter,5,Action,Pixel Gun 3D,Android Games
appbrain-0058,Milap - Live Video Chat,4.86,Social,Calensa Social,Android Apps
appagg-0418,Dropbox: Secure Cloud Storage,5,Productivity,"Dropbox, Inc.",Android Apps
apkpure-1936,Clipfly - AI Video Generator,,Free Art & Design,AI Art Photo Editor,Android 6.0+
appbrain-1687,Toon Chase - Run away,4.80,Racing,Prado Studios,Android Apps
aptoide-1295,Blackjack Original Asaf Cohen Official 2.2.x+,3.0,Casino,Blackjack Original,2.2.x+
apkpure-0813,Boyuna Tower,,Free Casual Game,The New Team Games,Android 6.0+
aptoide-0146,CS16Client (Unreleased),4.2,Action,Flying With Gauss,1.5+
apkpure-2006,Sindo Ferry,,Free Travel & Local,SindoFerry,Android 7.0+
apkpure-1604,VPN Proxy Speed - Super VPN,7.1,Free Productivity,TOPAPPS TECH PTE LTD,Android 7.0+
aptoide-0355,Wither Storm for Minecraft PE LoneDev Official 4.0.3 - 4.0.4+,3.4,Adventure,Wither Storm for Minecraft PE,4.0.3 - 4.0.4+
aptoide-1106,Bike Race Game Motorcycle Game Gamers Genie Official 5.1+,-,Racing,Gamers Genie,5.1+
appagg-0050,MX Player,5,Video Players & Editors,Amazon India.,Android Apps
appagg-0186,BeautyPlus-Selfie Film Camera,5,Photography,PIXOCIAL LABS PTE. LTD. (14),Android Apps
cnet-1537,GCash for iOS,User Rating | User Rating,Business Applications,Globe Telecom,iOS
appbrain-1080,Station,4.94,Health & Fitness,2.0.869,Android Apps
appbrain-1054,Sadhguru - Yoga & Meditation,4.96,Health & Fitness,Isha Foundation,Android Apps
cnet-1858,Sultan's Game,User Rating | User Rating,Strategy Games,2P Games,Mac
aptoide-2424,Make Money Cash & Gift Cards Tech2Cash (BigCash ) Official 5.1+,4.7,Lifestyle,Cash & Gift Cards,5.1+
appbrain-0661,Gods Coloring Book & Gods Pain,5.00,Educational,15.0,Android Apps
cnet-0303,Nowgoal,User Rating | User Rating,Entertainment Software,Zhaoqing Huaying Technology,Android
appagg-1490,Nintendo,,Action & Adventure,Forever Entertainment (118),Android Games
apkpure-0879,V Downloader – Download Videos,,Free Video Players & Editors,Mobile Notepad Apps,Android 7.0+
aptoide-2390,VR SecureGo plus,1.0,Finance,VR SecureGo plus,10+
appbrain-0057,Vape Pod Simulator & Gun Sound,5.00,Entertainment,1.0.8,Android Apps
appagg-1618,Pilie Pals,,Classics,Keyreal,Steam Games
appagg-1285,Jigsaw Puzzles - Puzzle Games,,Board ›,Easybrain Ltd,iOS Apps
cnet-1657,WebMail for Mac,User Rating | User Rating,Communications,NetWin,Mac
appbrain-1895,Fans up by tags,4.83,Social,Fans up by tags,Android Apps
appagg-1635,Escape The Outbreak,,Action & Adventure,Unknown Games,Steam Games
apkpure-1935,Gym Workout,2.0,Free Health & Fitness,Leap Fitness Group,Android 6.0+
cnet-0937,Freezer No Root APK for Android,User Rating | User Rating,Utilities & Tools,Real Zhang,Android
appagg-1746,Outer Wilds,,Action & Adventure,Annapurna Interactive (173),Android Games
cnet-0079,Verizon Visual Voicemail,User Rating | User Rating,Communications,Motorola Mobility LLC,Android
apkpure-1585,Weather for Russia,,Free Weather,ID Mobile SA,Android 5.0+
aptoide-0852,Ninja Master,9.8,Arcade,Fruit Slicer,4.4 - 4.4.4+
apkpure-0006,Heroes vs. Hordes: Survivor,10.0,Games,SWIFT GAMES,Android 7.1+
cnet-0402,Ultraman Rumble2:Heroes Arena,User Rating | User Rating,Arcade Games,DWEB,Android
aptoide-0741,My Boy! Lite Fast Emulator Trusted 4.0.1 - 4.0.2+,4.2,Arcade,My Boy! Lite,4.0.1 - 4.0.2+
appagg-1242,Ball Sort Puzzle,,Casual,Developer: IEC Global Pty Ltd (37),Android Games
appagg-1703,Inner Tao,,Other,Lucas Le Slo,Steam Games
appagg-1082,Block Blast！,3,Puzzle,Hungry Studio,iOS Games
aptoide-1887,IPTV Extreme Paolo Turatti Trusted 5.1+,4.5,Video Players & Editors,IPTV Extreme,5.1+
aptoide-1268,China Coin Pusher DRILL Games Official 4.4 - 4.4.4+,4.0,Casino,China Coin Pusher,4.4 - 4.4.4+
appagg-1533,LEGO® Star Wars™: The Skywalker Saga PS4 & PS5,,Action & Adventure,Warner Bros. Interactive,Windows Games
appbrain-0686,Heterocycles Names & Structure,5.00,Educational,2.0,Android Apps
aptoide-0872,PS PS2 PSP Xie Lei Official 5.1+,4.3,Simulation,PS PS2 PSP,5.1+
cnet-0098,OnlyFans,User Rating | User Rating,Communications,onlyfans,Android
aptoide-0921,Vegas Mafia Auto Crime - Grand Gangster Simulator Dority Horstman Official 4.4 - 4.4.4+,5.0,Simulation,Vegas Mafia Auto Crime - Grand Gangster Simulator,4.4 - 4.4.4+
appagg-1979,Try again!,,Classics,Antizero company,Steam Games
apkpure-2152,Surfline Wave & Surf Reports,,Free Weather,"Surfline/Wavetrak, Inc.",Android 8.0+
appbrain-1584,Bedroom Photo Frame,4.90,Photography,Art Studio,Android Apps
appbrain-1724,Drifto - Touge Drift Racing,4.73,Racing,4.27.3,Android Apps
appagg-1233,Hitmasters,,Action,CASUAL AZUR GAMES,Platforms:
appagg-1676,Essays on Empathy,Reviews: 5 ( 1 ),Classics,Devolver Digital (349),Windows Games
cnet-0925,Wireless IMU APK for Android,User Rating | User Rating,Utilities & Tools,yakgg,Android
cnet-2225,PaladinVPN for Mac,User Rating | User Rating,Security Software,PaladinVPN,Mac
appbrain-0854,Malay<>English Dictionary,5.00,Books & Reference,4.3.089,Android Apps
cnet-1746,Graph Paper Maker,User Rating | User Rating,Reference Software,Black Cat Systems,Mac
cnet-1304,GameHub for iOS,User Rating | User Rating,Games,By Spectrum Software Solutions,iOS
cnet-0953,Virtual Master - Android Clone APK,User Rating | User Rating,Utilities & Tools,By Virtual Parallel Space Tech,Android
appbrain-2008,Manly-Warringah Sea Eagles,5.00,Sports,Manly-Warringah Sea Eagles,Android Apps
apkpure-1067,World of Peppa Pig: Kids Games,8.0,Free Educational Game,Find Your Fun,Android 5.1+
appbrain-0650,TRT İbi: Matematik Yolculuğu,5.00,Educational,Türkiye Radyo ve Televizyon Kurumu,Android Apps
appbrain-1776,BobSleigh eXtreme,4.67,Racing,Dream-Up,Android Apps
appbrain-1331,Neon Logo Maker - Logo Creator,5.00,Art & Design,2.2,Android Apps
aptoide-1511,,3.3,Brain & Puzzle >,Chess online,2.1+
aptoide-1513,Dream Home Puzzle Jigsaw (Rompecabezas de casas),-,Brain & Puzzle >,Dream Home Puzzle Jigsaw (Rompecabezas de casas),4.4 - 4.4.4+
appagg-0235,Duolingo - Language Lessons,5,Education,Duolingo (4),Android Apps
aptoide-2408,tricount - Split group bills Guillebert de Dorlodot Trusted 5.1+,4.3,Finance,tricount - Split group bills,5.1+
cnet-0059,Orbot: Tor for Android APK,User Rating | User Rating,Communications,The Tor Project,Android
apkpure-0754,Immovlan,,Free House & Home,Immovlan IT,Android 8.0+
aptoide-0379,العاب رعب مخيفه 2023,-,Adventure,العاب رعب مخيفه 2023,4.4 - 4.4.4+
appbrain-0695,Hello Kitty: Kids Supermarket,4.89,Educational,Hippo Kids Games,Android Apps
appagg-1807,Schastye,,Other,Missing Calm,Steam Games
aptoide-1790,Stickers For WhatsApp - STICKER MAKER,3.4,Tools,Stickers For WhatsApp - STICKER MAKER,5.1+
appbrain-1651,Furious LaFerrari Highway Max,5.00,Racing,Driving Force Cars,Android Apps
cnet-0540,Pinjamwinwin,User Rating | User Rating,Business Applications,PT Progo Puncak Group,Android
aptoide-0377,Guide Super Mario omdev 4.0.1 - 4.0.2+,2.1,Adventure,omdev,4.0.1 - 4.0.2+
aptoide-2440,Taptap Send,5.0,Finance,Send money abroad,7.1+
appbrain-0159,Google Photos,4.43,Photography,7.30.0.761213354,Android Apps
cnet-1800,Age of Empires III,Trial version,Strategy Games,By Ensemblestudios,Mac
appbrain-0589,Escape Game Christmas Party,4.88,Adventure,Description Easy to play and perfect for killing time Show more,Android Apps
cnet-1063,Sup - See Your Friends Nearby for iOS,User Rating | User Rating,Communications,Sup,iOS
appbrain-1399,Pulsalapak - Agen Pulsa Murah,5.00,Shopping,Amerta Developer,Android Apps
appbrain-1880,RN - Conexão Rubro-Negra,4.86,Social,11.0.0,Android Apps
appagg-1561,Nintendo,,Action & Adventure,TREVA,Nintendo Games
aptoide-1166,Retirame earn. withdraw Jarrol Official 7.0+,5.0,Casino,Retirame,7.0+
appagg-0250,Amex,,Finance,American Express,Android Apps
apkpure-1912,Fruit Playground,9.8,Free Simulation Game,ONRI Studio,Android 5.1+
aptoide-0821,Space shooter,4.1,Arcade,Galaxy attack,6.0+
apkpure-1307,Home Games Arcade Monster Chase,10.0,Games,Ketchapp,Android 6.0+
appbrain-1848,Scappy,4.94,Social,56.2.2,Android Apps
appbrain-0899,10000 Komik Fıkra,5.00,Entertainment,HokkabazSoft,Android Apps
appagg-1214,,,Simulation,Heatherglade Publishing,Android Games
apkpure-0141,Ice Hero,,Games,pyramids apps,Android 5.1+
cnet-0797,Spy Scanner Anti Spy Free 2020,User Rating | User Rating,Security Software,By 1Byte Software Pte. Ltd.,Android
appagg-1587,Call of Duty® 4: Modern Warfare® (2007),,Action & Adventure,Activision,Windows Games
cnet-2126,Iconographer for Mac,User Rating | User Rating,Screensavers & Wallpaper,Mscape Software,Mac
appagg-0715,Call of Duty: Mobile Season 5,5,Action,Activision Publishing Inc.,Android Games
appagg-1539,The Last of Us™ Part I,Reviews: 3 ( 1 ),Action & Adventure,Sony Interactive Entertainment,PlayStation Games
appagg-1067,Megapolis: City Building Sim,5,Simulation,Social Quantum Ltd,Android Games
appbrain-1876,Story Saver,4.88,Social,2.7_release,Android Apps
apkpure-1876,Tripadvisor,9.4,Free Travel & Local,Tripadvisor,Android 7.0+
appagg-2050,Frontline Zed,,Action & Adventure,Volcanic Games,Steam Games
aptoide-0082,Delta Force Shooter 3d,-,Action,Delta Force Shooter 3d,4.3.x+
apkpure-0248,YAZIO Food & Calorie Counter,7.8,Free Health & Fitness,YAZIO,Android 10.0+
appagg-0219,Zoom Workplace,,Business,zoom.com,Android Apps
apkpure-0454,Netflix (Android TV),6.9,Free Entertainment,"Netflix, Inc.",Android 7.0+
appbrain-1684,Vlad & Niki: Kids Bike Racing,4.80,Racing,Hippo Kids Games,Android Apps
aptoide-1659,حالاتي - حالات واتساب وصور KingApps Official 4.4 - 4.4.4+,-,Social,حالاتي - حالات واتساب وصور,4.4 - 4.4.4+
aptoide-0544,Soccer League World Football Champions LGameStudios Official 5.1+,5.0,Sports Games,Soccer League World Football Champions,5.1+
cnet-0254,Bypass Android FRP Lock Tricks,User Rating,Entertainment Software,Stark Store,Android
aptoide-1498,Pixel Dungeon,3.8,Role Playing,Pixel Dungeon,2.3 - 2.3.2+
appagg-0702,PUBG MOBILE,5,Action,Level Infinite,Android Games
aptoide-0360,Ghost House Escape Amphibius Developers Official 4.0.1 - 4.0.2+,3.2,Adventure,Ghost House Escape,4.0.1 - 4.0.2+
aptoide-0843,Super Chicken Scream Run 3,3.9,Arcade,Super Chicken Scream Run 3,4.0.1 - 4.0.2+
cnet-1071,Narwhal Emoji for iOS,User Rating | User Rating,Communications,Mar Kevin Cayabyab,iOS
appbrain-0634,Peek a Phone - Detective Game,4.80,Adventure,Peek a Phone - Detective Game,Android Apps
appagg-0208,Period Calendar Period Tracker,5,Health & Fitness,Simple Design Ltd.,Android Apps
cnet-1643,TextNow - Free Text,User Rating,Communications,"By Enflick, Inc.",Mac
cnet-1780,MoleculeSketch for Mac,User Rating | User Rating,Reference Software,Stefan Dolder,Mac
cnet-0972,I3MS Vehicle Report - Truck No. Wise Report,User Rating | User Rating,Utilities & Tools,KindBit Studio,Android
appagg-0381,Six Pack in 30 Days,,Health & Fitness,Leap Fitness Group,Android Apps
apkpure-0170,Craftsman 5,9.9,Games,Slbzer,Android 7.0+
aptoide-0626,Bus Jam Car Parking Games Joymaster Puzzle Game Studio Trusted 7.1+,-,Puzzle,Car Parking Games,7.1+
appbrain-1930,Olympiacos,5.00,Sports,Stavroulakis Konstantinos,Android Apps
aptoide-0678,Closet Sort,-,Puzzle,Go Sort Organize,6.0+
apkpure-2164,Cry Babies,9.0,Free Educational Game,IMC Toys,Android 7.0+
apkpure-0052,Home Games Sports Cornhole League - Board Games,10.0,Free Sports Game,TapNation,Android 7.0+
appagg-1255,Traffic Escape!,,Puzzle,FOMO GAMES,Android Games
aptoide-1047,Drive Zone Car Simulator Game Jet Games FZ-LLC Trusted 7.1+,4.8,Racing,Car Simulator Game,7.1+
appagg-1581,Shadow Tactics: Aiko's Choice,,Other,Daedalic Entertainment (182),Windows Games
cnet-0698,3D Earth Live Wallpaper PRO HD APK for Android,User Rating | User Rating,Screensavers & Wallpaper,Live Wallpaper HD 3D,Android
appbrain-0593,Beyond the Room,4.85,Adventure,Beyond the Room,Android Apps
appbrain-0562,Adventure Hunters: The Temple,4.90,Adventure,Hollow Quest,Android Apps
cnet-2184,VeraCrypt for Mac,User Rating | User Rating,Security Software,IDRIX EURL,Mac
apkpure-0722,Disney+,4.7,Free Entertainment,Disney,Android 5.0+
appagg-0099,Temu: Shop Like a Billionaire,,Shopping,Temu,Android Apps
aptoide-2147,Pluto TV,3.7,Entertainment,Pluto TV,5.1+
appbrain-1261,Pastel Macarons Theme,5.00,Art & Design,+HOME by Ateam Entertainment,Android Apps
aptoide-0554,EU16 - Euro 2016 France,4.3,Sports Games,EU16 - Euro 2016 France,4.0.1 - 4.0.2+
cnet-1319,World Reborn for iOS,User Rating | User Rating,Games,"Wicked Saints Studios, Inc.",iOS
cnet-0453,ChametLive video chat & Match & Meet for Android,User Rating | User Rating,Social Networking Software,FULIAO HONG KONG LIMITED,Android
cnet-0185,Oxford Advanced Learners Dictionary 10th edition,User Rating | User Rating,Educational Software,Oxford University Press ELT,Android
appbrain-1512,Birthday Photo Frame Editor,5.00,Photography,1.48,Android Apps
cnet-0096,,User Rating | User Rating,Communications,Sony Pictures Entertainment,Android
cnet-0813,ConnectedCAM Citroen for C3,User Rating | User Rating,Maps,Automobiles CITROEN,Android
appbrain-0757,Kid-E-Cats Playhouse,4.77,Educational,Kid-E-Cats Playhouse,Android Apps
cnet-2219,,User Rating,Security Software,Trial version,Mac
cnet-0634,andromeda substratum stock rootless backend 8.0+ APK for Android,User Rating | User Rating,Screensavers & Wallpaper,Projekt Development,Android
appagg-1740,Vampire: The Masquerade - Bloodlines,,Action & Adventure,Activision,Windows Games
cnet-1110,Toca Dance Free for iOS,User Rating | User Rating,Educational Software,Toca Boca,iOS
apkpure-2085,E-library,,Free Books & Reference,Kansalliskirjasto,Android 7.0+
appbrain-1251,CircleMaster -Circle scoring-,5.00,Art & Design,CircleMaster -Circle scoring-,Android Apps
cnet-0648,Spring Live Wallpaper APK for Android,User Rating | User Rating,Screensavers & Wallpaper,Live Wallpapers 3D,Android
aptoide-1355,Give It Up!,4.4,Music,Invictus Games Ltd.,4.0.1 - 4.0.2+
apkpure-1524,ScreenXperience,,Free Video Players & Editors,ScreenDeveloper,Android 7.0+
appagg-0870,Car Parking Multiplayer,,Simulation,olzhass,Android Games
appbrain-1188,Russian Topo Maps Pro,4.88,Maps & Navigation,7.8.1,Android Apps
cnet-1644,Yahoo! Messenger for Mac,User Rating,Communications,Michael Mateas and Andrew Stern,Mac
apkpure-0440,Lithium EPUB Reader,9.1,Free Books & Reference,FaultException,Android 4.1+
aptoide-0367,Hello Neighbor Nicky's Diaries,-,Adventure,Hello Neighbor Nicky's Diaries,11+
cnet-1100,Toca Band for iOS,User Rating | User Rating,Educational Software,Toca Boca,iOS
aptoide-0135,Modern Sniper Shooter FPS Shooting Games 2020,-,Action,Galassia Studios,7.0+
appbrain-1961,Yamamah,5.00,Sports,Symphony Technology LLC,Android Apps
apkpure-2151,Drone acro simulator,9.5,Free Simulation Game,Egobrook,Android 7.1+
appagg-1872,shapez,,Classics,tobspr Games,Steam Games
appbrain-1327,Festival Poster Maker & Post,4.80,Art & Design,Festival Poster: BrandFlex®,Android Apps
cnet-2197,Net Monitor for Employees Professional for Mac,User Rating | User Rating,Security Software,EduIQ,Mac
apkpure-1403,DRM Sport,,Free Sports,Toyota Games,Android 9.0+
appbrain-0543,Farouq Masters Of Archery,5.00,Adventure,Arabic Call Team,Android Apps
appbrain-1034,Clean Yoga Club,5.00,Health & Fitness,Carlo Guaragna,Android Apps
appbrain-0341,城とドラゴン - 『ダンジョン飯』 コラボ開催中,5.00,Strategy,asobism,Android Apps
appagg-0514,Weather Radar by WeatherBug,5,Weather,WeatherBug,Platforms:
apkpure-1614,Chai: Chat AI Platform,7.4,Free Entertainment,Chai Research Corp.,Android 6.0+
apkpure-2254,Toilet Agents,9.0,Free Action Game,MEMOLOGIYA,Android 7.0+
appbrain-1053,Deportsen: train soccer player,5.00,Health & Fitness,4.2.0,Android Apps
cnet-2235,iLock for Mac,Trial version,Security Software,OSX Bytes,Mac
aptoide-0317,Adventure MaxiCraft CraftExplorationPro Official 2.3 - 2.3.2+,3.6,Adventure,Adventure MaxiCraft,2.3 - 2.3.2+
appbrain-0475,Fast Sanic Goo! Adventure,4.87,Action,Elenio Castellanos,Android Apps
apkpure-0519,NoteCam Lite - GPS memo camera,6.4,Free Travel & Local,Derekr Corp.,Android 6.0+
cnet-1097,Cisco Packet Tracer Mobile for iOS,User Rating | User Rating,Educational Software,Cisco Mobile,iOS
appagg-0213,"Banco Itaú: Conta, Cartão e +",5,Finance,Developer: Itaú Unibanco S. A. (31),Android Apps
appagg-0330,Google Earth,5,Travel & Local,Travel & Local,Android Apps
aptoide-1541,512 - Number puzzle game La cosa nostra Official 4.4 - 4.4.4+,-,Brain & Puzzle >,512 - Number puzzle game,4.4 - 4.4.4+
appagg-0586,Audible: Audio Entertainment,5,Books & Reference,"Audible, Inc.",Android Apps
appagg-0059,Yandex Go: Taxi Food Delivery,,Maps & Navigation,Mikromobilnost LLC Belgrade (19),Android Apps
aptoide-1583,"Tumblr—Fandom, Art, Chaos Tumblr Trusted 8.1.0+",4.5,Social,"Tumblr—Fandom, Art, Chaos",8.1.0+
appagg-1856,Espresso For The Demon,,Other,Vorobushek,Steam Games
aptoide-1359,Piano With Free Songs to Learn,5.0,Music,Piano With Free Songs to Learn,2.3.3 - 2.3.7+
appbrain-0965,Radio Kasoot,4.97,Entertainment,Arun Malik,Android Apps
cnet-1596,AOL Desktop for Mac,User Rating | User Rating,Communications,AOL,Mac
appagg-1386,Slugterra: Slug it Out 2,,Puzzle,Nightmarket Games,Android Games
cnet-1904,MacTFTP Client,Trial version,Internet Software,By MacTechnologies Consulting,Mac
cnet-1790,Cities: Skylines for Mac,User Rating | User Rating,Simulation,Colossal Order,Mac
apkpure-2188,BVB,2.0,Free Sports,Borussia Dortmund,Android 11.0+
cnet-0734,Turbo VPN Lite,User Rating | User Rating,Security Software,Innovative Connecting,Android
appbrain-1495,26 January Photo Editor,5.00,Photography,samriddhi,Android Apps
appbrain-1203,SG Bus Buddy,4.85,Maps & Navigation,9.5.2,Android Apps
appbrain-1168,Paris ci la Sortie du Métro,5.00,Maps & Navigation,P UNG,Android Apps
appbrain-0034,V2 MAX VPN,4.45,Tools,Gungun Baby,Android Apps
appbrain-0672,Askuala Educational Games,5.00,Educational,Techaddis Studio,Android Apps
appagg-1460,Predator: Hunting Grounds - Yautja Edition,3.9,Action & Adventure,IllFonic Publishing,Steam Games
cnet-0268,Moviebox Pro,User Rating | User Rating,Entertainment Software,Meta Nova,Android
cnet-1273,CINEMOOD for iOS,User Rating | User Rating,Entertainment Software,CINEMOOD Trendsetters,iOS
appagg-0857,Pure Sniper: Gun Shooter Games,4.2,Action,Miniclip.com (70),Android Games
aptoide-0064,UNKILLED - Zombie FPS Shooter,4.3,Action,UNKILLED - Zombie FPS Shooter,8.1.0+
aptoide-0780,Pocket Champs 3D Racing Games,4.3,Arcade,3D Racing Games,8.1.0+
cnet-2064,SigmaXL for Mac,User Rating | User Rating,Business Applications,SigmaXL,Mac
aptoide-1421,Green Leaf Magic Tiles 3 Ama Zonz Official 4.0.1 - 4.0.2+,-,Music,Green Leaf Magic Tiles 3,4.0.1 - 4.0.2+
cnet-0718,AdClear APK for Android,User Rating | User Rating,Security Software,SEVEN Networks,Android
apkpure-0601,Universal Copy,9.1,Free Social,Camel Corporation,Universal Copy
cnet-2160,AntiRSI,User Rating | User Rating,Screensavers & Wallpaper,Onn,Mac
appbrain-0474,Medina Defender: Survival Game,5.00,Action,4.9.3,Android Apps
cnet-2227,iSteg for Mac,User Rating | User Rating,Security Software,hanynet.com,Mac
apkpure-0235,Weather in Holland: the,,Free Weather,Surfcheck,Android 7.0+
appagg-0708,8 Ball Pool,4.5,Sports,Miniclip.com (70),Android Games
appbrain-0723,Crossword - Words search,4.91,Educational,Hosy_developer,Android Apps
appagg-0029,Mercado Libre: Compras online,,Shopping,Mercado Libre,Android Apps
appagg-0785,Smash Hit,5,Arcade,Mediocre,Android Games
apkpure-1260,Bowling Clash: 3D Crew Game,,Free Simulation Game,PLAYWELL LLC,Android 7.0+
appagg-0596,Hotspot Shield: Fast VPN Proxy,5,Tools,Anchorfree LLC,Android Apps
appagg-0868,Beach Buggy Racing,5,Racing,Vector Unit,Android Games
appbrain-1462,Hilmi Gas,5.00,Shopping,IST-Development,Android Apps
appagg-1200,Bike Racing 3D,5,Racing,Words Mobile,Android Games
appbrain-0203,Spotify: Music and Podcasts,4.31,Music & Audio,9.0.48.380,Android Apps
aptoide-2204,WIFI Hacker Professional,3.8,Entertainment,WIFI Hacker Professional,4.1.x+
appagg-0574,Reface: Face Swap AI Photo,5,Photography,"NEOCORTEXT, INC.",Android Apps
appbrain-1777,TheVR,5.00,Social,TheVR,Android Apps
appbrain-1708,Truck Simulator: Cars and Road,4.83,Racing,Spelet Games,Android Apps
aptoide-0008,Left to Survive Zombie Games,4.2,Action,Zombie Games,7.1+
aptoide-0246,The Grand Mafia YottaGames Trusted 7.0+,4.4,Strategy,The Grand Mafia,7.0+
cnet-1880,TftpServer for Mac,User Rating | User Rating,Internet Software,TftpServer,Mac
apkpure-1492,"VK Video movies, cartoons, TV",5.9,Free Entertainment,VK.com,Android 9.0+
aptoide-0052,Legends Call of Battle Royale Duty-Modern FPS 3D,1.0,Action,World of Web WOW,4.4 - 4.4.4+
cnet-1645,WeChat,User Rating,Communications,Tencent,Mac
appbrain-1782,Acharya Shree Vidyasagar (Jain,5.00,Social,Acharya Shree Vidyasagar (Jain,Android Apps
cnet-1043,Trump Emojis Donald Trumpmojis,User Rating | User Rating,Communications,Accretive Systems,iOS
appagg-0134,PLAYit-All in One Video Player,,Video Players & Editors,Developer: PLAYIT TECHNOLOGY PTE. LTD. (2),Android Apps
apkpure-0701,"Baby Photo Editor, Baby Pics",,Free Photography,Oleg Sheremet Software Solutions,Android 5.0+
appbrain-0289,Weather ColorOS,4.08,Weather,ColorOS,Android Apps
appbrain-0585,Super Fizzy: Jungle Adventure,4.90,Adventure,Doozy Games,Android Apps
appagg-1437,Cyber Manhunt,Points: 3 + 12 ¡,Simulation,DQM Games,iOS Games
cnet-2213,Keyboard And Mouse Recorder for Mac,User Rating | User Rating,Security Software,AlphaOmega Software,Mac
apkpure-0264,Video Downloader,,Free Video Players & Editors,MobVidTool Limited,Android 7.0+
aptoide-2421,Free Bitcoin Miner PureGoldApps Official 4.1.x+,2.3,Finance,Free Bitcoin Miner,4.1.x+
appagg-1140,DRAGON BALL Z DOKKAN BATTLE,5,Action,Bandai Namco Entertainment Inc. (121),Android Apps
aptoide-0400,Herobrine Mod for MCPE Максим Official 4.0.3 - 4.0.4+,4.3,Adventure,Herobrine Mod for MCPE,4.0.3 - 4.0.4+
aptoide-1024,Extreme Highway Racing Free Games Car Games 2020,5.0,Racing,Car Games 2020,4.1.x+
aptoide-0526,Sachin Saga VR,-,Sports Games,Sachin Saga VR,7.1+
appagg-1212,Forge of Empires: Build a City,5,Strategy,InnoGames GmbH,Android Games
apkpure-2081,MYKOREK,10.0,Free Business,Korek Telecom,Android 7.0+
aptoide-1978,,3.7,Tools,Dictionnaire,10+
apkpure-1819,Beach Buggy Blitz,9.4,Free Racing Game,Vector Unit,Android 6.0+
appagg-1450,WWE 2K25 Deadman Edition,3.2,Sports,XboxOne,iOS Apps
apkpure-1844,CSR Classics,9.6,Free Racing Game,Zynga,Android 4.1+
cnet-2114,XScreenSaver,User Rating | User Rating,Screensavers & Wallpaper,Jamie Zawinski,Mac
aptoide-2239,Honor Store Honor store Trusted 4.4 - 4.4.4+,5.0,Business,Honor Store,4.4 - 4.4.4+
appbrain-1884,ChatA,4.89,Social,1.39.1,Android Apps
appbrain-1322,Magic Cross Stitch: Pixel Art,4.81,Art & Design,2.29.1,Android Apps
cnet-1037,101Voice,User Rating | User Rating,Communications,101VOICE,iOS
appbrain-1759,Racing Transform - Sky Race,4.68,Racing,LQ-GAME,Android Apps
apkpure-2268,"PC Games Radar for Epic Games,",10.0,Free Events,Yuber Apps,Android 5.0+
appagg-0696,"MiChat - Chat, Make Friends",4.7,Communication,MICHAT PTE. LIMITED,Android Apps
appbrain-1101,Nüli — Home & Gym Workouts,4.93,Health & Fitness,Nüli,Android Apps
appagg-1868,Coronavirus Quarantine Simulator,,Classics,Fancy + Punk,Steam Games
apkpure-0925,Anime Drawing: Anime AR Draw,,Free Art & Design,Mo7Studio,Android 7.0+
appagg-1474,Nintendo,,Action & Adventure,BitToBit Publisher,Nintendo Games
aptoide-0187,Lands of Jail SINGAPORE JUST GAME TECHNOLOGY PTE. LTD. Trusted 7.1+,-,Strategy,Lands of Jail,7.1+
appbrain-1381,AR Drawing Dandadan Anime,4.77,Art & Design,Postcify,Android Apps
apkpure-0393,Efiko Aesthetic Filters & Eff,10.0,Free Photography,changpeng,Android 5.0+
cnet-1706,TubeMiter for Mac,User Rating | User Rating,Reference Software,Dippy Bird Software,Mac
apkpure-0958,Infocar OBD2 ELM Scanner,2.0,Free Auto & Vehicles,"Infocar Co., Ltd.",Android 7.0+
apkpure-0736,Dan the Man: Action Platformer,9.5,Free Arcade Game,Halfbrick Studios,Android 6.0+
cnet-1219,Vudu - Movies & TV for iOS,User Rating | User Rating,Entertainment Software,VUDU,iOS
aptoide-2075,DiskDigger photo recovery,4.4,Tools,DiskDigger photo recovery,5.1+
apkpure-1280,Piggy Clicker,7.4,Free Simulation Game,株式会社EAGLE,Android 7.0+
aptoide-1225,Terimabola288 Free Slot Online Games,5.0,Casino,Terimabola288 Free Slot Online Games,4.1.x+
cnet-0519,YONO SBI: The Mobile Banking and Lifestyle ! for Android,User Rating | User Rating,Business Applications,State Bank of India,Android
cnet-2201,Intego Mac Premium Bundle X9,User Rating | User Rating,Security Software,Intego,Mac
cnet-2237,AdiOS for Mac,User Rating | User Rating,Security Software,Veracode,Mac
aptoide-0584,Block Blast! Hungry Studio Trusted 5.1+,5.0,Puzzle,Block Blast!,5.1+
aptoide-1021,Stunt mania Xtreme,-,Racing,Stunt mania Xtreme,6.0+
appagg-0876,Swamp Attack,5,Action,Moving Eye,Android Games
cnet-1434,StreamKar - Live Video Chat for iOS,User Rating | User Rating,Social Networking Software,jiang wenjin,iOS
appbrain-0094,Airbuds Widget,4.60,Music & Audio,Music & Audio,Android Apps
apkpure-0848,Christian Hypnobirthing,,Free Parenting,Gather Pty Ltd,7.0
apkpure-0781,Payback 2,8.8,Games,Apex Designs Games LLP,Android 6.0+
cnet-0874,CamSam PLUS,User Rating | User Rating,Maps,Eifrig Media,Android
aptoide-1274,SLOTS GET RICH Free Pokies Super Lucky Slot Games Trusted 2.3.3 - 2.3.7+,-,Card >,GET RICH Free Pokies,2.3.3 - 2.3.7+
appagg-1762,Dungeon and Puzzles,,Other,Digital Crafter,Steam Games
cnet-0350,Aiming Master for 8 Ball Pool APK for Android,User Rating | User Rating,Games,Aiming Master Team,Android
appagg-1765,Gin Rummy 3D Premium,,Classics,BufoProject,Windows Games
appagg-1511,Currency Converter - Real Time,2.0,Finance,LionsApp di Nallbati Elton,iOS Apps
cnet-1786,Warcraft III: The Frozen Throne for Mac,User Rating | User Rating,Strategy Games,Blizzard,Mac
aptoide-0095,DRAGON BALL LEGENDS,3.7,Action,BANDAI NAMCO Entertainment Inc.,11+
aptoide-1640,Download Facebook Videos Estado da Arte Official 3.0+,4.6,Social,Estado da Arte,3.0+
cnet-2118,SecondBar,User Rating | User Rating,Screensavers & Wallpaper,Andreas Hegenberg,Mac
appbrain-1304,"Flyer Maker, Poster Maker",4.83,Art & Design,"Flyer Maker, Poster Maker",Android Apps
appagg-1020,Family Farm Seaside,5,Casual,Century Games PTE. LTD. (41),Android Games
aptoide-1663,Bluesky,3.0,Social,Bluesky,7.1+
apkpure-0799,Smart Quick Settings,10.0,Free Productivity,SMARTWHO,Android 5.0+
appbrain-0855,Holy Bible for Woman,5.00,Books & Reference,Holy Bible for Woman 72 Aleluiah Apps,Android Apps
appagg-0957,Hearthstone,5,Card,"Blizzard Entertainment, Inc.",Android Apps
appbrain-0556,Eduo Run,4.93,Adventure,Arabia Felix,Android Apps
appagg-1406,Weather Live: Weather Forecast,4.3,Weather,KUCO Apps,Platforms:
cnet-0324,Joy Pony,User Rating | User Rating,Simulation,AA Games,Android
apkpure-0766,Helix Fi,,Free Tools,Vidéotron ltée,Android 10.0+
appbrain-1938,Boteco,5.00,Sports,Contém Tecnologia,Android Apps
aptoide-0809,mortal street fighting game,4.0,Arcade,mortal street fighting game,4.1.x+
appagg-0770,Words of Wonders: Crossword,,Word ›,Fugo Games,Android Games
appagg-0314,Photomath,5,Education,Google LLC,Android Apps
appbrain-2034,GSPlus,4.91,Sports,Galatasaray SK,Android Apps
appbrain-0507,Dungeon Defense,4.81,Action,GameCoaster,Android Apps
appagg-1777,Taivas,,Action & Adventure,JTS Development,Steam Games
aptoide-0851,Penguin Clash Eliran Avadyayev Official 4.4 - 4.4.4+,-,Arcade,Penguin Clash,4.4 - 4.4.4+
apkpure-1062,Yandex Navigator,6.9,Free Travel & Local,Direct Cursus Computer Systems Trading LLC,Android 8.0+
aptoide-0277,Forge of Empires Build a City InnoGames GmbH Trusted 5.1+,4.5,Strategy,Forge of Empires,5.1+
cnet-0883,Digger's Map - Best Geology Tool APK for Android,User Rating | User Rating,City Guides,Slava Barouline,Android
appbrain-1077,Plank Challenge : Workout,5.00,Health & Fitness,RoboBot Studio,Android Apps
aptoide-0952,هايبر ليكان أفضل سباق السيارات الرياضية في العالم OxoPlay Games Official 2.3 - 2.3.2+,5.0,Simulation,أفضل سباق السيارات الرياضية في العالم,2.3 - 2.3.2+
apkpure-0719,"Filmora AI Video Editor, Maker",8.9,Free Video Players & Editors,AI Beats,Android 7.0+
appagg-0448,Shopee: Mua Sắm Online,,Shopping,Shopee,Android Apps
aptoide-0513,Bowling Crew — 3D bowling game Tetrox Limited Trusted 7.1+,3.8,Sports Games,Bowling Crew — 3D bowling game,7.1+
aptoide-0184,Truck Driving Simulator Games Apex Fun Games Official 7.0+,5.0,Strategy,Truck Driving Simulator Games,7.0+
cnet-1801,Counter-Strike for Mac,User Rating,Action Games,Valve,Mac
aptoide-1615,Microsoft Outlook Lite,5.0,Social,Email,7.1+
cnet-0033,Cat Goes Fishing,User Rating | User Rating,Simulation,Cat5Games,Android
appbrain-0795,Jesus Telugu Songs Book,5.00,Books & Reference,Charvika Technologies,Android Apps
appagg-1720,Call of Duty®: Black Ops II,,Action & Adventure,Activision,Windows Games
cnet-0851,Speedcam Anywhere APK for Android,5,Itineraries & Schedules,Future Transport,Android
apkpure-1393,Weather data & microclimate :,9.2,Free Weather,Weather Underground,Android 7.0+
aptoide-0364,Creepy Baldi Branny Neighbor Scary Granny Horror Zohal Studios Official 4.1.x+,1.0,Adventure,Creepy Baldi Branny Neighbor,4.1.x+
appagg-1167,European Truck Simulator,5,Simulation,Ovidiu Pop (17),Android Games
appbrain-1516,Photo Editor Filters & Effects,4.97,Photography,8.1.0,Android Apps
cnet-0949,Wps Wpa Tester Premium for Android,User Rating | User Rating,Utilities & Tools,Alessandro Sangiorgi,Android
appagg-1102,Merge Dragons!,,Puzzle,Gram Games Limited,Android Games
aptoide-0101,Dude Theft Wars,4.4,Action,Offline games,6.0+
aptoide-1980,Autofill with Samsung Pass Trusted 11+,3.8,Tools,Autofill with Samsung Pass,11+
apkpure-0852,POS360,,Free Business,Engaged Support,Android 6.0+
aptoide-0520,Tiki Taka Run,3.1,Sports Games,Tiki Taka Run,3.0+
appagg-1372,Plants vs. Zombies™ Heroes,5,Card,Electronic Arts,Android Apps
apkpure-0949,YD Rastreamento,,Free Auto & Vehicles,YDRastreamento,Android 5.0+
appbrain-0074,CITIZEN GST CALCULATOR,4.38,Tools,Divine Softech,Android Apps
aptoide-2053,Google Assistant Go,4.2,Tools,Google Assistant Go,8.1.0+
cnet-2277,Mermoz for Mac,User Rating | User Rating,Maps,Eric Le Ponner,Mac
cnet-2079,Exif Untrasher,User Rating | User Rating,Screensavers & Wallpaper,Carsten Bluem,Mac
aptoide-0576,Wrestling Cage Revolution Wrestling Games,3.0,Role Playing,Wrestling Cage Revolution,4.0.3 - 4.0.4+
appbrain-1208,Egy Metro Guide,4.84,Maps & Navigation,Osama Hamdy,Android Apps
apkpure-0504,Simple Gallery Pro,8.9,Photography,Simple Mobile Tool,6.0
aptoide-1461,Piano Melody Pro,4.4,Brain & Puzzle >,Piano Melody Pro,5.1+
aptoide-0611,Tetris PRO,3.7,Puzzle,Tetris,4.1.x+
aptoide-0730,Ice Scream 1 Horror Neighborhood,3.9,Arcade,Horror Neighborhood,4.1.x+
cnet-0995,Disney Stickers: Stitch for iOS,User Rating | User Rating,Communications,Disney,iOS
aptoide-1865,Downloader john tanko Official 4.4 - 4.4.4+,2.0,Media & Video,Downloader,4.4 - 4.4.4+
cnet-2031,iFly for Mac,User Rating | User Rating,Productivity Software,iFly,Mac
cnet-1388,WhatsFun - Fake chats for iOS,User Rating | User Rating,Social Networking Software,Matteo D'Ignazio,iOS
apkpure-0390,Drawing Desk,8.0,Free Art & Design,4Axis Technologies,Android 7.0+
appbrain-0688,123 Numbers Games For Kids,5.00,Educational,sbitsoft.com,Android Apps
aptoide-1666,All option social media and Browser alps studio Official 4.4 - 4.4.4+,5.0,Social,alps studio,4.4 - 4.4.4+
aptoide-1660,Febu for Facebook & Messenger - All Social Network saifsamir Official 4.0.1 - 4.0.2+,6.0,Social,Febu for Facebook & Messenger - All Social Network,4.0.1 - 4.0.2+
aptoide-0530,Darts Club,4.2,Arcade,Darts Club,7.1+
appbrain-0200,Subway Surfers,4.57,Arcade,3.46.11,Android Apps
cnet-0683,[ROOT] Sa2ration (Early Access) APK for Android,User Rating | User Rating,Screensavers & Wallpaper,XDA Developers,Android
cnet-2163,Avast Free Security for Mac,User Rating | User Rating | User Reviews,Security Software,Avast Software,Mac
aptoide-2365,DanaRupiah-Pinjaman Uang Cepat,3.6,Finance,DanaRupiah-Pinjaman Uang Cepat,4.4 - 4.4.4+
apkpure-2098,Fallout Shelter,9.5,Free Simulation Game,Bethesda Softworks LLC,Android 7.0+
apkpure-1294,Laxmi Door Screen Lock Opener,,Free Arcade Game,Coysun,Android 5.0+
apkpure-0664,TikBoost,9.7,Free Social,Stix LLC,Android 7.0+
apkpure-0797,Rooter Watch Gaming & Esports,9.4,Free Sports,Rooter Sports,Android 8.0+
cnet-1616,Five Nights at Freddy's: In Real Time for Mac,User Rating | User Rating,Action Games,Taaryn,Mac
cnet-0677,Rolex Oyster Watch Face for Android,User Rating | User Rating,Screensavers & Wallpaper,LuxFace,Android
aptoide-0685,Word Chain Tribom Games Trusted 9+,-,Word >,Word Chain,9+
aptoide-1429,Band piano PRO,-,Music,Band piano PRO,4.1.x+
aptoide-0007,Creative Destruction HONG KONG NETEASE INTERACTIVE ENTERTAINMENT LIMITED Official 4.1.x+,4.2,Action,Creative Destruction,4.1.x+
appagg-1988,A Night at the Races,,Action & Adventure,Mushy Jukebox,Steam Games
aptoide-0689,Bubble Shooter IVYGAMES Trusted 5.1+,-,Puzzle,Bubble Shooter,5.1+
apkpure-1505,Dreame,7.7,Free Books & Reference,Dreame Media,Android 7.0+
apkpure-0265,Extreme SUV Driving Simulator,9.6,Free Racing Game,AxesInMotion Racing,Android 7.0+
appagg-0277,Deezer: Music & Podcast Player,5,Music & Audio,Deezer Music,Android Apps
appagg-1858,Forgotten Trace: Thanatos in Nostalgia,,Action & Adventure,Fruitbat Factory (33),Steam Games
appagg-0827,Avakin Life - 3D Virtual World,5,Role Playing,Lockwood Publishing Ltd,Android Games
apkpure-0788,Yandex Games: One Stop Gateway,9.8,Word Games.,Direct Cursus Computer Systems Trading LLC,Android 7.0+
apkpure-1955,izzi,10.0,Free Tools,izzi,Android 7.0+
apkpure-1141,eCA,,Free Auto & Vehicles,eCarAid,Android 5.0+
aptoide-0575,UEFA Gaming Fantasy Football UEFA Trusted 7.0+,4.1,Sports Games,UEFA Gaming,7.0+
cnet-0686,Smart Drawer - Apps Organizer APK for Android,User Rating | User Rating,Screensavers & Wallpaper,Smart Launcher Team,Android
apkpure-0486,Kinito Сountries,,Free Educational Game,Olexandr Orda,Android 10.0+
aptoide-1088,Motorcycle Racing Star Game Moon Star Games Yazilim Official 7.1+,-,Racing,Motorcycle Racing Star Game,7.1+
aptoide-0269,SimCity Deluxe Trusted 2.2.x+,3.2,Strategy,SimCity Deluxe,2.2.x+
appbrain-1616,Photo Editor Pro - Square Pic,4.85,Photography,1.71,Android Apps
aptoide-0680,The Wizard of Oz Magic Match 3 Zynga Trusted 6.0+,4.6,Puzzle,The Wizard of Oz Magic Match 3,6.0+
appagg-1343,aa,5,Strategy,General Adaptive Apps Pty Ltd (24),Android Games
apkpure-0242,Doing,,Free Events,Andumava Dev,Android 6.0+
aptoide-1889,france•tv direct et replay Treize Trusted 7.1+,3.9,Video Players & Editors,direct et replay,7.1+
aptoide-1962,Время кино! Cinema time!,3.0,Media & Video,Время кино! Cinema time!,4.1.x+
aptoide-0216,BUMP! Superbrawl,-,Strategy,BUMP! Superbrawl,7.1+
aptoide-0306,Pokemon Emerald wendy tukimin Official 2.3 - 2.3.2+,3.8,Adventure,Pokemon Emerald,2.3 - 2.3.2+
apkpure-1961,Fruit Ninja®,8.3,Games,Halfbrick Studios,Android 5.1+
cnet-1101,Boating Asia&Africa HD,User Rating | User Rating,Educational Software,Navionics,iOS
appagg-0823,Craftsman: Building Craft,,Simulation,StarGame12,Android Games
aptoide-0013,Survivalcraft 2,4.5,Adventure,Survivalcraft 2,4.1.x+
appbrain-1947,CapTarget Archery,5.00,Sports,Appli Magine,Android Apps
appagg-1169,PUBG Mobile,,Action,"KRAFTON, Inc. (51)",Android Games
cnet-0684,S4 Live Wallpaper APK for Android,User Rating | User Rating,Screensavers & Wallpaper,CherryByt,Android
appagg-1202,Cryptomania —Trading Simulator,,Simulation,Edusystems OU,Android Apps
apkpure-1666,ThaiWater,,Free Weather,Hydro-Informatics Institute (Public Organization),Android 7.0+
apkpure-0553,YouTube Studio,7.8,Free Video Players & Editors,Google LLC,Android 10.0+
cnet-1509,Daily VPN - Secure VPN Proxy,User Rating | User Rating,Productivity Software,Istmedia,iOS
aptoide-0476,Foosball Cup World,4.6,Sports Games,Foosball Cup World,4.1.x+
cnet-0692,Bubble Cash,User Rating | User Rating,Screensavers & Wallpaper,wazifa Live Tv,Android
apkpure-0571,Clover.Space NextGen Community,9.3,Free Social,SoBit Tech,Android 6.0+
appagg-0252,"Max: Stream HBO, TV, & Movies",,Entertainment,"WarnerMedia Global Digital Services, LLC",Android Apps
aptoide-0598,Dragons Titan Uprising Ludia Inc. Trusted 7.1+,4.0,Puzzle,Titan Uprising,7.1+
apkpure-1677,EOBD Facile,10.0,Free Auto & Vehicles,Outils OBD Facile,Android 5.0+
appagg-1508,Dead No-Head,,Action & Adventure,BT Studios,Steam Games
appbrain-0763,Korean for Beginners,4.78,Educational,LinDuo,Android Apps
cnet-1105,Toca Mini for iOS,User Rating | User Rating,Educational Software,Toca Boca,iOS
appagg-0322,"SiriusXM: Music, Sports & News",5,Music,SIRIUS XM Radio Inc,iOS Apps
aptoide-2312,Cloud Manager Mobile Solutions Official 4.0.1 - 4.0.2+,-,Business,Cloud Manager,4.0.1 - 4.0.2+
appagg-1076,Manor Cafe - Match 3 Puzzle,,Puzzle,GAMEGOS,Android Games
aptoide-0005,"Battlegrounds Mobile India KRAFTON, Inc. Trusted 5.1+",4.1,Action,Battlegrounds Mobile India,5.1+
appbrain-0674,Tagalog Toddler Games for Kids,5.00,Educational,Family Play ltd,Android Apps
appbrain-1005,Academia Pro,5.00,Health & Fitness,ScudX,Android Apps
apkpure-0527,IM3 EasyView,,Free Video Players & Editors,Safire Labs,Android 5.0+
appagg-0570,"9GAG: Funny GIF, Meme & Video",5,Entertainment,9gag,Platforms:
apkpure-1391,Hago,8.3,Free Social,HAGO,Android 5.0+
appagg-0008,Google Chrome,5,Communication,Google LLC,Android Apps
aptoide-2179,GUIDE PES 2017 mbprod Trusted 2.3 - 2.3.2+,3.4,Sports >,GUIDE PES 2017,2.3 - 2.3.2+
apkpure-1348,Beauty Camera - Sweet Camera,,Free Beauty,Leopard V7,Android 5.0+
apkpure-0544,NeonArt,10.0,Free Photography,Photo & Video Editors - Instant Solution,Android 7.0+
appagg-0399,Experian®,,Finance,Experian,Android Apps
aptoide-1721,"Clock Samsung Electronics Co., Ltd. Trusted 11+",3.4,Books & Reference,Clock,11+
cnet-0287,Anime X Stream APK for Android,User Rating,Entertainment Software,MatrixBoot,Android
appbrain-1171,Yatri - Book Autos & Cabs,4.96,Maps & Navigation,3.1.0,Android Apps
aptoide-0980,العاب بنات 2020 Turkish clothes 2020 Official 4.4 - 4.4.4+,5.0,Simulation,العاب بنات 2020,4.4 - 4.4.4+
apkpure-1663,Texture Maker for Minecraft PE,10.0,Free Art & Design,PA Mobile Studio,Android 7.0+
cnet-0890,Sakay.ph APK for Android,User Rating | User Rating,Maps,by Implication,Android
appbrain-1350,T Shirt Design - T Shirts,4.84,Art & Design,T Shirt Design - T Shirts,Android Apps
aptoide-1963,BIT Video Player Jose Adenaldo Santos Bittencourt Junior Official 2.3 - 2.3.2+,-,Media & Video,BIT Video Player,2.3 - 2.3.2+
apkpure-0804,Merge Fellas,9.5,Free Casual Game,TapMen,Android 5.0+
cnet-0222,Dev IPTV Player Pro for Android,User Rating | User Rating,Entertainment Software,Devcoder,Android
aptoide-0058,Sniper 3D FPS Shooting Games,4.0,Action,Origin Gamez,7.0+
cnet-0521,Yono Lite SBI - Mobile Banking,User Rating | User Rating,Business Applications,State Bank of India,Android
aptoide-0087,Shadow of Death Dark Knight - Stickman Fighting Brave HK Limited Official,4.6,Action,Shadow of Death,4.1.x+
appagg-1447,Monster Energy Supercross 25 - Special Edition,2.7,Racing & Flying,Milestone S.r.l.,Windows Games
apkpure-0531,VoVoo X,10.0,Free Social,DuoYo Team,Android 7.0+
cnet-1944,SiteSucker for Mac,User Rating,Internet Software,SiteSucker,Mac
cnet-1787,Call of Duty 4: Modern Warfare for Mac,User Rating | User Rating,Action Games,Aspyr,Mac
appbrain-1998,EntrenaAPP-Personal Trainer,5.00,Sports,carlos10medina,Android Apps
apkpure-0709,90 FPS 120 FPS (v3.8),9.3,Free Tools,TQtech,Android 7.0+
cnet-1345,Teen Titans GO Figure for iOS,User Rating | User Rating,Action Games,Cartoon Network,iOS
appbrain-0052,Angela World: Avatar Life,4.49,Simulation,Kitten Doll Studio,Android Apps
aptoide-2272,Root Checker Pro,4.0,Business,Root Checker Pro,4.0.1 - 4.0.2+
cnet-0259,GAMA 567 - Matka Play Online,User Rating | User Rating,Entertainment Software,T.mark .,Android
appbrain-0214,Microsoft Excel: Spreadsheets,4.79,Productivity,16.0.16501.20160,Android Apps
cnet-1637,SysTools Mac OLK Converter,Trial version,Communications,SysTools,Mac
appagg-1156,Skater Boy,5,Arcade,Neworld Games,Android Games
cnet-1383,Farming Simulator 14,User Rating | User Rating,Simulation,GIANTS Software,iOS
apkpure-1388,Applaydu,9.8,Free Educational Game,Ferrero Trading Lux S.A.,Android 8.0+
apkpure-0181,Mini Militia,8.8,Free Action Game,Miniclip.com,Android 5.0+
appbrain-1110,FitMama,5.00,Health & Fitness,Fitsoo LLC,Android Apps
aptoide-1303,Piano - Music Keyboard & Tiles Gismart Trusted 5.1+,4.1,Music,Piano - Music Keyboard & Tiles,5.1+
appagg-0400,Photoshop Express Photo Editor,5,Photography,Adobe,Android Apps
cnet-2099,Spectacle for Mac,User Rating | User Rating,Screensavers & Wallpaper,Eric Czarny,Mac
cnet-1400,SocialFame - Get Instagram Followers & Likes for iOS,User Rating | User Rating,Social Networking Software,By Approved Promotions LLC,iOS
appbrain-1785,Brahm Kavach,5.00,Social,1.000017,Android Apps
appagg-1972,Reunionbysat,,News,Christophe Georget,iOS Apps
aptoide-1286,Las Vegas Roulette Winner Yoheved Cohen Official 2.3 - 2.3.2+,-,Casino,Yoheved Cohen,2.3 - 2.3.2+
appagg-1689,Insurmountable,,Action & Adventure,Daedalic Entertainment (182),Windows Games
aptoide-1051,Asphalt Xtreme,4.6,Racing,"Netflix, Inc.",8.1.0+
appbrain-0297,JioHotstar,4.13,Entertainment,JioHotstar,Android Apps
appbrain-0480,Legend of Maratha Warriors,4.83,Action,Legend of Maratha Warriors,Android Apps
appagg-1482,iQuake,,Utilities,Fergal Monahan,iOS Apps
aptoide-0969,العد التنازلي النهائي أفضل السيارات الرياضية لعبة OxoPlay Games Official 2.3 - 2.3.2+,5.0,Simulation,أفضل السيارات الرياضية لعبة,2.3 - 2.3.2+
cnet-1734,Adobe Photoshop CC 2015 ACE Exam Aid,User Rating | User Rating,Educational Software,Examaids,Mac
cnet-1163,TikBooster - Likes & Followers for iOS,User Rating | User Rating,Reference Software,Tuana Mert,iOS
appagg-1642,Fling to the Finish,,Action & Adventure,Daedalic Entertainment (182),Windows Games
apkpure-0172,Dragon City: Mobile Adventure,8.6,Games,Social Point,Android 6.0+
appbrain-0191,Snapchat,4.10,Communication,Snap Inc,Android Apps
cnet-1846,60 Seconds! Reatomized for Mac,User Rating | User Rating,Strategy Games,Robot Gentleman,Mac
cnet-0586,Netshoes - Compre Artigos Esportivos Online APK for Android,User Rating | User Rating,Productivity Software,Grupo Netshoes,Android
cnet-0301,SceneOneTV for Android,User Rating | User Rating,Entertainment Software,By SceneOne.Tv,Android
apkpure-1765,BoxAI Trends: Images & Video,10.0,Free Art & Design,EnDigitalUY,Android 8.0+
aptoide-2247,MobiOffice,4.3,Business,MobiOffice,7.1+
apkpure-1443,NBA,9.4,Free Sports,"NBA Properties, Inc.",Android 7.0+
aptoide-2017,WiFi Master WiFi Auto Connect LINKSURE NETWORK HOLDING Official 7.0+,4.3,Educational,WiFi Auto Connect,7.0+
apkpure-2027,Private Photo Vault,9.8,Free Photography,Legendary Software Labs LLC,Android 6.0+
appagg-0902,Pixel Art - Color by Number,5,Puzzle,Easybrain,Android Apps
cnet-0846,Pak Rail Live - Tracking of Pakistan Railways,User Rating | User Rating,City Guides,Pak Rail,Android
appagg-0255,,5,Social,ShareChat,Android Apps
cnet-1949,TNEF's Enough for Mac,User Rating | User Rating | User Reviews,Internet Software,Josh Jacob,Mac
apkpure-2212,Airplane Chefs,5.9,Free Arcade Game,Nordcurrent Games,Android 7.0+
appbrain-1084,MI PLAN INSPIRING FITNESS,5.00,Health & Fitness,11.4.6,Android Apps
cnet-0808,Waymo,User Rating | User Rating,Maps,Waymo,Android
cnet-1290,Playboy India,User Rating | User Rating,Entertainment Software,Snaplion Gloabal,iOS
appagg-0075,Microsoft Outlook,5,Productivity,Microsoft Corporation,Android Apps
aptoide-0192,Galaxy Reavers 2 Space RTS Battle,3.3,Strategy,Space RTS Battle,7.0+
appagg-0840,FarmVille 2: Country Escape,5,Casual,Zynga,Android Games
aptoide-0281,Spin And Win UC 4Pubg,3.7,Strategy,Spin And Win UC 4Pubg,4.4 - 4.4.4+
aptoide-1899,Podcast Addict Podcast player Xavier Guillemane - Podcast & Radio Addict Trusted 8.1.0+,4.3,Media & Video,Podcast Addict,8.1.0+
appbrain-1255,Nature Photo Frames Editor,5.00,Art & Design,Tri Core,Android Apps
apkpure-1089,World Travel Stories - Airport,6.7,Free Educational Game,SUBARA,Android 7.0+
appbrain-1878,El Hadjira,4.92,Social,زغابي محمد عبد الحق وليد,Android Apps
appagg-1800,aMAZEd,,Other,Developer: Venushja Games (2),Steam Games
appbrain-0535,Shan's Treasure Hunt,5.00,Adventure,14,Android Apps
aptoide-2236,File Commander Manager & Vault MobiSystems Trusted 7.1+,4.3,Business,MobiSystems,7.1+
appbrain-1488,Folletos y ofertas de España,5.00,Shopping,Kingbee,Android Apps
aptoide-1226,"Slots Free Royal Slot Machines Luckios Game : Free Slots,Casino,Fun Trusted 4.0.1 - 4.0.2+",4.0,Casino,Royal Slot Machines,4.0.1 - 4.0.2+
cnet-0129,Windows 11 Real Simulator,User Rating | User Rating,Educational Software,Nobleboy,Android
apkpure-0877,GoodNovel,8.8,Free Books & Reference,GoodNovel,Android 5.0+
aptoide-1197,Bingo Frenzy™-Live Bingo Games Gluon Interactive Ltd. Trusted 6.0+,4.9,Board >,Bingo Frenzy™-Live Bingo Games,6.0+
apkpure-1574,Drive Recorder Dash Cam,9.6,Free Auto & Vehicles,o16i Apps,Android 7.0+
aptoide-2318,GULFWalkin.com,-,Business,GULFWalkin.com,4.0.1 - 4.0.2+
appagg-1705,Diablo® IV,,Action & Adventure,"Blizzard Entertainment, Inc.",Android Apps
cnet-1248,Wi-Fi Password Hacker,User Rating | User Rating,Entertainment Software,Kashif Ahmad,iOS
apkpure-0124,Epic Privacy Browser with VPN,9.7,Free Productivity,Hidden Reflex,Android 8.0+
apkpure-0732,Digital Enterprise Show 2024,,Free Events,Xeria,Android 6.0+
apkpure-0538,Weather for Finland,,Free Weather,ID Mobile SA,Android 5.0+
apkpure-0667,MenoM3ay - منو معاي,10.0,Free Social,MenoMa3ay - منو معاي,Android 8.0+
appbrain-1604,Cartoon Yourself - Toon Face,4.86,Photography,CameraStudiopro,Android Apps
aptoide-1842,You TV Player jorge estrada Official 2.3.3 - 2.3.7+,3.5,Media & Video,You TV Player,2.3.3 - 2.3.7+
apkpure-0370,Fluffy Fall,9.4,Free Arcade Game,Kilosaurus,Android 6.0+
apkpure-0950,DriveCSX Car Crash Simulator,9.7,Free Simulation Game,Studio WW Games,Android 7.0+
cnet-0735,bVPN,User Rating | User Rating,Security Software,BVPN,Android
aptoide-1523,Flag Quiz Julianinho Official 4.4 - 4.4.4+,5.0,Brain & Puzzle >,Flag Quiz,4.4 - 4.4.4+
appagg-1723,Grim Dawn,,Action & Adventure,Crate Entertainment,Steam Games
apkpure-1389,Humi Motion & Avatar Maker,,Free Social,XRSPACE,Android 11.0+
aptoide-2034,Instabridge - Free WiFi,4.2,Tools,Instabridge - Free WiFi,4.0.3 - 4.0.4+
aptoide-1066,F1 Mobile Racing,4.2,Racing,F1 Mobile Racing,5.1+
appbrain-0647,Another Shadow,4.79,Adventure,Dark Dome,Android Apps
appbrain-0970,Powervision TV,5.00,Entertainment,POWERVISION TV,Android Apps
appbrain-0293,HP Print Service Plugin,4.15,Productivity,23.2.5.3169,Android Apps
cnet-1699,Tux Typing,User Rating,Language Software,Tux4Kids,Mac
apkpure-1473,Custom Aim Crosshair Pro,9.4,Free Tools,ItDeveApps,Android 5.0+
appagg-1710,Tony Hawk's™ Pro Skater™ 1 + 2,,Sports,Activision,Windows Games
apkpure-0353,Kabbee+,,Free Entertainment,Kabbee Corp,Android 6.0+
appbrain-1596,Photo Quote: Text Creator,5.00,Photography,AwpSpace,Android Apps
aptoide-1869,Kore Official Remote for Kodi,4.5,Media & Video,Kore Official Remote for Kodi,7.1+
cnet-0782,Spy Scanner Anti Spy Ram Booster Free 2020,User Rating | User Rating,Security Software,By 1Byte Software Pte. Ltd.,Android
cnet-0576,Deckboard PRO - Computer Macros and OBS Remote,User Rating | User Rating,Productivity Software,Riva Farabi,Android
apkpure-1275,Pony Beauty,,Free Arcade Game,year twenty three studio,Android 5.1+
cnet-0637,Cute Halloween Wallpaper APK for Android,User Rating | User Rating,Screensavers & Wallpaper,Live Wallpapers 3D,Android
cnet-0986,lockIO: Block Power Off with Password + Applock for Android,User Rating | User Rating,Utilities & Tools,Locking Partners,Android
aptoide-1187,Teen Patti Superstar - 3 Patti Online Poker Gold,3.2,Casino,Artoon Games,4.2.x+
aptoide-1665,شعر حزين -بدون نت برنامج اشعار PalWorld Official 5.1+,5.0,Social,شعر حزين -بدون نت برنامج اشعار,5.1+
apkpure-1490,Zoo 2: Animal Park,8.9,Games,upjers GmbH,Android 5.1+
aptoide-0191,Palmon,-,Strategy,Palmon,8.1.0+
appbrain-1627,Photo Editor pro SnapPic Lab,4.84,Photography,2.0.0.2,Android Apps
aptoide-0307,Pokemon - Trainer Go (De),3.4,Adventure,Pokemon - Trainer Go (De),5.1+
apkpure-2255,KNMI,,Free Weather,Koninklijk Nederlands Meteorologisch Instituut,Android 7.0+
cnet-1151,2KMTCentral,User Rating | User Rating,Reference Software,Nebojsa Cvetkovic,iOS
aptoide-2255,Box Trusted 11+,4.5,Business,Box,11+
apkpure-1719,Be-be-bears: Adventures,7.7,Free Educational Game,MEDIA-TELEKOM,Android 9.0+
cnet-2102,FontExplorer X Pro,User Rating | User Rating | User Reviews,Screensavers & Wallpaper,Linotype,Mac
appbrain-1959,FC Basel 1893,5.00,Sports,FC Basel 1893 AG,Android Apps
apkpure-2209,Xena,8.5,Free Entertainment,Gmancal Studio,Android 5.0+
aptoide-0384,Guns MOd for MCPE fannymods Official 4.0.3 - 4.0.4+,3.8,Adventure,Guns MOd for MCPE,4.0.3 - 4.0.4+
apkpure-0179,Bike 3D Configurator,10.0,Free Sports,DlightStudio,Android 4.4+
appbrain-1806,Mytypes,5.00,Social,3.34.5,Android Apps
apkpure-2202,XV Video Player,,Free Video Players & Editors,Dhruva Apps Info.,Android 7.0+
appbrain-0250,Microsoft Outlook,4.49,Productivity,4.2519.0,Android Apps
aptoide-2100,Assistant·TODAY Trusted 8.1.0+,3.6,categories.games.role-playing-games >,Assistant·TODAY,8.1.0+
appagg-1605,Moncage,,Action & Adventure,XD,Steam Games
aptoide-1693,Fast (client for Facebook ©),3.6,Social,Fast (client for Facebook ©),2.3 - 2.3.2+
appbrain-1354,BTS - Jungkook Wallpaper HD,4.80,Art & Design,Faizy Dev,Android Apps
appagg-0800,Modern Combat 5: mobile FPS,5,Action,Gameloft SE (67),Android Games
aptoide-1298,Rutube,3.5,Video Players & Editors,Rutube,7.1+
aptoide-2357,Zain KSA Zain SA Trusted 8.1.0+,3.9,Business,Zain KSA,8.1.0+
appagg-0587,Microsoft Launcher,5,Personalization,Microsoft Corporation,Android Apps
apkpure-0643,English Bangla Dictionary,9.8,Free Books & Reference,Innnovative-Software,Android 5.0+
appagg-0262,"Tumblr—Fandom, Art, Chaos",5,Social,"Tumblr, Inc.",Android Apps
aptoide-1919,VidMix,4.9,Media & Video,VidMix,4.1.x+
aptoide-0690,Hoop Sort Fever Color Stack,-,Puzzle,Color Stack,8.1.0+
appagg-0338,"Adobe Scan AI PDF Scanner, OCR",4.8,Business,Adobe,Android Apps
appagg-0294,Mobizen Screen Recorder,5,Productivity,Mobizen,Android Apps
appagg-1420,Tandis,,Classics,Mahdi Bahrami,Steam Games
aptoide-1718,Carrier Services,4.5,Communication >,Carrier Services,8.1.0+
appbrain-0381,Weather for Russia,5.00,Weather,3.22.1.21,Android Apps
appbrain-0931,IZONE GALLERY*IZ: For WIZONE,5.00,Entertainment,Yola Studio,Android Apps
aptoide-0565,Run Race 3D — Fun Parkour Game Good Job Games Trusted 7.1+,4.0,Sports Games,Run Race 3D — Fun Parkour Game,7.1+
apkpure-1654,AI Photo Editor - Polish,9.0,Free Photography,InShot Inc.,Android 8.0+
apkpure-1824,Home Games Simulation Dead Rails,7.0,Free Simulation Game,Ururur,Android 6.0+
appagg-0128,YouTube Music,5,Music & Audio,Google LLC,Android Apps
appbrain-2026,LiveFot,5.00,Sports,LIVEFOT,Android Apps
aptoide-1044,MAXIMUM CAR,3.9,Racing,MAXIMUM CAR,5.1+
aptoide-0863,Cooking Fever,4.5,Arcade,Restaurant Game,10+
appbrain-0681,ABC Djeca,5.00,Educational,3.2.21,Android Apps
appagg-1146,Geometry Dash World,5,Arcade,RobTop Games,Android Games
apkpure-0518,8 Ball Shoot It All - 8 Pool,,Free Sports Game,SQUARE ENIX PVT.LTD.,Android 7.0+
aptoide-2380,Ma Banque,4.1,Finance,Ma Banque,8.1.0+
cnet-0902,Sensi x FF APK for Android,User Rating | User Rating,Utilities & Tools,Dourado Studios,Android
apkpure-1140,SecurityPal Junk Clean,,Free Productivity,HNH,Android 7.0+
apkpure-1972,Slesh,,Free Events,Slesh Srl,Android 8.0+
cnet-2051,eDOC for Mac,User Rating | User Rating | User Rating | User Rat,Productivity Software,unknown,Mac
cnet-0094,Fuzz - Gay live stream entertainment for Android,User Rating | User Rating,Communications,Net Tangerine,Android
appagg-0454,Xbox,5,Entertainment,Microsoft Corporation,Android Apps
aptoide-0449,Real Cricket™ 24,5.0,Sports Games,Real Cricket™ 24,7.0+
aptoide-2353,Plex Mobile,-,Business,Plex Mobile,7.1+
appagg-0929,Zombie Catchers : Hunt & sell,5,Action,Deca Games,Android Games
appagg-0563,PNC Mobile Banking,,Finance,"PNC Bank, N.A.",Android Apps
appbrain-1764,Taiwan Driver-Car Racing X Sim,4.67,Racing,ChiGames,Android Apps
aptoide-1237,Cash Clicker - Free Lottery Game,-,Casino,Cash Clicker - Free Lottery Game,5.1+
appbrain-0753,Słowo Mania po polsku,4.78,Educational,Simplicity Games,Android Apps
aptoide-0514,Li-Ning Jump Smash™ 2014,3.0,Auto & Vehicles,Mediasoft Entertainment,4.0.1 - 4.0.2+
appagg-0754,Dr. Driving,5,Racing,SUD Inc.,Android Games
cnet-1733,Riffstation,User Rating | User Rating,Educational Software,Sonic Ladder,Mac
appbrain-1443,LnwShop,5.00,Shopping,"Lnw Co.,Ltd.",Android Apps
apkpure-1956,Anger of stick 5 : zombie,9.3,Free Action Game,Button E&M,Android 4.4+
appagg-1470,Nintendo,,Other,RuWaMo Games,Nintendo Games
cnet-1847,Sally Face for Mac,User Rating | User Rating,Games,Portable Moose,Mac
apkpure-1302,Gangs Fighter,8.0,Free Action Game,Starplay DMCC,Android 6.0+
appagg-1834,Wings Of Legends,,Action & Adventure,VR Studio Games,Steam Games
appbrain-0596,GenEi AP: Empty Heart,4.87,Adventure,room6,Android Apps
cnet-1480,Unseen Messenger,User Rating | User Rating,Social Networking Software,Unseen ehf.,iOS
appbrain-0591,Fractal Space,4.86,Adventure,Haze Games,Android Apps
appbrain-0430,Gun Force Side-scrolling Game,4.89,Action,FALCON GAME,Android Apps
apkpure-1160,Toca Boca Jr,8.7,Free Educational Game,Play Piknik,Android 9.0+
appagg-1759,SOLAS 128,,Classics,Developer: Armor Games Studios (63),Steam Games
cnet-0252,fire gun skin max bundle,User Rating | User Rating,Entertainment Software,DARICALL,Android
aptoide-0210,Kingdoms of Camelot Battle Kabam Trusted 7.0+,4.0,Strategy,Kingdoms of Camelot,7.0+
appbrain-1369,Funny stories: cartoon voicing,4.88,Art & Design,1.5,Android Apps
aptoide-1163,Brazino 777 - Tigre da Fortuna,5.0,Casino,Brazino 777 - Tigre da Fortuna,5.1+
apkpure-1085,AI Photo Editor: Phota,10.0,High-Quality Filters,Beat.ly music video maker with effects,Android 5.0+
apkpure-1435,Lieferando.de,7.5,Free Food & Drink,Takeaway.com,Android 8.0+
appagg-1780,Kine,,Other,Chump Squad,Steam Games
appbrain-0365,Truco Argento,5.00,Card,Smiles Maker,Android Apps
appagg-1826,The Walking Dead Onslaught,,Action & Adventure,Survios,Steam Games
cnet-0186,NHP Swasth Bharat,User Rating | User Rating,Educational Software,National Health Portal-MoHFW,Android
apkpure-0324,C-RAM CIWS simulator,6.0,Free Action Game,Hotdog dog games,Android 6.0+
cnet-1769,Latin Dictionary for Mac,User Rating | User Rating,Language Software,Cthulhu Software,Mac
appagg-1735,Remnants of the Rift,,Action & Adventure,Mooncat Games,Steam Games
aptoide-1590,Pi Network,4.7,Social,Pi Network,5.1+
cnet-1725,Bubble Translate,User Rating | User Rating,Language Software,Alex Artem'ev,Mac
aptoide-0620,Toy Blast,4.6,Puzzle,Toy Blast,7.1+
appagg-0520,Nextdoor: Neighborhood Network,,News,Nextdoor,iOS Apps
aptoide-1019,Car Racing 3D,5.0,Racing,Race Simulator,7.1+
cnet-0242,Config ML Skin Tools,User Rating | User Rating,Entertainment Software,Balovip,Android
aptoide-0225,DU Recorder � Screen Recorder & Video Editor DU Recorder Team Trusted 5.1+,4.5,Video Players & Editors,DU Recorder � Screen Recorder & Video Editor,5.1+
aptoide-1053,Real Racing 3,4.4,Racing,Real Racing 3,8.1.0+
cnet-0171,Solar Panel and UPS Guide in URDU for Android,User Rating | User Rating,Reference Software,Malik Developer,Android
appbrain-1437,"HUSKify Online Shopping, Bills",5.00,Shopping,5.28.0,Android Apps
cnet-2282,AnyGo for Mac,User Rating | User Rating,Maps,iToolab,Mac
aptoide-0895,Euro Train Simulator 19 Multi Touch Studios Trusted,5.0,Simulation,Euro Train Simulator 19,6.0+
apkpure-1917,Voila,9.7,Free Photography,Wemagine.AI,Android 6.0+
aptoide-1109,Drift & Speed,2.0,Racing,Drift & Speed,4.0.3 - 4.0.4+
cnet-1323,NBA 2K14,User Rating | User Rating,Sports Games,Games,iOS
apkpure-0402,Seamless Local Food Delivery,10.0,Free Food & Drink,Seamless,Android 7.0+
cnet-1431,PopJam for iOS,User Rating | User Rating,Social Networking Software,Mind Candy Ltd,iOS
cnet-1153,VYATTA FITME for iOS,User Rating,Educational Software,VYATTA FITME,iOS
aptoide-1812,APUS Browser-Private & Fast APUS Browser Dev Team Official 5.1+,4.1,Personalization,APUS Browser-Private & Fast,5.1+
apkpure-0586,Frizz - Hair Forecast,,Free Weather,Wirl Inc,Android 7.0+
appagg-1693,Among Us,5,Classics,Innersloth,Windows Games
appbrain-0921,Bhakti song - Bhajan geet,5.00,Entertainment,Bhakti song - Bhajan geet,Android Apps
apkpure-1536,PBest Planificador Rutinas Gym,,Free Sports,PBestapp,Android 7.0+
appbrain-0228,Android System Key Verifier,3.80,Tools,Google LLC,Android Apps
appagg-0788,Hill Climb Racing 2,5,Racing,Fingersoft,Android Games
apkpure-0753,Home Workout No Equipment,9.4,Free Health & Fitness,Leap Fitness Group,Android 6.0+
cnet-0421,GayFinder - Gay Chat & Dating. 18+ for Android,User Rating | User Rating,Social Networking Software,MforM Dating for gays,Android
appagg-1228,Stack Ball - Crash Platforms,,Arcade,CASUAL AZUR GAMES,Platforms:
aptoide-0386,Forest Animal Sniper Hunting Abdulah Shahbaz Official 2.3.3 - 2.3.7+,5.0,Adventure,Forest Animal Sniper Hunting,2.3.3 - 2.3.7+
cnet-1610,KakaoTalk for Mac,User Rating | User Rating,Communications,By Kakao Corp.,Mac
appagg-0191,Meesho: Online Shopping,,Shopping,Meesho,Android Apps
appbrain-1539,photo blender - Blend Pictures,4.95,Photography,disco ningo,Android Apps
cnet-1671,MacUncle OST Converter,Trial version,Communications,By MacUncle Software,Mac
apkpure-1971,HD Video Player: Music Player,,Free Video Players & Editors,Igniter TV Player,Android 7.0+
appbrain-0911,Manual de Supervivencia Zombie,5.00,Entertainment,Ferdari Studios,Android Apps
apkpure-2041,Bubble Shooter,,Free Casual Game,mahjong connect,Android 5.0+
apkpure-0090,Kick Live Streaming,8.2,Free Entertainment,Kick: Live Streaming,Android 7.0+
appagg-0612,Intro Maker -video intro outro,,Video Players & Editors,ryzenrise,Android Apps
appbrain-0871,Yasin Surasi Uzbek (MP3 MP4),5.00,Books & Reference,Androazeri (Nural İsmayilov),Android Apps
aptoide-1259,Solitaire -Klondike,5.0,Casino,Play Solitaire Card Game Free,4.0.1 - 4.0.2+
appagg-0626,GroupMe,5,Social Networking,Skype Communications S.a.r.l (1),iOS Apps
appbrain-1451,DRSB Express,5.00,Shopping,DRSB,Android Apps
apkpure-1012,GetCode Virtual Number SMS,10.0,Free Business,MIA DIGITAL SOLUTIONS,Android 6.0+
apkpure-0279,AGAMA Car Launcher,9.0,Free Auto & Vehicles,altergames.ru,Android 5.0+
appbrain-0317,아이러브치킨,5.00,Casual,sonew,Android Apps
cnet-2041,Snagit,User Rating | User Rating,Productivity Software,TechSmith,Mac
appagg-1138,Racing in Car,5,Racing,ckgames,Android Games
aptoide-2061,Yandex Keyboard Яндекс Trusted 7.1+,4.7,Tools,Yandex Keyboard,7.1+
appbrain-0529,Sakura Blade,4.79,Action,s_Mine,Android Apps
appagg-1268,Shooting Ball,,Sports,7788`s,Android Games
apkpure-0296,Whoosh,3.7,Free Auto & Vehicles,WSH MOBILITY,Android 8.0+
appbrain-0424,Cosmos Creed: Sky Strike Force,5.00,Action,CosmosCreed,Android Apps
apkpure-1500,Hypercore Fitness Center,,Free Health & Fitness,Hypercore fitness,Android 6.0+
apkpure-0853,GAİN,3.4,Free Entertainment,GAİN Medya Anonim Şirketi,Android 8.0+
aptoide-0618,Black Hole Master FALCON GAMES Trusted 6.0+,-,Puzzle,Black Hole Master,6.0+
appbrain-2002,Cañeros,5.00,Sports,Boletomóvil,Android Apps
apkpure-1217,Saudia,7.7,Free Travel & Local,Saudi Arabian Airlines,Android 10.0+
appagg-0476,Google Classroom,,Education,Google LLC,Android Apps
aptoide-0613,Energy Anti Stress Loops,4.4,Puzzle,Anti Stress Loops,5.1+
appbrain-1152,iMPK,5.00,Maps & Navigation,3.0.506,Android Apps
cnet-2008,Microsoft Teams for Mac,User Rating | User Rating,Business Applications,Microsoft,Mac
cnet-2048,Inventoria for Mac,User Rating | User Rating,Productivity Software,NCH Software,Mac
appbrain-1973,Land Cruiser V8 SUV Car Games,5.00,Sports,Elevated Games 13,Android Apps
cnet-1747,TypeTrainer4Mac,User Rating | User Rating,Educational Software,By Valentin Vassilevski,Mac
apkpure-0843,Black Hole,,Free Casual Game,Leapjoy Games Limited,Android 5.1+
aptoide-1737,Skype,4.3,Communication >,Skype,8.1.0+
aptoide-2465,AnyTimeLoan – Instant Loans,1.0,Finance,AnyTimeLoan – Instant Loans,4.0.3 - 4.0.4+
aptoide-1025,GT Speed Club - Drag Racing / CSR Race Car Game,4.3,Racing,Speed Club - Drag Racing / CSR Race Car Game,4.4 - 4.4.4+
appbrain-1363,AR Drawing - Learn How to Draw,5.00,Art & Design,Plus Apps Bilisim Teknolojileri Ltd.,Android Apps
cnet-0417,Likes Viewer for Instagram for Android,User Rating | User Rating,Social Networking Software,DIGITALIZA NEGCIOS,Android
appagg-1591,Across the Galaxy: Stellar Dominator,,Action & Adventure,Developer: GameTrail Studio (1),Steam Games
appbrain-1924,Fitness First Germany,5.00,Sports,EGYM,Android Apps
aptoide-0783,Snake Clash!,5.0,Arcade,Snake Clash!,7.0+
aptoide-0731,ePSXe for Android,4.1,Arcade & Action,ePSXe for Android,2.3 - 2.3.2+
cnet-1166,Khmer Audio Bible for iOS,User Rating | User Rating,Educational Software,CHI FA WANG,iOS
aptoide-1276,Betfair Exchange Games – Poker in Play,-,Casino,Betfair Exchange Games – Poker in Play,2.3 - 2.3.2+
cnet-0624,Grass LWP [Revamped] APK for Android,User Rating | User Rating,Screensavers & Wallpaper,FUN DROID,Android
appagg-1384,Huuuge Casino 777 Slots Games,,Casino,Huuuge Games - Play Together,Android Games
appagg-0820,Happy Color®: Coloring Book,,Board,X-Flow,Android Games
appagg-2061,Nintendo,,Racing & Flying,Racing & Flying,Windows Games
apkpure-0931,EFI SmartApp,,Free House & Home,Eficiencia Y Futuro Ingeniería,Android 5.1+
apkpure-1534,eFitnessApp,,Free Health & Fitness,eFitness,Android 7.0+
aptoide-1644,Smart Browser,3.0,Social,- All social media and shopping,5.1+
apkpure-0295,Home Games Casual Legendary Tournament,,Games,NikaruFL,Android 5.0+
aptoide-1141,Rebel Racing Hutch Games Trusted 7.1+,4.3,Racing,Rebel Racing,7.1+
cnet-1160,Toca Kitchen Sushi for iOS,User Rating | User Rating,Educational Software,Toca Boca,iOS
apkpure-0871,Custom Club,8.0,Free Racing Game,GamesEZ,Android 8.0+
aptoide-0502,Real Football Fever 2018 Mobi2fun Official 2.3 - 2.3.2+,2.5,Sports Games,Real Football Fever 2018,2.3 - 2.3.2+
aptoide-1843,تحميل فيديو و صوت تيوب nadatec Official 4.0.3 - 4.0.4+,4.1,Media & Video,تحميل فيديو و صوت تيوب,4.0.3 - 4.0.4+
appbrain-1579,Keepsake Frames,4.89,Photography,Keepsake Inc,Android Apps
cnet-2189,aphilpotts,User Rating | User Rating | User Reviews,Security Software,SecureMac,Mac
aptoide-1745,Deezer Music & Podcast Player Deezer Mobile Trusted 7.0+,4.3,Music & Audio,Deezer,7.0+
cnet-0541,Capital One Mobile,User Rating | User Rating,Business Applications,Capital One Services,Android
appbrain-1675,Lambo Car City Driving Huracan,4.86,Racing,SBlazer,Android Apps
aptoide-0892,Electric Screen Prank MARIMURI GAMES Trusted 4.0.3 - 4.0.4+,4.1,Simulation,Electric Screen Prank,4.0.3 - 4.0.4+
cnet-1398,CAT- for iOS,User Rating | User Rating,Social Networking Software,NCsoft,iOS
cnet-1002,Malayalam Emoji Stickers for iOS,User Rating | User Rating,Communications,zakaria erreffas,iOS
apkpure-1167,Fotogenic Face & Body Editor,9.7,Free Photography,Hde7 Software,Android 6.0+
aptoide-1908,Video Search for YouTube Free Music & Videos ☕🎬 MC Skins Party for Minecraft Official 4.2.x+,5.0,Media & Video,MC Skins Party for Minecraft,4.2.x+
cnet-1376,Stickman Ice Hockey for iOS,User Rating | User Rating,Sports Games,Robert Szeleney,iOS
appbrain-1465,Golden Discount,5.00,Shopping,Golden Discount,Android Apps
cnet-1918,EaseUS Video Downloader,User Rating | User Rating,Internet Software,EaseUS,Mac
appagg-1098,Tomb of the Mask: Pixel Maze,4,Action,Playgendary Limited (44),Android Games
aptoide-2102,AD Blocker raja humayun Official 5.1+,3.8,Tools,AD Blocker,5.1+
cnet-0155,Live Video Call Girl Free Chat & Call Video Advice for Android,User Rating | User Rating,Reference Software,Apppublished,Android
apkpure-1381,Wonder Beauties,,Free Beauty,WonderBeautiesIRQ,Android 5.0+
apkpure-2179,Logo maker Design Logo creator,9.0,Free Business,Splendid Maker,Android 5.1+
cnet-0169,Anybooks,User Rating | User Rating,Educational Software,AnyBooks,Android
cnet-1471,Followers Track for TikTok for iOS,User Rating | User Rating,Social Networking Software,Brian Todi,iOS
appbrain-1195,"Ola: Book Cab, Auto, Bike Taxi",4.86,Maps & Navigation,7.3.3,Android Apps
aptoide-1492,4 Player Reactor,4.0,Brain & Puzzle >,4 Player Reactor,2.2.x+
apkpure-1498,Url Video Player,7.4,Free Video Players & Editors,Hossam Tameem,Android 4.4+
aptoide-2461,Daily Cash - Earn Real Money Shoaib Official 5.1+,3.8,Finance,Daily Cash - Earn Real Money,5.1+
cnet-0990,Android 12 Beta,User Rating | User Rating,Utilities & Tools,google,Android
appbrain-1142,SingBUS: Next Bus Arrival Info,5.00,Maps & Navigation,2.10.117,Android Apps
apkpure-1069,Indian Bus Mod Tamilnadu,,Free Events,Telolet Basuri,Android 5.0+
aptoide-1397,Rhythm Taichi tonych Official 7.0+,1.5,Music,Rhythm Taichi,7.0+
apkpure-0903,Among Us,7.2,Communication & Detection,Innersloth LLC,Android 6.0+
apkpure-0234,Temple Run,8.2,Games,Imangi Studios,Android 5.1+
apkpure-1977,Home Games Racing Offroad League,10.0,Free Racing Game,Rooster Games,Android 7.0+
apkpure-0045,Little Panda's Snack Factory,10.0,Games,BabyBus,Android 5.0+
cnet-0806,OBD2-ELM327. Car Diagnostics,User Rating | User Rating,Maps,Pedro A. Castillo,Android
cnet-0306,TikPro - Free Tiktok Followers & Tiktok Likes.,User Rating | User Rating,Entertainment Software,Ryhan Game,Android
cnet-0526,MoneyGram,User Rating | User Rating,Business Applications,MoneyGram International,Android
apkpure-1850,Roblox VN,7.5,Free Simulation Game,MINH PHUONG THINH COMMUNICATION COMPANY LIMITED,Android 6.0+
appbrain-0402,Glass Smasher : LazyBoy,5.00,Action,Marothia Techs,Android Apps
appagg-0409,Nest,,Lifestyle,Nest Labs,iOS Apps
cnet-1771,Family Tree Builder for Mac,User Rating | User Rating,Educational Software,MyHeritage,Mac
appbrain-0521,TERASENE The Light of Her Life,4.80,Action,SleepingMuseum,Android Apps
apkpure-1814,Phases of the Moon,10.0,Free Weather,"M2Catalyst, LLC.",Android 7.0+
appagg-1647,Toodee and Topdee,,Action & Adventure,dietzribi,Steam Games
cnet-0062,RedteaGO,User Rating | User Rating,Communications,Redtea Mobile Limited,Android
apkpure-0983,INSECTARIUM ALTERNATIVE MARCH,,Free Adventure Game,Caramel Column Inc.,Android 7.0+
appbrain-1031,Leader Of Fitness,5.00,Health & Fitness,Mahmoud Fathy,Android Apps
apkpure-1052,Mypo Crecimiento Personal,,Free Health & Fitness,Empowering Myself S.L.U.,Android 6.0+
appbrain-1357,Emoji Letter Maker & Converter,4.82,Art & Design,Marble Apps,Android Apps
apkpure-1172,Little Panda's Farm,8.9,Games,BabyBus,Android 5.0+
apkpure-1548,"Yoto Music, Stories, Sleep",,Free Entertainment,Yoto,Android 8.0+
apkpure-1240,Mini Block Craft 2,10.0,Free Casual Game,StartourMobs,Android 5.0+
appbrain-1541,Light Glow Film Cam - Camera,4.95,Photography,1.2.9,Android Apps
appagg-0825,Football Strike: Online Soccer,5,Sports,Miniclip.com (70),Android Games
appagg-1465,Nintendo,,Action & Adventure,Megame,Nintendo Games
appbrain-0245,TikTok Lite - Save Data & Fast,4.65,Social,39.1.2,Android Apps
appbrain-1271,BuddyColo,5.00,Art & Design,BuddyColo,Android Apps
cnet-2026,Contour for Mac,User Rating | User Rating,Productivity Software,Mariner Software,Mac
apkpure-0803,POV Car Driving,5.8,Free Auto & Vehicles,Brain Vault,Android 5.1+
aptoide-2475,Booking.com Hotels and more Booking.com Trusted 11+,4.5,Travel & Local,Booking.com,11+
appagg-0067,Pinterest,5,Lifestyle,Pinterest,Android Apps
apkpure-0878,Fulltrack AI,,Free Sports,"Maiden AI, Inc",Android 7.0+
apkpure-0673,Mivi,9.5,Free Video Players & Editors,AI Dreamweaver,Android 5.0+
apkpure-0297,Realistic Shader Mod Minecraft,9.1,Free Entertainment,Mods / Addons PE Studio,Android 6.0+
cnet-0205,Nerve Whiz for Android,User Rating | User Rating,Educational Software,The University of Michigan,Android
aptoide-1672,Peanut Find Mom Friends,5.0,Social,Find Mom Friends,10+
aptoide-0706,Block Puzzle Block Puzzle Jewel Games Trusted 5.1+,5.0,Puzzle,Block Puzzle,5.1+
cnet-0489,You and Me APK for Android,User Rating | User Rating,Social Networking Software,OWC International Sdn Bhd,Android
apkpure-1040,Streak Contest,,Free Sports,MobLab Limited,Android 6.0+
cnet-1942,WiFi Detector Pro,User Rating | User Rating,Social Networking Software,TheBraveSoft,Mac
apkpure-1777,Racing Fever: Moto,9.3,Games,Gameguru Advertisement FZC,Android 7.0+
appbrain-0732,Airport Adventure 2,4.81,Educational,Hippo Kids Games,Android Apps
cnet-0148,CES 6.0.0 Answers,User Rating | User Rating,Educational Software,Maxis Soft,Android
appbrain-1047,Easy Fast Intermittent Fasting,4.96,Health & Fitness,Samtark,Android Apps
apkpure-0191,LetsVPN,9.2,Free Tools,LetsGo Network,Android 5.0+
aptoide-0920,R35 Simulator Car Games,3.4,Simulation,R35 Simulator Car Games,4.4 - 4.4.4+
cnet-1636,WinMail Viewer for Mac,User Rating,Communications,Enolsoft,Mac
aptoide-0789,Apikman Craft 2 Building Skycraft Game Dev Ltd Official 5.1+,2.0,Arcade,Building,5.1+
cnet-1850,StarCraft: Remastered for Mac,User Rating | User Rating,Arcade Games,Blizzard,Mac
appbrain-1151,Gozem Champion,5.00,Maps & Navigation,Gozem Champion,Android Apps
aptoide-2354,Hellowork,-,Business,Hellowork,7.1+
appbrain-0082,Turret Escape,4.79,Arcade,Parker Burton,Android Apps
appagg-0502,GoodShort - Movies & Dramas,,Entertainment,GoodNovel (5),Android Apps
aptoide-1150,Moto Race Pro -- awesome bike race challenge game,5.0,Racing,3g60,2.3 - 2.3.2+
apkpure-0376,Minecraft Trial,8.4,Free Arcade Game,Mojang,Android 8.0+
cnet-1679,EmailPro for Gmail for Mac,User Rating | User Rating,Communications,iLife Technology,Mac
appbrain-1184,UTM Map,5.00,Maps & Navigation,Edip Ahmet Taskin,Android Apps
aptoide-1999,Samsung Kids Installer,3.9,Family,TicTacToe -,10+
aptoide-1267,Tactical Poker BovioSoft Games Official,-,Casino,Tactical Poker,2.3 - 2.3.2+
apkpure-1203,almatar,,Free Travel & Local,Almatar,Android 5.0+
appagg-2054,Nobodies: Murder Cleaner,,Action & Adventure,Blyts,Android Games
apkpure-1730,Draw Anime,,Free Art & Design,Braly JSC,Android 7.0+
aptoide-1403,Galaxy Piano Tiles Claudia Ludwina Official 4.0.1 - 4.0.2+,1.0,Music,Galaxy Piano Tiles,4.0.1 - 4.0.2+
aptoide-1260,Bingo Pop Play Live Online Uken Games Trusted 6.0+,4.5,Board >,Bingo Pop,6.0+
appbrain-0941,Jinvani Channel,5.00,Entertainment,1.1,Android Apps
aptoide-2137,Vidmate,4.2,Entertainment,Vidmate,5.1+
appagg-0202,Crumbl,,Food & Drink,"Crumbl, LLC",iOS Apps
aptoide-1017,Race the Traffic,4.0,Racing,Race the Traffic,4.1.x+
apkpure-0887,Home Games Arcade HellCopter,9.4,Free Arcade Game,SayGames Ltd,Android 8.0+
appbrain-0844,English Tamil Dictionary,5.00,Books & Reference,Droid Raju,Android Apps
cnet-1557,Selly for iOS,User Rating | User Rating,Business Applications,"Midtrans, PT",iOS
apkpure-2168,PK XD,7.1,Free Adventure Game,Afterverse Games,Android 6.0+
appbrain-1720,Riptide GP2,4.73,Racing,Vector Unit,Android Apps
cnet-1572,Phone Clone - Migrate your Data,User Rating | User Rating,Productivity Software,Huawei Technologies,iOS
appbrain-0056,"VPN - secure, fast VPN",4.24,Communication,2.0.10,Android Apps
appagg-1191,Score! Match - PvP Soccer,,Sports,First Touch Games Ltd.,Android Games
appagg-0635,"CreditScore, CreditCard, Loans",,Finance,Paisabazaar.com,Android Apps
aptoide-2029,Super File Manager (Explorer) apus Official 5.1+,4.2,Tools,apus,5.1+
apkpure-2193,ShopeeFood Driver,6.0,Free Travel & Local,Shopee,Android 5.0+
appbrain-1536,Jungle Dual Photo Frames,4.93,Photography,Wallpaper Collection,Android Apps
appbrain-1951,Naš Hajduk,5.00,Sports,Naš Hajduk,Android Apps
appbrain-0646,Adventure Reborn: story game,4.79,Adventure,0.0.905,Android Apps
aptoide-0572,Drift Ride,5.0,Sports Games,Drift Ride,4.1.x+
apkpure-0921,Home Games Educational Coloring & Learn,9.8,Games,Orange Studios Games,Android 5.0+
aptoide-0546,BASEBALL 9,4.2,Sports Games,playus soft,5.1+
appagg-0240,"Smule: Karaoke, Sing & Record",5,Music & Audio,Smule,Android Apps
cnet-1694,OsiriX MD,User Rating | User Rating,Reference Software,OsiriX,Mac
cnet-1292,Jeremstar box for iOS,User Rating | User Rating,Entertainment Software,Jeremstar box,iOS
aptoide-0661,Marble Puzzle Shoot JackJonesGame Trusted 5.1+,-,Puzzle,Marble Puzzle Shoot,5.1+
cnet-0848,Free WiFi - Wiman,User Rating | User Rating,City Guides,wiMAN,Android
appbrain-1129,ADAC Autodatenbank,5.00,Maps & Navigation,3.2.2,Android Apps
apkpure-0464,Access to,,Free Events,Ventla,Android 8.0+
cnet-2279,YourtTrip for Mac,User Rating | User Rating,City Guides,Macingaz Group,Mac
aptoide-0607,Modern Craft evogames Official 5.1+,6.67,Puzzle,Modern Craft,5.1+
apkpure-1630,비디오크롭 비디오트림 비디오컷팅 (Video Crop,,Free Video Players & Editors,BetterAppsSoft,Android 4.4+
appbrain-1090,Leader Of Nutrition,5.00,Health & Fitness,Mahmoud Fathy,Android Apps
appagg-0280,Candy Camera AI – Find myself,5,Photography,Studio SJ,Android Apps
appagg-1267,"Fashion Show: Makeup, Dress Up",,Simulation,Dress Up Games for Girls,Android Games
apkpure-0177,Home Games Arcade Flippy Knife,9.5,Free Arcade Game,Beresnev Games,Android 7.0+
appbrain-1460,AfterMarket Philippines,5.00,Shopping,Gelo Maribbay,Android Apps
appagg-1339,Hitman Sniper,5,Action,Deca Games,Android Games
aptoide-1797,Tor Browser (Alpha),4.0,Communication >,The Tor Project,5.1+
cnet-0726,mSpy Lite - Family Phone Tracker for Android,User Rating | User Rating,Security Software,mSpy,Android
aptoide-1269,Betfair Arcade – Play Rainbow Riches and Roulette,-,Casino,Betfair Apps,5.1+
apkpure-2249,Fiverr Freelance Service,7.0,Free Business,Fiverr,Android 7.1+
appagg-1839,TOXICANT,,Action & Adventure,Cosmocat,Android Games
appbrain-1161,TrenulMeu - Mersul Trenurilor,5.00,Maps & Navigation,Trenul Meu,Android Apps
cnet-0965,APKMirror Installer (Official) (Early Access) for Android,User Rating | User Rating,Utilities & Tools,apkmirror,Android
apkpure-0273,SportyBet,10.0,Free Sports,Sporty Group,Android 7.0+
aptoide-2453,XM - Trading & Investment Trading Point of Financial Instruments Trusted 7.1+,5.0,Finance,XM - Trading & Investment,7.1+
cnet-2060,Express Accounts Free Accounting Software for Mac,User Rating | User Rating,Productivity Software,NCH Software,Mac
cnet-1570,Google Keep - Notes and lists for iOS,User Rating | User Rating,Productivity Software,Google,iOS
appbrain-1125,VOLL,5.00,Maps & Navigation,Voll,Android Apps
apkpure-1915,Golden Dictionary,9.7,Free Books & Reference,Golden-Games,Android 5.0+
appagg-0703,Roblox,5,Adventure,Roblox Corporation,Android Apps
cnet-1076,US Air Force Falcons Stickers PLUS for iOS,User Rating | User Rating,Communications,"2ThumbZ Entertainment, Inc.",iOS
aptoide-0275,Real Bus Games - Bus Simulator Games Coder Trusted 7.0+,-,Strategy,Real Bus Games - Bus Simulator,7.0+
cnet-0862,Handy GPS (free) APK for Android,User Rating | User Rating,Maps,BinaryEarth,Android
aptoide-0543,8 Ball,4.5,Sports Games,8 Ball Akshit Rewari Trusted,2.3 - 2.3.2+
aptoide-1792,"Email - All Mailboxes BTB Tech, Inc Official 7.1+",3.4,Communication >,"BTB Tech, Inc",7.1+
apkpure-1170,Drift for Life,6.7,Free Racing Game,AMBRATOR GAMES,Android 8.1+
appagg-0681,"MobiOffice: Word, Sheets, PDF",5,Business,MobiSystems,Android Apps
cnet-0690,Sideload Channel / Application Launcher for Android,User Rating | User Rating,Screensavers & Wallpaper,DXIdev,Android
appbrain-1664,King Of Sands,4.94,Racing,HAMZA AHMAD YOUSEF ALHEET,Android Apps
cnet-1408,hike messenger for iOS,User Rating | User Rating | User Rating | User Rat,Social Networking Software,Hike,iOS
aptoide-0159,The Walking Dead Survivors Galaxy Play Technology Limited Official 8.0.0+,4.1,Strategy,The Walking Dead,8.0.0+
aptoide-0290,Cell Expansion Wars,4.5,Strategy,Cell Expansion Wars,4.1.x+
cnet-0210,Total Games: Juegos Exclusivos,User Rating,Entertainment Software,Total Apps Secure,Android
aptoide-1490,لغز وكلمة ZoZo Trusted 2.3 - 2.3.2+,4.8,Brain & Puzzle >,لغز وكلمة,2.3 - 2.3.2+
aptoide-1328,Piano Fire Edm Music & Piano Adaric Music Trusted 5.1+,5.0,Music,Piano Fire,5.1+
appbrain-0671,Exatest Arithmetic Speed Drill,5.00,Educational,SeaGreen Studios,Android Apps
cnet-1793,Command & Conquer: Generals Deluxe Edition,User Rating | User Rating,Strategy Games,Aspyr Media Inc.,Mac
cnet-1525,Bitget for iOS,User Rating | User Rating,Business Applications,Bitget,iOS
appagg-0375,GO Keyboard Lite - Many Theme,5,Personalization,Video Editor & Video Maker Dev,Android Apps
appbrain-0145,Candy Land School,4.89,Puzzle,guihua,Android Apps
appagg-1567,Nintendo,,Simulation,SuperPowerUpGames,Nintendo Games
appagg-1500,ドラゴンクエストモンスターズ２ イルとルカの不思議な鍵SP,,Role Playing,"SQUARE ENIX Co.,Ltd.",Android Apps
apkpure-0789,DishTV BIZ,10.0,Free Business,Dish TV India Limited,Android 6.0+
cnet-0137,GTA: San Andreas – NETFLIX,User Rating | User Rating,Action Games,Netflix Inc.,iOS
apkpure-0267,Scary Teacher 3D,8.8,Games,Z & K Games,Android 5.1+
appagg-1089,Choices: Stories You Play,5,Simulation,Pixelberry,Android Games
apkpure-0310,Canon MF3010 Printer Guide,,Free Productivity,Project Y Studio,Android 6.0+
appbrain-0813,Michaelis Guia Nova Ortografia,5.00,Books & Reference,A&H Software Ltda.,Android Apps
aptoide-2129,Airtel Xstream Play,4.5,Entertainment,Airtel Xstream Play,7.1+
appagg-0847,Royal Match,,Casual,Dream Games,iOS Games
cnet-0658,Halloween Live Wallpaper APK for Android,5,Screensavers & Wallpaper,Live Wallpapers 3D,Android
appagg-0238,Amazon Shopping,5,Shopping,Developer: Amazon Mobile LLC (50),Platforms:
apkpure-1627,Home Games Sports Street Basketball Association,9.5,Free Sports Game,ShakaChen,Android 5.1+
appagg-0048,LINE: Calls & Messages,5,Communication,LINE (LY Corporation),Android Apps
aptoide-1901,"SPB TV World – TV, Movies and series online SPB TV AG Trusted 4.1.x+",3.5,Media & Video,"SPB TV World – TV, Movies and series online",4.1.x+
aptoide-0751,Gangsters Crime City,3.7,Arcade,Vegas Gangs - Mafia Game,2.3 - 2.3.2+
appbrain-1556,Photo Collage Maker,4.90,Photography,3.8.1,Android Apps
aptoide-1101,CarGames Dreamlandapps Official 2.2.x+,3.0,Racing,CarGames,2.2.x+
appagg-1913,Assemble with Care,4.8,Classics,ustwo games,Android Games
aptoide-1433,FNF Indie Cross Full V1,-,Music,FNF Indie Cross Full V1,4.4 - 4.4.4+
apkpure-0524,AI Logo Generator - Logo Maker,9.2,Simple yet impactful designs for charities and organizations.,Mobi & Thumbnail Maker Inc,Android 5.0+
appbrain-0913,Ucomi,5.00,Entertainment,Hwenjie,Android Apps
apkpure-1153,Mini Legend,8.5,Free Racing Game,Twitchy Finger Ltd.,Android 5.1+
aptoide-1239,Slots & Wild Win Casino,5.0,Casino,Slots & Wild Win Casino,3.0+
appagg-1391,Mahjong Club - Solitaire Game,,Board,GamoVation (13),Android Games
cnet-1883,Bitlord for Mac,User Rating | User Rating,Internet Software,House of Life,Mac
appagg-1119,Blossom Blast Saga,5,Casual,King,Android Apps
appagg-1133,Okey Plus,,Board,Zynga,Android Games
aptoide-1438,Lion - King Piano Tiles RC Official 4.4 - 4.4.4+,-,Music,Lion - King Piano Tiles,4.4 - 4.4.4+
apkpure-1568,Skindex AI,,Free Beauty,Skindex admin,Android 8.0+
aptoide-0595,Smart Puzzles Collection,4.1,Puzzle,Smart Puzzles Collection,4.4 - 4.4.4+
aptoide-1765,Aloha Browser Lite - Fast VPN,4.3,Communication >,Aloha Browser Lite - Fast VPN,7.1+
appbrain-1937,Diamonds FF,5.00,Sports,Niwk YT,Android Apps
cnet-1710,Serial Cloner for Mac,User Rating | User Rating,Reference Software,Serial Cloner,Mac
cnet-2017,Winmail.dat Opener for Mac,User Rating | User Rating,Business Applications,XJH,Mac
apkpure-0573,Cool Scene Drama - Shorts,,Free Entertainment,Felix Mogaka,Android 7.0+
appagg-1117,Tap Titans,5,Role Playing,Developer: Game Hive Corporation (5),Android Games
aptoide-1360,Green Magic Tiles 3,3.5,Music,Green Magic Tiles 3,4.0.1 - 4.0.2+
cnet-2016,Pages for Mac,User Rating | User Rating,Productivity Software,apple,Mac
cnet-2218,Trusteer Rapport for Mac,User Rating | User Rating,Security Software,Trusteer,Mac
appagg-0178,"Vi: Recharge, Payments & Games",5,Productivity,Vodafone Idea Ltd. (18),Android Apps
apkpure-0659,sendit,9.2,Free Social,"iconic hearts, inc.",Android 7.0+
apkpure-0007,Freeshort:Dramas and Movies,,Free Entertainment,FreeShort Studio,Android 8.0+
cnet-0945,IMEI Mask Apps - Instant IMEI Changer,User Rating | User Rating,Utilities & Tools,Go Developer ID,Android
aptoide-0524,ICC Cricket Championship Pro,5.0,Sports Games,ICC Cricket Championship Pro,4.0.1 - 4.0.2+
cnet-0197,WHO MEC Wheel (contraceptive use) Beta,User Rating | User Rating,Educational Software,Seven Genie,Android
appbrain-1835,Giani Thakur Singh Ji (Patiale,5.00,Social,Giani Thakur Singh Ji (Patiale,Android Apps
appagg-1320,Zombie Smasher,5,Arcade,Italic Games,Android Games
apkpure-0348,Hoogo,10.0,Free Social,Talaga Team,Android 5.0+
cnet-2003,Trello for Mac,User Rating,Project Management Software,Atlassian,Mac
apkpure-0824,Gacha Life,7.7,Free Casual Game,Lunime,Android 5.0+
appbrain-1615,Blur Photo Editor Square Blur,4.85,Photography,batter man,Android Apps
appagg-0287,Indeed Job Search,5,Business,Indeed Inc.,iOS Apps
cnet-1192,English Spanish Dictionary Unabridged for iOS,User Rating | User Rating,Reference Software,Word Magic Software,iOS
aptoide-0093,Zombie Age 3,4.3,Action,Dead City,5.1+
cnet-1875,Vuze BitTorrent Client,User Rating | User Rating | User Reviews,Internet Software,Azureus Software,Mac
apkpure-1658,Typr Go,,Free Educational Game,SRKWebstudio,Android 6.0+
appagg-0757,My Talking Tom 2,,Casual,Outfit7 Limited,Android Apps
apkpure-0734,Wearfit Pro,4.8,Free Health & Fitness,Wakeup,Android 7.0+
aptoide-2227,Tether Miner,2.0,Business,e-Devlet Kapısı,5.1+
aptoide-0169,Dark War Survival Florere Game Trusted 6.0+,3.0,Strategy,Dark War Survival,6.0+
appagg-0384,GuitarTuna: Tune & Play Guitar,5,Tools,Yousician Ltd.,Android Apps
apkpure-1703,Toca Boca Hair Salon 4,8.8,Free Educational Game,Play Piknik,Android 5.1+
cnet-2199,Master Password for Mac,User Rating | User Rating,Security Software,Lyndir,Mac
cnet-1626,Snap Camera for Mac,User Rating | User Rating,Communications,Snap Inc.,Mac
aptoide-2158,Broken Screen Prank HappySpark Trusted 5.1+,4.3,Casual,Broken Screen Prank,5.1+
apkpure-0645,Kawaii World,9.5,Free Arcade Game,VOPI Team,Android 5.0+
appagg-0575,"Nike: Shoes, Apparel, Stories",,Shopping,"Nike, Inc",Android Apps
appagg-1731,Call of Duty®: Ghosts,,Action & Adventure,Activision,Windows Games
apkpure-1055,Woola,,Free Photography,XL Mobile,Android 6.0+
apkpure-0988,GoTube,6.3,Free Entertainment,Niko Entertainment Company Limited,Android 5.0+
aptoide-1409,Megalovania Piano Tiles - Undertale Pult Games Official 4.2.x+,3.0,Music,Megalovania Piano Tiles - Undertale,4.2.x+
aptoide-1727,Yahoo Mail Yahoo Trusted 10+,4.6,Communication >,Yahoo Mail,10+
aptoide-1554,Dinosaur Eggs Vtim Games Official 4.2.x+,-,Brain & Puzzle >,Dinosaur Eggs,4.2.x+
cnet-0382,Cult Of The Lamb Mobile,Paid,Action Games,Play MMO Games,Android
cnet-0071,Mikrotik Dude Android Client,User Rating | User Rating,Communications,By Snow Tech Software,Android
aptoide-1991,VPN Free zan ihlan Official 4.0.3 - 4.0.4+,3.6,Tools,VPN Free,4.0.3 - 4.0.4+
apkpure-1233,Djezzy,9.8,Free Tools,Djezzy Developper,Android 5.0+
cnet-1096,iRecovery,User Rating | User Rating,Educational Software,Hope & Freedom Counseling Services,iOS
aptoide-1364,Cyber Music Rush,-,Music,Cyber Music Rush,7.0+
appbrain-1831,iNaqsh - Islamic Naqsh,5.00,Social,iLogcreations,Android Apps
aptoide-0353,Pokemon Korosu Antonio Rubira Marin Official 2.3 - 2.3.2+,2.1,Adventure,Korosu,2.3 - 2.3.2+
cnet-2281,ApproxMap,User Rating | User Rating,Maps,Sakisaki Software,Mac
cnet-1298,Angry Birds Star Wars II,User Rating | User Rating,Arcade Games,Rovio Mobile,iOS
aptoide-2384,CaixaBankNow CaixaBank Official 5.1+,2.5,Finance,CaixaBankNow,5.1+
appbrain-1245,Lalamove - Fast & Affordable,4.79,Maps & Navigation,113.5.0,Android Apps
appbrain-1234,ScotRail Train Times & Tickets,4.81,Maps & Navigation,ScotRail,Android Apps
appbrain-1655,Car Traffic Racer,5.00,Racing,Game Pickle,Android Apps
appagg-1598,Storyteller,,Action & Adventure,Annapurna Interactive (173),Android Games
appbrain-0898,Heide Park Resort,5.00,Entertainment,Heide-Park Soltau GmbH,Android Apps
cnet-0918,APNA TUNNEL,User Rating | User Rating,Utilities & Tools,APNA TUNNEL,Android
apkpure-1581,Hevy,6.0,Free Health & Fitness,Hevy Gym Workout Tracker,Android 6.0+
aptoide-1007,Antistress Relaxing games RN Gaming Studio Official 6.0+,5.0,Simulation,Antistress,6.0+
apkpure-0771,"Good Coffee, Great Coffee",8.2,Free Simulation Game,TapBlaze,Android 6.0+
cnet-0761,Surfshark VPN for Android,User Rating | User Rating,Security Software,Surfshark,Android
apkpure-0079,Prayers for everyday. Devotion,,Free Books & Reference,Devotionals & Prayers Zinnwaldite Tuxedo,Android 6.0+
apkpure-0065,Keeta - Food Delivery,,Free Food & Drink,KANGAROO LIMITED,Android 5.0+
appagg-0237,Yahoo Mail,5,Productivity,Yahoo,Android Apps
appbrain-0399,Machacando Vegetales,5.00,Action,Loquendero Dev,Android Apps
appbrain-0827,Qurani Kərim və Tərcüməsi,5.00,Books & Reference,Barakah apps,Android Apps
apkpure-2135,Meta Ads Manager,6.3,Free Business,"Meta Platforms, Inc.",Android 9.0+
appbrain-1581,Photo Frames Collage Maker,4.89,Photography,Tri Core,Android Apps
cnet-2192,DroidID,User Rating | User Rating,Security Software,Suyash Srijan,Mac
aptoide-0032,Bike Blast- Bike Race Rush,4.4,Action,Bike Blast- Bike Race Rush,4.4 - 4.4.4+
cnet-1661,GNUMail.,User Rating | User Rating,Communications,By collaboration-world.com,Mac
aptoide-2282,ROP - Royal Oman Police Ministry Of Interior - Qatar Trusted 7.0+,3.0,Business,ROP - Royal Oman Police,7.0+
cnet-0907,Legend Tools GFX APK for Android,User Rating | User Rating,Utilities & Tools,Jean Cedric,Android
aptoide-1577,SoundCloud: Play Music & Songs SoundCloud Trusted 8.1.0+,4.6,Music & Audio,SoundCloud: Play Music & Songs,8.1.0+
cnet-1808,Homicipher for Mac,User Rating | User Rating,Games,Homicipher,Mac
cnet-0941,Googlefier,User Rating | User Rating,Utilities & Tools,bender_007,Android
appagg-0890,OSM 24/25 Soccer Manager Game,5,Sports,Developer: Gamebasics BV (5),Android Games
aptoide-0600,Mergeland - Animal Adventure,5.0,Puzzle,Mergeland - Animal Adventure,6.0+
cnet-0701,zANTI APK for Android,User Rating,Security Software,Zimperium,Android
apkpure-0156,DuckStation,9.4,Free Arcade Game,Stenzek,Android 6.0+
aptoide-0934,Juego de Carreras de Autos 3D Yassine Sdw Official 6.0+,4.0,Simulation,Juego de Carreras de Autos 3D,6.0+
appbrain-1813,Flowers Stickers for WhatsApp,5.00,Social,Wall Stickers,Android Apps
apkpure-1036,Home Games Arcade 1945 Air Force,8.7,Free Arcade Game,1SOFT,Android 7.0+
aptoide-0781,Subway Santa Xmas Run G6GAMES Trusted 4.3.x+,3.6,Arcade,Subway Santa Xmas Run,4.3.x+
aptoide-0406,ARK,4.0,Adventure,Survival Evolved,7.1+
aptoide-0993,Moto Bike traffic racer Race Storm Studio Official 4.0.3 - 4.0.4+,-,Simulation,Moto Bike traffic racer,4.0.3 - 4.0.4+
cnet-1142,Microsoft Math Solver,User Rating | User Rating,Educational Software,Microsoft,iOS
aptoide-2064,1.1.1.1 + WARP,4.3,Tools,Safer Internet,5.1+
appagg-0429,Photo Editor Collage: Picsa,,Photography,Prometheus Interactive LLC,Android Apps
cnet-1937,Bitcoin sCrypt for Mac,User Rating | User Rating,Internet Software,Bitcoin sCrypt,Mac
apkpure-1483,Unlimited AI Video & Image Art,,Free Productivity,Ausoco,Android 5.0+
apkpure-0488,ROP Royal Oman Police,10.0,Free Productivity,DGIT-ROP,Android 6.0+
appbrain-1236,Circuit for Teams,4.81,Maps & Navigation,Route4me,Android Apps
appbrain-1977,Weight loss for women,5.00,Sports,hemidi dev,Android Apps
apkpure-2144,Mizo Quiz - Zo Quiz,,Free Educational Game,ViaMizo,Android 6.0+
appagg-0401,Marriott Bonvoy: Book Hotels,,Travel,Marriott International (4),Android Apps
cnet-2089,Time Machine,User Rating | User Rating,Screensavers & Wallpaper,By Jon Brown Designs,Mac
apkpure-1672,AWEKAS Stationsweb,,Free Weather,AWEKAS Stationsweb,Android 7.0+
appbrain-1393,Mehendi Designs Henna Tattoos,4.75,Art & Design,Happy-verse,Android Apps
cnet-1468,Chappy - Gay Dating & Friends for iOS,User Rating | User Rating,Social Networking Software,Chappy Limited,iOS
apkpure-1717,EasyAccess 2.0,,Free Tools,"Weintek Labs., Inc.",Android 5.0+
apkpure-1605,DEEEER Simulator,9.1,Free Action Game,Pujia8 LTD,Android 7.0+
cnet-1393,Pinterest,User Rating | User Rating,Social Networking Software,Pinterest,iOS
appagg-0201,"CamScanner- scanner, PDF maker",5,Productivity,INTSIG PTE,Android Apps
aptoide-0653,Brain Blow Genius IQ Test CASUAL AZUR GAMES Trusted 6.0+,4.0,Educational,Brain Blow,6.0+
cnet-2065,Tex-Edit Plus,Trial version,Productivity Software,Trans-Tex Software,Mac
apkpure-1442,MiniCraft Pocket Edition Game,,Free Events,Loco Craftman Studio,Android 5.0+
cnet-0478,VictoriaMilan,User Rating | User Rating,Social Networking Software,Vedal R&D Lab Kft,Android
aptoide-1175,بوكر تكساس بويا Boyaa Trusted 4.2.x+,4.2,Casino,بوكر تكساس بويا,4.2.x+
appagg-2062,Loco Parentis / 孤女咒怨,,Action & Adventure,Sad Horse studio (3),Steam Games
appagg-1357,Build A Queen,,Casual,Developer: Supersonic Studios LTD (249),Android Apps
aptoide-1547,Educational Memory Game–Flags Dzoni Official 4.0.3 - 4.0.4+,-,Brain & Puzzle >,Educational Memory Game–Flags,4.0.3 - 4.0.4+
cnet-1370,Battle Of Chepauk 2,User Rating | User Rating,Sports Games,NextWave Multimedia,iOS
cnet-1445,Hzone - # 1 HIV Positive Dating for HIV singles and HIV gays for iOS,User Rating | User Rating,Social Networking Software,Jian Qiang Mao,iOS
appagg-1309,ZigZag,,Arcade,Ketchapp,Android Games
appbrain-1784,Byoh Rishta -Uttrakhand Matrim,5.00,Social,10.3.2,Android Apps
appagg-0944,Bridge Race,,Casual,Developer: Supersonic Studios LTD (249),Android Apps
appagg-1509,LunaBeat,,Action & Adventure,LunaBeat (5),Steam Games
aptoide-0359,ملكة الموضة,4.2,Adventure,ملكة الموضة,7.0+
apkpure-1148,Geometry Dash Meltdown,8.6,Free Arcade Game,RobTop Games,Android 5.0+
appbrain-1679,Ground Effect,4.92,Racing,Jakyl,Android Apps
appagg-1361,Gangstar New Orleans,,Role Playing,Gameloft SE (67),Android Games
appagg-2021,A Year Of Rain,,Other,Daedalic Entertainment (182),Windows Games
apkpure-0088,VNeID,8.0,Free Productivity,Trung tâm dữ liệu quốc gia về dân cư,Android 5.0+
apkpure-0630,GH LOTTO,,Free Entertainment,Neko Dev,Android 6.0+
appagg-0806,Hunter Assassin,,Action,Ruby Games AS,Android Games
apkpure-0299,Ice Scream 6,9.4,Free Adventure Game,Keplerians Horror Games,Android 7.0+
cnet-1945,Chromium,User Rating,Internet Software,google,Mac
appagg-0903,Tomb of the Mask: Old Maze,,Action,Playgendary Limited (44),Android Games
aptoide-1679,Status Saver For WA Business SoftTex solutions Official 5.1+,-,Social,Status Saver For WA Business,5.1+
appbrain-1838,MyDarling Bride theme,5.00,Social,Chang's Studio,Android Apps
appbrain-0925,Partik,5.00,Entertainment,Bellandi Tecnologia,Android Apps
appbrain-1922,TV 2 Sport,5.00,Sports,TV 2 AS,Android Apps
appagg-0336,Cricbuzz - Live Cricket Scores,5,Sports,Cricbuzz.com,Android Apps
cnet-1593,Telephone for Mac,User Rating | User Rating | User Reviews,Communications,Alexei Kuznetsov,Mac
aptoide-0637,Minecraft Puzzle LingvistGames Official 4.2.x+,4.7,Puzzle,Minecraft Puzzle,4.2.x+
cnet-1954,BitMate for Mac,User Rating | User Rating,Internet Software,BitMate,Mac
appbrain-0001,e-Halsangandn,3.77,Education,SoftMax Company,Android Apps
appbrain-0291,Phone Manager,3.44,Tools,ColorOS,Android Apps
apkpure-1618,Squad Busters,6.1,Free Action Game,Supercell,Android 7.0+
cnet-0468,Bunny - Follow and like for Tiktok for Android,User Rating | User Rating,Social Networking Software,Ayegl kaya Gelitiricisi,Android
cnet-1903,aMule for Mac,User Rating | User Rating | User Reviews,Internet Software,aMule Project,Mac
cnet-1425,TamTam Messenger for iOS,User Rating | User Rating,Social Networking Software,Odnoklassniki Ltd,iOS
appbrain-1196,Tranvias Coruña,4.90,Maps & Navigation,bigreni,Android Apps
apkpure-2138,Beauty Camera - Sweet Camera,,Free Beauty,iMediaStar,Android 6.0+
aptoide-0108,Farlight 84,4.4,Action,Farlight 84,7.0+
aptoide-0454,New Star Soccer Thumbstar Games Ltd Trusted 4.1.x+,4.5,Sports Games,New Star Soccer,4.1.x+
appbrain-0772,Hello Kitty: Good Night,4.76,Educational,Hippo Kids Games,Android Apps
aptoide-1805,LINE Free Calls & Messages LINE Corporation Trusted 11+,4.2,Communication >,Free Calls & Messages,11+
apkpure-1051,USHIPPER Car Hauler,,Free Auto & Vehicles,USHIPPER INC,Android 6.0+
appbrain-1227,Transport schedule - ZippyBus,4.81,Maps & Navigation,1.5.5,Android Apps
cnet-0135,CycleBeads Period & Ovulation for Android,User Rating | User Rating,Educational Software,Cycle Technologies,Android
cnet-0629,Cyberpunk Theme for KLWP for Android,User Rating | User Rating,Screensavers & Wallpaper,Gaslight Heroes,Android
cnet-1981,Microsoft 365 for Mac,User Rating | User Rating,Productivity Software,microsoft,Mac
cnet-0156,Sugar AI for Android,User Rating | User Rating | User Rating | User Rat,Educational Software,January,Android
apkpure-0291,ВК гости,8.9,Free Social,Evacorp,Android 5.0+
cnet-1995,FocusWriter for Mac,User Rating | User Rating,Productivity Software,Graeme Gott,Mac
aptoide-1533,أسئلة ثقافیة BY Digits Trusted 7.0+,4.2,Trivia >,أسئلة ثقافیة,7.0+
appbrain-1020,InstaCare: Super Health,5.00,Health & Fitness,5.6.8,Android Apps
appagg-2037,Space Gladiators,,Action & Adventure,Blobfish,Steam Games
cnet-1355,Roulette-Hack for iOS,User Rating | User Rating,Games,Savvas Petrou,iOS
appbrain-0730,Marbel Police Station,4.83,Educational,Educa Studio,Android Apps
cnet-2007,Master PDF Editor for Mac,User Rating,Productivity Software,By Code Industry Ltd.,Mac
apkpure-0042,tenki.jp 日本気象協会の天気予報アプリ・雨雲レーダー,,▼Seasonal information,日本気象協会,Android 9.0+
appbrain-1685,Carros Brasil,4.80,Racing,Carros Brasil,Android Apps
aptoide-1539,XO Advanced Lite,-,Brain & Puzzle >,XO Advanced Lite,1.6+
appbrain-1131,Taxia Conductor,5.00,Maps & Navigation,16.1,Android Apps
aptoide-0812,Bottle Jump 3D AZUR GAMES Trusted 7.0+,4.0,Arcade,Bottle Jump 3D,7.0+
cnet-1157,Tusi Pese for iOS,User Rating | User Rating,Reference Software,Love Muese Ioane,iOS
appbrain-1170,Android Apps > Maps & Navigation > BipReader - Tarjeta Bip Balanc,5.00,Maps & Navigation,BipReader - Tarjeta Bip Balanc,Android Apps
cnet-2230,Bitdefender Adware Removal Tool for Mac,User Rating | User Rating,Security Software,Bitdefender,Mac
aptoide-1384,Cat Cute Tiles Piano Games Cobby Labs Trusted 6.0+,-,Music,Piano Games,6.0+
aptoide-0682,Plants Warfare YUEYOO GAMES Official 5.1+,4.2,Puzzle,Plants Warfare,5.1+
aptoide-1629,Downloads,3.7,Books & Reference,Genting Malaysia,5.1+
cnet-0919,Google Services Framework,User Rating,Utilities & Tools,Google LLC,Android
appbrain-1204,METRO curb2curb,4.91,Maps & Navigation,4.3.0,Android Apps
aptoide-1198,Roulette Predictor &Calculator,-,Casino,Roulette Predictor &Calculator,2.3 - 2.3.2+
apkpure-1801,Nature Balloon,,Free Arcade Game,تطوير للبرمجيات,Android 8.0+
aptoide-2228,FX File Explorer,4.6,Business,FX File Explorer,5.1+
cnet-0140,BILIBILI COMICS - Manga Reader,User Rating | User Rating,Educational Software,Bilibili Comics,Android
aptoide-0657,Jigsaw Puzzles Jigsaw Puzzle Games Official 2.3 - 2.3.2+,5.0,Puzzle,Jigsaw Puzzles,2.3 - 2.3.2+
cnet-0542,Fiverr - Freelance Services for Android,User Rating | User Rating,Business Applications,Fiverr,Android
appagg-1457,NBA 2K25 Tournament Edition,,Sports,XboxOne,iOS Apps
aptoide-0421,LostMiner,4.6,Adventure,Build & Craft Game,7.0+
appbrain-0336,"Challan, Vahan, RTO info:India",5.00,Travel & Local,Extras Studeio,Android Apps
apkpure-0347,background video recorder,9.0,Free Video Players & Editors,lock screen passcode,Android 6.0+
appbrain-2023,Fantasy Baseball My Playbook,4.93,Sports,FantasyPros,Android Apps
cnet-2004,Big Day Countdown - Counting Down To The Special Day for Mac,User Rating | User Rating,Productivity Software,Hong Wee Teo,Mac
cnet-1556,MPTA. for iOS,User Rating | User Rating,Business Applications,GWT,iOS
appagg-0464,Make Money - Cash Earning,,Lifestyle,Make Money Labs,Android Apps
appagg-1899,The Walking Evil,,Action & Adventure,VikTor,Steam Games
cnet-0159,Toca Cars APK for Android,User Rating | User Rating,Educational Software,Toca Boca,Android
cnet-1997,Tuxera NTFS for Mac,5,Productivity Software,By Tuxera,Mac
appbrain-0123,EraShort,4.83,Entertainment,Xsinxizhao,Android Apps
apkpure-1073,Alix,,Free Health & Fitness,Beo Healthcare,Android 8.0+
aptoide-1283,Teen Patti Royal - 3 Patti,5.0,Casino,ZMist Inc,5.1+
appbrain-1067,Modern Health,4.96,Health & Fitness,"Modern Health, Inc.",Android Apps
appbrain-0488,Slender Must Die: Chapter 5,4.92,Action,Poison Games,Android Apps
cnet-1632,Mango IRC for Mac,User Rating | User Rating,Communications,Mediaware,Mac
cnet-0958,Kitsunebi,User Rating | User Rating,Utilities & Tools,Kits Labs,Android
appagg-0244,Daraz Online Shopping,,Shopping,Daraz Mobile,Android Apps
cnet-0147,MuscleTech Verify,User Rating | User Rating,Educational Software,MuscleTech,Android
aptoide-1749,WeChat Trusted 7.1+,4.1,Communication >,WeChat,7.1+
cnet-1324,Roll Spike: Sepak Takraw for iOS,User Rating | User Rating,Games,Mediasoft Entertainment,iOS
cnet-0565,Resume Builder Free CV maker CV templates 2019,User Rating | User Rating,Business Applications,Intelligent CV,Android
aptoide-0138,Battleground Fire Squad - Free Shooting Survival,4.1,Action,Battleground Fire Squad - Free Shooting Survival,4.3.x+
apkpure-2149,Yandex Weather & Rain Radar,8.3,Free Weather,Direct Cursus Computer Systems Trading LLC,Android 8.0+
aptoide-1757,Opera Touch Robert Browne Official 8.1.0+,3.9,Communication >,Opera Touch,8.1.0+
appbrain-0581,Bad End Theater,4.87,Adventure,1.8.0,Android Apps
appbrain-1272,Waterfall Photo Frame,5.00,Art & Design,Bhima Apps,Android Apps
apkpure-0140,Do Not Disturb,9.5,Free Educational Game,Tapps Games,Android 7.0+
apkpure-0657,المصحف المعلم سورة النبأ,,Free Parenting,Al-Maher,Android 5.0+
aptoide-1067,carreras de carros de autos 3d Yassine Sdw Official 6.0+,-,Racing,carreras de carros de autos 3d,6.0+
cnet-1473,Free Tone - US Number + Unlimited Text & Calls,User Rating | User Rating,Social Networking Software,GemSoftware,iOS
cnet-2134,GTA 5 wallpapers,User Rating,Screensavers & Wallpaper,Rockstar Games,Mac
aptoide-1940,AirPin STD ad - AirPlay & DLNA Kinetic Game Studios Trusted 2.3 - 2.3.2+,5.0,Video Players & Editors,AirPin STD ad - AirPlay & DLNA,2.3 - 2.3.2+
aptoide-0549,3D Tennis Mouse Games Trusted 4.1.x+,4.3,Sports Games,3D Tennis,4.1.x+
appagg-1669,Lands of Sorcery,,Other,Developer: Sun Bay Games (1),Steam Games
appbrain-2031,gexporter,5.00,Sports,gexporter,Android Apps
apkpure-1020,Arena Breakout,8.4,Free Action Game,Level Infinite,Android 5.0+
aptoide-1755,JasminChat - Live Video Chat with Strangers JASMINCHAT LABS Official,3.0,Communication >,JasminChat - Live Video Chat with Strangers,4.1.x+
appbrain-0573,Pato Asado & Horneado Saw Trap,4.88,Adventure,Mazniac,Android Apps
cnet-1574,CalliPro,User Rating | User Rating,Productivity Software,Diwan Software Limited,iOS
cnet-0784,Antivirus & Mobile Security for Android,User Rating | User Rating,Security Software,Trustlook,Android
appagg-1022,Clash of Lords 2: Guild Castle,5,Strategy,IGG.COM (41),Android Apps
cnet-1325,Resident Evil 4: PLATINUM,User Rating | User Rating,Games,Capcom Entertainment,iOS
aptoide-0740,HiApp 5.1+,4.6,Arcade,HiApp,5.1+
apkpure-1516,Dinosaur Hunting Games 3D 2023,,Free Action Game,Metaphase games,Android 10.0+
appagg-0115,Avast Antivirus & Security,5,Tools,Avast Software,Android Apps
cnet-1947,CrossFTP Server,User Rating | User Rating,Internet Software,Crossworld,Mac
appagg-1939,Path of Giants,,Action & Adventure,Journey Bound Games,Windows Games
appbrain-1649,"Traffic Racing : drift, police",5.00,Racing,Planegg Mobile Entertainments,Android Apps
appbrain-1382,Pixel Studio: pixel art editor,4.75,Art & Design,Hippo Games AM,Android Apps
appagg-0010,YouTube,5,Photo & Video,Google,iOS Apps
apkpure-1659,Shadow Survival,,Games,AlohaFactory,Android 6.0+
appagg-1878,KingSim,,Action & Adventure,Developer: Fuzzy Pixel Game Studio (2),Steam Games
apkpure-0012,Fantasy Football Manager (FPL),9.1,Free Sports,Homemade Apps,Android 6.0+
aptoide-1375,Marshmello Piano Tiles 2,1.0,Music,Marshmello Piano Tiles 2,4.1.x+
cnet-0615,Horizon Live Wallpaper Ultra for Android,User Rating | User Rating,Screensavers & Wallpaper,Horizon Watch Designs,Android
appagg-1714,Riven,,Action & Adventure,Cyan Worlds Inc,Windows Games
cnet-0280,Fandango at Home,User Rating | User Rating,Entertainment Software,VUDU,Android
appbrain-0506,Defensor Futurista,4.82,Action,Loquendero Dev,Android Apps
aptoide-1800,Whats,4.1,Communication >,Whats,4.1.x+
aptoide-1300,Sprunki,5.0,Music,Sprunki,5.1+
appagg-1828,Zombo Buster Advance,,Other,FIREBEAST,Steam Games
apkpure-0886,Home Games Racing jUmPing,,Games,ErickRRDev,Android 8.0+
appagg-0395,Samsung Email,,Productivity,"Samsung Electronics Co., Ltd.",Android Apps
aptoide-1315,123 Kids Fun Music Games Free Martin Official 4.1.x+,4.5,Music,123 Kids Fun Music Games Free,4.1.x+
cnet-2132,Substrate for Mac,User Rating | User Rating,Screensavers & Wallpaper,Hey Daddio,Mac
cnet-0610,iPhone 15 Pro Max Launcher,User Rating | User Rating,Screensavers & Wallpaper,iPhone Wallpapers,Android
appbrain-1572,Princess Dress Photo Editor,let index = 0; const conn = navigator.connection; ,Photography,Crowns,Android Apps
cnet-0535,mPokket for Android,User Rating | User Rating,Productivity Software,mPokket,Android
appagg-0253,Reddit,5,Social,reddit Inc.,Android Apps
aptoide-2033,Bluetooth assistant JMC Official 544kB Size 2.2.x+,3.0,Tools,Bluetooth assistant,2.2.x+
aptoide-0484,Cricket Classic Game Artifly Studios Official 2.2.x+,4.0,Sports Games,Cricket Classic Game,2.2.x+
appagg-0179,Android Auto,5,Auto & Vehicles,Google LLC,Auto & Vehicles
cnet-2232,Safe Plus,User Rating | User Rating,Security Software,Brian Saydak,Mac
aptoide-0417,Deer Hunting - Sniper Shooter Switch Play Official 4.0.1 - 4.0.2+,5.0,Adventure,Deer Hunting - Sniper Shooter,4.0.1 - 4.0.2+
aptoide-1758,China Messenger Pranav Soam Official 4.1.x+,3.7,Communication >,China Messenger,4.1.x+
appagg-1206,Cut the Rope: Time Travel,5,Puzzle,ZeptoLab,Android Games
aptoide-2193,Mega Flix + Wak Projects Official 5.1+,5.0,Entertainment,Mega Flix +,5.1+
cnet-1960,AnyMP4 Mac Video Downloader,Trial version,Internet Software,AnyMP4 Studio,Mac
appagg-1986,Bikerz,,Action & Adventure,Forever Young Games (5),Steam Games
appbrain-0630,Lost Lands 6,4.80,Adventure,FIVE-BN GAMES,Android Apps
cnet-1238,Ultimate Lightning McQueen for iOS,User Rating | User Rating,Entertainment Software,Orbotix,iOS
aptoide-1967,HappyMod AIO TEAM Trusted 5.1+,4.3,Productivity,HappyMod,5.1+
aptoide-0486,Pool 2018 AndromedaGames Trusted 4.1.x+,5.0,Board >,Pool 2018,4.1.x+
aptoide-0019,Legacy of Discord FuriousWings,4.3,Action,Legacy of Discord,7.0+
appbrain-2017,Penrith Panthers,5.00,Sports,NRL Digital,Android Apps
aptoide-0738,Subway banana surf Hexping Official 4.0.1 - 4.0.2+,2.9,Arcade,Subway banana surf,4.0.1 - 4.0.2+
appbrain-1418,Euronics - Offerte Elettronica,5.00,Shopping,5.9.11,Android Apps
aptoide-0163,Megapolis City Building Sim Social Quantum Ltd Trusted 7.0+,4.4,Strategy,Megapolis,7.0+
cnet-0443,9monsters - Gay Chat & Dating APK for Android,User Rating | User Rating,Social Networking Software,Team AB,Android
aptoide-0238,Castle Crush：Epic Battle Fun Games For Free Trusted 5.1+,4.3,Strategy,Castle Crush：Epic Battle,5.1+
aptoide-0385,Village Farming Games Offline Knockout Classic Board Games Official 7.0+,-,Adventure,Village Farming Games Offline,7.0+
appbrain-1335,Mehndi Design Latest 2025,4.80,Art & Design,Ms. Beautician,Android Apps
appbrain-1599,IMG.LY Photo & Video Editor,5.00,Photography,10.10.1,Android Apps
appbrain-0767,Reaction training,4.76,Educational,nixGames,Android Apps
appagg-1433,Tentacular,Reviews: 5 ( 1 ),Action & Adventure,Devolver Digital (349),Windows Games
appbrain-0759,Ring of Words: Find Words,4.77,Educational,1.3213,Android Apps
appbrain-1138,TCT GPS 2,5.00,Maps & Navigation,Dien tu TCT,Android Apps
aptoide-0323,Crash Bandicoot StarGames Official 4.4 - 4.4.4+,3.0,Adventure,Crash Bandicoot,4.4 - 4.4.4+
cnet-1435,Zalo for iOS,User Rating | User Rating,Social Networking Software,VNG Online,iOS
appbrain-1115,Plum Village: Mindfulness,4.91,Health & Fitness,Centre for Applied Ethics,Android Apps
appbrain-1069,Perspire Sauna Studio 2.0,4.96,Health & Fitness,Geisler Young,Android Apps
aptoide-0569,Mini Football - Soccer Games Miniclip.com Trusted 7.1+,3.4,Sports Games,Mini Football - Soccer Games,7.1+
apkpure-1451,Tracing Paper - Light Box,8.0,Free Art & Design,Csákvári Dávid,Android 5.0+
appagg-0791,My Cafe — Restaurant Game,7.4,Casual,Melsoft Games Ltd (2),Android Games
cnet-1082,Hijab Muslimah Stickers for iOS,User Rating | User Rating,Communications,Faissal Frith,iOS
appagg-0451,Vivo - Telefónica,,Tools,VIVO S.A.,Android Apps
cnet-2206,McAfee Total Protection,User Rating,Security Software,McAfee LLC.,Mac
apkpure-1006,OBDocker OBD2 Car Scanner,10.0,Free Auto & Vehicles,Motorsure INC.,Android 7.0+
aptoide-0561,MLB 9 Innings 25,3.9,Sports Games,MLB 9 Innings 25,7.1+
apkpure-0995,Waveful,10.0,Free Social,Waveful,Android 7.0+
apkpure-1644,Home Games Sports Air Hockey Challenge,9.1,Free Sports Game,mobirix,Android 6.0+
appbrain-0758,Kids Preschool Puzzles,4.77,Educational,Kids Preschool Puzzles,Android Apps
appbrain-1424,Optik Seis,5.00,Shopping,3.5.2,Android Apps
aptoide-0045,FNaF World 4.4 - 4.4.4+,4.1,Others,FNaF World,4.4 - 4.4.4+
aptoide-1149,Игра машины в городе SBlazer Official 7.1+,5.0,Racing,Игра машины в городе,7.1+
appagg-0985,Paint by Number: Coloring Game,5,Board,Oakever Games,Android Apps
cnet-0458,AnyUTube,User Rating | User Rating,Internet Software,Trial version,Android
apkpure-1760,"WiFi Map・Internet, eSIM Travel",8.9,Free Travel & Local,WiFi Map LLC,Android 7.0+
cnet-1952,CleanUp smb mess,User Rating | User Rating | User Reviews,Internet Software,Marco Balestra,Mac
appbrain-0720,EducUp - Aprende fácil,4.83,Educational,3.9.3,Android Apps
appbrain-0249,imo-International Calls & Chat,4.39,Communication,2025.05.1151,Android Apps
cnet-1958,ForkLift for Mac,User Rating | User Rating,Internet Software,Dandre,Mac
aptoide-1579,Bigo Live,4.3,Social,Bigo Live,7.0+
apkpure-1916,FaceApp Perfect Face Editor,7.9,Free Photography,FaceApp Technology Ltd,Android 9.0+
appbrain-0061,AlertaGol - Resultados Futebol,4.58,Sports,TorAlarm GmbH,Android Apps
appbrain-0108,Townscapes: Farm&City Building,3.84,Casual,1.46.3,Android Apps
apkpure-1357,Video Game ACTDUCK GAMES 2.9.2 Trusted,9.5,Free Arcade Game,ACTDUCK GAMES,Android 6.0+
cnet-0835,Living Wine Labels,User Rating | User Rating,Maps,Treasury Wine Estates Vintners Limited,Android
aptoide-1304,Magic Piano Tiles 3,2.9,Music,Pult Games,4.2.x+
cnet-1672,LiSA for Mac,User Rating | User Rating,Communications,The Liquid Information Company Limited,Mac
appagg-0621,imo beta -video calls and chat,5,Communication,imo.im,Android Apps
aptoide-0883,Forge Shop - Business Game,5.0,Simulation,Forge Shop - Business Game,6.0+
apkpure-0572,Ninja Arashi,9.3,Games,Black Panther,Android 6.0+
appbrain-1590,Happy Newyear Greetings,4.88,Photography,RamkumarApps,Android Apps
cnet-1465,MRewards for iOS,User Rating | User Rating,Social Networking Software,row27 Mobile,iOS
appagg-0774,"Minecraft: Dream it, Build it!",5,Arcade,Mojang,Android Apps
cnet-1959,VTubeGo Video Downloader,Trial version,Internet Software,vTube Technology Company,Mac
cnet-0935,APKTime for Android,User Rating | User Rating,Utilities & Tools,APKTime,Android
apkpure-1080,KAKE First Alert Weather,,Free Weather,Lockwood Broadcast Group,Android 9.0+
appagg-1964,Toasterball,,Other,Les Crafteurs,Steam Games
appagg-1249,Idle Lumber Empire: Tycoon Inc,,Simulation,AppQuantum,Android Games
appbrain-1094,Weight Loss for Men: Workout,4.93,Health & Fitness,EZ Health,Android Apps
aptoide-0073,Messages Trusted 11+,4.1,Art & Design,Lucky Patcher 3,11+
appbrain-1163,FLEX Carsharing,5.00,Maps & Navigation,CFL Mobility SA,Android Apps
appbrain-1471,LASOO - Online Shopping Deals,5.00,Shopping,IVE Group,Android Apps
apkpure-1195,Home Games Sports Shooting Ball,10.0,Games,7788`s,Android 6.0+
cnet-1262,Rogue Connect - (Hoover Home) for iOS,User Rating | User Rating,Entertainment Software,Rogue Connect - (Hoover Home),iOS
aptoide-0453,Carrom Champion mobirix Official 4.1.x+,1.5,Sports Games,Carrom Champion,4.1.x+
apkpure-2013,Fonty Draw and Make Fonts,7.8,Photo and Video Apps,Photo and Video Apps,Android 4.4+
appagg-0004,Messenger,5,Communication,"Meta Platforms, Inc.",Android Apps
cnet-0679,Launcher - Galaxy J7 Prime Pro 2017 New Version,5,Screensavers & Wallpaper,SoFit Mobile Inc.,Android
appbrain-0367,iLMeteo Light: meteo basic,5.00,Weather,1.59.1,Android Apps
appagg-1024,Johnny Trigger: Action Shooter,,Action,SayGames Ltd (282),Android Games
apkpure-0483,Knives Out,8.2,Free Adventure Game,NetEase Games,Android 5.0+
cnet-0046,Howdy Trojan VPN,User Rating | User Rating,Communications,TheHoster,Android
cnet-0710,WhatzTrack APK for Android,User Rating | User Rating,Security Software,Whatztrack,Android
apkpure-1784,LINE MAN,8.7,Free Food & Drink,LINE MAN CORPORATION PTE. LTD.,Android 6.0+
appagg-1352,Kritika: The White Knights,5,Role Playing,Com2uS Holdings,Android Games
apkpure-1991,Fast&Grand: Car Driving Game,9.5,Free Racing Game,Candy Gaming,Android 5.1+
appagg-1481,Nintendo,,Simulation,G-MODE,Steam Games
appagg-1198,Lep's World 2,5,Arcade,nerByte GmbH,Android Games
appbrain-1092,Finch: Self-Care Pet,4.92,Health & Fitness,3.73.25,Android Apps
appagg-1347,Agent Hunt – Hitman Shooter,,Action,Homa,Android Games
appagg-0532,Apple Podcasts,,Entertainment,Apple,Android Apps
aptoide-1527,Color Switch Up-All best cool brain ball game.Download free addicting adventure arcade,1.5,Brain & Puzzle >,Vijay Sachan,4.1.x+
aptoide-0370,Granny Grandpa House Horror,3.0,Adventure,Granny Grandpa House Horror,4.1.x+
appbrain-1796,Swadeshi - Indian Brands and P,5.00,Social,BitYantra Innovations,Android Apps
appagg-1335,Clean Road,,Simulation,SayGames Ltd (282),Android Games
cnet-2068,Wake Up for Mac,User Rating | User Rating,Screensavers & Wallpaper,Matthieu Riolo,Mac
aptoide-1839,Orion TV,4.4,Media & Video,Orion TV,7.0+
apkpure-2184,Pixel Art Color with Pixels,,Free Art & Design,iKU Studio,Android 6.0+
apkpure-0287,Major League Paintball +,,Free Sports,Go Sports Media LLC,Android 5.0+
appbrain-0777,Amino Acid Quiz,4.77,Educational,Atlas Educational Software,Android Apps
appbrain-0851,English Vietnamese Dictionary,5.00,Books & Reference,NDT,Android Apps
appagg-0197,Prime Video,5,Entertainment,Developer: Amazon Mobile LLC (50),Platforms:
cnet-0004,Vcs Acak Bar for Android,User Rating | User Rating,Communications,Maxi Corp,Android
cnet-1781,MathTools for Mac,User Rating | User Rating,Reference Software,BlacksSoftware,Mac
aptoide-2153,TimeTeller TV,3.0,Entertainment,TimeTeller TV,2.3 - 2.3.2+
appagg-1947,Apple Slash,,Action & Adventure,Agelvik,Steam Games
apkpure-1336,Touchgrind BMX 2,8.3,Free Sports Game,Illusion Labs,Android 7.0+
appbrain-0185,Device Care,4.07,Tools,"Device Care Samsung Electronics Co., Ltd.",Android Apps
appbrain-2000,Sydney Roosters,5.00,Sports,NRL Digital,Android Apps
aptoide-1244,Merkur24 – Slots & Casino,4.7,Casino,Merkur24 – Slots & Casino,7.1+
appagg-1096,"Cash, Inc. Fame & Fortune Game",5,Simulation,Lion Studios Plus (42),Android Games
aptoide-1455,Shoot Billiard Balls Vtim Games Official 4.2.x+,-,Brain & Puzzle >,Shoot Billiard Balls,4.2.x+
apkpure-1539,Motivation Daily quotes,8.7,Free Health & Fitness,Monkey Taps LLC,Android 8.0+
cnet-0017,Live Chat Video Call-Whatslive,User Rating | User Rating,Communications,Live Chat.Video Chat,Android
appagg-1801,I'm a love interest in my childhood friend's reverse harem!!!,,Classics,WitPOP,Steam Games
cnet-0742,MSYNCH,User Rating | User Rating,Security Software,MSYNCH,Android
cnet-1983,Microsoft Office 2004,User Rating | User Rating | User Reviews,Productivity Software,Microsoft,Mac
cnet-1682,LimeChat for Mac,User Rating | User Rating,Communications,Limechat,Mac
apkpure-0223,Smart Door,,Free House & Home,SMART DOOR TECHNOLOGIES PRIVATE LIMITED,Android 8.0+
appbrain-0721,Punjabi Spelling Word Game,4.92,Educational,Albatross Singh,Android Apps
appagg-1753,Lexify™ Play 'n Read,5.0,Education,Creation Fitness,iOS Apps
aptoide-2031,1DM,4.6,Tools,"Adblock Browser, Video & Torrent Downloader",4.0.1 - 4.0.2+
appbrain-1642,F30 Car Racing Drift Simulator,5.00,Racing,Clap Games,Android Apps
apkpure-1660,Survival Unknown Battle Royal,9.1,Free Action Game,ProGames3D,Android 6.0+
aptoide-1785,Contacts,4.5,Sports >,Contacts,11+
appbrain-0622,Can you escape Hidden Ryokan,4.83,Adventure,ArtDigic,Android Apps
aptoide-0170,Stick War Legacy Max Games Studios Trusted 7.1+,4.6,Strategy,Stick War,7.1+
apkpure-0702,Home Games Casual Duet Cats,10.0,Free Casual Game,AMANOTES PTE. LTD.,Android 7.0+
apkpure-2054,Lj Video Downloader,10.0,Free Video Players & Editors,Leav Jenn,Android 6.0+
apkpure-0536,Moto Max Bike Racing Games 3D,,Free Racing Game,Terafort IEG,Android 5.1+
aptoide-1784,New Uc browser Pro 2020 - Secure and Fast,2.0,Communication >,Ethical Hacker LLC,4.4 - 4.4.4+
cnet-0206,Petal Health APK for Android,User Rating | User Rating,Educational Software,Petal Health,Android
cnet-0463,TruckerSucker gay dating truck drivers & truckers for Android,User Rating | User Rating,Social Networking Software,NUTSWORLDWIDE,Android
appbrain-0090,Manchester United Official,4.61,Sports,11.0.36,Android Apps
apkpure-1399,Xtreme Motorbikes,9.2,Free Racing Game,Xtreme Games Studio,Android 5.1+
apkpure-1061,Ediag,,Free Auto & Vehicles,"THINKCAR TECH CO., LTD,",Android 5.0+
apkpure-0412,Moe! Ninja Girls/Sexy School,6.9,Games,NTT SOLMARE CORPORATION,Android 8.0+
apkpure-0439,AirVid,,Free Photography,PIXOCIAL LABS PTE. LTD.,Android 7.0+
cnet-0180,Smart Wristband,User Rating | User Rating,Educational Software,Shenzhenshi JinJiaTai Technology,Android
appbrain-1360,FF Logo Maker & Gaming Logo,4.80,Art & Design,FF Logo Maker & Gaming Logo,Android Apps
aptoide-0440,Winner Soccer Evolution TouchTao Trusted 5.1+,4.3,Sports Games,Winner Soccer Evolution,5.1+
appagg-0962,Candy Crush Friends Saga,3.5,Casual,King,Android Apps
appagg-0261,Shopee PH: 6.6-7.7,,Shopping,Shopee,Android Apps
aptoide-1526,Tetris Vector Sas Games Trusted 1.5+,2.0,Brain & Puzzle >,Tetris Vector,1.5+
appagg-0445,Talking Angela,5,Entertainment,Outfit7 Limited,Android Apps
apkpure-1981,Baby Panda World,8.1,Free Educational Game,BabyBus,Android 5.0+
appagg-0889,World Soccer League,5,Sports,MOBIRIX,Android Apps
aptoide-1833,"AZ Screen Recorder - Video Recorder, Livestream AZ Screen Recorder Official",4.2,Media & Video,"AZ Screen Recorder - Video Recorder, Livestream",5.1+
cnet-2169,X-VPN for Mac,User Rating | User Rating,Security Software,Free Connected,Mac
appbrain-1286,Poster Maker - Flyer Maker,4.88,Art & Design,Maxlabs Graphic Design Tools,Android Apps
cnet-1337,Call of Mini Zombies for iOS,User Rating | User Rating,Arcade Games,Triniti Interactive,iOS
appagg-2012,Globesweeper: Hex Puzzler,,Classics,Incandescent Games,Android Games
aptoide-1125,pink car game Deniz UNAY Official 2.3 - 2.3.2+,3.5,Racing,pink car game,2.3 - 2.3.2+
appbrain-2021,North Queensland Cowboys,5.00,Sports,North Queensland Cowboys,Android Apps
appagg-0534,Holy Bible,5,Books & Reference,Mobidic (4),Android Apps
appbrain-0282,TikTok,4.49,Video Players & Editors,40.1.4,Android Apps
appbrain-0459,Wild Battle Arena Beast War,5.00,Action,Dexus Wild,Android Apps
appagg-1160,Golf Battle,4.2,Sports,Miniclip.com (70),Android Games
cnet-0310,Like - Free Followers Likes for tiktok,User Rating,Entertainment Software,Ha Xinh Gai,Android
aptoide-2294,J&T Express Indonesia PT. Global Jet Express Trusted 7.1+,4.3,Business,J&T Express Indonesia,7.1+
apkpure-1560,Brainrot Funny Prank Call,,Free Entertainment,Coconut Game,Android 7.0+
appagg-0489,Credit One Bank Mobile,,Finance,"Credit One Bank, N.A.",iOS Apps
appagg-0328,easypaisa – a digital bank,3.5,Finance,Developer: Telenor Microfinance Bank Limited (3),Android Apps
aptoide-1898,Browser video download MANDROID 01 Official 4.1.x+,2.1,Media & Video,Browser video download,4.1.x+
cnet-1436,ASKfm - Ask Me Anonymous Questions for iOS,User Rating | User Rating,Social Networking Software,Ask.fm,iOS
cnet-0909,mSpy for Android,User Rating | User Rating,Utilities & Tools,mSpy,Android
aptoide-0022,Survivalcraft,3.6,Action,Survivalcraft,4.1.x+
aptoide-1416,Arcaea,4.4,Music,Arcaea,5.1+
cnet-0462,WonTube,User Rating | User Rating,Internet Software,WonTube,Android
appagg-1833,FoxVoltex,,Action & Adventure,AnelaGamesStudio (13),Steam Games
appagg-0935,Sudoku.com - Classic Sudoku,,Puzzle,Easybrain,Android Apps
aptoide-2046,Samsung Members,4.0,Tools,Samsung Members,10+
aptoide-0858,My Cooking Restaurant Game gameone Trusted 7.1+,4.5,Arcade,Restaurant Game,7.1+
aptoide-2146,FPT Play for Android TV Công Ty Cổ Phần Viễn Thông FPT Official 7.0+,4.0,Entertainment,FPT Play for Android TV,7.0+
appbrain-0792,Islampedia Quran Belajar,5.00,Books & Reference,1.7.3,Android Apps
aptoide-1374,Electronic organ LATIVM Official 4.1.x+,-,Music,Electronic organ,4.1.x+
aptoide-0579,Kicktipp - The predictor game kicktipp GmbH Trusted 8.1.0+,-,Sports Games,Kicktipp - The predictor game,8.1.0+
apkpure-1219,FanDuel Sportsbook,,- & More!,FanDuel,Android 7.0+
appagg-1223,The Walking Dead: Survivors,,Strategy,Galaxy Play Technology Limited (13),Android Games
cnet-1447,Hangouts for iOS,User Rating | User Rating,Social Networking Software,Google,iOS
appagg-1229,Pocket Love,,Simulation,HyperBeard,Android Games
cnet-2158,Earth for Mac,User Rating | User Rating,Screensavers & Wallpaper,By Onemac.net,Mac
appagg-1541,Nintendo,,Action & Adventure,Forever Entertainment (118),Android Games
cnet-0238,Poppy Playtime 3 Guide,User Rating | User Rating,Entertainment Software,yuuma android,Android
appagg-1303,Critical Strike CS: Online FPS,,Action,Vertigo Games,Android Games
appbrain-1394,Doodle Master - Glow Art,4.73,Art & Design,Happy coloring,Android Apps
apkpure-0980,Beach Buggy Racing 2,8.5,Free Racing Game,Vector Unit,Android 6.0+
cnet-2084,Suitcase Fusion 9,User Rating | User Rating,Screensavers & Wallpaper,Extensis,Mac
aptoide-0973,Alphard Car Game Simulator 3D Nit'X Games Official 7.0+,-,Simulation,Alphard Car Game Simulator 3D,7.0+
aptoide-2175,Visha-Video Player All Formats,5.0,Video Players & Editors,Visha-Video Player All Formats,7.1+
apkpure-0845,Simple Scan - PDF Scanner,9.9,Free Business,Easy inc.,Android 6.0+
aptoide-0428,ألعاب أطفال,-,Adventure,ألعاب أطفال,5.1+
appbrain-1461,Bilômetro,5.00,Shopping,Bilômetro,Android Apps
appbrain-1162,Singapore Train Map (Offline),5.00,Maps & Navigation,1.0.125,Android Apps
apkpure-1206,invideo AI Video Generator,8.4,Free Video Players & Editors,invideo INC,Android 9.0+
cnet-2137,EasyEnvelopes,User Rating | User Rating,Screensavers & Wallpaper,Ambrosia Software,Mac
appagg-1001,Diablo Immortal,5,Role Playing,"Blizzard Entertainment, Inc.",Android Apps
aptoide-2132,HD VideoBox elefant Official 4.1.x+,4.3,Entertainment,HD VideoBox,4.1.x+
appagg-0796,Toon Blast,5,Puzzle,Peak,Android Games
appbrain-0885,Full Screen Video Status,5.00,Entertainment,videostatus studio,Android Apps
cnet-0334,Shinobu - Sweet time,User Rating | User Rating,Simulation,Sarah Marie Hill,Android
appagg-0557,Grab Driver: for Partners,5,Maps & Navigation,Grab Holdings,Android Apps
apkpure-0481,AI Resume Builder - CV Maker,,Free Business,Pentabit Apps,Android 7.0+
cnet-0149,Best Kegel Exercise for Men Offline Free for Android,User Rating | User Rating,Educational Software,Seven Sport Squad,Android
apkpure-1998,Single Plane Academy,,Free Social,Mighty Networks,Android 7.1+
apkpure-1387,Node Video - Pro Video Editor,7.0,Free Video Players & Editors,Shallway Studio,Android 7.0+
appbrain-0994,Vigilantes do Sono,5.00,Health & Fitness,Vigilantes do Sono,Android Apps
apkpure-1136,mPaisa Games & Earn Money,10.0,Free Entertainment,MyGames Developers,Android 8.0+
apkpure-0939,Napper Baby Sleep & Parenting,,"Baby tracker for sleep, breastfeeding, solids & more",Napper,Android 7.0+
cnet-1087,Disney Stickers: Gravity Falls for iOS,User Rating | User Rating,Communications,Disney,iOS
apkpure-2186,Kodi,8.7,Free Video Players & Editors,Kodi Foundation,Android 5.0+
appagg-0437,Web Video Cast,,Video Players & Editors,InstantBits Inc,Android Apps
aptoide-2341,Resume Builder CV Maker Thennakam Official,-,Business,Resume Builder CV Maker,7.0+
appagg-0177,Audible: Audio Entertainment,5,Books,"Audible, Inc.",Android Apps
aptoide-0466,Shooting Ball - Billiards 7788`s Trusted 7.0+,4.2,Sports Games,Shooting Ball - Billiards,7.0+
appagg-0462,Hotels.com: Travel Booking,5,Travel,Hotels.com,iOS Apps
apkpure-0750,Home Games Sports Real Football Champions League,7.0,Free Sports Game,Hammad Ali,Android 6.0+
appbrain-1402,Dreampot,5.00,Shopping,6.5.0,Android Apps
appagg-0652,bKash,,Finance,bKash Limited,Android Apps
apkpure-2244,Bible Offline-KJV Holy Bible,10.0,Free Books & Reference,Bíblia Offline,Android 6.0+
appagg-0897,CSR Racing,5,Racing,Zynga,Android Games
appbrain-1139,幸福公路,5.00,Maps & Navigation,幸福公路,Android Apps
appbrain-0812,Russian Tajik Translator,5.00,Books & Reference,GK Apps,Android Apps
appagg-0129,YouTube Music,4.5,Music & Audio,Google LLC,Android Apps
aptoide-0796,الكرة المرحة 2020 wiiwii Official 4.1.x+,-,Arcade,الكرة المرحة 2020,4.1.x+
cnet-1124,Game Cheater -unlimited cheats for iOS,User Rating | User Rating,Reference Software,Zubaida Ibrahim,iOS
aptoide-0803,Royal Zuma Deluxe Rendra Setya Kurniawan Official 4.0.1 - 4.0.2+,1.4,Arcade,Royal Zuma Deluxe,4.0.1 - 4.0.2+
appagg-1871,SKYHILL: Black Mist,,Action & Adventure,Mandragora,Steam Games
appagg-0712,My Talking Tom,5,Casual,Outfit7 Limited,Android Apps
aptoide-0933,Monorail Simulator 3D Multi Touch Studios Official 6.0+,3.8,Simulation,Monorail Simulator 3D,6.0+
apkpure-1640,Farm Frenzy: classic farm game,9.8,Free Simulation Game,HeroCraft Ltd.,Android 8.0+
cnet-2195,iMyFone Lockwiper for Mac,Trial version,Security Software,iMyfone Technology,Mac
apkpure-0186,PERPLAY Earn Money & Coin,,Free Entertainment,PERPLAY,Android 7.1+
aptoide-1157,Cars Arena Fast Race 3D Ararat Games Trusted 7.0+,5.0,Racing,Cars Arena,7.0+
aptoide-0109,Hammer 3D San Andreas Truls Kenneth Official 2.3 - 2.3.2+,3.8,Action,Hammer 3D San Andreas,2.3 - 2.3.2+
apkpure-1582,Mini Car Racing Game Legends,10.0,Free Racing Game,GAMEXIS,Android 5.0+
aptoide-1058,Concept Car Racing Dinossauro Games Official 4.1.x+,-,Racing,Concept Car Racing,4.1.x+
apkpure-1291,Highway Drifter: Hajwala Drift,10.0,Free Racing Game,Mad Hook,Android 8.0+
apkpure-0672,YP - The Real Yellow Pages,10.0,Free Travel & Local,Yellowpages,Android 6.0+
apkpure-1227,Pepi House,8.4,Free Educational Game,Pepi Play,Android 6.0+
aptoide-1014,OTR Offroad Car Driving Game,4.6,Racing,Offroad Car Driving Game,4.1.x+
aptoide-1802,Plus Messenger,4.6,Communication >,Plus Messenger,4.4 - 4.4.4+
appagg-0200,Weather - The Weather Channel,5,Weather,The Weather Channel Interactive,iOS Apps
cnet-2275,Hostelworld,User Rating | User Rating,Maps,Web Reservations International,Mac
cnet-0117,Telugu Bible Plus for Android,User Rating | User Rating,Reference Software,Bible India,Android
cnet-1371,Robot Unicorn Attack 2,User Rating | User Rating,Action Games,Adult Swim,iOS
aptoide-1235,Shadow Fight Nightfall Combat,2.3,Casino,Shadow Fight Nightfall Combat,7.0+
apkpure-0505,Makeup Stylist Makeup Game,9.7,Free Simulation Game,Gametertain,Android 5.0+
aptoide-1730,Telegram Trusted 4.4 - 4.4.4+,5.0,Communication >,Telegram,4.4 - 4.4.4+
appagg-0925,Vlogger Go Viral: Tuber Life,5,Strategy,Tapps Games,Android Games
cnet-1835,The Binding of Isaac: Rebirth,User Rating | User Rating,Action Games,"Nicalis, Inc.",Mac
appagg-0618,adidas Running: Run Tracker,5,Health & Fitness,Developer: Adidas Runtastic (1),Platforms:
aptoide-0053,Special Forces Group 2,4.4,Action,Special Forces Group 2,5.1+
appbrain-1560,AI BG Remove,5.00,Photography,Smart Dev Group,Android Apps
appbrain-1174,Fuel Fare,5.00,Maps & Navigation,,Android Apps
appbrain-0036,ZiFast VPN,4.56,Tools,Lamaah,Android Apps
cnet-0229,ALTBalaji,User Rating | User Rating,Entertainment Software,ALT Digital Media Entertainment,Android
apkpure-1130,,,Free Events,Nikanomi,Android 5.0+
cnet-1938,Grids - For Instagram for Mac,User Rating | User Rating,Social Networking Software,ThinkTime Creations,Mac
aptoide-0116,Temple Run 2 Imangi Studios Trusted 6.0+,4.4,Action,Temple Run 2,6.0+
appagg-0478,Music Player - MP3 Player,,Music & Audio,Red Sky Labs,Android Apps
appbrain-1093,Millionaire Hoy Pro,4.97,Health & Fitness,Millionaire Hoy,Android Apps
cnet-0786,"VPN Proxy Hotspot Master, VPN Shield Free",User Rating | User Rating,Security Software,Oroappx,Android
aptoide-0644,Sudoku Alcamasoft Official 4.0.3 - 4.0.4+,4.4,Puzzle,Sudoku,4.0.3 - 4.0.4+
apkpure-0212,Somnia,,Free Action Game,Altay‎‎ Games,Android 6.0+
aptoide-2411,GoPay,5.0,Finance,GoPay,5.1+
appagg-1784,Palindrome Syndrome: Escape Room,,Action & Adventure,mc2games,Steam Games
appbrain-1416,IKEA Indonesia,5.00,Shopping,3.5.2,Android Apps
appbrain-0066,R.E.C.O.N. Mobile Game,1.48,Adventure,R.E.C.O.N. Mobile Game,Android Apps
apkpure-2023,Megadealer,,Free Photography,Spyne,Android 5.0+
appbrain-1221,Trainline: Train travel Europe,4.82,Maps & Navigation,trainline,Android Apps
appagg-1644,Temple Of Snek,,Action & Adventure,Pixeljam,iOS Games
appagg-1385,Gunship Strike 3D,5,Action,Candy Mobile,Android Games
appagg-2032,URO2,,Action & Adventure,AnelaGamesStudio (13),Steam Games
apkpure-1248,Archery Release Trainer,,Free Sports,Educatesoft,Android 4.0.3+
cnet-1842,Desktop Goose for Mac,User Rating | User Rating,Simulation,samperson,Mac
appagg-0220,Grubhub: Food Delivery,,Food & Drink,GrubHub.com,iOS Apps
aptoide-0517,Infinity 8 Ball™ Pool King,5.0,Sports Games,Infinity 8 Ball™ Pool King,7.0+
aptoide-1473,"Tasks Mathematics 1, 2, Class for Children Digits-Score",1.6,Brain & Puzzle >,"Tasks Mathematics 1, 2, Class for Children Digits-Score",4.1.x+
apkpure-0255,Rain - Weather Forecast,,Free Weather,I.P.Apps,Android 8.0+
apkpure-0053,Thug Fighter,,Free Action Game,H3T STORE,Android 7.0+
aptoide-1606,Followers & Unfollowers for instagram analyzer,5.0,Social,Followers & Unfollowers for instagram analyzer,4.4 - 4.4.4+
aptoide-1250,Roulette,-,Casino,Roulette,7.0+
appagg-0942,Modern Strike Online: War Game,5,Action,Azur Interactive Games Limited,Android Games
