filename,title,location,price,area,bedrooms,bathrooms
realestate-1053,"Heritage Charm Meets Modern Convenience 160 MELVILLE STREET, HOBART","160 Melville Street, Hobart, Tas 7000 3 ","Offers over $975,000",161m² •,3,2
propertyguru-0519,The Reef at King's Dock,16 Harbourfront Avenue,"S$ 1,350,000",538,1,1
realtor-0612,House for sale | House for sale,"614 E 122nd St, Los Angeles, CA 90059","$695,000","1,274",3,2
zillow-0030,For sale | For sale | For sale | For sale,"6 Horizon Rd APT 2402, Fort Lee, NJ 0702","$248,800",--,3,3
zillow-1493,New | New | New,"5748 N Lansing Ave, Chicago, IL 60646","$450,000","2,031",3,2
propertyguru-0469,"Cheap! Jalan Gelenggang, Regular Plot Suited for rebuild!",Jalan Gelenggang,"S$ 4,200,000","2,623",3,0
rightmove-0955,Equestrian facility for sale in Summerbridge,"Summerbridge, Harrogate, North Yorkshire","£2,350,000",Freehold,8,3
realtor-2053,Land for sale | Land for sale,"32 Pyrenees Cir, Hot Springs Village, AR","$8,000",0.26,Studio,
zillow-1589,For sale by owner,"6929 Hubbard Dr, Dayton, OH 45424","$290,000","2,048",4,3
zillow-0516,See all 59 photos,"513 Matthews Ln, Waterloo, IL 62298","$350,000","3,114",3,3
realtor-0386,House for sale | House for sale,"21 Rivers Dr, Great Neck, NY 11020","$1,690,000","2,705",5,3
zillow-1725,For sale | For sale | For sale | For sale,"9301 S Grace Dr, Oklahoma City, OK 73159","$198,000","1,669",3,2
realtor-1286,Coming soon,"3283 Sand Ct, Melbourne Beach, FL 32951","$370,000","1,148",2,1.5
realtor-1461,For rent | For rent | For rent | For rent | For rent,,"$1,501 - $2,086","784 - 1,456",1 - 4,1 - 2
propertyguru-0070,Daintree Residence,11B Toh Tuck Road,"S$ 1,430,000",710,2,2
propertyguru-0795,348B Yishun Avenue 11,348B Yishun Avenue 11,"S$ 798,000",990,3,2
rightmove-0034,7 bedroom house for sale in Elsworthy Road,"Elsworthy Road, St John's Wood, London, ","£24,000,000",Freehold,7,8
rightmove-1620,4 bedroom detached house for sale in Haslemere Road,"Haslemere Road, Long Eaton","£685,000",Freehold,4,4
propertyguru-1908,Southkey Mosaic,"Jalan Bakar Batu, Kem Majidee, Johor Bah","RM 618,000","1,465",4,3
realtor-0763,House for sale | House for sale,"3054 Field Ave, Los Angeles, CA 90016","$1,249,000","1,475",3,2
propertyguru-0021,Stirling Residences,23 Stirling Road,"S$ 1,538,888",635,2,1
rightmove-2093,3 bedroom house for sale in Calshot Court,"Calshot Court, Ocean Village, SO14","£599,999",Ask agent,3,4
realtor-0635,Multi-family home for sale | Multi-family home for sale | Multi-family home for sale | Multi-family home for sale,"660 W 94th St, Los Angeles, CA 90044","$950,000","1,780",7,3
realestate-0225,"Neat, Modern and Easy to Maintain 3/20 BIMBURRA ROAD, GLENORCHY","3/20 Bimburra Road, Glenorchy, Tas 7010","Buyers $540,000 - $580,000*",80m² •,2,1
realtor-0870,House for sale | House for sale,"4350 Abele Cv, Olive Branch, MS 38654","$457,900","3,440",5,2.5
realestate-0271,"Sophisticated city living with sublime views 6202/135 A'BECKETT STREET, MELBOURNE","6202/135 A'Beckett Street, Melbourne, Vi","$625,000 - $650,000",,2,2
propertyguru-1900,Setapak Indah,"Jalan 8D/x, Setapak, Kuala Lumpur","RM 590,000","1,760",4,2
realestate-0290,"Luxury Sky-High Living in the Heart of Melbourne 2710/228 LA TROBE STREET, MELBOURNE","2710/228 La Trobe Street, Melbourne, Vic","$540,000-$570,000",,2,1
realtor-1716,Condo for sale | Condo for sale,"4358 Timuquana Rd Unit 205, Jacksonville","$165,000",809,2,1
realestate-1778,Contact agent for address,"CBD Waterfront, Brisbane City, Qld 4000 ",,,2,2
propertyguru-0509,Verified Listing,17 Woodlands Avenue 6,"S$ 2,099,999","1,593",4,4
realestate-1069,"MODERN SOPHISTICATION & FAMILY FOCUSED DESIGN 45 PACIFIC DRIVE, MOOROOLBARK","45 Pacific Drive, Mooroolbark, Vic 3138","$1,195,000 - $1,265,000",643m² •,4,2
rightmove-1533,5 bedroom detached house for sale in Melton Road,"Melton Road, West Bridgford, Nottingham,","£769,995",Ask developer,,5
zillow-1659,For sale by owner,"8029 Robinson St, Overland Park, KS 6620","$285,000","1,100",3,1
realestate-0335,"Seperate Titled Everyday Comfort in the Heart of Ngunnawal 74B FERGUSON CIRCUIT, NGUNNAWAL","74B Ferguson Circuit, Ngunnawal, ACT 291","$769,000+",354.6m² •,3,2
realestate-1124,"The Wilmot Street Home... 41 WILMOT STREET, THE NARROWS","41 Wilmot Street, The Narrows, NT 0820","Price Guide $687,000",951m² •,3,1
rightmove-0408,4 bedroom bungalow for sale in Hall Road East,"Hall Road East, Liverpool, Merseyside, L","£830,000",Freehold,4,2
realestate-0978,"Exquisite Contemporary Full Brick Concrete masterpiece in St Ives 6 MUNGARRA AVENUE, ST IVES","6 Mungarra Avenue, St Ives, NSW 2075","Auction- Price Guide $5,500,000",864m² •,5,5
rightmove-1464,14 bedroom property for sale in Silverdale Mews,Silverdale Mews,"£900,000",Freehold,14,6
rightmove-1336,6 bedroom detached house for sale in Middlepark Drive,"Middlepark Drive, Northfield, Birmingham","£695,000",Freehold,6,3
rightmove-2099,3 bedroom house for sale in Pacific Close,"Pacific Close, Ocean Village, Southampto","£595,000",Ask agent,3,3
rightmove-0843,64 bedroom house for sale in Coney Street,"Coney Street, York City Centre, York","£4,950,000",Freehold,64,
realestate-0487,"At home in Crace - Where Prestige Meets Community 22 MARANUNGA CRESCENT, CRACE","22 Maranunga Crescent, Crace, ACT 2911","$840,000+",,3,2
realestate-0085,"Rare Large 1 Bedroom Apartment with Uninterrupted Views 3508/285 LA TROBE STREET, MELBOURNE","3508/285 La Trobe Street, Melbourne, Vic","$355,000 - $365,000",53m² •,1,1
realtor-1565,House for sale | House for sale,"4434 Bass St, Tampa, FL 33617","$440,000","2,024",4,3
realestate-1098,"The boxes ticked. 85 BINGLEY CRESCENT, FRASER",85 Bingley Crescent,Auction 07/06/2025,,4,2
rightmove-1576,4 bedroom detached house for sale in Roe Hill,"Roe Hill, Woodborough, Nottingham","£725,000",Freehold,4,3
realtor-1885,House for sale | House for sale,"11 Blue Mountain Dr, Maumelle, AR 72113","$335,000","1,991",3,2
rightmove-0610,3 bedroom apartment for sale in Deansgate,"Deansgate, Manchester, M3","£1,250,000",Ask agent,3,3
realestate-0188,"Premium Town House in a Premium Complex in a Premium Suburb 20/57 NEWMAN MORRIS CIRCUIT - HILLTOP VIEWS, OXLEY",20/57 Newman Morris Circuit - Hilltop Vi,"$800,000+",161m² •,3,2
zillow-1398,For sale | For sale | For sale | For sale,"4610 Heritage Rd, Ozark, AR 72949","$249,900","2,283",4,2
realestate-1397,"Opportunity Knocks 2/43 CONSTITUTION AVENUE AVENUE, REID","2/43 Constitution Avenue, Reid, ACT 2612","$490,000+",,1,1
rightmove-0841,Land for sale in Paddock House Lane,"Paddock House Lane, Sicklinghall, Wether","£5,000,000 Business rates & charges may apply View brochure",Ask agent,,
realestate-1572,Ideal Family Home or Investment 11 SOMERTON CRESCENT,Derwent Park,"Offers Over $520,000",971m² •,3,1
rightmove-0825,3 bedroom detached house for sale in Broad Lane,"Broad Lane, Cawood Common, Selby","£625,000",Freehold,3,2
propertyguru-0218,Wandervale,802 Upper Bukit Timah Road,"S$ 2,366,000","1,163",3,3
realtor-1137,Pending | Pending | Pending | Pending,"2010 Constitution Dr, Iuka, MS 38852","$139,000","2,100",3,3
rightmove-1556,4 bedroom detached house for sale in Manor Park,"Manor Park, Ruddington, Nottingham","£750,000",Freehold,4,1
propertyguru-0568,87 Telok Blangah Heights,87 Telok Blangah Heights,"S$ 800,000",969,3,2
realtor-1168,House for sale | House for sale,"121 Vinca Dr, Madison, MS 39110","$569,000","3,188",4,3.5
propertyguru-1450,"【PRIVATE LIFT】@ READY MOVE IN !! 1000sqft 590K, freehold,70% furnished","KLCC, KL City Centre, Kuala Lumpur","RM 379,000","1,044",4,2
realtor-1879,Land for sale | Land for sale,"Block 2 Lot 164, Wilshire Rd Fairfield B","$2,500",0.24,,
realestate-1290,"Exceptional Lifestyle Property – Spacious Family Home and Large Commercial Shed 295 ZIMIN DRIVE, KATHERINE","295 Zimin Drive, Katherine, NT 0850","$1,500,000",2.2ha •,5,2
rightmove-0549,3 bedroom detached house for sale in School Lane,"School Lane, Prescot, L34","£600,000",Freehold,3,2
realestate-0261,"Investment Opportunity With Instant Rental Return 15/2 PLAISTOW STREET, JOONDALUP","15/2 Plaistow Street, Joondalup, WA 6027","Offers Mid $600,000",,3,2
zillow-0087,For sale | For sale | For sale | For sale | Pending | Pending | Pending,"16 E 32nd St, Covington, KY 41015","$124,900","1,096",1,1
propertyguru-1430,Taman Bukit Kuchai,"Jalan 18, Puchong, Selangor","RM 1,360,000","4,000",6,6
propertyguru-0890,222 Lorong 8 Toa Payoh,222 Lorong 8 Toa Payoh,"S$ 525,000",883,3,2
zillow-1543,For sale | For sale | For sale | For sale,"6200 Broad Branch Rd NW, Washington, DC ","$1,997,500","3,448",5,4
realtor-0704,For rent | For rent | For rent | For rent | For rent,,"$4,245","1,150",2,2
propertyguru-1858,Sky Suites @ KLCC,"18 Jalan Pinang, KLCC, KL City Centre, K","RM 940,000",849,3,2
rightmove-0555,16 bedroom block of apartments for sale in Swan Street,"Swan Street, Manchester, Greater Manches","£3,200,000",Freehold,,16
zillow-0767,For sale | For sale | For sale | For sale,"1191 N Hillcrest Dr, Decatur, IL 62526","$99,900","1,824",3,2
realestate-0243,"Brand-new luxurious 3 bedroom-3 bathroom-2Carpark Waterfront Home with rear gate access to the walking path along river 2/106 STONY POINT DR, AUSTINS...","2/106 Stony Point Dr, Austins Ferry, Tas","Offers Over $888,000",370m² •,3,3
realestate-1632,"Charming Family Home in Kilmore 18 SUTHERLAND STREET, KILMORE","18 Sutherland Street, Kilmore, Vic 3764","$625,000 - $655,000",806m² •,3,1
realestate-1330,"Lap up the luxury and dream 48th floor views！ 4804/63 LA TROBE STREET, MELBOURNE","4804/63 La Trobe Street, Melbourne, Vic ","$1,850,000-$1,900,000",,3,2
zillow-0631,Under contract,"806 9th St SW, Massillon, OH 44647","$209,900","1,359",3,2
rightmove-1095,6 bedroom detached house for sale in Far Lane,"Far Lane, Hepworth, HD9","£1,650,000",Freehold,6,4
propertyguru-0012,Daintree Residence,11G Toh Tuck Road,"S$ 1,399,999",667,2,2
propertyguru-1181,16 mins to KLCC / TRX,"Taman Setiawangsa, Setiawangsa, Kuala Lu","RM 1,009,000","2,600",4,4
propertyguru-1568,Terrace house at Usj 9,"USJ 9, Usj 9, Subang Jaya, Selangor","RM 950,000","1,800",4,3
rightmove-1261,4 bedroom semi-detached house for sale in Serpentine Road,"Serpentine Road, Birmingham, B17 9","£795,000",Freehold,4,3
realtor-2096,Land for sale | Land for sale,"617 Highway 70 E, Glenwood, AR 71943","$350,000",4.11,Studio,2.5
zillow-1728,For sale by owner,"9336 Van Nuys Blvd UNIT 43, Panorama Cit","$349,000",898,2,2
rightmove-1282,Setting the pace in estate agency since 1936 We opened the doors to the first Connells branch more than 80 years ago and have since gone on to become...,"Newton Road, Great Barr, Birmingham","£750,000",Freehold,6,4
realestate-0244,"Gorgeous Family Home! 19 ELWICK DRIVE, CLYDE NORTH","19 Elwick Drive, Clyde North, Vic 3978 3","$659,000 - $699,000",,3,2
zillow-0904,For sale | For sale | For sale | For sale,"1707 Pennington Way, Nichols Hills, OK 7","$1,300,000","3,739",4,5
rightmove-0412,6 bedroom detached house for sale in Victoria Avenue,"Victoria Avenue, Crosby, Liverpool","£800,000",Freehold,6,3
realestate-0958,"Luxury living, enjoyable entertaining 17 LIMPOPO CRESCENT, SEVEN HILLS","17 Limpopo Crescent, Seven Hills, NSW 21",Inspection tomorrow 10:00 am View all,569.1m² •,4,3
rightmove-1099,5 bedroom terraced house for sale in St. Saviourgate,"St. Saviourgate, York, North Yorkshire, ","£1,650,000",Freehold,5,2
zillow-1133,For sale | For sale | For sale | For sale,"2775 South 53rd STREET, Milwaukee, WI 53","$259,900",912,3,2
zillow-1545,Active | Active | Active | Active,"6219 Perlita Dr, New Orleans, LA 70122","$549,000","2,908",4,3
realtor-0828,House for sale | House for sale,"1151 W 14th St, San Pedro, CA 90731","$1,425,000","2,728",4,2
zillow-0360,Pending | Pending | Pending | Pending,"230 N 2190th Rd, Lecompton, KS 66050","$250,000","1,554",3,1
propertyguru-1646,"Mahkota Hill, Bandar Mahkota Cheras","Bandar Mahkota Cheras, Cheras, Selangor","RM 1,150,000","4,000",7,6
propertyguru-1456,Veranda Residence,"Jalan Ikhlas, Johor Bahru, Johor","RM 569,000","1,023",3,2
rightmove-1529,9 bedroom terraced house for sale in Beech Avenue,"Beech Avenue, New Basford, Nottingham, N","£775,000",Freehold,9,9
propertyguru-0435,The Viridian,6 Jalan Ampas,"S$ 1,600,000",893,2,2
propertyguru-0586,501 Jelapang Road,501 Jelapang Road,"S$ 599,000","1,087",3,2
rightmove-1895,8 bedroom detached house for sale in Smith Street,"Smith Street, Beddgelert, Caernarfon, Gw","£825,000",Freehold,8,8
realtor-0551,Condo for sale | Condo for sale,"18350 Hatteras St Apt 132, Tarzana, CA 9","$450,000",870,2,2
zillow-1411,For sale | For sale | For sale | For sale,"4709 North 44th STREET, Milwaukee, WI 53","$199,900","1,454",3,2
propertyguru-0697,636 Woodlands Ring Road,636 Woodlands Ring Road,"S$ 1,000,000","1,528",3,3
rightmove-1164,5 bedroom detached house for sale in Beacon Lane,"Beacon Lane, Lickey, B45 9XN","£1,150,000",Leasehold,5,2
rightmove-1418,4 bedroom detached house for sale in Grangelea Gardens,"Grangelea Gardens, Bramcote, Nottingham","£1,275,000",Freehold,4,2
propertyguru-1894,THE ZEN & ZEN 6,"George Town, Penang","RM 420,000",850,3,2
realtor-0753,Condo for sale | Condo for sale,"917 S New Hampshire Ave Unit 101, Los An","$659,000","1,220",2,2
zillow-1106,For sale | For sale | For sale | For sale,"2661 North 39th STREET #2663, Milwaukee,","$95,000",--,4,2
propertyguru-0951,306C Punggol Place,306C Punggol Place,"S$ 688,000","1,044",3,2
propertyguru-0662,Irwell Hill Residences,6 Irwell Hill,"S$ 1,950,000",614,2,1
rightmove-1936,Land for sale in Redcote Close,"Redcote Close, Southampton, SO18","£1,600,000",Ask agent,2,1
zillow-0770,For sale | For sale | For sale | For sale | For Sale | For Sale,"1201 W Fargo Ln, Broken Arrow, OK 74012","$365,000","2,440",3,3
zillow-1031,For sale | For sale | For sale | For sale,"2254 West Roosevelt DRIVE, Milwaukee, WI","$239,900","1,321",3,2
realestate-1288,"Fully-renovated luxury apartment with uninterrupted river views 292/30 MACROSSAN STREET, BRISBANE CITY","292/30 Macrossan Street, Brisbane City, ",For Sale,,4,2
realestate-0245,"Spectacular Riverfront Residence with double EV charger carspace ! 4102/443 QUEEN STREET, BRISBANE CITY","4102/443 Queen Street, Brisbane City, Ql",Contact Agent,105m² •,2,2
rightmove-0806,5 bedroom semi-detached house for sale in Mayfield Road,"Mayfield Road, Whalley Range","£655,000",Ask agent,5,3
rightmove-1025,3 bedroom semi-detached house for sale in Calf Close,"Calf Close, Haxby, York","£225,000",Freehold,3,1
propertyguru-0240,Low PSF! Near end lot - privacy! Near SLE!,Jalan Kayu,"S$ 3,300,000","1,688",3,2
realtor-1369,Townhouse for sale | Townhouse for sale | Townhouse for sale | Townhouse for sale,"201 SE 4th Ave, Delray Beach, FL 33483","$3,650,000","3,176",4,4.5
rightmove-1419,6 bedroom detached house for sale in Arlington Drive,"Arlington Drive, Mapperley Park, Notting","£1,250,000",Freehold,6,2
rightmove-1756,4 bedroom detached house for sale in Pickhill,"Pickhill, Cross Lanes","£1,100,000",Freehold,4,2
zillow-1960,Active | Active | Active | Active,"18303 Lincoln Rd, Harvard, IL 60033","$499,000","1,500",1,2
zillow-0697,For sale | For sale | For sale | For sale,"974 77th St, Brooklyn, NY 11228","$1,099,000","1,344",3,1
propertyguru-0534,Lilydale,556 Yishun Ave 6,"S$ 1,170,000","1,270",3,3
realestate-1324,"Your Dream Executive Family Home Awaits: Spacious, Luxurious, and Ready for You! 195 FLYNN CIRCUIT, BELLAMACK","195 Flynn Circuit, Bellamack, NT 0832 4 ","Offers Over $760,000",672m² •,4,2
realtor-0561,House for sale | House for sale,"3819 Goodland Ave, Studio City, CA 91604","$1,895,000","2,809",4,3
zillow-0957,For sale | For sale | For sale | For sale,"1914 Western Rd, Iowa City, IA 52240","$249,900","1,708",4,2
zillow-0309,For sale | For sale | For sale | For sale,"190 Aspen Dr, Park City, UT 84098","$874,999","1,508",3,2
zillow-0874,For sale by owner,"1560 Deer Crossing Ln, Columbus, OH 4308","$449,000","2,072",3,3
propertyguru-1769,Villa Krystal @ Bandar Selesa Jaya,"- Jalan Silat Lincah, Bandar Selesa Jaya","RM 240,000",911,4,3
realtor-1748,"Lead Hill, AR","18548 N West Ave, Lead Hill, AR 72644","$124,900","1,120",2,2
realtor-0249,House for sale | House for sale,"3348 Polo Pl, Bronx, NY 10465","$2,399,999","7,400",4,4.5+
zillow-1587,For sale | For sale | For sale | For sale,"6914 W Ocieo St, Wichita, KS 67205","$215,000","1,012",4,2
realestate-1405,"Prime Dual-Key Investment in Brisbane CBD 1802-1803/95 CHARLOTTE STREET, BRISBANE CITY","1802-1803/95 Charlotte Street, Brisbane ",$770k or near offer,93m² •,2,2
propertyguru-0449,The Antares,25 Mattar Road,"S$ 1,880,000",883,3,2
realtor-1860,Farm for sale | Farm for sale,47.76 acre lot 47.76 acre lot 582 Madiso,"$210,000",47.76,4,1
realestate-0560,"One-of-a-Kind. Welcome to 102 Ormiston Circuit. 102 ORMISTON CIRCUIT, HARRISON","102 Ormiston Circuit, Harrison, ACT 2914",Auction,,4,2
realtor-1629,Land for sale | Land for sale,"1 acre lot 1 acre lot 1908 McArthur Ave,","$84,000",1,,
realestate-0706,"Live your dream LOT 2, 312 CASTLEREAGH HIGHWAY, MUDGEE","Lot 2, 312 Castlereagh Highway, Mudgee, ","$850,000",20.23ha • Other,4,2
realtor-0289,House for sale | House for sale,"31 Roxton Rd, Plainview, NY 11803","$1,095,000","1,370",3,2
propertyguru-1256,The Ascott,"KLCC, KL City Centre, Kuala Lumpur","RM 588,000",598,2,2
zillow-1843,For sale | For sale | For sale | For sale,"12480 SW 125th Ter, Miami, FL 33186","$575,000","1,491",3,3
zillow-0714,For sale by owner,"1012 Glenangus Dr, Bel Air, MD 21015","$950,000","7,097",4,5
realtor-0436,Condo for sale | Condo for sale,"15155 Sherman Way Unit 14, Van Nuys, CA ","$399,800",716,1,1
zillow-1704,For sale | For sale | For sale | For sale,"8871 Timberchase Ct, West Chester, OH 45","$475,000","2,378",4,3
realtor-1131,House for sale | House for sale,"214 Ridgecrest Dr, Booneville, MS 38829","$235,000","1,370",3,2
rightmove-0760,3 bedroom penthouse for sale in Medlock House,"Medlock House, Waterhouse Gardens, 10 Du","£716,000",Leasehold,3,3
rightmove-1435,5 bedroom detached house for sale in Melton Road,"Melton Road, Stanton On The Wolds, Notti","£1,100,000",Freehold,5,4
rightmove-1512,4 bedroom detached house for sale in Main Road,"Main Road, Wilford, Nottingham, Nottingh","£795,000",Freehold,4,2
realtor-1366,For rent | For rent | For rent | For rent | For rent,"Lease terms 7, 8, 9, 10, 11, 12, 13, 14,","$1,165 - $1,775","550 - 1,130",Studio - 3,1 - 2
zillow-0134,Active | Active | Active | Active,"36 Woodlawn Ave, Bridgewater Twp., NJ 08","$485,000",--,3,2
realestate-1749,"Conveniently Located, Low Maintenance Home with Views 14 MINNO STREET, HOWRAH","14 Minno Street, Howrah, Tas 7018 2 1 2 ","Offers over $595,000",346m² •,2,1
realestate-0183,"OVERSIZED TWO BEDROOM RESIDENCE RESIDENCE 20/34 PATRICK STREET, HOBART","Residence 20/34 Patrick Street, Hobart, ","$1,095,000+",116m² •,2,2
realtor-0900,House for sale | House for sale,"600 S Lewis Ave, Philadelphia, MS 39350","$144,900","1,295",2,2
propertyguru-1412,London Pavilion,"Jalan Permatang Damar Laut, Bayan Lepas,","RM 418,000",982,3,2
realtor-1944,Land for sale | Land for sale,"2408 Sterling Dr, Horseshoe Bend, AR 725",$750,0.33,,
propertyguru-1013,333 Ubi Avenue 1,333 Ubi Avenue 1,"S$ 998,000","1,572",4,3
realestate-0124,"Outstanding positioning! 112 SHORELINE, GOLDEN BEACH","112 Shoreline, Golden Beach, Vic 3851 3 ","$370,000",584m² •,3,1
rightmove-2047,2 bedroom flat for sale in Swift Road,"Swift Road, Southampton, Hampshire, SO19","£180,000",Ask agent,2,1
realestate-1422,"Prestigious Marina Living - The Ultimate in Size and Location 21/58 BAYVIEW BOULEVARD, BAYVIEW","21/58 Bayview Boulevard, Bayview, NT 082",Unit,"1,923.09m² •",3,2
propertyguru-0968,95 Bedok North Avenue 4,95 Bedok North Avenue 4,"S$ 478,888",990,3,2
zillow-0067,Active | Active | Active | Active,"11 Anne St, Hillsborough Twp., NJ 08844","$599,900",--,3,2
rightmove-0654,6 bedroom detached house for sale in Withenfield Road,"Withenfield Road, Manchester, M23","£900,000",Freehold,6,6
zillow-1009,For sale | For sale | For sale | For sale,"2145 W Cholla St, Phoenix, AZ 85029","$340,000","1,320",3,2
zillow-1166,For sale | For sale | For sale | For sale,"3030 Chain Bridge Rd NW, Washington, DC ","$19,995,000","12,911",8,13
realestate-0773,"Cozy 3 Bedroom Winner 12/8 LEYDIN COURT, DARWIN CITY","12/8 Leydin Court, Darwin City, NT 0800","$400,000",,3,2
zillow-1329,For sale by owner,"4141 E Canyon Estate Dr, Cottonwood Heig","$7,350,000","9,900",5,6
realestate-0090,"Experience Luxury Living at Queens Place 6101/370 QUEEN STREET, MELBOURNE","6101/370 Queen Street, Melbourne, Vic 30",Open this Sat@ 1pm,,2,2
rightmove-0080,4 bedroom apartment for sale in The Bryanston,"The Bryanston, Hyde Park, 55 Bryanston S","£19,000,000",Leasehold,4,4
zillow-0967,For sale | For sale | For sale | For sale,"1969 Paddington Dr, Park City, UT 84060","$1,325,000","2,085",3,3
zillow-0423,For sale | For sale | For sale | For sale,"330 Skyline Dr #H, Staten Island, NY 103","$220,000","1,347",3,2
realtor-1511,Condo for sale | Condo for sale,"6020 Shakerwood Cir Apt 103, Tamarac, FL","$159,900",775,2,2
rightmove-0835,8 bedroom detached house for sale in Kirby Knowle,"Kirby Knowle, Thirsk, North Yorkshire, Y","£7,000,000","14,208 sq ft",4,8
propertyguru-1394,"Adda Heights, Johor Bahru","Jalan Adda Utama, Setia Indah, Kluang, J","RM 1,350,000","2,800",4,5
realtor-1378,House for sale | House for sale,"13101 SW 85th Pl, Dunnellon, FL 34432","$370,000","1,543",3,2
realtor-0808,Condo for sale | Condo for sale,"14804 Magnolia Blvd Unit 12, Sherman Oak","$695,000","1,614",3,2
realestate-0617,"SOLD IN GOLD BY ORLANDA PAGLIA - 0418 839 523 AND STEPHANIE WILLIAMS 0413 874 888 - WILLIAMS LUXURY 14 WOOLDRIDGE AVENUE, MILLSWOOD","14 Wooldridge Avenue, Millswood, SA 5034",UNDER CONTRACT BY ORLANDA PAGLIA,399m² •,3,2
realtor-1725,House for sale | House for sale,"7 Minentonka Dr, Cherokee Village, AR 72","$265,000","2,072",4,3
realestate-0635,"Investment Opportunity in the Hearth of Brisbane CBD or First Home ! 1111/222 MARGARET STREET, BRISBANE CITY","1111/222 Margaret Street, Brisbane City,",CONTACT - DELY DRAKOSTAMATIS,59m² •,1,1
realtor-1344,House for sale | House for sale,"2414 SW Love Ct, Palm City, FL 34990","$724,900","2,332",4,2.5
zillow-1581,For sale | For sale | For sale | For sale,"6803 Las Brisas Dr, Houston, TX 77083","$422,000","2,650",5,4
zillow-0564,Active | Active | Active | Active,"620 Decatur St APT P, New Orleans, LA 70","$125,000",841,1,1
zillow-1288,For sale by owner,"3810 Tall Pines Dr, New Orleans, LA 7013","$380,000","2,320",4,3
zillow-0187,For sale | For sale | For sale | For sale,"83 N Gannon Ave #A, Staten Island, NY 10","$498,000","1,150",2,2
zillow-0761,For sale by owner,"1150 War Eagle Dr N, Colorado Springs, C","$649,999","3,177",4,4
realestate-1764,"Brand New East-Facing Residence with Parkside Living 37 ANGHOR DRIVE, FRASER RISE","37 ANGHOR DRIVE, Fraser Rise, Vic 3336",SATURDAY OPEN :12-12:30PM,,4,2
zillow-0669,Active | Active | Active | Active,"915 N Dearborn St, Chicago, IL 60610","$18,500,000","13,400",6,7
realestate-1049,"Developers & Families – A Rare Opportunity! Spacious 1960s Home on Three Titles with Tennis Court & Pool! 2 HILLSIDE COURT, CAMPBELLTOWN","2 Hillside Court, Campbelltown, SA 5074 ",UNDER CONTRACT,"1,979m² •",3,2
propertyguru-0903,One Tree Hill Residence,1A One Tree Hill,"S$ 5,600,000","2,207",4,5
realtor-0891,Land for sale | Land for sale,"50th Ave, Gulfport, MS 39501","$39,500",1.3,,
zillow-0551,Lot/land | Lot/land | Lot/land | Lot/land,"598 Holmes Gulch Road, Bailey, CO 80421","$499,000",40,-- beds -- baths 40 Acres,--
zillow-0628,Active | Active | Active | Active,"804 5th St, Baldwin City, KS 66006","$325,000","2,250",4,3
zillow-0830,Foreclosure See all 11 photos,"1412 Country Club Rd, Bastrop, LA 71220","$69,900","2,418",3,2
realestate-1128,"LOCATION IS KEY FOR THIS SOLID 2 BED UNIT 6/165 BAGOT ROAD, LUDMILLA","6/165 Bagot Road, Ludmilla, NT 0820 2 1 ",UNDER CONTRACT,72m² •,2,1
realestate-1907,"Exclusive Top-Floor NORTH-FACING 2-Bedroom Plus Study Apartment with Stunning Views in a Prestigious School Catchment 24/114-116 ADDERTON ROAD,...","24/114-116 Adderton Road, Carlingford, N","Price Guide: $590,000 - $610,000",,2,2
realestate-1068,"Eifel Apartments- Brilliant! 1402/8 DOWNIE STREET, MELBOURNE","1402/8 Downie Street, Melbourne, Vic 300","$330,000 - $350,000",,1,1
zillow-1829,For sale | For sale | For sale | For sale,"11927 Parkbrook Ave, Baton Rouge, LA 708","$230,000","2,457",4,3
realtor-0109,House for sale | House for sale,"13314 117th St, South Ozone Park, NY 114","$699,990","1,200",3,2
zillow-0686,For sale by owner,"940 Wood River Rd, Grayling, MI 49738","$569,900","2,408",3,3
propertyguru-1017,12 Lorong 7 Toa Payoh,12 Lorong 7 Toa Payoh,"S$ 358,888",699,2,1
realestate-0184,"A Fresh Start between Sea and City 18 AVRO AVENUE, HENDON","18 Avro Avenue, Hendon, SA 5014 3 1 2 44",Auction,448m² •,3,1
realtor-0961,Land for sale | Land for sale,"Cedar Crst Cv Lot 27, Byhalia, MS 38611","$89,000",1.93,,
zillow-1873,For sale by owner,"13441 Graham Rd SW, Pataskala, OH 43062","$329,900","1,200",3,1
realestate-1076,"Modern Apartment in Desired East End Pocket 50/45 YORK STREET, ADELAIDE","50/45 York Street, Adelaide, SA 5000 2 1",Best Offers,,2,1
realestate-0435,Ultimate Escape: Luxurious Weekend Retreat,"2106 Heathcote Redesdale Road, Redesdale","$695,000 - $745,000",1.9ha •,2,1
propertyguru-1326,Taman Desa Tebrau@Precinct 9F,"Jalan Harmonium 32, Johor Bahru, Johor","RM 1,650,000","3,400",5,5
realestate-0500,"Spacious Family Entertainer! 44 PALAMOUNTAIN AVENUE, GREENWITH","44 Palamountain Avenue, Greenwith, SA 51",Best Offers By Tuesday 20th Of May USP,853m² •,4,2
realtor-1901,Contingent,"2084/2145 Meadow Lake Rd, Oil Trough, AR","$138,000",46,Studio,2
propertyguru-0024,Avenue South Residence,11 Silat Avenue,"S$ 1,200,000",527,1,1
realtor-1673,Condo for sale | Condo for sale,"1720 NW North River Dr Apt 203, Miami, F","$260,000",634,1,1
zillow-0933,New,"1815 N Bissell St UNIT 3, Chicago, IL 60","$659,000","1,400",2,3
rightmove-1882,6 bedroom detached house for sale in DULAS BACH,"DULAS BACH, Bryn Dulas Road, Landdulas, ","£845,000",Freehold,6,3
propertyguru-0207,★LuxuryhomeswithAlan★ HUA GUAN AVE,"Hua guan , Sian tuan , Binjai , Yarwood ","S$ 9,000,000","3,992",7,7
realestate-1636,"BEACHSIDE BLISS IN FALCON !! 40 YEEDONG ROAD, FALCON","40 Yeedong Road, Falcon, WA 6210","OFFERS OVER $895,000",595m² •,4,2
propertyguru-1147,SO/ Kuala Lumpur Residences,"No 159, Jalan Ampang, Ampang, Kuala Lump","RM 1,980,000",894,2,2
zillow-0481,For sale by owner | For sale by owner | For sale by owner | For sale by owner,"433 Peterson St, Iowa City, IA 52245","$155,000","1,276",2,2
zillow-1910,For sale by owner,"14927 S Caenen Ln, Olathe, KS 66062","$775,000","3,912",4,5
propertyguru-0722,468B Admiralty Drive,468B Admiralty Drive,"S$ 699,000","1,474",4,2
realtor-1436,Coming soon,"2174 Woodbury Rd, Melbourne, FL 32935","$274,900","1,751",4,2
rightmove-1844,3 bedroom detached house for sale in Glyn Garth,"Glyn Garth, Menai Bridge, Isle of Angles","£895,000",Freehold,3,4
realestate-0936,"A Class of its own 4 EDWARD PL, VIRGINIA","4 Edward Pl, Virginia, NT 0834 5 3 9 2ha","$1,700,000",2ha •,5,3
realtor-1997,House for sale | House for sale,"113 Clearwater Dr, Brookland, AR 72417","$334,900","1,950",3,2
rightmove-0293,4 bedroom detached house for sale in Massams Lane,"Massams Lane, Formby, Liverpool, L37","£2,200,000",Freehold,4,4
zillow-1253,For sale by owner,"3555 Kings College Place #1H, Bronx, NY ","$234,900","1,000",3,1
propertyguru-1498,READY MOVE IN [ 0% Down Payment ] Below Market Price 30% Walking Distance To MRT Station KLCC,"17 Jalan SL 4/6, Bandar Sungai Long, Sel","RM 730,000","2,600",4,3
propertyguru-1866,Three28 Tun Razak,"Jalan Imbi Jalan Imbi, Bukit Bintang, KL","RM 1,578,000","1,020",2,2
rightmove-1963,5 bedroom detached house for sale in Bassett,"Bassett, Southampton","£995,000",Freehold,5,5
rightmove-1845,6 bedroom detached house for sale in Llangoed,"Llangoed, Anglesey","£895,000",Freehold,6,3
realtor-0324,Townhouse for sale | Townhouse for sale | Townhouse for sale | Townhouse for sale,"186 Corona Ave, Staten Island, NY 10306","$498,000","1,068",2,1.5
realtor-1487,New Construction,"6106 SW 127 Avenue Rd, Ocala, FL 34481","$370,000","1,543",3,2
realestate-1241,"Trendy Lifestyle Living! 50/26 NICKER CRESCENT, GILLEN","50/26 Nicker Crescent, Gillen, NT 0870","$347,000",147m² •,2,1
realtor-0049,For rent | For rent | For rent | For rent | For rent,,"$941 - $1,376","662 - 1,278",1 - 3,1 - 2
propertyguru-1248,Sunway Eastwood,"Sungai Kuyoh, Seri Kembangan, Selangor","RM 2,300,000","4,400",5,5
realestate-0398,"Spectacular, Spacious & Superbly Situated! 2/129 NARRE WARREN ROAD, CRANBOURNE","2/129 Narre Warren Road, Cranbourne, Vic","$595,000 - $650,000 - BRAND NEW!!",,3,2
realtor-0510,Land for sale | Land for sale,"1169 Cumbre Alta Ct, Pacific Palisades, ","$1,499,000",0.41,,
propertyguru-1476,Ambience KL,"Mid Valley City, Kuala Lumpur","RM 480,000","1,000",3,2
zillow-2010,For sale | For sale | For sale | For sale | For sale | For sale | For sale | For sale,"39312 Oceanview Ave, Prairieville, LA 70","$362,000","2,015",4,3
rightmove-1359,5 bedroom semi-detached house for sale in Poplar Avenue,"Poplar Avenue, Edgbaston, Birmingham, We","£675,000",Freehold,5,4
propertyguru-1206,Kajang Corner Teres House Next to Bukit Permai Kajang,"Jalan SL 7/8, Bandar Sungai Long, Selang","RM 598,000","1,600",4,3
rightmove-0789,4 bedroom semi-detached house for sale in Lime Road,"Lime Road, Stretford","£695,000",Freehold,4,2
rightmove-0468,4 bedroom detached house for sale in Damfield Lane,"Damfield Lane, Liverpool, Merseyside, L3","£699,500",Ask agent,4,3
propertyguru-1823,Residensi Rumpun Bahagia (Residensi Melaka Tengah 1),"Jalan Taman Rumpun Bahagia, Bukit Baru, ","RM 380,000","1,150",4,2
zillow-0835,For sale by owner,"1424 General Pershing St, New Orleans, L","$1,250,000","3,070",4,5
propertyguru-0262,520 Woodlands Drive 14,520 Woodlands Drive 14,"S$ 899,999","1,518",4,2
zillow-0438,For sale | For sale | For sale | For sale,"360 Pumpkin Rd, Shepherdsville, KY 40165","$335,000","2,000",3,2
realtor-0651,"Let the Power of RE/MAX, Empower You!","19039 Vanowen St, Reseda, CA 91335","$749,000",815,2,1
rightmove-1523,"Saturday 9am to 2.30pm 1 Weekday Cross, Lace Market, Nottingham NG1 2GB Located between 'YO Sushi!' and 'All Bar One'. Open Monday to Friday 9am to...","Park Drive, The Park","£783,500",Freehold,6,2
realtor-1266,"Brandon, MS","46 Lake Barnett Dr, Brandon, MS 39047","$179,000","1,176",2,2
zillow-1746,More to Explore in Loveland OH,"9672 Maineville Rd, Loveland, OH 45140","$275,000","1,584",3,2
rightmove-0374,3 bedroom detached house for sale in Devon Close,"Devon Close, Blundellsands, Liverpool","£975,000",Freehold,3,3
rightmove-0709,5 bedroom terraced house for sale in Highfield Road,"Highfield Road, Stretford","£780,000",Ask agent,5,2
rightmove-0217,7 bedroom house for sale in Redington Road,"Redington Road, Hampstead NW3","£13,950,000",Freehold,7,5
realtor-1861,Contingent,"900 Anderson Ave, White Hall, AR 71602","$399,000","2,482",4,2.5+
realestate-0129,"Contemporary one bedroom apartment in the heart of Brisbane CBD! 810/70 MARY STREET, BRISBANE CITY","810/70 Mary Street, Brisbane City, Qld 4",FOR SALE,52m² •,1,1
rightmove-1516,5 bedroom semi-detached house for sale in Hamilton Drive,"Hamilton Drive, The Park, Nottinghamshir","£795,000",Freehold,5,3
rightmove-0277,6 bedroom detached house for sale in Pineridge,"Pineridge, Lifeboat Road, Formby, Liverp","£4,500,000",Freehold,6,6
zillow-1510,For sale | For sale | For sale | For sale,"5903 Templegate Dr, Houston, TX 77066","$395,000","3,506",5,4
realtor-0017,Multi-family home for sale | Multi-family home for sale | Multi-family home for sale | Multi-family home for sale,"215 S 1st Ave, Mount Vernon, NY 10550","$900,000","3,485",8,2
zillow-1796,For sale | For sale | For sale | For sale,"10936 Chalon Rd, Los Angeles, CA 90077","$120,000,000","14,941",9,13
realestate-0307,"Grand Henley-Built Luxury Home in the Coveted Woodlea Estate 24 BARNARDS ROAD, BONNIE BROOK","24 Barnards Road, Bonnie Brook, Vic 3335","Indicative price: $1,160,000 - $1,220,000",520m² •,5,4
zillow-0524,For sale | For sale | For sale | For sale,"520 E Townley Ave, Phoenix, AZ 85020","$369,000","1,514",4,2
realestate-0116,"Entry Level. Recently renovated. Move-In Ready. 22/3 KELSEY CRESCENT, MILLNER","22/3 Kelsey Crescent, Millner, NT 0810 2",Under Contract in 8 days!,,2,1
propertyguru-0777,Arina East Residences,6D Tanjong Rhu Road,"S$ 2,907,000",969,3,2
rightmove-0070,6 bedroom terraced house for sale in Chelsea Square,"Chelsea Square, London, SW3","£19,950,000",Freehold,6,6
zillow-0132,For sale | For sale | For sale | For sale,"36 Buena Vista St, Swampscott, MA 01907","$589,000","1,147",3,2
rightmove-0900,3 bedroom town house for sale in Renaissance Drive,"Renaissance Drive, Churwell","£240,000",Freehold,3,2
realestate-0249,"Turnkey Off-Grid Retreat & Thriving Airbnb on 143 Acres 154 DAVIS ROAD, WITTITRIN","154 Davis Road, Wittitrin, NSW 2440","$945,000",57.87ha •,4,2
rightmove-1134,6 bedroom detached house for sale in The Fordrough,"The Fordrough, Truemans Heath Lane, Soli","£1,495,000",Freehold,6,5
rightmove-1973,5 bedroom detached house for sale in Hungerford,"Hungerford, Bursledon, SO31","£900,000",Freehold,5,4
zillow-0094,For sale | For sale | For sale | For sale,"18-50 211th Street #2D, Bayside, NY 1136","$349,000","1,450",3,2
zillow-0608,Contingent,"724 South 39th STREET, Milwaukee, WI 532","$199,900","1,273",3,3
realestate-0025,"City living elevated from the rooftop down 49 SYMONDS PLACE, ADELAIDE","49 Symonds Place, Adelaide, SA 5000",$880k - $968k,73m² •,2,2
realtor-1311,House for sale | House for sale,"7549 Quitina Dr, Jacksonville, FL 32277","$250,000","2,052",6,2
zillow-0016,For sale | For sale | For sale | For sale,"4 Ivy Hill Rd, Clarksville, VA 23927","$619,900","2,740",3,2
propertyguru-2046,Taman Melawati,"Amberhill, Jalan K, Taman Melawati, Ulu ","RM 1,880,000","5,000",5,6
rightmove-0014,8 bedroom house for sale in Park Place Villas,"Park Place Villas, Little Venice","£25,000,000",Freehold,8,5
propertyguru-0000,631 Hougang Avenue 8,631 Hougang Avenue 8,"S$ 420,000",645,2,1
realestate-1865,"Parkside Luxury From the Outside In 24 JASERFOLD STREET, BALWYN NORTH","24 Jaserfold Street, Balwyn North, Vic 3","$6,200,000 - $6,800,000",,5,5
propertyguru-1695,Permas Jaya,"Bandar Baru Permas Jaya, Permas Jaya, Jo","RM 800,000","1,650",4,3
propertyguru-0809,643 Yishun Street 61,643 Yishun Street 61,"S$ 880,000","1,528",3,2
realestate-1425,Prime Location,"120 Barclay Rd, North Rocks, NSW 2151",Contact Agent,788m² •,4,1
realestate-0752,"THE STORY.... 509/2 AKUNA STREET, CITY","509/2 Akuna Street, City, ACT 2601 1 1 1","Offers Over $359,000",48m² •,1,1
propertyguru-1853,Oakwood Hotel and Residence (The Nomad Sucasa),"7 Jalan Kia Peng Kuala Lumpur, KLCC, KL ","RM 1,370,000",915,2,2
rightmove-1391,5 bedroom detached house for sale in Plains Road,"Plains Road, Nottingham","£1,950,000",Freehold,5,4
zillow-0049,For sale by owner,"8 Olden Court, Colts Neck, NJ 07722","$2,825,000","3,566",4,4
propertyguru-0022,"Lorong Tanggam, Jalan Kayu Semi-detached",Lorong tanggam,"S$ 5,750,000","4,201",5,5
realtor-0282,House for sale | House for sale,"212 Wensley Ln, East Islip, NY 11730","$699,000","1,826",4,3
propertyguru-0062,636A Senja Parc View,636A Senja Road,"S$ 550,000",721,2,2
rightmove-0182,5 bedroom apartment for sale in Montrose Place,"Montrose Place, London, SW1X","£15,000,000",Leasehold,5,4
rightmove-0322,4 bedroom detached house for sale in St Georges Road,"St Georges Road, Formby, Liverpool, L37","£1,500,000",Freehold,4,4
propertyguru-1391,HORIZON HILLS / NEW L BUNGLOW,"the peak, Horizon Hills, Iskandar Puteri","RM 3,027,800","4,678",6,6
rightmove-1444,5 bedroom detached house for sale in Endsleigh Gardens,"Endsleigh Gardens, Edwalton, Nottingham,","£995,000",Freehold,5,4
propertyguru-0228,⭐️WIDE FRONTAGE WELL-KEPT 2-STY SEMI-D NEAR HOLLAND ROAD & JELITA! 1 KM TO HENRY PARK PRIMARY SCH⭐️,Ming Teck Park Greenleaf Mount Sinai Moo,"S$ 9,700,000","3,520",3,3
zillow-1840,For sale by owner,"12331 Rockhaven Rd, Chesterland, OH 4402","$670,000","7,144",5,5
zillow-0781,For sale by owner,"1220 Minglewood Way, Ann Arbor, MI 48103","$729,900","2,488",3,3
propertyguru-0592,Penrose,30 Sims Drive,"S$ 1,600,000",710,2,2
propertyguru-0580,163B Punggol Central,163B Punggol Central,"S$ 768,000","1,227",3,2
zillow-0759,Active | Active | Active | Active,"1144 Sussex Rd, Teaneck Twp., NJ 07666","$620,000",--,3,3
realtor-1402,Land for sale | Land for sale,"4.62 acre lot 4.62 acre lot Oakland Dr, ","$100,000",4.62,,
zillow-1942,For sale | For sale | For sale | For sale,"16634 137th Avenue #B1, Jamaica, NY 1143","$249,999",809,2,1
realtor-0749,Multi-family home for sale | Multi-family home for sale | Multi-family home for sale | Multi-family home for sale,"14240 Delano St, Van Nuys, CA 91401","$1,075,000","3,800",8,4
zillow-1824,Foreclosure,"11887 Somerset Ave, Princess Anne, MD 21","$117,000","4,159",6,2
zillow-1639,For sale by owner,"7735 Braxton Dr, Fountain, CO 80817","$500,000","3,280",5,4
propertyguru-0816,The Laurels @ Cairnhill Road,38 Cairnhill Road,"S$ 1,550,000",549,1,1
realtor-0346,House for sale | House for sale,"90-11 219th St, Queens Village, NY 11428","$839,888","1,643",5,2
rightmove-1822,3 bedroom bungalow for sale in Dulas,"Dulas, Anglesey, LL70","£900,000",Freehold,3,1
realestate-0837,"Prestigious in Prime Locale 3/2 MITAROS PLACE, PARAP","3/2 Mitaros Place, Parap, NT 0820 2 2 2 ","$490,000",194m² •,2,2
zillow-0286,For sale | For sale | For sale | For sale,"151 Townview Dr, Tellico Plains, TN 3738","$289,500","3,744",4,3
realtor-1921,Condo for sale | Condo for sale,"2757 W Kilimanjaro Way, Rogers, AR 72758","$291,000","1,597",3,2.5
realtor-1025,House for sale | House for sale,"4326 Kingsroad Ave, Jackson, MS 39213","$55,000","1,215",3,1.5
propertyguru-0582,⭐ONLY $5.X! MOVE-IN! Mins to MRT! 1KM to CHIJ ⭐,"Dairy Farm Road, Jalan Zamrud, Hillview ","S$ 6,200,000","2,879",6,4
realestate-0083,"Executive Waterfront Living 6405/7 ANCHORAGE COURT, DARWIN CITY","6405/7 Anchorage Court, Darwin City, NT ","$710,000",,2,2
realestate-0791,"STREAKY BAY TOWN CENTRE 43 ALFRED TERRACE, STREAKY BAY","43 Alfred Terrace, Streaky Bay, SA 5680",BEST OFFER BY 30/5/2025,"1,130m² •",4,2
rightmove-0045,5 bedroom house for sale in Herbert Crescent,"Herbert Crescent, Knightsbridge, London,","£21,500,000",Freehold,5,8
rightmove-1436,4 bedroom detached house for sale in Winchester Avenue,"Winchester Avenue, Beeston, Nottingham","£1,080,000",Freehold,4,2
realtor-1856,Land for sale | Land for sale,"Cantrell Rd, Amity, AR 71921","$259,000",77,Studio,
rightmove-0421,5 bedroom detached house for sale in Dunes Drive,"Dunes Drive, Formby, Liverpool","£795,000",Freehold,5,2
realtor-0514,House for sale | House for sale,"19520 Braewood Dr, Tarzana, CA 91356","$2,100,000","3,217",5,3
rightmove-0375,1 bedroom apartment for sale in Element The Quarter,"Element The Quarter, Liverpool Knowledge","£80,000",Ask agent,1,1
zillow-1494,Re-activated See all 15 photos,"5753 S Moody Ave, Chicago, IL 60638","$325,000","1,982",3,2
zillow-0734,For sale | For sale | For sale | For sale,"1059 Dean Cir, Dandridge, TN 37725","$500,000","1,635",2,2
propertyguru-1942,damansara heights,"Lorong Jarak Kanan, Damansara Heights, K","RM 9,800,000","11,700",6,7
realestate-0922,"VALUE living - ready to move into ADDRESS AVAILABLE ON REQUEST, KATHERINE","Address available on request, Katherine,","$295,000",,2,1
propertyguru-1409,READY MOVE IN [ 0% Down Payment ] Below Market Price 30% Walking Distance To MRT Station KLCC,"7 Jalan Kia Peng Kuala Lumpur, KLCC, KL ","RM 1,372,000",915,2,2
realtor-1608,Condo for sale | Condo for sale,"3037 Cambridge B, Deerfield Beach, FL 33","$115,000",700,1,1.5
rightmove-0153,120 key 5*Star Raffles Hotel,"The OWO Residences By Raffles, Whitehall","£16,000,000",Leasehold,3,3
rightmove-0491,4 bedroom detached house for sale in Lyndhurst Avenue,"Lyndhurst Avenue, Liverpool, Merseyside,","£675,000",Freehold,4,2
zillow-0338,Active | Active | Active | Active,"210 Westover Dr, Columbia, TN 38401","$229,900","1,457",2,2
zillow-0543,Active | Active | Active | Active | For Sale | For Sale | For Sale | For Sale | For Sale | For Sale,"551 W 21st St APT PENTHOUSE, New York, N","$75,000,000",--,5,6
propertyguru-0273,The Sail @ Marina Bay,6 Marina Boulevard,"S$ 1,540,000",775,2,1
rightmove-0330,Plot for sale in Freshfield Road,"Freshfield Road, Formby, Liverpool, L37","£1,300,000",Ask agent,3,1
zillow-1536,For sale | For sale | For sale | For sale,"6092 Par Four Ct, Florence, KY 41042","$360,000","1,700",3,3
realestate-0068,"Amazing Story Bridge Views - Direct Riverfront on Level 17 101/501 QUEEN STREET, BRISBANE CITY","101/501 Queen Street, Brisbane City, Qld",Best Offer By 19th May 12:00pm,180m² •,3,2
propertyguru-1233,Polo Park | Polo Park | Polo Park | Polo Park | Polo Park | Polo Park | Polo Park | Polo Park | Polo Park | Polo Park | Polo Park,"- Jalan Bentara Luar, Taman Iskandar, Ta","RM 450,000","1,291",3,3
realtor-0232,New Construction,"131 Carriage Blvd, Rotterdam, NY 12306","$378,000","1,828",3,2
realestate-1434,"Charming city-fringe opportunity 12/11 WAKEFIELD STREET, KENT TOWN","12/11 Wakefield Street, Kent Town, SA 50",Best Offer by 21 May at 12pm,59m² •,2,1
propertyguru-0167,⭐CHEAP AND NEW SEMI-D. WIDE FRONTAGE ⭐,Mimosa Walk /Mimosa Road,"S$ 6,800,000","4,635",4,4
realtor-1281,Condo for sale | Condo for sale,"5900 Shore Blvd S Apt 512, Gulfport, FL ","$500,000","2,320",2,2.5
zillow-0493,For sale | For sale | For sale | For sale,"449 Harolds Branch Rd, Pikeville, KY 415","$189,000","1,294",3,2
propertyguru-0643,Verified Listing,16 Tan Quee Lan Street,"S$ 2,380,000",635,2,1
rightmove-0086,15 bedroom detached house for sale in The Pembridge Collection,"The Pembridge Collection, Pembridge Gard","£18,625,000",Freehold,15,13
rightmove-1092,4 bedroom detached house for sale in Park Lane,"Park Lane, Swanland","£1,690,000",Freehold,4,3
propertyguru-0565,WATTEN AREA⭐️ GORGEOUS SEMID ⭐️ HIGH CEILINGS ⭐️ PANORAMIC VIEW ⭐️ 1KM NYPS RGPS ☎️ PAM 9*****,Hillcrest Road/ Greenwood Ave/ Watten / ,"S$ 12,800,000","3,460",5,6
rightmove-0055,10 bedroom terraced house for sale in Hertford Street,"Hertford Street, Mayfair, London., W1J","£20,000,000",Freehold,10,10
rightmove-1284,4 bedroom terraced house for sale in Carless Avenue,"Carless Avenue, Birmingham, B17","£750,000",Freehold,4,2
propertyguru-1617,"PAVILION PROJECT @ RM560K【70% Furnished, 300m to MRT3/KTM, 0% Down Payment】","Bukit Pantai, Bangsar, Kuala Lumpur","RM 630,000",947,3,2
propertyguru-2045,Kajang Corner Teres House Next to Bukit Permai Kajang,"17 Jalan SL 4/6, Bandar Sungai Long, Sel","RM 700,000","2,200",4,3
rightmove-0897,5 bedroom detached house for sale in Clevedon,"Clevedon, 29 Fulwith Mill Lane, Harrogat","£2,895,000",Freehold,5,4
realtor-0332,Condo for sale | Condo for sale,"87 Village Cir W, Manorville, NY 11949","$199,000",992,2,1
rightmove-2010,4 bedroom detached house for sale in Lingwood Close,"Lingwood Close, Southampton, SO16","£750,000",Freehold,4,1
realestate-1639,"North-East Facing, Luxury Corner Apartment with a HUGE Storage Cage 1206/483 SWANSTON STREET, MELBOURNE","1206/483 Swanston Street, Melbourne, Vic","$650,000",,2,2
realestate-0439,"Unrivalled Luxury Living in the Heart of Brisbane With This Spectacular Admiralty Quays Apartment 32 MACROSSAN STREET, BRISBANE CITY","32 Macrossan Street, Brisbane City, Qld ",Submit All Offers!,,3,2
rightmove-1702,10 bedroom farm house for sale in Cefn Mine,"Cefn Mine, Rhydyclafdy - 86 ac","£1,450,000",Freehold,10,3
realestate-0731,"Wonderful Holt Home 30 TRUMPER STREET, HOLT","30 Trumper Street, Holt, ACT 2615",AUCTION 14/06/2025,671m² •,3,1
zillow-0929,Lot/Land | Lot/Land | Lot/Land | Lot/Land,"1812 Numa St, New Orleans, LA 70114","$399,800","7,320",--,--
rightmove-1466,8 bedroom detached house for sale in Ranelagh Grove,"Ranelagh Grove, Nottingham","£900,000",Freehold,8,2
rightmove-1409,5 bedroom detached bungalow for sale in Back Lane,"Back Lane, Normanton on the Wolds","£1,400,000",Freehold,5,3
propertyguru-0244,176A Edgefield Plains,176A Edgefield Plains,"S$ 699,000","1,184",3,2
propertyguru-1802,High hill Semi d/ Nusa idaman/ Bukit indah/ Eco botanic/ Nusa duta/ East ledang,"Sireh park at back,Idaman 7, Horizon Hil","RM 1,400,000","3,300",5,5
propertyguru-1892,Queens Residences Q1 @ Queens Waterfront,"Persiaran Bayan Mutiara 3, Gelugor, Pena","RM 510,000",850,3,2
rightmove-1162,14 bedroom terraced house for sale in Mosely Birmingham,Mosely Birmingham,"£1,200,000",Freehold,,14
zillow-0372,For sale | For sale | For sale | For sale,"250 West St, Gardner, MA 01440","$250,000","1,144",2,1
zillow-0906,For sale by owner,"1710 215th Ave, Morley, MI 49336","$399,900","1,960",2,3
zillow-0142,For sale | For sale | For sale | For sale,"45-10 165th Street, Flushing, NY 11358","$1,260,000","1,620",5,3
realestate-0839,"Mindfully Designed In Tranquil Reserve Setting 22 ILUKA CRESCENT, NARRAWALLEE","22 Iluka Crescent, Narrawallee, NSW 2539","Price Guide $1,500,000 - $1,600,000",814m² •,3,2
propertyguru-0597,774 Woodlands Crescent,774 Woodlands Crescent,"S$ 539,000","1,012",3,2
propertyguru-1342,"KLCC Sky Jacuzzi Hotel Suite Condo. Foreigner can buy, Near Mrt Lrt Monorail","KLCC, KL City Centre, Kuala Lumpur","RM 500,000","1,038",3,3
propertyguru-1034,Kuala Lumpur,"Chan Sow Lin, KLCC, KL City Centre, Kual","RM 703,200","1,250",3,3
zillow-0644,For sale by owner,"829 Prince Phillip Dr, Virginia Beach, V","$700,000","2,547",5,3
realestate-0971,"Gorgeous One-Bedroom Apartment with Study 79/122 MACARTHUR AVENUE, TURNER","79/122 MacArthur Avenue, Turner, ACT 261","$460,000 +",,1,1
propertyguru-1152,Tun Aminah Tun Aminah Tuns Aminahs,"Jalan Nakhoda Single Storey, Tun Aminah,","RM 558,000","1,540",4,3
realestate-1338,"Stunning Family Home with style, space and flexible floorplan 1 INSPECTIONS DEMO DRIVE, WYCLIFFE WELL","1 Inspections Demo Drive, Wycliffe Well,","$2,000,000",,4,2
realestate-1659,"New York Style Semi- Basement Apartment at Labassa House 1/353 FLINDERS LANE, MELBOURNE","1/353 Flinders Lane, Melbourne, Vic 3000","$300,000-$320,000",,1,1
realestate-1927,"HARBOUR VIEWS IN THE CBD 2/24 HARRY CHAN AVENUE, DARWIN CITY","2/24 Harry Chan Avenue, Darwin City, NT ","OFFERS OVER $440,000",115m² •,2,2
realtor-2028,House for sale | House for sale,"2005 Kingshighway, Weiner, AR 72479","$498,000","5,436",5,6
propertyguru-2032,R&F Princess Cove,"Jalan Tanjung Puteri, Johor Bahru, Johor","RM 729,888",873,2,1
realtor-0209,House for sale | House for sale,"518 Terrace Blvd, New Hyde Park, NY 1104","$879,888","4,000",4,3
zillow-0715,Off Market,"1012 W Diversey Pkwy APT 2, Chicago, IL ","$509,900","1,100",2,2
rightmove-0451,5 bedroom detached house for sale in Westward View,"Westward View, Aigburth, Liverpool.","£725,000",Freehold,5,3
realtor-0467,House for sale | House for sale,"3511 Division St, Los Angeles, CA 90065","$1,350,000","1,363",3,2
realtor-0521,House for sale | House for sale,"10431 Las Lunitas Ave, Tujunga, CA 91042","$899,900","1,270",3,2
propertyguru-1949,SETIA ALAM,"Jalan Setia Impian U13/2, Setia Impian, ","RM 585,000","1,800",4,3
zillow-0778,Active | Active | Active | Active,"1212 Milan St, New Orleans, LA 70115","$1,235,000","3,434",4,4
realestate-1387,Discover Ultimate Luxury Living at 5 Leeward Drive,"5 Leeward Drive, Tarneit, Vic 3029",Contact Arjun @ 0477 108 088,,4,2
realtor-1898,House for sale | House for sale,"1602 Harmon Dr, Benton, AR 72015","$154,900","1,881",3,2
propertyguru-0981,886C Woodlands Drive 50,886C Woodlands Drive 50,"S$ 668,000",990,3,2
rightmove-1488,Property for sale in Thames Street,"Thames Street, Nottingham, NG6","£850,000",Freehold,,2
propertyguru-0419,Jervois Jade,21 Jervois Close,"S$ 1,580,000","1,044",2,2
rightmove-1640,9 bedroom town house for sale in Gedling Grove,"Gedling Grove, Nottingham","£675,000",Freehold,9,3
realtor-1319,For rent | For rent | For rent | For rent | For rent,,"$1,295 - $1,800","619 - 1,300",1 - 3,1 - 3
realtor-1644,Land for sale | Land for sale,"1415 Wisteria St, Lake Placid, FL 33852","$14,900",0.52,,
realestate-1277,"Seamless Comfort Amidst Premium City Amenities 207/33 ROSE LANE, MELBOURNE","207/33 Rose Lane, Melbourne, Vic 3000 2 ","$510,000",73m² •,2,2
rightmove-0879,4 bedroom country house for sale in Common Lane,"Common Lane, Sheffield, S11","£3,000,000",Freehold,4,4
rightmove-1244,4 bedroom semi-detached house for sale in Salisbury Road,"Salisbury Road, Moseley, Birmingham, B13","£815,000",Freehold,4,3
realestate-0416,"Perfect Investment or Owner-Occupier Opportunity 408/62-68 HAYWARD LANE, MELBOURNE","408/62-68 HAYWARD LANE, Melbourne, Vic 3","$180,000",,1,1
zillow-1320,Foreclosure,"4103 Glenmore Ave, Baltimore, MD 21206","$300,000","1,666",4,3
rightmove-1594,4 bedroom detached house for sale in Garden of Dreams at 1 Eve Mews,"Garden of Dreams at 1 Eve Mews, Church H","£700,000",Freehold,4,2
propertyguru-0336,Montrosa | Montrosa | Montrosa | Montrosa | Montrosa | Montrosa,132A Hillview Avenue,"S$ 1,925,500","1,572",3,3
rightmove-0397,4 bedroom detached house for sale in Old Meadow,"Old Meadow, PRESCOT, Merseyside, L34","£850,000",Ask agent,4,3
zillow-1734,For sale | For sale | For sale | For sale,"9427 West Bluemound ROAD, Milwaukee, WI ","$375,000","2,500",4,3
rightmove-1824,Equestrian facility for sale in Bannel Lane,"Bannel Lane, Penymynydd, Flintshire","£900,000",Freehold,4,2
realestate-1585,"Make it work for you! 2 RASHLEIGH ROAD, WUDINNA","2 Rashleigh Road, Wudinna, SA 5652","$665,000","1,639m² •",7,4
propertyguru-1531,Platinum Hill PV 5,"2 No.2 Jalan Melati Utama 3, Setapak, Ku","RM 415,000","1,300",4,2
rightmove-0854,11 bedroom detached house for sale in Main Street,"Main Street, Cherry Burton, Beverley, Ea","£3,999,500","14,560 sq ft",11,8
rightmove-2060,5 bedroom detached house for sale in Wheelers Meadow,"Wheelers Meadow, Bursledon, Southampton,","£650,000",Freehold,5,3
propertyguru-2058,READY MOVE IN [ 0% Down Payment ] Below Market Price 30% Walking Distance To MRT Station KLCC,"Jalan Residen Utama, Desa Parkcity, Kual","RM 740,000",651,1,1
zillow-1225,For sale | For sale | For sale | For sale,"3390 Sun Ridge Dr, Park City, UT 84060","$4,575,000","5,592",5,6
realtor-0543,House for sale | House for sale,"1583 Lindacrest Dr, Beverly Hills, CA 90","$3,200,000","3,034",4,3
rightmove-0418,Land for sale in Holland Lodge,"Holland Lodge, Church Lane, Lydiate, Liv","£795,000",Land for sale,,2
realestate-0755,"The Once-in-a-Lifetime Opportunity 24 THE STRAND, WILLIAMSTOWN","24 The Strand, Williamstown, Vic 3016","$6,300,000 - $6,930,000","1,363m² •",4,1
rightmove-2074,3 bedroom apartment for sale in Maritime Walk,"Maritime Walk, Ocean Village, Southampto","£625,000",Ask agent,3,2
realestate-1180,"Inner-City Lifestyle in an Iconic Landmark Location - Additional Storage Room Available 1301/108 ALBERT STREET, BRISBANE CITY","1301/108 Albert Street, Brisbane City, Q",Sale By Negotiation,76m² •,2,2
propertyguru-0316,3 Dover Road,3 Dover Road,"S$ 399,000",699,2,2
rightmove-1265,5 bedroom detached house for sale in Rednal Road,"Rednal Road, Kings Norton, Birmingham, B","£795,000",Freehold,5,3
propertyguru-0043,629 Senja Road,629 Senja Road,"S$ 635,000","1,184",3,2
realestate-0325,"Dual income, 2 units on one title & 2906m2 of sub-dividable land 29 BIMBURRA ROAD, GLENORCHY","29 Bimburra Road, Glenorchy, Tas 7010 4 ",Contact Agent,"2,906m² •",4,2
realestate-0758,"Modern & Spacious Townhouse in Prime Location – Perfect for First Home Buyers or Investors! 7/53 WATERFORD STREET, KELLYVILLE RIDGE","7/53 Waterford Street, Kellyville Ridge,",Contact Agent,204m² •,3,2
propertyguru-1368,Precinct 15,"Putrajaya, Putrajaya","RM 1,350,000","2,800",5,5
realestate-0972,"High Floor Two Bedrooms In SkyCity with Breathtaking Views! 5613/222 MARGARET STREET, BRISBANE CITY","5613/222 Margaret Street, Brisbane City,","Offers Over $595,000!",63m² •,2,1
zillow-1971,For sale by owner,"19958 Miller Canyon Ranch Rd, Glade Park","$565,000","1,820",3,2
zillow-0388,For sale | For sale | For sale | For sale,"299 Reedy Meadow Rd, Groton, MA 01450","$750,000","2,466",3,3
rightmove-1957,4 bedroom detached house for sale in Bassett Green Road,"Bassett Green Road, Southampton, SO16","£1,000,000",Freehold,4,3
realtor-0821,Multi-family home for sale | Multi-family home for sale | Multi-family home for sale | Multi-family home for sale,"1996 W Jefferson Blvd, Los Angeles, CA 9","$949,900","3,773",6,6
rightmove-0782,4 bedroom apartment for sale in Sommerville Court,"Sommerville Court, Park Lane, Salford, M","£695,000",Leasehold,4,3
rightmove-1479,5 bedroom detached house for sale in Lee Road,"Lee Road, Burton Joyce, Nottingham, Nott","£875,000",Freehold,5,1
realtor-0733,House for sale | House for sale,"20763 Pine Cone Cir, Porter Ranch, CA 91","$1,595,000","2,664",4,3
realtor-1187,NEW | Multi-family home for sale | Multi-family home for sale | Multi-family home for sale | Multi-family home for sale,"19 A and B Big Spring Rd, Picayune, MS 3","$239,900","2,294",6,2
propertyguru-1227,Avantro Residences,"Jalan BK 5A/2D, Taman Kinrara, Bandar Ki","RM 528,000",904,3,2
zillow-0573,For sale | For sale | For sale | For sale,"632 Jacobs Hollow Rd, Sneedville, TN 378","$149,900","1,212",2,2
realtor-1986,Land for sale | Land for sale,"301 N Monarch Ln, Horseshoe Bend, AR 725",$750,0.3,,
rightmove-0787,6 bedroom terraced house for sale in The Priory,"The Priory, Salford, M7","£695,000",Freehold,6,5
realestate-0388,"GREAT WAY TO START 14 RUE GRANDE MONDE, SALE","14 Rue Grande Monde, Sale, Vic 3850","$525,000",,4,2
realtor-0681,Townhouse for sale | Townhouse for sale | Townhouse for sale | Townhouse for sale,"9917 Independence Ave Unit C, Chatsworth","$575,000","1,079",2,2
zillow-0040,Coming soon,"7 Barnett St, Rockaway Boro, NJ 07866","$450,000",--,3,2
rightmove-1146,7 bedroom house for sale in Rednal Road,"Rednal Road, Birmingham, B38","£1,300,000",Freehold,7,7
propertyguru-0970,Seletar Springs Condominium,110 Gerald Drive,"S$ 1,350,000","1,270",2,2
rightmove-1603,5 bedroom detached house for sale in Trent Lane,"Trent Lane, Long Eaton, Nottinghamshire,","£700,000",Freehold,5,4
propertyguru-1119,TRX Residences,"Jalan Tun Razak, KL City Centre, Kuala L","RM 1,350,000",624,1,1
propertyguru-1473,Ready Move In [Fully Furnished] Only 420k !! Walking Distance To MRT Taman Midah,"Cheras, Kuala Lumpur","RM 427,869","1,178",3,2
realestate-1406,"443 Queen St Riverfront living at a fraction of the average price 1501/443 QUEEN STREET, BRISBANE CITY","1501/443 Queen Street, Brisbane City, Ql",For Sale,73m² •,1,1
zillow-1117,Coming soon,"2716 38th St NW, Washington, DC 20007","$2,150,000","2,900",4,4
realestate-0452,"Effortless Living with Balcony Views 315/90 SWAIN STREET, GUNGAHLIN","315/90 Swain Street, Gungahlin, ACT 2912","$449,000+",88m² •,2,2
realestate-0886,"Rare Opportunity: Luxury One-Bedroom Apartment with Carpark Space 1706/8 ADELAIDE STREET, BRISBANE CITY","1706/8 Adelaide street, Brisbane City, Q","$830,000",57m² •,1,1
rightmove-1209,3 bedroom farm house for sale in Innage Farm,"Innage Farm, Illey Lane, Halesowen","£925,000",Freehold,3,1
realtor-1867,Mobile house for sale | Mobile house for sale,"217 Little River 182, Ashdown, AR 71822","$390,000","2,280",5,2
zillow-0891,Active | Active | Active | Active,"1618-20 Touro St, New Orleans, LA 70116","$119,900","2,624",4,2
propertyguru-1911,Pavilion Square,"Jalan Raja Chulan, Bukit Bintang, KL Cit","RM 2,300,000",978 sqft,2,2
propertyguru-1992,Residensi Kajang Utama,"Jalan 2/1, Taman Kajang Utama, Kajang, S","RM 337,000",904,3,2
realtor-1906,House for sale | House for sale,"1904 Tull Dr, Pea Ridge, AR 72751","$530,000","2,395",4,2.5
realestate-1740,"Stunning Sky-High Living at Brisbane CBD 6901/222 MARGARET STREET, BRISBANE CITY","6901/222 Margaret Street, Brisbane City,","Offer Above $1,100,000",107m² •,2,2
rightmove-0502,4 bedroom semi-detached house for sale in Druids Cross Gardens,"Druids Cross Gardens, Calderstones, Live","£650,000",Freehold,4,1
zillow-0871,For sale | For sale | For sale | For sale,"1526 Big Horn Dr, Houston, TX 77090","$485,000","3,895",5,4
propertyguru-0042,409B Fernvale Road,409B Fernvale Road,"S$ 738,000","1,238",3,2
propertyguru-1477,Villa Wangsamas,"- Jalan Seri Wangsa 1, Wangsa Maju, Kual","RM 510,000","1,267",3,3
propertyguru-0346,Two brand new inter terrace with lift in the East Coast Joo Chiat vicinity,"Onan Road, Carpmael Road, East Coast Roa","S$ 6,980,000","2,365",6,7
zillow-1927,For sale | For sale | For sale | For sale | For Sale | For Sale,"15818 N 25th St UNIT 124, Phoenix, AZ 85","$300,000","1,355",3,2
realestate-0904,"Unique LIving Opportunity 31 SCENIC DRIVE, AMERICAN RIVER","31 Scenic Drive, American River, SA 5221","$850,000 to $930,000",,3,1
realtor-1185,"Brandon, MS","Pecan Cir, Brandon, MS 39042","$314,900","1,706",4,2
zillow-0363,For sale | For sale | For sale | For sale,"235 Calvert Dr, Lusby, MD 20657","$399,000","1,728",3,4
rightmove-0237,12 bedroom terraced house for sale in Westbourne Gardens,"Westbourne Gardens, London, W2","£13,500,000",Freehold,12,12
zillow-0846,For sale | For sale | For sale | For sale,"1451 Chamberlain Dr, Iowa City, IA 52240","$400,000","2,655",5,3
propertyguru-1650,Savanna Executive Suite @ Southville City,"Southville City Jalan BLS 2, Bangi, Sela","RM 340,000","1,017",3,2
propertyguru-0711,478B Yishun Street 44,631 Hougang Avenue 8,"S$ 518,000",721,2,2
propertyguru-1495,READY MOVE IN [ 0% Down Payment ] Below Market Price 30% Walking Distance To MRT Station KLCC,"10 Stonor Persiaran Stonor, KLCC, KL Cit","RM 1,185,000",801,3,2
rightmove-0859,Land for sale in Land At Flamborough,"Land At Flamborough, Buckton, Bridlingto","Guide Price £3,850,000","17,096,864 sq ft",,
rightmove-0016,4 bedroom apartment for sale in One Hyde Park,"One Hyde Park, Knightsbridge | One Hyde ","£25,000,000",Ask agent,4,4
realtor-0412,Co-op for sale | Co-op for sale | Co-op for sale | Co-op for sale,"17 Hibiscus Cir Unit 17, Hopewell Juncti","$49,000",580,1,1
zillow-0387,For sale by owner,"299 Pavonia Ave APT 3-10, Jersey City, N","$2,450,000","7,000",5,3
rightmove-1886,4 bedroom detached house for sale in Gwydryn Road,"Gwydryn Road, Abersoch, Pwllheli, LL53","£835,000",Freehold,4,2
propertyguru-0440,The Viridian,6 Jalan Ampas,"S$ 1,600,000",893,2,2
zillow-1709,Auction See all 49 photos,"8947 E Highway 252, Greenwood, AR 72936",Est. $1,"4,525",5,6
propertyguru-0002,938 Hougang Street 92,938 Hougang Street 92,"S$ 778,000","1,313",3,0
realtor-1954,Land for sale | Land for sale,"1712 Peaceful Hollow Dr, Horseshoe Bend,",$750,0.31,,
propertyguru-0737,Mandarin Gardens,5 Siglap Road,"S$ 3,115,000","2,034",3,4
realestate-1077,"Mid $400,000’s 3 Fosbery Court, Wanneroo 1 1 1","22/65 The Parkway, Ellenbrook, WA 6069 2","From $469,000",,2,2
propertyguru-1673,KLCC [Freehold] Foreigner Eligible [0 DP] Investment Condo [200m to KLCC],"KLCC, KL City Centre, Kuala Lumpur","RM 600,000","1,250",3,2
realestate-0732,"DARLING RANGE VIEWS 407/36 TENTH AVENUE, MAYLANDS","407/36 Tenth Avenue, Maylands, WA 6051 1","from $299,000",,1,1
realestate-0883,"SUBLIME DESIGNER PENTHOUSE ON EXCLUSIVE SOUTH TERRACE - Prestigious PARAGON ON THE PARK. C.2024 Luxurious Penthouse, Panoramic North Facing CBD Views...","601/278 South Terrace, Adelaide, SA 5000",CONTACT AGENT,246m² •,3,2
propertyguru-0090,488D Choa Chu Kang Avenue 5,488D Choa Chu Kang Avenue 5,"S$ 635,000","1,001",3,2
realestate-1671,"MORE THAN YOU WOULD EXPECT 21 PORT ROAD, KADINA","21 Port Road, Kadina, SA 5554","$465,000",950m² •,3,1
propertyguru-1114,TRX Residences,"Jalan Tun Razak, KL City Centre, Kuala L","RM 2,100,000",850,2,2
zillow-1981,Active | Active | Active | Active,"21132 Mire Dr, Abita Springs, LA 70420","$510,000","3,129",5,3
zillow-1424,For sale | For sale | For sale | For sale,"4831 Alton Pl NW, Washington, DC 20016","$2,250,000","3,625",4,5
rightmove-0493,3 bedroom detached house for sale in Litherland Park,"Litherland Park, Liverpool, L21","£670,000",Freehold,3,2
rightmove-1238,4 bedroom detached house for sale in Hazeley Close,"Hazeley Close, Harborne","£835,000",Freehold,4,3
realtor-1204,"Brandon, MS","214 Boxwood Cir, Brandon, MS 39047","$245,000","1,808",3,2
propertyguru-1401,Country Garden Central Park,"Persiaran Aliff Harmoni Utama, Johor Bah","RM 328,000",600,3,2
zillow-0519,For sale | For sale | For sale | For sale | For Sale | For Sale,"515 W Romley Ave, Phoenix, AZ 85041","$300,000","1,972",3,2
rightmove-0833,Farm house for sale in Carlshead Farm,"Carlshead Farm, Paddock House Lane, Sick","£8,300,000",Freehold,11,9
propertyguru-1517,Bay Point @ Country Garden Danga Bay,Jalan Skudai Off Country Garden Danga Ba,"RM 468,000",700,2,1
propertyguru-0724,674B Jurong West Street 65,336 Jurong East Avenue 1,"S$ 650,000","1,184",3,2
propertyguru-0363,Springleaf Garden,Springleaf Road,"S$ 5,500,000","3,480",5,3
realestate-0966,"Brand New Bespoke Felton Masterpiece of Timeless Sophistication 17 GREENDALE AVENUE, PYMBLE","17 Greendale Avenue, Pymble, NSW 2073 5 ",Auction 24th May,821m² •,5,4
rightmove-0884,Character property for sale in Heath,"Heath, Nr Wakefield, West Yorkshire","£3,000,000","15,000 sq ft",,
propertyguru-0428,Terra Hill,18 Yew Siang Road,"S$ 2,398,000",969,3,2
rightmove-1384,9 bedroom semi-detached house for sale in Holgate,"Holgate, Clifton Village, Nottingham, No","£2,600,000",Freehold,9,6
rightmove-0446,15 bedroom house for sale in boundary lane,"boundary lane, liverpool","£739,995",Freehold,15,1
rightmove-1376,4 bedroom detached house for sale in Woodborough,"Woodborough, Nottinghamshire","£7,000,000",Freehold,4,4
realtor-1672,Condo for sale | Condo for sale,"250 NW 67th St Apt 322, Boca Raton, FL 3","$390,000","1,300",3,2
realtor-1697,Townhouse for sale | Townhouse for sale | Townhouse for sale | Townhouse for sale,"3602 Sonoma Dr, Riviera Beach, FL 33404","$375,000","1,727",3,2.5
realestate-1151,"Modern Luxury and Elegance Redefined 17B ACACIA AVENUE, MENTONE","17B Acacia Avenue, Mentone, Vic 3194","$1,490,000 - $1,639,000",40m² •,5,2
propertyguru-0023,Loft@Holland,151 Holland Road,"S$ 1,900,000",980,2,2
propertyguru-1925,The Northshore Gardens,"3 Persiaran Residen, Desa Parkcity, Kual","RM 1,320,000","1,507",2,3
realestate-0230,"CHARMING, SPACIOUS TOWNHOUSE WITH OFFICE 3/6 VOYAGER STREET, STUART PARK","3/6 Voyager Street, Stuart Park, NT 0820","$595,000",252m² •,2,3
zillow-1150,New | New | New,"2917 N Esquire Dr, Boise, ID 83704","$450,000","1,332",3,3
rightmove-0075,2 bedroom flat for sale in Gloucester Avenue,"Gloucester Avenue, Primrose Hill NW1","£980,000",Leasehold,2,2
rightmove-0511,6 bedroom detached house for sale in Thistledown Drive,"Thistledown Drive, Hightown, Liverpool","£650,000",Freehold,6,3
rightmove-1536,5 bedroom detached house for sale in Moore Road,"Moore Road, Mapperley, Nottingham, NG3","£760,000",Freehold,5,5
zillow-0283,For sale | For sale | For sale | For sale,"146 Orchard Ln, Alexandria, KY 41001","$375,000","1,908",3,2
rightmove-1366,3 bedroom detached bungalow for sale in Grimpits Lane,"Grimpits Lane, Headley Heath","£650,000",Freehold,3,3
realestate-1459,"Stunning Townhouse with Scenic Lake Views 8 PEPPERMINT ROW, OFFICER","8 Peppermint Row, Officer, Vic 3809 3 2 ","$575,000 - $625,000",127m² •,3,2
realtor-1349,Townhouse for sale | Townhouse for sale | Townhouse for sale | Townhouse for sale,"2605 Scrapbook St, Kissimmee, FL 34746","$499,998","1,902",4,3
realestate-0540,"Investment-ready dual-key twin studio apartments 1017/43B KNUCKEY STREET, DARWIN CITY","1017/43B Knuckey Street, Darwin City, NT","Offers over $399,000",85m² •,2,2
realtor-1754,House for sale | House for sale,"476 Augusta Dr, El Dorado, AR 71730","$636,000","3,576",5,3
realestate-1016,"cheerful.hideaway 42 BOULT PLACE, MELBA","42 Boult Place, Melba, ACT 2615",Auction Event Wednesday 28 May,,2,1
realtor-0106,Mobile house for sale | Mobile house for sale,"45 Rod and Gun Club Rd, Oneonta, NY 1382","$159,900","1,205",3,1
realestate-0372,"Easy living in Elizabeth East 22 MILAN STREET, ELIZABETH EAST","22 Milan Street, Elizabeth East, SA 5112","$475,000 - $499,000",302m² •,2,1
propertyguru-0755,Tembeling Centre,252 Tembeling Road,"S$ 3,500,000","2,152",3,3
realestate-0932,"Four Luxury Apartments - A Rare & Elegant Investment 292 PARK STREET, NEW TOWN","292 Park Street, New Town, Tas 7008 8 4 ",Offers Invited,295m² •,8,4
zillow-0436,For sale by owner | For sale by owner | For sale by owner | For sale by owner,"360 Beach 59th St, Arverne, NY 11692","$50,000",470,2,1
rightmove-0586,6 bedroom semi-detached house for sale in Corkland Road,"Corkland Road, Manchester, Greater Manch","£1,490,000",Freehold,6,3
realtor-0081,Coming soon,"12 Crafton Ave, Staten Island, NY 10314","$849,900","1,738",3,1
rightmove-1596,4 bedroom cottage for sale in High Road,"High Road, Chilwell Beeston, Nottinghams","£700,000",Freehold,4,2
realtor-0741,Multi-family home for sale | Multi-family home for sale | Multi-family home for sale | Multi-family home for sale,"14244 Delano St, Van Nuys, CA 91401","$1,075,000","3,800",8,4
rightmove-0296,5 bedroom detached house for sale in Woolton Mount,"Woolton Mount, Woolton, Liverpool, L25","£2,000,000",Freehold,5,4
rightmove-1358,4 bedroom detached house for sale in Wheeleys Road,"Wheeleys Road, Edgbaston, Birmingham, B1","£675,000",Freehold,4,2
zillow-0934,For sale | For sale | For sale | For sale,"1816 Auburn Ct, Norman, OK 73071","$339,900","2,285",3,3
realestate-0618,"test 1 TEST ESSENTIAL LAND, WYCLIFFE WELL","1 test essential land, Wycliffe Well, NT","$2,000,000",,,
realestate-1930,"Spacious Family Home with Stunning Brindabella Views 31 KIRKWOOD CRESCENT, GORDON","31 Kirkwood Crescent, Gordon, ACT 2906 4",Auction 17/05/2025,"1,066m² •",4,2
propertyguru-1068,Subang Perdana Goodyear Court 10,"Jalan Subang Indah, USJ 15, Subang Jaya,","RM 316,000",850,3,2
realestate-1728,"Boutique City-Fringe Living at 'Green-Edge' 602/1 RAILWAY PLACE, RICHMOND","602/1 Railway Place, Richmond, Vic 3121 ","$500,000-$520,000",,2,1
propertyguru-0234,13 Farrer Park Road,13 Farrer Park Road,"S$ 990,000",968,3,2
zillow-1405,For sale | For sale | For sale | For sale,"4664 S Union Street, Morrison, CO 80465","$587,000","1,656",2,2
zillow-1515,For sale | For sale | For sale | For sale | For Sale | For Sale | For Sale | For Sale,"5918 E 127th Pl S, Bixby, OK 74008","$600,000","3,311",5,4
rightmove-1570,5 bedroom farm house for sale in Beauvale Farm,"Beauvale Farm, 50 Beauvale, Nottinghamsh","£730,000",Freehold,5,3
propertyguru-1739,Banyan Close,"Jalan Mahkota 1, Kajang, Selangor","RM 2,200,000","11,170",6,6
zillow-1064,For sale by owner,"2486 Whitmore Lake Rd, Ann Arbor, MI 481","$525,000","2,331",4,2
zillow-1678,For sale | For sale | For sale | For sale,"8404 S Toledo Ave, Tulsa, OK 74137","$239,900","2,112",3,2
propertyguru-0289,D'Castilia,45 Joo Chiat Lane,"S$ 1,800,000","1,206",2,2
realtor-0293,open house 5/17,"614 Spruce Ave, Sayville, NY 11782","$759,990","2,250",4,3
rightmove-2058,4 bedroom detached house for sale in Greenways,"Greenways, Stoneham, Southampton, Hampsh","£650,000",Freehold,4,2
propertyguru-1791,Freehold Hottest Condo Platz Hotel Concept Setapak KLCC Full Furnish,"KLCC, KL City Centre, Kuala Lumpur","RM 400,000","1,010",4,2
rightmove-0916,6 bedroom manor house for sale in Gilling Lodge,"Gilling Lodge, High Street, Gilling West","£2,700,000",Freehold,6,5
realestate-0517,"100 Acres Nature & Two Residences 25-67 BOUNDARY ROAD, KREMNOS","25-67 Boundary Road, Kremnos, NSW 2460","$2,250,000",40.47ha •,7,2
zillow-0221,For sale | For sale | For sale | For sale,"105 Hazy River Way, Lafayette, LA 70508","$369,500","1,820",3,2
realestate-0287,"Sainte-Etoile C.2003 155 EAST TERRACE, ADELAIDE","155 East Terrace, Adelaide, SA 5000 5 5 ",SOLD By Peter & Glenn McMillan,642m² •,5,5
realtor-1763,For rent | For rent | For rent | For rent | For rent,,"$875 - $1,326","600 - 1,075",1 - 2,1 - 2
realtor-0384,House for sale | House for sale,"26 Polo Field Ln, Lake Success, NY 11020","$2,350,000","3,366",5,3.5
zillow-0587,For sale | For sale | For sale | For sale | For Sale | For Sale | For Rent | For Rent | For Rent | For Rent | For Rent | For Rent | For Rent | For Ren,"690 SW 1st Ct APT 2717, Miami, FL 33130","$495,000","1,113",2,3
zillow-0567,New,"623 N Benton St, Palatine, IL 60067","$300,000","1,369",4,2
rightmove-1724,3 bedroom detached house for sale in Nant Y Gamar Road,"Nant Y Gamar Road, Llandudno, Conwy (Cou","£1,250,000",Freehold,3,2
zillow-0236,For sale | For sale | For sale | For sale,"110 W South Holly Rd, Fenton, MI 48430","$239,900","1,700",3,2
rightmove-1126,Block of apartments for sale in Block 11 The Mint,"Block 11 The Mint, Mint Drive, Jewellery","£1,525,000",Leasehold,Studio,1
rightmove-1276,4 bedroom detached house for sale in Hamlet Road,"Hamlet Road, Hall Green","£750,000",Freehold,4,2
rightmove-0353,5 bedroom house for sale in Dowhills Road,"Dowhills Road, Blundellsands, Merseyside","£1,100,000",Ask agent,5,3
rightmove-1037,6 bedroom detached house for sale in Danby Head,"Danby Head, Danby, Whitby","£1,850,000",Freehold,6,2
realtor-0737,House for sale | House for sale,"5405 Via Donte, Marina del Rey, CA 90292","$6,495,000","4,850",4,4.5
propertyguru-1297,220k New Condo【5min to KLCC】Linked Bridge to LRT Station Best Investment - KL City,"KL City Centre, Kuala Lumpur","RM 220,000",450,2,1
rightmove-1504,5 bedroom detached house for sale in Mapperley Plains,"Mapperley Plains, Mapperley, Nottinghams","£800,000",Freehold,5,4
realestate-1640,"Brand New and affordable with Quality you want !!!! 17 WILLOWLEAF STREET, BEVERIDGE","17 Willowleaf Street, Beveridge, Vic 375",Call Before it's SOLD !!,,4,2
rightmove-1403,4 bedroom detached house for sale in Beeston Fields Drive,"Beeston Fields Drive, Beeston, Nottingha","£1,500,000",Freehold,4,3
realtor-1881,House for sale | House for sale,"4915 Albert Pike Rd, Hot Springs, AR 719","$299,000","1,780",3,2
propertyguru-1931,Orion Residence Bukit Bintang,"Jln Gading, Bukit Bintang, Bukit Bintang","RM 1,398,000",497,1,1
rightmove-1467,5 bedroom detached house for sale in Nottingham Road,"Nottingham Road, Ravenshead, Nottingham","£899,950",Freehold,5,4
propertyguru-0978,Elliot at the East Coast,23 Elliot Road,"S$ 2,980,000","1,475",2,2
realtor-1264,House for sale | House for sale,"1821 19th Ave, Gulfport, MS 39501","$168,900","1,330",2,2
zillow-0106,For sale by owner,"26 Forest Ave, Lake Milton, OH 44429","$299,000","1,360",3,2
realtor-1267,House for sale | House for sale,"465 Heritage Pl, Jackson, MS 39212","$149,500","1,786",3,2
zillow-0019,Active | Active | Active | Active,"4N542 Church Rd, Bensenville, IL 60106","$250,000","1,715",2,2
rightmove-1992,6 bedroom detached house for sale in Highfield,"Highfield, Southampton","£800,000",Freehold,6,3
propertyguru-1230,The Rise Collection 2,"The Rise Collection 2, George Town, Pena","RM 388,000",800,3,2
propertyguru-0493,,723 Bedok Reservoir Road,"S$ 788,000","1,195",3,2
rightmove-0432,3 bedroom apartment for sale in The Collonades,"The Collonades, Liverpool, L3","£750,000",Leasehold,3,3
zillow-0407,Pending | Pending | Pending | Pending,"314 E Davenport St, Iowa City, IA 52245","$259,900","1,592",3,2
propertyguru-1963,Bangsar Hill Park,"Lorong Maarof, Bangsar, Kuala Lumpur","RM 1,500,000","1,478",3,4
realestate-1763,"Modern Comfort in Jane Eliza Renmark 22 IAN SHOWELL DRIVE, RENMARK","22 Ian Showell Drive, Renmark, SA 5341","$749,000",542m² •,3,2
rightmove-1312,4 bedroom terraced house for sale in Lonsdale Road,"Lonsdale Road, Harborne","£725,000",Freehold,4,2
zillow-0685,For sale | For sale | For sale | For sale,"933 M St NW APT 1, Washington, DC 20001","$610,000",905,2,2
propertyguru-0037,Verified Listing,291D Compassvale Street,"S$ 628,000","1,216",3,2
propertyguru-1364,Aspire Residence,"Aspire Residence Block 18, Cyberjaya, Cy","RM 345,000",900,3,2
zillow-0980,For sale | For sale | For sale | For sale,"2014 Dinwiddie Ave, Richmond, VA 23224","$284,500","1,758",3,2
realestate-0865,"Indulgent! 9 BRANDT COURT, ARALUEN","9 Brandt Court, Araluen, NT 0870 4 2 4 8","$765,000",840m² •,4,2
propertyguru-0355,Reflections at Keppel Bay,15 Keppel Bay View,"S$ 3,550,000","1,668",3,4
realtor-1689,House for sale | House for sale,"3728 S Eastpark Way, Homosassa, FL 34448","$275,000","1,446",3,2
rightmove-2008,4 bedroom detached house for sale in Lingwood Close,"Lingwood Close, Bassett, Southampton, Ha","£750,000",Freehold,4,1
propertyguru-1418,The M @ Medini Macrolink,"Persiaran Medini Sentral 1, Medini, Iska","RM 475,000",753,2,2
propertyguru-0204,Marina One Residences,23 Marina Way,"S$ 1,350,000",689,1,1
propertyguru-1255,READY MOVE IN [ 0% Down Payment ] Below Market Price 30% Walking Distance To MRT Station KLCC,"Lorong Universiti Jalan Universiti, Peta","RM 610,000",853,2,2
realtor-1055,Land for sale | Land for sale,"Little Black Creek Rd, Lumberton, MS 394","$695,000",110,4,3
realtor-1638,"Palm Coast, FL","70 Ryland Dr, Palm Coast, FL 32164","$335,000","1,455",3,2
rightmove-1753,4 bedroom detached house for sale in Llangaffo,"Llangaffo, Gaerwen, Isle of Anglesey, LL","£1,100,000",Freehold,4,5
realtor-0622,For sale | For sale | For sale | For sale,"7672 Whitsett Ave, Los Angeles, CA 90001","$775,000","1,520",6,4
realtor-0159,House for sale | House for sale,"42-32 196 St, Flushing, NY 11358","$1,080,000","1,260",4,2.5
realestate-0065,"""On The Rocks"" – Coastal Elegance with Endless Ocean Views 69 HOWARD DRIVE, PENNESHAW","69 Howard Drive, Penneshaw, SA 5222 3 2 ","$850,000 to $890,000","1,001m² •",3,2
rightmove-1420,5 bedroom detached house for sale in Church Lane,"Church Lane, Barton-In-Fabis, Nottingham","£1,250,000",Freehold,5,4
rightmove-0898,6 bedroom detached house for sale in Fulwith Mill Lane,"Fulwith Mill Lane, Harrogate, North York","£2,895,000",Freehold,6,4
propertyguru-0456,ELTA,12 Clementi Avenue 1,"S$ 1,388,000",506,1,1
rightmove-1116,1 bedroom detached house for sale in Handsworth Wood Road,"Handsworth Wood Road, Handsworth Wood, B","£2,250,000",Freehold,,1
realtor-0020,Condo for sale | Condo for sale,"88-20 Parsons Blvd Unit 6D, Jamaica, NY ","$525,000",810,2,2
realtor-0892,House for sale | House for sale,"1078 Timberline, Summit, MS 39666","$580,000","4,345",5,3.5
realestate-0168,"Step Up to Spacious CBD Living 1603/347 ANN STREET, BRISBANE CITY","1603/347 Ann Street, Brisbane City, Qld ","Offers Over $799,000",,2,2
realestate-0454,"FIT FOR A KING & QUEEN 312 LITTLEFIELDS ROAD, MULGOA","312 Littlefields Road, Mulgoa, NSW 2745","$5,299,000 - $5,499,000",1.38ha •,5,4
zillow-0821,For sale | For sale | For sale | For sale,"1372 Shakespeare Avenue #3A, Bronx, NY 1","$119,999",650,1,1
rightmove-1657,10 bedroom detached house for sale in Harlech,Harlech,"£2,500,000",Freehold,10,9
propertyguru-1933,Park Place,"Jalan Residen Utama, Desa Parkcity, Kual","RM 1,100,000","1,010",2,2
propertyguru-1056,The Gateway Horizon Hills,"Jalan Ambang 1, Horizon Hills, Horizon H","RM 1,290,000","2,800",4,4
realestate-0995,THE RESIDENCES - PRIVATE and PRESTIGE LIVING - PRIME CENTRAL BRISBANE CBD LOCATION - PRIVATE VIEWINGS Monday 4th May BY APPOINTMENT 33/208 ADELAIDE...,"33/208 Adelaide St, Brisbane City, Qld 4",Offers Over $1.6m,136m² •,3,2
realestate-1689,"Leafy low maintenance oasis with parkland at the rear 6/29 ROSEWOOD CRESCENT, LEANYER","6/29 Rosewood Crescent, Leanyer, NT 0812",Under Contract,207m² •,3,1
propertyguru-1916,Bandar Bukit Tinggi 1 Apartment,"Lorong Batu Nilam 1B - 1E, Bandar Bukit ","RM 150,000",650,3,2
zillow-1286,For sale by owner,"3805 Penberton Ct, Ann Arbor, MI 48105","$899,000","3,463",4,4
rightmove-0213,8 bedroom penthouse for sale in Hyde Park Gate,"Hyde Park Gate, London, SW7","£14,000,000",Share of Freehold,8,8
zillow-1585,For sale by owner,"6911 SW 83rd Ct, Miami, FL 33143","$925,000","1,558",3,2
rightmove-0176,3 bedroom duplex for sale in The Whiteley,"The Whiteley, Queensway, London, W2, Uni","£15,250,000",Leasehold,3,3
rightmove-0521,4 bedroom semi-detached house for sale in Greenhill Road,"Greenhill Road, Mossley Hill, Liverpool,","£640,000",Freehold,4,4
rightmove-0895,8 bedroom detached house for sale in Cragtops,"Cragtops, Pinfold Lane, Kirk Smeaton, No","£2,950,000",Freehold,8,10
rightmove-0803,4 bedroom detached bungalow for sale in Butt Hill Road,"Butt Hill Road, Prestwich, M25","£670,000",Freehold,4,2
propertyguru-2011,South View,"2 Lorong Kerinchi Kiri, Kampung Kerinchi","RM 628,000",823,2,2
realtor-0453,House for sale | House for sale,"5516 Willowcrest Ave, North Hollywood, C","$1,199,950","1,104",3,2
realtor-1440,Contingent,"35 Camden B Unit B, West Palm Beach, FL ","$130,999",646,1,1.5
propertyguru-1179,Wira Heights,"Jalan Wira Heights, Bandar Sungai Long, ","RM 2,500,000","3,500",5,4
zillow-0931,For sale | For sale | For sale | For sale | For Rent | For Rent,"1813 B St, Iowa City, IA 52245","$389,900","2,169",3,3
realtor-1836,Land for sale | Land for sale,7.32 acre lot 7.32 acre lot 7.32 Acres S,"$98,000",7.32,3,2
realtor-0001,House for sale | House for sale,"1136 Franklin St, Watertown, NY 13601","$219,000","1,254",3,1.5
propertyguru-0322,For Sale | Millage,55 Changi Road,"S$ 779,000",463,1,2
realtor-2014,NEW | House for sale | House for sale,"100 Quiet Ct, Hot Springs, AR 71913","$369,000","2,026",3,2
zillow-1813,Pending | Pending | Pending | Pending,"11379 Brielle Ln, Nunica, MI 49448","$825,000","3,554",5,4
zillow-1634,For sale by owner,"7699 Clear Creek Ct, Blacklick, OH 43004","$1,235,000","5,706",4,5
zillow-1770,Active | Active | Active | Active,"10310 W 73rd St, Shawnee, KS 66203","$318,000","1,320",3,2
realestate-0411,"OPPORTUNITY AWAITS - huge residential block 9 SHAW STREET, KATHERINE","9 Shaw Street, Katherine, NT 0850 3 1 3 ","$279,000",929m² •,3,1
propertyguru-0178,260B Kebun Baru Court,260B Ang Mo Kio Street 21,"S$ 1,018,888","1,001",3,3
rightmove-1532,5 bedroom detached house for sale in 146 Lambley Lane,"146 Lambley Lane, Burton Joyce, Nottingh","£770,000",Freehold,5,4
propertyguru-1307,READY MOVE IN [ 0% Down Payment ] Below Market Price 30% Walking Distance To MRT Station KLCC,"Jalan SL 9/9d, Bandar Sungai Long, Selan","RM 760,000","2,000",4,3
propertyguru-1219,Grand Ion Majestic,"Jalan Ion Delemen Jalan Ion Delemen, Gen","RM 380,000",380,Studio,1
realtor-0859,House for sale | House for sale,"8506 Magnolia Dr, Los Angeles, CA 90046","$1,749,000","1,548",2,2
rightmove-0009,5 bedroom duplex for sale in Park Crescent,"Park Crescent, London, W1B","£26,425,000",Leasehold,5,6
rightmove-0797,6 bedroom detached bungalow for sale in Boardman Road,"Boardman Road, Crumpsall, M8","£675,000",Leasehold,6,3
rightmove-1327,5 bedroom detached house for sale in Berwood Farm Road,"Berwood Farm Road, Sutton Coldfield, Wes","£700,000",Freehold,5,4
zillow-1720,Show for backups,"9225 Hayes Dr, Overland Park, KS 66212","$350,000","1,511",3,2
zillow-0486,For sale by owner,"440 Japonica Way, Boulder, CO 80304","$12,000,000","5,244",3,5
zillow-1048,For sale by owner,"2375 Doc Holiday Dr, Park City, UT 84060","$1,539,000","2,146",3,3
rightmove-0661,4 bedroom semi-detached house for sale in Edge Lane,"Edge Lane, Chorlton","£895,000",Freehold,4,5
realtor-0198,Co-op for sale | Co-op for sale | Co-op for sale | Co-op for sale,"828 Gerard Ave Apt 2G, Bronx, NY 10451","$235,000","8,900",1,1
rightmove-0145,10 bedroom terraced house for sale in Lowndes Street,"Lowndes Street, Belgravia, London, SW1X","£16,500,000",Freehold,10,12
zillow-1163,See all 67 photos,"3007 Cedarbrook Rd, Ann Arbor, MI 48105","$575,000","2,344",5,4
zillow-0646,For sale by owner,"833 N Camino Pico, Washington, UT 84780","$900,000","3,227",4,3
rightmove-0904,House for sale in Churchfield Lane,"Churchfield Lane, Kexborough, Barnsley, ","£2,750,000",Freehold,2,
realtor-0812,House for sale | House for sale,"3350 Linda Vista Ter, Los Angeles, CA 90","$799,950","1,282",3,1
propertyguru-2038,Imperial Jade Residenz,"Jalan Persiaran Sinaran Ilmu, Bandar Ser","RM 588,000","1,665",4,3
propertyguru-1066,Putra Heights Subang Jaya 24x75 intermediate,"Putra Heights, Subang Jaya, Selangor","RM 918,000","2,400",4,4
rightmove-0215,6 bedroom house for sale in Pembridge Crescent,"Pembridge Crescent, Notting Hill, London","£14,000,000",Freehold,6,6
realestate-0615,"Want a city view ? 1302/555 FLINDERS STREET, MELBOURNE","1302/555 Flinders Street, Melbourne, Vic","$340,000",,1,1
realtor-0640,Townhouse for sale | Townhouse for sale | Townhouse for sale | Townhouse for sale,"10145 Larwin Ave Unit 2, Chatsworth, CA ","$689,900","2,138",4,2.5
realestate-1509,"Ultimate City Living 111/56 FORBES STREET, TURNER","111/56 Forbes Street, Turner, ACT 2612",Auction,103m² •,2,2
rightmove-1332,3 bedroom detached house for sale in Vittoria Street,"Vittoria Street, Jewellery Quarter, Birm","£695,000",Freehold,3,3
propertyguru-1660,Lovell @ Country Garden Danga Bay,Jalan Skudai Off Country Garden Danga Ba,"RM 850,000","1,216",3,3
zillow-0159,For sale | For sale | For sale | For sale | Lot/Land | Lot/Land,"56 NW 60th St, Miami, FL 33127","$350,000","1,982",5,4
rightmove-1761,3 bedroom park home for sale in Abersoch,"Abersoch, Pwllheli, LL53","£1,075,000",Ask agent,3,2
realestate-1514,"Substantial Family Home with Sublime Views 72 DIAMOND DRIVE, BLACKMANS BAY","72 Diamond Drive, Blackmans Bay, Tas 705","Offers Over $1,085,000",796m² •,6,3
realtor-0452,House for sale | House for sale,"4936 Strohm Ave, Toluca Lake, CA 91601","$3,950,000","4,381",6,6.5
realtor-1439,House for sale | House for sale,"6159 SW 22nd St, Miami, FL 33155","$824,900","1,563",3,3.5
realestate-1174,"Coastal Luxury with Uninterrupted Ocean Views 25 SUNSET STRIP, MANYANA","25 Sunset Strip, Manyana, NSW 2539","$3,500,000 - $3,800,000",556m² •,4,2
zillow-0588,For sale | For sale | For sale | For sale,"701 East Lincoln AVENUE, Milwaukee, WI 5","$349,000","1,250",3,1
zillow-1323,For sale | For sale | For sale | For sale,"4121 NW Apache Trl, Topeka, KS 66618","$255,000","1,755",3,2
realestate-0620,City & Ocean Views,"5503/228 La trobe, Melbourne, Vic 3000",Level 55,,2,1
propertyguru-1702,Twin Palms @ Sungai Long,"Bandar Sungai Long, Selangor","RM 980,000","2,080",4,4
realestate-0977,"Natural Light, Thoughtful Design, and a Location You'll Love 27 MANNING CLARK CRESCENT, FRANKLIN","27 Manning Clark Crescent, Franklin, ACT",Auction 24/05/2025 at 12:00pm,405m² •,4,2
realtor-1360,House for sale | House for sale,"249 Tracino Ter, Nokomis, FL 34275","$468,900","1,518",2,2
rightmove-0035,4 bedroom apartment for sale in Mayfair Park Residence,Mayfair Park Residence,"£23,709,660",Leasehold,4,4
realestate-1952,"A Contemporary, Coastal Entertainer. 33 JOHNSTONE STREET, GLENGOWRIE","33 Johnstone Street, Glengowrie, SA 5044",$1.295M — $1.395M,306m² •,4,2
rightmove-1546,3 bedroom detached house for sale in Manor Court,"Manor Court, Bramcote","£750,000",Freehold,3,2
realtor-1444,House for sale | House for sale,"3843 Beacon Ridge Way, Clermont, FL 3471","$469,000","2,276",3,3
realtor-0915,For rent | For rent | For rent | For rent | For rent,,$900,"780 - 1,080",4,2
propertyguru-1011,Poshgrove East,329 East Coast Road,"S$ 2,468,000","1,733",2,3
propertyguru-0253,JadeScape | JadeScape | JadeScape | JadeScape,314 Shunfu Road,"S$ 1,680,000",764,2,2
realtor-1922,Contingent,"202 Pecan St Unit 202, Hot Springs, AR 7","$365,000","1,194",3,2.5
zillow-0604,Off Market,"718 N Avers Ave, Chicago, IL 60624","$299,000",--,4,2
realtor-0066,Multi-family home for sale | Multi-family home for sale | Multi-family home for sale | Multi-family home for sale,"1582 Clifford Ave, Rochester, NY 14609","$99,900","1,807",5,2
rightmove-0497,7 bedroom semi-detached house for sale in Queens Drive,"Queens Drive, Mossley Hill, Liverpool, M","£650,000",Ask agent,7,3
realtor-0984,House for sale | House for sale,"2068 Magnolia Dr, Grenada, MS 38901","$169,500","2,555",3,3
zillow-1938,Coming soon,"16441 E Horseshoe Trl, Linden, MI 48451","$348,900","1,623",3,2
realtor-1958,Condo for sale | Condo for sale,"501 Belvedere Dr Unit C1, Hot Springs, A","$178,000","1,443",3,2
realtor-0581,House for sale | House for sale,"16135 Huston St, Encino, CA 91436","$1,450,000","2,224",4,3
realtor-1318,For rent | For rent | For rent | For rent | For rent,,"$1,595 - $1,695",650,1,1
rightmove-1551,5 bedroom detached house for sale in Fowler Road,"Fowler Road, Edwalton, Nottinghamshire, ","£750,000",Freehold,5,3
propertyguru-1275,Below Market Price 5 min to Mid Valley. 2-3 rooms fully furnished,"Desa Petaling, Kuala Lumpur","RM 300,000",625,3,2
realtor-1154,House for sale | House for sale,"1460 Mount Olivet Rd, Batesville, MS 386","$325,000","2,025",4,3
zillow-1307,Active | Active | Active | Active,"3927 Hamburg St, New Orleans, LA 70122","$265,000","1,370",3,2
rightmove-0951,9 bedroom detached house for sale in Ash House Farm,"Ash House Farm, Sconce Lane, Baildon, Sh","£2,375,000",Freehold,9,8
zillow-1895,For sale | For sale | For sale | For sale | For Sale | For Sale,"14221 SW 160th Ter, Miami, FL 33177","$664,900","1,716",3,3
zillow-0412,For sale by owner,"317 E Belmont Ave, Phoenix, AZ 85020","$775,000","2,144",4,2
realestate-1152,"Bathed in Natural Light, Designed for Easy Living 8/2 TRIST STREET, FRANKLIN","8/2 Trist Street, Franklin, ACT 2913 1 1","$375,000+",,1,1
zillow-0421,For sale | For sale | For sale | For sale,"330 Fairview Ave, Rehoboth, MA 02769","$609,900","1,898",4,2
realestate-0568,"Renovate, Reimagine, or Reap the Rewards 7 STANLEY STREET, HACKETT","7 Stanley Street, Hackett, ACT 2602",Auction,688m² •,3,1
rightmove-1487,5 bedroom detached house for sale in Kingston Hall,"Kingston Hall, Kingston-on-soar","£850,000",Freehold,5,3
realestate-0780,"Inner city boutique apartment for the city dweller 12/166 BATHURST STREET, HOBART","12/166 Bathurst Street, Hobart, Tas 7000","Offers Over $725,000",78m² •,2,1
rightmove-0599,5 bedroom detached house for sale in Old Broadway,"Old Broadway, Didsbury, M20","£1,300,000",Freehold,5,2
rightmove-0445,4 bedroom detached house for sale in Freshfield Road,"Freshfield Road, Freshfield, Merseyside,","£740,000",Freehold,4,2
realtor-0104,Co-op for sale | Co-op for sale | Co-op for sale | Co-op for sale,"530 Dubois Ave Apt 2C, Valley Stream, NY","$369,990",900,2,1
realestate-1163,"Charming single level residence in picturesque garden setting. 1/29 ELECTRA AVENUE, ASHWOOD","1/29 Electra Avenue, Ashwood, Vic 3147",Please contact agent,121m² •,3,2
propertyguru-0425,Hillock Green,22-28 Lentor Central,"S$ 1,771,000",710,2,2
zillow-1588,For sale | For sale | For sale | For sale,"6919 Castle Peak Dr, West Hills, CA 9130","$1,385,000","2,662",4,4
realestate-0634,"LOCATION, LOCATION - DESIRABLE ""OLD TORQUAY"" 43 PRICE STREET, TORQUAY",43 Price Street,"$1,295,000 - $1,350,000",231m² •,3,2
zillow-1073,For sale by owner,"2510 E 18th St, Chattanooga, TN 37404","$334,900","1,433",3,3
rightmove-1843,5 bedroom detached house for sale in Lower Morannedd,"Lower Morannedd, Criccieth, Gwynedd, LL5","£895,000",Freehold,5,2
realtor-1750,Mobile house for sale | Mobile house for sale | Ward,"1226 Pigeon Rd, Ward, AR 72176","$165,000","1,216",3,2
propertyguru-1025,Bungalow at Mont Kiara,"Jalan Dutamas Cempaka 2, Mont Kiara, Kua","RM 5,950,000","8,375",4,7
rightmove-0389,5 bedroom detached house for sale in Church Lane,"Church Lane, Lydiate, L31","£895,000",Ask agent,5,2
zillow-1798,For sale | For sale | For sale | For sale,"10952 Remmet Ave, Chatsworth, CA 91311","$1,395,000","2,763",5,3
propertyguru-0474,⭐️D19⭐️ Brand New Corner Terrace Serangoon Gardens,Lorong Chuan,"S$ 6,980,000","2,820",5,6
realestate-1835,"Fisherman's Village - A Landmark Opportunity 2 FISHERMANS WHARF, CAPE JAFFA","2 Fishermans Wharf, Cape Jaffa, SA 5275","Priced from $450,000","5,454m² •",1,1
realtor-1706,Land for sale | Land for sale,"246th Trce, Branford, FL 32071","$18,000",0.46,3,2
propertyguru-1397,The Royale @ Cheras,"Jalan SP 7, Batu 9, Cheras, Selangor","RM 2,980,000","6,000",7,8
propertyguru-1652,Eco Tropics,"Jalan Kota Masai Kota Masai, Pasir Gudan","RM 798,000","2,665",4,5
zillow-1966,For sale | For sale | For sale | For sale,"19044 McFarlin Dr, Germantown, MD 20874","$467,900","1,893",5,3
rightmove-1020,5 bedroom detached house for sale in St. James Drive,"St. James Drive, Harrogate, North Yorksh","£1,950,000",Freehold,5,5
zillow-1817,Foreclosure,"11514 Chetman Dr, Houston, TX 77065","$85,000","1,915",3,2
zillow-0692,For sale by owner,"950 S Oxford Rd, Grosse Pointe Woods, MI","$619,001","3,062",4,3
realestate-1376,"WAVERTREE C.1865 - ICONIC ADELAIDE LANDMARK MANSION, REIMAGINED FOR THE 21ST CENTURY AND SITED ON 2777SQM APPROX. - WILLIAMS LUXURY 64 NORTH TERRACE,...","64 North Terrace, Kent Town, SA 5067 8 3",EOI CLOSING TUESDAY 3RD JUNE AT 3:00PM (USP),"2,777m² •",8 30,30
zillow-1332,For sale | For sale | For sale | For sale | For Sale | For Sale,"4157 Gray Fox Hts, Colorado Springs, CO ","$279,900","1,479",3,2
zillow-0721,For sale | For sale | For sale | For sale,"1021 S Sage Creek Ct, Heber City, UT 840","$3,375,000","7,137",5,4
zillow-1000,Active | Active | Active | Active,"2124 Brainard St, New Orleans, LA 70113","$375,000","2,500",3,3
rightmove-0656,3 bedroom apartment for sale in Number 1 Deansgate,"Number 1 Deansgate, Manchester","£900,000",Ask agent,3,3
realtor-0276,House for sale | House for sale,"30 Bramble Ln, Melville, NY 11747","$2,099,000","4,000",5,4.5
zillow-0854,Active | Active | Active | Active,"1500 N 19th St, Boise, ID 83702","$748,000","1,438",2,1
realtor-1103,House for sale | House for sale,"11211 Road 723, Union, MS 39365","$1,250,000","3,459",3,2
rightmove-0415,5 bedroom detached house for sale in Mariners Road,"Mariners Road, Liverpool","£800,000",Freehold,5,2
realestate-1889,"Large One Bedroom Apartment in sought after 212 Margaret complex with Car Space 504/212 MARGARET STREET, BRISBANE CITY","504/212 Margaret Street, Brisbane City, ",CONTACT AGENT,70m² •,1,1
realestate-0197,"Renovated Two-Storey Beachside Haven with Premium Finishes 12 SMITH STREET, CARRUM","12 Smith Street, Carrum, Vic 3197 4 2 3 ","$970,000 - $1,020,000",,4,2
realestate-0882,"The Ultimate in Luxury Living - Exceptional Opportunity in the Landmark Queens Wharf Residences 2503/8 MARGARET STREET, BRISBANE CITY","2503/8 Margaret Street, Brisbane City, Q","Offers Over $2,450,000",139m² •,3,2
zillow-0623,For sale | For sale | For sale | For sale,"796 Mulberry Dr, Sharon, OH 43235","$349,900","1,336",3,2
zillow-1088,"Falkner III A Plan, Magnolia Pointe","2611 Chatwood Dr, Monroe, LA 71201","$219,900","2,021",3,2
propertyguru-1462,Austin Residents,"Jalan Mutiara Emas 10, Taman Mount Austi","RM 1,250,000","1,540",5,4
realestate-1017,"Heritage Living in the Heart of Brisbane City! 17/289 QUEEN STREET, BRISBANE CITY","17/289 Queen Street, Brisbane City, Qld ","Offers over $720,000",,2,2
zillow-0332,For sale | For sale | For sale | For sale | For Sale | For Sale,"208 Broadmoor Ln, Iowa City, IA 52245","$255,000","1,634",2,3
zillow-2028,For sale by owner | For sale by owner | For sale by owner | For sale by owner,"367403 E 5620th Rd, Terlton, OK 74081","$80,000","1,482",3,2
realestate-1078,"Modern city edge living! 1308/620 COLLINS STREET, MELBOURNE","1308/620 Collins Street, Melbourne, Vic ","Private Sale $375,000",,2,1
zillow-1762,For sale | For sale | For sale | For sale,"10130 Wilmore Dr, Mechanicsville, VA 231","$385,990","1,772",4,3
realtor-0317,House for sale | House for sale,"45 Abbott Dr, Halesite, NY 11743","$600,000","5,227",2,1
realestate-0293,"North-Facing Showpiece with Spectacular City Views 3115/601 LITTLE LONSDALE STREET, MELBOURNE","3115/601 Little Lonsdale Street, Melbour","$671,000 - $700,000",,2,2
propertyguru-0765,,30 Margaret Drive,"S$ 780,000",667,2,2
rightmove-1400,5 bedroom detached house for sale in The Glade,"The Glade, Melton Road, Edwalton","£1,700,000",Freehold,5,4
zillow-0586,For sale | For sale | For sale | For sale,"684 Firth Ave, Los Angeles, CA 90049","$49,999,999",--,6,10
rightmove-0926,Equestrian facility for sale in Moorsholm Lodge Farm,"Moorsholm Lodge Farm, Cow Close Lane","£2,500,000",Freehold,5,6
realtor-1955,Land for sale | Land for sale,"1704 Oxford Cir, Horseshoe Bend, AR 7251",$750,0.29,,
rightmove-0119,8 bedroom detached house for sale in Sumner Place,"Sumner Place, London, SW7","£17,500,000",Ask agent,8,5
realtor-0451,Pending | Pending | Pending | Pending,"20000 Tipico St, Chatsworth, CA 91311","$1,100,000","2,537",4,3
propertyguru-1596,Pavilion Damansara Heights,"Jalan Damanlela, Damansara Heights, Kual","RM 3,600,000","2,303",5,3
realestate-0135,"Custom-Built Tropical Haven – Luxury Living on 2 Hectares 70 BEDDINGTON ROAD, HERBERT","70 Beddington Road, Herbert, NT 0836 4 2",FOR SALE,2ha •,4,2
rightmove-1108,7 bedroom detached house for sale in Farquhar Road,"Farquhar Road, Edgbaston, Birmingham, B1","£2,750,000",Freehold,7,5
realestate-0449,"Lindisfarne - The Perfect Family Package - With Views! 12 ROWITTA ROAD, LINDISFARNE","12 Rowitta Road, Lindisfarne, Tas 7015 3","Offers over $875,000",604m² •,3,2
realtor-1719,Mobile house for sale | Mobile house for sale,"208 Clark Rd, White Hall, AR 71602","$44,000",720,2,1
propertyguru-1903,Bukit Sungai Long 3,"Persiaran Bukit Sungai Long 2, Bandar Su","RM 1,850,000","4,171",6,6
rightmove-1206,5 bedroom detached house for sale in Gillhurst Road,"Gillhurst Road , Harborne, Birmingham","£925,000",Freehold,5,3
realtor-1987,House for sale | House for sale,"501 E Elm St, Cabot, AR 72023","$134,000","1,024",2,2
propertyguru-0607,Waterfront Isle,738 Bedok Reservoir Road,"S$ 900,000",581,1,1
realtor-0531,Multi-family home for sale | Multi-family home for sale | Multi-family home for sale | Multi-family home for sale,"16731 Sherman Way, Van Nuys, CA 91406","$3,600,000","11,326",22,14
realestate-0107,"Meets the needs of modern family life. 4 KLOPPER STREET, REDWOOD PARK","4 Klopper Street, Redwood Park, SA 5097","$695,000 - $755,000",570m² •,3,1
propertyguru-1800,The WaterEdge (Pinggiran Air),"Jalan Persiaran Senibong, Permas Jaya, J","RM 2,300,000","4,435",5,7
realestate-0562,"The Ultimate Glow-Up! 26 BRAND AVENUE, USHER","26 Brand Avenue, Usher, WA 6230 4 2 1 71","Offer Over $575,000",719m² •,4,2
realestate-1575,"Incredible Development or Lifestyle Potential LOT 9 SOUTH AVENUE, BORDERTOWN","Lot 9 South Avenue, Bordertown, SA 5268",EOI - PRICE GUIDE $650K,2.85ha • Residential land,5,3
realestate-1321,"Effortless Living in a Prime Parkland Setting 21 BOTTLEBRUSH ROAD, CRAIGIEBURN","21 Bottlebrush Road, Craigieburn, Vic 30","$630,000 - $670,000",,3,2
zillow-1737,For sale | For sale | For sale | For sale,"9449 Oak Grove Rd, Morehead, KY 40351","$159,000","1,597",3,2
propertyguru-0739,Jardin,968 Dunearn Road,"S$ 2,250,000","1,098",3,2
zillow-0400,For sale by owner,"307 Whistler Creek Ct, Monument, CO 8013","$650,000","2,762",4,3
realtor-0596,Townhouse for sale | Townhouse for sale | Townhouse for sale | Townhouse for sale,"21820 Marylee St Unit 235, Woodland Hill","$915,000","2,203",3,3
realestate-1293,"EXPANSIVE HERITAGE RESIDENCE WITH PRIVATE TERRACE RESIDENCE 3/34 PATRICK STREET, HOBART","Residence 3/34 Patrick Street, Hobart, T","$1,450,000+",193m² •,4,2
zillow-1652,For sale by owner,"7929 W Cortland Pkwy, Elmwood Park, IL 6","$679,000","2,223",3,4
rightmove-2029,5 bedroom detached house for sale in Glen Eyre Drive,"Glen Eyre Drive, Southampton, Hampshire,","£700,000",Freehold,5,2
zillow-0472,For sale | For sale | For sale | For sale | Pending | For Sale | For Sale | For Sale | For Sale | For Sale | For Sale,"421 S La Fayette Park Pl APT 514, Los An","$299,888",800,1,1
propertyguru-0995,★Eminence Landed★ D17 COSTA VILLAS Brand New 3.5 Sty Terrace @ Loyang / Pasir Ris,"PASIR RIS, CHANGI AIRPORT, LOYANG, MARIA","S$ 5,060,000","1,837",5,6
rightmove-0140,4 bedroom penthouse for sale in Ebury Square,"Ebury Square, London, SW1W","£16,750,000 Knowing the purchase price means you can work out the total cost of buying the property. Read more about property price in our glossary page. Monthly mortgage payments Reduced on 13/03/202",Leasehold,4,6
zillow-0756,For sale by owner,"1133 Lucky Court, Castle Rock, CO 80109","$869,000","4,511",4,3
propertyguru-0804,❤️View Daily❤️3 units Brand New Detached Sunset View Estate❤️,Holland Road,"S$ 13,680,000","4,523",5,6
zillow-0118,For sale | For sale | For sale | For sale | For Sale | For Sale,"30 Grove St, Norfolk, MA 02056","$789,900","2,527",4,3
zillow-0148,For sale | For sale | For sale | For sale,"50 Cedar Cir, Middleton, TN 38052","$265,000",--,4,2
rightmove-1392,6 bedroom detached house for sale in Old Main Road,"Old Main Road, Bulcote, Nottingham, Nott","£1,950,000",Freehold,6,4
realestate-0913,"Great opportunity for first home buyers, downsizers, or investors! 1/65 STODDART DRIVE, BAYVIEW","1/65 Stoddart Drive, Bayview, NT 0820","$610,000",,3,2
propertyguru-1095,Vista Tiara (MBW Bay),"Danga Bay, Johor Bahru, Johor","RM 438,000",538,1,1
realestate-1051,"ELEVATED COASTAL ESCAPE WITH PANORAMIC VIEWS 33 WRIGHT TERRACE, ENCOUNTER BAY","33 Wright Terrace, Encounter Bay, SA 521","$950,000",682m² •,5,2
rightmove-0903,5 bedroom detached house for sale in Lane Top Farm,"Lane Top Farm, Whitley Road, Whitley, WF","£2,800,000",Freehold,5,4
zillow-1584,For sale | For sale | For sale | For sale,"6904 E Aberdeen St, Wichita, KS 67206","$395,000","3,708",5,5
propertyguru-1624,Laman Jasmin @ Kota Seri Emas Nilai,"Bandar Baru Nilai, Nilai, Negeri Sembila","RM 910,000","5,200",4,3
zillow-0470,Active | Active | Active | Active,"420 N Library St, Waterloo, IL 62298","$199,900","1,251",2,1
rightmove-1117,Prime Edgbaston Location,"Hagley Road - 29 Bed Hotel , Edgbaston, ","£1,999,999",Freehold,29,29
propertyguru-1770,Villa Krystal Apartment,"Jalan Silat Lincah, Skudai, Johor","RM 238,000",930,4,3
rightmove-1326,4 bedroom detached house for sale in Augustus Road,"Augustus Road, Calthorpe Estate, Edgbast","£700,000",Ask agent,4,2
realtor-1643,Land for sale | Land for sale,"7 N 13th Ter, Fernandina Beach, FL 32034","$180,000","4,792",4,3
zillow-1397,For sale | For sale | For sale | For sale,"4605 E Swilling Rd, Phoenix, AZ 85050","$765,000","1,662",3,2
zillow-0723,For sale | For sale | For sale | For sale,"1029 E Ian Dr, Phoenix, AZ 85042","$499,900","2,469",4,2
realestate-1996,"Modern Luxury Meets Everyday Comfort 16 CIRRUS STREET, SCHOFIELDS","16 Cirrus Street, Schofields, NSW 2762 3",Contact Agent,,3,2
propertyguru-0017,"Lorong Tanggam, Jalan Kayu Semi-detached",Lorong tanggam,"S$ 5,750,000","4,201",5,5
rightmove-1528,6 bedroom detached house for sale in Derby Road,"Derby Road, Long Eaton, Nottinghamshire,","£775,000",Freehold,6,3
realestate-1302,"Updated, top floor apartment with leafy outlook 40/7 MEDLEY STREET, CHIFLEY","40/7 Medley Street, Chifley, ACT 2606 2 ","$445,000+",,2,1
propertyguru-0657,713 Woodlands Drive 70,713 Woodlands Drive 70,"S$ 590,000","1,098",3,2
realestate-1678,"Affordable 4 Beds, 2 Baths 80 MARRINUP WAY, TOM PRICE","80 Marrinup Way, Tom Price, WA 6751 4 2 ","$649,000",,4,2
propertyguru-1576,Grand Medini,"Lebuh Medini Jalan Medini Utara 8, Medin","RM 383,600",571,1,1
rightmove-1739,9 bedroom detached house for sale in Llanfaelog,"Llanfaelog, Ty Croes, Sir Ynys Mon, LL63","£1,200,000",Freehold,9,9
realestate-1066,"2 STOREY PENTHOUSE - OASIS ON WOODS 39/29 WOODS STREET, DARWIN CITY","39/29 Woods Street, Darwin City, NT 0800","PRICE GUIDE $925,000",,2,2
zillow-1990,For sale | For sale | For sale | For sale,"23907 Adams Rd, Trinidad, CO 81082","$165,000",504,1,1
realestate-0860,"A home like no other! 6 BENNEVIS TURN, KINROSS","6 Bennevis Turn, Kinross, WA 6028 5 2 4 ",UNDER OFFER,602m² •,5,2
rightmove-1166,4 bedroom detached house for sale in Knightlow Road,"Knightlow Road, Harborne | Knightlow Roa","£1,100,000",Freehold,4,2
propertyguru-0399,993A Buangkok Link,993A Buangkok Link,"S$ 498,000",743,2,2
realtor-1162,House for sale | House for sale,"118 W Fourth St, Long Beach, MS 39560","$602,000","2,313",3,2.5
realestate-1248,"Live the Resort Life, Every Day: Your Dream Apartment Awaits 407/12 SALONIKA STREET, PARAP","407/12 Salonika Street, Parap, NT 0820 2","Offers Over $500,000",,2,2
rightmove-1222,5 bedroom semi-detached house for sale in Oxford Road,"Oxford Road, Moseley, Birmingham, B13","£885,000",Freehold,5,2
rightmove-0124,Equestrian facility for sale in Highwood Lodge Farm Estate,"Highwood Lodge Farm Estate, Highwood Hil","£17,000,000",Freehold,6,5
zillow-0037,For sale | For sale | For sale | For sale,"6 W Rivercrest Dr, Houston, TX 77042","$10,500,000","23,526",7,14
realtor-0462,House for sale | House for sale,"6945 Cedros Ave, Van Nuys, CA 91405","$1,149,000","1,780",4,2.5
propertyguru-0404,Grand Dunman,22 Sims Drive,"S$ 1,122,000",474,1,1
realestate-0689,"WORK REST & PLAY FROM HOME 1090 STUART HWY, BEES CREEK","1090 Stuart Hwy, Bees Creek, NT 0822",$1.175M,5.06ha •,5,3
rightmove-1228,4 bedroom detached house for sale in Heaton Drive,"Heaton Drive, Edgbaston, Birmingham, Wes","£875,000",Freehold,4,2
realestate-0216,"Near-New Contemporary Family Living with a Swimming Pool 124 TOURMALINE BOULEVARD, BYFORD","124 Tourmaline Boulevard, Byford, WA 612","Low-Mid $700,000's",420m² •,4,2
propertyguru-1489,Bukit Sungai Long 2,"Bandar Sungai Long, Selangor","RM 1,760,000","3,568",6,6
realestate-1400,"Family Home, Two Street Frontage, Work Space Below 12 BANCROFT STREET, KELVIN GROVE","12 Bancroft Street, Kelvin Grove, Qld 40",Contact Agent,607m² •,3,2
realtor-0548,Multi-family home for sale | Multi-family home for sale | Multi-family home for sale | Multi-family home for sale,"2217 S Gaffey St, San Pedro, CA 90731","$1,100,000","4,499",5,0
rightmove-0292,5 bedroom detached house for sale in Freshfield Road,"Freshfield Road, Formby, Liverpool, L37","£2,250,000",Freehold,5,4
zillow-1832,For sale | For sale | For sale | For sale,"11964 Long Acres Dr, Bentonville, AR 727","$2,185,000","4,635",5,4
realtor-1356,Land for sale | Land for sale,"4527 Oak Arbor Cir, Orlando, FL 32808","$35,000","5,262",,
propertyguru-2004,Villa Tropika,"Jalan Bistari Jalan Bistari, Bangi, Sela","RM 265,000",870,3,2
zillow-1505,For sale | For sale | For sale | For sale,"5850 W Cheery Lynn Rd, Phoenix, AZ 85031","$273,000","1,440",4,2
realestate-1601,"NEST OR INVEST! 1213/156 WRIGHT STREET, ADELAIDE","1213/156 Wright Street, Adelaide, SA 500",Best Offers By 12/5/25 @ 5pm (USP),50m² •,1,1
realestate-1390,"Light-Filled Living with Versatile Spaces in Holt 4 CHAVE STREET, HOLT","4 Chave Street, Holt, ACT 2615",Auction,709m² •,3,2
rightmove-0937,7 bedroom character property for sale in Ye Olde Mill House,"Ye Olde Mill House, Romanby, Northallert","£2,500,000",Freehold,7,6
propertyguru-1115,TRX Residences,"Jalan Tun Razak, KL City Centre, Kuala L","RM 1,300,000",624,1,1
realtor-1005,House for sale | House for sale,"78 Meadow Lake Cv, Starkville, MS 39759","$765,000","3,136",4,3.5
realestate-0021,"A swoon-worthy villa with an award-winning addition 118 KENILWORTH ROAD, PARKSIDE","118 Kenilworth Road, Parkside, SA 5063 5",Inspection tomorrow 11:45 am View all,650m² •,5,3
rightmove-0756,4 bedroom semi-detached house for sale in Kingsfield Drive,"Kingsfield Drive, Didsbury, Greater Manc","£725,000",Freehold,4,2
realtor-0442,Condo for sale | Condo for sale,"10501 Wilshire Blvd Unit 1902, Los Angel","$990,000","1,191",2,2
propertyguru-1280,Damansara Seresta,"Persiaran Meranti, Bandar Sri Damansara,","RM 833,000","1,475",4,3
zillow-1999,New,"25455 W Hilldale Ave, Antioch, IL 60002","$254,900","1,173",3,2
realestate-0045,"Versatile property with income potential in the heart of McLaren Vale Wine Region 39 CAFFREY STREET, MCLAREN VALE","39 Caffrey Street, McLaren Vale, SA 5171","$1,595,000",628m² •,6,5
realtor-1321,"Monaco 2 bed 1 bath 963 sqft 963 square feet $1,199 Contact for availability",,"$1,149 - $1,619","688 - 1,340",1 - 3,1 - 2.5
realestate-1691,"Impressive Family home with access and swimming pool 39 PAMPLONA BOULEVARD, PORT KENNEDY","39 Pamplona Boulevard, Port Kennedy, WA ","From $759,000",559m² •,4,2
realestate-1123,"So Retro It's Back In Vogue! 1/13 BIBLE STREET, ELTHAM","1/13 Bible Street, Eltham, Vic 3095","$790,000 - $850,000",396m² •,3,1
propertyguru-1804,Bandar Seri Alam Fully Renovated,"Jalan Rimba, Bandar Seri Alam, Masai, Jo","RM 680,000","1,760",4,3
propertyguru-0531,The Ranz | The Ranz | The Ranz | The Ranz | The Ranz | The Ranz | The Ranz | The Ranz | The Ranz | The Ranz | The Ranz,109 Rangoon Road,"S$ 1,659,000",732,2,2
realestate-1079,"Relaxed North-Facing Living Moments from Parks, Shops & Transport 1/20-22 NEWPORT ROAD, CLAYTON SOUTH","1/20-22 Newport Road, Clayton South, Vic",Contact Agent,,2,1
realtor-0062,House for sale | House for sale,"18130 Tudor Rd, Jamaica, NY 11432","$4,999,999","4,400",3,4.5
realtor-1148,NEW | House for sale | House for sale,"108 Leopold St, Bay Saint Louis, MS 3952","$819,000","2,151",3,2
rightmove-0758,4 bedroom detached house for sale in Plot 6 The Hazel,"Plot 6 The Hazel, Bluebell Meadows, Wood","£725,000",Freehold,4,4
propertyguru-0596,687A Woodlands Drive 75,687A Woodlands Drive 75,"S$ 598,000","1,238",3,2
realestate-0370,"Stylish 2 Bedroom apartment in the Heart of Melbourne 1211/25 THERRY STREET, MELBOURNE","1211/25 Therry Street, Melbourne, Vic 30",Under Offer,54m² •,2,1
realtor-1737,House for sale | House for sale,"2 Fletcher Ridge Cir, Little Rock, AR 72","$639,000","2,950",4,4.5
rightmove-1103,6 bedroom detached house for sale in Wellington Road,"Wellington Road , Edgbaston , Birmingham","£3,000,000",Freehold,6,5
zillow-1416,"Source: REcolorado,","4752 E 108th Place, Thornton, CO 80233","$499,000","1,320",3,2
realestate-1618,"Spacious Three-Bedroom Apartment with Exceptional Lifestyle Appeal 70/13 HERBERT STREET, ST LEONARDS","70/13 Herbert Street, St Leonards, NSW 2",Auction : Contact Agent,144m² •,3,2
zillow-1563,"Features High Speed Internet Basement: Block,Full","6455 North 56th STREET, Milwaukee, WI 53","$119,900","1,180",2,1
zillow-0508,For sale | For sale | For sale | For sale,"494 E 96th St, Brooklyn, NY 11212","$500,000",--,16,4
zillow-1391,New,"4541 N Malden St APT 3N, Chicago, IL 606","$475,000","1,450",2,2
realtor-1787,House for sale | House for sale,"902 SE G St, Bentonville, AR 72712","$550,000","1,176",3,2
propertyguru-0861,35 Chai Chee Avenue,35 Chai Chee Avenue,"S$ 530,000",882,3,1
realtor-1222,Pending | Pending | Pending | Pending,"6075 Nash Rd, Batesville, MS 38606","$185,900","1,798",3,2
rightmove-1069,5 bedroom detached house for sale in Reeth Road,"Reeth Road, Richmond, North Yorkshire, D","£1,750,000",Freehold,5,2
realtor-1049,House for sale | House for sale,"318 40th Pl, Hattiesburg, MS 39402","$489,500","3,018",3,2.5
realestate-1298,"Home open Thursday 15th May @ 6.00pm 60 LIMETREE CIRCUIT, MINDARIE","60 Limetree Circuit, Mindarie, WA 6030 6","Offers Over $1,495,000",799m² •,6,3
rightmove-1088,4 bedroom detached house for sale in Seven Corners Lane,"Seven Corners Lane, Beverley","£1,695,000",Freehold,4,3
realtor-1365,For rent | For rent | For rent | For rent | For rent,,"$2,390","1,527",3,2
zillow-0959,Active | Active | Active | Active,"1923 State St, New Orleans, LA 70118","$2,125,000","5,579",5,7
rightmove-0817,3 bedroom apartment for sale in Kensal Drive,"Kensal Drive, West Didsbury","£650,000",Ask agent,3,2
rightmove-0092,6 bedroom terraced house for sale in Harley Street,"Harley Street, Marylebone, W1G","£18,500,000",Freehold,6,6
propertyguru-0378,994C Buangkok Link,994C Buangkok Link,"S$ 675,000","1,001",3,2
propertyguru-1721,【Solaris Mont Kiara】RM480K Cheapest Per Sqft,"Mont Kiara, Kuala Lumpur","RM 480,000",510,2,1
realtor-0423,House for sale | House for sale,"89-27 91st St, Woodhaven, NY 11421","$769,000","1,900",4,2.5
realtor-1496,Mobile house for sale | Mobile house for sale,"311 Knot Way, Deland, FL 32724","$159,900","1,536 - 2,260",2,2
propertyguru-0503,220 Bishan Street 23,220 Bishan Street 23,"S$ 1,060,000","1,496",4,2
realestate-1984,"Elevated Living in the Heart of Belconnen 906/3 GRAZIER LANE, BELCONNEN","906/3 Grazier Lane, Belconnen, ACT 2617 ","$520,000+",,2,2
rightmove-0264,4 bedroom apartment for sale in Carrington Street,"Carrington Street, London, W1J","£12,950,000",Leasehold,4,4
propertyguru-0423,BLOOMSBURY RESIDENCES,Media Circle,"S$ 1,628,000",678,2,2
propertyguru-1019,440A Fernvale Link,440A Fernvale Link,"S$ 685,000",990,2,2
realestate-0020,Luxury 1 Bed 1 Bath Apartment for sale 1812/15 AUSTIN STREET,"1812/15 Austin Street, Adelaide, SA 5000","$480,000",,1,1
realtor-0974,House for sale | House for sale,"393 Lake Cherami Dr, Grenada, MS 38901","$325,000","2,472",3,2.5
propertyguru-0585,Marina Bay Residences,18 Marina Boulevard,"S$ 3,880,000","1,636",3,3
realtor-1090,House for sale | House for sale,"3225 Red Bluff Cir, Ocean Springs, MS 39","$549,000","2,500",5,2.5
realestate-0472,"A Perfect Blend of Luxury, Space, and Convenience 1 KENSINGTON WAY, PEARSALL",1 Kensington Way,"From $849,000",565m² •,4,2
rightmove-1422,17 bedroom detached house for sale in Lucknow Drive,"Lucknow Drive, Mapperley Park, Nottingha","£1,250,000",Freehold,17,4
propertyguru-1319,Bukit Sungai Long 1,"Jalan Bukit Sungai Long 1/3, Bandar Sung","RM 1,400,000","2,500",4,4
propertyguru-1207,Puncak Damansara,"- Jalan Teratai PJU 6, Kampung Sungai Ka","RM 399,000","1,114",3,2
rightmove-0526,4 bedroom detached house for sale in St. Andrews Close,"St. Andrews Close, Maghull, L31","£630,000",Freehold,4,3
propertyguru-0670,Oxley Road,Oxley Road,"S$ 26,000,000","4,464",7,7
propertyguru-1810,READY MOVE IN [ 0% Down Payment ] Below Market Price 30% Walking Distance To MRT Station KLCC,"Usj 4, Subang Jaya, Selangor","RM 990,000","1,800",4,3
rightmove-1521,4 bedroom detached house for sale in Stamford Road,"Stamford Road, West Bridgford","£795,000",Freehold,4,2
rightmove-0453,5 bedroom detached house for sale in Woolton Liverpool L25 6JZ,"Woolton Liverpool L25 6JZ, Liverpool, L2","£720,000",Freehold,5,2
zillow-1730,Off Market,"9406 S 161st West Ave, Sapulpa, OK 74066","$359,900","2,450",4,3
rightmove-0536,4 bedroom detached house for sale in Sutton Road,"Sutton Road, Formby, Liverpool, L37","£625,000",Freehold,4,2
propertyguru-0672,Terra Hill,18 Yew Siang Road,"S$ 2,300,000",969,3,2
realtor-0504,Condo for sale | Condo for sale,"15511 Sherman Way Apt 1, Van Nuys, CA 91","$410,000",959,2,2
propertyguru-0521,The Residences at W Sentosa Cove,13 Ocean Way,"S$ 2,200,000","1,292",2,2
zillow-2023,"Source: PCBR ,","(Undisclosed Address), Park City, UT 840","$32,000,000","14,850",6,10
rightmove-2098,4 bedroom detached house for sale in Saxholm Dale,"Saxholm Dale, Bassett, Southampton, Hamp","£599,950",Freehold,4,1
realtor-1310,House for sale | House for sale,"1001 Old Mill Pond Rd, Palm Harbor, FL 3","$250,000","1,258",2,2
rightmove-0485,4 bedroom detached house for sale in Gores Lane,"Gores Lane, Formby, Liverpool, L37","£675,000",Ask agent,4,1
realtor-1878,Land for sale | Land for sale,"Block 2 Lot 174, Wilshire Rd Fairfield B","$2,500",0.29,,
zillow-1357,For sale | For sale | For sale | For sale,"4329 W Electra Ln, Glendale, AZ 85310","$573,000","2,292",4,2
propertyguru-1443,Mirage Residence,"Lot TL017514617 Jalan Teluk Likas, Likas","RM 564,000",884,2,2
propertyguru-1754,Sunway Velocity 3,"Jalan Shahbandar, Cheras, Kuala Lumpur","RM 858,130","1,076",4,2
propertyguru-0695,The Bayshore,22 Bayshore Road,"S$ 1,799,999","1,184",3,3
propertyguru-1073,Fortune Perdana,"Metropolitan Park Jalan Metro Perdana 1,","RM 530,000","1,160",4,2
propertyguru-1201,Ready Move-in 2025 Condo,"Taman Danau Desa, Taman Desa, Kuala Lump","RM 418,688","1,050",3,2
realestate-1473,"Melbourne Sky Elevated Living at Its Finest 2303/5 SUTHERLAND STREET, MELBOURNE","2303/5 Sutherland Street, Melbourne, Vic","$475,000 - $510,000",,2,2
rightmove-1985,4 bedroom detached house for sale in Bassett Heath Avenue,"Bassett Heath Avenue, Bassett, Southampt","£850,000",Freehold,4,2
rightmove-1396,7 bedroom detached house for sale in Bunny Hall Park,"Bunny Hall Park, Bunny, Nottingham","£1,750,000",Freehold,7,5
zillow-0200,For sale | For sale | For sale | For sale,"98 Pedlars Point, Wintergreen Resort, VA","$420,000","1,999",4,3
rightmove-0515,4 bedroom detached house for sale in Hillside Drive,"Hillside Drive, Woolton, Liverpool, L25","£650,000",Freehold,4,2
realestate-1170,"A dual-floor unit with one foot in calm, the other in the action 10/17 MARY STREET, UNLEY","10/17 Mary Street, Unley, SA 5061",$600k,130m² •,3,1
realtor-2013,House for sale | House for sale,"3993 AR Highway 236, Lonoke, AR 72086","$75,000","1,104",2,1
rightmove-1377,52 bedroom house of multiple occupation for sale in Woolpack Lane,"Woolpack Lane, Nottingham, Nottinghamshi","£4,100,000",Ask agent,52,
realtor-0663,Multi-family home for sale | Multi-family home for sale | Multi-family home for sale | Multi-family home for sale,"16000 S Vermont Ave, Gardena, CA 90247","$2,449,000","6,118",15,15
zillow-1114,Active | Active | Active | Active | For Rent | For Rent,"2704-06 Jasmine St, New Orleans, LA 7012","$250,000","3,600",6,7
rightmove-0818,3 bedroom semi-detached house for sale in Salisbury Road,"Salisbury Road, Chorlton","£650,000",Freehold,3,3
rightmove-1018,5 bedroom terraced house for sale in Hall Garth Lodge,"Hall Garth Lodge, 5 Queen Parade, Harrog","£1,950,000",Freehold,5,4
rightmove-0354,4 bedroom detached house for sale in Blundell Road,"Blundell Road, Hightown, Liverpool","£1,100,000",Leasehold,4,3
realtor-1142,House for sale | House for sale,"60003 Academy St, Smithville, MS 38870","$244,900","1,459",3,2
propertyguru-0831,Watercolours,59 Pasir Ris Drive 1,"S$ 1,550,000","1,109",3,3
propertyguru-0233,Low PSF! Near end lot - privacy! Near SLE!,Jalan Kayu,"S$ 3,300,000","1,688",3,2
realestate-0477,"Supersized Celebration of Space, Style and Stunning Views 2609/260 SPENCER STREET, MELBOURNE","2609/260 Spencer Street, Melbourne, Vic ","$780,000 - $810,000",,2,2
realestate-1980,"The Luxe Factor 18B HEATHER AVENUE, ASHWOOD","18B Heather Avenue, Ashwood, Vic 3147",Auction,300m² •,4,3
rightmove-1129,10 bedroom detached house for sale in Hagley Road,"Hagley Road, Edgbaston, Birmingham, B17 ","£1,500,000",Freehold,,10
rightmove-0251,8 bedroom detached house for sale in Sheldon Avenue,"Sheldon Avenue, London, N6","£12,975,000",Freehold,8,8
realtor-0179,Condo for sale | Condo for sale,"206 E 95th St Apt 12B, Manhattan, NY 101","$1,000,000","1,001",2,2
propertyguru-0431,BLOOMSBURY RESIDENCES,Media Circle,"S$ 2,866,000","1,173",4,3
rightmove-1451,"Saturday 9am to 2.30pm 1 Weekday Cross, Lace Market, Nottingham NG1 2GB Located between 'YO Sushi!' and 'All Bar One'. Open Monday to Friday 9am to...","Mapperley Road, Mapperley Park","£975,000",Freehold,7,2
propertyguru-1897,Puteri Cove Residences,"Tanjung Boulevard Off Lebuh Laksamana, P","RM 1,227,000.00","1,173",3,3
propertyguru-1582,Grand Medini,"Lebuh Medini Jalan Medini Utara 8, Medin","RM 294,600",474,Studio,0
realestate-1910,"East Facing, Stylish with Great City View! 3502/200 SPENCER STREET, MELBOURNE","3502/200 Spencer Street, Melbourne, Vic ","$520,000-$560,000",78m² •,2,1
realestate-0793,"Impeccably Renovated Riverside Apartments Retreat in Unrivalled Northeastern Setting 7/1 RIVERSIDE QUAY, SOUTHBANK","7/1 Riverside Quay, Southbank, Vic 3006","EOI by Friday 30th May 5pm $1,000,000 - $1,100,000",108m² •,2,2
zillow-0469,"Morgan Plan, Autumn Ridge","415 Hidden Creek Ln UNIT 415, North Auro","$260,000","1,302",3,2
rightmove-1297,3 bedroom detached house for sale in Pereira Road,"Pereira Road, Harborne, Birmingham, B17","£749,950",Freehold,3,1
rightmove-2087,3 bedroom apartment for sale in Maritime Walk,"Maritime Walk, Ocean Village, Southampto","£600,000",Ask agent,3,2
realtor-0676,Multi-family home for sale | Multi-family home for sale | Multi-family home for sale | Multi-family home for sale,"1525 W 105th St, Los Angeles, CA 90047","$1,675,000","5,894",11,8
propertyguru-0813,463B Bukit Batok Street 41,463B Bukit Batok Street 41,"S$ 755,000","1,216",3,2
propertyguru-0817,639 Pasir Ris Drive 1,639 Pasir Ris Drive 1,"S$ 660,000","1,119",3,2
propertyguru-1366,Ehsan Widuri,"Persiaran Negeri, Bandar Baru Nilai, Nil","RM 365,000",730,2,2
realtor-0981,House for sale | House for sale,"1024 Sycamore St, Ocean Springs, MS 3956","$162,500","1,273",3,2
realestate-0941,"Neat As A Pin In An Ultra-Convenient Location 222 MARGARET STREET, BRISBANE CITY","222 Margaret Street, Brisbane City, Qld ",Price by Negotiation,,1,1
realestate-0310,"Sophisticated Coastal Style with Modern Comfort 39 PATTERSON STREET, SAFETY BEACH","39 Patterson Street, Safety Beach, Vic 3","$1,200,000 - $1,300,000",,3,2
realtor-1297,House for sale | House for sale,"3300 E Lloyd St, Pensacola, FL 32503","$199,900",600,1,1
zillow-0966,For sale | For sale | For sale | For sale,"1955 Wendover Cir NE, North Canton, OH 4","$479,000","2,708",3,3
rightmove-0270,"24/7 Reception, Concierge and CCTV","Dorchester Collection, Mayfair","£12,742,230",Leasehold,3,3
realestate-0352,"‘Girrahween’ a masterpiece on 3,818sqm approx. with two street frontages 72-76 MAIN STREET, ROMSEY","72-76 Main Street, Romsey, Vic 3434","$1,750,000","3,818m² •",5,2
realtor-1010,House for sale | House for sale,"102 E Indian Ridge Dr, Starkville, MS 39","$419,000","2,091",4,2
realtor-1429,Multi-family home for sale | Multi-family home for sale | Multi-family home for sale | Multi-family home for sale,"Miami, FL 33145","$1,500,000","5,136",7,4
realestate-1875,"Under Contract by Andrew Downing, City Specialist! 14/172 WAKEFIELD STREET, ADELAIDE","14/172 Wakefield Street, Adelaide, SA 50","Under Contract by Andrew Downing, City Specialist!",136m² •,2,1
realestate-0103,"Spacious & Modern Family Living 57 BLOOMFIELD STREET, GILLEN","57 Bloomfield Street, Gillen, NT 0870 4 ","Offers Over $449,000",988m² •,4,2
zillow-0766,For sale | For sale | For sale | For sale,"1189 E Foxcrest Dr, Park City, UT 84098","$1,325,000","1,971",4,3
realtor-1628,House for sale | House for sale,"4165 Rosa Dr, Deerfield Beach, FL 33064","$695,000","1,790",3,2
zillow-0300,For sale | For sale | For sale | For sale,"180 Ash St, Weston, MA 02493","$38,000,000","21,000",6,12
realtor-0909,For rent | For rent | For rent | For rent | For rent,,$800,"1,000",2,1
rightmove-1014,4 bedroom country house for sale in Greenbank Farm,"Greenbank Farm, Snaygill, Skipton","£1,950,000",Freehold,4,2
propertyguru-1282,Twin Tower Residence,"Jalan Tengku Azizah, Bukit Chagar, Johor","RM 538,500","1,347",3,2
rightmove-0073,5 bedroom house for sale in Wadham Gardens,"Wadham Gardens, St Johns Wood, London, N","£19,950,000",Freehold,5,4
propertyguru-0730,434 Clementi Avenue 3,302 Clementi Avenue 4,"S$ 635,000",990,3,2
zillow-2001,For sale by owner,"26347 Greythorne Trl, Farmington Hills, ","$475,000","2,388",4,3
realestate-0501,UNDER CONTRACT - Stunning Refreshed as new 2 Bedroom apartment with lock up garage with low strata (approx $669 pq) in a boutique apartment complex...,"2/28 Harris Street, Harris Park, NSW 215",Submit Your Best Offer,116m² •,2,1
propertyguru-0105,Norwood Grand,8 Champions Way,"S$ 2,610,000","1,313",4,3
realtor-1740,House for sale | House for sale,"6610 W 392 Hwy, Harrison, AR 72601","$180,000","1,316",3,1
propertyguru-1484,Sepang Salak Tinggi Pangsapuri Indah,"Jalan labohan dagang nilai, Bandar Baru ","RM 250,000","1,000",3,2
zillow-0483,For sale | For sale | For sale | For sale,"434 South 69th STREET, Milwaukee, WI 532","$190,000",710,2,1
zillow-1782,For sale by owner,"10508 Buffapple Dr, Henrico, VA 23233","$550,950","2,075",3,3
realtor-1284,House for sale | House for sale,"313 NE 9th St, Cape Coral, FL 33909","$435,000","1,904",4,3
rightmove-1853,5 bedroom detached house for sale in Ty Du Road,"Ty Du Road, Glan Conwy","£875,000",Freehold,5,3
realtor-0309,House for sale | House for sale,"112 Creamery Rd, Hopewell Junction, NY 1","$595,000","3,700",5,4.5
realtor-1246,House for sale | House for sale,"29B County Road 989, Iuka, MS 38852","$229,900","1,721",3,2
zillow-1193,For sale | For sale | For sale | For sale,"3221 Cool Water Dr, Lexington, KY 40515","$385,000","2,444",3,2
realtor-0010,Multi-family home for sale | Multi-family home for sale | Multi-family home for sale | Multi-family home for sale,"10 Snowden Ave, Delmar, NY 12054","$419,000","1,931",3,2.5
rightmove-0519,4 bedroom detached house for sale in The Marram,"The Marram, Westinghouse Close, Formby, ","£649,950",Freehold,4,3
propertyguru-0633,Up@Robertson Quay,92 Robertson Quay,"S$ 1,290,000",463,1,1
realtor-0895,House for sale | House for sale,"15 Dobbs Rd, Mathiston, MS 39752","$155,000","1,186",3,2
zillow-0217,For sale | For sale | For sale | For sale,"103 Barronne St, Lafayette, LA 70503","$335,000","2,358",4,3
realtor-0638,Condo for sale | Condo for sale,"14960 Victory Blvd Unit 101, Van Nuys, C","$399,000","1,113",2,2
realtor-1133,Townhouse for sale | Townhouse for sale | Townhouse for sale | Townhouse for sale,"255 E Scenic Dr Apt C, Pass Christian, M","$345,000","1,301",2,2.5
realtor-0241,House for sale | House for sale,"16 Diana Trl, Staten Island, NY 10304","$2,500,000","5,845",4,3.5
propertyguru-0621,OpenHouse x 3 landed -Priced to Sell Fast @ $15xx Psf - Don't Miss Out!,Lorong J / Lorong H / Lorong K,"S$ 6,800,000","4,500",6,6
realestate-0686,"Make more of the journey. 18 OBRIEN COURT, HEATHCOTE","18 Obrien Court, Heathcote, Vic 3523","$710,000 - $740,000",2.02ha •,4,1
zillow-1168,For sale by owner,"3042 Sugar Camp Rd, Covington, KY 41017","$489,900","1,275",3,2
realestate-1701,"ELEVATED RIVERFRONT LIVING IN A PREMIER LOCATION LEVEL 11/501 QUEEN STREET, BRISBANE CITY","Level 11/501 Queen Street, Brisbane City",Just Listed,151m² •,3,2
propertyguru-1682,Paragon Suites @ CIQ,Jalan Stulang Darat Jalan Stulang Darat ,"RM 570,000","1,235",3,3
rightmove-1334,4 bedroom detached house for sale in Bramley Drive,"Bramley Drive, Hollywood, B47 5RD","£695,000",Freehold,4,2
zillow-0850,New,"1475 Beaumont Cir, Bartlett, IL 60103","$425,000","1,545",3,3
zillow-0903,For sale | For sale | For sale | For sale | For Sale | For Sale,"1706 E John Cabot Rd, Phoenix, AZ 85022","$139,900","1,430",3,2
realestate-1718,"OVERSIZED TWO BEDROOM RESIDENCE RESIDENCE 11/34 PATRICK STREET, HOBART","Residence 11/34 Patrick Street, Hobart, ","$975,000+",116m² •,2,2
propertyguru-0988,,82 Whampoa Drive,"S$ 438,000",710,2,2
rightmove-1482,6 bedroom detached house for sale in Howieson Court,"Howieson Court, Bailey Drive, Mapperley,","£850,000",Freehold,6,3
propertyguru-0309,810 Jurong West Street 81,810 Jurong West Street 81,"S$ 595,000","1,367",3,2
rightmove-0606,5 bedroom semi-detached house for sale in Hazelhurst Road,"Hazelhurst Road, Worsley, Manchester","£1,250,000",Ask agent,5,4
zillow-1598,Active | Active | Active | Active,"7141 Lake Barrington Dr, New Orleans, LA","$358,000","3,023",5,5
rightmove-1471,5 bedroom semi-detached house for sale in Village Street,"Village Street, Edwalton, Nottingham, No","£895,000",Freehold,5,1
zillow-0617,Auction See all 58 photos,"758 E Whitehall Rd, Cookeville, TN 38501","Est. $599,900",--,0,0
zillow-0940,New,"1827 N Larrabee St #4, Chicago, IL 60614","$1,250,000","2,000",3,2
zillow-1864,For sale by owner,"13183 N 95th Street, Longmont, CO 80504","$1,150,000","1,280",3,2
propertyguru-1685,The M @ Medini Macrolink,"Persiaran Medini Sentral 1, Medini, Iska","RM 490,000",861,3,2
realtor-1991,House for sale | House for sale,"302 4th Ave, Gravette, AR 72736","$400,000","3,520",5,3
rightmove-0648,7 bedroom semi-detached house for sale in Heaton Road,"Heaton Road, Manchester, Greater Manches","£950,000",Freehold,7,4
zillow-0175,For sale by owner,"71 Clairview Rd, Parsippany-Troy Hills T","$695,000",--,3 beds 2 baths -- sqft,2
zillow-0611,For sale by owner,"732 Fox Bend Trl, Edmond, OK 73034","$450,000","3,310",4,4
zillow-1807,For sale | For sale | For sale | For sale,"11280 Vol Cheatham Rd, Lincoln, AR 72744","$299,900","1,872",3,2
zillow-0082,For sale | For sale | For sale | For sale,"14 Fieldcrest Lndg, East Bridgewater, MA","$589,900","2,144",4,3
zillow-1797,For sale by owner,"10950 Bellagio Rd, Los Angeles, CA 90077","$17,998,000","7,830",6,6
propertyguru-0808,"Brand new bungalow with lift and swimming pool, wide frontage to park 4 cars inside, luxury finishes",Goldhill Estate - call Kim Yan 8130 3636,"S$ 16,990,000","4,800",6,6
realtor-1348,Condo for sale | Condo for sale,"9136 42nd Ln N, Pinellas Park, FL 33782","$400,000","1,794",2,2
propertyguru-1299,Setia Sky 88,"Jalan Dato Abdullah Tahir, Johor Bahru, ","RM 880,000","1,292",3,3
zillow-0591,For sale by owner,"702 Parrish Point, Mount Juliet, TN 3712","$450,000","1,623",3,2
zillow-0814,For sale | For sale | For sale | For sale,"1338 Greyswood Rd, Odenton, MD 21113","$400,000","1,773",3,3
rightmove-1314,4 bedroom semi-detached house for sale in Highfield Road,"Highfield Road, Edgbaston B15","£725,000",Freehold,4,3
rightmove-1288,6 bedroom detached house for sale in Butlers Courts Lane,"Butlers Courts Lane, Handsworth Wood, Bi","£750,000",Freehold,6,4
rightmove-1711,7 bedroom detached house for sale in Wrexham Road,"Wrexham Road, Overton, Wrexham, LL13","£1,350,000",Freehold,7,4
zillow-0528,For sale | For sale | For sale | For sale | For Sale | For Sale,"526 Hill St, Middletown, OH 45042","$294,900","2,492",4,2
rightmove-1112,6 bedroom detached house for sale in Farquhar Road,"Farquhar Road, Birmingham, Edgbaston B15","£2,645,000",Freehold,6,5
realtor-0313,House for sale | House for sale,"17 Keenan Pl, Garden City, NY 11530","$1,549,000","2,000",4,3
realestate-1377,"A lifestyle like no other in North Adelaide's vibrant heart 29 HILL STREET, NORTH ADELAIDE","29 Hill Street, North Adelaide, SA 5006","$1,920,000-$1,950,000",379m² •,3,2
realestate-1625,"Taroona - The Hinsby Prestigious Apartment Living 1/180 CHANNEL HIGHWAY, TAROONA","1/180 Channel Highway, Taroona, Tas 7053","Offers over $975,000",112m² •,3,2
propertyguru-1496,Skyline Embassy,"Jalan Ampang, Taman U Thant, Ampang, Kua","RM 1,050,000",853,3,2
zillow-0939,For sale | For sale | For sale | For sale,"1826 Hollywood Blvd, Iowa City, IA 52240","$150,000","1,154",4,2
zillow-0969,For sale | For sale | For sale | For sale,"1983 W Ranch Rd, Farmington, UT 84025","$1,345,000","4,370",5,4
realtor-0454,Multi-family home for sale | Multi-family home for sale | Multi-family home for sale | Multi-family home for sale,"8715 Regina Ct, Los Angeles, CA 90044","$1,175,000","4,085",12,6
rightmove-0486,3 bedroom detached house for sale in New Hey,"New Hey, Sandfield Park, Liverpool, Mers","£675,000",Freehold,3,1
propertyguru-1970,[Cheras South - Near MRT] 100% Loan [Zero DP][Low Density] Fully Furnished Big Balcony Condo,"Taman Desa Cheras, Cheras, Kuala Lumpur","RM 360,000","1,200",4,2
zillow-0790,For sale by owner,"1251 Wild Hawthorn Way, Reston, VA 20194","$849,950","2,684",3,4
propertyguru-0877,747C Bedok Reservoir Crescent,747C Bedok Reservoir Crescent,"S$ 860,000",936,3,2
rightmove-1204,6 bedroom detached house for sale in Grassmoor Road,"Grassmoor Road, Kings Norton, Birmingham","£950,000",Freehold,6,2
propertyguru-1706,The M @ Medini Macrolink,"Persiaran Medini Sentral 1, Medini, Iska","RM 420,000",620,2,1
rightmove-0195,7 bedroom detached house for sale in Hampstead Hill Gardens,"Hampstead Hill Gardens, Hampstead, Londo","£14,950,000",Freehold,7,5
rightmove-1321,4 bedroom barn conversion for sale in Houndsfield Court,"Houndsfield Court, Houndsfield Lane, Wyt","£700,000",Freehold,4,2
zillow-1680,For sale | For sale | For sale | For sale,"8424 Rockcreek Pkwy #42, Cordova, TN 380","$159,500",--,3,3
rightmove-0291,4 bedroom detached house for sale in 76b Freshfield Road,"76b Freshfield Road, Formby, L37","£2,400,000",Freehold,4,4
realtor-0424,Land for sale | Land for sale,"145 Jefferson St, Brooklyn, NY 11206","$749,888","2,500",1,1
rightmove-0143,10 bedroom terraced house for sale in Lowndes Street,"Lowndes Street, London, SW1X","£16,500,000",Freehold,10,10
realtor-1031,Land for sale | Land for sale,"506 Sears Ave, Waveland, MS 39576","$82,500",0.34,2,1
rightmove-0100,2 bedroom flat for sale in Bina Gardens,"Bina Gardens, London, SW5","£1,350,000",Leasehold,2,2
realestate-1961,"Character Charm + Granny Flat! 15 GIBBS STREET, RIVERVALE",15 Gibbs Street,"EOI From $899,000",,4,2
zillow-1756,Lot/land | Lot/land | Lot/land | Lot/land,"9998 S Pittsburg Mountain Rd, South Pitt","$189,000",10,--,--
zillow-1569,For sale | For sale | For sale | For sale,"6551 S 41st St E, Muskogee, OK 74403","$189,900","2,349",3,2
realtor-0036,House for sale | House for sale,"995 River Rd, Selkirk, NY 12158","$169,900",872,2,1
realestate-0157,"Redefined Opulence and Unparalleled Panoramas at 'The One Residences' 5403/8 ADELAIDE STREET, BRISBANE CITY","5403/8 Adelaide Street, Brisbane City, Q","Offers over $3,400,000",173m² •,3,2
rightmove-1347,5 bedroom detached house for sale in Plot 2,"Plot 2, 134a, Newton Road, Great Barr, B","£679,950",Freehold,5,3
zillow-1139,For sale | For sale | For sale | For sale,"2818 E Villa Rita Dr, Phoenix, AZ 85032","$400,000","1,770",4,3
zillow-1384,For sale | For sale | For sale | For sale,"4512 Lakeshore Dr #CIN-251410, Whiteford","$249,000","1,166",2,1
propertyguru-1599,KLCC CLICK IN TO ARRANGE VIEWING,"KLCC, KL City Centre, Kuala Lumpur","RM 851,000",807,2,2
zillow-0696,For sale | For sale | For sale | For sale,"971 E Village Way, Alpine, UT 84004","$1,300,000","5,207",6,4
realestate-0069,"Sophisticated Design in a Serene Woodlands Setting 119A WINONA ROAD, MOUNT ELIZA","119A Winona Road, Mount Eliza, Vic 3930","$2,950,000 - $3,245,000","2,301m² •",4,3
rightmove-0919,7 bedroom house for sale in Bathurst House,"Bathurst House, Micklegate, York","£2,500,000",Freehold,7,5
realtor-0992,House for sale | House for sale,"80 N Gregory St, Ecru, MS 38841","$309,000","2,088",3,2
zillow-0764,For sale by owner,"1158 N Kenmore Ave, Los Angeles, CA 9002","$1,499,000","3,850",12,6
rightmove-1710,7 bedroom detached house for sale in Betws Garmon,"Betws Garmon, Caernarfon, Gwynedd, LL54","£1,350,000",Freehold,7,4
propertyguru-1591,Taman Bukit Kempas,"Taman Bukit Kempas, Johor Bahru, Johor","RM 830,000","4,000",5,3
zillow-1418,For sale | For sale | For sale | For sale,"4773 Dexter St NW, Washington, DC 20007","$3,900,000","5,089",6,6
realtor-1625,New Construction,"16224 SW 291st St, Homestead, FL 33033","$450,000","1,545",3,2.5
rightmove-1195,Setting the pace in estate agency since 1936 We opened the doors to the first Connells branch more than 80 years ago and have since gone on to become...,"Handsworth Wood Road, Birmingham","£975,000",Freehold,7,3
zillow-0614,For sale by owner,"737 S East Ave, Oak Park, IL 60304","$649,900","1,658",4,2
realestate-0088,"One of the finest elevated homes in Fannie Bay! Am immaculate family home in the best street! 11 LITTLE STREET, FANNIE BAY","11 Little Street, Fannie Bay, NT 0820","$1,700,000","1,160m² •",5,4
rightmove-0505,4 bedroom semi-detached house for sale in Allerton Drive,"Allerton Drive, Allerton, Liverpool, L18","£650,000",Freehold,4,1
realtor-0630,House for sale | House for sale,"2306 Elmgrove St, Los Angeles, CA 90031","$799,000","1,178",4,1
propertyguru-0698,Edelweiss Park Condo,98 Flora Road,"S$ 988,000",947,2,2
zillow-0633,For sale | For sale | For sale | For sale,"808 Crestline Ave, Amherst, OH 44001","$409,000","3,296",5,4
realtor-0308,House for sale | House for sale,"12 Melody Ln, Huntington, NY 11743","$1,300,000","2,592",3,3
realestate-1592,"VISIT OUR SALES CENTRE AT 27 FLINDERS STREET, WOLLONGONG 1302/264-268 KEIRA STREET, WOLLONGONG","1302/264-268 Keira Street, Wollongong, N","$650,000",58m² •,1,1
propertyguru-0674,Kovan Road,Kovan Road,"S$ 11,300,000","4,384",7,7
propertyguru-0457,114 Clementi Street 13,114 Clementi Street 13,"S$ 1,060,000","1,528",3,3
realestate-1706,"""Elegant Family Living in Sought-After Hartleigh Estate"" 8 CAXTON CLOSE, CLYDE","8 Caxton Close, Clyde, Vic 3978","$899,000-$960,000",392m² •,5,3
realestate-0123,"Ascot's Secret: Where Modern Dreams Nest at Clifford Park 649-651 MARION ROAD, ASCOT PARK","649-651 Marion Road, Ascot Park, SA 5043",Stage 1 Release,128m² •,2,2
rightmove-1542,3 bedroom detached bungalow for sale in Firs Road,"Firs Road, Edwalton, Nottingham","£750,000",Freehold,3,3
propertyguru-0562,Robertson Edge,18 Tong Watt Road,"S$ 1,150,000",463,1,1
realtor-1372,House for sale | House for sale,"101 NW 10th Ter, Cape Coral, FL 33993","$403,000","1,715",4,3
rightmove-0025,2 bedroom apartment for sale in Neutron Tower,"Neutron Tower, London, E14","£475,000",Ask agent,2,2
realtor-1132,House for sale | House for sale,"13 Tyson Trl, Iuka, MS 38852","$189,900",921,1,1
propertyguru-0483,❤️ Newly renovated quiet bungalow subdivisable corner unbounded high ground plot,"Jln Lokam, Tai Keng Gdns, Upper Paya Leb","S$ 11,180,000","7,491",5,6
rightmove-1004,6 bedroom detached house for sale in Barse Beck Lane,"Barse Beck Lane, Felliscliffe, Harrogate","£1,999,950",Freehold,,6
realtor-0315,House for sale | House for sale,"17 Wilmont Ave, White Plains, NY 10605","$750,000","2,000",4,3
zillow-2009,Active | Active | Active | Active,"39033 30th St, Paw Paw, MI 49079","$410,000","1,760",3,2
zillow-1562,New | For Rent | For Rent,"6450 N Newgard Ave, Chicago, IL 60626","$545,000",--,4,2
realestate-1337,"A 1945 classic, hidden in plain sight, seconds from the city 8 HENRY STREET, CLARENCE PARK","8 Henry Street, Clarence Park, SA 5034 3",$1.075m,446m² •,3,1
realtor-0200,House for sale | House for sale,"5185 Fox Trce, Buffalo, NY 14221","$599,900","2,970",4,3
propertyguru-0919,606 Senja Road,606 Senja Road,"S$ 950,000","1,291",3,2
realtor-1641,House for sale | House for sale,"465 NE 52nd St, Miami, FL 33137","$1,829,000","1,555",3,2
realestate-0347,"Between Canopy and Skyline 3/6 BELLEVUE TERRACE, WEST PERTH","3/6 Bellevue Terrace, West Perth, WA 600",ALL OFFERS BY 19TH MAY 4PM,191m² •,3,3
zillow-0399,For sale | For sale | For sale | For sale,"307 N Market St, Opelousas, LA 70570","$120,000","1,750",4,2
rightmove-0470,4 bedroom detached house for sale in Rockbourne Avenue,"Rockbourne Avenue, Woolton, Liverpool.","£685,000",Freehold,4,2
zillow-0156,For sale | For sale | For sale | For sale,"55 Dunbar St, Staten Island, NY 10308","$649,000","1,325",3,2
propertyguru-0627,Riverfront Residences,47 Hougang Avenue 7,"S$ 868,000",517,1,1
zillow-0057,Pending | Pending | Pending | Pending,"9 Deer Pass Ct, Cockeysville, MD 21030","$399,900","1,988",4,3
realtor-1404,Contingent,"9826 SW 222nd Ter, Cutler Bay, FL 33190","$499,900","1,369",3,2
zillow-1310,For sale by owner,"3949 Taney Ave, Alexandria, VA 22304","$799,999","2,364",3,3
zillow-0926,Pending | Pending | Pending | Pending,"1803 Orchard Ln, McHenry, IL 60050","$150,000","1,200",3,2
realtor-0239,Multi-family home for sale | Multi-family home for sale | Multi-family home for sale | Multi-family home for sale,"1435 E 80th St, Brooklyn, NY 11236","$1,100,000","3,905",5,3.5+
realestate-1695,"Move-in-Ready Stylish New Build 8 ENCHANTED CIRCUIT, BALDIVIS","8 Enchanted Circuit, Baldivis, WA 6171 4","Offers over $679,000",336m² •,4,2
realestate-1619,"Unparalleled Lifestyle With The Oval At Your Doorstep 13/20 BRADFIELD STREET, DOWNER","13/20 Bradfield Street, Downer, ACT 2602","$599,000+",86m² •,2,2
zillow-1338,For sale | For sale | For sale | For sale,"4183 4th Ave, Los Angeles, CA 90008","$625,000","1,265",2,2
realtor-0511,House for sale | House for sale,"5932 Ellenview Ave, Woodland Hills, CA 9","$1,775,000","3,141",5,4
propertyguru-1789,d'Brightton,"Jalan Tiara Titiwangsa, Titiwangsa, Kual","RM 1,980,000","3,756",6,5
rightmove-1051,Land for sale in Tadcaster Road,"Tadcaster Road, Dringhouses, York","£1,800,000",Ask agent,2,1
propertyguru-0165,132 Geylang East Avenue 1,132 Geylang East Avenue 1,"S$ 998,000","1,550",4,2
realtor-0340,Multi-family home for sale | Multi-family home for sale | Multi-family home for sale | Multi-family home for sale,"57 First St, Yonkers, NY 10704","$1,150,000","2,940",8,5
rightmove-0097,6 bedroom house for sale in Bourdon Street,"Bourdon Street, Mayfair, London, W1K","£18,250,000",Freehold,6,6
realtor-2093,House for sale | House for sale,"927 E Rockwood Trl, Fayetteville, AR 727","$469,000","1,746",3,1.5+
zillow-0064,For sale | For sale | For sale | For sale,"10 N River Ct, Cartersville, VA 23027","$450,000","2,362",3,1
propertyguru-1061,Only RM 450k !! [FULLY FURNISHED] Free All Legal Fee Residential Title Bukit Jalil,"Bukit Jalil, Kuala Lumpur","RM 449,585","1,328",3,2
realestate-1122,"Spacious Townhouse with Self-Contained Unit – Perfect for Extra Income or Versatile Living! 109 HOLBOROW AVENUE, DENMAN PROSPECT","109 Holborow Avenue, Denman Prospect, AC","879,000+",201m² •,4,3
rightmove-0181,5 bedroom semi-detached house for sale in North End Way,"North End Way, Hampstead, NW3","£15,000,000",Ask agent,5,6
rightmove-0265,3 bedroom apartment for sale in The Residences at Mandarin Oriental Mayfair,The Residences at Mandarin Oriental Mayf,"£12,944,400",Leasehold,3,3
realtor-0224,House for sale | House for sale,"214 Hazzard St, Jamestown, NY 14701","$109,000","1,434",4,1.5
rightmove-1649,Land for sale in The Nannau Estate,"The Nannau Estate, Llanfachreth, Dolgell","Guide Price £15,000,000","164,831,040 sq ft",,3
propertyguru-1249,Taman Pulai Flora,"Jalan Flora 1/4, Skudai, Johor","RM 495,000","1,540",3,2
realtor-1313,Land for sale | Land for sale,"2901 55th St W Lot 6, Lehigh Acres, FL 3","$19,500",0.25,,
zillow-1718,For sale by owner,"9213 Washington Heights St, Houston, TX ","$399,990","1,702",3,3
zillow-1845,For sale | For sale | For sale | For sale,"12522 N Dartmouth Ln, Mount Vernon, IL 6","$149,900","1,352",3,1
propertyguru-1593,New Launch 2 storey 22x75 24x75 Bandar Bukit Raja 2 Klang,"bandar bukit tinggi, taman eng ann, tama","RM 797,000","2,075",4,4
rightmove-1264,3 bedroom semi-detached house for sale in Harrisons Road,"Harrisons Road, Edgbaston","£795,000",Freehold,3,3
realestate-1539,"Enchanting & Expansive Private Haven in a Peaceful Setting 10 ERIC WRIGHT STREET, FORDE","10 Eric Wright Street, Forde, ACT 2914",Auction 14/06/2025,886m² •,5,2
realestate-1355,"test gold migration rural ADDRESS AVAILABLE ON REQUEST, WYCLIFFE WELL test",,"$1,111,222",,,
realestate-0934,"BUILDING OPPORTUNITY ON THE EDGE OF TOWN LOT 6 STOCKWELL ROAD, LIGHT PASS","Lot 6 Stockwell Road, Light Pass, SA 535","$495,000 - $520,000 - Price Reduced","2,400m² • Residential land",4,2
realestate-0761,"Luxury Meets Sustainability in This 36th-Floor Masterpiece 3604/443 QUEEN STREET, BRISBANE CITY","3604/443 Queen Street, Brisbane City, Ql","$2,800,000+",124m² •,2,2
realestate-0100,"Affordable effortless living in convenient setting 52 YARRABUNG ROAD, ST IVES","52 Yarrabung Road, St Ives, NSW 2075 3 3","For Sale $2,350,000",,3,3
rightmove-1707,6 bedroom detached house for sale in Barmouth,"Barmouth, LL42","£1,400,000",Freehold,6,5
zillow-1274,For sale | For sale | For sale | For sale,"3723 N 500 E, North Ogden, UT 84414","$775,000","3,428",5,4
rightmove-2011,5 bedroom detached house for sale in Nursling,"Nursling, Southampton","£735,000",Freehold,5,2
realestate-1167,"Fulton Lane: Seamless City Living in the Heart of Melbourne 2010/155 FRANKLIN STREET, MELBOURNE","2010/155 Franklin Street, Melbourne, Vic","$510,000-$550,000",,2,1
propertyguru-1098,Sendayan fully extend double storey landed 20 x 80,"Taman Ara Sendayan, Bandar Sri Sendayan,","RM 599,000","2,500",5,4
realtor-1382,Land for sale | Land for sale,"2810 W Xenox Dr, Citrus Springs, FL 3443","$23,900",0.23,,
rightmove-1062,7 bedroom detached house for sale in Mill Lane West,"Mill Lane West, Brough","£1,750,000",Freehold,7,4
propertyguru-1834,KLCC Residences,"KLCC, KL City Centre, Kuala Lumpur","RM 1,000,000",971,2,2
realestate-1727,"Sky-High Sophistication Meets Subtropical Serenity 3404/443 QUEEN STREET, BRISBANE CITY","3404/443 Queen Street, Brisbane City, Ql",FOR SALE,124m² •,2,2
realestate-1469,"Yes to living on Yates! 18 YATES STREET, MAWSON LAKES","18 Yates Street, Mawson Lakes, SA 5095 3",Expressions of Interest,,3,2
realestate-0576,"Queens Wharf Luxury Sky Home – Level 56 (Diamond Residences) 5602/8 MARGARET STREET, BRISBANE CITY","5602/8 Margaret Street, Brisbane City, Q",FOR SALE,,3,2
zillow-0902,Lot/land | Lot/land | Lot/land | Lot/land,"1700 E 200 S, Fillmore, UT 84631","$55,000",20,--,--
zillow-0464,For sale by owner,"411 S Walnut St, Mount Olive, IL 62069","$149,900",924,2,1
realestate-1497,"Sought After Mary Lane Apartment - An Inspection a Must 111 MARY STREET, BRISBANE CITY","111 Mary Street, Brisbane City, Qld 4000",Offers Over $1.35m,,2,2
propertyguru-0952,Euphony Gardens,1 Jalan Mata Ayer,"S$ 850,000",883,1,1
zillow-1199,For sale by owner,"3247 Bolton Gardens Dr, Houston, TX 7706","$240,000","1,740",3,2
rightmove-0705,7 bedroom semi-detached house for sale in Manchester Road,"Manchester Road, Chorlton","£795,000",Freehold,7,5
realtor-1400,Short Sale,"2349 Oak Park Way # 107, Orlando, FL 328","$140,000",800,1,1.5
propertyguru-0827,259B Compassvale Road,451A Sengkang West Way,"S$ 768,000","1,195",3,2
realestate-1120,"‘St Ives’ Family Sanctuary in Coveted Locale 6 BYRON STREET, BRIGHTON","6 Byron Street, Brighton, Vic 3186","$3,600,000 - $3,960,000",884m² •,4,3
zillow-1540,For sale | For sale | For sale | For sale,"6119 Bankside Dr, Houston, TX 77096","$389,900","3,061",4,5
realestate-0270,"Prime 450sqm Land in the Heart of Tallawong! ADDRESS AVAILABLE ON REQUEST, SCHOFIELDS","Address available on request, Schofields",JUST LISTED,450m² • Residential land,,
propertyguru-1964,"TRIA Seputeh in 9 Seputeh, Kuala Lumpur","No.1, Jalan Telok Datok, Off Jalan Klang","RM 927,000","1,518",3,3
zillow-0668,For sale | For sale | For sale | For sale,"914 County Road 476, Jonesboro, AR 72404","$615,000","2,850",3,3
zillow-1812,Off Market,"11349 W Marlinwood St, Boise, ID 83713","$489,900","1,642",3,2
propertyguru-1898,Residensi Alami,"Jalan Tinju 13/50, Seksyen 13, Shah Alam","RM 840,000","1,900",3,4
propertyguru-1878,Sendayan [Semi D Concept ] Double Storey 30x80 Rumah Limited,"First Come First Serve LAST UNIT SEMI D,","RM 553,000","3,850",4,4
rightmove-1955,4 bedroom semi-detached house for sale in St. Marys Road,"St. Marys Road, Netley Abbey, Hampshire,","£1,050,000",Freehold,4,3
propertyguru-1335,[NEW LAUNCH SUPERLINK] KOTA KEMUNING,"Kota Kemuning, Shah Alam, Selangor","RM 800,000","2,000",4,3
realtor-0528,For sale | For sale | For sale | For sale,"10720 Saticoy St, Sun Valley, CA 91352","$1,300,000","2,649",6,5
realestate-1782,"Sunshine, Leafy Views & Parking Close To Queen St Village 22/186 SUTHERLAND STREET, PADDINGTON","22/186 Sutherland Street, Paddington, NS",Auction,,1,1
realestate-1547,"Charming Riverside Retreat, Location, Lifestyle & Convenience! 6/2 MINORA PLACE, RIVERVALE","6/2 Minora Place, Rivervale, WA 6103 2 1","Mid $400,000's",64m² •,2,1
rightmove-1406,5 bedroom detached house for sale in Adams Hill,"Adams Hill, Derby Road, Nottingham, Nott","£1,450,000",Freehold,5,3
realestate-0992,"Owner Meets Market - Your Opportunity to Own Riverfront Prestige! 7/82 BOUNDARY STREET, BRISBANE CITY","7/82 Boundary Street, Brisbane City, Qld","Offers Over $3,500,000",242m² •,3,2
propertyguru-1350,Ari Mellizo,"3475 Jalan Sungai Dua Utama 1, Kampung T","RM 353,000",950,3,2
propertyguru-1563,Puteri Cove Residences,"Tanjung Boulevard Off Lebuh Laksamana, P","RM 1,227,000","1,170",3,3
zillow-0559,"RC Windsor Plan, Cypress Creek","612 N Winwood St, Gardner, KS 66030","$349,000","1,706",4,3
rightmove-0191,6 bedroom semi-detached house for sale in Queens Grove,"Queens Grove, St John's Wood, London, NW","£14,950,000",Freehold,6,6
rightmove-0571,4 bedroom detached house for sale in Oakfield Road,"Oakfield Road, Didsbury Village, M20","£1,750,000",Freehold,4,2
propertyguru-0593,Naung Residence,1 Jalan Naung,"S$ 1,548,888",980,2,2
propertyguru-1005,The LakeGarden Residences,82 Yuan Ching Road,"S$ 2,118,000","1,012",3,2
realtor-1232,House for sale | House for sale,"3148 Bryant St, Southaven, MS 38672","$325,000","1,935",3,2
zillow-0378,For sale | For sale | For sale | For sale,"260 Bluegrass Dr, Scottsville, KY 42164","$239,900","2,038",4,3
realtor-0135,House for sale | House for sale,"67 Karol Pl, Muttontown, NY 11753","$2,150,000","3,750",5,4
realtor-0849,Townhouse for sale | Townhouse for sale | Townhouse for sale | Townhouse for sale,"13540 Hubbard St Unit 21, Sylmar, CA 913","$449,999","1,221",2,1.5
realestate-1626,"Annual rent income of $26,173! 302/21-39 BENTHAM STREET, ADELAIDE","302/21-39 Bentham Street, Adelaide, SA 5",$320k - $350k,,2,1
propertyguru-1146,Orion Residence Bukit Bintang,"Jln Gading, Bukit Bintang, Bukit Bintang","RM 2,360,000",838,2,2
rightmove-1477,4 bedroom semi-detached house for sale in Bank Hill,"Bank Hill, Woodborough, Nottingham, Nott","£895,000",Freehold,4,3
realestate-1126,"CITY APARTMENT JUST STEPS FROM THE ACTION! LEVEL 11/501 ADELAIDE STREET, BRISBANE CITY","Level 11/501 Adelaide Street, Brisbane C",For Sale,55m² •,1,1
realestate-1240,"""One Of The Most Iconic Mango Names In The NT"" 2180 ARNHEM HIGHWAY, LAMBELLS LAGOON NT, LAMBELLS LAGOON","2180 Arnhem Highway, LAMBELLS LAGOON NT,",EOI - Closes 5th June 2025,86ha •,17 11,11
zillow-1400,Under contract,"4643 Hilltop Ter SE, Washington, DC 2001","$624,900","2,436",4,4
realtor-1373,House for sale | House for sale,"2521 Florida Ave, Lanark Village, FL 323","$160,000","1,008",2,1
zillow-0235,For sale | For sale | For sale | For sale,"110 W Main Street #30, Hyannis, MA 02601","$289,000","1,160",1,1
rightmove-1001,44 bedroom detached house for sale in The Expanse Hotel,"The Expanse Hotel, North Marine Drive, B","£2,000,000",Freehold,44,
zillow-0130,For sale | For sale | For sale | For sale,"34 Oak Street, Harwich, MA 02645","$595,000","1,635",4,2
zillow-0873,For sale | For sale | For sale | For sale,"1540 S Krista Ln, Derby, KS 67037","$395,000","2,614",4,3
realestate-1801,"Modern Family Living in the Heart of Bruce 20/19 THYNNE STREET, BRUCE","20/19 Thynne Street, Bruce, ACT 2617 4 3","$1,150,000",,4,3
propertyguru-1311,"Taming Indah 2, Bandar Sungai Long","Bandar Sungai Long, Selangor",Price on Ask,"4,186",6,5
propertyguru-2002,【Fully Renovated & Fully Furnished】2 Storey Bungalow with Big Compound @ Pulau Tikus,"Taman Jesselton, Ayer Itam, Penang","RM 5,800,000","7,800",5,4
rightmove-0873,4 bedroom country house for sale in Saltburn-By-The-Sea,"Saltburn-By-The-Sea, North Yorkshire","£3,250,000",Freehold,4,4
rightmove-0865,5 bedroom barn conversion for sale in Eastfields Farm,"Eastfields Farm, Nunthorpe, Middlesbroug","£3,500,000",Freehold,5,3
rightmove-1252,4 bedroom detached house for sale in Hazelbank,"Hazelbank, Kings Norton, Birmingham, B38","£800,000",Freehold,4,2
zillow-0310,For sale | For sale | For sale | For sale,"194 Blackwood Ave, Franklinville, NJ 083","$99,777","1,845",3,1
realestate-0200,"Character c.1880 Bluestone Cottage - Valuable Rear Access 252 GILLES STREET, ADELAIDE","252 Gilles Street, Adelaide, SA 5000 3 1","$1,150,000 - $1,200,000",204m² •,3,1
propertyguru-1180,"Ruby, Crest@Austin​","Crest@Austin, Bandar Jaya Putra, Mukim T","RM 768,000","1,160",4,3
rightmove-0380,Superb location just a short walk from Crosby Beach,"Dowhills Road, Blundellsands, Liverpool","£950,000",Ask agent,6,2
rightmove-1255,3 bedroom semi-detached house for sale in Wentworth Road,"Wentworth Road, Harborne, Birmingham, B1","£800,000",Freehold,3,2
realtor-0533,For sale | For sale | For sale | For sale,"7540 Denny Ave, Sun Valley, CA 91352","$1,695,000","3,435",7,6
realestate-0834,"Stylish, Sun-Filled Home with Alfresco Entertaining 15 PAYNE PLACE, SOUTH MORANG","15 Payne Place, South Morang, Vic 3752",AUCTION Saturday 31st May at 1pm,568m² •,4,2
rightmove-0040,5 bedroom flat for sale in William Street,"William Street, Knightsbridge, London, S","£22,500,000",Leasehold,5,4
realtor-0401,Co-op for sale | Co-op for sale | Co-op for sale | Co-op for sale,"22 Mulford Pl Apt 6A, Hempstead, NY 1155","$320,000",800,2,1
realtor-0253,Condo for sale | Condo for sale,"40 Peter Turner Rd, Monroe, NY 10950","$520,000","2,176",3,2.5+
propertyguru-0663,Park Colonial,6 Woodleigh Lane,"S$ 1,368,000",570,2,1
realtor-0383,House for sale | House for sale,"6 Pasture Ct, Bethpage, NY 11714","$899,000","2,449",5,2.5+
zillow-0367,For sale | For sale | For sale | For sale | For sale | For sale | For sale | For sale | For Sale | For Sale | For Sale | For Sale,"240 Robinson St APT 7, Los Angeles, CA 9","$144,000",900,1,1
realtor-2051,House for sale | House for sale,"9314 Timber Valley Rd, Little Rock, AR 7","$230,000","2,220",3,2
realtor-0563,House for sale | House for sale,"13075 Meadowlark Ave, Granada Hills, CA ","$1,099,900","1,827",4,2
realtor-0825,Land for sale | Land for sale,"632 Park Row Dr, Los Angeles, CA 90012","$195,000","4,634",1,1
zillow-0968,For sale | For sale | For sale | For sale,"1970 Upshur St NW, Washington, DC 20011","$2,395,000","4,090",7,6
realtor-1471,House for sale | House for sale,"12706 Headwater Cir, Wellington, FL 3341","$1,800,000","3,408",5,4
zillow-1138,For sale | For sale | For sale | For sale,"2815 Woodland Dr NW, Washington, DC 2000","$13,500,000","14,697",5,9
realtor-0931,"Brandon, MS","439 Greenfield Ridge Cir, Brandon, MS 39","$269,000","1,465",3,2
zillow-0254,For sale | For sale | For sale | For sale,"119 Colonial Dr, Saint Matthews, KY 4020","$339,900","1,352",3,2
propertyguru-0215,7 Karikal Lane,7 Karikal Lane,"S$ 5,000,000","1,838",4,2
realtor-1442,Mobile house for sale | Mobile house for sale,"508 44th Ave E Lot H45, Bradenton, FL 34","$15,900",720,2,2
realtor-0901,Townhouse for sale | Townhouse for sale | Townhouse for sale | Townhouse for sale,"138 Woodland Ridge Dr, McComb, MS 39648","$162,000","1,188",2,2
propertyguru-0214,The Watergardens at Canberra,45 Canberra Drive,"S$ 2,150,000","1,324",3,3
realtor-0813,Multi-family home for sale | Multi-family home for sale | Multi-family home for sale | Multi-family home for sale,"1734 Berendo St, Los Angeles, CA 90005","$1,249,500","1,984",4,4
propertyguru-1662,Bay Point @ Country Garden Danga Bay,Jalan Skudai Off Country Garden Danga Ba,"RM 570,000",882,2,2
rightmove-0106,6 bedroom link detached house for sale in The Mount,"The Mount, London, NW3","£18,000,000",Freehold,6,4
propertyguru-0417,430A Bedok North Road,430A Bedok North Road,"S$ 698,888",742,2,2
propertyguru-1797,Bay Laurel @ Country Garden Danga Bay,Jalan Skudai Jalan Skudai Off Country Ga,"RM 570,000",881,2,2
rightmove-0303,Land for sale in The Serpentine South,"The Serpentine South, Liverpool","£2,000,000 Business rates & charges may apply View brochure",Ask agent,,
zillow-1246,For sale | For sale | For sale | For sale,"3516 West Kilbourn AVENUE, Milwaukee, WI","$139,000","2,065",4,2
propertyguru-1969,Setia Tri-angle,"Persiaran Kelicap, Bayan Lepas, Penang","RM 523,000","1,295",3,2
zillow-1858,For sale by owner,"12923 Freestone Ct, Woodbridge, VA 22192","$455,000","1,790",3,4
rightmove-1915,Land for sale in LOT 2 - Tregaian,"LOT 2 - Tregaian, Llangefni, Ynys Mon, L","Guide Price £800,000",Ask agent,,
propertyguru-1194,"Eco Forest, Setia Mayuri, Setia Ecohill, Eco Majestic, Mutiara Hills","Eco Forest, Setia Mayuri, Eco Majestic, ","RM 761,200","2,820",5,4
realestate-1374,"Full Brick Family Home in the Heart of Burwood 59 STANLEY STREET, BURWOOD","59 Stanley Street, Burwood, NSW 2134 5 3",Contact Agent,,5,3
zillow-1765,For sale | For sale | For sale | For sale,"10213 Bristol Channel, Ellicott City, MD","$875,000","2,990",4,4
realtor-1017,Pending | Pending | Pending | Pending,"150 Cedar Woods Cv, Madison, MS 39110","$989,500","4,762",5,4
rightmove-0087,5 bedroom town house for sale in Portland Place,"Portland Place, Marylebone, London, W1B,","£18,500,000",Leasehold,5,7
propertyguru-0400,993A Buangkok Link,993A Buangkok Link,"S$ 498,000",743,2,2
zillow-1993,For sale | For sale | For sale | For sale,"24425 Woolsey Canyon Rd SPACE 114, Canog","$219,000","1,792",4,2
propertyguru-0277,Gerald crescent,Gerald crescent,"S$ 9,000,000","7,200",5,5
realtor-1135,Pending | Pending | Pending | Pending,"231 Bayview Dr, Madison, MS 39110","$340,000","1,873",3,2
realtor-0893,Farm for sale | Farm for sale,"81.64 Acres William Warren Rd, Collins, ","$285,740",81.64,2,1
realestate-1217,"OPEN SAT. 17TH MAY, 1 - 1.45 PM & WED. 21ST MAY, 5 - 5.30 PM. French Provincial-Style Terrace - Steps to Victoria Park 375 ANGAS STREET, ADELAIDE","375 Angas Street, Adelaide, SA 5000",Inspection tomorrow 1:00 pm View all,216m² •,3,2
propertyguru-1027,Twy Duplex Condos,"Jalan Duta Kiara, Mont Kiara, Kuala Lump","RM 1,080,000","1,374",2,3
zillow-0358,Active | Active | Active | Active,"230 Hay Pl, New Orleans, LA 70124","$515,000","2,041",3,3
propertyguru-0830,The Hill @ One-North,15 Slim Barrack Rise,"S$ 1,871,205",764,2,2
realtor-0649,House for sale | House for sale,"4814 Pickford St, Los Angeles, CA 90019","$949,000","1,264",3,2
realtor-0244,House for sale | House for sale,"52 Orlich Rd, Red Hook, NY 12571","$595,000","3,010",4,2
propertyguru-0257,404B Fernvale Lane,404B Fernvale Lane,"S$ 639,888",990,3,2
rightmove-0830,"About Savills, Leeds","Saltaire, Riverside Estate",POA,Land for sale,,1
zillow-0607,Active | Active | Active | Active,"723 Kerlerec St, New Orleans, LA 70116","$899,995","3,729",5,6
realtor-1980,House for sale | House for sale,"1302 Collins Dr, Pine Bluff, AR 71601","$124,900","1,220",3,1
rightmove-0149,5 bedroom town house for sale in Lancelot Place,"Lancelot Place, Knightsbridge, London, S","£16,150,000",Freehold,5,5
rightmove-1115,Property for sale in Handsworth Wood Road,"Handsworth Wood Road, Birmingham, West M","£2,250,000",Freehold,,
rightmove-0442,4 bedroom detached house for sale in St. Andrews Road,"St. Andrews Road, Liverpool","£749,950",Freehold,4,2
rightmove-1861,Land for sale in Ffordd Y Blaenau,"Ffordd Y Blaenau, Treuddyn, Mold","£850,000",Ask agent,,
realtor-1334,House for sale | House for sale,"5025 Iron Horse Way, Ave Maria, FL 34142","$599,000","3,086",3,2.5
realestate-0519,"Light-Filled Living, Effortless Style, Smart Investment 2A CROSS TERRACE, KURRALTA PARK","2A Cross Terrace, Kurralta Park, SA 5037",Best Offer by Mon 2nd June at 7:00PM,270m² •,3,2
zillow-1430,For sale | For sale | For sale | For sale,"4935 Calvin Ave, Tarzana, CA 91356","$2,100,000","2,921",4,4
rightmove-0845,Sitting room,"Brackenthwaite Lane, Pannal, Harrogate, ","£4,500,000",Freehold,7,6
realestate-1099,"Views From The Top 3005/212 MARGARET STREET, BRISBANE CITY","3005/212 Margaret Street, Brisbane City,","Offers over $600,000",,1,1
propertyguru-0372,Irwell Hill Residences,6 Irwell Hill,"S$ 9,452,000","2,228",4,4
realestate-0806,"Low Maintenance Living in a Prime Beachside Location 11 PERCIVAL STREET, GLENELG","11 Percival Street, Glenelg, SA 5045 2 1",Contact Agent,,2,1
realtor-1973,House for sale | House for sale,"106 Gareth Ct, Hot Springs National Park","$215,000","1,832",4,1.5
propertyguru-0026,Freehold Terrace along Kovan Road,Kovan Road,"S$ 5,800,000","2,736",5,3
zillow-1230,For sale | For sale | For sale | For sale,"3419 Brimwood Dr, Houston, TX 77068","$570,000","5,073",6,5
propertyguru-0959,"Must View, 9277 sqft Of Luxury Living , Almost New",Duches Avenue / Bukit Timah / Holland / ,"S$ 13,350,000","3,425",7,8
rightmove-0697,5 bedroom semi-detached house for sale in Parsonage Road,"Parsonage Road, Manchester, Greater Manc","£800,000",Freehold,5,3
realtor-1702,Townhouse for sale | Townhouse for sale | Townhouse for sale | Townhouse for sale,"228 Rum Runner Way, Saint Johns, FL 3225","$899,000","3,083",4,3.5
zillow-1432,For sale | For sale | For sale | For sale,"4941 North 63rd STREET, Milwaukee, WI 53","$190,000","1,014",3,1
propertyguru-0865,322 Bukit Batok Street 33,322 Bukit Batok Street 33,"S$ 440,000",732,2,2
zillow-0203,Coming soon,"100 N 8Th St, Paterson City, NJ 07522","$329,000",--,4,2
propertyguru-0703,636 Woodlands Ring Road,636 Woodlands Ring Road,"S$ 1,000,000","1,528",3,3
rightmove-0518,5 bedroom detached house for sale in Sessile Close,"Sessile Close, Liverpool","£650,000",Freehold,5,1
rightmove-1751,4 bedroom detached house for sale in Ffordd Y Pentre,"Ffordd Y Pentre, Nercwys, Mold, Flintshi","£1,125,000",Freehold,4,3
realestate-0212,"Boutique City Fringe Pad Offering Style, Space and Urban Convenience 106/46 SIXTH STREET, BOWDEN","106/46 Sixth Street, Bowden, SA 5007","$415,000 - $445,000",67m² •,1,1
propertyguru-0624,Sims Urban Oasis,10 Sims Drive,"S$ 1,900,000",958,3,2
propertyguru-1411,Nilai Springs Heights,"Jln Nilai Spring Heights, Nilai, Negeri ","RM 3,500,000","70,990 sqft",5,4
zillow-0260,For sale | For sale | For sale | For sale,"124 Clays Ferry Dr, Richmond, KY 40475","$210,000","1,431",2,1
propertyguru-0267,408C Fernvale Road,408C Fernvale Road,"S$ 730,000","1,238",3,2
realestate-0481,Ascend to Urban Elegance: Your Sky-High Oasis Awaits. Welcome to your new home. One of the Largest One Bedroom type in this section of Skytower....,"4209/222 Margaret Street, Brisbane City,",Under Contract,75m² •,1,1
realtor-0372,House for sale | House for sale,"33 Smith Hill Rd, Airmont, NY 10952","$1,850,000","2,977",5,4.5
realtor-1634,Off Market,"776 Forest Ln, Kissimmee, FL 34746",,"1,560",3,2
rightmove-0707,5 bedroom detached house for sale in Hilton Lane,"Hilton Lane, Prestwich, Manchester, M25 ","£795,000",Ask agent,5,2
propertyguru-0689,Jalan Kelawar Bungalow Lot with Plans,Jalan Kelawar,"S$ 18,000,000","4,896",Studio,0
realestate-1569,"Exquisite Urban Living: Rare 2-Bedroom Corner Apartment in the Metropolitan Complex 1403/139 BOURKE STREET, MELBOURNE","1403/139 Bourke Street, Melbourne, Vic 3","$400,0000-$410,000",,2,1
realestate-1692,"Live, Earn and Escape – A One-of-a-Kind Acreage Opportunity 66 DOXAS ROAD, HUMPTY DOO","66 Doxas Road, Humpty Doo, NT 0836","Expressions of Interest from $1,300,000",2.02ha •,6,4
realtor-0290,House for sale | House for sale,"6 Daisy Ln, Commack, NY 11725","$949,999","3,214",4,2.5+
realestate-0415,"EAST FACING ELEGANCE: YOUR HURTLE SQUARE DREAM AWAITS 308/143 HALIFAX STREET, ADELAIDE","308/143 Halifax Street, Adelaide, SA 500",Contact Agent,105m² •,2,2
rightmove-0861,Kitchen/breakfast room,"Lindrick Common, Worksop, Nottinghamshir","£3,750,000",Freehold,6,5
rightmove-1949,4 bedroom detached house for sale in Hutwood Road,"Hutwood Road, Chilworth, Southampton, Ha","£1,200,000",Freehold,4,3
realtor-1183,New Construction,"664 Ackerman St, Louisville, MS 39339","$229,000","1,395",3,2
rightmove-1849,5 bedroom detached house for sale in Bachau,"Bachau, Coedana, Isle of Anglesey, LL71","£875,000",Freehold,5,5
zillow-1660,For sale by owner,"8074 Wolsey Ct, Pasadena, MD 21122","$335,000","1,320",3,3
realestate-1117,"Sophisticated and Stylish West Side City Apartment 704/10 BALFOURS WAY, ADELAIDE","704/10 Balfours Way, Adelaide, SA 5000 1",Contact Agent,,1,1
zillow-1156,New,"2942 E Eastgate Dr, Boise, ID 83716","$800,000","2,339",3,3
realestate-1508,"Sunny, Spacious and Central 77 REDWOOD ROAD, KINGSTON","77 Redwood Road, Kingston, Tas 7050 5 2 ","$895,000",750m² •,5,2
zillow-0039,For sale | For sale | For sale | For sale,"7 Alma Ave, Pembroke, MA 02359","$600,000","2,128",3,3
realtor-0927,House for sale | House for sale,"492 Royal Oak Dr, Pass Christian, MS 395","$215,000","1,790",4,3
realestate-0295,"Contemporary Comfort with Development Potential 156 DUKE STREET, CASTLEMAINE","156 Duke Street, Castlemaine, Vic 3450","$720,000",759m² •,4,1
realestate-1470,"Spacious Two-Bedroom Apartment in Prime Turner Location 9/33 FORBES STREET, TURNER","9/33 Forbes Street, Turner, ACT 2612 2 1","Offers Over $579,000",,2,1
zillow-1925,For sale | For sale | For sale | For sale,"15630 Alta Plz, Peyton, CO 80831","$559,999","3,475",5,4
rightmove-1541,5 bedroom detached house for sale in Cranberry Close,"Cranberry Close, West Bridgford","£750,000",Freehold,5,3
realtor-1514,"Hilliard, FL","4.02 acre lot 4.02 acre lot Rowe Rd, Hil","$84,900",4.02,3,2
propertyguru-1657,R&F Princess Cove Phase 2-Seine Region,"L2-086-A5, Mercu 1Jalan Tanjung Puteri 1","RM 530,000",807,2,2
realtor-1872,Land for sale | Land for sale | For Sale | For Sale,"2 Wilshire Rd Lots 105 & 106BLK, Fairfie","$5,000",0.53,,
propertyguru-0700,44 Bendemeer Road,44 Bendemeer Road,"S$ 470,000",807,3,1
rightmove-0528,6 bedroom detached house for sale in South Meade,"South Meade, Maghull","£625,000",Freehold,6,4
zillow-1722,For sale by owner,"9233 Swinton Ave, North Hills, CA 91343","$799,000","1,479",4,2
realtor-0693,House for sale | House for sale,"1010 W 13th St, San Pedro, CA 90731","$1,288,000","2,015",3,2.5
zillow-0876,Active | Active | Active | Active | For Sale | For Sale,"1565 N Broad St, New Orleans, LA 70119","$282,000","1,160",3,2
realtor-1236,Mobile house for sale | Mobile house for sale,"870 Silver Creek Rd, Crosby, MS 39633","$120,000","1,568",3,2
propertyguru-1370,Damansara City Residency (DC Residensi),"Jalan Damanlela, Damansara Heights, Kual","RM 1,400,000","1,184",2,2
zillow-1860,For sale | For sale | For sale | For sale,"13013 Columbine Ln, Houston, TX 77049","$439,000","4,899",9,8
propertyguru-1474,READY TO MOVE IN [ Below Market Price 30% ] Cash Back Walking Distance To MRT LRT Sunway,"Bandar Sunway, Sunway, Selangor","RM 466,789","1,236",3,2
rightmove-0047,8 bedroom penthouse for sale in Lowndes Square,"Lowndes Square, London, SW1X","£20,995,000",Leasehold,8,4
rightmove-2095,4 bedroom detached house for sale in Woodview Close,"Woodview Close, Bassett, Southampton, SO","£599,950",Freehold,4,1
rightmove-1024,Property for sale in Stanley Street,"Stanley Street, Sheffield, South Yorkshi","£1,900,000",Freehold,,
realtor-0963,Multi-family home for sale | Multi-family home for sale | Multi-family home for sale | Multi-family home for sale,"23110 N Highway 35, Batesville, MS 38606","$480,000",8.8,21,14
propertyguru-0618,Sims Urban Oasis,10 Sims Drive,"S$ 1,900,000",958,3,2
rightmove-0998,5 bedroom house for sale in Fulford Road,"Fulford Road, York, North Yorkshire, YO1","£2,000,000",Freehold,5,4
propertyguru-1222,Pangsapuri Putra Raya,"- Persiaran Pinggiran Putra 2, Taman Pin","RM 118,000",683,3,2
propertyguru-1177,FOREST CITY,"Galeri Jualan Mentari, Presint Aurora, J","RM 1,150,000","2,034",2,2
realtor-1414,For rent | For rent | For rent | For rent | For rent,,"$999 - $1,199",501,1,1
realestate-0718,"The Height of Coastal Living 81 HIGH STREET, SORRENTO","81 High Street, Sorrento, WA 6020 4 2 2 ",All Offers Presented!,,4,2
rightmove-0501,4 bedroom detached house for sale in Druids Cross Gardens,"Druids Cross Gardens, Liverpool","£650,000",Freehold,4,2
rightmove-0585,4 bedroom detached house for sale in Palatine Road,"Palatine Road, Didsbury, M20","£1,500,000",Freehold,4,3
rightmove-1726,Equestrian facility for sale in Northop,"Northop, Mold, Flintshire","£1,250,000",Freehold,5,4
rightmove-1794,5 bedroom detached house for sale in Chester Road,"Chester Road, Marford, Wrexham, LL12","£975,000",Freehold,5,4
zillow-1673,For sale | For sale | For sale | For sale | For Sale | For Sale,"8272 Left Fork Hobble Creek Rd, Springvi","$17,500,000","50,738",6,14
propertyguru-0391,High Park Residences,21 Fernvale Road,"S$ 1,128,800",667,2,2
propertyguru-0918,310B Punggol Walk,310B Punggol Walk,"S$ 733,800",990,3,2
propertyguru-0236,Fyve Derbyshire,5 Derbyshire Road,"S$ 1,500,000",560,2,1
zillow-0884,For sale | For sale | For sale | For sale | For Rent | For Rent,"1609 17th Pl SE #202, Washington, DC 200","$219,900",718,2,1
propertyguru-1663,Lovell @ Country Garden Danga Bay,Jalan Skudai Off Country Garden Danga Ba,"RM 570,000",882,2,2
realestate-1611,Fully Leased Investment Apartment in the Heart of Adelaide. 4 Bedrooms plus study 2 Bathrooms 1 Secure Car Park. On Light Square. 4/155 WAYMOUTH...,"4/155 Waymouth Street, Adelaide, SA 5000",Buyer Range $800K to $880K,,4,2
propertyguru-0803,Kopar At Newton,8 Makeway Avenue,"S$ 4,200,000","1,528",4,3
realestate-1437,"Affordable, Sensational City Lifestyle, Great Return! 905/455 ELIZABETH STREET, MELBOURNE","905/455 Elizabeth Street, Melbourne, Vic","$360,000 - $380,000",,2,1
zillow-1396,For sale by owner,"4603 W 33rd Avenue, Denver, CO 80212","$1,075,000","1,988",4,3
zillow-0362,For sale | For sale | For sale | For sale,"234 North Broadway #302, Milwaukee, WI 5","$275,000",992,2,2
rightmove-0051,4 bedroom flat for sale in Mount Street,"Mount Street, Mayfair, London, W1K, Unit","£20,000,000",Leasehold,4,4
rightmove-1049,7 bedroom detached house for sale in Bank Side,"Bank Side, Brightholmlee, Sheffield, S35","£1,800,000",Freehold,7,5
propertyguru-0465,Hill House,"10A-11 Institution Hill, 10B",Hill House,753,3,2
realtor-1253,Land for sale | Land for sale,"24 Nelson Rd, Poplarville, MS 39470","$219,000",54.11,4,2
realestate-1139,"Designer family home in a Premier Location. 6 CASTLE AVENUE, PROSPECT","6 Castle Avenue, Prospect, SA 5082 4 3 4",Auction Sun 25th May,582m² •,4,3
rightmove-1084,Property for sale in Stonelands Farmyard Cottages,"Stonelands Farmyard Cottages, and Dubb C","£1,700,000",Freehold,4,
realestate-0337,"Spacious Family Home with Modern Comforts! 5 TRAVERS COURT, KATHERINE","5 Travers Court, Katherine, NT 0850 4 2 ","$460,000",802m² •,4,2
realestate-1056,"Where poolside luxury meets lakeside living! 4 KOOYONGA PARADE, DURACK","4 Kooyonga Parade, Durack, NT 0830","Buying Guide $695,000",670m² •,3,2
propertyguru-1390,"Par 3 -Putrajaya, New Developer Unit","Putrajaya, Putrajaya","RM 988,000","1,324",3,3
realestate-1237,"CITY BRILLIANCE WITH AN AFFORDABLE PRICE TAG 3103/31 A'BECKETT STREET, MELBOURNE","3103/31 A'beckett Street, Melbourne, Vic","$275,000 - $300,000",,1,1
zillow-1825,For sale by owner,"11889 Buck Hollow Ct, Gowen, MI 49326","$415,000","2,194",4,3
zillow-0990,Active | Active | Active | Active | For Rent | For Rent,"2074 S Broxon St, Boise, ID 83705","$385,000","1,102",2,2
propertyguru-1522,ALIVA @ Mount Austin,"Taman Setia Indah, Taman Mount Austin, T","RM 445,000",595,2,1
rightmove-0675,1 bedroom flat for sale in Spinners Way,"Spinners Way, Manchester, Manchester","£230,001",Leasehold,1,1
realestate-0170,"A Privilege Few Experience... 1402/443 QUEEN STREET, BRISBANE CITY","1402/443 Queen Street, Brisbane City, Ql","Offers over $1,850,000",11.3m² •,2,2
zillow-1270,For sale by owner,"3662 E Township St, Fayetteville, AR 727","$740,000","3,047",4,4
zillow-1441,For sale | For sale | For sale | For sale,"5101 Long Branch Ln, Edmond, OK 73034","$484,000","2,693",4,3
realtor-1467,House for sale | House for sale,"8204 Fan Palm Way, Kissimmee, FL 34747","$414,990","1,664",3,2
realtor-0617,For rent | For rent | For rent | For rent | For rent,,"$3,250","1,200",2,1
propertyguru-1374,Aricia Residences,"304, 302, Jalan Sungai Besi, Chan Sow Li","RM 379,000","1,100",3,2
propertyguru-0411,D17 Brand New Jalan Loyang Besar,Pasir Ris Downtown East,"S$ 5,120,000","1,862",5,6
realtor-1388,Mobile house for sale | Mobile house for sale,"4318 282nd Ter, Branford, FL 32008","$235,000","2,232",5,3
rightmove-0713,7 bedroom detached house for sale in Devonshire Road,Devonshire Road,"£775,000",Freehold,7,4
rightmove-1981,4 bedroom detached house for sale in Beech Lane,"Beech Lane, Netley","£890,000",Freehold,4,3
rightmove-0640,5 bedroom detached house for sale in 42 Queens Drive,"42 Queens Drive, SK4 3JW","£950,000",Freehold,5,3
realtor-1350,Contingent,"650 NE 32nd St Unit 4405, Miami, FL 3313","$1,055,000","1,151",2,3
rightmove-0179,7 bedroom detached house for sale in The Bishops Avenue Knolehurst,"The Bishops Avenue Knolehurst, London, N","£15,000,000",Freehold,7,7
realestate-1176,"Prestigious Whole-Floor Apartment with Unrivalled Flexibility. Inspection by Appointment. 501/144 SOUTH TERRACE, ADELAIDE","501/144 South Terrace, Adelaide, SA 5000",POA,304.89m² •,3,2
rightmove-1588,5 bedroom detached house for sale in Wollaton Road,"Wollaton Road, Nottingham","£700,000",Freehold,5,2
realtor-1108,Land for sale | Land for sale,"N Wright Ave, Long Beach, MS 39560","$19,500","6,098",3,2
zillow-1928,Off Market,"15924 Cattail Dr, Edmond, OK 73013","$538,000","2,846",4,3
propertyguru-1637,READY MOVE IN [ 0% Down Payment ] Below Market Price 30% Walking Distance To MRT Station KLCC,"Jalan Jaya Putra, Bandar Jaya Putra, Joh","RM 638,000","1,170",4,3
propertyguru-1273,The Conlay,"29 Jalan Conlay, KLCC, KL City Centre, K","RM 1,550,000",743,2,2
realestate-0914,"PRIME FLINDERS STREET COMMERCIAL PROPERTY 1/500 FLINDERS STREET, MELBOURNE","1/500 Flinders Street, Melbourne, Vic 30","$2,000,000 - 2,200,000",,1,1
zillow-0815,For sale by owner,"1343 Crescent Dr, Baton Rouge, LA 70806","$500,000","3,000",4,3
propertyguru-1526,[Walking Distance BRT Condo] Installment RM1700 Rental Up To RM3500,"Bandar Sunway, Sunway, Selangor","RM 401,000",850,3,2
realtor-1314,For rent | For rent | For rent | For rent | For rent,,"$665 - $1,375","675 - 1,194",1 - 3,1 - 2
rightmove-0625,4 bedroom detached house for sale in Altrincham Road,"Altrincham Road, Manchester, M22","£389,995",Ask agent,4,3
propertyguru-0770,The Florence Residences,99 Hougang Avenue 2,"S$ 1,468,888",797,2,2
realtor-0192,House for sale | House for sale,"139 Miller Ave, Amityville, NY 11701","$1,299,999","3,600",5,5
zillow-1223,"Name Phone Email Message I am interested in 3383 Coble To Only Rd, Only, TN 37140.","3383 Coble To Only Rd, Only, TN 37140","$425,000",47.6,--,--
rightmove-0141,7 bedroom terraced house for sale in Hanover Terrace,"Hanover Terrace, Regent's Park, London, ","£16,500,000",Freehold,7,6
realestate-0547,"Lifestyle Opportunity just a short stroll from the Foreshore 5/42 SERGISON CIRCUIT, RAPID CREEK","5/42 Sergison Circuit, Rapid Creek, NT 0",UNDER CONTRACT,,2,1
realestate-1410,"Expressions of Interest close 26 May 5PM 102/184-186 BAY STREET, BRIGHTON",102/184-186 Bay Street,"$580,000 - $630,000",,2,2
propertyguru-0614,Open House! 2-Sty Prime Location,Jalan Senang / Jalan Selamat / Taman Sel,"S$ 4,500,000","2,015",4,3
realtor-0830,Condo for sale | Condo for sale,"4125 S Figueroa St Apt 101, Los Angeles,","$349,000",722,2,1
rightmove-0263,5 bedroom house for sale in Pont Street Mews,"Pont Street Mews, Knightsbridge, London,","£12,950,000",Freehold,5,7
zillow-0424,For sale | For sale | For sale | For sale,"338 Decker Ave, Staten Island, NY 10302","$649,000","1,760",4,2
realestate-1132,"QUALITY HOME WITH SHED, GREAT LOCATION 18 KESTREL DRIVE, SHEPPARTON","18 Kestrel Drive, Shepparton, Vic 3630","$600,000 to $630,000",787m² •,3,2
realestate-1047,"Distinguished 1920s Stone Cottage 21 COTTELL STREET, PORT PIRIE","21 Cottell Street, Port Pirie, SA 5540 3","$379,000",893m² •,3,1
rightmove-0670,4 bedroom semi-detached house for sale in Ellesmere Road,"Ellesmere Road, Chorlton","£875,000",Freehold,4,2
realestate-0387,"Live large in the leafy heart of Pasadena 9 TOOHEY CRESCENT, PASADENA","9 Toohey Crescent, Pasadena, SA 5042 4 3","$1,625,000","1,179m² •",4,3
rightmove-0961,5 bedroom detached house for sale in Foston,"Foston, York, YO60","£2,250,000",Freehold,5,3
rightmove-0755,5 bedroom detached house for sale in Deniston Road,"Deniston Road, Heaton Moor","£725,000",Freehold,5,1
propertyguru-1009,D26 Upper Thomson FREEHOLD Corner Terrace at ONLY $17xx PSF,"Lentor,Lentor Loop,Countryside Road","S$ 9,888,000","5,758",4,4
propertyguru-1497,"TRIA Seputeh in 9 Seputeh, Kuala Lumpur","No.1, Jalan Telok Datok, Off Jalan Klang","RM 1,080,000","1,733",5,3
realestate-0601,"OUTSTANDING ALL ROUNDER BRIMMING WITH EXTRAS 94 KLEINIG DRIVE, HAYBOROUGH","94 Kleinig Drive, Hayborough, SA 5211","$790,000 - $820,000",565m² •,4,2
rightmove-0569,8 bedroom detached house for sale in Alexandra Road South,"Alexandra Road South, Manchester M16 8GF","£1,750,000",Freehold,8,6
realtor-0862,House for sale | House for sale,"1812 W 51st St, Los Angeles, CA 90062","$1,250,000","2,029",5,2
zillow-0010,For sale | For sale | For sale | For sale,"2 Wildwood Rd, Plymouth, MA 02360","$569,900","1,700",3,3
realestate-1035,"Prime Rural Land - A grade Location 68 AYLIFFE ROAD, VIRGINIA","68 Ayliffe Road, Virginia, NT 0834","Price Guide $445,000",1.85ha •,,
zillow-1019,Accepting back-up offers,"2210 Chelsea Dr, Bryant, AR 72022","$170,000","1,603",3,3
realtor-0266,House for sale | House for sale,"183 N Greene Ave, Lindenhurst, NY 11757","$799,990","3,254",7,3
realtor-1770,House for sale | House for sale,"800 Hilltop Dr, Piggott, AR 72454","$210,000","1,612",3,2.5
realestate-0669,"Stunning 2-Bedroom Apartment in Downtown Skytower – Rare Balcony & Breathtaking Views 1201/222 MARGARET ST, BRISBANE CITY","1201/222 Margaret St, Brisbane City, Qld",offer from $799000,105m² •,2,2
rightmove-1485,5 bedroom detached house for sale in Ramsey Drive,"Ramsey Drive, Arnold, Nottinghamshire, N","£850,000",Freehold,5,4
propertyguru-0526,248 Bukit Batok East Avenue 5,248 Bukit Batok East Avenue 5,"S$ 600,000","1,109",3,2
propertyguru-0350,Urban Treasures,205 Jalan Eunos,"S$ 1,400,000",635,2,1
zillow-1300,For sale | For sale | For sale | For sale,"3855 Grand Summit Dr #214-Q1, Park City,","$350,000","1,182",2,2
realestate-0303,"Brand-new harbourside haven with a heavenly view 52A/2 WATERMANS QUAY, BARANGAROO","52a/2 Watermans Quay, Barangaroo, NSW 20",Contact Agent,125m² •,2,2
rightmove-0808,7 bedroom terraced house for sale in Parsonage Road,"Parsonage Road, Manchester, M20","£650,000",Freehold,7,3
realestate-1911,"Convenient open-plan design in the heart of Darwin City! 701/29 DALY STREET, DARWIN CITY","701/29 Daly Street, Darwin City, NT 0800","Offers Over $500,000",154m² •,2,2
propertyguru-1077,SO/ Kuala Lumpur Residences,"No 159, Jalan Ampang, Ampang, Kuala Lump","RM 1,300,000",556,1,1
realtor-1456,Townhouse for sale | Townhouse for sale | Townhouse for sale | Townhouse for sale,"3794 SE 3rd Ct Unit 3794, Homestead, FL ","$410,000","1,566",3,2.5
realestate-1101,"Comfort, Community, and Country Club Views – Welcome to 38 Clubhouse Lane 38 CLUBHOUSE LANE, GNANGARA","38 Clubhouse Lane, Gnangara, WA 6077 3 2",Contact Agent,216m² •,3,2
zillow-0273,For sale by owner,"135 Mackenzie Dr, Pickerington, OH 43147","$499,000","3,207",5,4
zillow-0662,For sale by owner,"875 E Burch Creek Holw, South Ogden, UT ","$874,900","4,514",4,4
realtor-1582,Townhouse for sale | Townhouse for sale | Townhouse for sale | Townhouse for sale,"14174 Oakham St, Tampa, FL 33626","$395,000","1,596",3,2.5
propertyguru-0780,14 Dover Close East,14 Dover Close East,"S$ 1,018,000","1,259",3,2
realtor-1855,House for sale | House for sale,"1040 Sundance Ln, Centerton, AR 72712","$540,000","2,363",3,3
realtor-1914,Land for sale | Land for sale | Bono,"10 County Road 331, Bono, AR 72416","$149,900",10,3,2
zillow-0788,For sale by owner,"1248 W Fletcher St UNIT C, Chicago, IL 6","$675,000","1,650",2,3
rightmove-1867,4 bedroom detached house for sale in Fennant Court,"Fennant Court, Pentre Bychan, Wrexham","£850,000",Freehold,4,3
propertyguru-1722,"M Residence 1, M Residence 2, Rawang, Facing Garden","jln mr 1/18, Bandar Tasik Puteri, Rawang","RM 565,000","2,280",5,5
realestate-0893,"Sophisticated Quality Home on 785m2 Corner block 4 PARAMOUNT DRIVE, WARRAGUL","4 Paramount Drive, Warragul, Vic 3820","$880,000-$930,000",785m² •,4,2
realestate-1278,"Modern spacious living 42 APOLLINE DRIVE, KINGSTON","42 Apolline Drive, Kingston, Tas 7050","Price Guide $795,000 - $850,000",924m² •,3,2
zillow-0255,Active | Active | Active | Active,"120 Audubon Blvd, New Orleans, LA 70118","$4,500,000","9,609",4,8
realestate-0546,"Top Floor Apartment 32B/174 FORREST PARADE, ROSEBERY","32B/174 Forrest Parade, Rosebery, NT 083","$345,000",,2,2
realtor-0835,Condo for sale | Condo for sale,"4501 Cedros Ave Unit 338, Sherman Oaks, ","$528,000",698,1,1
zillow-1079,New | New | New,"2542 N Long Ave, Chicago, IL 60639","$300,000","1,591",3,2
realtor-0672,House for sale | House for sale,"6534 Peach Ave, Van Nuys, CA 91406","$1,099,000","2,736",5,3
rightmove-1450,4 bedroom detached house for sale in Derby Road,"Derby Road, Beeston, Nottingham","£975,000",Freehold,4,3
realtor-1993,Land for sale | Land for sale,"72 Viscara Cir, Hot Springs Village, AR ","$8,000",0.24,Studio,
realtor-1604,Condo for sale | Condo for sale,"3437 NW 44th St Apt 101, Oakland Park, F","$189,000","1,020",2,2
zillow-0478,For sale | For sale | For sale | For sale,"430 Virginian Dr, Christiansburg, VA 240","$319,900","1,344",3,2
rightmove-0127,7 bedroom detached house for sale in Highwood Lodge Farm Estate,"Highwood Lodge Farm Estate, Highwood Hil","£17,000,000",Freehold,7,5
rightmove-0113,7 bedroom detached house for sale in Heath Drive,"Heath Drive, London, NW3","£17,500,000",Freehold,7,7
rightmove-1583,4 bedroom bungalow for sale in Arlington Drive,"Arlington Drive, Mapperley Park","£720,000",Freehold,4,2
propertyguru-0639,Verified Listing,6 Irwell Hill,"S$ 2,000,000",614,2,1
propertyguru-0096,Verified Listing,105B Bidadari Park Drive,"S$ 1,508,888","1,227",3,2
realestate-1370,"Beautiful family home set in a peaceful cul-de-sac. 17 MAULT PLACE, MONASH","17 Mault Place, Monash, ACT 2904",Auction 07/06/2025,"1,014m² •",4,2
realtor-0148,Mobile house for sale | Mobile house for sale,"37 Bircher Ave Lot 4, Hyde Park, NY 1260","$105,000",960,2,1
realestate-0825,"A Family Favourite Near Schools & Parks!! 62 SYNCARPIA STREET, MARSDEN PARK","62 Syncarpia Street, Marsden Park, NSW 2",Just Listed!,,5,2
zillow-1924,Active | Active | Active | Active,"15619 S Blackfoot St, Olathe, KS 66062","$425,000","2,470",3,3
realestate-0195,"Renovation and Development Opportunity (S.T.C.A)! 8 CUMMING DRIVE, HOPPERS CROSSING","8 Cumming Drive, Hoppers Crossing, Vic 3","$500,000 - $550,000",674m² •,3,1
propertyguru-0239,Avenue South Residence,13 Silat Avenue,"S$ 3,680,000","1,496",4,4
propertyguru-0351,❤️ CHEAPEST BRAND NEW 3.5 Sty TERRACE NEAR SEASIDE & DOWNTOWN EAST ❤️ Visit Our Showflat Now!,Pasir Ris,"S$ 5,120,000","1,862",5,6
rightmove-1220,4 bedroom detached house for sale in Wasthill Lane,"Wasthill Lane, Birmingham, B38 9ES","£895,000",Freehold,4,2
propertyguru-0684,Kovan Road,Kovan Road,"S$ 11,300,000","4,384",7,7
rightmove-0358,5 bedroom detached house for sale in Yew Tree Road,"Yew Tree Road, Allerton, Liverpool, L18","£1,000,000",Ask agent,5,4
propertyguru-1915,R&F Princess Cove,"Jalan Tanjung Puteri, Johor Bahru, Johor","RM 850,000","1,081",3,2
rightmove-0913,6 bedroom country house for sale in Healthwaite Hall,"Healthwaite Hall, Weeton Nr Harrogate","£2,700,000",Freehold,6,4
propertyguru-0567,Norwood Grand,10 Champions Way,"S$ 2,616,000","1,313",4,3
propertyguru-1176,The Woodlands Link House @ Horizon Hills,"No 1 Jalan Eka, Horizon Hills, Horizon H","RM 1,150,000","2,060",4,3
rightmove-0339,6 bedroom town house for sale in Rodney Street,"Rodney Street, Georgian Quarter, Liverpo","£1,250,000",Freehold,6,4
rightmove-0609,5 bedroom detached house for sale in Wilbraham Road,"Wilbraham Road, Chorlton, Manchester, M2","£1,250,000",Freehold,5,5
rightmove-1713,3 bedroom detached house for sale in Gannock Park West,"Gannock Park West, Deganwy, LL31","£1,350,000",Freehold,3,3
zillow-1901,For sale by owner,"14499 S River Chase Rd, Herriman, UT 840","$695,000","3,694",6,3
realtor-0739,New Construction,"11916 Saltair Ter, Los Angeles, CA 90049","$10,498,000","5,675",5,5.5
rightmove-1474,3 bedroom semi-detached house for sale in Roosevelt Avenue,"Roosevelt Avenue, Long Eaton, Derbyshire","£300,000",Freehold,3,2
rightmove-1173,4 bedroom detached house for sale in Carpenter Road,"Carpenter Road, Edgbaston, Birmingham, B","£1,075,000",Freehold,4,4
realtor-0013,House for sale | House for sale,"247 Turner Rd, Morrisonville, NY 12962","$89,900","1,232",3,2
realestate-1538,"Stylish, Spacious and Well Situated 28 DUMARESQ STREET, DICKSON","28 Dumaresq Street, Dickson, ACT 2602",Auction 21/05/2025,715m² •,4,3
zillow-1502,For sale by owner,"5815 SW 107th Pl, Miami, FL 33173","$1,885,000","2,842",4,4
rightmove-0738,3 bedroom semi-detached house for sale in Whitelow Road,"Whitelow Road, Chorlton Green","£750,000",Freehold,3,1
propertyguru-1554,"MAPLE RESIDENCE, CORNER LOT, 2STOREY TERRACE WITH FURNISHED","Cyber 11, Cyberjaya, Selangor","RM 1,750,000","2,823",5,4
rightmove-1041,5 bedroom house for sale in Easingwold Road,"Easingwold Road, Stillington","£1,850,000",Freehold,5,2
zillow-1203,For sale | For sale | For sale | For sale,"3269 Barberry Ln, Virginia Beach, VA 234","$399,999","1,991",4,3
propertyguru-0853,132 Edgedale Plains,132 Edgedale Plains,"S$ 645,000",980,3,2
rightmove-0790,5 bedroom end of terrace house for sale in Gawsworth Avenue,"Gawsworth Avenue, Didsbury","£695,000",Freehold,5,3
propertyguru-1468,Meridin East,"Jalan Kong Kong, Pasir Gudang, Johor","RM 428,000","1,595",4,3
realtor-0177,Land for sale | Land for sale,"54 Kreischer St, Staten Island, NY 10309","$2,999,000",1.05,,
propertyguru-1083,Sri Kayangan (Casa Desira),"- Jalan UP 3/2, Ulu Kelang, Selangor","RM 220,000",830,3,2
rightmove-1940,6 bedroom detached house for sale in Hutwood Road,"Hutwood Road, Chilworth, Southampton","£1,500,000",Freehold,6,3
rightmove-1818,3 bedroom detached house for sale in Morfa Bychan,"Morfa Bychan, Nr Borth-Y-Gest, Gwynedd, ","£925,000",Freehold,3,2
realtor-0051,House for sale | House for sale,"43 Lakeshore Rd, Oswego, NY 13126","$575,000","3,611",5,3.5
zillow-0680,For sale | For sale | For sale | For sale,"922 N Serrano Ave, Los Angeles, CA 90029","$699,000",634,1,1
realestate-1487,"A solid, sun-chasing home dialled into Daw Park's perks 1A KINGSTON AVENUE, DAW PARK","1A Kingston Avenue, Daw Park, SA 5041 3 ",$1.05m,618m² •,3,2
zillow-1443,Active | Active | Active | Active,"5120 Monrovia St, Shawnee, KS 66216","$325,000","1,610",3,2
realestate-0888,"Prime Horticultural Investment Not To Be Missed! 100 COLEMAN ROAD, WATERLOO CORNER","100 Coleman Road, Waterloo Corner, SA 51","$1,500,000",2.26ha •,5,2
propertyguru-0143,Hilltop Grove,134A Hillview Avenue,"S$ 1,780,000","1,485",3,2
realestate-1794,"1930's charm with style and potential 12 GREGSON AVENUE, NEW TOWN","12 Gregson Avenue, New Town, Tas 7008","$675,000 plus range",604m² •,2,1
rightmove-0235,7 bedroom detached house for sale in Winnington Road,"Winnington Road, London, N2","£13,750,000",Freehold,,7
zillow-0890,For sale | For sale | For sale | For sale,"1617 Ranch Dr, Springdale, AR 72762","$399,000","2,775",3,3
realtor-1138,House for sale | House for sale,"11 County Road 119, Corinth, MS 38834","$119,900","1,194",3,2
zillow-0771,For sale | For sale | For sale | For sale,"1202 W Wickieup Ln, Phoenix, AZ 85027","$399,000","1,632",3,2
rightmove-1279,Setting the pace in estate agency since 1936 We opened the doors to the first Connells branch more than 80 years ago and have since gone on to become...,"Butlers Courts Lane, BIRMINGHAM","£750,000",Freehold,6,4
zillow-0737,For sale by owner,"1090 Woodspointe Dr SW, Byron Center, MI","$515,000","2,636",5,3
propertyguru-1506,Astana Gemilang,"Jalan AG 1/3, Batu Caves, Selangor","RM 1,650,000","3,500",6,5
zillow-1571,"Electric: Electric, XCEL","6614 Neota Creek Ct, Timnath, CO 80547","$780,000","4,924",4,4
realestate-1733,"Quality Investment With Strong Yield & Capital Growth. 903/347 ANN STREET, BRISBANE CITY","903/347 Ann Street, Brisbane City, Qld 4","Offers Over $480,000!",64m² •,15,1
rightmove-1169,5 bedroom detached house for sale in Billesley Lane,"Billesley Lane, Moseley, Birmingham, B13","£1,100,000",Freehold,5,1
rightmove-1375,4 bedroom detached house for sale in Woodborough,"Woodborough, Nottinghamshire","£7,250,000",Freehold,4,4
realtor-1831,House for sale | House for sale,"965 Greene Road 410, Marmaduke, AR 72443","$124,900",900,1,1
zillow-0468,For sale | For sale | For sale | For sale | For Rent | For Rent,"415 Church St, Iowa City, IA 52245","$295,000","1,472",2,2
realtor-1190,House for sale | House for sale,"7869 Hilo Way, Diamondhead, MS 39525","$315,000","1,950",3,2
rightmove-0831,House for sale in Ripley Castle,"Ripley Castle, Ripley, Harrogate, North ","£15,000,000",Freehold,4,
rightmove-1240,4 bedroom semi-detached house for sale in Harrisons Road,"Harrisons Road, Harborne, Birmingham, B1","£825,000",Freehold,4,3
propertyguru-0497,218 Bukit Batok Street 21,218 Bukit Batok Street 21,"S$ 838,000","1,518",3,2
realestate-1451,"Welcome to 701 Eight Mile Lane, Glenugie – A Rare Lifestyle & Agribusiness Opportunity 701 EIGHT MILE LANE, GLENUGIE","701 Eight Mile Lane, Glenugie, NSW 2460",Contact Agent,2.02ha •,8,4
rightmove-1313,5 bedroom detached house for sale in Highbridge Road,"Highbridge Road, Sutton Coldfield","£725,000",Freehold,5,2
zillow-0090,New construction,"17 Video Ct, Iowa City, IA 52240","$104,900","1,248",3,2
realtor-1972,House for sale | House for sale,"34 County Road 460, Jonesboro, AR 72404","$210,900","1,159",2,2
realtor-1354,Coming soon,"2710 SW 6th St, Boynton Beach, FL 33435","$650,000","1,440",3,2
realestate-1133,"Charming unit with endless potential 5/16 L'ESTRANGE STREET, GLENSIDE","5/16 L'estrange Street, Glenside, SA 506",Best Offer by 2 June at 1pm,64m² •,1,1
propertyguru-1187,"TRIA Seputeh in 9 Seputeh, Kuala Lumpur","No.1, Jalan Telok Datok, Off Jalan Klang","RM 930,000","1,733",4,3
realestate-0768,"Stylish North Terrace Living, Elite Fully Furnished 2-Bedroom Apartment Lifestyle. 903/96 NORTH TERRACE, ADELAIDE","903/96 North Terrace, Adelaide, SA 5000","$470,000 - $500,000",,2,1
realtor-1749,House for sale | House for sale,"819 Hall St, Malvern, AR 72104","$224,000","1,948",3,2
zillow-1252,For sale | For sale | For sale | For sale,"3552 South Pine AVENUE, Milwaukee, WI 53","$370,000","1,248",3,2
zillow-0780,Active | Active | Active | Active,"1218 W Highland View Dr, Boise, ID 83702","$1,100,000","3,028",4,3
realtor-0431,Co-op for sale | Co-op for sale | Co-op for sale | Co-op for sale,"86-10 151st Ave Unit 3F, Howard Beach, N","$350,000","1,400",2,2
zillow-1803,For sale | For sale | For sale | For sale,"11126 Laurel Canyon Blvd, San Fernando, ","$535,000",960,3,2
rightmove-0048,6 bedroom house for sale in Avenue Road,"Avenue Road, St John's Wood, NW8","£20,000,000",Freehold,6,2
propertyguru-1670,Twin Tower Residence,"Jalan Tengku Azizah, Bukit Chagar, Johor","RM 960,000","1,381",3,3
propertyguru-0452,Bloomsbury Residences,61 Media Circle,"S$ 2,170,000",904,3,2
rightmove-0028,12 bedroom terraced house for sale in Queen's Gate,"Queen's Gate, South Kensington SW7","£24,500,000","14,687 sq ft",12,11
rightmove-1995,4 bedroom detached bungalow for sale in Bassett Green Drive,"Bassett Green Drive, Southampton","£800,000",Freehold,4,2
realestate-1216,"NW Facing Modern Three-Bedroom Apartment in the Heart of Rosebery 118/25 ROTHSCHILD AVENUE, ROSEBERY","118/25 Rothschild Avenue, Rosebery, NSW ",Just Listed!,133m² •,3,2
realestate-0607,"Best Home on the Best Street 25 STEDCOMBE STREET, ALAWA","25 Stedcombe Street, Alawa, NT 0810 3 1 ",Price guide 590 K +,817m² •,3,1
rightmove-1445,5 bedroom detached house for sale in Derby Road,"Derby Road, Long Eaton","£995,000",Freehold,5,3
rightmove-0754,4 bedroom town house for sale in Dundreggan Gardens,"Dundreggan Gardens, Didsbury, Manchester","£725,000",Ask agent,4,2
realestate-1073,"1891 Federation Elegance in Coveted West Hobart on 838m2 Allotment with Garage Parking 11 SUMMERHILL ROAD, WEST HOBART","11 Summerhill Road, West Hobart, Tas 700","$1,495,000+",838m² •,4,2
realtor-1062,Land for sale | Land for sale,"Leovy Ave Parcel A, Pass Christian, MS 3","$91,500","7,841",2,2
zillow-1688,For sale | For sale | For sale | For sale,"8640 N Iron Horse Dr, Lake Pt, UT 84074","$699,000","3,485",5,3
propertyguru-0145,445A Clementi Avenue 3,445A Clementi Avenue 3,"S$ 1,300,000","1,001",3,2
rightmove-2028,4 bedroom detached house for sale in Bassett Green Road,"Bassett Green Road, Bassett, Southampton","£700,000",Freehold,4,2
zillow-1580,For sale | For sale | For sale | For sale,"6800 S Ridge Rd E, Geneva, OH 44041","$349,900","3,179",4,4
realestate-1783,"Stylish 2-Bedroom Apartment in Coburg 116/14 NICHOLSON STREET, COBURG","116/14 Nicholson Street, Coburg, Vic 305",Contact Agent,,2,1
propertyguru-1298,Rumah Selangorku【RM220k!!】Instalment Hanya RM900 Below Market Price,"Cyberjaya, Selangor","RM 220,000",600,2,1
rightmove-1748,3 bedroom detached house for sale in Coed Y Graig,"Coed Y Graig, Penymynydd, Chester","£290,000",Freehold,3,2
propertyguru-1961,Eco Spring,"Eco Spring, Jalan Ekoflora 1,Taman Ekofl","RM 1,300,000","2,360",4,5
rightmove-0057,12 bedroom detached house for sale in The Bishops Avenue,"The Bishops Avenue, Hampstead Garden Sub","£20,000,000",Freehold,12,11
realtor-0736,House for sale | House for sale,"800 Brooktree Rd, Pacific Palisades, CA ","$26,500,000","9,708",8,6.5
realtor-2076,House for sale | House for sale,"161 Sycamore Springs Rd, Mountain Home, ","$329,000","2,818",5,3
zillow-1162,For sale | For sale | For sale | For sale | For Sale | For Sale,"3003 North Farwell AVENUE, Milwaukee, WI","$649,000","2,664",5,3
propertyguru-0471,258 Kim Keat Avenue,258 Kim Keat Avenue,"S$ 900,000","1,313",3,2
propertyguru-0578,⭐ONLY $5.X! MOVE-IN! Mins to MRT! 1KM to CHIJ ⭐,"Dairy Farm Road, Jalan Zamrud, Hillview ","S$ 6,200,000","2,879",6,4
zillow-0898,New,"1663 W Farwell Ave, Chicago, IL 60626","$579,000","2,000",3,2
zillow-1119,Off market,"2718 N Nordica Ave, Chicago, IL 60707","$297,700",990,2,1
realestate-0377,"Unbeatable Queenscliff Location 7/9 SYMONDS STREET, QUEENSCLIFF","7/9 Symonds Street, Queenscliff, Vic 322","$650,000 - $695,000",92.1m² •,2,1
zillow-0726,For sale by owner,"1029 Spring Haven Ln, Madisonville, LA 7","$568,000","2,300",5,4
rightmove-1522,4 bedroom town house for sale in Abbey Road,"Abbey Road, West Bridgford, Nottingham, ","£789,995",Freehold,4,3
propertyguru-1046,The Astaka @ 1 Bukit Senyum,"1 1 Bukit Senyum, Jalan Terbau, Johor Ba","RM 2,045,000","2,207",4,4
realestate-1225,"Nest Or Invest 84 GARDENIA AVENUE, EMU PLAINS","84 Gardenia Avenue, Emu Plains, NSW 2750","$899,000 - $949,000",614m² •,3,1
zillow-0353,For sale | For sale | For sale | For sale,"223 Parker St NE, Washington, DC 20002","$695,000",980,2,2
realtor-1774,House for sale | House for sale,"21 Sidlaw Hills Dr, Bella Vista, AR 7271","$340,000","1,803",3,2
realtor-1551,House for sale | House for sale,"10212 Holland Rd, Riverview, FL 33578","$479,500","2,686",4,3
realtor-1197,House for sale | House for sale,"1060 Ed Faye Rd, Pass Christian, MS 3957","$185,000","1,241",3,1
realtor-0717,House for sale | House for sale,"812 W Avenue 37, Los Angeles, CA 90065","$1,995,000","2,160",3,2.5
realestate-1165,"Magnificent Contemporary Masterpiece 59B ORTON STREET, OCEAN GROVE","59B Orton Street, Ocean Grove, Vic 3226",New Price,427m² •,4,3
realestate-1022,"A breath of fresh 'Air' 93/220 GREENHILL ROAD, EASTWOOD","93/220 Greenhill Road, Eastwood, SA 5063",$780k - $840k,116m² •,2,2
realestate-1382,"Single level living and modern convenience in coveted Sandy Bay location 27 NORFOLK CRESCENT, SANDY BAY","27 Norfolk Crescent, Sandy Bay, Tas 7005","$1,300,000+ price range",483m² •,3,2
propertyguru-2041,Setia Alam,"Setia Alam ( Anjung Sari), Setia Alam, S","RM 780,000","2,932",6,5
realestate-0881,"Elevated Vistas & Development Potential 27 SHELMORE DRIVE, OLD BEACH","27 Shelmore Drive, Old Beach, Tas 7017 2","$390,000 Negotiable","2,069m² •",,
propertyguru-1457,The M @ Medini Macrolink,"Persiaran Medini Sentral 1, Medini, Iska","RM 437,000",678,2,1
